ISO-10303-21;
HEADER;
/* Generated by software containing ST-Developer
 * from STEP Tools, Inc. (www.steptools.com) 
 */
/* OPTION: using custom schema-name function */

FILE_DESCRIPTION(
/* description */ (''),
/* implementation_level */ '2;1');

FILE_NAME(
/* name */ '4P-CON~1',
/* time_stamp */ '2026-07-03T00:23:02+08:00',
/* author */ (''),
/* organization */ (''),
/* preprocessor_version */ 'ST-DEVELOPER v15',
/* originating_system */ '',
/* authorisation */ '');

FILE_SCHEMA (('AUTOMOTIVE_DESIGN'));
ENDSEC;

DATA;
#10=SHAPE_REPRESENTATION_RELATIONSHIP('','',#5732,#13);
#11=PRESENTATION_LAYER_ASSIGNMENT('\X2\98848BBE503C\X0\','',(#12));
#12=MANIFOLD_SOLID_BREP('brep_1',#14);
#13=ADVANCED_BREP_SHAPE_REPRESENTATION('brep_rep_0',(#12,#5882),#5731);
#14=CLOSED_SHELL('',(#20,#21,#22,#23,#24,#25,#26,#27,#28,#29,#30,#31,#32,
#33,#34,#35,#36,#37,#38,#39,#40,#41,#42,#43,#44,#45,#46,#47,#48,#49,#50,
#51,#52,#53,#54,#55,#56,#57,#58,#59,#60,#61,#62,#63,#64,#65,#66,#67,#68,
#69,#70,#71,#72,#73,#74,#75,#76,#77,#78,#79,#80,#81,#82,#83,#84,#85,#86,
#87,#88,#89,#90,#91,#92,#93,#94,#95,#96,#97,#98,#99,#100,#101,#102,#103,
#104,#105,#106,#107,#108,#109,#110,#111,#112,#113,#114,#115,#116,#117,#118,
#119,#120,#121,#122,#123,#124,#125,#126,#127,#128,#129,#130,#131,#132,#133,
#134,#135,#136,#137,#138,#139,#140,#141,#142,#143,#144,#145,#146,#147,#148,
#149,#150,#151,#152,#153,#154,#155,#156,#157,#158,#159,#160,#161,#162,#163,
#164,#165,#166,#167,#168,#169,#170,#171,#172,#173,#174,#175,#176,#177,#178,
#179,#180,#181));
#15=FACE_BOUND('',#346,.T.);
#16=FACE_BOUND('',#347,.T.);
#17=FACE_BOUND('',#348,.T.);
#18=FACE_BOUND('',#349,.T.);
#19=FACE_BOUND('',#362,.T.);
#20=ADVANCED_FACE('',(#182),#5566,.T.);
#21=ADVANCED_FACE('',(#183,#15,#16,#17,#18),#5567,.T.);
#22=ADVANCED_FACE('',(#184),#5568,.T.);
#23=ADVANCED_FACE('',(#185),#5569,.T.);
#24=ADVANCED_FACE('',(#186),#5570,.T.);
#25=ADVANCED_FACE('',(#187),#5571,.T.);
#26=ADVANCED_FACE('',(#188),#5572,.T.);
#27=ADVANCED_FACE('',(#189),#5573,.T.);
#28=ADVANCED_FACE('',(#190),#5574,.T.);
#29=ADVANCED_FACE('',(#191),#5575,.T.);
#30=ADVANCED_FACE('',(#192),#5576,.T.);
#31=ADVANCED_FACE('',(#193),#5577,.T.);
#32=ADVANCED_FACE('',(#194),#5578,.T.);
#33=ADVANCED_FACE('',(#195,#19),#5579,.T.);
#34=ADVANCED_FACE('',(#196),#5580,.T.);
#35=ADVANCED_FACE('',(#197),#5581,.T.);
#36=ADVANCED_FACE('',(#198),#5582,.T.);
#37=ADVANCED_FACE('',(#199),#5583,.T.);
#38=ADVANCED_FACE('',(#200),#5584,.T.);
#39=ADVANCED_FACE('',(#201),#5585,.T.);
#40=ADVANCED_FACE('',(#202),#5586,.T.);
#41=ADVANCED_FACE('',(#203),#5587,.T.);
#42=ADVANCED_FACE('',(#204),#5588,.T.);
#43=ADVANCED_FACE('',(#205),#5589,.T.);
#44=ADVANCED_FACE('',(#206),#5590,.T.);
#45=ADVANCED_FACE('',(#207),#5591,.T.);
#46=ADVANCED_FACE('',(#208),#5592,.T.);
#47=ADVANCED_FACE('',(#209),#5593,.T.);
#48=ADVANCED_FACE('',(#210),#5594,.T.);
#49=ADVANCED_FACE('',(#211),#5595,.T.);
#50=ADVANCED_FACE('',(#212),#5596,.T.);
#51=ADVANCED_FACE('',(#213),#5597,.T.);
#52=ADVANCED_FACE('',(#214),#5598,.T.);
#53=ADVANCED_FACE('',(#215),#5599,.T.);
#54=ADVANCED_FACE('',(#216),#5600,.T.);
#55=ADVANCED_FACE('',(#217),#5601,.T.);
#56=ADVANCED_FACE('',(#218),#5602,.T.);
#57=ADVANCED_FACE('',(#219),#5603,.T.);
#58=ADVANCED_FACE('',(#220),#5604,.T.);
#59=ADVANCED_FACE('',(#221),#5605,.T.);
#60=ADVANCED_FACE('',(#222),#5606,.T.);
#61=ADVANCED_FACE('',(#223),#5607,.T.);
#62=ADVANCED_FACE('',(#224),#5608,.T.);
#63=ADVANCED_FACE('',(#225),#5609,.T.);
#64=ADVANCED_FACE('',(#226),#5610,.T.);
#65=ADVANCED_FACE('',(#227),#5611,.T.);
#66=ADVANCED_FACE('',(#228),#5612,.T.);
#67=ADVANCED_FACE('',(#229),#5613,.T.);
#68=ADVANCED_FACE('',(#230),#5614,.T.);
#69=ADVANCED_FACE('',(#231),#5615,.T.);
#70=ADVANCED_FACE('',(#232),#5616,.T.);
#71=ADVANCED_FACE('',(#233),#5617,.T.);
#72=ADVANCED_FACE('',(#234),#5618,.T.);
#73=ADVANCED_FACE('',(#235),#5619,.T.);
#74=ADVANCED_FACE('',(#236),#5620,.T.);
#75=ADVANCED_FACE('',(#237),#5621,.T.);
#76=ADVANCED_FACE('',(#238),#5622,.T.);
#77=ADVANCED_FACE('',(#239),#5623,.T.);
#78=ADVANCED_FACE('',(#240),#5624,.T.);
#79=ADVANCED_FACE('',(#241),#5625,.T.);
#80=ADVANCED_FACE('',(#242),#5626,.T.);
#81=ADVANCED_FACE('',(#243),#5627,.T.);
#82=ADVANCED_FACE('',(#244),#5628,.T.);
#83=ADVANCED_FACE('',(#245),#5629,.T.);
#84=ADVANCED_FACE('',(#246),#5630,.T.);
#85=ADVANCED_FACE('',(#247),#5631,.T.);
#86=ADVANCED_FACE('',(#248),#5632,.T.);
#87=ADVANCED_FACE('',(#249),#5633,.T.);
#88=ADVANCED_FACE('',(#250),#5634,.T.);
#89=ADVANCED_FACE('',(#251),#5635,.T.);
#90=ADVANCED_FACE('',(#252),#5552,.T.);
#91=ADVANCED_FACE('',(#253),#5636,.T.);
#92=ADVANCED_FACE('',(#254),#5637,.T.);
#93=ADVANCED_FACE('',(#255),#5638,.T.);
#94=ADVANCED_FACE('',(#256),#5639,.T.);
#95=ADVANCED_FACE('',(#257),#5640,.T.);
#96=ADVANCED_FACE('',(#258),#5641,.T.);
#97=ADVANCED_FACE('',(#259),#5642,.T.);
#98=ADVANCED_FACE('',(#260),#5643,.T.);
#99=ADVANCED_FACE('',(#261),#5644,.T.);
#100=ADVANCED_FACE('',(#262),#5645,.T.);
#101=ADVANCED_FACE('',(#263),#5646,.T.);
#102=ADVANCED_FACE('',(#264),#5647,.T.);
#103=ADVANCED_FACE('',(#265),#5648,.T.);
#104=ADVANCED_FACE('',(#266),#5649,.T.);
#105=ADVANCED_FACE('',(#267),#5650,.T.);
#106=ADVANCED_FACE('',(#268),#5651,.T.);
#107=ADVANCED_FACE('',(#269),#5553,.T.);
#108=ADVANCED_FACE('',(#270),#5652,.T.);
#109=ADVANCED_FACE('',(#271),#5653,.T.);
#110=ADVANCED_FACE('',(#272),#5554,.T.);
#111=ADVANCED_FACE('',(#273),#5654,.T.);
#112=ADVANCED_FACE('',(#274),#5655,.T.);
#113=ADVANCED_FACE('',(#275),#5656,.T.);
#114=ADVANCED_FACE('',(#276),#5657,.T.);
#115=ADVANCED_FACE('',(#277),#5658,.T.);
#116=ADVANCED_FACE('',(#278),#5659,.T.);
#117=ADVANCED_FACE('',(#279),#5660,.T.);
#118=ADVANCED_FACE('',(#280),#5661,.T.);
#119=ADVANCED_FACE('',(#281),#5662,.T.);
#120=ADVANCED_FACE('',(#282),#5663,.T.);
#121=ADVANCED_FACE('',(#283),#5664,.T.);
#122=ADVANCED_FACE('',(#284),#5665,.T.);
#123=ADVANCED_FACE('',(#285),#5666,.T.);
#124=ADVANCED_FACE('',(#286),#5667,.T.);
#125=ADVANCED_FACE('',(#287),#5668,.T.);
#126=ADVANCED_FACE('',(#288),#5555,.T.);
#127=ADVANCED_FACE('',(#289),#5556,.T.);
#128=ADVANCED_FACE('',(#290),#5557,.T.);
#129=ADVANCED_FACE('',(#291),#5669,.T.);
#130=ADVANCED_FACE('',(#292),#5670,.T.);
#131=ADVANCED_FACE('',(#293),#5671,.T.);
#132=ADVANCED_FACE('',(#294),#5672,.T.);
#133=ADVANCED_FACE('',(#295),#5673,.T.);
#134=ADVANCED_FACE('',(#296),#5674,.T.);
#135=ADVANCED_FACE('',(#297),#5675,.T.);
#136=ADVANCED_FACE('',(#298),#5676,.T.);
#137=ADVANCED_FACE('',(#299),#5677,.T.);
#138=ADVANCED_FACE('',(#300),#5678,.T.);
#139=ADVANCED_FACE('',(#301),#5679,.T.);
#140=ADVANCED_FACE('',(#302),#5680,.T.);
#141=ADVANCED_FACE('',(#303),#5681,.T.);
#142=ADVANCED_FACE('',(#304),#5682,.T.);
#143=ADVANCED_FACE('',(#305),#5683,.T.);
#144=ADVANCED_FACE('',(#306),#5558,.T.);
#145=ADVANCED_FACE('',(#307),#5684,.T.);
#146=ADVANCED_FACE('',(#308),#5685,.T.);
#147=ADVANCED_FACE('',(#309),#5686,.T.);
#148=ADVANCED_FACE('',(#310),#5687,.T.);
#149=ADVANCED_FACE('',(#311),#5688,.T.);
#150=ADVANCED_FACE('',(#312),#5689,.T.);
#151=ADVANCED_FACE('',(#313),#5690,.T.);
#152=ADVANCED_FACE('',(#314),#5691,.T.);
#153=ADVANCED_FACE('',(#315),#5692,.T.);
#154=ADVANCED_FACE('',(#316),#5693,.T.);
#155=ADVANCED_FACE('',(#317),#5694,.T.);
#156=ADVANCED_FACE('',(#318),#5695,.T.);
#157=ADVANCED_FACE('',(#319),#5696,.T.);
#158=ADVANCED_FACE('',(#320),#5697,.T.);
#159=ADVANCED_FACE('',(#321),#5698,.T.);
#160=ADVANCED_FACE('',(#322),#5559,.T.);
#161=ADVANCED_FACE('',(#323),#5699,.T.);
#162=ADVANCED_FACE('',(#324),#5700,.T.);
#163=ADVANCED_FACE('',(#325),#5701,.T.);
#164=ADVANCED_FACE('',(#326),#5702,.T.);
#165=ADVANCED_FACE('',(#327),#5703,.T.);
#166=ADVANCED_FACE('',(#328),#5704,.T.);
#167=ADVANCED_FACE('',(#329),#5705,.T.);
#168=ADVANCED_FACE('',(#330),#5706,.T.);
#169=ADVANCED_FACE('',(#331),#5707,.T.);
#170=ADVANCED_FACE('',(#332),#5708,.T.);
#171=ADVANCED_FACE('',(#333),#5709,.T.);
#172=ADVANCED_FACE('',(#334),#5710,.T.);
#173=ADVANCED_FACE('',(#335),#5711,.T.);
#174=ADVANCED_FACE('',(#336),#5712,.T.);
#175=ADVANCED_FACE('',(#337),#5713,.T.);
#176=ADVANCED_FACE('',(#338),#5560,.T.);
#177=ADVANCED_FACE('',(#339),#5561,.T.);
#178=ADVANCED_FACE('',(#340),#5562,.T.);
#179=ADVANCED_FACE('',(#341),#5563,.T.);
#180=ADVANCED_FACE('',(#342),#5564,.T.);
#181=ADVANCED_FACE('',(#343),#5565,.T.);
#182=FACE_OUTER_BOUND('',#344,.T.);
#183=FACE_OUTER_BOUND('',#345,.T.);
#184=FACE_OUTER_BOUND('',#350,.T.);
#185=FACE_OUTER_BOUND('',#351,.T.);
#186=FACE_OUTER_BOUND('',#352,.T.);
#187=FACE_OUTER_BOUND('',#353,.T.);
#188=FACE_OUTER_BOUND('',#354,.T.);
#189=FACE_OUTER_BOUND('',#355,.T.);
#190=FACE_OUTER_BOUND('',#356,.T.);
#191=FACE_OUTER_BOUND('',#357,.T.);
#192=FACE_OUTER_BOUND('',#358,.T.);
#193=FACE_OUTER_BOUND('',#359,.T.);
#194=FACE_OUTER_BOUND('',#360,.T.);
#195=FACE_OUTER_BOUND('',#361,.T.);
#196=FACE_OUTER_BOUND('',#363,.T.);
#197=FACE_OUTER_BOUND('',#364,.T.);
#198=FACE_OUTER_BOUND('',#365,.T.);
#199=FACE_OUTER_BOUND('',#366,.T.);
#200=FACE_OUTER_BOUND('',#367,.T.);
#201=FACE_OUTER_BOUND('',#368,.T.);
#202=FACE_OUTER_BOUND('',#369,.T.);
#203=FACE_OUTER_BOUND('',#370,.T.);
#204=FACE_OUTER_BOUND('',#371,.T.);
#205=FACE_OUTER_BOUND('',#372,.T.);
#206=FACE_OUTER_BOUND('',#373,.T.);
#207=FACE_OUTER_BOUND('',#374,.T.);
#208=FACE_OUTER_BOUND('',#375,.T.);
#209=FACE_OUTER_BOUND('',#376,.T.);
#210=FACE_OUTER_BOUND('',#377,.T.);
#211=FACE_OUTER_BOUND('',#378,.T.);
#212=FACE_OUTER_BOUND('',#379,.T.);
#213=FACE_OUTER_BOUND('',#380,.T.);
#214=FACE_OUTER_BOUND('',#381,.T.);
#215=FACE_OUTER_BOUND('',#382,.T.);
#216=FACE_OUTER_BOUND('',#383,.T.);
#217=FACE_OUTER_BOUND('',#384,.T.);
#218=FACE_OUTER_BOUND('',#385,.T.);
#219=FACE_OUTER_BOUND('',#386,.T.);
#220=FACE_OUTER_BOUND('',#387,.T.);
#221=FACE_OUTER_BOUND('',#388,.T.);
#222=FACE_OUTER_BOUND('',#389,.T.);
#223=FACE_OUTER_BOUND('',#390,.T.);
#224=FACE_OUTER_BOUND('',#391,.T.);
#225=FACE_OUTER_BOUND('',#392,.T.);
#226=FACE_OUTER_BOUND('',#393,.T.);
#227=FACE_OUTER_BOUND('',#394,.T.);
#228=FACE_OUTER_BOUND('',#395,.T.);
#229=FACE_OUTER_BOUND('',#396,.T.);
#230=FACE_OUTER_BOUND('',#397,.T.);
#231=FACE_OUTER_BOUND('',#398,.T.);
#232=FACE_OUTER_BOUND('',#399,.T.);
#233=FACE_OUTER_BOUND('',#400,.T.);
#234=FACE_OUTER_BOUND('',#401,.T.);
#235=FACE_OUTER_BOUND('',#402,.T.);
#236=FACE_OUTER_BOUND('',#403,.T.);
#237=FACE_OUTER_BOUND('',#404,.T.);
#238=FACE_OUTER_BOUND('',#405,.T.);
#239=FACE_OUTER_BOUND('',#406,.T.);
#240=FACE_OUTER_BOUND('',#407,.T.);
#241=FACE_OUTER_BOUND('',#408,.T.);
#242=FACE_OUTER_BOUND('',#409,.T.);
#243=FACE_OUTER_BOUND('',#410,.T.);
#244=FACE_OUTER_BOUND('',#411,.T.);
#245=FACE_OUTER_BOUND('',#412,.T.);
#246=FACE_OUTER_BOUND('',#413,.T.);
#247=FACE_OUTER_BOUND('',#414,.T.);
#248=FACE_OUTER_BOUND('',#415,.T.);
#249=FACE_OUTER_BOUND('',#416,.T.);
#250=FACE_OUTER_BOUND('',#417,.T.);
#251=FACE_OUTER_BOUND('',#418,.T.);
#252=FACE_OUTER_BOUND('',#419,.T.);
#253=FACE_OUTER_BOUND('',#420,.T.);
#254=FACE_OUTER_BOUND('',#421,.T.);
#255=FACE_OUTER_BOUND('',#422,.T.);
#256=FACE_OUTER_BOUND('',#423,.T.);
#257=FACE_OUTER_BOUND('',#424,.T.);
#258=FACE_OUTER_BOUND('',#425,.T.);
#259=FACE_OUTER_BOUND('',#426,.T.);
#260=FACE_OUTER_BOUND('',#427,.T.);
#261=FACE_OUTER_BOUND('',#428,.T.);
#262=FACE_OUTER_BOUND('',#429,.T.);
#263=FACE_OUTER_BOUND('',#430,.T.);
#264=FACE_OUTER_BOUND('',#431,.T.);
#265=FACE_OUTER_BOUND('',#432,.T.);
#266=FACE_OUTER_BOUND('',#433,.T.);
#267=FACE_OUTER_BOUND('',#434,.T.);
#268=FACE_OUTER_BOUND('',#435,.T.);
#269=FACE_OUTER_BOUND('',#436,.T.);
#270=FACE_OUTER_BOUND('',#437,.T.);
#271=FACE_OUTER_BOUND('',#438,.T.);
#272=FACE_OUTER_BOUND('',#439,.T.);
#273=FACE_OUTER_BOUND('',#440,.T.);
#274=FACE_OUTER_BOUND('',#441,.T.);
#275=FACE_OUTER_BOUND('',#442,.T.);
#276=FACE_OUTER_BOUND('',#443,.T.);
#277=FACE_OUTER_BOUND('',#444,.T.);
#278=FACE_OUTER_BOUND('',#445,.T.);
#279=FACE_OUTER_BOUND('',#446,.T.);
#280=FACE_OUTER_BOUND('',#447,.T.);
#281=FACE_OUTER_BOUND('',#448,.T.);
#282=FACE_OUTER_BOUND('',#449,.T.);
#283=FACE_OUTER_BOUND('',#450,.T.);
#284=FACE_OUTER_BOUND('',#451,.T.);
#285=FACE_OUTER_BOUND('',#452,.T.);
#286=FACE_OUTER_BOUND('',#453,.T.);
#287=FACE_OUTER_BOUND('',#454,.T.);
#288=FACE_OUTER_BOUND('',#455,.T.);
#289=FACE_OUTER_BOUND('',#456,.T.);
#290=FACE_OUTER_BOUND('',#457,.T.);
#291=FACE_OUTER_BOUND('',#458,.T.);
#292=FACE_OUTER_BOUND('',#459,.T.);
#293=FACE_OUTER_BOUND('',#460,.T.);
#294=FACE_OUTER_BOUND('',#461,.T.);
#295=FACE_OUTER_BOUND('',#462,.T.);
#296=FACE_OUTER_BOUND('',#463,.T.);
#297=FACE_OUTER_BOUND('',#464,.T.);
#298=FACE_OUTER_BOUND('',#465,.T.);
#299=FACE_OUTER_BOUND('',#466,.T.);
#300=FACE_OUTER_BOUND('',#467,.T.);
#301=FACE_OUTER_BOUND('',#468,.T.);
#302=FACE_OUTER_BOUND('',#469,.T.);
#303=FACE_OUTER_BOUND('',#470,.T.);
#304=FACE_OUTER_BOUND('',#471,.T.);
#305=FACE_OUTER_BOUND('',#472,.T.);
#306=FACE_OUTER_BOUND('',#473,.T.);
#307=FACE_OUTER_BOUND('',#474,.T.);
#308=FACE_OUTER_BOUND('',#475,.T.);
#309=FACE_OUTER_BOUND('',#476,.T.);
#310=FACE_OUTER_BOUND('',#477,.T.);
#311=FACE_OUTER_BOUND('',#478,.T.);
#312=FACE_OUTER_BOUND('',#479,.T.);
#313=FACE_OUTER_BOUND('',#480,.T.);
#314=FACE_OUTER_BOUND('',#481,.T.);
#315=FACE_OUTER_BOUND('',#482,.T.);
#316=FACE_OUTER_BOUND('',#483,.T.);
#317=FACE_OUTER_BOUND('',#484,.T.);
#318=FACE_OUTER_BOUND('',#485,.T.);
#319=FACE_OUTER_BOUND('',#486,.T.);
#320=FACE_OUTER_BOUND('',#487,.T.);
#321=FACE_OUTER_BOUND('',#488,.T.);
#322=FACE_OUTER_BOUND('',#489,.T.);
#323=FACE_OUTER_BOUND('',#490,.T.);
#324=FACE_OUTER_BOUND('',#491,.T.);
#325=FACE_OUTER_BOUND('',#492,.T.);
#326=FACE_OUTER_BOUND('',#493,.T.);
#327=FACE_OUTER_BOUND('',#494,.T.);
#328=FACE_OUTER_BOUND('',#495,.T.);
#329=FACE_OUTER_BOUND('',#496,.T.);
#330=FACE_OUTER_BOUND('',#497,.T.);
#331=FACE_OUTER_BOUND('',#498,.T.);
#332=FACE_OUTER_BOUND('',#499,.T.);
#333=FACE_OUTER_BOUND('',#500,.T.);
#334=FACE_OUTER_BOUND('',#501,.T.);
#335=FACE_OUTER_BOUND('',#502,.T.);
#336=FACE_OUTER_BOUND('',#503,.T.);
#337=FACE_OUTER_BOUND('',#504,.T.);
#338=FACE_OUTER_BOUND('',#505,.T.);
#339=FACE_OUTER_BOUND('',#506,.T.);
#340=FACE_OUTER_BOUND('',#507,.T.);
#341=FACE_OUTER_BOUND('',#508,.T.);
#342=FACE_OUTER_BOUND('',#509,.T.);
#343=FACE_OUTER_BOUND('',#510,.T.);
#344=EDGE_LOOP('',(#511,#512,#513,#514));
#345=EDGE_LOOP('',(#515,#516,#517,#518,#519,#520,#521,#522,#523,#524));
#346=EDGE_LOOP('',(#525,#526,#527,#528));
#347=EDGE_LOOP('',(#529,#530,#531,#532));
#348=EDGE_LOOP('',(#533,#534,#535,#536));
#349=EDGE_LOOP('',(#537,#538,#539,#540));
#350=EDGE_LOOP('',(#541,#542,#543,#544,#545,#546,#547,#548));
#351=EDGE_LOOP('',(#549,#550,#551,#552,#553,#554,#555,#556));
#352=EDGE_LOOP('',(#557,#558,#559,#560,#561,#562,#563,#564));
#353=EDGE_LOOP('',(#565,#566,#567,#568,#569,#570,#571,#572));
#354=EDGE_LOOP('',(#573,#574,#575,#576,#577,#578,#579,#580));
#355=EDGE_LOOP('',(#581,#582,#583,#584));
#356=EDGE_LOOP('',(#585,#586,#587,#588));
#357=EDGE_LOOP('',(#589,#590,#591,#592));
#358=EDGE_LOOP('',(#593,#594,#595,#596));
#359=EDGE_LOOP('',(#597,#598,#599,#600,#601,#602,#603,#604,#605,#606,#607,
#608));
#360=EDGE_LOOP('',(#609,#610,#611,#612,#613,#614));
#361=EDGE_LOOP('',(#615,#616,#617,#618,#619,#620,#621,#622));
#362=EDGE_LOOP('',(#623,#624,#625,#626,#627,#628,#629,#630,#631,#632,#633,
#634));
#363=EDGE_LOOP('',(#635,#636,#637,#638,#639,#640,#641,#642,#643,#644,#645,
#646,#647,#648,#649,#650,#651,#652,#653,#654,#655,#656,#657,#658,#659,#660,
#661,#662,#663,#664,#665,#666,#667,#668,#669,#670));
#364=EDGE_LOOP('',(#671,#672,#673,#674));
#365=EDGE_LOOP('',(#675,#676,#677,#678));
#366=EDGE_LOOP('',(#679,#680,#681,#682));
#367=EDGE_LOOP('',(#683,#684,#685,#686));
#368=EDGE_LOOP('',(#687,#688,#689,#690));
#369=EDGE_LOOP('',(#691,#692,#693,#694));
#370=EDGE_LOOP('',(#695,#696,#697,#698));
#371=EDGE_LOOP('',(#699,#700,#701,#702,#703,#704,#705,#706));
#372=EDGE_LOOP('',(#707,#708,#709,#710,#711,#712));
#373=EDGE_LOOP('',(#713,#714,#715,#716,#717,#718,#719,#720,#721,#722,#723,
#724));
#374=EDGE_LOOP('',(#725,#726,#727,#728));
#375=EDGE_LOOP('',(#729,#730,#731,#732));
#376=EDGE_LOOP('',(#733,#734,#735,#736));
#377=EDGE_LOOP('',(#737,#738,#739,#740));
#378=EDGE_LOOP('',(#741,#742,#743,#744));
#379=EDGE_LOOP('',(#745,#746,#747,#748));
#380=EDGE_LOOP('',(#749,#750,#751,#752));
#381=EDGE_LOOP('',(#753,#754,#755,#756));
#382=EDGE_LOOP('',(#757,#758,#759,#760));
#383=EDGE_LOOP('',(#761,#762,#763,#764));
#384=EDGE_LOOP('',(#765,#766,#767,#768));
#385=EDGE_LOOP('',(#769,#770,#771,#772));
#386=EDGE_LOOP('',(#773,#774,#775,#776));
#387=EDGE_LOOP('',(#777,#778,#779,#780));
#388=EDGE_LOOP('',(#781,#782,#783,#784));
#389=EDGE_LOOP('',(#785,#786,#787,#788));
#390=EDGE_LOOP('',(#789,#790,#791,#792));
#391=EDGE_LOOP('',(#793,#794,#795,#796));
#392=EDGE_LOOP('',(#797,#798,#799,#800));
#393=EDGE_LOOP('',(#801,#802,#803,#804));
#394=EDGE_LOOP('',(#805,#806,#807,#808));
#395=EDGE_LOOP('',(#809,#810,#811,#812));
#396=EDGE_LOOP('',(#813,#814,#815,#816));
#397=EDGE_LOOP('',(#817,#818,#819,#820));
#398=EDGE_LOOP('',(#821,#822,#823,#824));
#399=EDGE_LOOP('',(#825,#826,#827,#828,#829,#830));
#400=EDGE_LOOP('',(#831,#832,#833,#834));
#401=EDGE_LOOP('',(#835,#836,#837,#838));
#402=EDGE_LOOP('',(#839,#840,#841,#842));
#403=EDGE_LOOP('',(#843,#844,#845,#846));
#404=EDGE_LOOP('',(#847,#848,#849,#850));
#405=EDGE_LOOP('',(#851,#852,#853,#854));
#406=EDGE_LOOP('',(#855,#856,#857,#858,#859,#860,#861,#862));
#407=EDGE_LOOP('',(#863,#864,#865,#866));
#408=EDGE_LOOP('',(#867,#868,#869,#870,#871,#872,#873,#874));
#409=EDGE_LOOP('',(#875,#876,#877,#878));
#410=EDGE_LOOP('',(#879,#880,#881,#882));
#411=EDGE_LOOP('',(#883,#884,#885,#886));
#412=EDGE_LOOP('',(#887,#888,#889,#890));
#413=EDGE_LOOP('',(#891,#892,#893,#894));
#414=EDGE_LOOP('',(#895,#896,#897,#898));
#415=EDGE_LOOP('',(#899,#900,#901,#902));
#416=EDGE_LOOP('',(#903,#904,#905,#906));
#417=EDGE_LOOP('',(#907,#908,#909,#910));
#418=EDGE_LOOP('',(#911,#912,#913,#914));
#419=EDGE_LOOP('',(#915,#916,#917,#918));
#420=EDGE_LOOP('',(#919,#920,#921,#922));
#421=EDGE_LOOP('',(#923,#924,#925,#926,#927,#928,#929,#930));
#422=EDGE_LOOP('',(#931,#932,#933,#934));
#423=EDGE_LOOP('',(#935,#936,#937,#938));
#424=EDGE_LOOP('',(#939,#940,#941,#942,#943,#944));
#425=EDGE_LOOP('',(#945,#946,#947,#948));
#426=EDGE_LOOP('',(#949,#950,#951,#952));
#427=EDGE_LOOP('',(#953,#954,#955,#956));
#428=EDGE_LOOP('',(#957,#958,#959,#960));
#429=EDGE_LOOP('',(#961,#962,#963,#964));
#430=EDGE_LOOP('',(#965,#966,#967,#968));
#431=EDGE_LOOP('',(#969,#970,#971,#972,#973,#974,#975,#976));
#432=EDGE_LOOP('',(#977,#978,#979,#980));
#433=EDGE_LOOP('',(#981,#982,#983,#984,#985,#986,#987,#988));
#434=EDGE_LOOP('',(#989,#990,#991,#992));
#435=EDGE_LOOP('',(#993,#994,#995,#996));
#436=EDGE_LOOP('',(#997,#998,#999,#1000));
#437=EDGE_LOOP('',(#1001,#1002,#1003,#1004,#1005,#1006,#1007,#1008,#1009,
#1010,#1011,#1012,#1013,#1014,#1015,#1016,#1017,#1018,#1019,#1020));
#438=EDGE_LOOP('',(#1021,#1022,#1023,#1024));
#439=EDGE_LOOP('',(#1025,#1026,#1027,#1028));
#440=EDGE_LOOP('',(#1029,#1030,#1031,#1032));
#441=EDGE_LOOP('',(#1033,#1034,#1035,#1036));
#442=EDGE_LOOP('',(#1037,#1038,#1039,#1040));
#443=EDGE_LOOP('',(#1041,#1042,#1043,#1044));
#444=EDGE_LOOP('',(#1045,#1046,#1047,#1048));
#445=EDGE_LOOP('',(#1049,#1050,#1051,#1052));
#446=EDGE_LOOP('',(#1053,#1054,#1055,#1056,#1057,#1058,#1059,#1060,#1061,
#1062));
#447=EDGE_LOOP('',(#1063,#1064,#1065,#1066,#1067,#1068,#1069,#1070,#1071,
#1072));
#448=EDGE_LOOP('',(#1073,#1074,#1075,#1076));
#449=EDGE_LOOP('',(#1077,#1078,#1079,#1080));
#450=EDGE_LOOP('',(#1081,#1082,#1083,#1084));
#451=EDGE_LOOP('',(#1085,#1086,#1087,#1088,#1089,#1090));
#452=EDGE_LOOP('',(#1091,#1092,#1093,#1094,#1095,#1096));
#453=EDGE_LOOP('',(#1097,#1098,#1099,#1100));
#454=EDGE_LOOP('',(#1101,#1102,#1103,#1104));
#455=EDGE_LOOP('',(#1105,#1106,#1107,#1108));
#456=EDGE_LOOP('',(#1109,#1110,#1111,#1112));
#457=EDGE_LOOP('',(#1113,#1114,#1115,#1116));
#458=EDGE_LOOP('',(#1117,#1118,#1119,#1120));
#459=EDGE_LOOP('',(#1121,#1122,#1123,#1124));
#460=EDGE_LOOP('',(#1125,#1126,#1127,#1128));
#461=EDGE_LOOP('',(#1129,#1130,#1131,#1132));
#462=EDGE_LOOP('',(#1133,#1134,#1135,#1136));
#463=EDGE_LOOP('',(#1137,#1138,#1139,#1140));
#464=EDGE_LOOP('',(#1141,#1142,#1143,#1144,#1145,#1146,#1147,#1148,#1149,
#1150));
#465=EDGE_LOOP('',(#1151,#1152,#1153,#1154,#1155,#1156,#1157,#1158,#1159,
#1160));
#466=EDGE_LOOP('',(#1161,#1162,#1163,#1164));
#467=EDGE_LOOP('',(#1165,#1166,#1167,#1168));
#468=EDGE_LOOP('',(#1169,#1170,#1171,#1172));
#469=EDGE_LOOP('',(#1173,#1174,#1175,#1176,#1177,#1178));
#470=EDGE_LOOP('',(#1179,#1180,#1181,#1182,#1183,#1184));
#471=EDGE_LOOP('',(#1185,#1186,#1187,#1188));
#472=EDGE_LOOP('',(#1189,#1190,#1191,#1192));
#473=EDGE_LOOP('',(#1193,#1194,#1195,#1196));
#474=EDGE_LOOP('',(#1197,#1198,#1199,#1200));
#475=EDGE_LOOP('',(#1201,#1202,#1203,#1204));
#476=EDGE_LOOP('',(#1205,#1206,#1207,#1208));
#477=EDGE_LOOP('',(#1209,#1210,#1211,#1212));
#478=EDGE_LOOP('',(#1213,#1214,#1215,#1216));
#479=EDGE_LOOP('',(#1217,#1218,#1219,#1220));
#480=EDGE_LOOP('',(#1221,#1222,#1223,#1224,#1225,#1226,#1227,#1228,#1229,
#1230));
#481=EDGE_LOOP('',(#1231,#1232,#1233,#1234,#1235,#1236,#1237,#1238,#1239,
#1240));
#482=EDGE_LOOP('',(#1241,#1242,#1243,#1244));
#483=EDGE_LOOP('',(#1245,#1246,#1247,#1248));
#484=EDGE_LOOP('',(#1249,#1250,#1251,#1252));
#485=EDGE_LOOP('',(#1253,#1254,#1255,#1256,#1257,#1258));
#486=EDGE_LOOP('',(#1259,#1260,#1261,#1262,#1263,#1264));
#487=EDGE_LOOP('',(#1265,#1266,#1267,#1268));
#488=EDGE_LOOP('',(#1269,#1270,#1271,#1272));
#489=EDGE_LOOP('',(#1273,#1274,#1275,#1276));
#490=EDGE_LOOP('',(#1277,#1278,#1279,#1280));
#491=EDGE_LOOP('',(#1281,#1282,#1283,#1284));
#492=EDGE_LOOP('',(#1285,#1286,#1287,#1288));
#493=EDGE_LOOP('',(#1289,#1290,#1291,#1292));
#494=EDGE_LOOP('',(#1293,#1294,#1295,#1296));
#495=EDGE_LOOP('',(#1297,#1298,#1299,#1300));
#496=EDGE_LOOP('',(#1301,#1302,#1303,#1304,#1305,#1306,#1307,#1308,#1309,
#1310));
#497=EDGE_LOOP('',(#1311,#1312,#1313,#1314,#1315,#1316,#1317,#1318,#1319,
#1320));
#498=EDGE_LOOP('',(#1321,#1322,#1323,#1324));
#499=EDGE_LOOP('',(#1325,#1326,#1327,#1328));
#500=EDGE_LOOP('',(#1329,#1330,#1331,#1332));
#501=EDGE_LOOP('',(#1333,#1334,#1335,#1336,#1337,#1338));
#502=EDGE_LOOP('',(#1339,#1340,#1341,#1342,#1343,#1344));
#503=EDGE_LOOP('',(#1345,#1346,#1347,#1348));
#504=EDGE_LOOP('',(#1349,#1350,#1351,#1352));
#505=EDGE_LOOP('',(#1353,#1354,#1355,#1356));
#506=EDGE_LOOP('',(#1357,#1358,#1359,#1360));
#507=EDGE_LOOP('',(#1361,#1362,#1363,#1364));
#508=EDGE_LOOP('',(#1365,#1366,#1367,#1368));
#509=EDGE_LOOP('',(#1369,#1370,#1371,#1372));
#510=EDGE_LOOP('',(#1373,#1374,#1375,#1376));
#511=ORIENTED_EDGE('',*,*,#3598,.T.);
#512=ORIENTED_EDGE('',*,*,#3599,.T.);
#513=ORIENTED_EDGE('',*,*,#3600,.T.);
#514=ORIENTED_EDGE('',*,*,#3601,.T.);
#515=ORIENTED_EDGE('',*,*,#3602,.T.);
#516=ORIENTED_EDGE('',*,*,#3603,.T.);
#517=ORIENTED_EDGE('',*,*,#3604,.T.);
#518=ORIENTED_EDGE('',*,*,#3605,.T.);
#519=ORIENTED_EDGE('',*,*,#3606,.T.);
#520=ORIENTED_EDGE('',*,*,#3607,.T.);
#521=ORIENTED_EDGE('',*,*,#3608,.T.);
#522=ORIENTED_EDGE('',*,*,#3609,.T.);
#523=ORIENTED_EDGE('',*,*,#3610,.T.);
#524=ORIENTED_EDGE('',*,*,#3600,.F.);
#525=ORIENTED_EDGE('',*,*,#3611,.T.);
#526=ORIENTED_EDGE('',*,*,#3612,.T.);
#527=ORIENTED_EDGE('',*,*,#3613,.T.);
#528=ORIENTED_EDGE('',*,*,#3614,.T.);
#529=ORIENTED_EDGE('',*,*,#3615,.T.);
#530=ORIENTED_EDGE('',*,*,#3616,.T.);
#531=ORIENTED_EDGE('',*,*,#3617,.T.);
#532=ORIENTED_EDGE('',*,*,#3618,.T.);
#533=ORIENTED_EDGE('',*,*,#3619,.T.);
#534=ORIENTED_EDGE('',*,*,#3620,.T.);
#535=ORIENTED_EDGE('',*,*,#3621,.T.);
#536=ORIENTED_EDGE('',*,*,#3622,.T.);
#537=ORIENTED_EDGE('',*,*,#3623,.T.);
#538=ORIENTED_EDGE('',*,*,#3624,.T.);
#539=ORIENTED_EDGE('',*,*,#3625,.T.);
#540=ORIENTED_EDGE('',*,*,#3626,.T.);
#541=ORIENTED_EDGE('',*,*,#3627,.T.);
#542=ORIENTED_EDGE('',*,*,#3628,.T.);
#543=ORIENTED_EDGE('',*,*,#3629,.T.);
#544=ORIENTED_EDGE('',*,*,#3630,.T.);
#545=ORIENTED_EDGE('',*,*,#3631,.T.);
#546=ORIENTED_EDGE('',*,*,#3632,.T.);
#547=ORIENTED_EDGE('',*,*,#3633,.T.);
#548=ORIENTED_EDGE('',*,*,#3634,.T.);
#549=ORIENTED_EDGE('',*,*,#3635,.T.);
#550=ORIENTED_EDGE('',*,*,#3636,.T.);
#551=ORIENTED_EDGE('',*,*,#3637,.T.);
#552=ORIENTED_EDGE('',*,*,#3638,.T.);
#553=ORIENTED_EDGE('',*,*,#3639,.T.);
#554=ORIENTED_EDGE('',*,*,#3640,.T.);
#555=ORIENTED_EDGE('',*,*,#3641,.T.);
#556=ORIENTED_EDGE('',*,*,#3642,.T.);
#557=ORIENTED_EDGE('',*,*,#3643,.T.);
#558=ORIENTED_EDGE('',*,*,#3644,.T.);
#559=ORIENTED_EDGE('',*,*,#3645,.T.);
#560=ORIENTED_EDGE('',*,*,#3646,.T.);
#561=ORIENTED_EDGE('',*,*,#3647,.T.);
#562=ORIENTED_EDGE('',*,*,#3648,.T.);
#563=ORIENTED_EDGE('',*,*,#3649,.T.);
#564=ORIENTED_EDGE('',*,*,#3650,.T.);
#565=ORIENTED_EDGE('',*,*,#3651,.T.);
#566=ORIENTED_EDGE('',*,*,#3652,.T.);
#567=ORIENTED_EDGE('',*,*,#3653,.T.);
#568=ORIENTED_EDGE('',*,*,#3654,.T.);
#569=ORIENTED_EDGE('',*,*,#3655,.T.);
#570=ORIENTED_EDGE('',*,*,#3656,.T.);
#571=ORIENTED_EDGE('',*,*,#3657,.T.);
#572=ORIENTED_EDGE('',*,*,#3658,.T.);
#573=ORIENTED_EDGE('',*,*,#3659,.T.);
#574=ORIENTED_EDGE('',*,*,#3660,.T.);
#575=ORIENTED_EDGE('',*,*,#3661,.T.);
#576=ORIENTED_EDGE('',*,*,#3662,.T.);
#577=ORIENTED_EDGE('',*,*,#3663,.T.);
#578=ORIENTED_EDGE('',*,*,#3664,.T.);
#579=ORIENTED_EDGE('',*,*,#3665,.T.);
#580=ORIENTED_EDGE('',*,*,#3666,.T.);
#581=ORIENTED_EDGE('',*,*,#3661,.F.);
#582=ORIENTED_EDGE('',*,*,#3667,.T.);
#583=ORIENTED_EDGE('',*,*,#3668,.T.);
#584=ORIENTED_EDGE('',*,*,#3669,.T.);
#585=ORIENTED_EDGE('',*,*,#3670,.T.);
#586=ORIENTED_EDGE('',*,*,#3671,.T.);
#587=ORIENTED_EDGE('',*,*,#3659,.F.);
#588=ORIENTED_EDGE('',*,*,#3672,.T.);
#589=ORIENTED_EDGE('',*,*,#3673,.T.);
#590=ORIENTED_EDGE('',*,*,#3674,.T.);
#591=ORIENTED_EDGE('',*,*,#3675,.T.);
#592=ORIENTED_EDGE('',*,*,#3676,.T.);
#593=ORIENTED_EDGE('',*,*,#3677,.T.);
#594=ORIENTED_EDGE('',*,*,#3676,.F.);
#595=ORIENTED_EDGE('',*,*,#3678,.T.);
#596=ORIENTED_EDGE('',*,*,#3679,.T.);
#597=ORIENTED_EDGE('',*,*,#3680,.T.);
#598=ORIENTED_EDGE('',*,*,#3681,.T.);
#599=ORIENTED_EDGE('',*,*,#3682,.T.);
#600=ORIENTED_EDGE('',*,*,#3665,.F.);
#601=ORIENTED_EDGE('',*,*,#3683,.T.);
#602=ORIENTED_EDGE('',*,*,#3684,.T.);
#603=ORIENTED_EDGE('',*,*,#3685,.T.);
#604=ORIENTED_EDGE('',*,*,#3686,.T.);
#605=ORIENTED_EDGE('',*,*,#3687,.T.);
#606=ORIENTED_EDGE('',*,*,#3688,.T.);
#607=ORIENTED_EDGE('',*,*,#3689,.T.);
#608=ORIENTED_EDGE('',*,*,#3690,.T.);
#609=ORIENTED_EDGE('',*,*,#3691,.T.);
#610=ORIENTED_EDGE('',*,*,#3692,.T.);
#611=ORIENTED_EDGE('',*,*,#3693,.T.);
#612=ORIENTED_EDGE('',*,*,#3689,.F.);
#613=ORIENTED_EDGE('',*,*,#3694,.T.);
#614=ORIENTED_EDGE('',*,*,#3695,.T.);
#615=ORIENTED_EDGE('',*,*,#3696,.T.);
#616=ORIENTED_EDGE('',*,*,#3683,.F.);
#617=ORIENTED_EDGE('',*,*,#3664,.F.);
#618=ORIENTED_EDGE('',*,*,#3697,.T.);
#619=ORIENTED_EDGE('',*,*,#3698,.T.);
#620=ORIENTED_EDGE('',*,*,#3699,.T.);
#621=ORIENTED_EDGE('',*,*,#3700,.T.);
#622=ORIENTED_EDGE('',*,*,#3701,.T.);
#623=ORIENTED_EDGE('',*,*,#3702,.T.);
#624=ORIENTED_EDGE('',*,*,#3703,.T.);
#625=ORIENTED_EDGE('',*,*,#3704,.T.);
#626=ORIENTED_EDGE('',*,*,#3705,.T.);
#627=ORIENTED_EDGE('',*,*,#3706,.T.);
#628=ORIENTED_EDGE('',*,*,#3707,.T.);
#629=ORIENTED_EDGE('',*,*,#3708,.T.);
#630=ORIENTED_EDGE('',*,*,#3709,.T.);
#631=ORIENTED_EDGE('',*,*,#3710,.T.);
#632=ORIENTED_EDGE('',*,*,#3711,.T.);
#633=ORIENTED_EDGE('',*,*,#3712,.T.);
#634=ORIENTED_EDGE('',*,*,#3713,.T.);
#635=ORIENTED_EDGE('',*,*,#3714,.T.);
#636=ORIENTED_EDGE('',*,*,#3700,.F.);
#637=ORIENTED_EDGE('',*,*,#3715,.T.);
#638=ORIENTED_EDGE('',*,*,#3716,.T.);
#639=ORIENTED_EDGE('',*,*,#3717,.T.);
#640=ORIENTED_EDGE('',*,*,#3718,.T.);
#641=ORIENTED_EDGE('',*,*,#3719,.T.);
#642=ORIENTED_EDGE('',*,*,#3720,.T.);
#643=ORIENTED_EDGE('',*,*,#3721,.T.);
#644=ORIENTED_EDGE('',*,*,#3652,.F.);
#645=ORIENTED_EDGE('',*,*,#3722,.T.);
#646=ORIENTED_EDGE('',*,*,#3656,.F.);
#647=ORIENTED_EDGE('',*,*,#3723,.T.);
#648=ORIENTED_EDGE('',*,*,#3724,.T.);
#649=ORIENTED_EDGE('',*,*,#3725,.T.);
#650=ORIENTED_EDGE('',*,*,#3644,.F.);
#651=ORIENTED_EDGE('',*,*,#3726,.T.);
#652=ORIENTED_EDGE('',*,*,#3648,.F.);
#653=ORIENTED_EDGE('',*,*,#3727,.T.);
#654=ORIENTED_EDGE('',*,*,#3728,.T.);
#655=ORIENTED_EDGE('',*,*,#3729,.T.);
#656=ORIENTED_EDGE('',*,*,#3636,.F.);
#657=ORIENTED_EDGE('',*,*,#3730,.T.);
#658=ORIENTED_EDGE('',*,*,#3640,.F.);
#659=ORIENTED_EDGE('',*,*,#3731,.T.);
#660=ORIENTED_EDGE('',*,*,#3732,.T.);
#661=ORIENTED_EDGE('',*,*,#3733,.T.);
#662=ORIENTED_EDGE('',*,*,#3628,.F.);
#663=ORIENTED_EDGE('',*,*,#3734,.T.);
#664=ORIENTED_EDGE('',*,*,#3632,.F.);
#665=ORIENTED_EDGE('',*,*,#3735,.T.);
#666=ORIENTED_EDGE('',*,*,#3694,.F.);
#667=ORIENTED_EDGE('',*,*,#3688,.F.);
#668=ORIENTED_EDGE('',*,*,#3736,.T.);
#669=ORIENTED_EDGE('',*,*,#3737,.T.);
#670=ORIENTED_EDGE('',*,*,#3679,.F.);
#671=ORIENTED_EDGE('',*,*,#3738,.T.);
#672=ORIENTED_EDGE('',*,*,#3739,.T.);
#673=ORIENTED_EDGE('',*,*,#3724,.F.);
#674=ORIENTED_EDGE('',*,*,#3740,.T.);
#675=ORIENTED_EDGE('',*,*,#3741,.T.);
#676=ORIENTED_EDGE('',*,*,#3742,.T.);
#677=ORIENTED_EDGE('',*,*,#3728,.F.);
#678=ORIENTED_EDGE('',*,*,#3743,.T.);
#679=ORIENTED_EDGE('',*,*,#3744,.T.);
#680=ORIENTED_EDGE('',*,*,#3745,.T.);
#681=ORIENTED_EDGE('',*,*,#3732,.F.);
#682=ORIENTED_EDGE('',*,*,#3746,.T.);
#683=ORIENTED_EDGE('',*,*,#3716,.F.);
#684=ORIENTED_EDGE('',*,*,#3747,.T.);
#685=ORIENTED_EDGE('',*,*,#3748,.T.);
#686=ORIENTED_EDGE('',*,*,#3749,.T.);
#687=ORIENTED_EDGE('',*,*,#3750,.T.);
#688=ORIENTED_EDGE('',*,*,#3751,.T.);
#689=ORIENTED_EDGE('',*,*,#3718,.F.);
#690=ORIENTED_EDGE('',*,*,#3752,.T.);
#691=ORIENTED_EDGE('',*,*,#3748,.F.);
#692=ORIENTED_EDGE('',*,*,#3753,.T.);
#693=ORIENTED_EDGE('',*,*,#3754,.T.);
#694=ORIENTED_EDGE('',*,*,#3755,.T.);
#695=ORIENTED_EDGE('',*,*,#3756,.T.);
#696=ORIENTED_EDGE('',*,*,#3757,.T.);
#697=ORIENTED_EDGE('',*,*,#3750,.F.);
#698=ORIENTED_EDGE('',*,*,#3758,.T.);
#699=ORIENTED_EDGE('',*,*,#3754,.F.);
#700=ORIENTED_EDGE('',*,*,#3759,.T.);
#701=ORIENTED_EDGE('',*,*,#3760,.T.);
#702=ORIENTED_EDGE('',*,*,#3761,.T.);
#703=ORIENTED_EDGE('',*,*,#3756,.F.);
#704=ORIENTED_EDGE('',*,*,#3762,.T.);
#705=ORIENTED_EDGE('',*,*,#3763,.T.);
#706=ORIENTED_EDGE('',*,*,#3764,.T.);
#707=ORIENTED_EDGE('',*,*,#3765,.T.);
#708=ORIENTED_EDGE('',*,*,#3766,.T.);
#709=ORIENTED_EDGE('',*,*,#3720,.F.);
#710=ORIENTED_EDGE('',*,*,#3767,.T.);
#711=ORIENTED_EDGE('',*,*,#3768,.T.);
#712=ORIENTED_EDGE('',*,*,#3769,.T.);
#713=ORIENTED_EDGE('',*,*,#3770,.T.);
#714=ORIENTED_EDGE('',*,*,#3771,.T.);
#715=ORIENTED_EDGE('',*,*,#3772,.T.);
#716=ORIENTED_EDGE('',*,*,#3773,.T.);
#717=ORIENTED_EDGE('',*,*,#3767,.F.);
#718=ORIENTED_EDGE('',*,*,#3719,.F.);
#719=ORIENTED_EDGE('',*,*,#3751,.F.);
#720=ORIENTED_EDGE('',*,*,#3757,.F.);
#721=ORIENTED_EDGE('',*,*,#3761,.F.);
#722=ORIENTED_EDGE('',*,*,#3774,.T.);
#723=ORIENTED_EDGE('',*,*,#3697,.F.);
#724=ORIENTED_EDGE('',*,*,#3663,.F.);
#725=ORIENTED_EDGE('',*,*,#3775,.T.);
#726=ORIENTED_EDGE('',*,*,#3776,.T.);
#727=ORIENTED_EDGE('',*,*,#3599,.F.);
#728=ORIENTED_EDGE('',*,*,#3777,.T.);
#729=ORIENTED_EDGE('',*,*,#3778,.T.);
#730=ORIENTED_EDGE('',*,*,#3777,.F.);
#731=ORIENTED_EDGE('',*,*,#3598,.F.);
#732=ORIENTED_EDGE('',*,*,#3779,.T.);
#733=ORIENTED_EDGE('',*,*,#3780,.T.);
#734=ORIENTED_EDGE('',*,*,#3779,.F.);
#735=ORIENTED_EDGE('',*,*,#3601,.F.);
#736=ORIENTED_EDGE('',*,*,#3781,.T.);
#737=ORIENTED_EDGE('',*,*,#3782,.T.);
#738=ORIENTED_EDGE('',*,*,#3781,.F.);
#739=ORIENTED_EDGE('',*,*,#3610,.F.);
#740=ORIENTED_EDGE('',*,*,#3783,.T.);
#741=ORIENTED_EDGE('',*,*,#3784,.T.);
#742=ORIENTED_EDGE('',*,*,#3783,.F.);
#743=ORIENTED_EDGE('',*,*,#3609,.F.);
#744=ORIENTED_EDGE('',*,*,#3785,.T.);
#745=ORIENTED_EDGE('',*,*,#3786,.T.);
#746=ORIENTED_EDGE('',*,*,#3785,.F.);
#747=ORIENTED_EDGE('',*,*,#3608,.F.);
#748=ORIENTED_EDGE('',*,*,#3787,.T.);
#749=ORIENTED_EDGE('',*,*,#3788,.T.);
#750=ORIENTED_EDGE('',*,*,#3787,.F.);
#751=ORIENTED_EDGE('',*,*,#3607,.F.);
#752=ORIENTED_EDGE('',*,*,#3789,.T.);
#753=ORIENTED_EDGE('',*,*,#3790,.T.);
#754=ORIENTED_EDGE('',*,*,#3789,.F.);
#755=ORIENTED_EDGE('',*,*,#3606,.F.);
#756=ORIENTED_EDGE('',*,*,#3791,.T.);
#757=ORIENTED_EDGE('',*,*,#3792,.T.);
#758=ORIENTED_EDGE('',*,*,#3791,.F.);
#759=ORIENTED_EDGE('',*,*,#3605,.F.);
#760=ORIENTED_EDGE('',*,*,#3793,.T.);
#761=ORIENTED_EDGE('',*,*,#3794,.T.);
#762=ORIENTED_EDGE('',*,*,#3793,.F.);
#763=ORIENTED_EDGE('',*,*,#3604,.F.);
#764=ORIENTED_EDGE('',*,*,#3795,.T.);
#765=ORIENTED_EDGE('',*,*,#3796,.T.);
#766=ORIENTED_EDGE('',*,*,#3795,.F.);
#767=ORIENTED_EDGE('',*,*,#3603,.F.);
#768=ORIENTED_EDGE('',*,*,#3797,.T.);
#769=ORIENTED_EDGE('',*,*,#3798,.T.);
#770=ORIENTED_EDGE('',*,*,#3797,.F.);
#771=ORIENTED_EDGE('',*,*,#3602,.F.);
#772=ORIENTED_EDGE('',*,*,#3776,.F.);
#773=ORIENTED_EDGE('',*,*,#3708,.F.);
#774=ORIENTED_EDGE('',*,*,#3799,.T.);
#775=ORIENTED_EDGE('',*,*,#3775,.F.);
#776=ORIENTED_EDGE('',*,*,#3800,.T.);
#777=ORIENTED_EDGE('',*,*,#3707,.F.);
#778=ORIENTED_EDGE('',*,*,#3801,.T.);
#779=ORIENTED_EDGE('',*,*,#3798,.F.);
#780=ORIENTED_EDGE('',*,*,#3799,.F.);
#781=ORIENTED_EDGE('',*,*,#3778,.F.);
#782=ORIENTED_EDGE('',*,*,#3802,.T.);
#783=ORIENTED_EDGE('',*,*,#3709,.F.);
#784=ORIENTED_EDGE('',*,*,#3800,.F.);
#785=ORIENTED_EDGE('',*,*,#3706,.F.);
#786=ORIENTED_EDGE('',*,*,#3803,.T.);
#787=ORIENTED_EDGE('',*,*,#3796,.F.);
#788=ORIENTED_EDGE('',*,*,#3801,.F.);
#789=ORIENTED_EDGE('',*,*,#3780,.F.);
#790=ORIENTED_EDGE('',*,*,#3804,.T.);
#791=ORIENTED_EDGE('',*,*,#3710,.F.);
#792=ORIENTED_EDGE('',*,*,#3802,.F.);
#793=ORIENTED_EDGE('',*,*,#3705,.F.);
#794=ORIENTED_EDGE('',*,*,#3805,.T.);
#795=ORIENTED_EDGE('',*,*,#3794,.F.);
#796=ORIENTED_EDGE('',*,*,#3803,.F.);
#797=ORIENTED_EDGE('',*,*,#3782,.F.);
#798=ORIENTED_EDGE('',*,*,#3806,.T.);
#799=ORIENTED_EDGE('',*,*,#3711,.F.);
#800=ORIENTED_EDGE('',*,*,#3804,.F.);
#801=ORIENTED_EDGE('',*,*,#3704,.F.);
#802=ORIENTED_EDGE('',*,*,#3807,.T.);
#803=ORIENTED_EDGE('',*,*,#3792,.F.);
#804=ORIENTED_EDGE('',*,*,#3805,.F.);
#805=ORIENTED_EDGE('',*,*,#3784,.F.);
#806=ORIENTED_EDGE('',*,*,#3808,.T.);
#807=ORIENTED_EDGE('',*,*,#3712,.F.);
#808=ORIENTED_EDGE('',*,*,#3806,.F.);
#809=ORIENTED_EDGE('',*,*,#3703,.F.);
#810=ORIENTED_EDGE('',*,*,#3809,.T.);
#811=ORIENTED_EDGE('',*,*,#3790,.F.);
#812=ORIENTED_EDGE('',*,*,#3807,.F.);
#813=ORIENTED_EDGE('',*,*,#3786,.F.);
#814=ORIENTED_EDGE('',*,*,#3810,.T.);
#815=ORIENTED_EDGE('',*,*,#3713,.F.);
#816=ORIENTED_EDGE('',*,*,#3808,.F.);
#817=ORIENTED_EDGE('',*,*,#3702,.F.);
#818=ORIENTED_EDGE('',*,*,#3810,.F.);
#819=ORIENTED_EDGE('',*,*,#3788,.F.);
#820=ORIENTED_EDGE('',*,*,#3809,.F.);
#821=ORIENTED_EDGE('',*,*,#3760,.F.);
#822=ORIENTED_EDGE('',*,*,#3811,.T.);
#823=ORIENTED_EDGE('',*,*,#3698,.F.);
#824=ORIENTED_EDGE('',*,*,#3774,.F.);
#825=ORIENTED_EDGE('',*,*,#3699,.F.);
#826=ORIENTED_EDGE('',*,*,#3811,.F.);
#827=ORIENTED_EDGE('',*,*,#3759,.F.);
#828=ORIENTED_EDGE('',*,*,#3753,.F.);
#829=ORIENTED_EDGE('',*,*,#3747,.F.);
#830=ORIENTED_EDGE('',*,*,#3715,.F.);
#831=ORIENTED_EDGE('',*,*,#3662,.F.);
#832=ORIENTED_EDGE('',*,*,#3669,.F.);
#833=ORIENTED_EDGE('',*,*,#3812,.T.);
#834=ORIENTED_EDGE('',*,*,#3770,.F.);
#835=ORIENTED_EDGE('',*,*,#3812,.F.);
#836=ORIENTED_EDGE('',*,*,#3668,.F.);
#837=ORIENTED_EDGE('',*,*,#3813,.T.);
#838=ORIENTED_EDGE('',*,*,#3771,.F.);
#839=ORIENTED_EDGE('',*,*,#3813,.F.);
#840=ORIENTED_EDGE('',*,*,#3814,.T.);
#841=ORIENTED_EDGE('',*,*,#3815,.T.);
#842=ORIENTED_EDGE('',*,*,#3772,.F.);
#843=ORIENTED_EDGE('',*,*,#3815,.F.);
#844=ORIENTED_EDGE('',*,*,#3816,.T.);
#845=ORIENTED_EDGE('',*,*,#3768,.F.);
#846=ORIENTED_EDGE('',*,*,#3773,.F.);
#847=ORIENTED_EDGE('',*,*,#3817,.T.);
#848=ORIENTED_EDGE('',*,*,#3769,.F.);
#849=ORIENTED_EDGE('',*,*,#3816,.F.);
#850=ORIENTED_EDGE('',*,*,#3814,.F.);
#851=ORIENTED_EDGE('',*,*,#3717,.F.);
#852=ORIENTED_EDGE('',*,*,#3818,.T.);
#853=ORIENTED_EDGE('',*,*,#3819,.T.);
#854=ORIENTED_EDGE('',*,*,#3820,.T.);
#855=ORIENTED_EDGE('',*,*,#3821,.T.);
#856=ORIENTED_EDGE('',*,*,#3822,.T.);
#857=ORIENTED_EDGE('',*,*,#3818,.F.);
#858=ORIENTED_EDGE('',*,*,#3749,.F.);
#859=ORIENTED_EDGE('',*,*,#3755,.F.);
#860=ORIENTED_EDGE('',*,*,#3764,.F.);
#861=ORIENTED_EDGE('',*,*,#3823,.T.);
#862=ORIENTED_EDGE('',*,*,#3824,.T.);
#863=ORIENTED_EDGE('',*,*,#3763,.F.);
#864=ORIENTED_EDGE('',*,*,#3825,.T.);
#865=ORIENTED_EDGE('',*,*,#3826,.T.);
#866=ORIENTED_EDGE('',*,*,#3823,.F.);
#867=ORIENTED_EDGE('',*,*,#3827,.T.);
#868=ORIENTED_EDGE('',*,*,#3828,.T.);
#869=ORIENTED_EDGE('',*,*,#3825,.F.);
#870=ORIENTED_EDGE('',*,*,#3762,.F.);
#871=ORIENTED_EDGE('',*,*,#3758,.F.);
#872=ORIENTED_EDGE('',*,*,#3752,.F.);
#873=ORIENTED_EDGE('',*,*,#3820,.F.);
#874=ORIENTED_EDGE('',*,*,#3829,.T.);
#875=ORIENTED_EDGE('',*,*,#3830,.T.);
#876=ORIENTED_EDGE('',*,*,#3829,.F.);
#877=ORIENTED_EDGE('',*,*,#3819,.F.);
#878=ORIENTED_EDGE('',*,*,#3822,.F.);
#879=ORIENTED_EDGE('',*,*,#3828,.F.);
#880=ORIENTED_EDGE('',*,*,#3831,.T.);
#881=ORIENTED_EDGE('',*,*,#3824,.F.);
#882=ORIENTED_EDGE('',*,*,#3826,.F.);
#883=ORIENTED_EDGE('',*,*,#3832,.T.);
#884=ORIENTED_EDGE('',*,*,#3746,.F.);
#885=ORIENTED_EDGE('',*,*,#3731,.F.);
#886=ORIENTED_EDGE('',*,*,#3639,.F.);
#887=ORIENTED_EDGE('',*,*,#3833,.T.);
#888=ORIENTED_EDGE('',*,*,#3637,.F.);
#889=ORIENTED_EDGE('',*,*,#3729,.F.);
#890=ORIENTED_EDGE('',*,*,#3742,.F.);
#891=ORIENTED_EDGE('',*,*,#3834,.T.);
#892=ORIENTED_EDGE('',*,*,#3743,.F.);
#893=ORIENTED_EDGE('',*,*,#3727,.F.);
#894=ORIENTED_EDGE('',*,*,#3647,.F.);
#895=ORIENTED_EDGE('',*,*,#3835,.T.);
#896=ORIENTED_EDGE('',*,*,#3645,.F.);
#897=ORIENTED_EDGE('',*,*,#3725,.F.);
#898=ORIENTED_EDGE('',*,*,#3739,.F.);
#899=ORIENTED_EDGE('',*,*,#3836,.T.);
#900=ORIENTED_EDGE('',*,*,#3740,.F.);
#901=ORIENTED_EDGE('',*,*,#3723,.F.);
#902=ORIENTED_EDGE('',*,*,#3655,.F.);
#903=ORIENTED_EDGE('',*,*,#3837,.T.);
#904=ORIENTED_EDGE('',*,*,#3653,.F.);
#905=ORIENTED_EDGE('',*,*,#3721,.F.);
#906=ORIENTED_EDGE('',*,*,#3766,.F.);
#907=ORIENTED_EDGE('',*,*,#3838,.T.);
#908=ORIENTED_EDGE('',*,*,#3695,.F.);
#909=ORIENTED_EDGE('',*,*,#3735,.F.);
#910=ORIENTED_EDGE('',*,*,#3631,.F.);
#911=ORIENTED_EDGE('',*,*,#3839,.T.);
#912=ORIENTED_EDGE('',*,*,#3629,.F.);
#913=ORIENTED_EDGE('',*,*,#3733,.F.);
#914=ORIENTED_EDGE('',*,*,#3745,.F.);
#915=ORIENTED_EDGE('',*,*,#3827,.F.);
#916=ORIENTED_EDGE('',*,*,#3830,.F.);
#917=ORIENTED_EDGE('',*,*,#3821,.F.);
#918=ORIENTED_EDGE('',*,*,#3831,.F.);
#919=ORIENTED_EDGE('',*,*,#3684,.F.);
#920=ORIENTED_EDGE('',*,*,#3696,.F.);
#921=ORIENTED_EDGE('',*,*,#3840,.T.);
#922=ORIENTED_EDGE('',*,*,#3841,.T.);
#923=ORIENTED_EDGE('',*,*,#3842,.T.);
#924=ORIENTED_EDGE('',*,*,#3843,.T.);
#925=ORIENTED_EDGE('',*,*,#3844,.T.);
#926=ORIENTED_EDGE('',*,*,#3845,.T.);
#927=ORIENTED_EDGE('',*,*,#3685,.F.);
#928=ORIENTED_EDGE('',*,*,#3841,.F.);
#929=ORIENTED_EDGE('',*,*,#3846,.T.);
#930=ORIENTED_EDGE('',*,*,#3674,.F.);
#931=ORIENTED_EDGE('',*,*,#3847,.T.);
#932=ORIENTED_EDGE('',*,*,#3848,.T.);
#933=ORIENTED_EDGE('',*,*,#3686,.F.);
#934=ORIENTED_EDGE('',*,*,#3845,.F.);
#935=ORIENTED_EDGE('',*,*,#3849,.T.);
#936=ORIENTED_EDGE('',*,*,#3736,.F.);
#937=ORIENTED_EDGE('',*,*,#3687,.F.);
#938=ORIENTED_EDGE('',*,*,#3848,.F.);
#939=ORIENTED_EDGE('',*,*,#3701,.F.);
#940=ORIENTED_EDGE('',*,*,#3714,.F.);
#941=ORIENTED_EDGE('',*,*,#3678,.F.);
#942=ORIENTED_EDGE('',*,*,#3675,.F.);
#943=ORIENTED_EDGE('',*,*,#3846,.F.);
#944=ORIENTED_EDGE('',*,*,#3840,.F.);
#945=ORIENTED_EDGE('',*,*,#3690,.F.);
#946=ORIENTED_EDGE('',*,*,#3693,.F.);
#947=ORIENTED_EDGE('',*,*,#3850,.T.);
#948=ORIENTED_EDGE('',*,*,#3851,.T.);
#949=ORIENTED_EDGE('',*,*,#3680,.F.);
#950=ORIENTED_EDGE('',*,*,#3851,.F.);
#951=ORIENTED_EDGE('',*,*,#3852,.T.);
#952=ORIENTED_EDGE('',*,*,#3853,.T.);
#953=ORIENTED_EDGE('',*,*,#3681,.F.);
#954=ORIENTED_EDGE('',*,*,#3853,.F.);
#955=ORIENTED_EDGE('',*,*,#3670,.F.);
#956=ORIENTED_EDGE('',*,*,#3854,.T.);
#957=ORIENTED_EDGE('',*,*,#3682,.F.);
#958=ORIENTED_EDGE('',*,*,#3854,.F.);
#959=ORIENTED_EDGE('',*,*,#3672,.F.);
#960=ORIENTED_EDGE('',*,*,#3666,.F.);
#961=ORIENTED_EDGE('',*,*,#3855,.T.);
#962=ORIENTED_EDGE('',*,*,#3852,.F.);
#963=ORIENTED_EDGE('',*,*,#3850,.F.);
#964=ORIENTED_EDGE('',*,*,#3692,.F.);
#965=ORIENTED_EDGE('',*,*,#3737,.F.);
#966=ORIENTED_EDGE('',*,*,#3856,.T.);
#967=ORIENTED_EDGE('',*,*,#3857,.T.);
#968=ORIENTED_EDGE('',*,*,#3858,.T.);
#969=ORIENTED_EDGE('',*,*,#3859,.T.);
#970=ORIENTED_EDGE('',*,*,#3860,.T.);
#971=ORIENTED_EDGE('',*,*,#3861,.T.);
#972=ORIENTED_EDGE('',*,*,#3862,.T.);
#973=ORIENTED_EDGE('',*,*,#3842,.F.);
#974=ORIENTED_EDGE('',*,*,#3673,.F.);
#975=ORIENTED_EDGE('',*,*,#3677,.F.);
#976=ORIENTED_EDGE('',*,*,#3858,.F.);
#977=ORIENTED_EDGE('',*,*,#3863,.T.);
#978=ORIENTED_EDGE('',*,*,#3864,.T.);
#979=ORIENTED_EDGE('',*,*,#3859,.F.);
#980=ORIENTED_EDGE('',*,*,#3857,.F.);
#981=ORIENTED_EDGE('',*,*,#3865,.T.);
#982=ORIENTED_EDGE('',*,*,#3866,.T.);
#983=ORIENTED_EDGE('',*,*,#3863,.F.);
#984=ORIENTED_EDGE('',*,*,#3856,.F.);
#985=ORIENTED_EDGE('',*,*,#3849,.F.);
#986=ORIENTED_EDGE('',*,*,#3847,.F.);
#987=ORIENTED_EDGE('',*,*,#3844,.F.);
#988=ORIENTED_EDGE('',*,*,#3867,.T.);
#989=ORIENTED_EDGE('',*,*,#3867,.F.);
#990=ORIENTED_EDGE('',*,*,#3843,.F.);
#991=ORIENTED_EDGE('',*,*,#3862,.F.);
#992=ORIENTED_EDGE('',*,*,#3868,.T.);
#993=ORIENTED_EDGE('',*,*,#3861,.F.);
#994=ORIENTED_EDGE('',*,*,#3869,.T.);
#995=ORIENTED_EDGE('',*,*,#3865,.F.);
#996=ORIENTED_EDGE('',*,*,#3868,.F.);
#997=ORIENTED_EDGE('',*,*,#3866,.F.);
#998=ORIENTED_EDGE('',*,*,#3869,.F.);
#999=ORIENTED_EDGE('',*,*,#3860,.F.);
#1000=ORIENTED_EDGE('',*,*,#3864,.F.);
#1001=ORIENTED_EDGE('',*,*,#3833,.F.);
#1002=ORIENTED_EDGE('',*,*,#3741,.F.);
#1003=ORIENTED_EDGE('',*,*,#3834,.F.);
#1004=ORIENTED_EDGE('',*,*,#3646,.F.);
#1005=ORIENTED_EDGE('',*,*,#3835,.F.);
#1006=ORIENTED_EDGE('',*,*,#3738,.F.);
#1007=ORIENTED_EDGE('',*,*,#3836,.F.);
#1008=ORIENTED_EDGE('',*,*,#3654,.F.);
#1009=ORIENTED_EDGE('',*,*,#3837,.F.);
#1010=ORIENTED_EDGE('',*,*,#3765,.F.);
#1011=ORIENTED_EDGE('',*,*,#3817,.F.);
#1012=ORIENTED_EDGE('',*,*,#3870,.T.);
#1013=ORIENTED_EDGE('',*,*,#3855,.F.);
#1014=ORIENTED_EDGE('',*,*,#3691,.F.);
#1015=ORIENTED_EDGE('',*,*,#3838,.F.);
#1016=ORIENTED_EDGE('',*,*,#3630,.F.);
#1017=ORIENTED_EDGE('',*,*,#3839,.F.);
#1018=ORIENTED_EDGE('',*,*,#3744,.F.);
#1019=ORIENTED_EDGE('',*,*,#3832,.F.);
#1020=ORIENTED_EDGE('',*,*,#3638,.F.);
#1021=ORIENTED_EDGE('',*,*,#3667,.F.);
#1022=ORIENTED_EDGE('',*,*,#3660,.F.);
#1023=ORIENTED_EDGE('',*,*,#3671,.F.);
#1024=ORIENTED_EDGE('',*,*,#3870,.F.);
#1025=ORIENTED_EDGE('',*,*,#3871,.T.);
#1026=ORIENTED_EDGE('',*,*,#3872,.T.);
#1027=ORIENTED_EDGE('',*,*,#3873,.T.);
#1028=ORIENTED_EDGE('',*,*,#3874,.T.);
#1029=ORIENTED_EDGE('',*,*,#3873,.F.);
#1030=ORIENTED_EDGE('',*,*,#3875,.T.);
#1031=ORIENTED_EDGE('',*,*,#3876,.T.);
#1032=ORIENTED_EDGE('',*,*,#3877,.T.);
#1033=ORIENTED_EDGE('',*,*,#3876,.F.);
#1034=ORIENTED_EDGE('',*,*,#3878,.T.);
#1035=ORIENTED_EDGE('',*,*,#3879,.T.);
#1036=ORIENTED_EDGE('',*,*,#3880,.T.);
#1037=ORIENTED_EDGE('',*,*,#3879,.F.);
#1038=ORIENTED_EDGE('',*,*,#3881,.T.);
#1039=ORIENTED_EDGE('',*,*,#3882,.T.);
#1040=ORIENTED_EDGE('',*,*,#3883,.T.);
#1041=ORIENTED_EDGE('',*,*,#3882,.F.);
#1042=ORIENTED_EDGE('',*,*,#3884,.T.);
#1043=ORIENTED_EDGE('',*,*,#3885,.T.);
#1044=ORIENTED_EDGE('',*,*,#3886,.T.);
#1045=ORIENTED_EDGE('',*,*,#3885,.F.);
#1046=ORIENTED_EDGE('',*,*,#3887,.T.);
#1047=ORIENTED_EDGE('',*,*,#3888,.T.);
#1048=ORIENTED_EDGE('',*,*,#3889,.T.);
#1049=ORIENTED_EDGE('',*,*,#3888,.F.);
#1050=ORIENTED_EDGE('',*,*,#3890,.T.);
#1051=ORIENTED_EDGE('',*,*,#3891,.T.);
#1052=ORIENTED_EDGE('',*,*,#3892,.T.);
#1053=ORIENTED_EDGE('',*,*,#3893,.T.);
#1054=ORIENTED_EDGE('',*,*,#3657,.F.);
#1055=ORIENTED_EDGE('',*,*,#3894,.T.);
#1056=ORIENTED_EDGE('',*,*,#3890,.F.);
#1057=ORIENTED_EDGE('',*,*,#3887,.F.);
#1058=ORIENTED_EDGE('',*,*,#3884,.F.);
#1059=ORIENTED_EDGE('',*,*,#3881,.F.);
#1060=ORIENTED_EDGE('',*,*,#3878,.F.);
#1061=ORIENTED_EDGE('',*,*,#3875,.F.);
#1062=ORIENTED_EDGE('',*,*,#3872,.F.);
#1063=ORIENTED_EDGE('',*,*,#3895,.T.);
#1064=ORIENTED_EDGE('',*,*,#3874,.F.);
#1065=ORIENTED_EDGE('',*,*,#3877,.F.);
#1066=ORIENTED_EDGE('',*,*,#3880,.F.);
#1067=ORIENTED_EDGE('',*,*,#3883,.F.);
#1068=ORIENTED_EDGE('',*,*,#3886,.F.);
#1069=ORIENTED_EDGE('',*,*,#3889,.F.);
#1070=ORIENTED_EDGE('',*,*,#3892,.F.);
#1071=ORIENTED_EDGE('',*,*,#3896,.T.);
#1072=ORIENTED_EDGE('',*,*,#3651,.F.);
#1073=ORIENTED_EDGE('',*,*,#3895,.F.);
#1074=ORIENTED_EDGE('',*,*,#3658,.F.);
#1075=ORIENTED_EDGE('',*,*,#3893,.F.);
#1076=ORIENTED_EDGE('',*,*,#3871,.F.);
#1077=ORIENTED_EDGE('',*,*,#3722,.F.);
#1078=ORIENTED_EDGE('',*,*,#3896,.F.);
#1079=ORIENTED_EDGE('',*,*,#3891,.F.);
#1080=ORIENTED_EDGE('',*,*,#3894,.F.);
#1081=ORIENTED_EDGE('',*,*,#3897,.T.);
#1082=ORIENTED_EDGE('',*,*,#3898,.T.);
#1083=ORIENTED_EDGE('',*,*,#3899,.T.);
#1084=ORIENTED_EDGE('',*,*,#3614,.F.);
#1085=ORIENTED_EDGE('',*,*,#3900,.T.);
#1086=ORIENTED_EDGE('',*,*,#3901,.T.);
#1087=ORIENTED_EDGE('',*,*,#3902,.T.);
#1088=ORIENTED_EDGE('',*,*,#3897,.F.);
#1089=ORIENTED_EDGE('',*,*,#3613,.F.);
#1090=ORIENTED_EDGE('',*,*,#3903,.T.);
#1091=ORIENTED_EDGE('',*,*,#3904,.T.);
#1092=ORIENTED_EDGE('',*,*,#3905,.T.);
#1093=ORIENTED_EDGE('',*,*,#3906,.T.);
#1094=ORIENTED_EDGE('',*,*,#3611,.F.);
#1095=ORIENTED_EDGE('',*,*,#3899,.F.);
#1096=ORIENTED_EDGE('',*,*,#3907,.T.);
#1097=ORIENTED_EDGE('',*,*,#3906,.F.);
#1098=ORIENTED_EDGE('',*,*,#3908,.T.);
#1099=ORIENTED_EDGE('',*,*,#3903,.F.);
#1100=ORIENTED_EDGE('',*,*,#3612,.F.);
#1101=ORIENTED_EDGE('',*,*,#3901,.F.);
#1102=ORIENTED_EDGE('',*,*,#3909,.T.);
#1103=ORIENTED_EDGE('',*,*,#3904,.F.);
#1104=ORIENTED_EDGE('',*,*,#3910,.T.);
#1105=ORIENTED_EDGE('',*,*,#3900,.F.);
#1106=ORIENTED_EDGE('',*,*,#3908,.F.);
#1107=ORIENTED_EDGE('',*,*,#3905,.F.);
#1108=ORIENTED_EDGE('',*,*,#3909,.F.);
#1109=ORIENTED_EDGE('',*,*,#3902,.F.);
#1110=ORIENTED_EDGE('',*,*,#3910,.F.);
#1111=ORIENTED_EDGE('',*,*,#3907,.F.);
#1112=ORIENTED_EDGE('',*,*,#3898,.F.);
#1113=ORIENTED_EDGE('',*,*,#3911,.T.);
#1114=ORIENTED_EDGE('',*,*,#3912,.T.);
#1115=ORIENTED_EDGE('',*,*,#3913,.T.);
#1116=ORIENTED_EDGE('',*,*,#3914,.T.);
#1117=ORIENTED_EDGE('',*,*,#3913,.F.);
#1118=ORIENTED_EDGE('',*,*,#3915,.T.);
#1119=ORIENTED_EDGE('',*,*,#3916,.T.);
#1120=ORIENTED_EDGE('',*,*,#3917,.T.);
#1121=ORIENTED_EDGE('',*,*,#3916,.F.);
#1122=ORIENTED_EDGE('',*,*,#3918,.T.);
#1123=ORIENTED_EDGE('',*,*,#3919,.T.);
#1124=ORIENTED_EDGE('',*,*,#3920,.T.);
#1125=ORIENTED_EDGE('',*,*,#3919,.F.);
#1126=ORIENTED_EDGE('',*,*,#3921,.T.);
#1127=ORIENTED_EDGE('',*,*,#3922,.T.);
#1128=ORIENTED_EDGE('',*,*,#3923,.T.);
#1129=ORIENTED_EDGE('',*,*,#3922,.F.);
#1130=ORIENTED_EDGE('',*,*,#3924,.T.);
#1131=ORIENTED_EDGE('',*,*,#3925,.T.);
#1132=ORIENTED_EDGE('',*,*,#3926,.T.);
#1133=ORIENTED_EDGE('',*,*,#3925,.F.);
#1134=ORIENTED_EDGE('',*,*,#3927,.T.);
#1135=ORIENTED_EDGE('',*,*,#3928,.T.);
#1136=ORIENTED_EDGE('',*,*,#3929,.T.);
#1137=ORIENTED_EDGE('',*,*,#3928,.F.);
#1138=ORIENTED_EDGE('',*,*,#3930,.T.);
#1139=ORIENTED_EDGE('',*,*,#3931,.T.);
#1140=ORIENTED_EDGE('',*,*,#3932,.T.);
#1141=ORIENTED_EDGE('',*,*,#3933,.T.);
#1142=ORIENTED_EDGE('',*,*,#3649,.F.);
#1143=ORIENTED_EDGE('',*,*,#3934,.T.);
#1144=ORIENTED_EDGE('',*,*,#3930,.F.);
#1145=ORIENTED_EDGE('',*,*,#3927,.F.);
#1146=ORIENTED_EDGE('',*,*,#3924,.F.);
#1147=ORIENTED_EDGE('',*,*,#3921,.F.);
#1148=ORIENTED_EDGE('',*,*,#3918,.F.);
#1149=ORIENTED_EDGE('',*,*,#3915,.F.);
#1150=ORIENTED_EDGE('',*,*,#3912,.F.);
#1151=ORIENTED_EDGE('',*,*,#3935,.T.);
#1152=ORIENTED_EDGE('',*,*,#3914,.F.);
#1153=ORIENTED_EDGE('',*,*,#3917,.F.);
#1154=ORIENTED_EDGE('',*,*,#3920,.F.);
#1155=ORIENTED_EDGE('',*,*,#3923,.F.);
#1156=ORIENTED_EDGE('',*,*,#3926,.F.);
#1157=ORIENTED_EDGE('',*,*,#3929,.F.);
#1158=ORIENTED_EDGE('',*,*,#3932,.F.);
#1159=ORIENTED_EDGE('',*,*,#3936,.T.);
#1160=ORIENTED_EDGE('',*,*,#3643,.F.);
#1161=ORIENTED_EDGE('',*,*,#3935,.F.);
#1162=ORIENTED_EDGE('',*,*,#3650,.F.);
#1163=ORIENTED_EDGE('',*,*,#3933,.F.);
#1164=ORIENTED_EDGE('',*,*,#3911,.F.);
#1165=ORIENTED_EDGE('',*,*,#3726,.F.);
#1166=ORIENTED_EDGE('',*,*,#3936,.F.);
#1167=ORIENTED_EDGE('',*,*,#3931,.F.);
#1168=ORIENTED_EDGE('',*,*,#3934,.F.);
#1169=ORIENTED_EDGE('',*,*,#3937,.T.);
#1170=ORIENTED_EDGE('',*,*,#3938,.T.);
#1171=ORIENTED_EDGE('',*,*,#3939,.T.);
#1172=ORIENTED_EDGE('',*,*,#3618,.F.);
#1173=ORIENTED_EDGE('',*,*,#3940,.T.);
#1174=ORIENTED_EDGE('',*,*,#3941,.T.);
#1175=ORIENTED_EDGE('',*,*,#3942,.T.);
#1176=ORIENTED_EDGE('',*,*,#3937,.F.);
#1177=ORIENTED_EDGE('',*,*,#3617,.F.);
#1178=ORIENTED_EDGE('',*,*,#3943,.T.);
#1179=ORIENTED_EDGE('',*,*,#3944,.T.);
#1180=ORIENTED_EDGE('',*,*,#3945,.T.);
#1181=ORIENTED_EDGE('',*,*,#3946,.T.);
#1182=ORIENTED_EDGE('',*,*,#3615,.F.);
#1183=ORIENTED_EDGE('',*,*,#3939,.F.);
#1184=ORIENTED_EDGE('',*,*,#3947,.T.);
#1185=ORIENTED_EDGE('',*,*,#3946,.F.);
#1186=ORIENTED_EDGE('',*,*,#3948,.T.);
#1187=ORIENTED_EDGE('',*,*,#3943,.F.);
#1188=ORIENTED_EDGE('',*,*,#3616,.F.);
#1189=ORIENTED_EDGE('',*,*,#3941,.F.);
#1190=ORIENTED_EDGE('',*,*,#3949,.T.);
#1191=ORIENTED_EDGE('',*,*,#3944,.F.);
#1192=ORIENTED_EDGE('',*,*,#3950,.T.);
#1193=ORIENTED_EDGE('',*,*,#3951,.T.);
#1194=ORIENTED_EDGE('',*,*,#3952,.T.);
#1195=ORIENTED_EDGE('',*,*,#3953,.T.);
#1196=ORIENTED_EDGE('',*,*,#3954,.T.);
#1197=ORIENTED_EDGE('',*,*,#3953,.F.);
#1198=ORIENTED_EDGE('',*,*,#3955,.T.);
#1199=ORIENTED_EDGE('',*,*,#3956,.T.);
#1200=ORIENTED_EDGE('',*,*,#3957,.T.);
#1201=ORIENTED_EDGE('',*,*,#3956,.F.);
#1202=ORIENTED_EDGE('',*,*,#3958,.T.);
#1203=ORIENTED_EDGE('',*,*,#3959,.T.);
#1204=ORIENTED_EDGE('',*,*,#3960,.T.);
#1205=ORIENTED_EDGE('',*,*,#3959,.F.);
#1206=ORIENTED_EDGE('',*,*,#3961,.T.);
#1207=ORIENTED_EDGE('',*,*,#3962,.T.);
#1208=ORIENTED_EDGE('',*,*,#3963,.T.);
#1209=ORIENTED_EDGE('',*,*,#3962,.F.);
#1210=ORIENTED_EDGE('',*,*,#3964,.T.);
#1211=ORIENTED_EDGE('',*,*,#3965,.T.);
#1212=ORIENTED_EDGE('',*,*,#3966,.T.);
#1213=ORIENTED_EDGE('',*,*,#3965,.F.);
#1214=ORIENTED_EDGE('',*,*,#3967,.T.);
#1215=ORIENTED_EDGE('',*,*,#3968,.T.);
#1216=ORIENTED_EDGE('',*,*,#3969,.T.);
#1217=ORIENTED_EDGE('',*,*,#3968,.F.);
#1218=ORIENTED_EDGE('',*,*,#3970,.T.);
#1219=ORIENTED_EDGE('',*,*,#3971,.T.);
#1220=ORIENTED_EDGE('',*,*,#3972,.T.);
#1221=ORIENTED_EDGE('',*,*,#3973,.T.);
#1222=ORIENTED_EDGE('',*,*,#3641,.F.);
#1223=ORIENTED_EDGE('',*,*,#3974,.T.);
#1224=ORIENTED_EDGE('',*,*,#3970,.F.);
#1225=ORIENTED_EDGE('',*,*,#3967,.F.);
#1226=ORIENTED_EDGE('',*,*,#3964,.F.);
#1227=ORIENTED_EDGE('',*,*,#3961,.F.);
#1228=ORIENTED_EDGE('',*,*,#3958,.F.);
#1229=ORIENTED_EDGE('',*,*,#3955,.F.);
#1230=ORIENTED_EDGE('',*,*,#3952,.F.);
#1231=ORIENTED_EDGE('',*,*,#3975,.T.);
#1232=ORIENTED_EDGE('',*,*,#3954,.F.);
#1233=ORIENTED_EDGE('',*,*,#3957,.F.);
#1234=ORIENTED_EDGE('',*,*,#3960,.F.);
#1235=ORIENTED_EDGE('',*,*,#3963,.F.);
#1236=ORIENTED_EDGE('',*,*,#3966,.F.);
#1237=ORIENTED_EDGE('',*,*,#3969,.F.);
#1238=ORIENTED_EDGE('',*,*,#3972,.F.);
#1239=ORIENTED_EDGE('',*,*,#3976,.T.);
#1240=ORIENTED_EDGE('',*,*,#3635,.F.);
#1241=ORIENTED_EDGE('',*,*,#3975,.F.);
#1242=ORIENTED_EDGE('',*,*,#3642,.F.);
#1243=ORIENTED_EDGE('',*,*,#3973,.F.);
#1244=ORIENTED_EDGE('',*,*,#3951,.F.);
#1245=ORIENTED_EDGE('',*,*,#3730,.F.);
#1246=ORIENTED_EDGE('',*,*,#3976,.F.);
#1247=ORIENTED_EDGE('',*,*,#3971,.F.);
#1248=ORIENTED_EDGE('',*,*,#3974,.F.);
#1249=ORIENTED_EDGE('',*,*,#3977,.T.);
#1250=ORIENTED_EDGE('',*,*,#3978,.T.);
#1251=ORIENTED_EDGE('',*,*,#3979,.T.);
#1252=ORIENTED_EDGE('',*,*,#3622,.F.);
#1253=ORIENTED_EDGE('',*,*,#3980,.T.);
#1254=ORIENTED_EDGE('',*,*,#3981,.T.);
#1255=ORIENTED_EDGE('',*,*,#3982,.T.);
#1256=ORIENTED_EDGE('',*,*,#3977,.F.);
#1257=ORIENTED_EDGE('',*,*,#3621,.F.);
#1258=ORIENTED_EDGE('',*,*,#3983,.T.);
#1259=ORIENTED_EDGE('',*,*,#3984,.T.);
#1260=ORIENTED_EDGE('',*,*,#3985,.T.);
#1261=ORIENTED_EDGE('',*,*,#3986,.T.);
#1262=ORIENTED_EDGE('',*,*,#3619,.F.);
#1263=ORIENTED_EDGE('',*,*,#3979,.F.);
#1264=ORIENTED_EDGE('',*,*,#3987,.T.);
#1265=ORIENTED_EDGE('',*,*,#3986,.F.);
#1266=ORIENTED_EDGE('',*,*,#3988,.T.);
#1267=ORIENTED_EDGE('',*,*,#3983,.F.);
#1268=ORIENTED_EDGE('',*,*,#3620,.F.);
#1269=ORIENTED_EDGE('',*,*,#3981,.F.);
#1270=ORIENTED_EDGE('',*,*,#3989,.T.);
#1271=ORIENTED_EDGE('',*,*,#3984,.F.);
#1272=ORIENTED_EDGE('',*,*,#3990,.T.);
#1273=ORIENTED_EDGE('',*,*,#3991,.T.);
#1274=ORIENTED_EDGE('',*,*,#3992,.T.);
#1275=ORIENTED_EDGE('',*,*,#3993,.T.);
#1276=ORIENTED_EDGE('',*,*,#3994,.T.);
#1277=ORIENTED_EDGE('',*,*,#3993,.F.);
#1278=ORIENTED_EDGE('',*,*,#3995,.T.);
#1279=ORIENTED_EDGE('',*,*,#3996,.T.);
#1280=ORIENTED_EDGE('',*,*,#3997,.T.);
#1281=ORIENTED_EDGE('',*,*,#3996,.F.);
#1282=ORIENTED_EDGE('',*,*,#3998,.T.);
#1283=ORIENTED_EDGE('',*,*,#3999,.T.);
#1284=ORIENTED_EDGE('',*,*,#4000,.T.);
#1285=ORIENTED_EDGE('',*,*,#3999,.F.);
#1286=ORIENTED_EDGE('',*,*,#4001,.T.);
#1287=ORIENTED_EDGE('',*,*,#4002,.T.);
#1288=ORIENTED_EDGE('',*,*,#4003,.T.);
#1289=ORIENTED_EDGE('',*,*,#4002,.F.);
#1290=ORIENTED_EDGE('',*,*,#4004,.T.);
#1291=ORIENTED_EDGE('',*,*,#4005,.T.);
#1292=ORIENTED_EDGE('',*,*,#4006,.T.);
#1293=ORIENTED_EDGE('',*,*,#4005,.F.);
#1294=ORIENTED_EDGE('',*,*,#4007,.T.);
#1295=ORIENTED_EDGE('',*,*,#4008,.T.);
#1296=ORIENTED_EDGE('',*,*,#4009,.T.);
#1297=ORIENTED_EDGE('',*,*,#4008,.F.);
#1298=ORIENTED_EDGE('',*,*,#4010,.T.);
#1299=ORIENTED_EDGE('',*,*,#4011,.T.);
#1300=ORIENTED_EDGE('',*,*,#4012,.T.);
#1301=ORIENTED_EDGE('',*,*,#4013,.T.);
#1302=ORIENTED_EDGE('',*,*,#3633,.F.);
#1303=ORIENTED_EDGE('',*,*,#4014,.T.);
#1304=ORIENTED_EDGE('',*,*,#4010,.F.);
#1305=ORIENTED_EDGE('',*,*,#4007,.F.);
#1306=ORIENTED_EDGE('',*,*,#4004,.F.);
#1307=ORIENTED_EDGE('',*,*,#4001,.F.);
#1308=ORIENTED_EDGE('',*,*,#3998,.F.);
#1309=ORIENTED_EDGE('',*,*,#3995,.F.);
#1310=ORIENTED_EDGE('',*,*,#3992,.F.);
#1311=ORIENTED_EDGE('',*,*,#4015,.T.);
#1312=ORIENTED_EDGE('',*,*,#3994,.F.);
#1313=ORIENTED_EDGE('',*,*,#3997,.F.);
#1314=ORIENTED_EDGE('',*,*,#4000,.F.);
#1315=ORIENTED_EDGE('',*,*,#4003,.F.);
#1316=ORIENTED_EDGE('',*,*,#4006,.F.);
#1317=ORIENTED_EDGE('',*,*,#4009,.F.);
#1318=ORIENTED_EDGE('',*,*,#4012,.F.);
#1319=ORIENTED_EDGE('',*,*,#4016,.T.);
#1320=ORIENTED_EDGE('',*,*,#3627,.F.);
#1321=ORIENTED_EDGE('',*,*,#4015,.F.);
#1322=ORIENTED_EDGE('',*,*,#3634,.F.);
#1323=ORIENTED_EDGE('',*,*,#4013,.F.);
#1324=ORIENTED_EDGE('',*,*,#3991,.F.);
#1325=ORIENTED_EDGE('',*,*,#3734,.F.);
#1326=ORIENTED_EDGE('',*,*,#4016,.F.);
#1327=ORIENTED_EDGE('',*,*,#4011,.F.);
#1328=ORIENTED_EDGE('',*,*,#4014,.F.);
#1329=ORIENTED_EDGE('',*,*,#4017,.T.);
#1330=ORIENTED_EDGE('',*,*,#4018,.T.);
#1331=ORIENTED_EDGE('',*,*,#4019,.T.);
#1332=ORIENTED_EDGE('',*,*,#3626,.F.);
#1333=ORIENTED_EDGE('',*,*,#4020,.T.);
#1334=ORIENTED_EDGE('',*,*,#4021,.T.);
#1335=ORIENTED_EDGE('',*,*,#4022,.T.);
#1336=ORIENTED_EDGE('',*,*,#4017,.F.);
#1337=ORIENTED_EDGE('',*,*,#3625,.F.);
#1338=ORIENTED_EDGE('',*,*,#4023,.T.);
#1339=ORIENTED_EDGE('',*,*,#4024,.T.);
#1340=ORIENTED_EDGE('',*,*,#4025,.T.);
#1341=ORIENTED_EDGE('',*,*,#4026,.T.);
#1342=ORIENTED_EDGE('',*,*,#3623,.F.);
#1343=ORIENTED_EDGE('',*,*,#4019,.F.);
#1344=ORIENTED_EDGE('',*,*,#4027,.T.);
#1345=ORIENTED_EDGE('',*,*,#4026,.F.);
#1346=ORIENTED_EDGE('',*,*,#4028,.T.);
#1347=ORIENTED_EDGE('',*,*,#4023,.F.);
#1348=ORIENTED_EDGE('',*,*,#3624,.F.);
#1349=ORIENTED_EDGE('',*,*,#4021,.F.);
#1350=ORIENTED_EDGE('',*,*,#4029,.T.);
#1351=ORIENTED_EDGE('',*,*,#4024,.F.);
#1352=ORIENTED_EDGE('',*,*,#4030,.T.);
#1353=ORIENTED_EDGE('',*,*,#3940,.F.);
#1354=ORIENTED_EDGE('',*,*,#3948,.F.);
#1355=ORIENTED_EDGE('',*,*,#3945,.F.);
#1356=ORIENTED_EDGE('',*,*,#3949,.F.);
#1357=ORIENTED_EDGE('',*,*,#3942,.F.);
#1358=ORIENTED_EDGE('',*,*,#3950,.F.);
#1359=ORIENTED_EDGE('',*,*,#3947,.F.);
#1360=ORIENTED_EDGE('',*,*,#3938,.F.);
#1361=ORIENTED_EDGE('',*,*,#3980,.F.);
#1362=ORIENTED_EDGE('',*,*,#3988,.F.);
#1363=ORIENTED_EDGE('',*,*,#3985,.F.);
#1364=ORIENTED_EDGE('',*,*,#3989,.F.);
#1365=ORIENTED_EDGE('',*,*,#3982,.F.);
#1366=ORIENTED_EDGE('',*,*,#3990,.F.);
#1367=ORIENTED_EDGE('',*,*,#3987,.F.);
#1368=ORIENTED_EDGE('',*,*,#3978,.F.);
#1369=ORIENTED_EDGE('',*,*,#4020,.F.);
#1370=ORIENTED_EDGE('',*,*,#4028,.F.);
#1371=ORIENTED_EDGE('',*,*,#4025,.F.);
#1372=ORIENTED_EDGE('',*,*,#4029,.F.);
#1373=ORIENTED_EDGE('',*,*,#4022,.F.);
#1374=ORIENTED_EDGE('',*,*,#4030,.F.);
#1375=ORIENTED_EDGE('',*,*,#4027,.F.);
#1376=ORIENTED_EDGE('',*,*,#4018,.F.);
#1377=(
BOUNDED_CURVE()
B_SPLINE_CURVE(2,(#7848,#7849,#7850),.UNSPECIFIED.,.F.,.F.)
B_SPLINE_CURVE_WITH_KNOTS((3,3),(0.,0.314159265358979),.UNSPECIFIED.)
CURVE()
GEOMETRIC_REPRESENTATION_ITEM()
RATIONAL_B_SPLINE_CURVE((1.,0.707106781186504,1.))
REPRESENTATION_ITEM('')
);
#1378=(
BOUNDED_CURVE()
B_SPLINE_CURVE(2,(#7851,#7852,#7853),.UNSPECIFIED.,.F.,.F.)
B_SPLINE_CURVE_WITH_KNOTS((3,3),(0.,0.314159265358979),.UNSPECIFIED.)
CURVE()
GEOMETRIC_REPRESENTATION_ITEM()
RATIONAL_B_SPLINE_CURVE((1.,0.70710678118478,1.))
REPRESENTATION_ITEM('')
);
#1379=(
BOUNDED_CURVE()
B_SPLINE_CURVE(2,(#7886,#7887,#7888),.UNSPECIFIED.,.F.,.F.)
B_SPLINE_CURVE_WITH_KNOTS((3,3),(0.,0.314159265358979),.UNSPECIFIED.)
CURVE()
GEOMETRIC_REPRESENTATION_ITEM()
RATIONAL_B_SPLINE_CURVE((1.,0.707106781185693,1.))
REPRESENTATION_ITEM('')
);
#1380=(
BOUNDED_CURVE()
B_SPLINE_CURVE(2,(#7889,#7890,#7891),.UNSPECIFIED.,.F.,.F.)
B_SPLINE_CURVE_WITH_KNOTS((3,3),(0.,0.314159265358979),.UNSPECIFIED.)
CURVE()
GEOMETRIC_REPRESENTATION_ITEM()
RATIONAL_B_SPLINE_CURVE((1.,0.707106781186548,1.))
REPRESENTATION_ITEM('')
);
#1381=(
BOUNDED_CURVE()
B_SPLINE_CURVE(2,(#8160,#8161,#8162),.UNSPECIFIED.,.F.,.F.)
B_SPLINE_CURVE_WITH_KNOTS((3,3),(0.,0.314159265358979),.UNSPECIFIED.)
CURVE()
GEOMETRIC_REPRESENTATION_ITEM()
RATIONAL_B_SPLINE_CURVE((1.,0.707106781186535,1.))
REPRESENTATION_ITEM('')
);
#1382=(
BOUNDED_CURVE()
B_SPLINE_CURVE(2,(#8163,#8164,#8165),.UNSPECIFIED.,.F.,.F.)
B_SPLINE_CURVE_WITH_KNOTS((3,3),(0.,0.314159265358979),.UNSPECIFIED.)
CURVE()
GEOMETRIC_REPRESENTATION_ITEM()
RATIONAL_B_SPLINE_CURVE((1.,0.707106781186548,1.))
REPRESENTATION_ITEM('')
);
#1383=(
BOUNDED_CURVE()
B_SPLINE_CURVE(2,(#8198,#8199,#8200),.UNSPECIFIED.,.F.,.F.)
B_SPLINE_CURVE_WITH_KNOTS((3,3),(0.,0.314159265358979),.UNSPECIFIED.)
CURVE()
GEOMETRIC_REPRESENTATION_ITEM()
RATIONAL_B_SPLINE_CURVE((1.,0.707106781185392,1.))
REPRESENTATION_ITEM('')
);
#1384=(
BOUNDED_CURVE()
B_SPLINE_CURVE(2,(#8201,#8202,#8203),.UNSPECIFIED.,.F.,.F.)
B_SPLINE_CURVE_WITH_KNOTS((3,3),(0.,0.314159265358979),.UNSPECIFIED.)
CURVE()
GEOMETRIC_REPRESENTATION_ITEM()
RATIONAL_B_SPLINE_CURVE((1.,0.70710678118478,1.))
REPRESENTATION_ITEM('')
);
#1385=(
BOUNDED_CURVE()
B_SPLINE_CURVE(2,(#8300,#8301,#8302,#8303,#8304),.UNSPECIFIED.,.F.,.F.)
B_SPLINE_CURVE_WITH_KNOTS((3,2,3),(-0.317538969652104,-0.158769484826052,
0.),.UNSPECIFIED.)
CURVE()
GEOMETRIC_REPRESENTATION_ITEM()
RATIONAL_B_SPLINE_CURVE((1.,0.922254596812532,1.,0.922254596812532,1.))
REPRESENTATION_ITEM('')
);
#1386=(
BOUNDED_CURVE()
B_SPLINE_CURVE(2,(#8311,#8312,#8313,#8314,#8315),.UNSPECIFIED.,.F.,.F.)
B_SPLINE_CURVE_WITH_KNOTS((3,2,3),(0.,0.158769484826052,0.317538969652104),
 .UNSPECIFIED.)
CURVE()
GEOMETRIC_REPRESENTATION_ITEM()
RATIONAL_B_SPLINE_CURVE((1.,0.92225459681253,1.,0.92225459681253,1.))
REPRESENTATION_ITEM('')
);
#1387=(
BOUNDED_CURVE()
B_SPLINE_CURVE(2,(#8424,#8425,#8426,#8427,#8428),.UNSPECIFIED.,.F.,.F.)
B_SPLINE_CURVE_WITH_KNOTS((3,2,3),(-0.317538969652104,-0.158769484826052,
0.),.UNSPECIFIED.)
CURVE()
GEOMETRIC_REPRESENTATION_ITEM()
RATIONAL_B_SPLINE_CURVE((1.,0.922254596812312,1.,0.922254596812312,1.))
REPRESENTATION_ITEM('')
);
#1388=(
BOUNDED_CURVE()
B_SPLINE_CURVE(2,(#8433,#8434,#8435,#8436,#8437),.UNSPECIFIED.,.F.,.F.)
B_SPLINE_CURVE_WITH_KNOTS((3,2,3),(0.,0.158769484826052,0.317538969652104),
 .UNSPECIFIED.)
CURVE()
GEOMETRIC_REPRESENTATION_ITEM()
RATIONAL_B_SPLINE_CURVE((1.,0.922254596812312,1.,0.922254596812312,1.))
REPRESENTATION_ITEM('')
);
#1389=(
BOUNDED_CURVE()
B_SPLINE_CURVE(2,(#8486,#8487,#8488),.UNSPECIFIED.,.F.,.F.)
B_SPLINE_CURVE_WITH_KNOTS((3,3),(0.,0.233084670798837),.UNSPECIFIED.)
CURVE()
GEOMETRIC_REPRESENTATION_ITEM()
RATIONAL_B_SPLINE_CURVE((1.,0.713055999631196,1.))
REPRESENTATION_ITEM('')
);
#1390=(
BOUNDED_CURVE()
B_SPLINE_CURVE(2,(#8489,#8490,#8491),.UNSPECIFIED.,.F.,.F.)
B_SPLINE_CURVE_WITH_KNOTS((3,3),(0.,0.233084670798837),.UNSPECIFIED.)
CURVE()
GEOMETRIC_REPRESENTATION_ITEM()
RATIONAL_B_SPLINE_CURVE((1.,0.713055999632211,1.))
REPRESENTATION_ITEM('')
);
#1391=(
BOUNDED_CURVE()
B_SPLINE_CURVE(2,(#8496,#8497,#8498),.UNSPECIFIED.,.F.,.F.)
B_SPLINE_CURVE_WITH_KNOTS((3,3),(0.,0.233084670798854),.UNSPECIFIED.)
CURVE()
GEOMETRIC_REPRESENTATION_ITEM()
RATIONAL_B_SPLINE_CURVE((1.,0.713055999632772,1.))
REPRESENTATION_ITEM('')
);
#1392=(
BOUNDED_CURVE()
B_SPLINE_CURVE(2,(#8499,#8500,#8501),.UNSPECIFIED.,.F.,.F.)
B_SPLINE_CURVE_WITH_KNOTS((3,3),(0.,0.233084670798854),.UNSPECIFIED.)
CURVE()
GEOMETRIC_REPRESENTATION_ITEM()
RATIONAL_B_SPLINE_CURVE((1.,0.713055999634548,1.))
REPRESENTATION_ITEM('')
);
#1393=(
BOUNDED_CURVE()
B_SPLINE_CURVE(2,(#8514,#8515,#8516),.UNSPECIFIED.,.F.,.F.)
B_SPLINE_CURVE_WITH_KNOTS((3,3),(0.,0.233084670798837),.UNSPECIFIED.)
CURVE()
GEOMETRIC_REPRESENTATION_ITEM()
RATIONAL_B_SPLINE_CURVE((1.,0.713055999631196,1.))
REPRESENTATION_ITEM('')
);
#1394=(
BOUNDED_CURVE()
B_SPLINE_CURVE(2,(#8517,#8518,#8519),.UNSPECIFIED.,.F.,.F.)
B_SPLINE_CURVE_WITH_KNOTS((3,3),(0.,0.233084670798837),.UNSPECIFIED.)
CURVE()
GEOMETRIC_REPRESENTATION_ITEM()
RATIONAL_B_SPLINE_CURVE((1.,0.713055999632211,1.))
REPRESENTATION_ITEM('')
);
#1395=(
BOUNDED_CURVE()
B_SPLINE_CURVE(2,(#8528,#8529,#8530),.UNSPECIFIED.,.F.,.F.)
B_SPLINE_CURVE_WITH_KNOTS((3,3),(0.,0.233084670798854),.UNSPECIFIED.)
CURVE()
GEOMETRIC_REPRESENTATION_ITEM()
RATIONAL_B_SPLINE_CURVE((1.,0.713055999632784,1.))
REPRESENTATION_ITEM('')
);
#1396=(
BOUNDED_CURVE()
B_SPLINE_CURVE(2,(#8531,#8532,#8533),.UNSPECIFIED.,.F.,.F.)
B_SPLINE_CURVE_WITH_KNOTS((3,3),(0.,0.233084670798854),.UNSPECIFIED.)
CURVE()
GEOMETRIC_REPRESENTATION_ITEM()
RATIONAL_B_SPLINE_CURVE((1.,0.713055999634548,1.))
REPRESENTATION_ITEM('')
);
#1397=(
BOUNDED_CURVE()
B_SPLINE_CURVE(2,(#8576,#8577,#8578,#8579,#8580),.UNSPECIFIED.,.F.,.F.)
B_SPLINE_CURVE_WITH_KNOTS((3,2,3),(-0.317538969652104,-0.158769484826052,
0.),.UNSPECIFIED.)
CURVE()
GEOMETRIC_REPRESENTATION_ITEM()
RATIONAL_B_SPLINE_CURVE((1.,0.922254596812532,1.,0.922254596812532,1.))
REPRESENTATION_ITEM('')
);
#1398=(
BOUNDED_CURVE()
B_SPLINE_CURVE(2,(#8587,#8588,#8589,#8590,#8591),.UNSPECIFIED.,.F.,.F.)
B_SPLINE_CURVE_WITH_KNOTS((3,2,3),(0.,0.158769484826052,0.317538969652104),
 .UNSPECIFIED.)
CURVE()
GEOMETRIC_REPRESENTATION_ITEM()
RATIONAL_B_SPLINE_CURVE((1.,0.92225459681253,1.,0.92225459681253,1.))
REPRESENTATION_ITEM('')
);
#1399=(
BOUNDED_CURVE()
B_SPLINE_CURVE(2,(#8700,#8701,#8702,#8703,#8704),.UNSPECIFIED.,.F.,.F.)
B_SPLINE_CURVE_WITH_KNOTS((3,2,3),(-0.317538969652104,-0.158769484826052,
0.),.UNSPECIFIED.)
CURVE()
GEOMETRIC_REPRESENTATION_ITEM()
RATIONAL_B_SPLINE_CURVE((1.,0.922254596812312,1.,0.922254596812312,1.))
REPRESENTATION_ITEM('')
);
#1400=(
BOUNDED_CURVE()
B_SPLINE_CURVE(2,(#8709,#8710,#8711,#8712,#8713),.UNSPECIFIED.,.F.,.F.)
B_SPLINE_CURVE_WITH_KNOTS((3,2,3),(0.,0.158769484826052,0.317538969652104),
 .UNSPECIFIED.)
CURVE()
GEOMETRIC_REPRESENTATION_ITEM()
RATIONAL_B_SPLINE_CURVE((1.,0.922254596812312,1.,0.922254596812312,1.))
REPRESENTATION_ITEM('')
);
#1401=(
BOUNDED_CURVE()
B_SPLINE_CURVE(2,(#8762,#8763,#8764),.UNSPECIFIED.,.F.,.F.)
B_SPLINE_CURVE_WITH_KNOTS((3,3),(0.,0.233084670798837),.UNSPECIFIED.)
CURVE()
GEOMETRIC_REPRESENTATION_ITEM()
RATIONAL_B_SPLINE_CURVE((1.,0.713055999631196,1.))
REPRESENTATION_ITEM('')
);
#1402=(
BOUNDED_CURVE()
B_SPLINE_CURVE(2,(#8765,#8766,#8767),.UNSPECIFIED.,.F.,.F.)
B_SPLINE_CURVE_WITH_KNOTS((3,3),(0.,0.233084670798837),.UNSPECIFIED.)
CURVE()
GEOMETRIC_REPRESENTATION_ITEM()
RATIONAL_B_SPLINE_CURVE((1.,0.713055999632211,1.))
REPRESENTATION_ITEM('')
);
#1403=(
BOUNDED_CURVE()
B_SPLINE_CURVE(2,(#8772,#8773,#8774),.UNSPECIFIED.,.F.,.F.)
B_SPLINE_CURVE_WITH_KNOTS((3,3),(0.,0.233084670798854),.UNSPECIFIED.)
CURVE()
GEOMETRIC_REPRESENTATION_ITEM()
RATIONAL_B_SPLINE_CURVE((1.,0.713055999632772,1.))
REPRESENTATION_ITEM('')
);
#1404=(
BOUNDED_CURVE()
B_SPLINE_CURVE(2,(#8775,#8776,#8777),.UNSPECIFIED.,.F.,.F.)
B_SPLINE_CURVE_WITH_KNOTS((3,3),(0.,0.233084670798854),.UNSPECIFIED.)
CURVE()
GEOMETRIC_REPRESENTATION_ITEM()
RATIONAL_B_SPLINE_CURVE((1.,0.713055999634548,1.))
REPRESENTATION_ITEM('')
);
#1405=(
BOUNDED_CURVE()
B_SPLINE_CURVE(2,(#8790,#8791,#8792),.UNSPECIFIED.,.F.,.F.)
B_SPLINE_CURVE_WITH_KNOTS((3,3),(0.,0.233084670798837),.UNSPECIFIED.)
CURVE()
GEOMETRIC_REPRESENTATION_ITEM()
RATIONAL_B_SPLINE_CURVE((1.,0.713055999631196,1.))
REPRESENTATION_ITEM('')
);
#1406=(
BOUNDED_CURVE()
B_SPLINE_CURVE(2,(#8793,#8794,#8795),.UNSPECIFIED.,.F.,.F.)
B_SPLINE_CURVE_WITH_KNOTS((3,3),(0.,0.233084670798837),.UNSPECIFIED.)
CURVE()
GEOMETRIC_REPRESENTATION_ITEM()
RATIONAL_B_SPLINE_CURVE((1.,0.713055999632211,1.))
REPRESENTATION_ITEM('')
);
#1407=(
BOUNDED_CURVE()
B_SPLINE_CURVE(2,(#8804,#8805,#8806),.UNSPECIFIED.,.F.,.F.)
B_SPLINE_CURVE_WITH_KNOTS((3,3),(0.,0.233084670798854),.UNSPECIFIED.)
CURVE()
GEOMETRIC_REPRESENTATION_ITEM()
RATIONAL_B_SPLINE_CURVE((1.,0.713055999632784,1.))
REPRESENTATION_ITEM('')
);
#1408=(
BOUNDED_CURVE()
B_SPLINE_CURVE(2,(#8807,#8808,#8809),.UNSPECIFIED.,.F.,.F.)
B_SPLINE_CURVE_WITH_KNOTS((3,3),(0.,0.233084670798854),.UNSPECIFIED.)
CURVE()
GEOMETRIC_REPRESENTATION_ITEM()
RATIONAL_B_SPLINE_CURVE((1.,0.713055999634548,1.))
REPRESENTATION_ITEM('')
);
#1409=(
BOUNDED_CURVE()
B_SPLINE_CURVE(2,(#8836,#8837,#8838,#8839,#8840),.UNSPECIFIED.,.F.,.F.)
B_SPLINE_CURVE_WITH_KNOTS((3,2,3),(-0.317538969652104,-0.158769484826052,
0.),.UNSPECIFIED.)
CURVE()
GEOMETRIC_REPRESENTATION_ITEM()
RATIONAL_B_SPLINE_CURVE((1.,0.922254596812532,1.,0.922254596812532,1.))
REPRESENTATION_ITEM('')
);
#1410=(
BOUNDED_CURVE()
B_SPLINE_CURVE(2,(#8847,#8848,#8849,#8850,#8851),.UNSPECIFIED.,.F.,.F.)
B_SPLINE_CURVE_WITH_KNOTS((3,2,3),(0.,0.158769484826052,0.317538969652104),
 .UNSPECIFIED.)
CURVE()
GEOMETRIC_REPRESENTATION_ITEM()
RATIONAL_B_SPLINE_CURVE((1.,0.92225459681253,1.,0.92225459681253,1.))
REPRESENTATION_ITEM('')
);
#1411=(
BOUNDED_CURVE()
B_SPLINE_CURVE(2,(#8960,#8961,#8962,#8963,#8964),.UNSPECIFIED.,.F.,.F.)
B_SPLINE_CURVE_WITH_KNOTS((3,2,3),(-0.317538969652104,-0.158769484826052,
0.),.UNSPECIFIED.)
CURVE()
GEOMETRIC_REPRESENTATION_ITEM()
RATIONAL_B_SPLINE_CURVE((1.,0.922254596812312,1.,0.922254596812312,1.))
REPRESENTATION_ITEM('')
);
#1412=(
BOUNDED_CURVE()
B_SPLINE_CURVE(2,(#8969,#8970,#8971,#8972,#8973),.UNSPECIFIED.,.F.,.F.)
B_SPLINE_CURVE_WITH_KNOTS((3,2,3),(0.,0.158769484826052,0.317538969652104),
 .UNSPECIFIED.)
CURVE()
GEOMETRIC_REPRESENTATION_ITEM()
RATIONAL_B_SPLINE_CURVE((1.,0.922254596812312,1.,0.922254596812312,1.))
REPRESENTATION_ITEM('')
);
#1413=(
BOUNDED_CURVE()
B_SPLINE_CURVE(2,(#9022,#9023,#9024),.UNSPECIFIED.,.F.,.F.)
B_SPLINE_CURVE_WITH_KNOTS((3,3),(0.,0.233084670798837),.UNSPECIFIED.)
CURVE()
GEOMETRIC_REPRESENTATION_ITEM()
RATIONAL_B_SPLINE_CURVE((1.,0.713055999631196,1.))
REPRESENTATION_ITEM('')
);
#1414=(
BOUNDED_CURVE()
B_SPLINE_CURVE(2,(#9025,#9026,#9027),.UNSPECIFIED.,.F.,.F.)
B_SPLINE_CURVE_WITH_KNOTS((3,3),(0.,0.233084670798837),.UNSPECIFIED.)
CURVE()
GEOMETRIC_REPRESENTATION_ITEM()
RATIONAL_B_SPLINE_CURVE((1.,0.713055999632211,1.))
REPRESENTATION_ITEM('')
);
#1415=(
BOUNDED_CURVE()
B_SPLINE_CURVE(2,(#9032,#9033,#9034),.UNSPECIFIED.,.F.,.F.)
B_SPLINE_CURVE_WITH_KNOTS((3,3),(0.,0.233084670798854),.UNSPECIFIED.)
CURVE()
GEOMETRIC_REPRESENTATION_ITEM()
RATIONAL_B_SPLINE_CURVE((1.,0.713055999632751,1.))
REPRESENTATION_ITEM('')
);
#1416=(
BOUNDED_CURVE()
B_SPLINE_CURVE(2,(#9035,#9036,#9037),.UNSPECIFIED.,.F.,.F.)
B_SPLINE_CURVE_WITH_KNOTS((3,3),(0.,0.233084670798854),.UNSPECIFIED.)
CURVE()
GEOMETRIC_REPRESENTATION_ITEM()
RATIONAL_B_SPLINE_CURVE((1.,0.713055999634548,1.))
REPRESENTATION_ITEM('')
);
#1417=(
BOUNDED_CURVE()
B_SPLINE_CURVE(2,(#9050,#9051,#9052),.UNSPECIFIED.,.F.,.F.)
B_SPLINE_CURVE_WITH_KNOTS((3,3),(0.,0.233084670798837),.UNSPECIFIED.)
CURVE()
GEOMETRIC_REPRESENTATION_ITEM()
RATIONAL_B_SPLINE_CURVE((1.,0.713055999631194,1.))
REPRESENTATION_ITEM('')
);
#1418=(
BOUNDED_CURVE()
B_SPLINE_CURVE(2,(#9053,#9054,#9055),.UNSPECIFIED.,.F.,.F.)
B_SPLINE_CURVE_WITH_KNOTS((3,3),(0.,0.233084670798837),.UNSPECIFIED.)
CURVE()
GEOMETRIC_REPRESENTATION_ITEM()
RATIONAL_B_SPLINE_CURVE((1.,0.713055999632211,1.))
REPRESENTATION_ITEM('')
);
#1419=(
BOUNDED_CURVE()
B_SPLINE_CURVE(2,(#9064,#9065,#9066),.UNSPECIFIED.,.F.,.F.)
B_SPLINE_CURVE_WITH_KNOTS((3,3),(0.,0.233084670798854),.UNSPECIFIED.)
CURVE()
GEOMETRIC_REPRESENTATION_ITEM()
RATIONAL_B_SPLINE_CURVE((1.,0.713055999632784,1.))
REPRESENTATION_ITEM('')
);
#1420=(
BOUNDED_CURVE()
B_SPLINE_CURVE(2,(#9067,#9068,#9069),.UNSPECIFIED.,.F.,.F.)
B_SPLINE_CURVE_WITH_KNOTS((3,3),(0.,0.233084670798854),.UNSPECIFIED.)
CURVE()
GEOMETRIC_REPRESENTATION_ITEM()
RATIONAL_B_SPLINE_CURVE((1.,0.713055999634548,1.))
REPRESENTATION_ITEM('')
);
#1421=(
BOUNDED_CURVE()
B_SPLINE_CURVE(2,(#9096,#9097,#9098,#9099,#9100),.UNSPECIFIED.,.F.,.F.)
B_SPLINE_CURVE_WITH_KNOTS((3,2,3),(-0.317538969652104,-0.158769484826052,
0.),.UNSPECIFIED.)
CURVE()
GEOMETRIC_REPRESENTATION_ITEM()
RATIONAL_B_SPLINE_CURVE((1.,0.922254596812532,1.,0.922254596812532,1.))
REPRESENTATION_ITEM('')
);
#1422=(
BOUNDED_CURVE()
B_SPLINE_CURVE(2,(#9107,#9108,#9109,#9110,#9111),.UNSPECIFIED.,.F.,.F.)
B_SPLINE_CURVE_WITH_KNOTS((3,2,3),(0.,0.158769484826052,0.317538969652104),
 .UNSPECIFIED.)
CURVE()
GEOMETRIC_REPRESENTATION_ITEM()
RATIONAL_B_SPLINE_CURVE((1.,0.92225459681253,1.,0.92225459681253,1.))
REPRESENTATION_ITEM('')
);
#1423=(
BOUNDED_CURVE()
B_SPLINE_CURVE(2,(#9220,#9221,#9222,#9223,#9224),.UNSPECIFIED.,.F.,.F.)
B_SPLINE_CURVE_WITH_KNOTS((3,2,3),(-0.317538969652104,-0.158769484826052,
0.),.UNSPECIFIED.)
CURVE()
GEOMETRIC_REPRESENTATION_ITEM()
RATIONAL_B_SPLINE_CURVE((1.,0.922254596812312,1.,0.922254596812312,1.))
REPRESENTATION_ITEM('')
);
#1424=(
BOUNDED_CURVE()
B_SPLINE_CURVE(2,(#9229,#9230,#9231,#9232,#9233),.UNSPECIFIED.,.F.,.F.)
B_SPLINE_CURVE_WITH_KNOTS((3,2,3),(0.,0.158769484826052,0.317538969652104),
 .UNSPECIFIED.)
CURVE()
GEOMETRIC_REPRESENTATION_ITEM()
RATIONAL_B_SPLINE_CURVE((1.,0.922254596812312,1.,0.922254596812312,1.))
REPRESENTATION_ITEM('')
);
#1425=(
BOUNDED_CURVE()
B_SPLINE_CURVE(2,(#9282,#9283,#9284),.UNSPECIFIED.,.F.,.F.)
B_SPLINE_CURVE_WITH_KNOTS((3,3),(0.,0.233084670798837),.UNSPECIFIED.)
CURVE()
GEOMETRIC_REPRESENTATION_ITEM()
RATIONAL_B_SPLINE_CURVE((1.,0.713055999631196,1.))
REPRESENTATION_ITEM('')
);
#1426=(
BOUNDED_CURVE()
B_SPLINE_CURVE(2,(#9285,#9286,#9287),.UNSPECIFIED.,.F.,.F.)
B_SPLINE_CURVE_WITH_KNOTS((3,3),(0.,0.233084670798837),.UNSPECIFIED.)
CURVE()
GEOMETRIC_REPRESENTATION_ITEM()
RATIONAL_B_SPLINE_CURVE((1.,0.713055999632211,1.))
REPRESENTATION_ITEM('')
);
#1427=(
BOUNDED_CURVE()
B_SPLINE_CURVE(2,(#9292,#9293,#9294),.UNSPECIFIED.,.F.,.F.)
B_SPLINE_CURVE_WITH_KNOTS((3,3),(0.,0.233084670798854),.UNSPECIFIED.)
CURVE()
GEOMETRIC_REPRESENTATION_ITEM()
RATIONAL_B_SPLINE_CURVE((1.,0.713055999632772,1.))
REPRESENTATION_ITEM('')
);
#1428=(
BOUNDED_CURVE()
B_SPLINE_CURVE(2,(#9295,#9296,#9297),.UNSPECIFIED.,.F.,.F.)
B_SPLINE_CURVE_WITH_KNOTS((3,3),(0.,0.233084670798854),.UNSPECIFIED.)
CURVE()
GEOMETRIC_REPRESENTATION_ITEM()
RATIONAL_B_SPLINE_CURVE((1.,0.713055999634548,1.))
REPRESENTATION_ITEM('')
);
#1429=(
BOUNDED_CURVE()
B_SPLINE_CURVE(2,(#9310,#9311,#9312),.UNSPECIFIED.,.F.,.F.)
B_SPLINE_CURVE_WITH_KNOTS((3,3),(0.,0.233084670798837),.UNSPECIFIED.)
CURVE()
GEOMETRIC_REPRESENTATION_ITEM()
RATIONAL_B_SPLINE_CURVE((1.,0.713055999631196,1.))
REPRESENTATION_ITEM('')
);
#1430=(
BOUNDED_CURVE()
B_SPLINE_CURVE(2,(#9313,#9314,#9315),.UNSPECIFIED.,.F.,.F.)
B_SPLINE_CURVE_WITH_KNOTS((3,3),(0.,0.233084670798837),.UNSPECIFIED.)
CURVE()
GEOMETRIC_REPRESENTATION_ITEM()
RATIONAL_B_SPLINE_CURVE((1.,0.713055999632211,1.))
REPRESENTATION_ITEM('')
);
#1431=(
BOUNDED_CURVE()
B_SPLINE_CURVE(2,(#9324,#9325,#9326),.UNSPECIFIED.,.F.,.F.)
B_SPLINE_CURVE_WITH_KNOTS((3,3),(0.,0.233084670798854),.UNSPECIFIED.)
CURVE()
GEOMETRIC_REPRESENTATION_ITEM()
RATIONAL_B_SPLINE_CURVE((1.,0.713055999632784,1.))
REPRESENTATION_ITEM('')
);
#1432=(
BOUNDED_CURVE()
B_SPLINE_CURVE(2,(#9327,#9328,#9329),.UNSPECIFIED.,.F.,.F.)
B_SPLINE_CURVE_WITH_KNOTS((3,3),(0.,0.233084670798854),.UNSPECIFIED.)
CURVE()
GEOMETRIC_REPRESENTATION_ITEM()
RATIONAL_B_SPLINE_CURVE((1.,0.713055999634548,1.))
REPRESENTATION_ITEM('')
);
#1433=PCURVE('',#5566,#2299);
#1434=PCURVE('',#5566,#2300);
#1435=PCURVE('',#5566,#2301);
#1436=PCURVE('',#5566,#2302);
#1437=PCURVE('',#5567,#2303);
#1438=PCURVE('',#5567,#2304);
#1439=PCURVE('',#5567,#2305);
#1440=PCURVE('',#5567,#2306);
#1441=PCURVE('',#5567,#2307);
#1442=PCURVE('',#5567,#2308);
#1443=PCURVE('',#5567,#2309);
#1444=PCURVE('',#5567,#2310);
#1445=PCURVE('',#5567,#2311);
#1446=PCURVE('',#5567,#2312);
#1447=PCURVE('',#5567,#2313);
#1448=PCURVE('',#5567,#2314);
#1449=PCURVE('',#5567,#2315);
#1450=PCURVE('',#5567,#2316);
#1451=PCURVE('',#5567,#2317);
#1452=PCURVE('',#5567,#2318);
#1453=PCURVE('',#5567,#2319);
#1454=PCURVE('',#5567,#2320);
#1455=PCURVE('',#5567,#2321);
#1456=PCURVE('',#5567,#2322);
#1457=PCURVE('',#5567,#2323);
#1458=PCURVE('',#5567,#2324);
#1459=PCURVE('',#5567,#2325);
#1460=PCURVE('',#5567,#2326);
#1461=PCURVE('',#5567,#2327);
#1462=PCURVE('',#5567,#2328);
#1463=PCURVE('',#5568,#2329);
#1464=PCURVE('',#5568,#2330);
#1465=PCURVE('',#5568,#2331);
#1466=PCURVE('',#5568,#2332);
#1467=PCURVE('',#5568,#2333);
#1468=PCURVE('',#5568,#2334);
#1469=PCURVE('',#5568,#2335);
#1470=PCURVE('',#5568,#2336);
#1471=PCURVE('',#5569,#2337);
#1472=PCURVE('',#5569,#2338);
#1473=PCURVE('',#5569,#2339);
#1474=PCURVE('',#5569,#2340);
#1475=PCURVE('',#5569,#2341);
#1476=PCURVE('',#5569,#2342);
#1477=PCURVE('',#5569,#2343);
#1478=PCURVE('',#5569,#2344);
#1479=PCURVE('',#5570,#2345);
#1480=PCURVE('',#5570,#2346);
#1481=PCURVE('',#5570,#2347);
#1482=PCURVE('',#5570,#2348);
#1483=PCURVE('',#5570,#2349);
#1484=PCURVE('',#5570,#2350);
#1485=PCURVE('',#5570,#2351);
#1486=PCURVE('',#5570,#2352);
#1487=PCURVE('',#5571,#2353);
#1488=PCURVE('',#5571,#2354);
#1489=PCURVE('',#5571,#2355);
#1490=PCURVE('',#5571,#2356);
#1491=PCURVE('',#5571,#2357);
#1492=PCURVE('',#5571,#2358);
#1493=PCURVE('',#5571,#2359);
#1494=PCURVE('',#5571,#2360);
#1495=PCURVE('',#5572,#2361);
#1496=PCURVE('',#5572,#2362);
#1497=PCURVE('',#5572,#2363);
#1498=PCURVE('',#5572,#2364);
#1499=PCURVE('',#5572,#2365);
#1500=PCURVE('',#5572,#2366);
#1501=PCURVE('',#5572,#2367);
#1502=PCURVE('',#5572,#2368);
#1503=PCURVE('',#5573,#2369);
#1504=PCURVE('',#5573,#2370);
#1505=PCURVE('',#5573,#2371);
#1506=PCURVE('',#5573,#2372);
#1507=PCURVE('',#5574,#2373);
#1508=PCURVE('',#5574,#2374);
#1509=PCURVE('',#5574,#2375);
#1510=PCURVE('',#5574,#2376);
#1511=PCURVE('',#5575,#2377);
#1512=PCURVE('',#5575,#2378);
#1513=PCURVE('',#5575,#2379);
#1514=PCURVE('',#5575,#2380);
#1515=PCURVE('',#5576,#2381);
#1516=PCURVE('',#5576,#2382);
#1517=PCURVE('',#5576,#2383);
#1518=PCURVE('',#5576,#2384);
#1519=PCURVE('',#5577,#2385);
#1520=PCURVE('',#5577,#2386);
#1521=PCURVE('',#5577,#2387);
#1522=PCURVE('',#5577,#2388);
#1523=PCURVE('',#5577,#2389);
#1524=PCURVE('',#5577,#2390);
#1525=PCURVE('',#5577,#2391);
#1526=PCURVE('',#5577,#2392);
#1527=PCURVE('',#5577,#2393);
#1528=PCURVE('',#5577,#2394);
#1529=PCURVE('',#5577,#2395);
#1530=PCURVE('',#5577,#2396);
#1531=PCURVE('',#5578,#2397);
#1532=PCURVE('',#5578,#2398);
#1533=PCURVE('',#5578,#2399);
#1534=PCURVE('',#5578,#2400);
#1535=PCURVE('',#5578,#2401);
#1536=PCURVE('',#5578,#2402);
#1537=PCURVE('',#5579,#2403);
#1538=PCURVE('',#5579,#2404);
#1539=PCURVE('',#5579,#2405);
#1540=PCURVE('',#5579,#2406);
#1541=PCURVE('',#5579,#2407);
#1542=PCURVE('',#5579,#2408);
#1543=PCURVE('',#5579,#2409);
#1544=PCURVE('',#5579,#2410);
#1545=PCURVE('',#5579,#2411);
#1546=PCURVE('',#5579,#2412);
#1547=PCURVE('',#5579,#2413);
#1548=PCURVE('',#5579,#2414);
#1549=PCURVE('',#5579,#2415);
#1550=PCURVE('',#5579,#2416);
#1551=PCURVE('',#5579,#2417);
#1552=PCURVE('',#5579,#2418);
#1553=PCURVE('',#5579,#2419);
#1554=PCURVE('',#5579,#2420);
#1555=PCURVE('',#5579,#2421);
#1556=PCURVE('',#5579,#2422);
#1557=PCURVE('',#5580,#2423);
#1558=PCURVE('',#5580,#2424);
#1559=PCURVE('',#5580,#2425);
#1560=PCURVE('',#5580,#2426);
#1561=PCURVE('',#5580,#2427);
#1562=PCURVE('',#5580,#2428);
#1563=PCURVE('',#5580,#2429);
#1564=PCURVE('',#5580,#2430);
#1565=PCURVE('',#5580,#2431);
#1566=PCURVE('',#5580,#2432);
#1567=PCURVE('',#5580,#2433);
#1568=PCURVE('',#5580,#2434);
#1569=PCURVE('',#5580,#2435);
#1570=PCURVE('',#5580,#2436);
#1571=PCURVE('',#5580,#2437);
#1572=PCURVE('',#5580,#2438);
#1573=PCURVE('',#5580,#2439);
#1574=PCURVE('',#5580,#2440);
#1575=PCURVE('',#5580,#2441);
#1576=PCURVE('',#5580,#2442);
#1577=PCURVE('',#5580,#2443);
#1578=PCURVE('',#5580,#2444);
#1579=PCURVE('',#5580,#2445);
#1580=PCURVE('',#5580,#2446);
#1581=PCURVE('',#5580,#2447);
#1582=PCURVE('',#5580,#2448);
#1583=PCURVE('',#5580,#2449);
#1584=PCURVE('',#5580,#2450);
#1585=PCURVE('',#5580,#2451);
#1586=PCURVE('',#5580,#2452);
#1587=PCURVE('',#5580,#2453);
#1588=PCURVE('',#5580,#2454);
#1589=PCURVE('',#5580,#2455);
#1590=PCURVE('',#5580,#2456);
#1591=PCURVE('',#5580,#2457);
#1592=PCURVE('',#5580,#2458);
#1593=PCURVE('',#5581,#2459);
#1594=PCURVE('',#5581,#2460);
#1595=PCURVE('',#5581,#2461);
#1596=PCURVE('',#5581,#2462);
#1597=PCURVE('',#5582,#2463);
#1598=PCURVE('',#5582,#2464);
#1599=PCURVE('',#5582,#2465);
#1600=PCURVE('',#5582,#2466);
#1601=PCURVE('',#5583,#2467);
#1602=PCURVE('',#5583,#2468);
#1603=PCURVE('',#5583,#2469);
#1604=PCURVE('',#5583,#2470);
#1605=PCURVE('',#5584,#2471);
#1606=PCURVE('',#5584,#2472);
#1607=PCURVE('',#5584,#2473);
#1608=PCURVE('',#5584,#2474);
#1609=PCURVE('',#5585,#2475);
#1610=PCURVE('',#5585,#2476);
#1611=PCURVE('',#5585,#2477);
#1612=PCURVE('',#5585,#2478);
#1613=PCURVE('',#5586,#2479);
#1614=PCURVE('',#5586,#2480);
#1615=PCURVE('',#5586,#2481);
#1616=PCURVE('',#5586,#2482);
#1617=PCURVE('',#5587,#2483);
#1618=PCURVE('',#5587,#2484);
#1619=PCURVE('',#5587,#2485);
#1620=PCURVE('',#5587,#2486);
#1621=PCURVE('',#5588,#2487);
#1622=PCURVE('',#5588,#2488);
#1623=PCURVE('',#5588,#2489);
#1624=PCURVE('',#5588,#2490);
#1625=PCURVE('',#5588,#2491);
#1626=PCURVE('',#5588,#2492);
#1627=PCURVE('',#5588,#2493);
#1628=PCURVE('',#5588,#2494);
#1629=PCURVE('',#5589,#2495);
#1630=PCURVE('',#5589,#2496);
#1631=PCURVE('',#5589,#2497);
#1632=PCURVE('',#5589,#2498);
#1633=PCURVE('',#5589,#2499);
#1634=PCURVE('',#5589,#2500);
#1635=PCURVE('',#5590,#2501);
#1636=PCURVE('',#5590,#2502);
#1637=PCURVE('',#5590,#2503);
#1638=PCURVE('',#5590,#2504);
#1639=PCURVE('',#5590,#2505);
#1640=PCURVE('',#5590,#2506);
#1641=PCURVE('',#5590,#2507);
#1642=PCURVE('',#5590,#2508);
#1643=PCURVE('',#5590,#2509);
#1644=PCURVE('',#5590,#2510);
#1645=PCURVE('',#5590,#2511);
#1646=PCURVE('',#5590,#2512);
#1647=PCURVE('',#5591,#2513);
#1648=PCURVE('',#5591,#2514);
#1649=PCURVE('',#5591,#2515);
#1650=PCURVE('',#5591,#2516);
#1651=PCURVE('',#5592,#2517);
#1652=PCURVE('',#5592,#2518);
#1653=PCURVE('',#5592,#2519);
#1654=PCURVE('',#5592,#2520);
#1655=PCURVE('',#5593,#2521);
#1656=PCURVE('',#5593,#2522);
#1657=PCURVE('',#5593,#2523);
#1658=PCURVE('',#5593,#2524);
#1659=PCURVE('',#5594,#2525);
#1660=PCURVE('',#5594,#2526);
#1661=PCURVE('',#5594,#2527);
#1662=PCURVE('',#5594,#2528);
#1663=PCURVE('',#5595,#2529);
#1664=PCURVE('',#5595,#2530);
#1665=PCURVE('',#5595,#2531);
#1666=PCURVE('',#5595,#2532);
#1667=PCURVE('',#5596,#2533);
#1668=PCURVE('',#5596,#2534);
#1669=PCURVE('',#5596,#2535);
#1670=PCURVE('',#5596,#2536);
#1671=PCURVE('',#5597,#2537);
#1672=PCURVE('',#5597,#2538);
#1673=PCURVE('',#5597,#2539);
#1674=PCURVE('',#5597,#2540);
#1675=PCURVE('',#5598,#2541);
#1676=PCURVE('',#5598,#2542);
#1677=PCURVE('',#5598,#2543);
#1678=PCURVE('',#5598,#2544);
#1679=PCURVE('',#5599,#2545);
#1680=PCURVE('',#5599,#2546);
#1681=PCURVE('',#5599,#2547);
#1682=PCURVE('',#5599,#2548);
#1683=PCURVE('',#5600,#2549);
#1684=PCURVE('',#5600,#2550);
#1685=PCURVE('',#5600,#2551);
#1686=PCURVE('',#5600,#2552);
#1687=PCURVE('',#5601,#2553);
#1688=PCURVE('',#5601,#2554);
#1689=PCURVE('',#5601,#2555);
#1690=PCURVE('',#5601,#2556);
#1691=PCURVE('',#5602,#2557);
#1692=PCURVE('',#5602,#2558);
#1693=PCURVE('',#5602,#2559);
#1694=PCURVE('',#5602,#2560);
#1695=PCURVE('',#5603,#2561);
#1696=PCURVE('',#5603,#2562);
#1697=PCURVE('',#5603,#2563);
#1698=PCURVE('',#5603,#2564);
#1699=PCURVE('',#5604,#2565);
#1700=PCURVE('',#5604,#2566);
#1701=PCURVE('',#5604,#2567);
#1702=PCURVE('',#5604,#2568);
#1703=PCURVE('',#5605,#2569);
#1704=PCURVE('',#5605,#2570);
#1705=PCURVE('',#5605,#2571);
#1706=PCURVE('',#5605,#2572);
#1707=PCURVE('',#5606,#2573);
#1708=PCURVE('',#5606,#2574);
#1709=PCURVE('',#5606,#2575);
#1710=PCURVE('',#5606,#2576);
#1711=PCURVE('',#5607,#2577);
#1712=PCURVE('',#5607,#2578);
#1713=PCURVE('',#5607,#2579);
#1714=PCURVE('',#5607,#2580);
#1715=PCURVE('',#5608,#2581);
#1716=PCURVE('',#5608,#2582);
#1717=PCURVE('',#5608,#2583);
#1718=PCURVE('',#5608,#2584);
#1719=PCURVE('',#5609,#2585);
#1720=PCURVE('',#5609,#2586);
#1721=PCURVE('',#5609,#2587);
#1722=PCURVE('',#5609,#2588);
#1723=PCURVE('',#5610,#2589);
#1724=PCURVE('',#5610,#2590);
#1725=PCURVE('',#5610,#2591);
#1726=PCURVE('',#5610,#2592);
#1727=PCURVE('',#5611,#2593);
#1728=PCURVE('',#5611,#2594);
#1729=PCURVE('',#5611,#2595);
#1730=PCURVE('',#5611,#2596);
#1731=PCURVE('',#5612,#2597);
#1732=PCURVE('',#5612,#2598);
#1733=PCURVE('',#5612,#2599);
#1734=PCURVE('',#5612,#2600);
#1735=PCURVE('',#5613,#2601);
#1736=PCURVE('',#5613,#2602);
#1737=PCURVE('',#5613,#2603);
#1738=PCURVE('',#5613,#2604);
#1739=PCURVE('',#5614,#2605);
#1740=PCURVE('',#5614,#2606);
#1741=PCURVE('',#5614,#2607);
#1742=PCURVE('',#5614,#2608);
#1743=PCURVE('',#5615,#2609);
#1744=PCURVE('',#5615,#2610);
#1745=PCURVE('',#5615,#2611);
#1746=PCURVE('',#5615,#2612);
#1747=PCURVE('',#5616,#2613);
#1748=PCURVE('',#5616,#2614);
#1749=PCURVE('',#5616,#2615);
#1750=PCURVE('',#5616,#2616);
#1751=PCURVE('',#5616,#2617);
#1752=PCURVE('',#5616,#2618);
#1753=PCURVE('',#5617,#2619);
#1754=PCURVE('',#5617,#2620);
#1755=PCURVE('',#5617,#2621);
#1756=PCURVE('',#5617,#2622);
#1757=PCURVE('',#5618,#2623);
#1758=PCURVE('',#5618,#2624);
#1759=PCURVE('',#5618,#2625);
#1760=PCURVE('',#5618,#2626);
#1761=PCURVE('',#5619,#2627);
#1762=PCURVE('',#5619,#2628);
#1763=PCURVE('',#5619,#2629);
#1764=PCURVE('',#5619,#2630);
#1765=PCURVE('',#5620,#2631);
#1766=PCURVE('',#5620,#2632);
#1767=PCURVE('',#5620,#2633);
#1768=PCURVE('',#5620,#2634);
#1769=PCURVE('',#5621,#2635);
#1770=PCURVE('',#5621,#2636);
#1771=PCURVE('',#5621,#2637);
#1772=PCURVE('',#5621,#2638);
#1773=PCURVE('',#5622,#2639);
#1774=PCURVE('',#5622,#2640);
#1775=PCURVE('',#5622,#2641);
#1776=PCURVE('',#5622,#2642);
#1777=PCURVE('',#5623,#2643);
#1778=PCURVE('',#5623,#2644);
#1779=PCURVE('',#5623,#2645);
#1780=PCURVE('',#5623,#2646);
#1781=PCURVE('',#5623,#2647);
#1782=PCURVE('',#5623,#2648);
#1783=PCURVE('',#5623,#2649);
#1784=PCURVE('',#5623,#2650);
#1785=PCURVE('',#5624,#2651);
#1786=PCURVE('',#5624,#2652);
#1787=PCURVE('',#5624,#2653);
#1788=PCURVE('',#5624,#2654);
#1789=PCURVE('',#5625,#2655);
#1790=PCURVE('',#5625,#2656);
#1791=PCURVE('',#5625,#2657);
#1792=PCURVE('',#5625,#2658);
#1793=PCURVE('',#5625,#2659);
#1794=PCURVE('',#5625,#2660);
#1795=PCURVE('',#5625,#2661);
#1796=PCURVE('',#5625,#2662);
#1797=PCURVE('',#5626,#2663);
#1798=PCURVE('',#5626,#2664);
#1799=PCURVE('',#5626,#2665);
#1800=PCURVE('',#5626,#2666);
#1801=PCURVE('',#5627,#2667);
#1802=PCURVE('',#5627,#2668);
#1803=PCURVE('',#5627,#2669);
#1804=PCURVE('',#5627,#2670);
#1805=PCURVE('',#5628,#2671);
#1806=PCURVE('',#5628,#2672);
#1807=PCURVE('',#5628,#2673);
#1808=PCURVE('',#5628,#2674);
#1809=PCURVE('',#5629,#2675);
#1810=PCURVE('',#5629,#2676);
#1811=PCURVE('',#5629,#2677);
#1812=PCURVE('',#5629,#2678);
#1813=PCURVE('',#5630,#2679);
#1814=PCURVE('',#5630,#2680);
#1815=PCURVE('',#5630,#2681);
#1816=PCURVE('',#5630,#2682);
#1817=PCURVE('',#5631,#2683);
#1818=PCURVE('',#5631,#2684);
#1819=PCURVE('',#5631,#2685);
#1820=PCURVE('',#5631,#2686);
#1821=PCURVE('',#5632,#2687);
#1822=PCURVE('',#5632,#2688);
#1823=PCURVE('',#5632,#2689);
#1824=PCURVE('',#5632,#2690);
#1825=PCURVE('',#5633,#2691);
#1826=PCURVE('',#5633,#2692);
#1827=PCURVE('',#5633,#2693);
#1828=PCURVE('',#5633,#2694);
#1829=PCURVE('',#5634,#2695);
#1830=PCURVE('',#5634,#2696);
#1831=PCURVE('',#5634,#2697);
#1832=PCURVE('',#5634,#2698);
#1833=PCURVE('',#5635,#2699);
#1834=PCURVE('',#5635,#2700);
#1835=PCURVE('',#5635,#2701);
#1836=PCURVE('',#5635,#2702);
#1837=PCURVE('',#5552,#2703);
#1838=PCURVE('',#5552,#2704);
#1839=PCURVE('',#5552,#2705);
#1840=PCURVE('',#5552,#2706);
#1841=PCURVE('',#5636,#2707);
#1842=PCURVE('',#5636,#2708);
#1843=PCURVE('',#5636,#2709);
#1844=PCURVE('',#5636,#2710);
#1845=PCURVE('',#5637,#2711);
#1846=PCURVE('',#5637,#2712);
#1847=PCURVE('',#5637,#2713);
#1848=PCURVE('',#5637,#2714);
#1849=PCURVE('',#5637,#2715);
#1850=PCURVE('',#5637,#2716);
#1851=PCURVE('',#5637,#2717);
#1852=PCURVE('',#5637,#2718);
#1853=PCURVE('',#5638,#2719);
#1854=PCURVE('',#5638,#2720);
#1855=PCURVE('',#5638,#2721);
#1856=PCURVE('',#5638,#2722);
#1857=PCURVE('',#5639,#2723);
#1858=PCURVE('',#5639,#2724);
#1859=PCURVE('',#5639,#2725);
#1860=PCURVE('',#5639,#2726);
#1861=PCURVE('',#5640,#2727);
#1862=PCURVE('',#5640,#2728);
#1863=PCURVE('',#5640,#2729);
#1864=PCURVE('',#5640,#2730);
#1865=PCURVE('',#5640,#2731);
#1866=PCURVE('',#5640,#2732);
#1867=PCURVE('',#5641,#2733);
#1868=PCURVE('',#5641,#2734);
#1869=PCURVE('',#5641,#2735);
#1870=PCURVE('',#5641,#2736);
#1871=PCURVE('',#5642,#2737);
#1872=PCURVE('',#5642,#2738);
#1873=PCURVE('',#5642,#2739);
#1874=PCURVE('',#5642,#2740);
#1875=PCURVE('',#5643,#2741);
#1876=PCURVE('',#5643,#2742);
#1877=PCURVE('',#5643,#2743);
#1878=PCURVE('',#5643,#2744);
#1879=PCURVE('',#5644,#2745);
#1880=PCURVE('',#5644,#2746);
#1881=PCURVE('',#5644,#2747);
#1882=PCURVE('',#5644,#2748);
#1883=PCURVE('',#5645,#2749);
#1884=PCURVE('',#5645,#2750);
#1885=PCURVE('',#5645,#2751);
#1886=PCURVE('',#5645,#2752);
#1887=PCURVE('',#5646,#2753);
#1888=PCURVE('',#5646,#2754);
#1889=PCURVE('',#5646,#2755);
#1890=PCURVE('',#5646,#2756);
#1891=PCURVE('',#5647,#2757);
#1892=PCURVE('',#5647,#2758);
#1893=PCURVE('',#5647,#2759);
#1894=PCURVE('',#5647,#2760);
#1895=PCURVE('',#5647,#2761);
#1896=PCURVE('',#5647,#2762);
#1897=PCURVE('',#5647,#2763);
#1898=PCURVE('',#5647,#2764);
#1899=PCURVE('',#5648,#2765);
#1900=PCURVE('',#5648,#2766);
#1901=PCURVE('',#5648,#2767);
#1902=PCURVE('',#5648,#2768);
#1903=PCURVE('',#5649,#2769);
#1904=PCURVE('',#5649,#2770);
#1905=PCURVE('',#5649,#2771);
#1906=PCURVE('',#5649,#2772);
#1907=PCURVE('',#5649,#2773);
#1908=PCURVE('',#5649,#2774);
#1909=PCURVE('',#5649,#2775);
#1910=PCURVE('',#5649,#2776);
#1911=PCURVE('',#5650,#2777);
#1912=PCURVE('',#5650,#2778);
#1913=PCURVE('',#5650,#2779);
#1914=PCURVE('',#5650,#2780);
#1915=PCURVE('',#5651,#2781);
#1916=PCURVE('',#5651,#2782);
#1917=PCURVE('',#5651,#2783);
#1918=PCURVE('',#5651,#2784);
#1919=PCURVE('',#5553,#2785);
#1920=PCURVE('',#5553,#2786);
#1921=PCURVE('',#5553,#2787);
#1922=PCURVE('',#5553,#2788);
#1923=PCURVE('',#5652,#2789);
#1924=PCURVE('',#5652,#2790);
#1925=PCURVE('',#5652,#2791);
#1926=PCURVE('',#5652,#2792);
#1927=PCURVE('',#5652,#2793);
#1928=PCURVE('',#5652,#2794);
#1929=PCURVE('',#5652,#2795);
#1930=PCURVE('',#5652,#2796);
#1931=PCURVE('',#5652,#2797);
#1932=PCURVE('',#5652,#2798);
#1933=PCURVE('',#5652,#2799);
#1934=PCURVE('',#5652,#2800);
#1935=PCURVE('',#5652,#2801);
#1936=PCURVE('',#5652,#2802);
#1937=PCURVE('',#5652,#2803);
#1938=PCURVE('',#5652,#2804);
#1939=PCURVE('',#5652,#2805);
#1940=PCURVE('',#5652,#2806);
#1941=PCURVE('',#5652,#2807);
#1942=PCURVE('',#5652,#2808);
#1943=PCURVE('',#5653,#2809);
#1944=PCURVE('',#5653,#2810);
#1945=PCURVE('',#5653,#2811);
#1946=PCURVE('',#5653,#2812);
#1947=PCURVE('',#5554,#2813);
#1948=PCURVE('',#5554,#2814);
#1949=PCURVE('',#5554,#2815);
#1950=PCURVE('',#5554,#2816);
#1951=PCURVE('',#5654,#2817);
#1952=PCURVE('',#5654,#2818);
#1953=PCURVE('',#5654,#2819);
#1954=PCURVE('',#5654,#2820);
#1955=PCURVE('',#5655,#2821);
#1956=PCURVE('',#5655,#2822);
#1957=PCURVE('',#5655,#2823);
#1958=PCURVE('',#5655,#2824);
#1959=PCURVE('',#5656,#2825);
#1960=PCURVE('',#5656,#2826);
#1961=PCURVE('',#5656,#2827);
#1962=PCURVE('',#5656,#2828);
#1963=PCURVE('',#5657,#2829);
#1964=PCURVE('',#5657,#2830);
#1965=PCURVE('',#5657,#2831);
#1966=PCURVE('',#5657,#2832);
#1967=PCURVE('',#5658,#2833);
#1968=PCURVE('',#5658,#2834);
#1969=PCURVE('',#5658,#2835);
#1970=PCURVE('',#5658,#2836);
#1971=PCURVE('',#5659,#2837);
#1972=PCURVE('',#5659,#2838);
#1973=PCURVE('',#5659,#2839);
#1974=PCURVE('',#5659,#2840);
#1975=PCURVE('',#5660,#2841);
#1976=PCURVE('',#5660,#2842);
#1977=PCURVE('',#5660,#2843);
#1978=PCURVE('',#5660,#2844);
#1979=PCURVE('',#5660,#2845);
#1980=PCURVE('',#5660,#2846);
#1981=PCURVE('',#5660,#2847);
#1982=PCURVE('',#5660,#2848);
#1983=PCURVE('',#5660,#2849);
#1984=PCURVE('',#5660,#2850);
#1985=PCURVE('',#5661,#2851);
#1986=PCURVE('',#5661,#2852);
#1987=PCURVE('',#5661,#2853);
#1988=PCURVE('',#5661,#2854);
#1989=PCURVE('',#5661,#2855);
#1990=PCURVE('',#5661,#2856);
#1991=PCURVE('',#5661,#2857);
#1992=PCURVE('',#5661,#2858);
#1993=PCURVE('',#5661,#2859);
#1994=PCURVE('',#5661,#2860);
#1995=PCURVE('',#5662,#2861);
#1996=PCURVE('',#5662,#2862);
#1997=PCURVE('',#5662,#2863);
#1998=PCURVE('',#5662,#2864);
#1999=PCURVE('',#5663,#2865);
#2000=PCURVE('',#5663,#2866);
#2001=PCURVE('',#5663,#2867);
#2002=PCURVE('',#5663,#2868);
#2003=PCURVE('',#5664,#2869);
#2004=PCURVE('',#5664,#2870);
#2005=PCURVE('',#5664,#2871);
#2006=PCURVE('',#5664,#2872);
#2007=PCURVE('',#5665,#2873);
#2008=PCURVE('',#5665,#2874);
#2009=PCURVE('',#5665,#2875);
#2010=PCURVE('',#5665,#2876);
#2011=PCURVE('',#5665,#2877);
#2012=PCURVE('',#5665,#2878);
#2013=PCURVE('',#5666,#2879);
#2014=PCURVE('',#5666,#2880);
#2015=PCURVE('',#5666,#2881);
#2016=PCURVE('',#5666,#2882);
#2017=PCURVE('',#5666,#2883);
#2018=PCURVE('',#5666,#2884);
#2019=PCURVE('',#5667,#2885);
#2020=PCURVE('',#5667,#2886);
#2021=PCURVE('',#5667,#2887);
#2022=PCURVE('',#5667,#2888);
#2023=PCURVE('',#5668,#2889);
#2024=PCURVE('',#5668,#2890);
#2025=PCURVE('',#5668,#2891);
#2026=PCURVE('',#5668,#2892);
#2027=PCURVE('',#5555,#2893);
#2028=PCURVE('',#5555,#2894);
#2029=PCURVE('',#5555,#2895);
#2030=PCURVE('',#5555,#2896);
#2031=PCURVE('',#5556,#2897);
#2032=PCURVE('',#5556,#2898);
#2033=PCURVE('',#5556,#2899);
#2034=PCURVE('',#5556,#2900);
#2035=PCURVE('',#5557,#2901);
#2036=PCURVE('',#5557,#2902);
#2037=PCURVE('',#5557,#2903);
#2038=PCURVE('',#5557,#2904);
#2039=PCURVE('',#5669,#2905);
#2040=PCURVE('',#5669,#2906);
#2041=PCURVE('',#5669,#2907);
#2042=PCURVE('',#5669,#2908);
#2043=PCURVE('',#5670,#2909);
#2044=PCURVE('',#5670,#2910);
#2045=PCURVE('',#5670,#2911);
#2046=PCURVE('',#5670,#2912);
#2047=PCURVE('',#5671,#2913);
#2048=PCURVE('',#5671,#2914);
#2049=PCURVE('',#5671,#2915);
#2050=PCURVE('',#5671,#2916);
#2051=PCURVE('',#5672,#2917);
#2052=PCURVE('',#5672,#2918);
#2053=PCURVE('',#5672,#2919);
#2054=PCURVE('',#5672,#2920);
#2055=PCURVE('',#5673,#2921);
#2056=PCURVE('',#5673,#2922);
#2057=PCURVE('',#5673,#2923);
#2058=PCURVE('',#5673,#2924);
#2059=PCURVE('',#5674,#2925);
#2060=PCURVE('',#5674,#2926);
#2061=PCURVE('',#5674,#2927);
#2062=PCURVE('',#5674,#2928);
#2063=PCURVE('',#5675,#2929);
#2064=PCURVE('',#5675,#2930);
#2065=PCURVE('',#5675,#2931);
#2066=PCURVE('',#5675,#2932);
#2067=PCURVE('',#5675,#2933);
#2068=PCURVE('',#5675,#2934);
#2069=PCURVE('',#5675,#2935);
#2070=PCURVE('',#5675,#2936);
#2071=PCURVE('',#5675,#2937);
#2072=PCURVE('',#5675,#2938);
#2073=PCURVE('',#5676,#2939);
#2074=PCURVE('',#5676,#2940);
#2075=PCURVE('',#5676,#2941);
#2076=PCURVE('',#5676,#2942);
#2077=PCURVE('',#5676,#2943);
#2078=PCURVE('',#5676,#2944);
#2079=PCURVE('',#5676,#2945);
#2080=PCURVE('',#5676,#2946);
#2081=PCURVE('',#5676,#2947);
#2082=PCURVE('',#5676,#2948);
#2083=PCURVE('',#5677,#2949);
#2084=PCURVE('',#5677,#2950);
#2085=PCURVE('',#5677,#2951);
#2086=PCURVE('',#5677,#2952);
#2087=PCURVE('',#5678,#2953);
#2088=PCURVE('',#5678,#2954);
#2089=PCURVE('',#5678,#2955);
#2090=PCURVE('',#5678,#2956);
#2091=PCURVE('',#5679,#2957);
#2092=PCURVE('',#5679,#2958);
#2093=PCURVE('',#5679,#2959);
#2094=PCURVE('',#5679,#2960);
#2095=PCURVE('',#5680,#2961);
#2096=PCURVE('',#5680,#2962);
#2097=PCURVE('',#5680,#2963);
#2098=PCURVE('',#5680,#2964);
#2099=PCURVE('',#5680,#2965);
#2100=PCURVE('',#5680,#2966);
#2101=PCURVE('',#5681,#2967);
#2102=PCURVE('',#5681,#2968);
#2103=PCURVE('',#5681,#2969);
#2104=PCURVE('',#5681,#2970);
#2105=PCURVE('',#5681,#2971);
#2106=PCURVE('',#5681,#2972);
#2107=PCURVE('',#5682,#2973);
#2108=PCURVE('',#5682,#2974);
#2109=PCURVE('',#5682,#2975);
#2110=PCURVE('',#5682,#2976);
#2111=PCURVE('',#5683,#2977);
#2112=PCURVE('',#5683,#2978);
#2113=PCURVE('',#5683,#2979);
#2114=PCURVE('',#5683,#2980);
#2115=PCURVE('',#5558,#2981);
#2116=PCURVE('',#5558,#2982);
#2117=PCURVE('',#5558,#2983);
#2118=PCURVE('',#5558,#2984);
#2119=PCURVE('',#5684,#2985);
#2120=PCURVE('',#5684,#2986);
#2121=PCURVE('',#5684,#2987);
#2122=PCURVE('',#5684,#2988);
#2123=PCURVE('',#5685,#2989);
#2124=PCURVE('',#5685,#2990);
#2125=PCURVE('',#5685,#2991);
#2126=PCURVE('',#5685,#2992);
#2127=PCURVE('',#5686,#2993);
#2128=PCURVE('',#5686,#2994);
#2129=PCURVE('',#5686,#2995);
#2130=PCURVE('',#5686,#2996);
#2131=PCURVE('',#5687,#2997);
#2132=PCURVE('',#5687,#2998);
#2133=PCURVE('',#5687,#2999);
#2134=PCURVE('',#5687,#3000);
#2135=PCURVE('',#5688,#3001);
#2136=PCURVE('',#5688,#3002);
#2137=PCURVE('',#5688,#3003);
#2138=PCURVE('',#5688,#3004);
#2139=PCURVE('',#5689,#3005);
#2140=PCURVE('',#5689,#3006);
#2141=PCURVE('',#5689,#3007);
#2142=PCURVE('',#5689,#3008);
#2143=PCURVE('',#5690,#3009);
#2144=PCURVE('',#5690,#3010);
#2145=PCURVE('',#5690,#3011);
#2146=PCURVE('',#5690,#3012);
#2147=PCURVE('',#5690,#3013);
#2148=PCURVE('',#5690,#3014);
#2149=PCURVE('',#5690,#3015);
#2150=PCURVE('',#5690,#3016);
#2151=PCURVE('',#5690,#3017);
#2152=PCURVE('',#5690,#3018);
#2153=PCURVE('',#5691,#3019);
#2154=PCURVE('',#5691,#3020);
#2155=PCURVE('',#5691,#3021);
#2156=PCURVE('',#5691,#3022);
#2157=PCURVE('',#5691,#3023);
#2158=PCURVE('',#5691,#3024);
#2159=PCURVE('',#5691,#3025);
#2160=PCURVE('',#5691,#3026);
#2161=PCURVE('',#5691,#3027);
#2162=PCURVE('',#5691,#3028);
#2163=PCURVE('',#5692,#3029);
#2164=PCURVE('',#5692,#3030);
#2165=PCURVE('',#5692,#3031);
#2166=PCURVE('',#5692,#3032);
#2167=PCURVE('',#5693,#3033);
#2168=PCURVE('',#5693,#3034);
#2169=PCURVE('',#5693,#3035);
#2170=PCURVE('',#5693,#3036);
#2171=PCURVE('',#5694,#3037);
#2172=PCURVE('',#5694,#3038);
#2173=PCURVE('',#5694,#3039);
#2174=PCURVE('',#5694,#3040);
#2175=PCURVE('',#5695,#3041);
#2176=PCURVE('',#5695,#3042);
#2177=PCURVE('',#5695,#3043);
#2178=PCURVE('',#5695,#3044);
#2179=PCURVE('',#5695,#3045);
#2180=PCURVE('',#5695,#3046);
#2181=PCURVE('',#5696,#3047);
#2182=PCURVE('',#5696,#3048);
#2183=PCURVE('',#5696,#3049);
#2184=PCURVE('',#5696,#3050);
#2185=PCURVE('',#5696,#3051);
#2186=PCURVE('',#5696,#3052);
#2187=PCURVE('',#5697,#3053);
#2188=PCURVE('',#5697,#3054);
#2189=PCURVE('',#5697,#3055);
#2190=PCURVE('',#5697,#3056);
#2191=PCURVE('',#5698,#3057);
#2192=PCURVE('',#5698,#3058);
#2193=PCURVE('',#5698,#3059);
#2194=PCURVE('',#5698,#3060);
#2195=PCURVE('',#5559,#3061);
#2196=PCURVE('',#5559,#3062);
#2197=PCURVE('',#5559,#3063);
#2198=PCURVE('',#5559,#3064);
#2199=PCURVE('',#5699,#3065);
#2200=PCURVE('',#5699,#3066);
#2201=PCURVE('',#5699,#3067);
#2202=PCURVE('',#5699,#3068);
#2203=PCURVE('',#5700,#3069);
#2204=PCURVE('',#5700,#3070);
#2205=PCURVE('',#5700,#3071);
#2206=PCURVE('',#5700,#3072);
#2207=PCURVE('',#5701,#3073);
#2208=PCURVE('',#5701,#3074);
#2209=PCURVE('',#5701,#3075);
#2210=PCURVE('',#5701,#3076);
#2211=PCURVE('',#5702,#3077);
#2212=PCURVE('',#5702,#3078);
#2213=PCURVE('',#5702,#3079);
#2214=PCURVE('',#5702,#3080);
#2215=PCURVE('',#5703,#3081);
#2216=PCURVE('',#5703,#3082);
#2217=PCURVE('',#5703,#3083);
#2218=PCURVE('',#5703,#3084);
#2219=PCURVE('',#5704,#3085);
#2220=PCURVE('',#5704,#3086);
#2221=PCURVE('',#5704,#3087);
#2222=PCURVE('',#5704,#3088);
#2223=PCURVE('',#5705,#3089);
#2224=PCURVE('',#5705,#3090);
#2225=PCURVE('',#5705,#3091);
#2226=PCURVE('',#5705,#3092);
#2227=PCURVE('',#5705,#3093);
#2228=PCURVE('',#5705,#3094);
#2229=PCURVE('',#5705,#3095);
#2230=PCURVE('',#5705,#3096);
#2231=PCURVE('',#5705,#3097);
#2232=PCURVE('',#5705,#3098);
#2233=PCURVE('',#5706,#3099);
#2234=PCURVE('',#5706,#3100);
#2235=PCURVE('',#5706,#3101);
#2236=PCURVE('',#5706,#3102);
#2237=PCURVE('',#5706,#3103);
#2238=PCURVE('',#5706,#3104);
#2239=PCURVE('',#5706,#3105);
#2240=PCURVE('',#5706,#3106);
#2241=PCURVE('',#5706,#3107);
#2242=PCURVE('',#5706,#3108);
#2243=PCURVE('',#5707,#3109);
#2244=PCURVE('',#5707,#3110);
#2245=PCURVE('',#5707,#3111);
#2246=PCURVE('',#5707,#3112);
#2247=PCURVE('',#5708,#3113);
#2248=PCURVE('',#5708,#3114);
#2249=PCURVE('',#5708,#3115);
#2250=PCURVE('',#5708,#3116);
#2251=PCURVE('',#5709,#3117);
#2252=PCURVE('',#5709,#3118);
#2253=PCURVE('',#5709,#3119);
#2254=PCURVE('',#5709,#3120);
#2255=PCURVE('',#5710,#3121);
#2256=PCURVE('',#5710,#3122);
#2257=PCURVE('',#5710,#3123);
#2258=PCURVE('',#5710,#3124);
#2259=PCURVE('',#5710,#3125);
#2260=PCURVE('',#5710,#3126);
#2261=PCURVE('',#5711,#3127);
#2262=PCURVE('',#5711,#3128);
#2263=PCURVE('',#5711,#3129);
#2264=PCURVE('',#5711,#3130);
#2265=PCURVE('',#5711,#3131);
#2266=PCURVE('',#5711,#3132);
#2267=PCURVE('',#5712,#3133);
#2268=PCURVE('',#5712,#3134);
#2269=PCURVE('',#5712,#3135);
#2270=PCURVE('',#5712,#3136);
#2271=PCURVE('',#5713,#3137);
#2272=PCURVE('',#5713,#3138);
#2273=PCURVE('',#5713,#3139);
#2274=PCURVE('',#5713,#3140);
#2275=PCURVE('',#5560,#3141);
#2276=PCURVE('',#5560,#3142);
#2277=PCURVE('',#5560,#3143);
#2278=PCURVE('',#5560,#3144);
#2279=PCURVE('',#5561,#3145);
#2280=PCURVE('',#5561,#3146);
#2281=PCURVE('',#5561,#3147);
#2282=PCURVE('',#5561,#3148);
#2283=PCURVE('',#5562,#3149);
#2284=PCURVE('',#5562,#3150);
#2285=PCURVE('',#5562,#3151);
#2286=PCURVE('',#5562,#3152);
#2287=PCURVE('',#5563,#3153);
#2288=PCURVE('',#5563,#3154);
#2289=PCURVE('',#5563,#3155);
#2290=PCURVE('',#5563,#3156);
#2291=PCURVE('',#5564,#3157);
#2292=PCURVE('',#5564,#3158);
#2293=PCURVE('',#5564,#3159);
#2294=PCURVE('',#5564,#3160);
#2295=PCURVE('',#5565,#3161);
#2296=PCURVE('',#5565,#3162);
#2297=PCURVE('',#5565,#3163);
#2298=PCURVE('',#5565,#3164);
#2299=DEFINITIONAL_REPRESENTATION('',(#4032),#9401);
#2300=DEFINITIONAL_REPRESENTATION('',(#4034),#9401);
#2301=DEFINITIONAL_REPRESENTATION('',(#4036),#9401);
#2302=DEFINITIONAL_REPRESENTATION('',(#4038),#9401);
#2303=DEFINITIONAL_REPRESENTATION('',(#4040),#9401);
#2304=DEFINITIONAL_REPRESENTATION('',(#4042),#9401);
#2305=DEFINITIONAL_REPRESENTATION('',(#4044),#9401);
#2306=DEFINITIONAL_REPRESENTATION('',(#4046),#9401);
#2307=DEFINITIONAL_REPRESENTATION('',(#4048),#9401);
#2308=DEFINITIONAL_REPRESENTATION('',(#4050),#9401);
#2309=DEFINITIONAL_REPRESENTATION('',(#4052),#9401);
#2310=DEFINITIONAL_REPRESENTATION('',(#4054),#9401);
#2311=DEFINITIONAL_REPRESENTATION('',(#4056),#9401);
#2312=DEFINITIONAL_REPRESENTATION('',(#4057),#9401);
#2313=DEFINITIONAL_REPRESENTATION('',(#4059),#9401);
#2314=DEFINITIONAL_REPRESENTATION('',(#4061),#9401);
#2315=DEFINITIONAL_REPRESENTATION('',(#4063),#9401);
#2316=DEFINITIONAL_REPRESENTATION('',(#4065),#9401);
#2317=DEFINITIONAL_REPRESENTATION('',(#4067),#9401);
#2318=DEFINITIONAL_REPRESENTATION('',(#4069),#9401);
#2319=DEFINITIONAL_REPRESENTATION('',(#4071),#9401);
#2320=DEFINITIONAL_REPRESENTATION('',(#4073),#9401);
#2321=DEFINITIONAL_REPRESENTATION('',(#4075),#9401);
#2322=DEFINITIONAL_REPRESENTATION('',(#4077),#9401);
#2323=DEFINITIONAL_REPRESENTATION('',(#4079),#9401);
#2324=DEFINITIONAL_REPRESENTATION('',(#4081),#9401);
#2325=DEFINITIONAL_REPRESENTATION('',(#4083),#9401);
#2326=DEFINITIONAL_REPRESENTATION('',(#4085),#9401);
#2327=DEFINITIONAL_REPRESENTATION('',(#4087),#9401);
#2328=DEFINITIONAL_REPRESENTATION('',(#4089),#9401);
#2329=DEFINITIONAL_REPRESENTATION('',(#4091),#9401);
#2330=DEFINITIONAL_REPRESENTATION('',(#4093),#9401);
#2331=DEFINITIONAL_REPRESENTATION('',(#4095),#9401);
#2332=DEFINITIONAL_REPRESENTATION('',(#4097),#9401);
#2333=DEFINITIONAL_REPRESENTATION('',(#4099),#9401);
#2334=DEFINITIONAL_REPRESENTATION('',(#4101),#9401);
#2335=DEFINITIONAL_REPRESENTATION('',(#4103),#9401);
#2336=DEFINITIONAL_REPRESENTATION('',(#4105),#9401);
#2337=DEFINITIONAL_REPRESENTATION('',(#4107),#9401);
#2338=DEFINITIONAL_REPRESENTATION('',(#4109),#9401);
#2339=DEFINITIONAL_REPRESENTATION('',(#4111),#9401);
#2340=DEFINITIONAL_REPRESENTATION('',(#4113),#9401);
#2341=DEFINITIONAL_REPRESENTATION('',(#4115),#9401);
#2342=DEFINITIONAL_REPRESENTATION('',(#4117),#9401);
#2343=DEFINITIONAL_REPRESENTATION('',(#4119),#9401);
#2344=DEFINITIONAL_REPRESENTATION('',(#4121),#9401);
#2345=DEFINITIONAL_REPRESENTATION('',(#4123),#9401);
#2346=DEFINITIONAL_REPRESENTATION('',(#4125),#9401);
#2347=DEFINITIONAL_REPRESENTATION('',(#4127),#9401);
#2348=DEFINITIONAL_REPRESENTATION('',(#4129),#9401);
#2349=DEFINITIONAL_REPRESENTATION('',(#4131),#9401);
#2350=DEFINITIONAL_REPRESENTATION('',(#4133),#9401);
#2351=DEFINITIONAL_REPRESENTATION('',(#4135),#9401);
#2352=DEFINITIONAL_REPRESENTATION('',(#4137),#9401);
#2353=DEFINITIONAL_REPRESENTATION('',(#4139),#9401);
#2354=DEFINITIONAL_REPRESENTATION('',(#4141),#9401);
#2355=DEFINITIONAL_REPRESENTATION('',(#4143),#9401);
#2356=DEFINITIONAL_REPRESENTATION('',(#4145),#9401);
#2357=DEFINITIONAL_REPRESENTATION('',(#4147),#9401);
#2358=DEFINITIONAL_REPRESENTATION('',(#4149),#9401);
#2359=DEFINITIONAL_REPRESENTATION('',(#4151),#9401);
#2360=DEFINITIONAL_REPRESENTATION('',(#4153),#9401);
#2361=DEFINITIONAL_REPRESENTATION('',(#4155),#9401);
#2362=DEFINITIONAL_REPRESENTATION('',(#4157),#9401);
#2363=DEFINITIONAL_REPRESENTATION('',(#4159),#9401);
#2364=DEFINITIONAL_REPRESENTATION('',(#4161),#9401);
#2365=DEFINITIONAL_REPRESENTATION('',(#4163),#9401);
#2366=DEFINITIONAL_REPRESENTATION('',(#4165),#9401);
#2367=DEFINITIONAL_REPRESENTATION('',(#4167),#9401);
#2368=DEFINITIONAL_REPRESENTATION('',(#4169),#9401);
#2369=DEFINITIONAL_REPRESENTATION('',(#4170),#9401);
#2370=DEFINITIONAL_REPRESENTATION('',(#4172),#9401);
#2371=DEFINITIONAL_REPRESENTATION('',(#4174),#9401);
#2372=DEFINITIONAL_REPRESENTATION('',(#4176),#9401);
#2373=DEFINITIONAL_REPRESENTATION('',(#4178),#9401);
#2374=DEFINITIONAL_REPRESENTATION('',(#4180),#9401);
#2375=DEFINITIONAL_REPRESENTATION('',(#4181),#9401);
#2376=DEFINITIONAL_REPRESENTATION('',(#4183),#9401);
#2377=DEFINITIONAL_REPRESENTATION('',(#4185),#9401);
#2378=DEFINITIONAL_REPRESENTATION('',(#4187),#9401);
#2379=DEFINITIONAL_REPRESENTATION('',(#4189),#9401);
#2380=DEFINITIONAL_REPRESENTATION('',(#4191),#9401);
#2381=DEFINITIONAL_REPRESENTATION('',(#4193),#9401);
#2382=DEFINITIONAL_REPRESENTATION('',(#4194),#9401);
#2383=DEFINITIONAL_REPRESENTATION('',(#4196),#9401);
#2384=DEFINITIONAL_REPRESENTATION('',(#4198),#9401);
#2385=DEFINITIONAL_REPRESENTATION('',(#4200),#9401);
#2386=DEFINITIONAL_REPRESENTATION('',(#4202),#9401);
#2387=DEFINITIONAL_REPRESENTATION('',(#4204),#9401);
#2388=DEFINITIONAL_REPRESENTATION('',(#4205),#9401);
#2389=DEFINITIONAL_REPRESENTATION('',(#4207),#9401);
#2390=DEFINITIONAL_REPRESENTATION('',(#4209),#9401);
#2391=DEFINITIONAL_REPRESENTATION('',(#4211),#9401);
#2392=DEFINITIONAL_REPRESENTATION('',(#4213),#9401);
#2393=DEFINITIONAL_REPRESENTATION('',(#4215),#9401);
#2394=DEFINITIONAL_REPRESENTATION('',(#4217),#9401);
#2395=DEFINITIONAL_REPRESENTATION('',(#4219),#9401);
#2396=DEFINITIONAL_REPRESENTATION('',(#4221),#9401);
#2397=DEFINITIONAL_REPRESENTATION('',(#4223),#9401);
#2398=DEFINITIONAL_REPRESENTATION('',(#4225),#9401);
#2399=DEFINITIONAL_REPRESENTATION('',(#4227),#9401);
#2400=DEFINITIONAL_REPRESENTATION('',(#4228),#9401);
#2401=DEFINITIONAL_REPRESENTATION('',(#4230),#9401);
#2402=DEFINITIONAL_REPRESENTATION('',(#4232),#9401);
#2403=DEFINITIONAL_REPRESENTATION('',(#4234),#9401);
#2404=DEFINITIONAL_REPRESENTATION('',(#4235),#9401);
#2405=DEFINITIONAL_REPRESENTATION('',(#4236),#9401);
#2406=DEFINITIONAL_REPRESENTATION('',(#4238),#9401);
#2407=DEFINITIONAL_REPRESENTATION('',(#4240),#9401);
#2408=DEFINITIONAL_REPRESENTATION('',(#4242),#9401);
#2409=DEFINITIONAL_REPRESENTATION('',(#4244),#9401);
#2410=DEFINITIONAL_REPRESENTATION('',(#4246),#9401);
#2411=DEFINITIONAL_REPRESENTATION('',(#4248),#9401);
#2412=DEFINITIONAL_REPRESENTATION('',(#4250),#9401);
#2413=DEFINITIONAL_REPRESENTATION('',(#4252),#9401);
#2414=DEFINITIONAL_REPRESENTATION('',(#4254),#9401);
#2415=DEFINITIONAL_REPRESENTATION('',(#4256),#9401);
#2416=DEFINITIONAL_REPRESENTATION('',(#4258),#9401);
#2417=DEFINITIONAL_REPRESENTATION('',(#4260),#9401);
#2418=DEFINITIONAL_REPRESENTATION('',(#4262),#9401);
#2419=DEFINITIONAL_REPRESENTATION('',(#4264),#9401);
#2420=DEFINITIONAL_REPRESENTATION('',(#4266),#9401);
#2421=DEFINITIONAL_REPRESENTATION('',(#4268),#9401);
#2422=DEFINITIONAL_REPRESENTATION('',(#4270),#9401);
#2423=DEFINITIONAL_REPRESENTATION('',(#4272),#9401);
#2424=DEFINITIONAL_REPRESENTATION('',(#4273),#9401);
#2425=DEFINITIONAL_REPRESENTATION('',(#4275),#9401);
#2426=DEFINITIONAL_REPRESENTATION('',(#4277),#9401);
#2427=DEFINITIONAL_REPRESENTATION('',(#4279),#9401);
#2428=DEFINITIONAL_REPRESENTATION('',(#4281),#9401);
#2429=DEFINITIONAL_REPRESENTATION('',(#4283),#9401);
#2430=DEFINITIONAL_REPRESENTATION('',(#4285),#9401);
#2431=DEFINITIONAL_REPRESENTATION('',(#4287),#9401);
#2432=DEFINITIONAL_REPRESENTATION('',(#4288),#9401);
#2433=DEFINITIONAL_REPRESENTATION('',(#4290),#9401);
#2434=DEFINITIONAL_REPRESENTATION('',(#4291),#9401);
#2435=DEFINITIONAL_REPRESENTATION('',(#4293),#9401);
#2436=DEFINITIONAL_REPRESENTATION('',(#4295),#9401);
#2437=DEFINITIONAL_REPRESENTATION('',(#4297),#9401);
#2438=DEFINITIONAL_REPRESENTATION('',(#4298),#9401);
#2439=DEFINITIONAL_REPRESENTATION('',(#4300),#9401);
#2440=DEFINITIONAL_REPRESENTATION('',(#4301),#9401);
#2441=DEFINITIONAL_REPRESENTATION('',(#4303),#9401);
#2442=DEFINITIONAL_REPRESENTATION('',(#4305),#9401);
#2443=DEFINITIONAL_REPRESENTATION('',(#4307),#9401);
#2444=DEFINITIONAL_REPRESENTATION('',(#4308),#9401);
#2445=DEFINITIONAL_REPRESENTATION('',(#4310),#9401);
#2446=DEFINITIONAL_REPRESENTATION('',(#4311),#9401);
#2447=DEFINITIONAL_REPRESENTATION('',(#4313),#9401);
#2448=DEFINITIONAL_REPRESENTATION('',(#4315),#9401);
#2449=DEFINITIONAL_REPRESENTATION('',(#4317),#9401);
#2450=DEFINITIONAL_REPRESENTATION('',(#4318),#9401);
#2451=DEFINITIONAL_REPRESENTATION('',(#4320),#9401);
#2452=DEFINITIONAL_REPRESENTATION('',(#4321),#9401);
#2453=DEFINITIONAL_REPRESENTATION('',(#4323),#9401);
#2454=DEFINITIONAL_REPRESENTATION('',(#4324),#9401);
#2455=DEFINITIONAL_REPRESENTATION('',(#4325),#9401);
#2456=DEFINITIONAL_REPRESENTATION('',(#4327),#9401);
#2457=DEFINITIONAL_REPRESENTATION('',(#4329),#9401);
#2458=DEFINITIONAL_REPRESENTATION('',(#4330),#9401);
#2459=DEFINITIONAL_REPRESENTATION('',(#4332),#9401);
#2460=DEFINITIONAL_REPRESENTATION('',(#4334),#9401);
#2461=DEFINITIONAL_REPRESENTATION('',(#4335),#9401);
#2462=DEFINITIONAL_REPRESENTATION('',(#4337),#9401);
#2463=DEFINITIONAL_REPRESENTATION('',(#4339),#9401);
#2464=DEFINITIONAL_REPRESENTATION('',(#4341),#9401);
#2465=DEFINITIONAL_REPRESENTATION('',(#4342),#9401);
#2466=DEFINITIONAL_REPRESENTATION('',(#4344),#9401);
#2467=DEFINITIONAL_REPRESENTATION('',(#4346),#9401);
#2468=DEFINITIONAL_REPRESENTATION('',(#4348),#9401);
#2469=DEFINITIONAL_REPRESENTATION('',(#4349),#9401);
#2470=DEFINITIONAL_REPRESENTATION('',(#4351),#9401);
#2471=DEFINITIONAL_REPRESENTATION('',(#4352),#9401);
#2472=DEFINITIONAL_REPRESENTATION('',(#4354),#9401);
#2473=DEFINITIONAL_REPRESENTATION('',(#4356),#9401);
#2474=DEFINITIONAL_REPRESENTATION('',(#4358),#9401);
#2475=DEFINITIONAL_REPRESENTATION('',(#4360),#9401);
#2476=DEFINITIONAL_REPRESENTATION('',(#4362),#9401);
#2477=DEFINITIONAL_REPRESENTATION('',(#4363),#9401);
#2478=DEFINITIONAL_REPRESENTATION('',(#4365),#9401);
#2479=DEFINITIONAL_REPRESENTATION('',(#4366),#9401);
#2480=DEFINITIONAL_REPRESENTATION('',(#4368),#9401);
#2481=DEFINITIONAL_REPRESENTATION('',(#4370),#9401);
#2482=DEFINITIONAL_REPRESENTATION('',(#4372),#9401);
#2483=DEFINITIONAL_REPRESENTATION('',(#4374),#9401);
#2484=DEFINITIONAL_REPRESENTATION('',(#4376),#9401);
#2485=DEFINITIONAL_REPRESENTATION('',(#4377),#9401);
#2486=DEFINITIONAL_REPRESENTATION('',(#4379),#9401);
#2487=DEFINITIONAL_REPRESENTATION('',(#4380),#9401);
#2488=DEFINITIONAL_REPRESENTATION('',(#4382),#9401);
#2489=DEFINITIONAL_REPRESENTATION('',(#4384),#9401);
#2490=DEFINITIONAL_REPRESENTATION('',(#4386),#9401);
#2491=DEFINITIONAL_REPRESENTATION('',(#4387),#9401);
#2492=DEFINITIONAL_REPRESENTATION('',(#4389),#9401);
#2493=DEFINITIONAL_REPRESENTATION('',(#4391),#9401);
#2494=DEFINITIONAL_REPRESENTATION('',(#4393),#9401);
#2495=DEFINITIONAL_REPRESENTATION('',(#4395),#9401);
#2496=DEFINITIONAL_REPRESENTATION('',(#4397),#9401);
#2497=DEFINITIONAL_REPRESENTATION('',(#4398),#9401);
#2498=DEFINITIONAL_REPRESENTATION('',(#4400),#9401);
#2499=DEFINITIONAL_REPRESENTATION('',(#4402),#9401);
#2500=DEFINITIONAL_REPRESENTATION('',(#4404),#9401);
#2501=DEFINITIONAL_REPRESENTATION('',(#4406),#9401);
#2502=DEFINITIONAL_REPRESENTATION('',(#4408),#9401);
#2503=DEFINITIONAL_REPRESENTATION('',(#4410),#9401);
#2504=DEFINITIONAL_REPRESENTATION('',(#4412),#9401);
#2505=DEFINITIONAL_REPRESENTATION('',(#4413),#9401);
#2506=DEFINITIONAL_REPRESENTATION('',(#4414),#9401);
#2507=DEFINITIONAL_REPRESENTATION('',(#4415),#9401);
#2508=DEFINITIONAL_REPRESENTATION('',(#4416),#9401);
#2509=DEFINITIONAL_REPRESENTATION('',(#4417),#9401);
#2510=DEFINITIONAL_REPRESENTATION('',(#4419),#9401);
#2511=DEFINITIONAL_REPRESENTATION('',(#4420),#9401);
#2512=DEFINITIONAL_REPRESENTATION('',(#4421),#9401);
#2513=DEFINITIONAL_REPRESENTATION('',(#4423),#9401);
#2514=DEFINITIONAL_REPRESENTATION('',(#4425),#9401);
#2515=DEFINITIONAL_REPRESENTATION('',(#4426),#9401);
#2516=DEFINITIONAL_REPRESENTATION('',(#4428),#9401);
#2517=DEFINITIONAL_REPRESENTATION('',(#4430),#9401);
#2518=DEFINITIONAL_REPRESENTATION('',(#4431),#9401);
#2519=DEFINITIONAL_REPRESENTATION('',(#4432),#9401);
#2520=DEFINITIONAL_REPRESENTATION('',(#4434),#9401);
#2521=DEFINITIONAL_REPRESENTATION('',(#4436),#9401);
#2522=DEFINITIONAL_REPRESENTATION('',(#4437),#9401);
#2523=DEFINITIONAL_REPRESENTATION('',(#4438),#9401);
#2524=DEFINITIONAL_REPRESENTATION('',(#4440),#9401);
#2525=DEFINITIONAL_REPRESENTATION('',(#4442),#9401);
#2526=DEFINITIONAL_REPRESENTATION('',(#4443),#9401);
#2527=DEFINITIONAL_REPRESENTATION('',(#4444),#9401);
#2528=DEFINITIONAL_REPRESENTATION('',(#4446),#9401);
#2529=DEFINITIONAL_REPRESENTATION('',(#4448),#9401);
#2530=DEFINITIONAL_REPRESENTATION('',(#4449),#9401);
#2531=DEFINITIONAL_REPRESENTATION('',(#4450),#9401);
#2532=DEFINITIONAL_REPRESENTATION('',(#4452),#9401);
#2533=DEFINITIONAL_REPRESENTATION('',(#4454),#9401);
#2534=DEFINITIONAL_REPRESENTATION('',(#4455),#9401);
#2535=DEFINITIONAL_REPRESENTATION('',(#4456),#9401);
#2536=DEFINITIONAL_REPRESENTATION('',(#4458),#9401);
#2537=DEFINITIONAL_REPRESENTATION('',(#4460),#9401);
#2538=DEFINITIONAL_REPRESENTATION('',(#4461),#9401);
#2539=DEFINITIONAL_REPRESENTATION('',(#4462),#9401);
#2540=DEFINITIONAL_REPRESENTATION('',(#4464),#9401);
#2541=DEFINITIONAL_REPRESENTATION('',(#4466),#9401);
#2542=DEFINITIONAL_REPRESENTATION('',(#4467),#9401);
#2543=DEFINITIONAL_REPRESENTATION('',(#4468),#9401);
#2544=DEFINITIONAL_REPRESENTATION('',(#4470),#9401);
#2545=DEFINITIONAL_REPRESENTATION('',(#4472),#9401);
#2546=DEFINITIONAL_REPRESENTATION('',(#4473),#9401);
#2547=DEFINITIONAL_REPRESENTATION('',(#4474),#9401);
#2548=DEFINITIONAL_REPRESENTATION('',(#4476),#9401);
#2549=DEFINITIONAL_REPRESENTATION('',(#4478),#9401);
#2550=DEFINITIONAL_REPRESENTATION('',(#4479),#9401);
#2551=DEFINITIONAL_REPRESENTATION('',(#4480),#9401);
#2552=DEFINITIONAL_REPRESENTATION('',(#4482),#9401);
#2553=DEFINITIONAL_REPRESENTATION('',(#4484),#9401);
#2554=DEFINITIONAL_REPRESENTATION('',(#4485),#9401);
#2555=DEFINITIONAL_REPRESENTATION('',(#4486),#9401);
#2556=DEFINITIONAL_REPRESENTATION('',(#4488),#9401);
#2557=DEFINITIONAL_REPRESENTATION('',(#4490),#9401);
#2558=DEFINITIONAL_REPRESENTATION('',(#4491),#9401);
#2559=DEFINITIONAL_REPRESENTATION('',(#4492),#9401);
#2560=DEFINITIONAL_REPRESENTATION('',(#4493),#9401);
#2561=DEFINITIONAL_REPRESENTATION('',(#4494),#9401);
#2562=DEFINITIONAL_REPRESENTATION('',(#4496),#9401);
#2563=DEFINITIONAL_REPRESENTATION('',(#4497),#9401);
#2564=DEFINITIONAL_REPRESENTATION('',(#4499),#9401);
#2565=DEFINITIONAL_REPRESENTATION('',(#4500),#9401);
#2566=DEFINITIONAL_REPRESENTATION('',(#4502),#9401);
#2567=DEFINITIONAL_REPRESENTATION('',(#4503),#9401);
#2568=DEFINITIONAL_REPRESENTATION('',(#4504),#9401);
#2569=DEFINITIONAL_REPRESENTATION('',(#4505),#9401);
#2570=DEFINITIONAL_REPRESENTATION('',(#4507),#9401);
#2571=DEFINITIONAL_REPRESENTATION('',(#4508),#9401);
#2572=DEFINITIONAL_REPRESENTATION('',(#4509),#9401);
#2573=DEFINITIONAL_REPRESENTATION('',(#4510),#9401);
#2574=DEFINITIONAL_REPRESENTATION('',(#4512),#9401);
#2575=DEFINITIONAL_REPRESENTATION('',(#4513),#9401);
#2576=DEFINITIONAL_REPRESENTATION('',(#4514),#9401);
#2577=DEFINITIONAL_REPRESENTATION('',(#4515),#9401);
#2578=DEFINITIONAL_REPRESENTATION('',(#4517),#9401);
#2579=DEFINITIONAL_REPRESENTATION('',(#4518),#9401);
#2580=DEFINITIONAL_REPRESENTATION('',(#4519),#9401);
#2581=DEFINITIONAL_REPRESENTATION('',(#4520),#9401);
#2582=DEFINITIONAL_REPRESENTATION('',(#4522),#9401);
#2583=DEFINITIONAL_REPRESENTATION('',(#4523),#9401);
#2584=DEFINITIONAL_REPRESENTATION('',(#4524),#9401);
#2585=DEFINITIONAL_REPRESENTATION('',(#4525),#9401);
#2586=DEFINITIONAL_REPRESENTATION('',(#4527),#9401);
#2587=DEFINITIONAL_REPRESENTATION('',(#4528),#9401);
#2588=DEFINITIONAL_REPRESENTATION('',(#4529),#9401);
#2589=DEFINITIONAL_REPRESENTATION('',(#4530),#9401);
#2590=DEFINITIONAL_REPRESENTATION('',(#4532),#9401);
#2591=DEFINITIONAL_REPRESENTATION('',(#4533),#9401);
#2592=DEFINITIONAL_REPRESENTATION('',(#4534),#9401);
#2593=DEFINITIONAL_REPRESENTATION('',(#4535),#9401);
#2594=DEFINITIONAL_REPRESENTATION('',(#4537),#9401);
#2595=DEFINITIONAL_REPRESENTATION('',(#4538),#9401);
#2596=DEFINITIONAL_REPRESENTATION('',(#4539),#9401);
#2597=DEFINITIONAL_REPRESENTATION('',(#4540),#9401);
#2598=DEFINITIONAL_REPRESENTATION('',(#4542),#9401);
#2599=DEFINITIONAL_REPRESENTATION('',(#4543),#9401);
#2600=DEFINITIONAL_REPRESENTATION('',(#4544),#9401);
#2601=DEFINITIONAL_REPRESENTATION('',(#4545),#9401);
#2602=DEFINITIONAL_REPRESENTATION('',(#4547),#9401);
#2603=DEFINITIONAL_REPRESENTATION('',(#4548),#9401);
#2604=DEFINITIONAL_REPRESENTATION('',(#4549),#9401);
#2605=DEFINITIONAL_REPRESENTATION('',(#4550),#9401);
#2606=DEFINITIONAL_REPRESENTATION('',(#4551),#9401);
#2607=DEFINITIONAL_REPRESENTATION('',(#4552),#9401);
#2608=DEFINITIONAL_REPRESENTATION('',(#4553),#9401);
#2609=DEFINITIONAL_REPRESENTATION('',(#4554),#9401);
#2610=DEFINITIONAL_REPRESENTATION('',(#4556),#9401);
#2611=DEFINITIONAL_REPRESENTATION('',(#4557),#9401);
#2612=DEFINITIONAL_REPRESENTATION('',(#4558),#9401);
#2613=DEFINITIONAL_REPRESENTATION('',(#4559),#9401);
#2614=DEFINITIONAL_REPRESENTATION('',(#4560),#9401);
#2615=DEFINITIONAL_REPRESENTATION('',(#4561),#9401);
#2616=DEFINITIONAL_REPRESENTATION('',(#4562),#9401);
#2617=DEFINITIONAL_REPRESENTATION('',(#4563),#9401);
#2618=DEFINITIONAL_REPRESENTATION('',(#4564),#9401);
#2619=DEFINITIONAL_REPRESENTATION('',(#4565),#9401);
#2620=DEFINITIONAL_REPRESENTATION('',(#4566),#9401);
#2621=DEFINITIONAL_REPRESENTATION('',(#4568),#9401);
#2622=DEFINITIONAL_REPRESENTATION('',(#4569),#9401);
#2623=DEFINITIONAL_REPRESENTATION('',(#4570),#9401);
#2624=DEFINITIONAL_REPRESENTATION('',(#4571),#9401);
#2625=DEFINITIONAL_REPRESENTATION('',(#4573),#9401);
#2626=DEFINITIONAL_REPRESENTATION('',(#4574),#9401);
#2627=DEFINITIONAL_REPRESENTATION('',(#4575),#9401);
#2628=DEFINITIONAL_REPRESENTATION('',(#4577),#9401);
#2629=DEFINITIONAL_REPRESENTATION('',(#4579),#9401);
#2630=DEFINITIONAL_REPRESENTATION('',(#4580),#9401);
#2631=DEFINITIONAL_REPRESENTATION('',(#4581),#9401);
#2632=DEFINITIONAL_REPRESENTATION('',(#4583),#9401);
#2633=DEFINITIONAL_REPRESENTATION('',(#4584),#9401);
#2634=DEFINITIONAL_REPRESENTATION('',(#4585),#9401);
#2635=DEFINITIONAL_REPRESENTATION('',(#4587),#9401);
#2636=DEFINITIONAL_REPRESENTATION('',(#4588),#9401);
#2637=DEFINITIONAL_REPRESENTATION('',(#4589),#9401);
#2638=DEFINITIONAL_REPRESENTATION('',(#4590),#9401);
#2639=DEFINITIONAL_REPRESENTATION('',(#4591),#9401);
#2640=DEFINITIONAL_REPRESENTATION('',(#4593),#9401);
#2641=DEFINITIONAL_REPRESENTATION('',(#4595),#9401);
#2642=DEFINITIONAL_REPRESENTATION('',(#4597),#9401);
#2643=DEFINITIONAL_REPRESENTATION('',(#1378),#9401);
#2644=DEFINITIONAL_REPRESENTATION('',(#4599),#9401);
#2645=DEFINITIONAL_REPRESENTATION('',(#4600),#9401);
#2646=DEFINITIONAL_REPRESENTATION('',(#4601),#9401);
#2647=DEFINITIONAL_REPRESENTATION('',(#4602),#9401);
#2648=DEFINITIONAL_REPRESENTATION('',(#4603),#9401);
#2649=DEFINITIONAL_REPRESENTATION('',(#4605),#9401);
#2650=DEFINITIONAL_REPRESENTATION('',(#4607),#9401);
#2651=DEFINITIONAL_REPRESENTATION('',(#4608),#9401);
#2652=DEFINITIONAL_REPRESENTATION('',(#4610),#9401);
#2653=DEFINITIONAL_REPRESENTATION('',(#4612),#9401);
#2654=DEFINITIONAL_REPRESENTATION('',(#4613),#9401);
#2655=DEFINITIONAL_REPRESENTATION('',(#1380),#9401);
#2656=DEFINITIONAL_REPRESENTATION('',(#4615),#9401);
#2657=DEFINITIONAL_REPRESENTATION('',(#4616),#9401);
#2658=DEFINITIONAL_REPRESENTATION('',(#4617),#9401);
#2659=DEFINITIONAL_REPRESENTATION('',(#4618),#9401);
#2660=DEFINITIONAL_REPRESENTATION('',(#4619),#9401);
#2661=DEFINITIONAL_REPRESENTATION('',(#4620),#9401);
#2662=DEFINITIONAL_REPRESENTATION('',(#4622),#9401);
#2663=DEFINITIONAL_REPRESENTATION('',(#4624),#9401);
#2664=DEFINITIONAL_REPRESENTATION('',(#4625),#9401);
#2665=DEFINITIONAL_REPRESENTATION('',(#4626),#9401);
#2666=DEFINITIONAL_REPRESENTATION('',(#4627),#9401);
#2667=DEFINITIONAL_REPRESENTATION('',(#4628),#9401);
#2668=DEFINITIONAL_REPRESENTATION('',(#4630),#9401);
#2669=DEFINITIONAL_REPRESENTATION('',(#4631),#9401);
#2670=DEFINITIONAL_REPRESENTATION('',(#4632),#9401);
#2671=DEFINITIONAL_REPRESENTATION('',(#4634),#9401);
#2672=DEFINITIONAL_REPRESENTATION('',(#4635),#9401);
#2673=DEFINITIONAL_REPRESENTATION('',(#4636),#9401);
#2674=DEFINITIONAL_REPRESENTATION('',(#4637),#9401);
#2675=DEFINITIONAL_REPRESENTATION('',(#4639),#9401);
#2676=DEFINITIONAL_REPRESENTATION('',(#4640),#9401);
#2677=DEFINITIONAL_REPRESENTATION('',(#4641),#9401);
#2678=DEFINITIONAL_REPRESENTATION('',(#4642),#9401);
#2679=DEFINITIONAL_REPRESENTATION('',(#4644),#9401);
#2680=DEFINITIONAL_REPRESENTATION('',(#4645),#9401);
#2681=DEFINITIONAL_REPRESENTATION('',(#4646),#9401);
#2682=DEFINITIONAL_REPRESENTATION('',(#4647),#9401);
#2683=DEFINITIONAL_REPRESENTATION('',(#4649),#9401);
#2684=DEFINITIONAL_REPRESENTATION('',(#4650),#9401);
#2685=DEFINITIONAL_REPRESENTATION('',(#4651),#9401);
#2686=DEFINITIONAL_REPRESENTATION('',(#4652),#9401);
#2687=DEFINITIONAL_REPRESENTATION('',(#4654),#9401);
#2688=DEFINITIONAL_REPRESENTATION('',(#4655),#9401);
#2689=DEFINITIONAL_REPRESENTATION('',(#4656),#9401);
#2690=DEFINITIONAL_REPRESENTATION('',(#4657),#9401);
#2691=DEFINITIONAL_REPRESENTATION('',(#4659),#9401);
#2692=DEFINITIONAL_REPRESENTATION('',(#4660),#9401);
#2693=DEFINITIONAL_REPRESENTATION('',(#4661),#9401);
#2694=DEFINITIONAL_REPRESENTATION('',(#4662),#9401);
#2695=DEFINITIONAL_REPRESENTATION('',(#4664),#9401);
#2696=DEFINITIONAL_REPRESENTATION('',(#4665),#9401);
#2697=DEFINITIONAL_REPRESENTATION('',(#4666),#9401);
#2698=DEFINITIONAL_REPRESENTATION('',(#4667),#9401);
#2699=DEFINITIONAL_REPRESENTATION('',(#4669),#9401);
#2700=DEFINITIONAL_REPRESENTATION('',(#4670),#9401);
#2701=DEFINITIONAL_REPRESENTATION('',(#4671),#9401);
#2702=DEFINITIONAL_REPRESENTATION('',(#4672),#9401);
#2703=DEFINITIONAL_REPRESENTATION('',(#4673),#9401);
#2704=DEFINITIONAL_REPRESENTATION('',(#4674),#9401);
#2705=DEFINITIONAL_REPRESENTATION('',(#4675),#9401);
#2706=DEFINITIONAL_REPRESENTATION('',(#4676),#9401);
#2707=DEFINITIONAL_REPRESENTATION('',(#4677),#9401);
#2708=DEFINITIONAL_REPRESENTATION('',(#4678),#9401);
#2709=DEFINITIONAL_REPRESENTATION('',(#4680),#9401);
#2710=DEFINITIONAL_REPRESENTATION('',(#4682),#9401);
#2711=DEFINITIONAL_REPRESENTATION('',(#4684),#9401);
#2712=DEFINITIONAL_REPRESENTATION('',(#4686),#9401);
#2713=DEFINITIONAL_REPRESENTATION('',(#4688),#9401);
#2714=DEFINITIONAL_REPRESENTATION('',(#4690),#9401);
#2715=DEFINITIONAL_REPRESENTATION('',(#4691),#9401);
#2716=DEFINITIONAL_REPRESENTATION('',(#4692),#9401);
#2717=DEFINITIONAL_REPRESENTATION('',(#4694),#9401);
#2718=DEFINITIONAL_REPRESENTATION('',(#4695),#9401);
#2719=DEFINITIONAL_REPRESENTATION('',(#4697),#9401);
#2720=DEFINITIONAL_REPRESENTATION('',(#4699),#9401);
#2721=DEFINITIONAL_REPRESENTATION('',(#4700),#9401);
#2722=DEFINITIONAL_REPRESENTATION('',(#4701),#9401);
#2723=DEFINITIONAL_REPRESENTATION('',(#4703),#9401);
#2724=DEFINITIONAL_REPRESENTATION('',(#4704),#9401);
#2725=DEFINITIONAL_REPRESENTATION('',(#4705),#9401);
#2726=DEFINITIONAL_REPRESENTATION('',(#4706),#9401);
#2727=DEFINITIONAL_REPRESENTATION('',(#4707),#9401);
#2728=DEFINITIONAL_REPRESENTATION('',(#4708),#9401);
#2729=DEFINITIONAL_REPRESENTATION('',(#4709),#9401);
#2730=DEFINITIONAL_REPRESENTATION('',(#4710),#9401);
#2731=DEFINITIONAL_REPRESENTATION('',(#4711),#9401);
#2732=DEFINITIONAL_REPRESENTATION('',(#4712),#9401);
#2733=DEFINITIONAL_REPRESENTATION('',(#4713),#9401);
#2734=DEFINITIONAL_REPRESENTATION('',(#4714),#9401);
#2735=DEFINITIONAL_REPRESENTATION('',(#4716),#9401);
#2736=DEFINITIONAL_REPRESENTATION('',(#4718),#9401);
#2737=DEFINITIONAL_REPRESENTATION('',(#4719),#9401);
#2738=DEFINITIONAL_REPRESENTATION('',(#4720),#9401);
#2739=DEFINITIONAL_REPRESENTATION('',(#4722),#9401);
#2740=DEFINITIONAL_REPRESENTATION('',(#4724),#9401);
#2741=DEFINITIONAL_REPRESENTATION('',(#4725),#9401);
#2742=DEFINITIONAL_REPRESENTATION('',(#4726),#9401);
#2743=DEFINITIONAL_REPRESENTATION('',(#4727),#9401);
#2744=DEFINITIONAL_REPRESENTATION('',(#4729),#9401);
#2745=DEFINITIONAL_REPRESENTATION('',(#4730),#9401);
#2746=DEFINITIONAL_REPRESENTATION('',(#4731),#9401);
#2747=DEFINITIONAL_REPRESENTATION('',(#4732),#9401);
#2748=DEFINITIONAL_REPRESENTATION('',(#4733),#9401);
#2749=DEFINITIONAL_REPRESENTATION('',(#4735),#9401);
#2750=DEFINITIONAL_REPRESENTATION('',(#4736),#9401);
#2751=DEFINITIONAL_REPRESENTATION('',(#4737),#9401);
#2752=DEFINITIONAL_REPRESENTATION('',(#4738),#9401);
#2753=DEFINITIONAL_REPRESENTATION('',(#4739),#9401);
#2754=DEFINITIONAL_REPRESENTATION('',(#4741),#9401);
#2755=DEFINITIONAL_REPRESENTATION('',(#4743),#9401);
#2756=DEFINITIONAL_REPRESENTATION('',(#4745),#9401);
#2757=DEFINITIONAL_REPRESENTATION('',(#4747),#9401);
#2758=DEFINITIONAL_REPRESENTATION('',(#1382),#9401);
#2759=DEFINITIONAL_REPRESENTATION('',(#4749),#9401);
#2760=DEFINITIONAL_REPRESENTATION('',(#4751),#9401);
#2761=DEFINITIONAL_REPRESENTATION('',(#4752),#9401);
#2762=DEFINITIONAL_REPRESENTATION('',(#4753),#9401);
#2763=DEFINITIONAL_REPRESENTATION('',(#4754),#9401);
#2764=DEFINITIONAL_REPRESENTATION('',(#4755),#9401);
#2765=DEFINITIONAL_REPRESENTATION('',(#4757),#9401);
#2766=DEFINITIONAL_REPRESENTATION('',(#4759),#9401);
#2767=DEFINITIONAL_REPRESENTATION('',(#4760),#9401);
#2768=DEFINITIONAL_REPRESENTATION('',(#4761),#9401);
#2769=DEFINITIONAL_REPRESENTATION('',(#4763),#9401);
#2770=DEFINITIONAL_REPRESENTATION('',(#1384),#9401);
#2771=DEFINITIONAL_REPRESENTATION('',(#4764),#9401);
#2772=DEFINITIONAL_REPRESENTATION('',(#4765),#9401);
#2773=DEFINITIONAL_REPRESENTATION('',(#4766),#9401);
#2774=DEFINITIONAL_REPRESENTATION('',(#4767),#9401);
#2775=DEFINITIONAL_REPRESENTATION('',(#4768),#9401);
#2776=DEFINITIONAL_REPRESENTATION('',(#4770),#9401);
#2777=DEFINITIONAL_REPRESENTATION('',(#4771),#9401);
#2778=DEFINITIONAL_REPRESENTATION('',(#4772),#9401);
#2779=DEFINITIONAL_REPRESENTATION('',(#4773),#9401);
#2780=DEFINITIONAL_REPRESENTATION('',(#4775),#9401);
#2781=DEFINITIONAL_REPRESENTATION('',(#4776),#9401);
#2782=DEFINITIONAL_REPRESENTATION('',(#4778),#9401);
#2783=DEFINITIONAL_REPRESENTATION('',(#4779),#9401);
#2784=DEFINITIONAL_REPRESENTATION('',(#4780),#9401);
#2785=DEFINITIONAL_REPRESENTATION('',(#4781),#9401);
#2786=DEFINITIONAL_REPRESENTATION('',(#4782),#9401);
#2787=DEFINITIONAL_REPRESENTATION('',(#4783),#9401);
#2788=DEFINITIONAL_REPRESENTATION('',(#4784),#9401);
#2789=DEFINITIONAL_REPRESENTATION('',(#4785),#9401);
#2790=DEFINITIONAL_REPRESENTATION('',(#4786),#9401);
#2791=DEFINITIONAL_REPRESENTATION('',(#4787),#9401);
#2792=DEFINITIONAL_REPRESENTATION('',(#4788),#9401);
#2793=DEFINITIONAL_REPRESENTATION('',(#4789),#9401);
#2794=DEFINITIONAL_REPRESENTATION('',(#4790),#9401);
#2795=DEFINITIONAL_REPRESENTATION('',(#4791),#9401);
#2796=DEFINITIONAL_REPRESENTATION('',(#4792),#9401);
#2797=DEFINITIONAL_REPRESENTATION('',(#4793),#9401);
#2798=DEFINITIONAL_REPRESENTATION('',(#4794),#9401);
#2799=DEFINITIONAL_REPRESENTATION('',(#4795),#9401);
#2800=DEFINITIONAL_REPRESENTATION('',(#4797),#9401);
#2801=DEFINITIONAL_REPRESENTATION('',(#4798),#9401);
#2802=DEFINITIONAL_REPRESENTATION('',(#4799),#9401);
#2803=DEFINITIONAL_REPRESENTATION('',(#4800),#9401);
#2804=DEFINITIONAL_REPRESENTATION('',(#4801),#9401);
#2805=DEFINITIONAL_REPRESENTATION('',(#4802),#9401);
#2806=DEFINITIONAL_REPRESENTATION('',(#4803),#9401);
#2807=DEFINITIONAL_REPRESENTATION('',(#4804),#9401);
#2808=DEFINITIONAL_REPRESENTATION('',(#4805),#9401);
#2809=DEFINITIONAL_REPRESENTATION('',(#4806),#9401);
#2810=DEFINITIONAL_REPRESENTATION('',(#4807),#9401);
#2811=DEFINITIONAL_REPRESENTATION('',(#4808),#9401);
#2812=DEFINITIONAL_REPRESENTATION('',(#4809),#9401);
#2813=DEFINITIONAL_REPRESENTATION('',(#4811),#9401);
#2814=DEFINITIONAL_REPRESENTATION('',(#4812),#9401);
#2815=DEFINITIONAL_REPRESENTATION('',(#4814),#9401);
#2816=DEFINITIONAL_REPRESENTATION('',(#4815),#9401);
#2817=DEFINITIONAL_REPRESENTATION('',(#4816),#9401);
#2818=DEFINITIONAL_REPRESENTATION('',(#4818),#9401);
#2819=DEFINITIONAL_REPRESENTATION('',(#4820),#9401);
#2820=DEFINITIONAL_REPRESENTATION('',(#4822),#9401);
#2821=DEFINITIONAL_REPRESENTATION('',(#4823),#9401);
#2822=DEFINITIONAL_REPRESENTATION('',(#4825),#9401);
#2823=DEFINITIONAL_REPRESENTATION('',(#4827),#9401);
#2824=DEFINITIONAL_REPRESENTATION('',(#4829),#9401);
#2825=DEFINITIONAL_REPRESENTATION('',(#4830),#9401);
#2826=DEFINITIONAL_REPRESENTATION('',(#4832),#9401);
#2827=DEFINITIONAL_REPRESENTATION('',(#4834),#9401);
#2828=DEFINITIONAL_REPRESENTATION('',(#4836),#9401);
#2829=DEFINITIONAL_REPRESENTATION('',(#4837),#9401);
#2830=DEFINITIONAL_REPRESENTATION('',(#4839),#9401);
#2831=DEFINITIONAL_REPRESENTATION('',(#4841),#9401);
#2832=DEFINITIONAL_REPRESENTATION('',(#4843),#9401);
#2833=DEFINITIONAL_REPRESENTATION('',(#4844),#9401);
#2834=DEFINITIONAL_REPRESENTATION('',(#4846),#9401);
#2835=DEFINITIONAL_REPRESENTATION('',(#4848),#9401);
#2836=DEFINITIONAL_REPRESENTATION('',(#4850),#9401);
#2837=DEFINITIONAL_REPRESENTATION('',(#4851),#9401);
#2838=DEFINITIONAL_REPRESENTATION('',(#4853),#9401);
#2839=DEFINITIONAL_REPRESENTATION('',(#4855),#9401);
#2840=DEFINITIONAL_REPRESENTATION('',(#4857),#9401);
#2841=DEFINITIONAL_REPRESENTATION('',(#4859),#9401);
#2842=DEFINITIONAL_REPRESENTATION('',(#4860),#9401);
#2843=DEFINITIONAL_REPRESENTATION('',(#4862),#9401);
#2844=DEFINITIONAL_REPRESENTATION('',(#4863),#9401);
#2845=DEFINITIONAL_REPRESENTATION('',(#4864),#9401);
#2846=DEFINITIONAL_REPRESENTATION('',(#4865),#9401);
#2847=DEFINITIONAL_REPRESENTATION('',(#4866),#9401);
#2848=DEFINITIONAL_REPRESENTATION('',(#4867),#9401);
#2849=DEFINITIONAL_REPRESENTATION('',(#4868),#9401);
#2850=DEFINITIONAL_REPRESENTATION('',(#1387),#9401);
#2851=DEFINITIONAL_REPRESENTATION('',(#4870),#9401);
#2852=DEFINITIONAL_REPRESENTATION('',(#1388),#9401);
#2853=DEFINITIONAL_REPRESENTATION('',(#4871),#9401);
#2854=DEFINITIONAL_REPRESENTATION('',(#4872),#9401);
#2855=DEFINITIONAL_REPRESENTATION('',(#4873),#9401);
#2856=DEFINITIONAL_REPRESENTATION('',(#4874),#9401);
#2857=DEFINITIONAL_REPRESENTATION('',(#4875),#9401);
#2858=DEFINITIONAL_REPRESENTATION('',(#4876),#9401);
#2859=DEFINITIONAL_REPRESENTATION('',(#4878),#9401);
#2860=DEFINITIONAL_REPRESENTATION('',(#4879),#9401);
#2861=DEFINITIONAL_REPRESENTATION('',(#4880),#9401);
#2862=DEFINITIONAL_REPRESENTATION('',(#4881),#9401);
#2863=DEFINITIONAL_REPRESENTATION('',(#4882),#9401);
#2864=DEFINITIONAL_REPRESENTATION('',(#4883),#9401);
#2865=DEFINITIONAL_REPRESENTATION('',(#4884),#9401);
#2866=DEFINITIONAL_REPRESENTATION('',(#4885),#9401);
#2867=DEFINITIONAL_REPRESENTATION('',(#4886),#9401);
#2868=DEFINITIONAL_REPRESENTATION('',(#4887),#9401);
#2869=DEFINITIONAL_REPRESENTATION('',(#4889),#9401);
#2870=DEFINITIONAL_REPRESENTATION('',(#4891),#9401);
#2871=DEFINITIONAL_REPRESENTATION('',(#4893),#9401);
#2872=DEFINITIONAL_REPRESENTATION('',(#4894),#9401);
#2873=DEFINITIONAL_REPRESENTATION('',(#1390),#9401);
#2874=DEFINITIONAL_REPRESENTATION('',(#4896),#9401);
#2875=DEFINITIONAL_REPRESENTATION('',(#1392),#9401);
#2876=DEFINITIONAL_REPRESENTATION('',(#4897),#9401);
#2877=DEFINITIONAL_REPRESENTATION('',(#4898),#9401);
#2878=DEFINITIONAL_REPRESENTATION('',(#4900),#9401);
#2879=DEFINITIONAL_REPRESENTATION('',(#4902),#9401);
#2880=DEFINITIONAL_REPRESENTATION('',(#1394),#9401);
#2881=DEFINITIONAL_REPRESENTATION('',(#4904),#9401);
#2882=DEFINITIONAL_REPRESENTATION('',(#4905),#9401);
#2883=DEFINITIONAL_REPRESENTATION('',(#4906),#9401);
#2884=DEFINITIONAL_REPRESENTATION('',(#1396),#9401);
#2885=DEFINITIONAL_REPRESENTATION('',(#4907),#9401);
#2886=DEFINITIONAL_REPRESENTATION('',(#4909),#9401);
#2887=DEFINITIONAL_REPRESENTATION('',(#4910),#9401);
#2888=DEFINITIONAL_REPRESENTATION('',(#4911),#9401);
#2889=DEFINITIONAL_REPRESENTATION('',(#4912),#9401);
#2890=DEFINITIONAL_REPRESENTATION('',(#4914),#9401);
#2891=DEFINITIONAL_REPRESENTATION('',(#4915),#9401);
#2892=DEFINITIONAL_REPRESENTATION('',(#4917),#9401);
#2893=DEFINITIONAL_REPRESENTATION('',(#4918),#9401);
#2894=DEFINITIONAL_REPRESENTATION('',(#4919),#9401);
#2895=DEFINITIONAL_REPRESENTATION('',(#4920),#9401);
#2896=DEFINITIONAL_REPRESENTATION('',(#4921),#9401);
#2897=DEFINITIONAL_REPRESENTATION('',(#4922),#9401);
#2898=DEFINITIONAL_REPRESENTATION('',(#4923),#9401);
#2899=DEFINITIONAL_REPRESENTATION('',(#4924),#9401);
#2900=DEFINITIONAL_REPRESENTATION('',(#4925),#9401);
#2901=DEFINITIONAL_REPRESENTATION('',(#4927),#9401);
#2902=DEFINITIONAL_REPRESENTATION('',(#4928),#9401);
#2903=DEFINITIONAL_REPRESENTATION('',(#4930),#9401);
#2904=DEFINITIONAL_REPRESENTATION('',(#4931),#9401);
#2905=DEFINITIONAL_REPRESENTATION('',(#4932),#9401);
#2906=DEFINITIONAL_REPRESENTATION('',(#4934),#9401);
#2907=DEFINITIONAL_REPRESENTATION('',(#4936),#9401);
#2908=DEFINITIONAL_REPRESENTATION('',(#4938),#9401);
#2909=DEFINITIONAL_REPRESENTATION('',(#4939),#9401);
#2910=DEFINITIONAL_REPRESENTATION('',(#4941),#9401);
#2911=DEFINITIONAL_REPRESENTATION('',(#4943),#9401);
#2912=DEFINITIONAL_REPRESENTATION('',(#4945),#9401);
#2913=DEFINITIONAL_REPRESENTATION('',(#4946),#9401);
#2914=DEFINITIONAL_REPRESENTATION('',(#4948),#9401);
#2915=DEFINITIONAL_REPRESENTATION('',(#4950),#9401);
#2916=DEFINITIONAL_REPRESENTATION('',(#4952),#9401);
#2917=DEFINITIONAL_REPRESENTATION('',(#4953),#9401);
#2918=DEFINITIONAL_REPRESENTATION('',(#4955),#9401);
#2919=DEFINITIONAL_REPRESENTATION('',(#4957),#9401);
#2920=DEFINITIONAL_REPRESENTATION('',(#4959),#9401);
#2921=DEFINITIONAL_REPRESENTATION('',(#4960),#9401);
#2922=DEFINITIONAL_REPRESENTATION('',(#4962),#9401);
#2923=DEFINITIONAL_REPRESENTATION('',(#4964),#9401);
#2924=DEFINITIONAL_REPRESENTATION('',(#4966),#9401);
#2925=DEFINITIONAL_REPRESENTATION('',(#4967),#9401);
#2926=DEFINITIONAL_REPRESENTATION('',(#4969),#9401);
#2927=DEFINITIONAL_REPRESENTATION('',(#4971),#9401);
#2928=DEFINITIONAL_REPRESENTATION('',(#4973),#9401);
#2929=DEFINITIONAL_REPRESENTATION('',(#4975),#9401);
#2930=DEFINITIONAL_REPRESENTATION('',(#4976),#9401);
#2931=DEFINITIONAL_REPRESENTATION('',(#4978),#9401);
#2932=DEFINITIONAL_REPRESENTATION('',(#4979),#9401);
#2933=DEFINITIONAL_REPRESENTATION('',(#4980),#9401);
#2934=DEFINITIONAL_REPRESENTATION('',(#4981),#9401);
#2935=DEFINITIONAL_REPRESENTATION('',(#4982),#9401);
#2936=DEFINITIONAL_REPRESENTATION('',(#4983),#9401);
#2937=DEFINITIONAL_REPRESENTATION('',(#4984),#9401);
#2938=DEFINITIONAL_REPRESENTATION('',(#1399),#9401);
#2939=DEFINITIONAL_REPRESENTATION('',(#4986),#9401);
#2940=DEFINITIONAL_REPRESENTATION('',(#1400),#9401);
#2941=DEFINITIONAL_REPRESENTATION('',(#4987),#9401);
#2942=DEFINITIONAL_REPRESENTATION('',(#4988),#9401);
#2943=DEFINITIONAL_REPRESENTATION('',(#4989),#9401);
#2944=DEFINITIONAL_REPRESENTATION('',(#4990),#9401);
#2945=DEFINITIONAL_REPRESENTATION('',(#4991),#9401);
#2946=DEFINITIONAL_REPRESENTATION('',(#4992),#9401);
#2947=DEFINITIONAL_REPRESENTATION('',(#4994),#9401);
#2948=DEFINITIONAL_REPRESENTATION('',(#4995),#9401);
#2949=DEFINITIONAL_REPRESENTATION('',(#4996),#9401);
#2950=DEFINITIONAL_REPRESENTATION('',(#4997),#9401);
#2951=DEFINITIONAL_REPRESENTATION('',(#4998),#9401);
#2952=DEFINITIONAL_REPRESENTATION('',(#4999),#9401);
#2953=DEFINITIONAL_REPRESENTATION('',(#5000),#9401);
#2954=DEFINITIONAL_REPRESENTATION('',(#5001),#9401);
#2955=DEFINITIONAL_REPRESENTATION('',(#5002),#9401);
#2956=DEFINITIONAL_REPRESENTATION('',(#5003),#9401);
#2957=DEFINITIONAL_REPRESENTATION('',(#5005),#9401);
#2958=DEFINITIONAL_REPRESENTATION('',(#5007),#9401);
#2959=DEFINITIONAL_REPRESENTATION('',(#5009),#9401);
#2960=DEFINITIONAL_REPRESENTATION('',(#5010),#9401);
#2961=DEFINITIONAL_REPRESENTATION('',(#1402),#9401);
#2962=DEFINITIONAL_REPRESENTATION('',(#5012),#9401);
#2963=DEFINITIONAL_REPRESENTATION('',(#1404),#9401);
#2964=DEFINITIONAL_REPRESENTATION('',(#5013),#9401);
#2965=DEFINITIONAL_REPRESENTATION('',(#5014),#9401);
#2966=DEFINITIONAL_REPRESENTATION('',(#5016),#9401);
#2967=DEFINITIONAL_REPRESENTATION('',(#5018),#9401);
#2968=DEFINITIONAL_REPRESENTATION('',(#1406),#9401);
#2969=DEFINITIONAL_REPRESENTATION('',(#5020),#9401);
#2970=DEFINITIONAL_REPRESENTATION('',(#5021),#9401);
#2971=DEFINITIONAL_REPRESENTATION('',(#5022),#9401);
#2972=DEFINITIONAL_REPRESENTATION('',(#1408),#9401);
#2973=DEFINITIONAL_REPRESENTATION('',(#5023),#9401);
#2974=DEFINITIONAL_REPRESENTATION('',(#5025),#9401);
#2975=DEFINITIONAL_REPRESENTATION('',(#5026),#9401);
#2976=DEFINITIONAL_REPRESENTATION('',(#5027),#9401);
#2977=DEFINITIONAL_REPRESENTATION('',(#5028),#9401);
#2978=DEFINITIONAL_REPRESENTATION('',(#5030),#9401);
#2979=DEFINITIONAL_REPRESENTATION('',(#5031),#9401);
#2980=DEFINITIONAL_REPRESENTATION('',(#5033),#9401);
#2981=DEFINITIONAL_REPRESENTATION('',(#5035),#9401);
#2982=DEFINITIONAL_REPRESENTATION('',(#5036),#9401);
#2983=DEFINITIONAL_REPRESENTATION('',(#5038),#9401);
#2984=DEFINITIONAL_REPRESENTATION('',(#5039),#9401);
#2985=DEFINITIONAL_REPRESENTATION('',(#5040),#9401);
#2986=DEFINITIONAL_REPRESENTATION('',(#5042),#9401);
#2987=DEFINITIONAL_REPRESENTATION('',(#5044),#9401);
#2988=DEFINITIONAL_REPRESENTATION('',(#5046),#9401);
#2989=DEFINITIONAL_REPRESENTATION('',(#5047),#9401);
#2990=DEFINITIONAL_REPRESENTATION('',(#5049),#9401);
#2991=DEFINITIONAL_REPRESENTATION('',(#5051),#9401);
#2992=DEFINITIONAL_REPRESENTATION('',(#5053),#9401);
#2993=DEFINITIONAL_REPRESENTATION('',(#5054),#9401);
#2994=DEFINITIONAL_REPRESENTATION('',(#5056),#9401);
#2995=DEFINITIONAL_REPRESENTATION('',(#5058),#9401);
#2996=DEFINITIONAL_REPRESENTATION('',(#5060),#9401);
#2997=DEFINITIONAL_REPRESENTATION('',(#5061),#9401);
#2998=DEFINITIONAL_REPRESENTATION('',(#5063),#9401);
#2999=DEFINITIONAL_REPRESENTATION('',(#5065),#9401);
#3000=DEFINITIONAL_REPRESENTATION('',(#5067),#9401);
#3001=DEFINITIONAL_REPRESENTATION('',(#5068),#9401);
#3002=DEFINITIONAL_REPRESENTATION('',(#5070),#9401);
#3003=DEFINITIONAL_REPRESENTATION('',(#5072),#9401);
#3004=DEFINITIONAL_REPRESENTATION('',(#5074),#9401);
#3005=DEFINITIONAL_REPRESENTATION('',(#5075),#9401);
#3006=DEFINITIONAL_REPRESENTATION('',(#5077),#9401);
#3007=DEFINITIONAL_REPRESENTATION('',(#5079),#9401);
#3008=DEFINITIONAL_REPRESENTATION('',(#5081),#9401);
#3009=DEFINITIONAL_REPRESENTATION('',(#5083),#9401);
#3010=DEFINITIONAL_REPRESENTATION('',(#5084),#9401);
#3011=DEFINITIONAL_REPRESENTATION('',(#5086),#9401);
#3012=DEFINITIONAL_REPRESENTATION('',(#5087),#9401);
#3013=DEFINITIONAL_REPRESENTATION('',(#5088),#9401);
#3014=DEFINITIONAL_REPRESENTATION('',(#5089),#9401);
#3015=DEFINITIONAL_REPRESENTATION('',(#5090),#9401);
#3016=DEFINITIONAL_REPRESENTATION('',(#5091),#9401);
#3017=DEFINITIONAL_REPRESENTATION('',(#5092),#9401);
#3018=DEFINITIONAL_REPRESENTATION('',(#1411),#9401);
#3019=DEFINITIONAL_REPRESENTATION('',(#5094),#9401);
#3020=DEFINITIONAL_REPRESENTATION('',(#1412),#9401);
#3021=DEFINITIONAL_REPRESENTATION('',(#5095),#9401);
#3022=DEFINITIONAL_REPRESENTATION('',(#5096),#9401);
#3023=DEFINITIONAL_REPRESENTATION('',(#5097),#9401);
#3024=DEFINITIONAL_REPRESENTATION('',(#5098),#9401);
#3025=DEFINITIONAL_REPRESENTATION('',(#5099),#9401);
#3026=DEFINITIONAL_REPRESENTATION('',(#5100),#9401);
#3027=DEFINITIONAL_REPRESENTATION('',(#5102),#9401);
#3028=DEFINITIONAL_REPRESENTATION('',(#5103),#9401);
#3029=DEFINITIONAL_REPRESENTATION('',(#5104),#9401);
#3030=DEFINITIONAL_REPRESENTATION('',(#5105),#9401);
#3031=DEFINITIONAL_REPRESENTATION('',(#5106),#9401);
#3032=DEFINITIONAL_REPRESENTATION('',(#5107),#9401);
#3033=DEFINITIONAL_REPRESENTATION('',(#5108),#9401);
#3034=DEFINITIONAL_REPRESENTATION('',(#5109),#9401);
#3035=DEFINITIONAL_REPRESENTATION('',(#5110),#9401);
#3036=DEFINITIONAL_REPRESENTATION('',(#5111),#9401);
#3037=DEFINITIONAL_REPRESENTATION('',(#5113),#9401);
#3038=DEFINITIONAL_REPRESENTATION('',(#5115),#9401);
#3039=DEFINITIONAL_REPRESENTATION('',(#5117),#9401);
#3040=DEFINITIONAL_REPRESENTATION('',(#5118),#9401);
#3041=DEFINITIONAL_REPRESENTATION('',(#1414),#9401);
#3042=DEFINITIONAL_REPRESENTATION('',(#5120),#9401);
#3043=DEFINITIONAL_REPRESENTATION('',(#1416),#9401);
#3044=DEFINITIONAL_REPRESENTATION('',(#5121),#9401);
#3045=DEFINITIONAL_REPRESENTATION('',(#5122),#9401);
#3046=DEFINITIONAL_REPRESENTATION('',(#5124),#9401);
#3047=DEFINITIONAL_REPRESENTATION('',(#5126),#9401);
#3048=DEFINITIONAL_REPRESENTATION('',(#1418),#9401);
#3049=DEFINITIONAL_REPRESENTATION('',(#5128),#9401);
#3050=DEFINITIONAL_REPRESENTATION('',(#5129),#9401);
#3051=DEFINITIONAL_REPRESENTATION('',(#5130),#9401);
#3052=DEFINITIONAL_REPRESENTATION('',(#1420),#9401);
#3053=DEFINITIONAL_REPRESENTATION('',(#5131),#9401);
#3054=DEFINITIONAL_REPRESENTATION('',(#5133),#9401);
#3055=DEFINITIONAL_REPRESENTATION('',(#5134),#9401);
#3056=DEFINITIONAL_REPRESENTATION('',(#5135),#9401);
#3057=DEFINITIONAL_REPRESENTATION('',(#5136),#9401);
#3058=DEFINITIONAL_REPRESENTATION('',(#5138),#9401);
#3059=DEFINITIONAL_REPRESENTATION('',(#5139),#9401);
#3060=DEFINITIONAL_REPRESENTATION('',(#5141),#9401);
#3061=DEFINITIONAL_REPRESENTATION('',(#5143),#9401);
#3062=DEFINITIONAL_REPRESENTATION('',(#5144),#9401);
#3063=DEFINITIONAL_REPRESENTATION('',(#5146),#9401);
#3064=DEFINITIONAL_REPRESENTATION('',(#5147),#9401);
#3065=DEFINITIONAL_REPRESENTATION('',(#5148),#9401);
#3066=DEFINITIONAL_REPRESENTATION('',(#5150),#9401);
#3067=DEFINITIONAL_REPRESENTATION('',(#5152),#9401);
#3068=DEFINITIONAL_REPRESENTATION('',(#5154),#9401);
#3069=DEFINITIONAL_REPRESENTATION('',(#5155),#9401);
#3070=DEFINITIONAL_REPRESENTATION('',(#5157),#9401);
#3071=DEFINITIONAL_REPRESENTATION('',(#5159),#9401);
#3072=DEFINITIONAL_REPRESENTATION('',(#5161),#9401);
#3073=DEFINITIONAL_REPRESENTATION('',(#5162),#9401);
#3074=DEFINITIONAL_REPRESENTATION('',(#5164),#9401);
#3075=DEFINITIONAL_REPRESENTATION('',(#5166),#9401);
#3076=DEFINITIONAL_REPRESENTATION('',(#5168),#9401);
#3077=DEFINITIONAL_REPRESENTATION('',(#5169),#9401);
#3078=DEFINITIONAL_REPRESENTATION('',(#5171),#9401);
#3079=DEFINITIONAL_REPRESENTATION('',(#5173),#9401);
#3080=DEFINITIONAL_REPRESENTATION('',(#5175),#9401);
#3081=DEFINITIONAL_REPRESENTATION('',(#5176),#9401);
#3082=DEFINITIONAL_REPRESENTATION('',(#5178),#9401);
#3083=DEFINITIONAL_REPRESENTATION('',(#5180),#9401);
#3084=DEFINITIONAL_REPRESENTATION('',(#5182),#9401);
#3085=DEFINITIONAL_REPRESENTATION('',(#5183),#9401);
#3086=DEFINITIONAL_REPRESENTATION('',(#5185),#9401);
#3087=DEFINITIONAL_REPRESENTATION('',(#5187),#9401);
#3088=DEFINITIONAL_REPRESENTATION('',(#5189),#9401);
#3089=DEFINITIONAL_REPRESENTATION('',(#5191),#9401);
#3090=DEFINITIONAL_REPRESENTATION('',(#5192),#9401);
#3091=DEFINITIONAL_REPRESENTATION('',(#5194),#9401);
#3092=DEFINITIONAL_REPRESENTATION('',(#5195),#9401);
#3093=DEFINITIONAL_REPRESENTATION('',(#5196),#9401);
#3094=DEFINITIONAL_REPRESENTATION('',(#5197),#9401);
#3095=DEFINITIONAL_REPRESENTATION('',(#5198),#9401);
#3096=DEFINITIONAL_REPRESENTATION('',(#5199),#9401);
#3097=DEFINITIONAL_REPRESENTATION('',(#5200),#9401);
#3098=DEFINITIONAL_REPRESENTATION('',(#1423),#9401);
#3099=DEFINITIONAL_REPRESENTATION('',(#5202),#9401);
#3100=DEFINITIONAL_REPRESENTATION('',(#1424),#9401);
#3101=DEFINITIONAL_REPRESENTATION('',(#5203),#9401);
#3102=DEFINITIONAL_REPRESENTATION('',(#5204),#9401);
#3103=DEFINITIONAL_REPRESENTATION('',(#5205),#9401);
#3104=DEFINITIONAL_REPRESENTATION('',(#5206),#9401);
#3105=DEFINITIONAL_REPRESENTATION('',(#5207),#9401);
#3106=DEFINITIONAL_REPRESENTATION('',(#5208),#9401);
#3107=DEFINITIONAL_REPRESENTATION('',(#5210),#9401);
#3108=DEFINITIONAL_REPRESENTATION('',(#5211),#9401);
#3109=DEFINITIONAL_REPRESENTATION('',(#5212),#9401);
#3110=DEFINITIONAL_REPRESENTATION('',(#5213),#9401);
#3111=DEFINITIONAL_REPRESENTATION('',(#5214),#9401);
#3112=DEFINITIONAL_REPRESENTATION('',(#5215),#9401);
#3113=DEFINITIONAL_REPRESENTATION('',(#5216),#9401);
#3114=DEFINITIONAL_REPRESENTATION('',(#5217),#9401);
#3115=DEFINITIONAL_REPRESENTATION('',(#5218),#9401);
#3116=DEFINITIONAL_REPRESENTATION('',(#5219),#9401);
#3117=DEFINITIONAL_REPRESENTATION('',(#5221),#9401);
#3118=DEFINITIONAL_REPRESENTATION('',(#5223),#9401);
#3119=DEFINITIONAL_REPRESENTATION('',(#5225),#9401);
#3120=DEFINITIONAL_REPRESENTATION('',(#5226),#9401);
#3121=DEFINITIONAL_REPRESENTATION('',(#1426),#9401);
#3122=DEFINITIONAL_REPRESENTATION('',(#5228),#9401);
#3123=DEFINITIONAL_REPRESENTATION('',(#1428),#9401);
#3124=DEFINITIONAL_REPRESENTATION('',(#5229),#9401);
#3125=DEFINITIONAL_REPRESENTATION('',(#5230),#9401);
#3126=DEFINITIONAL_REPRESENTATION('',(#5232),#9401);
#3127=DEFINITIONAL_REPRESENTATION('',(#5234),#9401);
#3128=DEFINITIONAL_REPRESENTATION('',(#1430),#9401);
#3129=DEFINITIONAL_REPRESENTATION('',(#5236),#9401);
#3130=DEFINITIONAL_REPRESENTATION('',(#5237),#9401);
#3131=DEFINITIONAL_REPRESENTATION('',(#5238),#9401);
#3132=DEFINITIONAL_REPRESENTATION('',(#1432),#9401);
#3133=DEFINITIONAL_REPRESENTATION('',(#5239),#9401);
#3134=DEFINITIONAL_REPRESENTATION('',(#5241),#9401);
#3135=DEFINITIONAL_REPRESENTATION('',(#5242),#9401);
#3136=DEFINITIONAL_REPRESENTATION('',(#5243),#9401);
#3137=DEFINITIONAL_REPRESENTATION('',(#5244),#9401);
#3138=DEFINITIONAL_REPRESENTATION('',(#5246),#9401);
#3139=DEFINITIONAL_REPRESENTATION('',(#5247),#9401);
#3140=DEFINITIONAL_REPRESENTATION('',(#5249),#9401);
#3141=DEFINITIONAL_REPRESENTATION('',(#5250),#9401);
#3142=DEFINITIONAL_REPRESENTATION('',(#5251),#9401);
#3143=DEFINITIONAL_REPRESENTATION('',(#5252),#9401);
#3144=DEFINITIONAL_REPRESENTATION('',(#5253),#9401);
#3145=DEFINITIONAL_REPRESENTATION('',(#5254),#9401);
#3146=DEFINITIONAL_REPRESENTATION('',(#5255),#9401);
#3147=DEFINITIONAL_REPRESENTATION('',(#5256),#9401);
#3148=DEFINITIONAL_REPRESENTATION('',(#5257),#9401);
#3149=DEFINITIONAL_REPRESENTATION('',(#5258),#9401);
#3150=DEFINITIONAL_REPRESENTATION('',(#5259),#9401);
#3151=DEFINITIONAL_REPRESENTATION('',(#5260),#9401);
#3152=DEFINITIONAL_REPRESENTATION('',(#5261),#9401);
#3153=DEFINITIONAL_REPRESENTATION('',(#5262),#9401);
#3154=DEFINITIONAL_REPRESENTATION('',(#5263),#9401);
#3155=DEFINITIONAL_REPRESENTATION('',(#5264),#9401);
#3156=DEFINITIONAL_REPRESENTATION('',(#5265),#9401);
#3157=DEFINITIONAL_REPRESENTATION('',(#5266),#9401);
#3158=DEFINITIONAL_REPRESENTATION('',(#5267),#9401);
#3159=DEFINITIONAL_REPRESENTATION('',(#5268),#9401);
#3160=DEFINITIONAL_REPRESENTATION('',(#5269),#9401);
#3161=DEFINITIONAL_REPRESENTATION('',(#5270),#9401);
#3162=DEFINITIONAL_REPRESENTATION('',(#5271),#9401);
#3163=DEFINITIONAL_REPRESENTATION('',(#5272),#9401);
#3164=DEFINITIONAL_REPRESENTATION('',(#5273),#9401);
#3165=SURFACE_CURVE('',#4031,(#1433,#1653),.PCURVE_S1.);
#3166=SURFACE_CURVE('',#4033,(#1434,#1649),.PCURVE_S1.);
#3167=SURFACE_CURVE('',#4035,(#1435,#1446),.PCURVE_S1.);
#3168=SURFACE_CURVE('',#4037,(#1436,#1657),.PCURVE_S1.);
#3169=SURFACE_CURVE('',#4039,(#1437,#1693),.PCURVE_S1.);
#3170=SURFACE_CURVE('',#4041,(#1438,#1689),.PCURVE_S1.);
#3171=SURFACE_CURVE('',#4043,(#1439,#1685),.PCURVE_S1.);
#3172=SURFACE_CURVE('',#4045,(#1440,#1681),.PCURVE_S1.);
#3173=SURFACE_CURVE('',#4047,(#1441,#1677),.PCURVE_S1.);
#3174=SURFACE_CURVE('',#4049,(#1442,#1673),.PCURVE_S1.);
#3175=SURFACE_CURVE('',#4051,(#1443,#1669),.PCURVE_S1.);
#3176=SURFACE_CURVE('',#4053,(#1444,#1665),.PCURVE_S1.);
#3177=SURFACE_CURVE('',#4055,(#1445,#1661),.PCURVE_S1.);
#3178=SURFACE_CURVE('',#4058,(#1447,#2016),.PCURVE_S1.);
#3179=SURFACE_CURVE('',#4060,(#1448,#2022),.PCURVE_S1.);
#3180=SURFACE_CURVE('',#4062,(#1449,#2011),.PCURVE_S1.);
#3181=SURFACE_CURVE('',#4064,(#1450,#2006),.PCURVE_S1.);
#3182=SURFACE_CURVE('',#4066,(#1451,#2104),.PCURVE_S1.);
#3183=SURFACE_CURVE('',#4068,(#1452,#2110),.PCURVE_S1.);
#3184=SURFACE_CURVE('',#4070,(#1453,#2099),.PCURVE_S1.);
#3185=SURFACE_CURVE('',#4072,(#1454,#2094),.PCURVE_S1.);
#3186=SURFACE_CURVE('',#4074,(#1455,#2184),.PCURVE_S1.);
#3187=SURFACE_CURVE('',#4076,(#1456,#2190),.PCURVE_S1.);
#3188=SURFACE_CURVE('',#4078,(#1457,#2179),.PCURVE_S1.);
#3189=SURFACE_CURVE('',#4080,(#1458,#2174),.PCURVE_S1.);
#3190=SURFACE_CURVE('',#4082,(#1459,#2264),.PCURVE_S1.);
#3191=SURFACE_CURVE('',#4084,(#1460,#2270),.PCURVE_S1.);
#3192=SURFACE_CURVE('',#4086,(#1461,#2259),.PCURVE_S1.);
#3193=SURFACE_CURVE('',#4088,(#1462,#2254),.PCURVE_S1.);
#3194=SURFACE_CURVE('',#4090,(#1463,#2242),.PCURVE_S1.);
#3195=SURFACE_CURVE('',#4092,(#1464,#1584),.PCURVE_S1.);
#3196=SURFACE_CURVE('',#4094,(#1465,#1834),.PCURVE_S1.);
#3197=SURFACE_CURVE('',#4096,(#1466,#1938),.PCURVE_S1.);
#3198=SURFACE_CURVE('',#4098,(#1467,#1832),.PCURVE_S1.);
#3199=SURFACE_CURVE('',#4100,(#1468,#1586),.PCURVE_S1.);
#3200=SURFACE_CURVE('',#4102,(#1469,#2224),.PCURVE_S1.);
#3201=SURFACE_CURVE('',#4104,(#1470,#2244),.PCURVE_S1.);
#3202=SURFACE_CURVE('',#4106,(#1471,#2162),.PCURVE_S1.);
#3203=SURFACE_CURVE('',#4108,(#1472,#1578),.PCURVE_S1.);
#3204=SURFACE_CURVE('',#4110,(#1473,#1810),.PCURVE_S1.);
#3205=SURFACE_CURVE('',#4112,(#1474,#1942),.PCURVE_S1.);
#3206=SURFACE_CURVE('',#4114,(#1475,#1808),.PCURVE_S1.);
#3207=SURFACE_CURVE('',#4116,(#1476,#1580),.PCURVE_S1.);
#3208=SURFACE_CURVE('',#4118,(#1477,#2144),.PCURVE_S1.);
#3209=SURFACE_CURVE('',#4120,(#1478,#2164),.PCURVE_S1.);
#3210=SURFACE_CURVE('',#4122,(#1479,#2082),.PCURVE_S1.);
#3211=SURFACE_CURVE('',#4124,(#1480,#1572),.PCURVE_S1.);
#3212=SURFACE_CURVE('',#4126,(#1481,#1818),.PCURVE_S1.);
#3213=SURFACE_CURVE('',#4128,(#1482,#1926),.PCURVE_S1.);
#3214=SURFACE_CURVE('',#4130,(#1483,#1816),.PCURVE_S1.);
#3215=SURFACE_CURVE('',#4132,(#1484,#1574),.PCURVE_S1.);
#3216=SURFACE_CURVE('',#4134,(#1485,#2064),.PCURVE_S1.);
#3217=SURFACE_CURVE('',#4136,(#1486,#2084),.PCURVE_S1.);
#3218=SURFACE_CURVE('',#4138,(#1487,#1994),.PCURVE_S1.);
#3219=SURFACE_CURVE('',#4140,(#1488,#1566),.PCURVE_S1.);
#3220=SURFACE_CURVE('',#4142,(#1489,#1826),.PCURVE_S1.);
#3221=SURFACE_CURVE('',#4144,(#1490,#1930),.PCURVE_S1.);
#3222=SURFACE_CURVE('',#4146,(#1491,#1824),.PCURVE_S1.);
#3223=SURFACE_CURVE('',#4148,(#1492,#1568),.PCURVE_S1.);
#3224=SURFACE_CURVE('',#4150,(#1493,#1976),.PCURVE_S1.);
#3225=SURFACE_CURVE('',#4152,(#1494,#1996),.PCURVE_S1.);
#3226=SURFACE_CURVE('',#4154,(#1495,#1509),.PCURVE_S1.);
#3227=SURFACE_CURVE('',#4156,(#1496,#1944),.PCURVE_S1.);
#3228=SURFACE_CURVE('',#4158,(#1497,#1503),.PCURVE_S1.);
#3229=SURFACE_CURVE('',#4160,(#1498,#1753),.PCURVE_S1.);
#3230=SURFACE_CURVE('',#4162,(#1499,#1646),.PCURVE_S1.);
#3231=SURFACE_CURVE('',#4164,(#1500,#1539),.PCURVE_S1.);
#3232=SURFACE_CURVE('',#4166,(#1501,#1522),.PCURVE_S1.);
#3233=SURFACE_CURVE('',#4168,(#1502,#1882),.PCURVE_S1.);
#3234=SURFACE_CURVE('',#4171,(#1504,#1943),.PCURVE_S1.);
#3235=SURFACE_CURVE('',#4173,(#1505,#1758),.PCURVE_S1.);
#3236=SURFACE_CURVE('',#4175,(#1506,#1754),.PCURVE_S1.);
#3237=SURFACE_CURVE('',#4177,(#1507,#1877),.PCURVE_S1.);
#3238=SURFACE_CURVE('',#4179,(#1508,#1945),.PCURVE_S1.);
#3239=SURFACE_CURVE('',#4182,(#1510,#1881),.PCURVE_S1.);
#3240=SURFACE_CURVE('',#4184,(#1511,#1896),.PCURVE_S1.);
#3241=SURFACE_CURVE('',#4186,(#1512,#1852),.PCURVE_S1.);
#3242=SURFACE_CURVE('',#4188,(#1513,#1864),.PCURVE_S1.);
#3243=SURFACE_CURVE('',#4190,(#1514,#1516),.PCURVE_S1.);
#3244=SURFACE_CURVE('',#4192,(#1515,#1897),.PCURVE_S1.);
#3245=SURFACE_CURVE('',#4195,(#1517,#1863),.PCURVE_S1.);
#3246=SURFACE_CURVE('',#4197,(#1518,#1592),.PCURVE_S1.);
#3247=SURFACE_CURVE('',#4199,(#1519,#1871),.PCURVE_S1.);
#3248=SURFACE_CURVE('',#4201,(#1520,#1875),.PCURVE_S1.);
#3249=SURFACE_CURVE('',#4203,(#1521,#1879),.PCURVE_S1.);
#3250=SURFACE_CURVE('',#4206,(#1523,#1538),.PCURVE_S1.);
#3251=SURFACE_CURVE('',#4208,(#1524,#1841),.PCURVE_S1.);
#3252=SURFACE_CURVE('',#4210,(#1525,#1849),.PCURVE_S1.);
#3253=SURFACE_CURVE('',#4212,(#1526,#1855),.PCURVE_S1.);
#3254=SURFACE_CURVE('',#4214,(#1527,#1859),.PCURVE_S1.);
#3255=SURFACE_CURVE('',#4216,(#1528,#1589),.PCURVE_S1.);
#3256=SURFACE_CURVE('',#4218,(#1529,#1534),.PCURVE_S1.);
#3257=SURFACE_CURVE('',#4220,(#1530,#1867),.PCURVE_S1.);
#3258=SURFACE_CURVE('',#4222,(#1531,#1936),.PCURVE_S1.);
#3259=SURFACE_CURVE('',#4224,(#1532,#1886),.PCURVE_S1.);
#3260=SURFACE_CURVE('',#4226,(#1533,#1868),.PCURVE_S1.);
#3261=SURFACE_CURVE('',#4229,(#1535,#1588),.PCURVE_S1.);
#3262=SURFACE_CURVE('',#4231,(#1536,#1830),.PCURVE_S1.);
#3263=SURFACE_CURVE('',#4233,(#1537,#1842),.PCURVE_S1.);
#3264=SURFACE_CURVE('',#4237,(#1540,#1645),.PCURVE_S1.);
#3265=SURFACE_CURVE('',#4239,(#1541,#1745),.PCURVE_S1.);
#3266=SURFACE_CURVE('',#4241,(#1542,#1747),.PCURVE_S1.);
#3267=SURFACE_CURVE('',#4243,(#1543,#1558),.PCURVE_S1.);
#3268=SURFACE_CURVE('',#4245,(#1544,#1861),.PCURVE_S1.);
#3269=SURFACE_CURVE('',#4247,(#1545,#1739),.PCURVE_S1.);
#3270=SURFACE_CURVE('',#4249,(#1546,#1731),.PCURVE_S1.);
#3271=SURFACE_CURVE('',#4251,(#1547,#1723),.PCURVE_S1.);
#3272=SURFACE_CURVE('',#4253,(#1548,#1715),.PCURVE_S1.);
#3273=SURFACE_CURVE('',#4255,(#1549,#1707),.PCURVE_S1.);
#3274=SURFACE_CURVE('',#4257,(#1550,#1699),.PCURVE_S1.);
#3275=SURFACE_CURVE('',#4259,(#1551,#1695),.PCURVE_S1.);
#3276=SURFACE_CURVE('',#4261,(#1552,#1705),.PCURVE_S1.);
#3277=SURFACE_CURVE('',#4263,(#1553,#1713),.PCURVE_S1.);
#3278=SURFACE_CURVE('',#4265,(#1554,#1721),.PCURVE_S1.);
#3279=SURFACE_CURVE('',#4267,(#1555,#1729),.PCURVE_S1.);
#3280=SURFACE_CURVE('',#4269,(#1556,#1737),.PCURVE_S1.);
#3281=SURFACE_CURVE('',#4271,(#1557,#1862),.PCURVE_S1.);
#3282=SURFACE_CURVE('',#4274,(#1559,#1752),.PCURVE_S1.);
#3283=SURFACE_CURVE('',#4276,(#1560,#1605),.PCURVE_S1.);
#3284=SURFACE_CURVE('',#4278,(#1561,#1773),.PCURVE_S1.);
#3285=SURFACE_CURVE('',#4280,(#1562,#1611),.PCURVE_S1.);
#3286=SURFACE_CURVE('',#4282,(#1563,#1640),.PCURVE_S1.);
#3287=SURFACE_CURVE('',#4284,(#1564,#1631),.PCURVE_S1.);
#3288=SURFACE_CURVE('',#4286,(#1565,#1827),.PCURVE_S1.);
#3289=SURFACE_CURVE('',#4289,(#1567,#1999),.PCURVE_S1.);
#3290=SURFACE_CURVE('',#4292,(#1569,#1823),.PCURVE_S1.);
#3291=SURFACE_CURVE('',#4294,(#1570,#1595),.PCURVE_S1.);
#3292=SURFACE_CURVE('',#4296,(#1571,#1819),.PCURVE_S1.);
#3293=SURFACE_CURVE('',#4299,(#1573,#2087),.PCURVE_S1.);
#3294=SURFACE_CURVE('',#4302,(#1575,#1815),.PCURVE_S1.);
#3295=SURFACE_CURVE('',#4304,(#1576,#1599),.PCURVE_S1.);
#3296=SURFACE_CURVE('',#4306,(#1577,#1811),.PCURVE_S1.);
#3297=SURFACE_CURVE('',#4309,(#1579,#2167),.PCURVE_S1.);
#3298=SURFACE_CURVE('',#4312,(#1581,#1807),.PCURVE_S1.);
#3299=SURFACE_CURVE('',#4314,(#1582,#1603),.PCURVE_S1.);
#3300=SURFACE_CURVE('',#4316,(#1583,#1835),.PCURVE_S1.);
#3301=SURFACE_CURVE('',#4319,(#1585,#2247),.PCURVE_S1.);
#3302=SURFACE_CURVE('',#4322,(#1587,#1831),.PCURVE_S1.);
#3303=SURFACE_CURVE('',#4326,(#1590,#1858),.PCURVE_S1.);
#3304=SURFACE_CURVE('',#4328,(#1591,#1887),.PCURVE_S1.);
#3305=SURFACE_CURVE('',#4331,(#1593,#1928),.PCURVE_S1.);
#3306=SURFACE_CURVE('',#4333,(#1594,#1820),.PCURVE_S1.);
#3307=SURFACE_CURVE('',#4336,(#1596,#1822),.PCURVE_S1.);
#3308=SURFACE_CURVE('',#4338,(#1597,#1924),.PCURVE_S1.);
#3309=SURFACE_CURVE('',#4340,(#1598,#1812),.PCURVE_S1.);
#3310=SURFACE_CURVE('',#4343,(#1600,#1814),.PCURVE_S1.);
#3311=SURFACE_CURVE('',#4345,(#1601,#1940),.PCURVE_S1.);
#3312=SURFACE_CURVE('',#4347,(#1602,#1836),.PCURVE_S1.);
#3313=SURFACE_CURVE('',#4350,(#1604,#1806),.PCURVE_S1.);
#3314=SURFACE_CURVE('',#4353,(#1606,#1751),.PCURVE_S1.);
#3315=SURFACE_CURVE('',#4355,(#1607,#1613),.PCURVE_S1.);
#3316=SURFACE_CURVE('',#4357,(#1608,#1780),.PCURVE_S1.);
#3317=SURFACE_CURVE('',#4359,(#1609,#1619),.PCURVE_S1.);
#3318=SURFACE_CURVE('',#4361,(#1610,#1641),.PCURVE_S1.);
#3319=SURFACE_CURVE('',#4364,(#1612,#1794),.PCURVE_S1.);
#3320=SURFACE_CURVE('',#4367,(#1614,#1750),.PCURVE_S1.);
#3321=SURFACE_CURVE('',#4369,(#1615,#1621),.PCURVE_S1.);
#3322=SURFACE_CURVE('',#4371,(#1616,#1781),.PCURVE_S1.);
#3323=SURFACE_CURVE('',#4373,(#1617,#1625),.PCURVE_S1.);
#3324=SURFACE_CURVE('',#4375,(#1618,#1642),.PCURVE_S1.);
#3325=SURFACE_CURVE('',#4378,(#1620,#1793),.PCURVE_S1.);
#3326=SURFACE_CURVE('',#4381,(#1622,#1749),.PCURVE_S1.);
#3327=SURFACE_CURVE('',#4383,(#1623,#1743),.PCURVE_S1.);
#3328=SURFACE_CURVE('',#4385,(#1624,#1643),.PCURVE_S1.);
#3329=SURFACE_CURVE('',#4388,(#1626,#1792),.PCURVE_S1.);
#3330=SURFACE_CURVE('',#4390,(#1627,#1785),.PCURVE_S1.);
#3331=SURFACE_CURVE('',#4392,(#1628,#1782),.PCURVE_S1.);
#3332=SURFACE_CURVE('',#4394,(#1629,#1932),.PCURVE_S1.);
#3333=SURFACE_CURVE('',#4396,(#1630,#1828),.PCURVE_S1.);
#3334=SURFACE_CURVE('',#4399,(#1632,#1639),.PCURVE_S1.);
#3335=SURFACE_CURVE('',#4401,(#1633,#1767),.PCURVE_S1.);
#3336=SURFACE_CURVE('',#4403,(#1634,#1770),.PCURVE_S1.);
#3337=SURFACE_CURVE('',#4405,(#1635,#1756),.PCURVE_S1.);
#3338=SURFACE_CURVE('',#4407,(#1636,#1760),.PCURVE_S1.);
#3339=SURFACE_CURVE('',#4409,(#1637,#1764),.PCURVE_S1.);
#3340=SURFACE_CURVE('',#4411,(#1638,#1768),.PCURVE_S1.);
#3341=SURFACE_CURVE('',#4418,(#1644,#1746),.PCURVE_S1.);
#3342=SURFACE_CURVE('',#4422,(#1647,#1697),.PCURVE_S1.);
#3343=SURFACE_CURVE('',#4424,(#1648,#1694),.PCURVE_S1.);
#3344=SURFACE_CURVE('',#4427,(#1650,#1652),.PCURVE_S1.);
#3345=SURFACE_CURVE('',#4429,(#1651,#1703),.PCURVE_S1.);
#3346=SURFACE_CURVE('',#4433,(#1654,#1656),.PCURVE_S1.);
#3347=SURFACE_CURVE('',#4435,(#1655,#1711),.PCURVE_S1.);
#3348=SURFACE_CURVE('',#4439,(#1658,#1660),.PCURVE_S1.);
#3349=SURFACE_CURVE('',#4441,(#1659,#1719),.PCURVE_S1.);
#3350=SURFACE_CURVE('',#4445,(#1662,#1664),.PCURVE_S1.);
#3351=SURFACE_CURVE('',#4447,(#1663,#1727),.PCURVE_S1.);
#3352=SURFACE_CURVE('',#4451,(#1666,#1668),.PCURVE_S1.);
#3353=SURFACE_CURVE('',#4453,(#1667,#1735),.PCURVE_S1.);
#3354=SURFACE_CURVE('',#4457,(#1670,#1672),.PCURVE_S1.);
#3355=SURFACE_CURVE('',#4459,(#1671,#1741),.PCURVE_S1.);
#3356=SURFACE_CURVE('',#4463,(#1674,#1676),.PCURVE_S1.);
#3357=SURFACE_CURVE('',#4465,(#1675,#1733),.PCURVE_S1.);
#3358=SURFACE_CURVE('',#4469,(#1678,#1680),.PCURVE_S1.);
#3359=SURFACE_CURVE('',#4471,(#1679,#1725),.PCURVE_S1.);
#3360=SURFACE_CURVE('',#4475,(#1682,#1684),.PCURVE_S1.);
#3361=SURFACE_CURVE('',#4477,(#1683,#1717),.PCURVE_S1.);
#3362=SURFACE_CURVE('',#4481,(#1686,#1688),.PCURVE_S1.);
#3363=SURFACE_CURVE('',#4483,(#1687,#1709),.PCURVE_S1.);
#3364=SURFACE_CURVE('',#4487,(#1690,#1692),.PCURVE_S1.);
#3365=SURFACE_CURVE('',#4489,(#1691,#1701),.PCURVE_S1.);
#3366=SURFACE_CURVE('',#4495,(#1696,#1702),.PCURVE_S1.);
#3367=SURFACE_CURVE('',#4498,(#1698,#1706),.PCURVE_S1.);
#3368=SURFACE_CURVE('',#4501,(#1700,#1710),.PCURVE_S1.);
#3369=SURFACE_CURVE('',#4506,(#1704,#1714),.PCURVE_S1.);
#3370=SURFACE_CURVE('',#4511,(#1708,#1718),.PCURVE_S1.);
#3371=SURFACE_CURVE('',#4516,(#1712,#1722),.PCURVE_S1.);
#3372=SURFACE_CURVE('',#4521,(#1716,#1726),.PCURVE_S1.);
#3373=SURFACE_CURVE('',#4526,(#1720,#1730),.PCURVE_S1.);
#3374=SURFACE_CURVE('',#4531,(#1724,#1734),.PCURVE_S1.);
#3375=SURFACE_CURVE('',#4536,(#1728,#1738),.PCURVE_S1.);
#3376=SURFACE_CURVE('',#4541,(#1732,#1742),.PCURVE_S1.);
#3377=SURFACE_CURVE('',#4546,(#1736,#1740),.PCURVE_S1.);
#3378=SURFACE_CURVE('',#4555,(#1744,#1748),.PCURVE_S1.);
#3379=SURFACE_CURVE('',#4567,(#1755,#1757),.PCURVE_S1.);
#3380=SURFACE_CURVE('',#4572,(#1759,#1761),.PCURVE_S1.);
#3381=SURFACE_CURVE('',#4576,(#1762,#1772),.PCURVE_S1.);
#3382=SURFACE_CURVE('',#4578,(#1763,#1765),.PCURVE_S1.);
#3383=SURFACE_CURVE('',#4582,(#1766,#1771),.PCURVE_S1.);
#3384=SURFACE_CURVE('',#4586,(#1769,#1933),.PCURVE_S1.);
#3385=SURFACE_CURVE('',#4592,(#1774,#1779),.PCURVE_S1.);
#3386=SURFACE_CURVE('',#4594,(#1775,#1799),.PCURVE_S1.);
#3387=SURFACE_CURVE('',#4596,(#1776,#1795),.PCURVE_S1.);
#3388=SURFACE_CURVE('',#1377,(#1777,#1839),.PCURVE_S1.);
#3389=SURFACE_CURVE('',#4598,(#1778,#1800),.PCURVE_S1.);
#3390=SURFACE_CURVE('',#4604,(#1783,#1788),.PCURVE_S1.);
#3391=SURFACE_CURVE('',#4606,(#1784,#1803),.PCURVE_S1.);
#3392=SURFACE_CURVE('',#4609,(#1786,#1791),.PCURVE_S1.);
#3393=SURFACE_CURVE('',#4611,(#1787,#1804),.PCURVE_S1.);
#3394=SURFACE_CURVE('',#1379,(#1789,#1837),.PCURVE_S1.);
#3395=SURFACE_CURVE('',#4614,(#1790,#1801),.PCURVE_S1.);
#3396=SURFACE_CURVE('',#4621,(#1796,#1798),.PCURVE_S1.);
#3397=SURFACE_CURVE('',#4623,(#1797,#1838),.PCURVE_S1.);
#3398=SURFACE_CURVE('',#4629,(#1802,#1840),.PCURVE_S1.);
#3399=SURFACE_CURVE('',#4633,(#1805,#1941),.PCURVE_S1.);
#3400=SURFACE_CURVE('',#4638,(#1809,#1923),.PCURVE_S1.);
#3401=SURFACE_CURVE('',#4643,(#1813,#1925),.PCURVE_S1.);
#3402=SURFACE_CURVE('',#4648,(#1817,#1927),.PCURVE_S1.);
#3403=SURFACE_CURVE('',#4653,(#1821,#1929),.PCURVE_S1.);
#3404=SURFACE_CURVE('',#4658,(#1825,#1931),.PCURVE_S1.);
#3405=SURFACE_CURVE('',#4663,(#1829,#1937),.PCURVE_S1.);
#3406=SURFACE_CURVE('',#4668,(#1833,#1939),.PCURVE_S1.);
#3407=SURFACE_CURVE('',#4679,(#1843,#1866),.PCURVE_S1.);
#3408=SURFACE_CURVE('',#4681,(#1844,#1850),.PCURVE_S1.);
#3409=SURFACE_CURVE('',#4683,(#1845,#1895),.PCURVE_S1.);
#3410=SURFACE_CURVE('',#4685,(#1846,#1912),.PCURVE_S1.);
#3411=SURFACE_CURVE('',#4687,(#1847,#1909),.PCURVE_S1.);
#3412=SURFACE_CURVE('',#4689,(#1848,#1856),.PCURVE_S1.);
#3413=SURFACE_CURVE('',#4693,(#1851,#1865),.PCURVE_S1.);
#3414=SURFACE_CURVE('',#4696,(#1853,#1908),.PCURVE_S1.);
#3415=SURFACE_CURVE('',#4698,(#1854,#1860),.PCURVE_S1.);
#3416=SURFACE_CURVE('',#4702,(#1857,#1907),.PCURVE_S1.);
#3417=SURFACE_CURVE('',#4715,(#1869,#1885),.PCURVE_S1.);
#3418=SURFACE_CURVE('',#4717,(#1870,#1872),.PCURVE_S1.);
#3419=SURFACE_CURVE('',#4721,(#1873,#1884),.PCURVE_S1.);
#3420=SURFACE_CURVE('',#4723,(#1874,#1876),.PCURVE_S1.);
#3421=SURFACE_CURVE('',#4728,(#1878,#1880),.PCURVE_S1.);
#3422=SURFACE_CURVE('',#4734,(#1883,#1935),.PCURVE_S1.);
#3423=SURFACE_CURVE('',#4740,(#1888,#1906),.PCURVE_S1.);
#3424=SURFACE_CURVE('',#4742,(#1889,#1902),.PCURVE_S1.);
#3425=SURFACE_CURVE('',#4744,(#1890,#1898),.PCURVE_S1.);
#3426=SURFACE_CURVE('',#4746,(#1891,#1901),.PCURVE_S1.);
#3427=SURFACE_CURVE('',#1381,(#1892,#1921),.PCURVE_S1.);
#3428=SURFACE_CURVE('',#4748,(#1893,#1915),.PCURVE_S1.);
#3429=SURFACE_CURVE('',#4750,(#1894,#1913),.PCURVE_S1.);
#3430=SURFACE_CURVE('',#4756,(#1899,#1905),.PCURVE_S1.);
#3431=SURFACE_CURVE('',#4758,(#1900,#1922),.PCURVE_S1.);
#3432=SURFACE_CURVE('',#4762,(#1903,#1917),.PCURVE_S1.);
#3433=SURFACE_CURVE('',#1383,(#1904,#1919),.PCURVE_S1.);
#3434=SURFACE_CURVE('',#4769,(#1910,#1911),.PCURVE_S1.);
#3435=SURFACE_CURVE('',#4774,(#1914,#1918),.PCURVE_S1.);
#3436=SURFACE_CURVE('',#4777,(#1916,#1920),.PCURVE_S1.);
#3437=SURFACE_CURVE('',#4796,(#1934,#1946),.PCURVE_S1.);
#3438=SURFACE_CURVE('',#4810,(#1947,#1998),.PCURVE_S1.);
#3439=SURFACE_CURVE('',#1385,(#1948,#1984),.PCURVE_S1.);
#3440=SURFACE_CURVE('',#4813,(#1949,#1951),.PCURVE_S1.);
#3441=SURFACE_CURVE('',#1386,(#1950,#1986),.PCURVE_S1.);
#3442=SURFACE_CURVE('',#4817,(#1952,#1983),.PCURVE_S1.);
#3443=SURFACE_CURVE('',#4819,(#1953,#1955),.PCURVE_S1.);
#3444=SURFACE_CURVE('',#4821,(#1954,#1987),.PCURVE_S1.);
#3445=SURFACE_CURVE('',#4824,(#1956,#1982),.PCURVE_S1.);
#3446=SURFACE_CURVE('',#4826,(#1957,#1959),.PCURVE_S1.);
#3447=SURFACE_CURVE('',#4828,(#1958,#1988),.PCURVE_S1.);
#3448=SURFACE_CURVE('',#4831,(#1960,#1981),.PCURVE_S1.);
#3449=SURFACE_CURVE('',#4833,(#1961,#1963),.PCURVE_S1.);
#3450=SURFACE_CURVE('',#4835,(#1962,#1989),.PCURVE_S1.);
#3451=SURFACE_CURVE('',#4838,(#1964,#1980),.PCURVE_S1.);
#3452=SURFACE_CURVE('',#4840,(#1965,#1967),.PCURVE_S1.);
#3453=SURFACE_CURVE('',#4842,(#1966,#1990),.PCURVE_S1.);
#3454=SURFACE_CURVE('',#4845,(#1968,#1979),.PCURVE_S1.);
#3455=SURFACE_CURVE('',#4847,(#1969,#1971),.PCURVE_S1.);
#3456=SURFACE_CURVE('',#4849,(#1970,#1991),.PCURVE_S1.);
#3457=SURFACE_CURVE('',#4852,(#1972,#1978),.PCURVE_S1.);
#3458=SURFACE_CURVE('',#4854,(#1973,#2001),.PCURVE_S1.);
#3459=SURFACE_CURVE('',#4856,(#1974,#1992),.PCURVE_S1.);
#3460=SURFACE_CURVE('',#4858,(#1975,#1997),.PCURVE_S1.);
#3461=SURFACE_CURVE('',#4861,(#1977,#2002),.PCURVE_S1.);
#3462=SURFACE_CURVE('',#4869,(#1985,#1995),.PCURVE_S1.);
#3463=SURFACE_CURVE('',#4877,(#1993,#2000),.PCURVE_S1.);
#3464=SURFACE_CURVE('',#4888,(#2003,#2010),.PCURVE_S1.);
#3465=SURFACE_CURVE('',#4890,(#2004,#2034),.PCURVE_S1.);
#3466=SURFACE_CURVE('',#4892,(#2005,#2017),.PCURVE_S1.);
#3467=SURFACE_CURVE('',#1389,(#2007,#2027),.PCURVE_S1.);
#3468=SURFACE_CURVE('',#4895,(#2008,#2023),.PCURVE_S1.);
#3469=SURFACE_CURVE('',#1391,(#2009,#2031),.PCURVE_S1.);
#3470=SURFACE_CURVE('',#4899,(#2012,#2021),.PCURVE_S1.);
#3471=SURFACE_CURVE('',#4901,(#2013,#2025),.PCURVE_S1.);
#3472=SURFACE_CURVE('',#1393,(#2014,#2029),.PCURVE_S1.);
#3473=SURFACE_CURVE('',#4903,(#2015,#2019),.PCURVE_S1.);
#3474=SURFACE_CURVE('',#1395,(#2018,#2033),.PCURVE_S1.);
#3475=SURFACE_CURVE('',#4908,(#2020,#2028),.PCURVE_S1.);
#3476=SURFACE_CURVE('',#4913,(#2024,#2030),.PCURVE_S1.);
#3477=SURFACE_CURVE('',#4916,(#2026,#2032),.PCURVE_S1.);
#3478=SURFACE_CURVE('',#4926,(#2035,#2086),.PCURVE_S1.);
#3479=SURFACE_CURVE('',#1397,(#2036,#2072),.PCURVE_S1.);
#3480=SURFACE_CURVE('',#4929,(#2037,#2039),.PCURVE_S1.);
#3481=SURFACE_CURVE('',#1398,(#2038,#2074),.PCURVE_S1.);
#3482=SURFACE_CURVE('',#4933,(#2040,#2071),.PCURVE_S1.);
#3483=SURFACE_CURVE('',#4935,(#2041,#2043),.PCURVE_S1.);
#3484=SURFACE_CURVE('',#4937,(#2042,#2075),.PCURVE_S1.);
#3485=SURFACE_CURVE('',#4940,(#2044,#2070),.PCURVE_S1.);
#3486=SURFACE_CURVE('',#4942,(#2045,#2047),.PCURVE_S1.);
#3487=SURFACE_CURVE('',#4944,(#2046,#2076),.PCURVE_S1.);
#3488=SURFACE_CURVE('',#4947,(#2048,#2069),.PCURVE_S1.);
#3489=SURFACE_CURVE('',#4949,(#2049,#2051),.PCURVE_S1.);
#3490=SURFACE_CURVE('',#4951,(#2050,#2077),.PCURVE_S1.);
#3491=SURFACE_CURVE('',#4954,(#2052,#2068),.PCURVE_S1.);
#3492=SURFACE_CURVE('',#4956,(#2053,#2055),.PCURVE_S1.);
#3493=SURFACE_CURVE('',#4958,(#2054,#2078),.PCURVE_S1.);
#3494=SURFACE_CURVE('',#4961,(#2056,#2067),.PCURVE_S1.);
#3495=SURFACE_CURVE('',#4963,(#2057,#2059),.PCURVE_S1.);
#3496=SURFACE_CURVE('',#4965,(#2058,#2079),.PCURVE_S1.);
#3497=SURFACE_CURVE('',#4968,(#2060,#2066),.PCURVE_S1.);
#3498=SURFACE_CURVE('',#4970,(#2061,#2089),.PCURVE_S1.);
#3499=SURFACE_CURVE('',#4972,(#2062,#2080),.PCURVE_S1.);
#3500=SURFACE_CURVE('',#4974,(#2063,#2085),.PCURVE_S1.);
#3501=SURFACE_CURVE('',#4977,(#2065,#2090),.PCURVE_S1.);
#3502=SURFACE_CURVE('',#4985,(#2073,#2083),.PCURVE_S1.);
#3503=SURFACE_CURVE('',#4993,(#2081,#2088),.PCURVE_S1.);
#3504=SURFACE_CURVE('',#5004,(#2091,#2098),.PCURVE_S1.);
#3505=SURFACE_CURVE('',#5006,(#2092,#2282),.PCURVE_S1.);
#3506=SURFACE_CURVE('',#5008,(#2093,#2105),.PCURVE_S1.);
#3507=SURFACE_CURVE('',#1401,(#2095,#2275),.PCURVE_S1.);
#3508=SURFACE_CURVE('',#5011,(#2096,#2111),.PCURVE_S1.);
#3509=SURFACE_CURVE('',#1403,(#2097,#2279),.PCURVE_S1.);
#3510=SURFACE_CURVE('',#5015,(#2100,#2109),.PCURVE_S1.);
#3511=SURFACE_CURVE('',#5017,(#2101,#2113),.PCURVE_S1.);
#3512=SURFACE_CURVE('',#1405,(#2102,#2277),.PCURVE_S1.);
#3513=SURFACE_CURVE('',#5019,(#2103,#2107),.PCURVE_S1.);
#3514=SURFACE_CURVE('',#1407,(#2106,#2281),.PCURVE_S1.);
#3515=SURFACE_CURVE('',#5024,(#2108,#2276),.PCURVE_S1.);
#3516=SURFACE_CURVE('',#5029,(#2112,#2278),.PCURVE_S1.);
#3517=SURFACE_CURVE('',#5032,(#2114,#2280),.PCURVE_S1.);
#3518=SURFACE_CURVE('',#5034,(#2115,#2166),.PCURVE_S1.);
#3519=SURFACE_CURVE('',#1409,(#2116,#2152),.PCURVE_S1.);
#3520=SURFACE_CURVE('',#5037,(#2117,#2119),.PCURVE_S1.);
#3521=SURFACE_CURVE('',#1410,(#2118,#2154),.PCURVE_S1.);
#3522=SURFACE_CURVE('',#5041,(#2120,#2151),.PCURVE_S1.);
#3523=SURFACE_CURVE('',#5043,(#2121,#2123),.PCURVE_S1.);
#3524=SURFACE_CURVE('',#5045,(#2122,#2155),.PCURVE_S1.);
#3525=SURFACE_CURVE('',#5048,(#2124,#2150),.PCURVE_S1.);
#3526=SURFACE_CURVE('',#5050,(#2125,#2127),.PCURVE_S1.);
#3527=SURFACE_CURVE('',#5052,(#2126,#2156),.PCURVE_S1.);
#3528=SURFACE_CURVE('',#5055,(#2128,#2149),.PCURVE_S1.);
#3529=SURFACE_CURVE('',#5057,(#2129,#2131),.PCURVE_S1.);
#3530=SURFACE_CURVE('',#5059,(#2130,#2157),.PCURVE_S1.);
#3531=SURFACE_CURVE('',#5062,(#2132,#2148),.PCURVE_S1.);
#3532=SURFACE_CURVE('',#5064,(#2133,#2135),.PCURVE_S1.);
#3533=SURFACE_CURVE('',#5066,(#2134,#2158),.PCURVE_S1.);
#3534=SURFACE_CURVE('',#5069,(#2136,#2147),.PCURVE_S1.);
#3535=SURFACE_CURVE('',#5071,(#2137,#2139),.PCURVE_S1.);
#3536=SURFACE_CURVE('',#5073,(#2138,#2159),.PCURVE_S1.);
#3537=SURFACE_CURVE('',#5076,(#2140,#2146),.PCURVE_S1.);
#3538=SURFACE_CURVE('',#5078,(#2141,#2169),.PCURVE_S1.);
#3539=SURFACE_CURVE('',#5080,(#2142,#2160),.PCURVE_S1.);
#3540=SURFACE_CURVE('',#5082,(#2143,#2165),.PCURVE_S1.);
#3541=SURFACE_CURVE('',#5085,(#2145,#2170),.PCURVE_S1.);
#3542=SURFACE_CURVE('',#5093,(#2153,#2163),.PCURVE_S1.);
#3543=SURFACE_CURVE('',#5101,(#2161,#2168),.PCURVE_S1.);
#3544=SURFACE_CURVE('',#5112,(#2171,#2178),.PCURVE_S1.);
#3545=SURFACE_CURVE('',#5114,(#2172,#2290),.PCURVE_S1.);
#3546=SURFACE_CURVE('',#5116,(#2173,#2185),.PCURVE_S1.);
#3547=SURFACE_CURVE('',#1413,(#2175,#2283),.PCURVE_S1.);
#3548=SURFACE_CURVE('',#5119,(#2176,#2191),.PCURVE_S1.);
#3549=SURFACE_CURVE('',#1415,(#2177,#2287),.PCURVE_S1.);
#3550=SURFACE_CURVE('',#5123,(#2180,#2189),.PCURVE_S1.);
#3551=SURFACE_CURVE('',#5125,(#2181,#2193),.PCURVE_S1.);
#3552=SURFACE_CURVE('',#1417,(#2182,#2285),.PCURVE_S1.);
#3553=SURFACE_CURVE('',#5127,(#2183,#2187),.PCURVE_S1.);
#3554=SURFACE_CURVE('',#1419,(#2186,#2289),.PCURVE_S1.);
#3555=SURFACE_CURVE('',#5132,(#2188,#2284),.PCURVE_S1.);
#3556=SURFACE_CURVE('',#5137,(#2192,#2286),.PCURVE_S1.);
#3557=SURFACE_CURVE('',#5140,(#2194,#2288),.PCURVE_S1.);
#3558=SURFACE_CURVE('',#5142,(#2195,#2246),.PCURVE_S1.);
#3559=SURFACE_CURVE('',#1421,(#2196,#2232),.PCURVE_S1.);
#3560=SURFACE_CURVE('',#5145,(#2197,#2199),.PCURVE_S1.);
#3561=SURFACE_CURVE('',#1422,(#2198,#2234),.PCURVE_S1.);
#3562=SURFACE_CURVE('',#5149,(#2200,#2231),.PCURVE_S1.);
#3563=SURFACE_CURVE('',#5151,(#2201,#2203),.PCURVE_S1.);
#3564=SURFACE_CURVE('',#5153,(#2202,#2235),.PCURVE_S1.);
#3565=SURFACE_CURVE('',#5156,(#2204,#2230),.PCURVE_S1.);
#3566=SURFACE_CURVE('',#5158,(#2205,#2207),.PCURVE_S1.);
#3567=SURFACE_CURVE('',#5160,(#2206,#2236),.PCURVE_S1.);
#3568=SURFACE_CURVE('',#5163,(#2208,#2229),.PCURVE_S1.);
#3569=SURFACE_CURVE('',#5165,(#2209,#2211),.PCURVE_S1.);
#3570=SURFACE_CURVE('',#5167,(#2210,#2237),.PCURVE_S1.);
#3571=SURFACE_CURVE('',#5170,(#2212,#2228),.PCURVE_S1.);
#3572=SURFACE_CURVE('',#5172,(#2213,#2215),.PCURVE_S1.);
#3573=SURFACE_CURVE('',#5174,(#2214,#2238),.PCURVE_S1.);
#3574=SURFACE_CURVE('',#5177,(#2216,#2227),.PCURVE_S1.);
#3575=SURFACE_CURVE('',#5179,(#2217,#2219),.PCURVE_S1.);
#3576=SURFACE_CURVE('',#5181,(#2218,#2239),.PCURVE_S1.);
#3577=SURFACE_CURVE('',#5184,(#2220,#2226),.PCURVE_S1.);
#3578=SURFACE_CURVE('',#5186,(#2221,#2249),.PCURVE_S1.);
#3579=SURFACE_CURVE('',#5188,(#2222,#2240),.PCURVE_S1.);
#3580=SURFACE_CURVE('',#5190,(#2223,#2245),.PCURVE_S1.);
#3581=SURFACE_CURVE('',#5193,(#2225,#2250),.PCURVE_S1.);
#3582=SURFACE_CURVE('',#5201,(#2233,#2243),.PCURVE_S1.);
#3583=SURFACE_CURVE('',#5209,(#2241,#2248),.PCURVE_S1.);
#3584=SURFACE_CURVE('',#5220,(#2251,#2258),.PCURVE_S1.);
#3585=SURFACE_CURVE('',#5222,(#2252,#2298),.PCURVE_S1.);
#3586=SURFACE_CURVE('',#5224,(#2253,#2265),.PCURVE_S1.);
#3587=SURFACE_CURVE('',#1425,(#2255,#2291),.PCURVE_S1.);
#3588=SURFACE_CURVE('',#5227,(#2256,#2271),.PCURVE_S1.);
#3589=SURFACE_CURVE('',#1427,(#2257,#2295),.PCURVE_S1.);
#3590=SURFACE_CURVE('',#5231,(#2260,#2269),.PCURVE_S1.);
#3591=SURFACE_CURVE('',#5233,(#2261,#2273),.PCURVE_S1.);
#3592=SURFACE_CURVE('',#1429,(#2262,#2293),.PCURVE_S1.);
#3593=SURFACE_CURVE('',#5235,(#2263,#2267),.PCURVE_S1.);
#3594=SURFACE_CURVE('',#1431,(#2266,#2297),.PCURVE_S1.);
#3595=SURFACE_CURVE('',#5240,(#2268,#2292),.PCURVE_S1.);
#3596=SURFACE_CURVE('',#5245,(#2272,#2294),.PCURVE_S1.);
#3597=SURFACE_CURVE('',#5248,(#2274,#2296),.PCURVE_S1.);
#3598=EDGE_CURVE('',#5274,#5277,#3165,.T.);
#3599=EDGE_CURVE('',#5277,#5276,#3166,.T.);
#3600=EDGE_CURVE('',#5276,#5275,#3167,.T.);
#3601=EDGE_CURVE('',#5275,#5274,#3168,.T.);
#3602=EDGE_CURVE('',#5276,#5294,#3169,.T.);
#3603=EDGE_CURVE('',#5294,#5295,#3170,.T.);
#3604=EDGE_CURVE('',#5295,#5296,#3171,.T.);
#3605=EDGE_CURVE('',#5296,#5297,#3172,.T.);
#3606=EDGE_CURVE('',#5297,#5298,#3173,.T.);
#3607=EDGE_CURVE('',#5298,#5299,#3174,.T.);
#3608=EDGE_CURVE('',#5299,#5300,#3175,.T.);
#3609=EDGE_CURVE('',#5300,#5301,#3176,.T.);
#3610=EDGE_CURVE('',#5301,#5275,#3177,.T.);
#3611=EDGE_CURVE('',#5292,#5290,#3178,.T.);
#3612=EDGE_CURVE('',#5290,#5291,#3179,.T.);
#3613=EDGE_CURVE('',#5291,#5293,#3180,.T.);
#3614=EDGE_CURVE('',#5293,#5292,#3181,.T.);
#3615=EDGE_CURVE('',#5288,#5286,#3182,.T.);
#3616=EDGE_CURVE('',#5286,#5287,#3183,.T.);
#3617=EDGE_CURVE('',#5287,#5289,#3184,.T.);
#3618=EDGE_CURVE('',#5289,#5288,#3185,.T.);
#3619=EDGE_CURVE('',#5284,#5282,#3186,.T.);
#3620=EDGE_CURVE('',#5282,#5283,#3187,.T.);
#3621=EDGE_CURVE('',#5283,#5285,#3188,.T.);
#3622=EDGE_CURVE('',#5285,#5284,#3189,.T.);
#3623=EDGE_CURVE('',#5280,#5278,#3190,.T.);
#3624=EDGE_CURVE('',#5278,#5279,#3191,.T.);
#3625=EDGE_CURVE('',#5279,#5281,#3192,.T.);
#3626=EDGE_CURVE('',#5281,#5280,#3193,.T.);
#3627=EDGE_CURVE('',#5304,#5302,#3194,.T.);
#3628=EDGE_CURVE('',#5302,#5308,#3195,.T.);
#3629=EDGE_CURVE('',#5308,#5306,#3196,.T.);
#3630=EDGE_CURVE('',#5306,#5307,#3197,.T.);
#3631=EDGE_CURVE('',#5307,#5309,#3198,.T.);
#3632=EDGE_CURVE('',#5309,#5303,#3199,.T.);
#3633=EDGE_CURVE('',#5303,#5305,#3200,.T.);
#3634=EDGE_CURVE('',#5305,#5304,#3201,.T.);
#3635=EDGE_CURVE('',#5312,#5310,#3202,.T.);
#3636=EDGE_CURVE('',#5310,#5316,#3203,.T.);
#3637=EDGE_CURVE('',#5316,#5314,#3204,.T.);
#3638=EDGE_CURVE('',#5314,#5315,#3205,.T.);
#3639=EDGE_CURVE('',#5315,#5317,#3206,.T.);
#3640=EDGE_CURVE('',#5317,#5311,#3207,.T.);
#3641=EDGE_CURVE('',#5311,#5313,#3208,.T.);
#3642=EDGE_CURVE('',#5313,#5312,#3209,.T.);
#3643=EDGE_CURVE('',#5320,#5318,#3210,.T.);
#3644=EDGE_CURVE('',#5318,#5324,#3211,.T.);
#3645=EDGE_CURVE('',#5324,#5322,#3212,.T.);
#3646=EDGE_CURVE('',#5322,#5323,#3213,.T.);
#3647=EDGE_CURVE('',#5323,#5325,#3214,.T.);
#3648=EDGE_CURVE('',#5325,#5319,#3215,.T.);
#3649=EDGE_CURVE('',#5319,#5321,#3216,.T.);
#3650=EDGE_CURVE('',#5321,#5320,#3217,.T.);
#3651=EDGE_CURVE('',#5328,#5326,#3218,.T.);
#3652=EDGE_CURVE('',#5326,#5332,#3219,.T.);
#3653=EDGE_CURVE('',#5332,#5330,#3220,.T.);
#3654=EDGE_CURVE('',#5330,#5331,#3221,.T.);
#3655=EDGE_CURVE('',#5331,#5333,#3222,.T.);
#3656=EDGE_CURVE('',#5333,#5327,#3223,.T.);
#3657=EDGE_CURVE('',#5327,#5329,#3224,.T.);
#3658=EDGE_CURVE('',#5329,#5328,#3225,.T.);
#3659=EDGE_CURVE('',#5336,#5334,#3226,.T.);
#3660=EDGE_CURVE('',#5334,#5335,#3227,.T.);
#3661=EDGE_CURVE('',#5335,#5338,#3228,.T.);
#3662=EDGE_CURVE('',#5338,#5339,#3229,.T.);
#3663=EDGE_CURVE('',#5339,#5340,#3230,.T.);
#3664=EDGE_CURVE('',#5340,#5341,#3231,.T.);
#3665=EDGE_CURVE('',#5341,#5337,#3232,.T.);
#3666=EDGE_CURVE('',#5337,#5336,#3233,.T.);
#3667=EDGE_CURVE('',#5335,#5342,#3234,.T.);
#3668=EDGE_CURVE('',#5342,#5343,#3235,.T.);
#3669=EDGE_CURVE('',#5343,#5338,#3236,.T.);
#3670=EDGE_CURVE('',#5345,#5344,#3237,.T.);
#3671=EDGE_CURVE('',#5344,#5334,#3238,.T.);
#3672=EDGE_CURVE('',#5336,#5345,#3239,.T.);
#3673=EDGE_CURVE('',#5346,#5347,#3240,.T.);
#3674=EDGE_CURVE('',#5347,#5348,#3241,.T.);
#3675=EDGE_CURVE('',#5348,#5349,#3242,.T.);
#3676=EDGE_CURVE('',#5349,#5346,#3243,.T.);
#3677=EDGE_CURVE('',#5350,#5346,#3244,.T.);
#3678=EDGE_CURVE('',#5349,#5351,#3245,.T.);
#3679=EDGE_CURVE('',#5351,#5350,#3246,.T.);
#3680=EDGE_CURVE('',#5354,#5353,#3247,.T.);
#3681=EDGE_CURVE('',#5353,#5352,#3248,.T.);
#3682=EDGE_CURVE('',#5352,#5337,#3249,.T.);
#3683=EDGE_CURVE('',#5341,#5360,#3250,.T.);
#3684=EDGE_CURVE('',#5360,#5359,#3251,.T.);
#3685=EDGE_CURVE('',#5359,#5358,#3252,.T.);
#3686=EDGE_CURVE('',#5358,#5356,#3253,.T.);
#3687=EDGE_CURVE('',#5356,#5357,#3254,.T.);
#3688=EDGE_CURVE('',#5357,#5361,#3255,.T.);
#3689=EDGE_CURVE('',#5361,#5355,#3256,.T.);
#3690=EDGE_CURVE('',#5355,#5354,#3257,.T.);
#3691=EDGE_CURVE('',#5362,#5363,#3258,.T.);
#3692=EDGE_CURVE('',#5363,#5364,#3259,.T.);
#3693=EDGE_CURVE('',#5364,#5355,#3260,.T.);
#3694=EDGE_CURVE('',#5361,#5365,#3261,.T.);
#3695=EDGE_CURVE('',#5365,#5362,#3262,.T.);
#3696=EDGE_CURVE('',#5366,#5360,#3263,.T.);
#3697=EDGE_CURVE('',#5340,#5370,#3264,.T.);
#3698=EDGE_CURVE('',#5370,#5368,#3265,.T.);
#3699=EDGE_CURVE('',#5368,#5369,#3266,.T.);
#3700=EDGE_CURVE('',#5369,#5367,#3267,.T.);
#3701=EDGE_CURVE('',#5367,#5366,#3268,.T.);
#3702=EDGE_CURVE('',#5371,#5372,#3269,.T.);
#3703=EDGE_CURVE('',#5372,#5374,#3270,.T.);
#3704=EDGE_CURVE('',#5374,#5376,#3271,.T.);
#3705=EDGE_CURVE('',#5376,#5378,#3272,.T.);
#3706=EDGE_CURVE('',#5378,#5380,#3273,.T.);
#3707=EDGE_CURVE('',#5380,#5382,#3274,.T.);
#3708=EDGE_CURVE('',#5382,#5381,#3275,.T.);
#3709=EDGE_CURVE('',#5381,#5379,#3276,.T.);
#3710=EDGE_CURVE('',#5379,#5377,#3277,.T.);
#3711=EDGE_CURVE('',#5377,#5375,#3278,.T.);
#3712=EDGE_CURVE('',#5375,#5373,#3279,.T.);
#3713=EDGE_CURVE('',#5373,#5371,#3280,.T.);
#3714=EDGE_CURVE('',#5351,#5367,#3281,.T.);
#3715=EDGE_CURVE('',#5369,#5393,#3282,.T.);
#3716=EDGE_CURVE('',#5393,#5392,#3283,.T.);
#3717=EDGE_CURVE('',#5392,#5391,#3284,.T.);
#3718=EDGE_CURVE('',#5391,#5394,#3285,.T.);
#3719=EDGE_CURVE('',#5394,#5395,#3286,.T.);
#3720=EDGE_CURVE('',#5395,#5385,#3287,.T.);
#3721=EDGE_CURVE('',#5385,#5332,#3288,.T.);
#3722=EDGE_CURVE('',#5326,#5327,#3289,.T.);
#3723=EDGE_CURVE('',#5333,#5386,#3290,.T.);
#3724=EDGE_CURVE('',#5386,#5387,#3291,.T.);
#3725=EDGE_CURVE('',#5387,#5324,#3292,.T.);
#3726=EDGE_CURVE('',#5318,#5319,#3293,.T.);
#3727=EDGE_CURVE('',#5325,#5388,#3294,.T.);
#3728=EDGE_CURVE('',#5388,#5389,#3295,.T.);
#3729=EDGE_CURVE('',#5389,#5316,#3296,.T.);
#3730=EDGE_CURVE('',#5310,#5311,#3297,.T.);
#3731=EDGE_CURVE('',#5317,#5390,#3298,.T.);
#3732=EDGE_CURVE('',#5390,#5384,#3299,.T.);
#3733=EDGE_CURVE('',#5384,#5308,#3300,.T.);
#3734=EDGE_CURVE('',#5302,#5303,#3301,.T.);
#3735=EDGE_CURVE('',#5309,#5365,#3302,.T.);
#3736=EDGE_CURVE('',#5357,#5383,#3303,.T.);
#3737=EDGE_CURVE('',#5383,#5350,#3304,.T.);
#3738=EDGE_CURVE('',#5396,#5397,#3305,.T.);
#3739=EDGE_CURVE('',#5397,#5387,#3306,.T.);
#3740=EDGE_CURVE('',#5386,#5396,#3307,.T.);
#3741=EDGE_CURVE('',#5398,#5399,#3308,.T.);
#3742=EDGE_CURVE('',#5399,#5389,#3309,.T.);
#3743=EDGE_CURVE('',#5388,#5398,#3310,.T.);
#3744=EDGE_CURVE('',#5400,#5401,#3311,.T.);
#3745=EDGE_CURVE('',#5401,#5384,#3312,.T.);
#3746=EDGE_CURVE('',#5390,#5400,#3313,.T.);
#3747=EDGE_CURVE('',#5393,#5403,#3314,.T.);
#3748=EDGE_CURVE('',#5403,#5402,#3315,.T.);
#3749=EDGE_CURVE('',#5402,#5392,#3316,.T.);
#3750=EDGE_CURVE('',#5404,#5405,#3317,.T.);
#3751=EDGE_CURVE('',#5405,#5394,#3318,.T.);
#3752=EDGE_CURVE('',#5391,#5404,#3319,.T.);
#3753=EDGE_CURVE('',#5403,#5407,#3320,.T.);
#3754=EDGE_CURVE('',#5407,#5406,#3321,.T.);
#3755=EDGE_CURVE('',#5406,#5402,#3322,.T.);
#3756=EDGE_CURVE('',#5408,#5409,#3323,.T.);
#3757=EDGE_CURVE('',#5409,#5405,#3324,.T.);
#3758=EDGE_CURVE('',#5404,#5408,#3325,.T.);
#3759=EDGE_CURVE('',#5407,#5412,#3326,.T.);
#3760=EDGE_CURVE('',#5412,#5413,#3327,.T.);
#3761=EDGE_CURVE('',#5413,#5409,#3328,.T.);
#3762=EDGE_CURVE('',#5408,#5410,#3329,.T.);
#3763=EDGE_CURVE('',#5410,#5411,#3330,.T.);
#3764=EDGE_CURVE('',#5411,#5406,#3331,.T.);
#3765=EDGE_CURVE('',#5414,#5415,#3332,.T.);
#3766=EDGE_CURVE('',#5415,#5385,#3333,.T.);
#3767=EDGE_CURVE('',#5395,#5417,#3334,.T.);
#3768=EDGE_CURVE('',#5417,#5416,#3335,.T.);
#3769=EDGE_CURVE('',#5416,#5414,#3336,.T.);
#3770=EDGE_CURVE('',#5339,#5420,#3337,.T.);
#3771=EDGE_CURVE('',#5420,#5419,#3338,.T.);
#3772=EDGE_CURVE('',#5419,#5418,#3339,.T.);
#3773=EDGE_CURVE('',#5418,#5417,#3340,.T.);
#3774=EDGE_CURVE('',#5413,#5370,#3341,.T.);
#3775=EDGE_CURVE('',#5421,#5422,#3342,.T.);
#3776=EDGE_CURVE('',#5422,#5276,#3343,.T.);
#3777=EDGE_CURVE('',#5277,#5421,#3344,.T.);
#3778=EDGE_CURVE('',#5423,#5421,#3345,.T.);
#3779=EDGE_CURVE('',#5274,#5423,#3346,.T.);
#3780=EDGE_CURVE('',#5424,#5423,#3347,.T.);
#3781=EDGE_CURVE('',#5275,#5424,#3348,.T.);
#3782=EDGE_CURVE('',#5425,#5424,#3349,.T.);
#3783=EDGE_CURVE('',#5301,#5425,#3350,.T.);
#3784=EDGE_CURVE('',#5426,#5425,#3351,.T.);
#3785=EDGE_CURVE('',#5300,#5426,#3352,.T.);
#3786=EDGE_CURVE('',#5427,#5426,#3353,.T.);
#3787=EDGE_CURVE('',#5299,#5427,#3354,.T.);
#3788=EDGE_CURVE('',#5428,#5427,#3355,.T.);
#3789=EDGE_CURVE('',#5298,#5428,#3356,.T.);
#3790=EDGE_CURVE('',#5429,#5428,#3357,.T.);
#3791=EDGE_CURVE('',#5297,#5429,#3358,.T.);
#3792=EDGE_CURVE('',#5430,#5429,#3359,.T.);
#3793=EDGE_CURVE('',#5296,#5430,#3360,.T.);
#3794=EDGE_CURVE('',#5431,#5430,#3361,.T.);
#3795=EDGE_CURVE('',#5295,#5431,#3362,.T.);
#3796=EDGE_CURVE('',#5432,#5431,#3363,.T.);
#3797=EDGE_CURVE('',#5294,#5432,#3364,.T.);
#3798=EDGE_CURVE('',#5422,#5432,#3365,.T.);
#3799=EDGE_CURVE('',#5382,#5422,#3366,.T.);
#3800=EDGE_CURVE('',#5421,#5381,#3367,.T.);
#3801=EDGE_CURVE('',#5380,#5432,#3368,.T.);
#3802=EDGE_CURVE('',#5423,#5379,#3369,.T.);
#3803=EDGE_CURVE('',#5378,#5431,#3370,.T.);
#3804=EDGE_CURVE('',#5424,#5377,#3371,.T.);
#3805=EDGE_CURVE('',#5376,#5430,#3372,.T.);
#3806=EDGE_CURVE('',#5425,#5375,#3373,.T.);
#3807=EDGE_CURVE('',#5374,#5429,#3374,.T.);
#3808=EDGE_CURVE('',#5426,#5373,#3375,.T.);
#3809=EDGE_CURVE('',#5372,#5428,#3376,.T.);
#3810=EDGE_CURVE('',#5427,#5371,#3377,.T.);
#3811=EDGE_CURVE('',#5412,#5368,#3378,.T.);
#3812=EDGE_CURVE('',#5343,#5420,#3379,.T.);
#3813=EDGE_CURVE('',#5342,#5419,#3380,.T.);
#3814=EDGE_CURVE('',#5342,#5433,#3381,.T.);
#3815=EDGE_CURVE('',#5433,#5418,#3382,.T.);
#3816=EDGE_CURVE('',#5433,#5416,#3383,.T.);
#3817=EDGE_CURVE('',#5342,#5414,#3384,.T.);
#3818=EDGE_CURVE('',#5392,#5435,#3385,.T.);
#3819=EDGE_CURVE('',#5435,#5434,#3386,.T.);
#3820=EDGE_CURVE('',#5434,#5391,#3387,.T.);
#3821=EDGE_CURVE('',#5436,#5437,#3388,.T.);
#3822=EDGE_CURVE('',#5437,#5435,#3389,.T.);
#3823=EDGE_CURVE('',#5411,#5438,#3390,.T.);
#3824=EDGE_CURVE('',#5438,#5436,#3391,.T.);
#3825=EDGE_CURVE('',#5410,#5439,#3392,.T.);
#3826=EDGE_CURVE('',#5439,#5438,#3393,.T.);
#3827=EDGE_CURVE('',#5440,#5441,#3394,.T.);
#3828=EDGE_CURVE('',#5441,#5439,#3395,.T.);
#3829=EDGE_CURVE('',#5434,#5440,#3396,.T.);
#3830=EDGE_CURVE('',#5437,#5440,#3397,.T.);
#3831=EDGE_CURVE('',#5441,#5436,#3398,.T.);
#3832=EDGE_CURVE('',#5315,#5400,#3399,.T.);
#3833=EDGE_CURVE('',#5399,#5314,#3400,.T.);
#3834=EDGE_CURVE('',#5323,#5398,#3401,.T.);
#3835=EDGE_CURVE('',#5397,#5322,#3402,.T.);
#3836=EDGE_CURVE('',#5331,#5396,#3403,.T.);
#3837=EDGE_CURVE('',#5415,#5330,#3404,.T.);
#3838=EDGE_CURVE('',#5307,#5362,#3405,.T.);
#3839=EDGE_CURVE('',#5401,#5306,#3406,.T.);
#3840=EDGE_CURVE('',#5366,#5442,#3407,.T.);
#3841=EDGE_CURVE('',#5442,#5359,#3408,.T.);
#3842=EDGE_CURVE('',#5347,#5443,#3409,.T.);
#3843=EDGE_CURVE('',#5443,#5444,#3410,.T.);
#3844=EDGE_CURVE('',#5444,#5445,#3411,.T.);
#3845=EDGE_CURVE('',#5445,#5358,#3412,.T.);
#3846=EDGE_CURVE('',#5442,#5348,#3413,.T.);
#3847=EDGE_CURVE('',#5445,#5446,#3414,.T.);
#3848=EDGE_CURVE('',#5446,#5356,#3415,.T.);
#3849=EDGE_CURVE('',#5446,#5383,#3416,.T.);
#3850=EDGE_CURVE('',#5364,#5447,#3417,.T.);
#3851=EDGE_CURVE('',#5447,#5354,#3418,.T.);
#3852=EDGE_CURVE('',#5447,#5344,#3419,.T.);
#3853=EDGE_CURVE('',#5344,#5353,#3420,.T.);
#3854=EDGE_CURVE('',#5345,#5352,#3421,.T.);
#3855=EDGE_CURVE('',#5363,#5344,#3422,.T.);
#3856=EDGE_CURVE('',#5383,#5448,#3423,.T.);
#3857=EDGE_CURVE('',#5448,#5449,#3424,.T.);
#3858=EDGE_CURVE('',#5449,#5350,#3425,.T.);
#3859=EDGE_CURVE('',#5449,#5450,#3426,.T.);
#3860=EDGE_CURVE('',#5450,#5451,#3427,.T.);
#3861=EDGE_CURVE('',#5451,#5452,#3428,.T.);
#3862=EDGE_CURVE('',#5452,#5443,#3429,.T.);
#3863=EDGE_CURVE('',#5448,#5453,#3430,.T.);
#3864=EDGE_CURVE('',#5453,#5450,#3431,.T.);
#3865=EDGE_CURVE('',#5455,#5454,#3432,.T.);
#3866=EDGE_CURVE('',#5454,#5453,#3433,.T.);
#3867=EDGE_CURVE('',#5444,#5455,#3434,.T.);
#3868=EDGE_CURVE('',#5452,#5455,#3435,.T.);
#3869=EDGE_CURVE('',#5451,#5454,#3436,.T.);
#3870=EDGE_CURVE('',#5342,#5344,#3437,.T.);
#3871=EDGE_CURVE('',#5456,#5457,#3438,.T.);
#3872=EDGE_CURVE('',#5457,#5459,#3439,.T.);
#3873=EDGE_CURVE('',#5459,#5458,#3440,.T.);
#3874=EDGE_CURVE('',#5458,#5456,#3441,.T.);
#3875=EDGE_CURVE('',#5459,#5461,#3442,.T.);
#3876=EDGE_CURVE('',#5461,#5460,#3443,.T.);
#3877=EDGE_CURVE('',#5460,#5458,#3444,.T.);
#3878=EDGE_CURVE('',#5461,#5463,#3445,.T.);
#3879=EDGE_CURVE('',#5463,#5462,#3446,.T.);
#3880=EDGE_CURVE('',#5462,#5460,#3447,.T.);
#3881=EDGE_CURVE('',#5463,#5465,#3448,.T.);
#3882=EDGE_CURVE('',#5465,#5464,#3449,.T.);
#3883=EDGE_CURVE('',#5464,#5462,#3450,.T.);
#3884=EDGE_CURVE('',#5465,#5467,#3451,.T.);
#3885=EDGE_CURVE('',#5467,#5466,#3452,.T.);
#3886=EDGE_CURVE('',#5466,#5464,#3453,.T.);
#3887=EDGE_CURVE('',#5467,#5469,#3454,.T.);
#3888=EDGE_CURVE('',#5469,#5468,#3455,.T.);
#3889=EDGE_CURVE('',#5468,#5466,#3456,.T.);
#3890=EDGE_CURVE('',#5469,#5470,#3457,.T.);
#3891=EDGE_CURVE('',#5470,#5471,#3458,.T.);
#3892=EDGE_CURVE('',#5471,#5468,#3459,.T.);
#3893=EDGE_CURVE('',#5457,#5329,#3460,.T.);
#3894=EDGE_CURVE('',#5327,#5470,#3461,.T.);
#3895=EDGE_CURVE('',#5328,#5456,#3462,.T.);
#3896=EDGE_CURVE('',#5471,#5326,#3463,.T.);
#3897=EDGE_CURVE('',#5293,#5472,#3464,.T.);
#3898=EDGE_CURVE('',#5472,#5473,#3465,.T.);
#3899=EDGE_CURVE('',#5473,#5292,#3466,.T.);
#3900=EDGE_CURVE('',#5475,#5476,#3467,.T.);
#3901=EDGE_CURVE('',#5476,#5474,#3468,.T.);
#3902=EDGE_CURVE('',#5474,#5472,#3469,.T.);
#3903=EDGE_CURVE('',#5291,#5475,#3470,.T.);
#3904=EDGE_CURVE('',#5477,#5478,#3471,.T.);
#3905=EDGE_CURVE('',#5478,#5479,#3472,.T.);
#3906=EDGE_CURVE('',#5479,#5290,#3473,.T.);
#3907=EDGE_CURVE('',#5473,#5477,#3474,.T.);
#3908=EDGE_CURVE('',#5479,#5475,#3475,.T.);
#3909=EDGE_CURVE('',#5476,#5478,#3476,.T.);
#3910=EDGE_CURVE('',#5477,#5474,#3477,.T.);
#3911=EDGE_CURVE('',#5480,#5481,#3478,.T.);
#3912=EDGE_CURVE('',#5481,#5483,#3479,.T.);
#3913=EDGE_CURVE('',#5483,#5482,#3480,.T.);
#3914=EDGE_CURVE('',#5482,#5480,#3481,.T.);
#3915=EDGE_CURVE('',#5483,#5485,#3482,.T.);
#3916=EDGE_CURVE('',#5485,#5484,#3483,.T.);
#3917=EDGE_CURVE('',#5484,#5482,#3484,.T.);
#3918=EDGE_CURVE('',#5485,#5487,#3485,.T.);
#3919=EDGE_CURVE('',#5487,#5486,#3486,.T.);
#3920=EDGE_CURVE('',#5486,#5484,#3487,.T.);
#3921=EDGE_CURVE('',#5487,#5489,#3488,.T.);
#3922=EDGE_CURVE('',#5489,#5488,#3489,.T.);
#3923=EDGE_CURVE('',#5488,#5486,#3490,.T.);
#3924=EDGE_CURVE('',#5489,#5491,#3491,.T.);
#3925=EDGE_CURVE('',#5491,#5490,#3492,.T.);
#3926=EDGE_CURVE('',#5490,#5488,#3493,.T.);
#3927=EDGE_CURVE('',#5491,#5493,#3494,.T.);
#3928=EDGE_CURVE('',#5493,#5492,#3495,.T.);
#3929=EDGE_CURVE('',#5492,#5490,#3496,.T.);
#3930=EDGE_CURVE('',#5493,#5494,#3497,.T.);
#3931=EDGE_CURVE('',#5494,#5495,#3498,.T.);
#3932=EDGE_CURVE('',#5495,#5492,#3499,.T.);
#3933=EDGE_CURVE('',#5481,#5321,#3500,.T.);
#3934=EDGE_CURVE('',#5319,#5494,#3501,.T.);
#3935=EDGE_CURVE('',#5320,#5480,#3502,.T.);
#3936=EDGE_CURVE('',#5495,#5318,#3503,.T.);
#3937=EDGE_CURVE('',#5289,#5496,#3504,.T.);
#3938=EDGE_CURVE('',#5496,#5497,#3505,.T.);
#3939=EDGE_CURVE('',#5497,#5288,#3506,.T.);
#3940=EDGE_CURVE('',#5499,#5500,#3507,.T.);
#3941=EDGE_CURVE('',#5500,#5498,#3508,.T.);
#3942=EDGE_CURVE('',#5498,#5496,#3509,.T.);
#3943=EDGE_CURVE('',#5287,#5499,#3510,.T.);
#3944=EDGE_CURVE('',#5501,#5502,#3511,.T.);
#3945=EDGE_CURVE('',#5502,#5503,#3512,.T.);
#3946=EDGE_CURVE('',#5503,#5286,#3513,.T.);
#3947=EDGE_CURVE('',#5497,#5501,#3514,.T.);
#3948=EDGE_CURVE('',#5503,#5499,#3515,.T.);
#3949=EDGE_CURVE('',#5500,#5502,#3516,.T.);
#3950=EDGE_CURVE('',#5501,#5498,#3517,.T.);
#3951=EDGE_CURVE('',#5504,#5505,#3518,.T.);
#3952=EDGE_CURVE('',#5505,#5507,#3519,.T.);
#3953=EDGE_CURVE('',#5507,#5506,#3520,.T.);
#3954=EDGE_CURVE('',#5506,#5504,#3521,.T.);
#3955=EDGE_CURVE('',#5507,#5509,#3522,.T.);
#3956=EDGE_CURVE('',#5509,#5508,#3523,.T.);
#3957=EDGE_CURVE('',#5508,#5506,#3524,.T.);
#3958=EDGE_CURVE('',#5509,#5511,#3525,.T.);
#3959=EDGE_CURVE('',#5511,#5510,#3526,.T.);
#3960=EDGE_CURVE('',#5510,#5508,#3527,.T.);
#3961=EDGE_CURVE('',#5511,#5513,#3528,.T.);
#3962=EDGE_CURVE('',#5513,#5512,#3529,.T.);
#3963=EDGE_CURVE('',#5512,#5510,#3530,.T.);
#3964=EDGE_CURVE('',#5513,#5515,#3531,.T.);
#3965=EDGE_CURVE('',#5515,#5514,#3532,.T.);
#3966=EDGE_CURVE('',#5514,#5512,#3533,.T.);
#3967=EDGE_CURVE('',#5515,#5517,#3534,.T.);
#3968=EDGE_CURVE('',#5517,#5516,#3535,.T.);
#3969=EDGE_CURVE('',#5516,#5514,#3536,.T.);
#3970=EDGE_CURVE('',#5517,#5518,#3537,.T.);
#3971=EDGE_CURVE('',#5518,#5519,#3538,.T.);
#3972=EDGE_CURVE('',#5519,#5516,#3539,.T.);
#3973=EDGE_CURVE('',#5505,#5313,#3540,.T.);
#3974=EDGE_CURVE('',#5311,#5518,#3541,.T.);
#3975=EDGE_CURVE('',#5312,#5504,#3542,.T.);
#3976=EDGE_CURVE('',#5519,#5310,#3543,.T.);
#3977=EDGE_CURVE('',#5285,#5520,#3544,.T.);
#3978=EDGE_CURVE('',#5520,#5521,#3545,.T.);
#3979=EDGE_CURVE('',#5521,#5284,#3546,.T.);
#3980=EDGE_CURVE('',#5523,#5524,#3547,.T.);
#3981=EDGE_CURVE('',#5524,#5522,#3548,.T.);
#3982=EDGE_CURVE('',#5522,#5520,#3549,.T.);
#3983=EDGE_CURVE('',#5283,#5523,#3550,.T.);
#3984=EDGE_CURVE('',#5525,#5526,#3551,.T.);
#3985=EDGE_CURVE('',#5526,#5527,#3552,.T.);
#3986=EDGE_CURVE('',#5527,#5282,#3553,.T.);
#3987=EDGE_CURVE('',#5521,#5525,#3554,.T.);
#3988=EDGE_CURVE('',#5527,#5523,#3555,.T.);
#3989=EDGE_CURVE('',#5524,#5526,#3556,.T.);
#3990=EDGE_CURVE('',#5525,#5522,#3557,.T.);
#3991=EDGE_CURVE('',#5528,#5529,#3558,.T.);
#3992=EDGE_CURVE('',#5529,#5531,#3559,.T.);
#3993=EDGE_CURVE('',#5531,#5530,#3560,.T.);
#3994=EDGE_CURVE('',#5530,#5528,#3561,.T.);
#3995=EDGE_CURVE('',#5531,#5533,#3562,.T.);
#3996=EDGE_CURVE('',#5533,#5532,#3563,.T.);
#3997=EDGE_CURVE('',#5532,#5530,#3564,.T.);
#3998=EDGE_CURVE('',#5533,#5535,#3565,.T.);
#3999=EDGE_CURVE('',#5535,#5534,#3566,.T.);
#4000=EDGE_CURVE('',#5534,#5532,#3567,.T.);
#4001=EDGE_CURVE('',#5535,#5537,#3568,.T.);
#4002=EDGE_CURVE('',#5537,#5536,#3569,.T.);
#4003=EDGE_CURVE('',#5536,#5534,#3570,.T.);
#4004=EDGE_CURVE('',#5537,#5539,#3571,.T.);
#4005=EDGE_CURVE('',#5539,#5538,#3572,.T.);
#4006=EDGE_CURVE('',#5538,#5536,#3573,.T.);
#4007=EDGE_CURVE('',#5539,#5541,#3574,.T.);
#4008=EDGE_CURVE('',#5541,#5540,#3575,.T.);
#4009=EDGE_CURVE('',#5540,#5538,#3576,.T.);
#4010=EDGE_CURVE('',#5541,#5542,#3577,.T.);
#4011=EDGE_CURVE('',#5542,#5543,#3578,.T.);
#4012=EDGE_CURVE('',#5543,#5540,#3579,.T.);
#4013=EDGE_CURVE('',#5529,#5305,#3580,.T.);
#4014=EDGE_CURVE('',#5303,#5542,#3581,.T.);
#4015=EDGE_CURVE('',#5304,#5528,#3582,.T.);
#4016=EDGE_CURVE('',#5543,#5302,#3583,.T.);
#4017=EDGE_CURVE('',#5281,#5544,#3584,.T.);
#4018=EDGE_CURVE('',#5544,#5545,#3585,.T.);
#4019=EDGE_CURVE('',#5545,#5280,#3586,.T.);
#4020=EDGE_CURVE('',#5547,#5548,#3587,.T.);
#4021=EDGE_CURVE('',#5548,#5546,#3588,.T.);
#4022=EDGE_CURVE('',#5546,#5544,#3589,.T.);
#4023=EDGE_CURVE('',#5279,#5547,#3590,.T.);
#4024=EDGE_CURVE('',#5549,#5550,#3591,.T.);
#4025=EDGE_CURVE('',#5550,#5551,#3592,.T.);
#4026=EDGE_CURVE('',#5551,#5278,#3593,.T.);
#4027=EDGE_CURVE('',#5545,#5549,#3594,.T.);
#4028=EDGE_CURVE('',#5551,#5547,#3595,.T.);
#4029=EDGE_CURVE('',#5548,#5550,#3596,.T.);
#4030=EDGE_CURVE('',#5549,#5546,#3597,.T.);
#4031=B_SPLINE_CURVE_WITH_KNOTS('',1,(#6714,#6715),.UNSPECIFIED.,.F.,.F.,
(2,2),(0.,4.399999999999),.UNSPECIFIED.);
#4032=B_SPLINE_CURVE_WITH_KNOTS('',1,(#6716,#6717),.UNSPECIFIED.,.F.,.F.,
(2,2),(0.,4.399999999999),.UNSPECIFIED.);
#4033=B_SPLINE_CURVE_WITH_KNOTS('',1,(#6718,#6719),.UNSPECIFIED.,.F.,.F.,
(2,2),(4.399999999999,5.649999999998),.UNSPECIFIED.);
#4034=B_SPLINE_CURVE_WITH_KNOTS('',1,(#6720,#6721),.UNSPECIFIED.,.F.,.F.,
(2,2),(4.399999999999,5.649999999998),.UNSPECIFIED.);
#4035=B_SPLINE_CURVE_WITH_KNOTS('',1,(#6722,#6723),.UNSPECIFIED.,.F.,.F.,
(2,2),(5.649999999998,10.049999999997),.UNSPECIFIED.);
#4036=B_SPLINE_CURVE_WITH_KNOTS('',1,(#6724,#6725),.UNSPECIFIED.,.F.,.F.,
(2,2),(5.649999999998,10.049999999997),.UNSPECIFIED.);
#4037=B_SPLINE_CURVE_WITH_KNOTS('',1,(#6726,#6727),.UNSPECIFIED.,.F.,.F.,
(2,2),(10.049999999997,11.299999999996),.UNSPECIFIED.);
#4038=B_SPLINE_CURVE_WITH_KNOTS('',1,(#6728,#6729),.UNSPECIFIED.,.F.,.F.,
(2,2),(10.049999999997,11.299999999996),.UNSPECIFIED.);
#4039=B_SPLINE_CURVE_WITH_KNOTS('',1,(#6730,#6731),.UNSPECIFIED.,.F.,.F.,
(2,2),(0.,0.399999999999999),.UNSPECIFIED.);
#4040=B_SPLINE_CURVE_WITH_KNOTS('',1,(#6732,#6733),.UNSPECIFIED.,.F.,.F.,
(2,2),(0.,0.399999999999999),.UNSPECIFIED.);
#4041=B_SPLINE_CURVE_WITH_KNOTS('',1,(#6734,#6735),.UNSPECIFIED.,.F.,.F.,
(2,2),(0.,0.4),.UNSPECIFIED.);
#4042=B_SPLINE_CURVE_WITH_KNOTS('',1,(#6736,#6737),.UNSPECIFIED.,.F.,.F.,
(2,2),(0.,0.4),.UNSPECIFIED.);
#4043=B_SPLINE_CURVE_WITH_KNOTS('',1,(#6738,#6739),.UNSPECIFIED.,.F.,.F.,
(2,2),(0.,0.2),.UNSPECIFIED.);
#4044=B_SPLINE_CURVE_WITH_KNOTS('',1,(#6740,#6741),.UNSPECIFIED.,.F.,.F.,
(2,2),(0.,0.2),.UNSPECIFIED.);
#4045=B_SPLINE_CURVE_WITH_KNOTS('',1,(#6742,#6743),.UNSPECIFIED.,.F.,.F.,
(2,2),(0.,0.55),.UNSPECIFIED.);
#4046=B_SPLINE_CURVE_WITH_KNOTS('',1,(#6744,#6745),.UNSPECIFIED.,.F.,.F.,
(2,2),(0.,0.55),.UNSPECIFIED.);
#4047=B_SPLINE_CURVE_WITH_KNOTS('',1,(#6746,#6747),.UNSPECIFIED.,.F.,.F.,
(2,2),(0.,4.8),.UNSPECIFIED.);
#4048=B_SPLINE_CURVE_WITH_KNOTS('',1,(#6748,#6749),.UNSPECIFIED.,.F.,.F.,
(2,2),(0.,4.8),.UNSPECIFIED.);
#4049=B_SPLINE_CURVE_WITH_KNOTS('',1,(#6750,#6751),.UNSPECIFIED.,.F.,.F.,
(2,2),(0.,0.55),.UNSPECIFIED.);
#4050=B_SPLINE_CURVE_WITH_KNOTS('',1,(#6752,#6753),.UNSPECIFIED.,.F.,.F.,
(2,2),(0.,0.55),.UNSPECIFIED.);
#4051=B_SPLINE_CURVE_WITH_KNOTS('',1,(#6754,#6755),.UNSPECIFIED.,.F.,.F.,
(2,2),(0.,0.2),.UNSPECIFIED.);
#4052=B_SPLINE_CURVE_WITH_KNOTS('',1,(#6756,#6757),.UNSPECIFIED.,.F.,.F.,
(2,2),(0.,0.2),.UNSPECIFIED.);
#4053=B_SPLINE_CURVE_WITH_KNOTS('',1,(#6758,#6759),.UNSPECIFIED.,.F.,.F.,
(2,2),(0.,0.4),.UNSPECIFIED.);
#4054=B_SPLINE_CURVE_WITH_KNOTS('',1,(#6760,#6761),.UNSPECIFIED.,.F.,.F.,
(2,2),(0.,0.4),.UNSPECIFIED.);
#4055=B_SPLINE_CURVE_WITH_KNOTS('',1,(#6762,#6763),.UNSPECIFIED.,.F.,.F.,
(2,2),(0.,0.400000000001),.UNSPECIFIED.);
#4056=B_SPLINE_CURVE_WITH_KNOTS('',1,(#6764,#6765),.UNSPECIFIED.,.F.,.F.,
(2,2),(0.,0.400000000001),.UNSPECIFIED.);
#4057=B_SPLINE_CURVE_WITH_KNOTS('',1,(#6766,#6767),.UNSPECIFIED.,.F.,.F.,
(2,2),(5.649999999998,10.049999999997),.UNSPECIFIED.);
#4058=B_SPLINE_CURVE_WITH_KNOTS('',1,(#6768,#6769),.UNSPECIFIED.,.F.,.F.,
(2,2),(-0.367889752693,0.),.UNSPECIFIED.);
#4059=B_SPLINE_CURVE_WITH_KNOTS('',1,(#6770,#6771),.UNSPECIFIED.,.F.,.F.,
(2,2),(-0.367889752693,0.),.UNSPECIFIED.);
#4060=B_SPLINE_CURVE_WITH_KNOTS('',1,(#6772,#6773),.UNSPECIFIED.,.F.,.F.,
(2,2),(-0.2,0.),.UNSPECIFIED.);
#4061=B_SPLINE_CURVE_WITH_KNOTS('',1,(#6774,#6775),.UNSPECIFIED.,.F.,.F.,
(2,2),(-0.2,0.),.UNSPECIFIED.);
#4062=B_SPLINE_CURVE_WITH_KNOTS('',1,(#6776,#6777),.UNSPECIFIED.,.F.,.F.,
(2,2),(0.,0.367889752693),.UNSPECIFIED.);
#4063=B_SPLINE_CURVE_WITH_KNOTS('',1,(#6778,#6779),.UNSPECIFIED.,.F.,.F.,
(2,2),(0.,0.367889752693),.UNSPECIFIED.);
#4064=B_SPLINE_CURVE_WITH_KNOTS('',1,(#6780,#6781),.UNSPECIFIED.,.F.,.F.,
(2,2),(-0.2,0.),.UNSPECIFIED.);
#4065=B_SPLINE_CURVE_WITH_KNOTS('',1,(#6782,#6783),.UNSPECIFIED.,.F.,.F.,
(2,2),(-0.2,0.),.UNSPECIFIED.);
#4066=B_SPLINE_CURVE_WITH_KNOTS('',1,(#6784,#6785),.UNSPECIFIED.,.F.,.F.,
(2,2),(-0.367889752693,0.),.UNSPECIFIED.);
#4067=B_SPLINE_CURVE_WITH_KNOTS('',1,(#6786,#6787),.UNSPECIFIED.,.F.,.F.,
(2,2),(-0.367889752693,0.),.UNSPECIFIED.);
#4068=B_SPLINE_CURVE_WITH_KNOTS('',1,(#6788,#6789),.UNSPECIFIED.,.F.,.F.,
(2,2),(-0.2,0.),.UNSPECIFIED.);
#4069=B_SPLINE_CURVE_WITH_KNOTS('',1,(#6790,#6791),.UNSPECIFIED.,.F.,.F.,
(2,2),(-0.2,0.),.UNSPECIFIED.);
#4070=B_SPLINE_CURVE_WITH_KNOTS('',1,(#6792,#6793),.UNSPECIFIED.,.F.,.F.,
(2,2),(0.,0.367889752693),.UNSPECIFIED.);
#4071=B_SPLINE_CURVE_WITH_KNOTS('',1,(#6794,#6795),.UNSPECIFIED.,.F.,.F.,
(2,2),(0.,0.367889752693),.UNSPECIFIED.);
#4072=B_SPLINE_CURVE_WITH_KNOTS('',1,(#6796,#6797),.UNSPECIFIED.,.F.,.F.,
(2,2),(-0.2,0.),.UNSPECIFIED.);
#4073=B_SPLINE_CURVE_WITH_KNOTS('',1,(#6798,#6799),.UNSPECIFIED.,.F.,.F.,
(2,2),(-0.2,0.),.UNSPECIFIED.);
#4074=B_SPLINE_CURVE_WITH_KNOTS('',1,(#6800,#6801),.UNSPECIFIED.,.F.,.F.,
(2,2),(-0.367889752693,0.),.UNSPECIFIED.);
#4075=B_SPLINE_CURVE_WITH_KNOTS('',1,(#6802,#6803),.UNSPECIFIED.,.F.,.F.,
(2,2),(-0.367889752693,0.),.UNSPECIFIED.);
#4076=B_SPLINE_CURVE_WITH_KNOTS('',1,(#6804,#6805),.UNSPECIFIED.,.F.,.F.,
(2,2),(-0.200000000001,0.),.UNSPECIFIED.);
#4077=B_SPLINE_CURVE_WITH_KNOTS('',1,(#6806,#6807),.UNSPECIFIED.,.F.,.F.,
(2,2),(-0.200000000001,0.),.UNSPECIFIED.);
#4078=B_SPLINE_CURVE_WITH_KNOTS('',1,(#6808,#6809),.UNSPECIFIED.,.F.,.F.,
(2,2),(0.,0.367889752693),.UNSPECIFIED.);
#4079=B_SPLINE_CURVE_WITH_KNOTS('',1,(#6810,#6811),.UNSPECIFIED.,.F.,.F.,
(2,2),(0.,0.367889752693),.UNSPECIFIED.);
#4080=B_SPLINE_CURVE_WITH_KNOTS('',1,(#6812,#6813),.UNSPECIFIED.,.F.,.F.,
(2,2),(-0.200000000001,0.),.UNSPECIFIED.);
#4081=B_SPLINE_CURVE_WITH_KNOTS('',1,(#6814,#6815),.UNSPECIFIED.,.F.,.F.,
(2,2),(-0.200000000001,0.),.UNSPECIFIED.);
#4082=B_SPLINE_CURVE_WITH_KNOTS('',1,(#6816,#6817),.UNSPECIFIED.,.F.,.F.,
(2,2),(-0.367889752693,0.),.UNSPECIFIED.);
#4083=B_SPLINE_CURVE_WITH_KNOTS('',1,(#6818,#6819),.UNSPECIFIED.,.F.,.F.,
(2,2),(-0.367889752693,0.),.UNSPECIFIED.);
#4084=B_SPLINE_CURVE_WITH_KNOTS('',1,(#6820,#6821),.UNSPECIFIED.,.F.,.F.,
(2,2),(-0.2,0.),.UNSPECIFIED.);
#4085=B_SPLINE_CURVE_WITH_KNOTS('',1,(#6822,#6823),.UNSPECIFIED.,.F.,.F.,
(2,2),(-0.2,0.),.UNSPECIFIED.);
#4086=B_SPLINE_CURVE_WITH_KNOTS('',1,(#6824,#6825),.UNSPECIFIED.,.F.,.F.,
(2,2),(0.,0.367889752693),.UNSPECIFIED.);
#4087=B_SPLINE_CURVE_WITH_KNOTS('',1,(#6826,#6827),.UNSPECIFIED.,.F.,.F.,
(2,2),(0.,0.367889752693),.UNSPECIFIED.);
#4088=B_SPLINE_CURVE_WITH_KNOTS('',1,(#6828,#6829),.UNSPECIFIED.,.F.,.F.,
(2,2),(-0.2,0.),.UNSPECIFIED.);
#4089=B_SPLINE_CURVE_WITH_KNOTS('',1,(#6830,#6831),.UNSPECIFIED.,.F.,.F.,
(2,2),(-0.2,0.),.UNSPECIFIED.);
#4090=B_SPLINE_CURVE_WITH_KNOTS('',1,(#6832,#6833),.UNSPECIFIED.,.F.,.F.,
(2,2),(0.,2.072062255062),.UNSPECIFIED.);
#4091=B_SPLINE_CURVE_WITH_KNOTS('',1,(#6834,#6835),.UNSPECIFIED.,.F.,.F.,
(2,2),(0.,2.072062255062),.UNSPECIFIED.);
#4092=B_SPLINE_CURVE_WITH_KNOTS('',1,(#6836,#6837),.UNSPECIFIED.,.F.,.F.,
(2,2),(0.,0.100000000001),.UNSPECIFIED.);
#4093=B_SPLINE_CURVE_WITH_KNOTS('',1,(#6838,#6839),.UNSPECIFIED.,.F.,.F.,
(2,2),(0.,0.100000000001),.UNSPECIFIED.);
#4094=B_SPLINE_CURVE_WITH_KNOTS('',1,(#6840,#6841),.UNSPECIFIED.,.F.,.F.,
(2,2),(0.,2.299999999999),.UNSPECIFIED.);
#4095=B_SPLINE_CURVE_WITH_KNOTS('',1,(#6842,#6843),.UNSPECIFIED.,.F.,.F.,
(2,2),(0.,2.299999999999),.UNSPECIFIED.);
#4096=B_SPLINE_CURVE_WITH_KNOTS('',1,(#6844,#6845),.UNSPECIFIED.,.F.,.F.,
(2,2),(-0.400000000001,0.),.UNSPECIFIED.);
#4097=B_SPLINE_CURVE_WITH_KNOTS('',1,(#6846,#6847),.UNSPECIFIED.,.F.,.F.,
(2,2),(-0.400000000001,0.),.UNSPECIFIED.);
#4098=B_SPLINE_CURVE_WITH_KNOTS('',1,(#6848,#6849),.UNSPECIFIED.,.F.,.F.,
(2,2),(0.,2.299999999999),.UNSPECIFIED.);
#4099=B_SPLINE_CURVE_WITH_KNOTS('',1,(#6850,#6851),.UNSPECIFIED.,.F.,.F.,
(2,2),(0.,2.299999999999),.UNSPECIFIED.);
#4100=B_SPLINE_CURVE_WITH_KNOTS('',1,(#6852,#6853),.UNSPECIFIED.,.F.,.F.,
(2,2),(0.,0.1),.UNSPECIFIED.);
#4101=B_SPLINE_CURVE_WITH_KNOTS('',1,(#6854,#6855),.UNSPECIFIED.,.F.,.F.,
(2,2),(0.,0.1),.UNSPECIFIED.);
#4102=B_SPLINE_CURVE_WITH_KNOTS('',1,(#6856,#6857),.UNSPECIFIED.,.F.,.F.,
(2,2),(-2.072062255062,0.),.UNSPECIFIED.);
#4103=B_SPLINE_CURVE_WITH_KNOTS('',1,(#6858,#6859),.UNSPECIFIED.,.F.,.F.,
(2,2),(-2.072062255062,0.),.UNSPECIFIED.);
#4104=B_SPLINE_CURVE_WITH_KNOTS('',1,(#6860,#6861),.UNSPECIFIED.,.F.,.F.,
(2,2),(-0.2,0.),.UNSPECIFIED.);
#4105=B_SPLINE_CURVE_WITH_KNOTS('',1,(#6862,#6863),.UNSPECIFIED.,.F.,.F.,
(2,2),(-0.2,0.),.UNSPECIFIED.);
#4106=B_SPLINE_CURVE_WITH_KNOTS('',1,(#6864,#6865),.UNSPECIFIED.,.F.,.F.,
(2,2),(0.,2.072062255062),.UNSPECIFIED.);
#4107=B_SPLINE_CURVE_WITH_KNOTS('',1,(#6866,#6867),.UNSPECIFIED.,.F.,.F.,
(2,2),(0.,2.072062255062),.UNSPECIFIED.);
#4108=B_SPLINE_CURVE_WITH_KNOTS('',1,(#6868,#6869),.UNSPECIFIED.,.F.,.F.,
(2,2),(0.,0.099999999999),.UNSPECIFIED.);
#4109=B_SPLINE_CURVE_WITH_KNOTS('',1,(#6870,#6871),.UNSPECIFIED.,.F.,.F.,
(2,2),(0.,0.099999999999),.UNSPECIFIED.);
#4110=B_SPLINE_CURVE_WITH_KNOTS('',1,(#6872,#6873),.UNSPECIFIED.,.F.,.F.,
(2,2),(0.,2.299999999999),.UNSPECIFIED.);
#4111=B_SPLINE_CURVE_WITH_KNOTS('',1,(#6874,#6875),.UNSPECIFIED.,.F.,.F.,
(2,2),(0.,2.299999999999),.UNSPECIFIED.);
#4112=B_SPLINE_CURVE_WITH_KNOTS('',1,(#6876,#6877),.UNSPECIFIED.,.F.,.F.,
(2,2),(-0.4,0.),.UNSPECIFIED.);
#4113=B_SPLINE_CURVE_WITH_KNOTS('',1,(#6878,#6879),.UNSPECIFIED.,.F.,.F.,
(2,2),(-0.4,0.),.UNSPECIFIED.);
#4114=B_SPLINE_CURVE_WITH_KNOTS('',1,(#6880,#6881),.UNSPECIFIED.,.F.,.F.,
(2,2),(0.,2.299999999999),.UNSPECIFIED.);
#4115=B_SPLINE_CURVE_WITH_KNOTS('',1,(#6882,#6883),.UNSPECIFIED.,.F.,.F.,
(2,2),(0.,2.299999999999),.UNSPECIFIED.);
#4116=B_SPLINE_CURVE_WITH_KNOTS('',1,(#6884,#6885),.UNSPECIFIED.,.F.,.F.,
(2,2),(0.,0.1),.UNSPECIFIED.);
#4117=B_SPLINE_CURVE_WITH_KNOTS('',1,(#6886,#6887),.UNSPECIFIED.,.F.,.F.,
(2,2),(0.,0.1),.UNSPECIFIED.);
#4118=B_SPLINE_CURVE_WITH_KNOTS('',1,(#6888,#6889),.UNSPECIFIED.,.F.,.F.,
(2,2),(-2.072062255062,0.),.UNSPECIFIED.);
#4119=B_SPLINE_CURVE_WITH_KNOTS('',1,(#6890,#6891),.UNSPECIFIED.,.F.,.F.,
(2,2),(-2.072062255062,0.),.UNSPECIFIED.);
#4120=B_SPLINE_CURVE_WITH_KNOTS('',1,(#6892,#6893),.UNSPECIFIED.,.F.,.F.,
(2,2),(-0.200000000001,0.),.UNSPECIFIED.);
#4121=B_SPLINE_CURVE_WITH_KNOTS('',1,(#6894,#6895),.UNSPECIFIED.,.F.,.F.,
(2,2),(-0.200000000001,0.),.UNSPECIFIED.);
#4122=B_SPLINE_CURVE_WITH_KNOTS('',1,(#6896,#6897),.UNSPECIFIED.,.F.,.F.,
(2,2),(0.,2.072062255062),.UNSPECIFIED.);
#4123=B_SPLINE_CURVE_WITH_KNOTS('',1,(#6898,#6899),.UNSPECIFIED.,.F.,.F.,
(2,2),(0.,2.072062255062),.UNSPECIFIED.);
#4124=B_SPLINE_CURVE_WITH_KNOTS('',1,(#6900,#6901),.UNSPECIFIED.,.F.,.F.,
(2,2),(0.,0.1),.UNSPECIFIED.);
#4125=B_SPLINE_CURVE_WITH_KNOTS('',1,(#6902,#6903),.UNSPECIFIED.,.F.,.F.,
(2,2),(0.,0.1),.UNSPECIFIED.);
#4126=B_SPLINE_CURVE_WITH_KNOTS('',1,(#6904,#6905),.UNSPECIFIED.,.F.,.F.,
(2,2),(0.,2.299999999999),.UNSPECIFIED.);
#4127=B_SPLINE_CURVE_WITH_KNOTS('',1,(#6906,#6907),.UNSPECIFIED.,.F.,.F.,
(2,2),(0.,2.299999999999),.UNSPECIFIED.);
#4128=B_SPLINE_CURVE_WITH_KNOTS('',1,(#6908,#6909),.UNSPECIFIED.,.F.,.F.,
(2,2),(-0.4,0.),.UNSPECIFIED.);
#4129=B_SPLINE_CURVE_WITH_KNOTS('',1,(#6910,#6911),.UNSPECIFIED.,.F.,.F.,
(2,2),(-0.4,0.),.UNSPECIFIED.);
#4130=B_SPLINE_CURVE_WITH_KNOTS('',1,(#6912,#6913),.UNSPECIFIED.,.F.,.F.,
(2,2),(0.,2.299999999999),.UNSPECIFIED.);
#4131=B_SPLINE_CURVE_WITH_KNOTS('',1,(#6914,#6915),.UNSPECIFIED.,.F.,.F.,
(2,2),(0.,2.299999999999),.UNSPECIFIED.);
#4132=B_SPLINE_CURVE_WITH_KNOTS('',1,(#6916,#6917),.UNSPECIFIED.,.F.,.F.,
(2,2),(0.,0.0999999999999999),.UNSPECIFIED.);
#4133=B_SPLINE_CURVE_WITH_KNOTS('',1,(#6918,#6919),.UNSPECIFIED.,.F.,.F.,
(2,2),(0.,0.0999999999999999),.UNSPECIFIED.);
#4134=B_SPLINE_CURVE_WITH_KNOTS('',1,(#6920,#6921),.UNSPECIFIED.,.F.,.F.,
(2,2),(-2.072062255062,0.),.UNSPECIFIED.);
#4135=B_SPLINE_CURVE_WITH_KNOTS('',1,(#6922,#6923),.UNSPECIFIED.,.F.,.F.,
(2,2),(-2.072062255062,0.),.UNSPECIFIED.);
#4136=B_SPLINE_CURVE_WITH_KNOTS('',1,(#6924,#6925),.UNSPECIFIED.,.F.,.F.,
(2,2),(-0.2,0.),.UNSPECIFIED.);
#4137=B_SPLINE_CURVE_WITH_KNOTS('',1,(#6926,#6927),.UNSPECIFIED.,.F.,.F.,
(2,2),(-0.2,0.),.UNSPECIFIED.);
#4138=B_SPLINE_CURVE_WITH_KNOTS('',1,(#6928,#6929),.UNSPECIFIED.,.F.,.F.,
(2,2),(0.,2.072062255062),.UNSPECIFIED.);
#4139=B_SPLINE_CURVE_WITH_KNOTS('',1,(#6930,#6931),.UNSPECIFIED.,.F.,.F.,
(2,2),(0.,2.072062255062),.UNSPECIFIED.);
#4140=B_SPLINE_CURVE_WITH_KNOTS('',1,(#6932,#6933),.UNSPECIFIED.,.F.,.F.,
(2,2),(0.,0.1),.UNSPECIFIED.);
#4141=B_SPLINE_CURVE_WITH_KNOTS('',1,(#6934,#6935),.UNSPECIFIED.,.F.,.F.,
(2,2),(0.,0.1),.UNSPECIFIED.);
#4142=B_SPLINE_CURVE_WITH_KNOTS('',1,(#6936,#6937),.UNSPECIFIED.,.F.,.F.,
(2,2),(0.,2.299999999999),.UNSPECIFIED.);
#4143=B_SPLINE_CURVE_WITH_KNOTS('',1,(#6938,#6939),.UNSPECIFIED.,.F.,.F.,
(2,2),(0.,2.299999999999),.UNSPECIFIED.);
#4144=B_SPLINE_CURVE_WITH_KNOTS('',1,(#6940,#6941),.UNSPECIFIED.,.F.,.F.,
(2,2),(-0.4,0.),.UNSPECIFIED.);
#4145=B_SPLINE_CURVE_WITH_KNOTS('',1,(#6942,#6943),.UNSPECIFIED.,.F.,.F.,
(2,2),(-0.4,0.),.UNSPECIFIED.);
#4146=B_SPLINE_CURVE_WITH_KNOTS('',1,(#6944,#6945),.UNSPECIFIED.,.F.,.F.,
(2,2),(0.,2.299999999999),.UNSPECIFIED.);
#4147=B_SPLINE_CURVE_WITH_KNOTS('',1,(#6946,#6947),.UNSPECIFIED.,.F.,.F.,
(2,2),(0.,2.299999999999),.UNSPECIFIED.);
#4148=B_SPLINE_CURVE_WITH_KNOTS('',1,(#6948,#6949),.UNSPECIFIED.,.F.,.F.,
(2,2),(0.,0.1),.UNSPECIFIED.);
#4149=B_SPLINE_CURVE_WITH_KNOTS('',1,(#6950,#6951),.UNSPECIFIED.,.F.,.F.,
(2,2),(0.,0.1),.UNSPECIFIED.);
#4150=B_SPLINE_CURVE_WITH_KNOTS('',1,(#6952,#6953),.UNSPECIFIED.,.F.,.F.,
(2,2),(-2.072062255062,0.),.UNSPECIFIED.);
#4151=B_SPLINE_CURVE_WITH_KNOTS('',1,(#6954,#6955),.UNSPECIFIED.,.F.,.F.,
(2,2),(-2.072062255062,0.),.UNSPECIFIED.);
#4152=B_SPLINE_CURVE_WITH_KNOTS('',1,(#6956,#6957),.UNSPECIFIED.,.F.,.F.,
(2,2),(-0.2,0.),.UNSPECIFIED.);
#4153=B_SPLINE_CURVE_WITH_KNOTS('',1,(#6958,#6959),.UNSPECIFIED.,.F.,.F.,
(2,2),(-0.2,0.),.UNSPECIFIED.);
#4154=B_SPLINE_CURVE_WITH_KNOTS('',1,(#6960,#6961),.UNSPECIFIED.,.F.,.F.,
(2,2),(0.,0.6),.UNSPECIFIED.);
#4155=B_SPLINE_CURVE_WITH_KNOTS('',1,(#6962,#6963),.UNSPECIFIED.,.F.,.F.,
(2,2),(0.,0.6),.UNSPECIFIED.);
#4156=B_SPLINE_CURVE_WITH_KNOTS('',1,(#6964,#6965),.UNSPECIFIED.,.F.,.F.,
(2,2),(-4.399999999999,0.),.UNSPECIFIED.);
#4157=B_SPLINE_CURVE_WITH_KNOTS('',1,(#6966,#6967),.UNSPECIFIED.,.F.,.F.,
(2,2),(-4.399999999999,0.),.UNSPECIFIED.);
#4158=B_SPLINE_CURVE_WITH_KNOTS('',1,(#6968,#6969),.UNSPECIFIED.,.F.,.F.,
(2,2),(-0.6,0.),.UNSPECIFIED.);
#4159=B_SPLINE_CURVE_WITH_KNOTS('',1,(#6970,#6971),.UNSPECIFIED.,.F.,.F.,
(2,2),(-0.6,0.),.UNSPECIFIED.);
#4160=B_SPLINE_CURVE_WITH_KNOTS('',1,(#6972,#6973),.UNSPECIFIED.,.F.,.F.,
(2,2),(0.,0.800000000001),.UNSPECIFIED.);
#4161=B_SPLINE_CURVE_WITH_KNOTS('',1,(#6974,#6975),.UNSPECIFIED.,.F.,.F.,
(2,2),(0.,0.800000000001),.UNSPECIFIED.);
#4162=B_SPLINE_CURVE_WITH_KNOTS('',1,(#6976,#6977),.UNSPECIFIED.,.F.,.F.,
(2,2),(0.,3.05),.UNSPECIFIED.);
#4163=B_SPLINE_CURVE_WITH_KNOTS('',1,(#6978,#6979),.UNSPECIFIED.,.F.,.F.,
(2,2),(0.,3.05),.UNSPECIFIED.);
#4164=B_SPLINE_CURVE_WITH_KNOTS('',1,(#6980,#6981),.UNSPECIFIED.,.F.,.F.,
(2,2),(0.,6.),.UNSPECIFIED.);
#4165=B_SPLINE_CURVE_WITH_KNOTS('',1,(#6982,#6983),.UNSPECIFIED.,.F.,.F.,
(2,2),(0.,6.),.UNSPECIFIED.);
#4166=B_SPLINE_CURVE_WITH_KNOTS('',1,(#6984,#6985),.UNSPECIFIED.,.F.,.F.,
(2,2),(0.,3.05),.UNSPECIFIED.);
#4167=B_SPLINE_CURVE_WITH_KNOTS('',1,(#6986,#6987),.UNSPECIFIED.,.F.,.F.,
(2,2),(0.,3.05),.UNSPECIFIED.);
#4168=B_SPLINE_CURVE_WITH_KNOTS('',1,(#6988,#6989),.UNSPECIFIED.,.F.,.F.,
(2,2),(-0.8,0.),.UNSPECIFIED.);
#4169=B_SPLINE_CURVE_WITH_KNOTS('',1,(#6990,#6991),.UNSPECIFIED.,.F.,.F.,
(2,2),(-0.8,0.),.UNSPECIFIED.);
#4170=B_SPLINE_CURVE_WITH_KNOTS('',1,(#6992,#6993),.UNSPECIFIED.,.F.,.F.,
(2,2),(-0.6,0.),.UNSPECIFIED.);
#4171=B_SPLINE_CURVE_WITH_KNOTS('',1,(#6994,#6995),.UNSPECIFIED.,.F.,.F.,
(2,2),(-0.6,0.),.UNSPECIFIED.);
#4172=B_SPLINE_CURVE_WITH_KNOTS('',1,(#6996,#6997),.UNSPECIFIED.,.F.,.F.,
(2,2),(-0.6,0.),.UNSPECIFIED.);
#4173=B_SPLINE_CURVE_WITH_KNOTS('',1,(#6998,#6999),.UNSPECIFIED.,.F.,.F.,
(2,2),(0.,0.6),.UNSPECIFIED.);
#4174=B_SPLINE_CURVE_WITH_KNOTS('',1,(#7000,#7001),.UNSPECIFIED.,.F.,.F.,
(2,2),(0.,0.6),.UNSPECIFIED.);
#4175=B_SPLINE_CURVE_WITH_KNOTS('',1,(#7002,#7003),.UNSPECIFIED.,.F.,.F.,
(2,2),(0.,0.6),.UNSPECIFIED.);
#4176=B_SPLINE_CURVE_WITH_KNOTS('',1,(#7004,#7005),.UNSPECIFIED.,.F.,.F.,
(2,2),(0.,0.6),.UNSPECIFIED.);
#4177=B_SPLINE_CURVE_WITH_KNOTS('',1,(#7006,#7007),.UNSPECIFIED.,.F.,.F.,
(2,2),(-0.6,0.),.UNSPECIFIED.);
#4178=B_SPLINE_CURVE_WITH_KNOTS('',1,(#7008,#7009),.UNSPECIFIED.,.F.,.F.,
(2,2),(-0.6,0.),.UNSPECIFIED.);
#4179=B_SPLINE_CURVE_WITH_KNOTS('',1,(#7010,#7011),.UNSPECIFIED.,.F.,.F.,
(2,2),(-0.6,0.),.UNSPECIFIED.);
#4180=B_SPLINE_CURVE_WITH_KNOTS('',1,(#7012,#7013),.UNSPECIFIED.,.F.,.F.,
(2,2),(-0.6,0.),.UNSPECIFIED.);
#4181=B_SPLINE_CURVE_WITH_KNOTS('',1,(#7014,#7015),.UNSPECIFIED.,.F.,.F.,
(2,2),(0.,0.6),.UNSPECIFIED.);
#4182=B_SPLINE_CURVE_WITH_KNOTS('',1,(#7016,#7017),.UNSPECIFIED.,.F.,.F.,
(2,2),(-0.6,0.),.UNSPECIFIED.);
#4183=B_SPLINE_CURVE_WITH_KNOTS('',1,(#7018,#7019),.UNSPECIFIED.,.F.,.F.,
(2,2),(-0.6,0.),.UNSPECIFIED.);
#4184=B_SPLINE_CURVE_WITH_KNOTS('',1,(#7020,#7021),.UNSPECIFIED.,.F.,.F.,
(2,2),(-0.6,0.),.UNSPECIFIED.);
#4185=B_SPLINE_CURVE_WITH_KNOTS('',1,(#7022,#7023),.UNSPECIFIED.,.F.,.F.,
(2,2),(-0.6,0.),.UNSPECIFIED.);
#4186=B_SPLINE_CURVE_WITH_KNOTS('',1,(#7024,#7025),.UNSPECIFIED.,.F.,.F.,
(2,2),(-0.15,0.),.UNSPECIFIED.);
#4187=B_SPLINE_CURVE_WITH_KNOTS('',1,(#7026,#7027),.UNSPECIFIED.,.F.,.F.,
(2,2),(-0.15,0.),.UNSPECIFIED.);
#4188=B_SPLINE_CURVE_WITH_KNOTS('',1,(#7028,#7029),.UNSPECIFIED.,.F.,.F.,
(2,2),(0.,0.6),.UNSPECIFIED.);
#4189=B_SPLINE_CURVE_WITH_KNOTS('',1,(#7030,#7031),.UNSPECIFIED.,.F.,.F.,
(2,2),(0.,0.6),.UNSPECIFIED.);
#4190=B_SPLINE_CURVE_WITH_KNOTS('',1,(#7032,#7033),.UNSPECIFIED.,.F.,.F.,
(2,2),(0.,0.15),.UNSPECIFIED.);
#4191=B_SPLINE_CURVE_WITH_KNOTS('',1,(#7034,#7035),.UNSPECIFIED.,.F.,.F.,
(2,2),(0.,0.15),.UNSPECIFIED.);
#4192=B_SPLINE_CURVE_WITH_KNOTS('',1,(#7036,#7037),.UNSPECIFIED.,.F.,.F.,
(2,2),(-0.599999999999,0.),.UNSPECIFIED.);
#4193=B_SPLINE_CURVE_WITH_KNOTS('',1,(#7038,#7039),.UNSPECIFIED.,.F.,.F.,
(2,2),(-0.599999999999,0.),.UNSPECIFIED.);
#4194=B_SPLINE_CURVE_WITH_KNOTS('',1,(#7040,#7041),.UNSPECIFIED.,.F.,.F.,
(2,2),(0.,0.15),.UNSPECIFIED.);
#4195=B_SPLINE_CURVE_WITH_KNOTS('',1,(#7042,#7043),.UNSPECIFIED.,.F.,.F.,
(2,2),(0.,0.599999999999),.UNSPECIFIED.);
#4196=B_SPLINE_CURVE_WITH_KNOTS('',1,(#7044,#7045),.UNSPECIFIED.,.F.,.F.,
(2,2),(0.,0.599999999999),.UNSPECIFIED.);
#4197=B_SPLINE_CURVE_WITH_KNOTS('',1,(#7046,#7047),.UNSPECIFIED.,.F.,.F.,
(2,2),(0.,0.15),.UNSPECIFIED.);
#4198=B_SPLINE_CURVE_WITH_KNOTS('',1,(#7048,#7049),.UNSPECIFIED.,.F.,.F.,
(2,2),(0.,0.15),.UNSPECIFIED.);
#4199=B_SPLINE_CURVE_WITH_KNOTS('',1,(#7050,#7051),.UNSPECIFIED.,.F.,.F.,
(2,2),(0.,0.6),.UNSPECIFIED.);
#4200=B_SPLINE_CURVE_WITH_KNOTS('',1,(#7052,#7053),.UNSPECIFIED.,.F.,.F.,
(2,2),(0.,0.6),.UNSPECIFIED.);
#4201=B_SPLINE_CURVE_WITH_KNOTS('',1,(#7054,#7055),.UNSPECIFIED.,.F.,.F.,
(2,2),(0.,0.6),.UNSPECIFIED.);
#4202=B_SPLINE_CURVE_WITH_KNOTS('',1,(#7056,#7057),.UNSPECIFIED.,.F.,.F.,
(2,2),(0.,0.6),.UNSPECIFIED.);
#4203=B_SPLINE_CURVE_WITH_KNOTS('',1,(#7058,#7059),.UNSPECIFIED.,.F.,.F.,
(2,2),(0.,0.6),.UNSPECIFIED.);
#4204=B_SPLINE_CURVE_WITH_KNOTS('',1,(#7060,#7061),.UNSPECIFIED.,.F.,.F.,
(2,2),(0.,0.6),.UNSPECIFIED.);
#4205=B_SPLINE_CURVE_WITH_KNOTS('',1,(#7062,#7063),.UNSPECIFIED.,.F.,.F.,
(2,2),(0.,3.05),.UNSPECIFIED.);
#4206=B_SPLINE_CURVE_WITH_KNOTS('',1,(#7064,#7065),.UNSPECIFIED.,.F.,.F.,
(2,2),(0.,1.7),.UNSPECIFIED.);
#4207=B_SPLINE_CURVE_WITH_KNOTS('',1,(#7066,#7067),.UNSPECIFIED.,.F.,.F.,
(2,2),(0.,1.7),.UNSPECIFIED.);
#4208=B_SPLINE_CURVE_WITH_KNOTS('',1,(#7068,#7069),.UNSPECIFIED.,.F.,.F.,
(2,2),(0.,0.6),.UNSPECIFIED.);
#4209=B_SPLINE_CURVE_WITH_KNOTS('',1,(#7070,#7071),.UNSPECIFIED.,.F.,.F.,
(2,2),(0.,0.6),.UNSPECIFIED.);
#4210=B_SPLINE_CURVE_WITH_KNOTS('',1,(#7072,#7073),.UNSPECIFIED.,.F.,.F.,
(2,2),(0.,0.6),.UNSPECIFIED.);
#4211=B_SPLINE_CURVE_WITH_KNOTS('',1,(#7074,#7075),.UNSPECIFIED.,.F.,.F.,
(2,2),(0.,0.6),.UNSPECIFIED.);
#4212=B_SPLINE_CURVE_WITH_KNOTS('',1,(#7076,#7077),.UNSPECIFIED.,.F.,.F.,
(2,2),(0.,0.6),.UNSPECIFIED.);
#4213=B_SPLINE_CURVE_WITH_KNOTS('',1,(#7078,#7079),.UNSPECIFIED.,.F.,.F.,
(2,2),(0.,0.6),.UNSPECIFIED.);
#4214=B_SPLINE_CURVE_WITH_KNOTS('',1,(#7080,#7081),.UNSPECIFIED.,.F.,.F.,
(2,2),(0.,0.599999999999),.UNSPECIFIED.);
#4215=B_SPLINE_CURVE_WITH_KNOTS('',1,(#7082,#7083),.UNSPECIFIED.,.F.,.F.,
(2,2),(0.,0.599999999999),.UNSPECIFIED.);
#4216=B_SPLINE_CURVE_WITH_KNOTS('',1,(#7084,#7085),.UNSPECIFIED.,.F.,.F.,
(2,2),(0.,3.05),.UNSPECIFIED.);
#4217=B_SPLINE_CURVE_WITH_KNOTS('',1,(#7086,#7087),.UNSPECIFIED.,.F.,.F.,
(2,2),(0.,3.05),.UNSPECIFIED.);
#4218=B_SPLINE_CURVE_WITH_KNOTS('',1,(#7088,#7089),.UNSPECIFIED.,.F.,.F.,
(2,2),(-1.699999999999,0.),.UNSPECIFIED.);
#4219=B_SPLINE_CURVE_WITH_KNOTS('',1,(#7090,#7091),.UNSPECIFIED.,.F.,.F.,
(2,2),(-1.699999999999,0.),.UNSPECIFIED.);
#4220=B_SPLINE_CURVE_WITH_KNOTS('',1,(#7092,#7093),.UNSPECIFIED.,.F.,.F.,
(2,2),(0.,0.6),.UNSPECIFIED.);
#4221=B_SPLINE_CURVE_WITH_KNOTS('',1,(#7094,#7095),.UNSPECIFIED.,.F.,.F.,
(2,2),(0.,0.6),.UNSPECIFIED.);
#4222=B_SPLINE_CURVE_WITH_KNOTS('',1,(#7096,#7097),.UNSPECIFIED.,.F.,.F.,
(2,2),(-0.5,0.),.UNSPECIFIED.);
#4223=B_SPLINE_CURVE_WITH_KNOTS('',1,(#7098,#7099),.UNSPECIFIED.,.F.,.F.,
(2,2),(-0.5,0.),.UNSPECIFIED.);
#4224=B_SPLINE_CURVE_WITH_KNOTS('',1,(#7100,#7101),.UNSPECIFIED.,.F.,.F.,
(2,2),(0.,0.6),.UNSPECIFIED.);
#4225=B_SPLINE_CURVE_WITH_KNOTS('',1,(#7102,#7103),.UNSPECIFIED.,.F.,.F.,
(2,2),(0.,0.6),.UNSPECIFIED.);
#4226=B_SPLINE_CURVE_WITH_KNOTS('',1,(#7104,#7105),.UNSPECIFIED.,.F.,.F.,
(2,2),(0.,0.8),.UNSPECIFIED.);
#4227=B_SPLINE_CURVE_WITH_KNOTS('',1,(#7106,#7107),.UNSPECIFIED.,.F.,.F.,
(2,2),(0.,0.8),.UNSPECIFIED.);
#4228=B_SPLINE_CURVE_WITH_KNOTS('',1,(#7108,#7109),.UNSPECIFIED.,.F.,.F.,
(2,2),(-1.699999999999,0.),.UNSPECIFIED.);
#4229=B_SPLINE_CURVE_WITH_KNOTS('',1,(#7110,#7111),.UNSPECIFIED.,.F.,.F.,
(2,2),(0.,1.3),.UNSPECIFIED.);
#4230=B_SPLINE_CURVE_WITH_KNOTS('',1,(#7112,#7113),.UNSPECIFIED.,.F.,.F.,
(2,2),(0.,1.3),.UNSPECIFIED.);
#4231=B_SPLINE_CURVE_WITH_KNOTS('',1,(#7114,#7115),.UNSPECIFIED.,.F.,.F.,
(2,2),(-2.299999999999,0.),.UNSPECIFIED.);
#4232=B_SPLINE_CURVE_WITH_KNOTS('',1,(#7116,#7117),.UNSPECIFIED.,.F.,.F.,
(2,2),(-2.299999999999,0.),.UNSPECIFIED.);
#4233=B_SPLINE_CURVE_WITH_KNOTS('',1,(#7118,#7119),.UNSPECIFIED.,.F.,.F.,
(2,2),(0.,0.5),.UNSPECIFIED.);
#4234=B_SPLINE_CURVE_WITH_KNOTS('',1,(#7120,#7121),.UNSPECIFIED.,.F.,.F.,
(2,2),(0.,0.5),.UNSPECIFIED.);
#4235=B_SPLINE_CURVE_WITH_KNOTS('',1,(#7122,#7123),.UNSPECIFIED.,.F.,.F.,
(2,2),(0.,1.7),.UNSPECIFIED.);
#4236=B_SPLINE_CURVE_WITH_KNOTS('',1,(#7124,#7125),.UNSPECIFIED.,.F.,.F.,
(2,2),(0.,6.),.UNSPECIFIED.);
#4237=B_SPLINE_CURVE_WITH_KNOTS('',1,(#7126,#7127),.UNSPECIFIED.,.F.,.F.,
(2,2),(0.,1.7),.UNSPECIFIED.);
#4238=B_SPLINE_CURVE_WITH_KNOTS('',1,(#7128,#7129),.UNSPECIFIED.,.F.,.F.,
(2,2),(0.,1.7),.UNSPECIFIED.);
#4239=B_SPLINE_CURVE_WITH_KNOTS('',1,(#7130,#7131),.UNSPECIFIED.,.F.,.F.,
(2,2),(-0.5,0.),.UNSPECIFIED.);
#4240=B_SPLINE_CURVE_WITH_KNOTS('',1,(#7132,#7133),.UNSPECIFIED.,.F.,.F.,
(2,2),(-0.5,0.),.UNSPECIFIED.);
#4241=B_SPLINE_CURVE_WITH_KNOTS('',1,(#7134,#7135),.UNSPECIFIED.,.F.,.F.,
(2,2),(-1.199999999999,0.),.UNSPECIFIED.);
#4242=B_SPLINE_CURVE_WITH_KNOTS('',1,(#7136,#7137),.UNSPECIFIED.,.F.,.F.,
(2,2),(-1.199999999999,0.),.UNSPECIFIED.);
#4243=B_SPLINE_CURVE_WITH_KNOTS('',1,(#7138,#7139),.UNSPECIFIED.,.F.,.F.,
(2,2),(0.,5.),.UNSPECIFIED.);
#4244=B_SPLINE_CURVE_WITH_KNOTS('',1,(#7140,#7141),.UNSPECIFIED.,.F.,.F.,
(2,2),(0.,5.),.UNSPECIFIED.);
#4245=B_SPLINE_CURVE_WITH_KNOTS('',1,(#7142,#7143),.UNSPECIFIED.,.F.,.F.,
(2,2),(0.,1.199999999999),.UNSPECIFIED.);
#4246=B_SPLINE_CURVE_WITH_KNOTS('',1,(#7144,#7145),.UNSPECIFIED.,.F.,.F.,
(2,2),(0.,1.199999999999),.UNSPECIFIED.);
#4247=B_SPLINE_CURVE_WITH_KNOTS('',1,(#7146,#7147),.UNSPECIFIED.,.F.,.F.,
(2,2),(0.,0.55),.UNSPECIFIED.);
#4248=B_SPLINE_CURVE_WITH_KNOTS('',1,(#7148,#7149),.UNSPECIFIED.,.F.,.F.,
(2,2),(0.,0.55),.UNSPECIFIED.);
#4249=B_SPLINE_CURVE_WITH_KNOTS('',1,(#7150,#7151),.UNSPECIFIED.,.F.,.F.,
(2,2),(0.,5.1),.UNSPECIFIED.);
#4250=B_SPLINE_CURVE_WITH_KNOTS('',1,(#7152,#7153),.UNSPECIFIED.,.F.,.F.,
(2,2),(0.,5.1),.UNSPECIFIED.);
#4251=B_SPLINE_CURVE_WITH_KNOTS('',1,(#7154,#7155),.UNSPECIFIED.,.F.,.F.,
(2,2),(0.,0.55),.UNSPECIFIED.);
#4252=B_SPLINE_CURVE_WITH_KNOTS('',1,(#7156,#7157),.UNSPECIFIED.,.F.,.F.,
(2,2),(0.,0.55),.UNSPECIFIED.);
#4253=B_SPLINE_CURVE_WITH_KNOTS('',1,(#7158,#7159),.UNSPECIFIED.,.F.,.F.,
(2,2),(0.,0.2),.UNSPECIFIED.);
#4254=B_SPLINE_CURVE_WITH_KNOTS('',1,(#7160,#7161),.UNSPECIFIED.,.F.,.F.,
(2,2),(0.,0.2),.UNSPECIFIED.);
#4255=B_SPLINE_CURVE_WITH_KNOTS('',1,(#7162,#7163),.UNSPECIFIED.,.F.,.F.,
(2,2),(0.,0.7),.UNSPECIFIED.);
#4256=B_SPLINE_CURVE_WITH_KNOTS('',1,(#7164,#7165),.UNSPECIFIED.,.F.,.F.,
(2,2),(0.,0.7),.UNSPECIFIED.);
#4257=B_SPLINE_CURVE_WITH_KNOTS('',1,(#7166,#7167),.UNSPECIFIED.,.F.,.F.,
(2,2),(0.,0.4),.UNSPECIFIED.);
#4258=B_SPLINE_CURVE_WITH_KNOTS('',1,(#7168,#7169),.UNSPECIFIED.,.F.,.F.,
(2,2),(0.,0.4),.UNSPECIFIED.);
#4259=B_SPLINE_CURVE_WITH_KNOTS('',1,(#7170,#7171),.UNSPECIFIED.,.F.,.F.,
(2,2),(0.,1.249999999999),.UNSPECIFIED.);
#4260=B_SPLINE_CURVE_WITH_KNOTS('',1,(#7172,#7173),.UNSPECIFIED.,.F.,.F.,
(2,2),(0.,1.249999999999),.UNSPECIFIED.);
#4261=B_SPLINE_CURVE_WITH_KNOTS('',1,(#7174,#7175),.UNSPECIFIED.,.F.,.F.,
(2,2),(0.,4.699999999999),.UNSPECIFIED.);
#4262=B_SPLINE_CURVE_WITH_KNOTS('',1,(#7176,#7177),.UNSPECIFIED.,.F.,.F.,
(2,2),(0.,4.699999999999),.UNSPECIFIED.);
#4263=B_SPLINE_CURVE_WITH_KNOTS('',1,(#7178,#7179),.UNSPECIFIED.,.F.,.F.,
(2,2),(0.,1.249999999999),.UNSPECIFIED.);
#4264=B_SPLINE_CURVE_WITH_KNOTS('',1,(#7180,#7181),.UNSPECIFIED.,.F.,.F.,
(2,2),(0.,1.249999999999),.UNSPECIFIED.);
#4265=B_SPLINE_CURVE_WITH_KNOTS('',1,(#7182,#7183),.UNSPECIFIED.,.F.,.F.,
(2,2),(0.,0.400000000001),.UNSPECIFIED.);
#4266=B_SPLINE_CURVE_WITH_KNOTS('',1,(#7184,#7185),.UNSPECIFIED.,.F.,.F.,
(2,2),(0.,0.400000000001),.UNSPECIFIED.);
#4267=B_SPLINE_CURVE_WITH_KNOTS('',1,(#7186,#7187),.UNSPECIFIED.,.F.,.F.,
(2,2),(0.,0.7),.UNSPECIFIED.);
#4268=B_SPLINE_CURVE_WITH_KNOTS('',1,(#7188,#7189),.UNSPECIFIED.,.F.,.F.,
(2,2),(0.,0.7),.UNSPECIFIED.);
#4269=B_SPLINE_CURVE_WITH_KNOTS('',1,(#7190,#7191),.UNSPECIFIED.,.F.,.F.,
(2,2),(0.,0.2),.UNSPECIFIED.);
#4270=B_SPLINE_CURVE_WITH_KNOTS('',1,(#7192,#7193),.UNSPECIFIED.,.F.,.F.,
(2,2),(0.,0.2),.UNSPECIFIED.);
#4271=B_SPLINE_CURVE_WITH_KNOTS('',1,(#7194,#7195),.UNSPECIFIED.,.F.,.F.,
(2,2),(0.,1.2),.UNSPECIFIED.);
#4272=B_SPLINE_CURVE_WITH_KNOTS('',1,(#7196,#7197),.UNSPECIFIED.,.F.,.F.,
(2,2),(0.,1.2),.UNSPECIFIED.);
#4273=B_SPLINE_CURVE_WITH_KNOTS('',1,(#7198,#7199),.UNSPECIFIED.,.F.,.F.,
(2,2),(0.,5.),.UNSPECIFIED.);
#4274=B_SPLINE_CURVE_WITH_KNOTS('',1,(#7200,#7201),.UNSPECIFIED.,.F.,.F.,
(2,2),(-1.2,0.),.UNSPECIFIED.);
#4275=B_SPLINE_CURVE_WITH_KNOTS('',1,(#7202,#7203),.UNSPECIFIED.,.F.,.F.,
(2,2),(-1.2,0.),.UNSPECIFIED.);
#4276=B_SPLINE_CURVE_WITH_KNOTS('',1,(#7204,#7205),.UNSPECIFIED.,.F.,.F.,
(2,2),(0.,0.149999999999),.UNSPECIFIED.);
#4277=B_SPLINE_CURVE_WITH_KNOTS('',1,(#7206,#7207),.UNSPECIFIED.,.F.,.F.,
(2,2),(0.,0.149999999999),.UNSPECIFIED.);
#4278=B_SPLINE_CURVE_WITH_KNOTS('',1,(#7208,#7209),.UNSPECIFIED.,.F.,.F.,
(2,2),(-0.200000000001,0.),.UNSPECIFIED.);
#4279=B_SPLINE_CURVE_WITH_KNOTS('',1,(#7210,#7211),.UNSPECIFIED.,.F.,.F.,
(2,2),(-0.200000000001,0.),.UNSPECIFIED.);
#4280=B_SPLINE_CURVE_WITH_KNOTS('',1,(#7212,#7213),.UNSPECIFIED.,.F.,.F.,
(2,2),(0.,0.15),.UNSPECIFIED.);
#4281=B_SPLINE_CURVE_WITH_KNOTS('',1,(#7214,#7215),.UNSPECIFIED.,.F.,.F.,
(2,2),(0.,0.15),.UNSPECIFIED.);
#4282=B_SPLINE_CURVE_WITH_KNOTS('',1,(#7216,#7217),.UNSPECIFIED.,.F.,.F.,
(2,2),(-3.05,0.),.UNSPECIFIED.);
#4283=B_SPLINE_CURVE_WITH_KNOTS('',1,(#7218,#7219),.UNSPECIFIED.,.F.,.F.,
(2,2),(-3.05,0.),.UNSPECIFIED.);
#4284=B_SPLINE_CURVE_WITH_KNOTS('',1,(#7220,#7221),.UNSPECIFIED.,.F.,.F.,
(2,2),(-1.3,0.),.UNSPECIFIED.);
#4285=B_SPLINE_CURVE_WITH_KNOTS('',1,(#7222,#7223),.UNSPECIFIED.,.F.,.F.,
(2,2),(-1.3,0.),.UNSPECIFIED.);
#4286=B_SPLINE_CURVE_WITH_KNOTS('',1,(#7224,#7225),.UNSPECIFIED.,.F.,.F.,
(2,2),(-0.3,0.),.UNSPECIFIED.);
#4287=B_SPLINE_CURVE_WITH_KNOTS('',1,(#7226,#7227),.UNSPECIFIED.,.F.,.F.,
(2,2),(-0.3,0.),.UNSPECIFIED.);
#4288=B_SPLINE_CURVE_WITH_KNOTS('',1,(#7228,#7229),.UNSPECIFIED.,.F.,.F.,
(2,2),(0.,0.1),.UNSPECIFIED.);
#4289=B_SPLINE_CURVE_WITH_KNOTS('',1,(#7230,#7231),.UNSPECIFIED.,.F.,.F.,
(2,2),(-0.2,0.),.UNSPECIFIED.);
#4290=B_SPLINE_CURVE_WITH_KNOTS('',1,(#7232,#7233),.UNSPECIFIED.,.F.,.F.,
(2,2),(-0.2,0.),.UNSPECIFIED.);
#4291=B_SPLINE_CURVE_WITH_KNOTS('',1,(#7234,#7235),.UNSPECIFIED.,.F.,.F.,
(2,2),(0.,0.1),.UNSPECIFIED.);
#4292=B_SPLINE_CURVE_WITH_KNOTS('',1,(#7236,#7237),.UNSPECIFIED.,.F.,.F.,
(2,2),(0.,0.3),.UNSPECIFIED.);
#4293=B_SPLINE_CURVE_WITH_KNOTS('',1,(#7238,#7239),.UNSPECIFIED.,.F.,.F.,
(2,2),(0.,0.3),.UNSPECIFIED.);
#4294=B_SPLINE_CURVE_WITH_KNOTS('',1,(#7240,#7241),.UNSPECIFIED.,.F.,.F.,
(2,2),(-0.6,0.),.UNSPECIFIED.);
#4295=B_SPLINE_CURVE_WITH_KNOTS('',1,(#7242,#7243),.UNSPECIFIED.,.F.,.F.,
(2,2),(-0.6,0.),.UNSPECIFIED.);
#4296=B_SPLINE_CURVE_WITH_KNOTS('',1,(#7244,#7245),.UNSPECIFIED.,.F.,.F.,
(2,2),(-0.3,0.),.UNSPECIFIED.);
#4297=B_SPLINE_CURVE_WITH_KNOTS('',1,(#7246,#7247),.UNSPECIFIED.,.F.,.F.,
(2,2),(-0.3,0.),.UNSPECIFIED.);
#4298=B_SPLINE_CURVE_WITH_KNOTS('',1,(#7248,#7249),.UNSPECIFIED.,.F.,.F.,
(2,2),(0.,0.1),.UNSPECIFIED.);
#4299=B_SPLINE_CURVE_WITH_KNOTS('',1,(#7250,#7251),.UNSPECIFIED.,.F.,.F.,
(2,2),(-0.2,0.),.UNSPECIFIED.);
#4300=B_SPLINE_CURVE_WITH_KNOTS('',1,(#7252,#7253),.UNSPECIFIED.,.F.,.F.,
(2,2),(-0.2,0.),.UNSPECIFIED.);
#4301=B_SPLINE_CURVE_WITH_KNOTS('',1,(#7254,#7255),.UNSPECIFIED.,.F.,.F.,
(2,2),(0.,0.0999999999999999),.UNSPECIFIED.);
#4302=B_SPLINE_CURVE_WITH_KNOTS('',1,(#7256,#7257),.UNSPECIFIED.,.F.,.F.,
(2,2),(0.,0.3),.UNSPECIFIED.);
#4303=B_SPLINE_CURVE_WITH_KNOTS('',1,(#7258,#7259),.UNSPECIFIED.,.F.,.F.,
(2,2),(0.,0.3),.UNSPECIFIED.);
#4304=B_SPLINE_CURVE_WITH_KNOTS('',1,(#7260,#7261),.UNSPECIFIED.,.F.,.F.,
(2,2),(-0.6,0.),.UNSPECIFIED.);
#4305=B_SPLINE_CURVE_WITH_KNOTS('',1,(#7262,#7263),.UNSPECIFIED.,.F.,.F.,
(2,2),(-0.6,0.),.UNSPECIFIED.);
#4306=B_SPLINE_CURVE_WITH_KNOTS('',1,(#7264,#7265),.UNSPECIFIED.,.F.,.F.,
(2,2),(-0.3,0.),.UNSPECIFIED.);
#4307=B_SPLINE_CURVE_WITH_KNOTS('',1,(#7266,#7267),.UNSPECIFIED.,.F.,.F.,
(2,2),(-0.3,0.),.UNSPECIFIED.);
#4308=B_SPLINE_CURVE_WITH_KNOTS('',1,(#7268,#7269),.UNSPECIFIED.,.F.,.F.,
(2,2),(0.,0.099999999999),.UNSPECIFIED.);
#4309=B_SPLINE_CURVE_WITH_KNOTS('',1,(#7270,#7271),.UNSPECIFIED.,.F.,.F.,
(2,2),(-0.200000000001,0.),.UNSPECIFIED.);
#4310=B_SPLINE_CURVE_WITH_KNOTS('',1,(#7272,#7273),.UNSPECIFIED.,.F.,.F.,
(2,2),(-0.200000000001,0.),.UNSPECIFIED.);
#4311=B_SPLINE_CURVE_WITH_KNOTS('',1,(#7274,#7275),.UNSPECIFIED.,.F.,.F.,
(2,2),(0.,0.1),.UNSPECIFIED.);
#4312=B_SPLINE_CURVE_WITH_KNOTS('',1,(#7276,#7277),.UNSPECIFIED.,.F.,.F.,
(2,2),(0.,0.3),.UNSPECIFIED.);
#4313=B_SPLINE_CURVE_WITH_KNOTS('',1,(#7278,#7279),.UNSPECIFIED.,.F.,.F.,
(2,2),(0.,0.3),.UNSPECIFIED.);
#4314=B_SPLINE_CURVE_WITH_KNOTS('',1,(#7280,#7281),.UNSPECIFIED.,.F.,.F.,
(2,2),(-0.599999999999,0.),.UNSPECIFIED.);
#4315=B_SPLINE_CURVE_WITH_KNOTS('',1,(#7282,#7283),.UNSPECIFIED.,.F.,.F.,
(2,2),(-0.599999999999,0.),.UNSPECIFIED.);
#4316=B_SPLINE_CURVE_WITH_KNOTS('',1,(#7284,#7285),.UNSPECIFIED.,.F.,.F.,
(2,2),(-0.3,0.),.UNSPECIFIED.);
#4317=B_SPLINE_CURVE_WITH_KNOTS('',1,(#7286,#7287),.UNSPECIFIED.,.F.,.F.,
(2,2),(-0.3,0.),.UNSPECIFIED.);
#4318=B_SPLINE_CURVE_WITH_KNOTS('',1,(#7288,#7289),.UNSPECIFIED.,.F.,.F.,
(2,2),(0.,0.100000000001),.UNSPECIFIED.);
#4319=B_SPLINE_CURVE_WITH_KNOTS('',1,(#7290,#7291),.UNSPECIFIED.,.F.,.F.,
(2,2),(-0.2,0.),.UNSPECIFIED.);
#4320=B_SPLINE_CURVE_WITH_KNOTS('',1,(#7292,#7293),.UNSPECIFIED.,.F.,.F.,
(2,2),(-0.2,0.),.UNSPECIFIED.);
#4321=B_SPLINE_CURVE_WITH_KNOTS('',1,(#7294,#7295),.UNSPECIFIED.,.F.,.F.,
(2,2),(0.,0.1),.UNSPECIFIED.);
#4322=B_SPLINE_CURVE_WITH_KNOTS('',1,(#7296,#7297),.UNSPECIFIED.,.F.,.F.,
(2,2),(0.,0.3),.UNSPECIFIED.);
#4323=B_SPLINE_CURVE_WITH_KNOTS('',1,(#7298,#7299),.UNSPECIFIED.,.F.,.F.,
(2,2),(0.,0.3),.UNSPECIFIED.);
#4324=B_SPLINE_CURVE_WITH_KNOTS('',1,(#7300,#7301),.UNSPECIFIED.,.F.,.F.,
(2,2),(0.,1.3),.UNSPECIFIED.);
#4325=B_SPLINE_CURVE_WITH_KNOTS('',1,(#7302,#7303),.UNSPECIFIED.,.F.,.F.,
(2,2),(0.,3.05),.UNSPECIFIED.);
#4326=B_SPLINE_CURVE_WITH_KNOTS('',1,(#7304,#7305),.UNSPECIFIED.,.F.,.F.,
(2,2),(-0.15,0.),.UNSPECIFIED.);
#4327=B_SPLINE_CURVE_WITH_KNOTS('',1,(#7306,#7307),.UNSPECIFIED.,.F.,.F.,
(2,2),(-0.15,0.),.UNSPECIFIED.);
#4328=B_SPLINE_CURVE_WITH_KNOTS('',1,(#7308,#7309),.UNSPECIFIED.,.F.,.F.,
(2,2),(-0.199999999999999,0.),.UNSPECIFIED.);
#4329=B_SPLINE_CURVE_WITH_KNOTS('',1,(#7310,#7311),.UNSPECIFIED.,.F.,.F.,
(2,2),(-0.199999999999999,0.),.UNSPECIFIED.);
#4330=B_SPLINE_CURVE_WITH_KNOTS('',1,(#7312,#7313),.UNSPECIFIED.,.F.,.F.,
(2,2),(0.,0.15),.UNSPECIFIED.);
#4331=B_SPLINE_CURVE_WITH_KNOTS('',1,(#7314,#7315),.UNSPECIFIED.,.F.,.F.,
(2,2),(-0.6,0.),.UNSPECIFIED.);
#4332=B_SPLINE_CURVE_WITH_KNOTS('',1,(#7316,#7317),.UNSPECIFIED.,.F.,.F.,
(2,2),(-0.6,0.),.UNSPECIFIED.);
#4333=B_SPLINE_CURVE_WITH_KNOTS('',1,(#7318,#7319),.UNSPECIFIED.,.F.,.F.,
(2,2),(-2.299999999999,0.),.UNSPECIFIED.);
#4334=B_SPLINE_CURVE_WITH_KNOTS('',1,(#7320,#7321),.UNSPECIFIED.,.F.,.F.,
(2,2),(-2.299999999999,0.),.UNSPECIFIED.);
#4335=B_SPLINE_CURVE_WITH_KNOTS('',1,(#7322,#7323),.UNSPECIFIED.,.F.,.F.,
(2,2),(-0.6,0.),.UNSPECIFIED.);
#4336=B_SPLINE_CURVE_WITH_KNOTS('',1,(#7324,#7325),.UNSPECIFIED.,.F.,.F.,
(2,2),(-2.299999999999,0.),.UNSPECIFIED.);
#4337=B_SPLINE_CURVE_WITH_KNOTS('',1,(#7326,#7327),.UNSPECIFIED.,.F.,.F.,
(2,2),(-2.299999999999,0.),.UNSPECIFIED.);
#4338=B_SPLINE_CURVE_WITH_KNOTS('',1,(#7328,#7329),.UNSPECIFIED.,.F.,.F.,
(2,2),(-0.6,0.),.UNSPECIFIED.);
#4339=B_SPLINE_CURVE_WITH_KNOTS('',1,(#7330,#7331),.UNSPECIFIED.,.F.,.F.,
(2,2),(-0.6,0.),.UNSPECIFIED.);
#4340=B_SPLINE_CURVE_WITH_KNOTS('',1,(#7332,#7333),.UNSPECIFIED.,.F.,.F.,
(2,2),(-2.299999999999,0.),.UNSPECIFIED.);
#4341=B_SPLINE_CURVE_WITH_KNOTS('',1,(#7334,#7335),.UNSPECIFIED.,.F.,.F.,
(2,2),(-2.299999999999,0.),.UNSPECIFIED.);
#4342=B_SPLINE_CURVE_WITH_KNOTS('',1,(#7336,#7337),.UNSPECIFIED.,.F.,.F.,
(2,2),(-0.6,0.),.UNSPECIFIED.);
#4343=B_SPLINE_CURVE_WITH_KNOTS('',1,(#7338,#7339),.UNSPECIFIED.,.F.,.F.,
(2,2),(-2.299999999999,0.),.UNSPECIFIED.);
#4344=B_SPLINE_CURVE_WITH_KNOTS('',1,(#7340,#7341),.UNSPECIFIED.,.F.,.F.,
(2,2),(-2.299999999999,0.),.UNSPECIFIED.);
#4345=B_SPLINE_CURVE_WITH_KNOTS('',1,(#7342,#7343),.UNSPECIFIED.,.F.,.F.,
(2,2),(-0.599999999999,0.),.UNSPECIFIED.);
#4346=B_SPLINE_CURVE_WITH_KNOTS('',1,(#7344,#7345),.UNSPECIFIED.,.F.,.F.,
(2,2),(-0.599999999999,0.),.UNSPECIFIED.);
#4347=B_SPLINE_CURVE_WITH_KNOTS('',1,(#7346,#7347),.UNSPECIFIED.,.F.,.F.,
(2,2),(-2.299999999999,0.),.UNSPECIFIED.);
#4348=B_SPLINE_CURVE_WITH_KNOTS('',1,(#7348,#7349),.UNSPECIFIED.,.F.,.F.,
(2,2),(-2.299999999999,0.),.UNSPECIFIED.);
#4349=B_SPLINE_CURVE_WITH_KNOTS('',1,(#7350,#7351),.UNSPECIFIED.,.F.,.F.,
(2,2),(-0.599999999999,0.),.UNSPECIFIED.);
#4350=B_SPLINE_CURVE_WITH_KNOTS('',1,(#7352,#7353),.UNSPECIFIED.,.F.,.F.,
(2,2),(-2.299999999999,0.),.UNSPECIFIED.);
#4351=B_SPLINE_CURVE_WITH_KNOTS('',1,(#7354,#7355),.UNSPECIFIED.,.F.,.F.,
(2,2),(-2.299999999999,0.),.UNSPECIFIED.);
#4352=B_SPLINE_CURVE_WITH_KNOTS('',1,(#7356,#7357),.UNSPECIFIED.,.F.,.F.,
(2,2),(0.,0.149999999999),.UNSPECIFIED.);
#4353=B_SPLINE_CURVE_WITH_KNOTS('',1,(#7358,#7359),.UNSPECIFIED.,.F.,.F.,
(2,2),(-0.599999999999,0.),.UNSPECIFIED.);
#4354=B_SPLINE_CURVE_WITH_KNOTS('',1,(#7360,#7361),.UNSPECIFIED.,.F.,.F.,
(2,2),(-0.599999999999,0.),.UNSPECIFIED.);
#4355=B_SPLINE_CURVE_WITH_KNOTS('',1,(#7362,#7363),.UNSPECIFIED.,.F.,.F.,
(2,2),(0.,0.149999999999),.UNSPECIFIED.);
#4356=B_SPLINE_CURVE_WITH_KNOTS('',1,(#7364,#7365),.UNSPECIFIED.,.F.,.F.,
(2,2),(0.,0.149999999999),.UNSPECIFIED.);
#4357=B_SPLINE_CURVE_WITH_KNOTS('',1,(#7366,#7367),.UNSPECIFIED.,.F.,.F.,
(2,2),(-0.599999999999,0.),.UNSPECIFIED.);
#4358=B_SPLINE_CURVE_WITH_KNOTS('',1,(#7368,#7369),.UNSPECIFIED.,.F.,.F.,
(2,2),(-0.599999999999,0.),.UNSPECIFIED.);
#4359=B_SPLINE_CURVE_WITH_KNOTS('',1,(#7370,#7371),.UNSPECIFIED.,.F.,.F.,
(2,2),(0.,0.15),.UNSPECIFIED.);
#4360=B_SPLINE_CURVE_WITH_KNOTS('',1,(#7372,#7373),.UNSPECIFIED.,.F.,.F.,
(2,2),(0.,0.15),.UNSPECIFIED.);
#4361=B_SPLINE_CURVE_WITH_KNOTS('',1,(#7374,#7375),.UNSPECIFIED.,.F.,.F.,
(2,2),(0.,0.599999999999),.UNSPECIFIED.);
#4362=B_SPLINE_CURVE_WITH_KNOTS('',1,(#7376,#7377),.UNSPECIFIED.,.F.,.F.,
(2,2),(0.,0.599999999999),.UNSPECIFIED.);
#4363=B_SPLINE_CURVE_WITH_KNOTS('',1,(#7378,#7379),.UNSPECIFIED.,.F.,.F.,
(2,2),(0.,0.15),.UNSPECIFIED.);
#4364=B_SPLINE_CURVE_WITH_KNOTS('',1,(#7380,#7381),.UNSPECIFIED.,.F.,.F.,
(2,2),(-0.599999999999,0.),.UNSPECIFIED.);
#4365=B_SPLINE_CURVE_WITH_KNOTS('',1,(#7382,#7383),.UNSPECIFIED.,.F.,.F.,
(2,2),(-0.599999999999,0.),.UNSPECIFIED.);
#4366=B_SPLINE_CURVE_WITH_KNOTS('',1,(#7384,#7385),.UNSPECIFIED.,.F.,.F.,
(2,2),(0.,0.149999999999),.UNSPECIFIED.);
#4367=B_SPLINE_CURVE_WITH_KNOTS('',1,(#7386,#7387),.UNSPECIFIED.,.F.,.F.,
(2,2),(-0.6,0.),.UNSPECIFIED.);
#4368=B_SPLINE_CURVE_WITH_KNOTS('',1,(#7388,#7389),.UNSPECIFIED.,.F.,.F.,
(2,2),(-0.6,0.),.UNSPECIFIED.);
#4369=B_SPLINE_CURVE_WITH_KNOTS('',1,(#7390,#7391),.UNSPECIFIED.,.F.,.F.,
(2,2),(0.,0.149999999999),.UNSPECIFIED.);
#4370=B_SPLINE_CURVE_WITH_KNOTS('',1,(#7392,#7393),.UNSPECIFIED.,.F.,.F.,
(2,2),(0.,0.149999999999),.UNSPECIFIED.);
#4371=B_SPLINE_CURVE_WITH_KNOTS('',1,(#7394,#7395),.UNSPECIFIED.,.F.,.F.,
(2,2),(-0.6,0.),.UNSPECIFIED.);
#4372=B_SPLINE_CURVE_WITH_KNOTS('',1,(#7396,#7397),.UNSPECIFIED.,.F.,.F.,
(2,2),(-0.6,0.),.UNSPECIFIED.);
#4373=B_SPLINE_CURVE_WITH_KNOTS('',1,(#7398,#7399),.UNSPECIFIED.,.F.,.F.,
(2,2),(0.,0.15),.UNSPECIFIED.);
#4374=B_SPLINE_CURVE_WITH_KNOTS('',1,(#7400,#7401),.UNSPECIFIED.,.F.,.F.,
(2,2),(0.,0.15),.UNSPECIFIED.);
#4375=B_SPLINE_CURVE_WITH_KNOTS('',1,(#7402,#7403),.UNSPECIFIED.,.F.,.F.,
(2,2),(0.,0.6),.UNSPECIFIED.);
#4376=B_SPLINE_CURVE_WITH_KNOTS('',1,(#7404,#7405),.UNSPECIFIED.,.F.,.F.,
(2,2),(0.,0.6),.UNSPECIFIED.);
#4377=B_SPLINE_CURVE_WITH_KNOTS('',1,(#7406,#7407),.UNSPECIFIED.,.F.,.F.,
(2,2),(0.,0.15),.UNSPECIFIED.);
#4378=B_SPLINE_CURVE_WITH_KNOTS('',1,(#7408,#7409),.UNSPECIFIED.,.F.,.F.,
(2,2),(-0.6,0.),.UNSPECIFIED.);
#4379=B_SPLINE_CURVE_WITH_KNOTS('',1,(#7410,#7411),.UNSPECIFIED.,.F.,.F.,
(2,2),(-0.6,0.),.UNSPECIFIED.);
#4380=B_SPLINE_CURVE_WITH_KNOTS('',1,(#7412,#7413),.UNSPECIFIED.,.F.,.F.,
(2,2),(0.,0.149999999999),.UNSPECIFIED.);
#4381=B_SPLINE_CURVE_WITH_KNOTS('',1,(#7414,#7415),.UNSPECIFIED.,.F.,.F.,
(2,2),(-0.6,0.),.UNSPECIFIED.);
#4382=B_SPLINE_CURVE_WITH_KNOTS('',1,(#7416,#7417),.UNSPECIFIED.,.F.,.F.,
(2,2),(-0.6,0.),.UNSPECIFIED.);
#4383=B_SPLINE_CURVE_WITH_KNOTS('',1,(#7418,#7419),.UNSPECIFIED.,.F.,.F.,
(2,2),(0.,0.5),.UNSPECIFIED.);
#4384=B_SPLINE_CURVE_WITH_KNOTS('',1,(#7420,#7421),.UNSPECIFIED.,.F.,.F.,
(2,2),(0.,0.5),.UNSPECIFIED.);
#4385=B_SPLINE_CURVE_WITH_KNOTS('',1,(#7422,#7423),.UNSPECIFIED.,.F.,.F.,
(2,2),(0.,0.6),.UNSPECIFIED.);
#4386=B_SPLINE_CURVE_WITH_KNOTS('',1,(#7424,#7425),.UNSPECIFIED.,.F.,.F.,
(2,2),(0.,0.6),.UNSPECIFIED.);
#4387=B_SPLINE_CURVE_WITH_KNOTS('',1,(#7426,#7427),.UNSPECIFIED.,.F.,.F.,
(2,2),(0.,0.15),.UNSPECIFIED.);
#4388=B_SPLINE_CURVE_WITH_KNOTS('',1,(#7428,#7429),.UNSPECIFIED.,.F.,.F.,
(2,2),(-0.590000000001,0.),.UNSPECIFIED.);
#4389=B_SPLINE_CURVE_WITH_KNOTS('',1,(#7430,#7431),.UNSPECIFIED.,.F.,.F.,
(2,2),(-0.590000000001,0.),.UNSPECIFIED.);
#4390=B_SPLINE_CURVE_WITH_KNOTS('',1,(#7432,#7433),.UNSPECIFIED.,.F.,.F.,
(2,2),(-0.200000000001,0.),.UNSPECIFIED.);
#4391=B_SPLINE_CURVE_WITH_KNOTS('',1,(#7434,#7435),.UNSPECIFIED.,.F.,.F.,
(2,2),(-0.200000000001,0.),.UNSPECIFIED.);
#4392=B_SPLINE_CURVE_WITH_KNOTS('',1,(#7436,#7437),.UNSPECIFIED.,.F.,.F.,
(2,2),(-0.590000000001,0.),.UNSPECIFIED.);
#4393=B_SPLINE_CURVE_WITH_KNOTS('',1,(#7438,#7439),.UNSPECIFIED.,.F.,.F.,
(2,2),(-0.590000000001,0.),.UNSPECIFIED.);
#4394=B_SPLINE_CURVE_WITH_KNOTS('',1,(#7440,#7441),.UNSPECIFIED.,.F.,.F.,
(2,2),(-0.5,0.),.UNSPECIFIED.);
#4395=B_SPLINE_CURVE_WITH_KNOTS('',1,(#7442,#7443),.UNSPECIFIED.,.F.,.F.,
(2,2),(-0.5,0.),.UNSPECIFIED.);
#4396=B_SPLINE_CURVE_WITH_KNOTS('',1,(#7444,#7445),.UNSPECIFIED.,.F.,.F.,
(2,2),(-2.299999999999,0.),.UNSPECIFIED.);
#4397=B_SPLINE_CURVE_WITH_KNOTS('',1,(#7446,#7447),.UNSPECIFIED.,.F.,.F.,
(2,2),(-2.299999999999,0.),.UNSPECIFIED.);
#4398=B_SPLINE_CURVE_WITH_KNOTS('',1,(#7448,#7449),.UNSPECIFIED.,.F.,.F.,
(2,2),(-1.3,0.),.UNSPECIFIED.);
#4399=B_SPLINE_CURVE_WITH_KNOTS('',1,(#7450,#7451),.UNSPECIFIED.,.F.,.F.,
(2,2),(-1.699999999999,0.),.UNSPECIFIED.);
#4400=B_SPLINE_CURVE_WITH_KNOTS('',1,(#7452,#7453),.UNSPECIFIED.,.F.,.F.,
(2,2),(-1.699999999999,0.),.UNSPECIFIED.);
#4401=B_SPLINE_CURVE_WITH_KNOTS('',1,(#7454,#7455),.UNSPECIFIED.,.F.,.F.,
(2,2),(-0.800000000001,0.),.UNSPECIFIED.);
#4402=B_SPLINE_CURVE_WITH_KNOTS('',1,(#7456,#7457),.UNSPECIFIED.,.F.,.F.,
(2,2),(-0.800000000001,0.),.UNSPECIFIED.);
#4403=B_SPLINE_CURVE_WITH_KNOTS('',1,(#7458,#7459),.UNSPECIFIED.,.F.,.F.,
(2,2),(-0.6,0.),.UNSPECIFIED.);
#4404=B_SPLINE_CURVE_WITH_KNOTS('',1,(#7460,#7461),.UNSPECIFIED.,.F.,.F.,
(2,2),(-0.6,0.),.UNSPECIFIED.);
#4405=B_SPLINE_CURVE_WITH_KNOTS('',1,(#7462,#7463),.UNSPECIFIED.,.F.,.F.,
(2,2),(-0.6,0.),.UNSPECIFIED.);
#4406=B_SPLINE_CURVE_WITH_KNOTS('',1,(#7464,#7465),.UNSPECIFIED.,.F.,.F.,
(2,2),(-0.6,0.),.UNSPECIFIED.);
#4407=B_SPLINE_CURVE_WITH_KNOTS('',1,(#7466,#7467),.UNSPECIFIED.,.F.,.F.,
(2,2),(-0.6,0.),.UNSPECIFIED.);
#4408=B_SPLINE_CURVE_WITH_KNOTS('',1,(#7468,#7469),.UNSPECIFIED.,.F.,.F.,
(2,2),(-0.6,0.),.UNSPECIFIED.);
#4409=B_SPLINE_CURVE_WITH_KNOTS('',1,(#7470,#7471),.UNSPECIFIED.,.F.,.F.,
(2,2),(-0.6,0.),.UNSPECIFIED.);
#4410=B_SPLINE_CURVE_WITH_KNOTS('',1,(#7472,#7473),.UNSPECIFIED.,.F.,.F.,
(2,2),(-0.6,0.),.UNSPECIFIED.);
#4411=B_SPLINE_CURVE_WITH_KNOTS('',1,(#7474,#7475),.UNSPECIFIED.,.F.,.F.,
(2,2),(-0.6,0.),.UNSPECIFIED.);
#4412=B_SPLINE_CURVE_WITH_KNOTS('',1,(#7476,#7477),.UNSPECIFIED.,.F.,.F.,
(2,2),(-0.6,0.),.UNSPECIFIED.);
#4413=B_SPLINE_CURVE_WITH_KNOTS('',1,(#7478,#7479),.UNSPECIFIED.,.F.,.F.,
(2,2),(-1.699999999999,0.),.UNSPECIFIED.);
#4414=B_SPLINE_CURVE_WITH_KNOTS('',1,(#7480,#7481),.UNSPECIFIED.,.F.,.F.,
(2,2),(-3.05,0.),.UNSPECIFIED.);
#4415=B_SPLINE_CURVE_WITH_KNOTS('',1,(#7482,#7483),.UNSPECIFIED.,.F.,.F.,
(2,2),(0.,0.599999999999),.UNSPECIFIED.);
#4416=B_SPLINE_CURVE_WITH_KNOTS('',1,(#7484,#7485),.UNSPECIFIED.,.F.,.F.,
(2,2),(0.,0.6),.UNSPECIFIED.);
#4417=B_SPLINE_CURVE_WITH_KNOTS('',1,(#7486,#7487),.UNSPECIFIED.,.F.,.F.,
(2,2),(0.,0.6),.UNSPECIFIED.);
#4418=B_SPLINE_CURVE_WITH_KNOTS('',1,(#7488,#7489),.UNSPECIFIED.,.F.,.F.,
(2,2),(-0.6,0.),.UNSPECIFIED.);
#4419=B_SPLINE_CURVE_WITH_KNOTS('',1,(#7490,#7491),.UNSPECIFIED.,.F.,.F.,
(2,2),(-0.6,0.),.UNSPECIFIED.);
#4420=B_SPLINE_CURVE_WITH_KNOTS('',1,(#7492,#7493),.UNSPECIFIED.,.F.,.F.,
(2,2),(0.,1.7),.UNSPECIFIED.);
#4421=B_SPLINE_CURVE_WITH_KNOTS('',1,(#7494,#7495),.UNSPECIFIED.,.F.,.F.,
(2,2),(0.,3.05),.UNSPECIFIED.);
#4422=B_SPLINE_CURVE_WITH_KNOTS('',1,(#7496,#7497),.UNSPECIFIED.,.F.,.F.,
(2,2),(0.,1.249999999999),.UNSPECIFIED.);
#4423=B_SPLINE_CURVE_WITH_KNOTS('',1,(#7498,#7499),.UNSPECIFIED.,.F.,.F.,
(2,2),(0.,1.249999999999),.UNSPECIFIED.);
#4424=B_SPLINE_CURVE_WITH_KNOTS('',1,(#7500,#7501),.UNSPECIFIED.,.F.,.F.,
(2,2),(-2.58787838708,0.),.UNSPECIFIED.);
#4425=B_SPLINE_CURVE_WITH_KNOTS('',1,(#7502,#7503),.UNSPECIFIED.,.F.,.F.,
(2,2),(-2.58787838708,0.),.UNSPECIFIED.);
#4426=B_SPLINE_CURVE_WITH_KNOTS('',1,(#7504,#7505),.UNSPECIFIED.,.F.,.F.,
(2,2),(4.399999999999,5.649999999998),.UNSPECIFIED.);
#4427=B_SPLINE_CURVE_WITH_KNOTS('',1,(#7506,#7507),.UNSPECIFIED.,.F.,.F.,
(2,2),(0.,2.58787838708),.UNSPECIFIED.);
#4428=B_SPLINE_CURVE_WITH_KNOTS('',1,(#7508,#7509),.UNSPECIFIED.,.F.,.F.,
(2,2),(0.,2.58787838708),.UNSPECIFIED.);
#4429=B_SPLINE_CURVE_WITH_KNOTS('',1,(#7510,#7511),.UNSPECIFIED.,.F.,.F.,
(2,2),(0.,4.399999999999),.UNSPECIFIED.);
#4430=B_SPLINE_CURVE_WITH_KNOTS('',1,(#7512,#7513),.UNSPECIFIED.,.F.,.F.,
(2,2),(0.,4.399999999999),.UNSPECIFIED.);
#4431=B_SPLINE_CURVE_WITH_KNOTS('',1,(#7514,#7515),.UNSPECIFIED.,.F.,.F.,
(2,2),(0.,2.58787838708),.UNSPECIFIED.);
#4432=B_SPLINE_CURVE_WITH_KNOTS('',1,(#7516,#7517),.UNSPECIFIED.,.F.,.F.,
(2,2),(0.,4.399999999999),.UNSPECIFIED.);
#4433=B_SPLINE_CURVE_WITH_KNOTS('',1,(#7518,#7519),.UNSPECIFIED.,.F.,.F.,
(2,2),(0.,2.58787838708),.UNSPECIFIED.);
#4434=B_SPLINE_CURVE_WITH_KNOTS('',1,(#7520,#7521),.UNSPECIFIED.,.F.,.F.,
(2,2),(0.,2.58787838708),.UNSPECIFIED.);
#4435=B_SPLINE_CURVE_WITH_KNOTS('',1,(#7522,#7523),.UNSPECIFIED.,.F.,.F.,
(2,2),(0.,1.249999999999),.UNSPECIFIED.);
#4436=B_SPLINE_CURVE_WITH_KNOTS('',1,(#7524,#7525),.UNSPECIFIED.,.F.,.F.,
(2,2),(0.,1.249999999999),.UNSPECIFIED.);
#4437=B_SPLINE_CURVE_WITH_KNOTS('',1,(#7526,#7527),.UNSPECIFIED.,.F.,.F.,
(2,2),(0.,2.58787838708),.UNSPECIFIED.);
#4438=B_SPLINE_CURVE_WITH_KNOTS('',1,(#7528,#7529),.UNSPECIFIED.,.F.,.F.,
(2,2),(10.049999999997,11.299999999996),.UNSPECIFIED.);
#4439=B_SPLINE_CURVE_WITH_KNOTS('',1,(#7530,#7531),.UNSPECIFIED.,.F.,.F.,
(2,2),(0.,2.58787838708),.UNSPECIFIED.);
#4440=B_SPLINE_CURVE_WITH_KNOTS('',1,(#7532,#7533),.UNSPECIFIED.,.F.,.F.,
(2,2),(0.,2.58787838708),.UNSPECIFIED.);
#4441=B_SPLINE_CURVE_WITH_KNOTS('',1,(#7534,#7535),.UNSPECIFIED.,.F.,.F.,
(2,2),(0.,0.400000000001),.UNSPECIFIED.);
#4442=B_SPLINE_CURVE_WITH_KNOTS('',1,(#7536,#7537),.UNSPECIFIED.,.F.,.F.,
(2,2),(0.,0.400000000001),.UNSPECIFIED.);
#4443=B_SPLINE_CURVE_WITH_KNOTS('',1,(#7538,#7539),.UNSPECIFIED.,.F.,.F.,
(2,2),(0.,2.58787838708),.UNSPECIFIED.);
#4444=B_SPLINE_CURVE_WITH_KNOTS('',1,(#7540,#7541),.UNSPECIFIED.,.F.,.F.,
(2,2),(0.,0.400000000001),.UNSPECIFIED.);
#4445=B_SPLINE_CURVE_WITH_KNOTS('',1,(#7542,#7543),.UNSPECIFIED.,.F.,.F.,
(2,2),(0.,2.58787838708),.UNSPECIFIED.);
#4446=B_SPLINE_CURVE_WITH_KNOTS('',1,(#7544,#7545),.UNSPECIFIED.,.F.,.F.,
(2,2),(0.,2.58787838708),.UNSPECIFIED.);
#4447=B_SPLINE_CURVE_WITH_KNOTS('',1,(#7546,#7547),.UNSPECIFIED.,.F.,.F.,
(2,2),(0.,0.4),.UNSPECIFIED.);
#4448=B_SPLINE_CURVE_WITH_KNOTS('',1,(#7548,#7549),.UNSPECIFIED.,.F.,.F.,
(2,2),(0.,0.4),.UNSPECIFIED.);
#4449=B_SPLINE_CURVE_WITH_KNOTS('',1,(#7550,#7551),.UNSPECIFIED.,.F.,.F.,
(2,2),(0.,2.58787838708),.UNSPECIFIED.);
#4450=B_SPLINE_CURVE_WITH_KNOTS('',1,(#7552,#7553),.UNSPECIFIED.,.F.,.F.,
(2,2),(0.,0.4),.UNSPECIFIED.);
#4451=B_SPLINE_CURVE_WITH_KNOTS('',1,(#7554,#7555),.UNSPECIFIED.,.F.,.F.,
(2,2),(0.,2.58787838708),.UNSPECIFIED.);
#4452=B_SPLINE_CURVE_WITH_KNOTS('',1,(#7556,#7557),.UNSPECIFIED.,.F.,.F.,
(2,2),(0.,2.58787838708),.UNSPECIFIED.);
#4453=B_SPLINE_CURVE_WITH_KNOTS('',1,(#7558,#7559),.UNSPECIFIED.,.F.,.F.,
(2,2),(0.,0.2),.UNSPECIFIED.);
#4454=B_SPLINE_CURVE_WITH_KNOTS('',1,(#7560,#7561),.UNSPECIFIED.,.F.,.F.,
(2,2),(0.,0.2),.UNSPECIFIED.);
#4455=B_SPLINE_CURVE_WITH_KNOTS('',1,(#7562,#7563),.UNSPECIFIED.,.F.,.F.,
(2,2),(0.,2.58787838708),.UNSPECIFIED.);
#4456=B_SPLINE_CURVE_WITH_KNOTS('',1,(#7564,#7565),.UNSPECIFIED.,.F.,.F.,
(2,2),(0.,0.2),.UNSPECIFIED.);
#4457=B_SPLINE_CURVE_WITH_KNOTS('',1,(#7566,#7567),.UNSPECIFIED.,.F.,.F.,
(2,2),(0.,2.58787838708),.UNSPECIFIED.);
#4458=B_SPLINE_CURVE_WITH_KNOTS('',1,(#7568,#7569),.UNSPECIFIED.,.F.,.F.,
(2,2),(0.,2.58787838708),.UNSPECIFIED.);
#4459=B_SPLINE_CURVE_WITH_KNOTS('',1,(#7570,#7571),.UNSPECIFIED.,.F.,.F.,
(2,2),(0.,0.55),.UNSPECIFIED.);
#4460=B_SPLINE_CURVE_WITH_KNOTS('',1,(#7572,#7573),.UNSPECIFIED.,.F.,.F.,
(2,2),(0.,0.55),.UNSPECIFIED.);
#4461=B_SPLINE_CURVE_WITH_KNOTS('',1,(#7574,#7575),.UNSPECIFIED.,.F.,.F.,
(2,2),(0.,2.58787838708),.UNSPECIFIED.);
#4462=B_SPLINE_CURVE_WITH_KNOTS('',1,(#7576,#7577),.UNSPECIFIED.,.F.,.F.,
(2,2),(0.,0.55),.UNSPECIFIED.);
#4463=B_SPLINE_CURVE_WITH_KNOTS('',1,(#7578,#7579),.UNSPECIFIED.,.F.,.F.,
(2,2),(0.,2.58787838708),.UNSPECIFIED.);
#4464=B_SPLINE_CURVE_WITH_KNOTS('',1,(#7580,#7581),.UNSPECIFIED.,.F.,.F.,
(2,2),(0.,2.58787838708),.UNSPECIFIED.);
#4465=B_SPLINE_CURVE_WITH_KNOTS('',1,(#7582,#7583),.UNSPECIFIED.,.F.,.F.,
(2,2),(0.,4.8),.UNSPECIFIED.);
#4466=B_SPLINE_CURVE_WITH_KNOTS('',1,(#7584,#7585),.UNSPECIFIED.,.F.,.F.,
(2,2),(0.,4.8),.UNSPECIFIED.);
#4467=B_SPLINE_CURVE_WITH_KNOTS('',1,(#7586,#7587),.UNSPECIFIED.,.F.,.F.,
(2,2),(0.,2.58787838708),.UNSPECIFIED.);
#4468=B_SPLINE_CURVE_WITH_KNOTS('',1,(#7588,#7589),.UNSPECIFIED.,.F.,.F.,
(2,2),(0.,4.8),.UNSPECIFIED.);
#4469=B_SPLINE_CURVE_WITH_KNOTS('',1,(#7590,#7591),.UNSPECIFIED.,.F.,.F.,
(2,2),(0.,2.58787838708),.UNSPECIFIED.);
#4470=B_SPLINE_CURVE_WITH_KNOTS('',1,(#7592,#7593),.UNSPECIFIED.,.F.,.F.,
(2,2),(0.,2.58787838708),.UNSPECIFIED.);
#4471=B_SPLINE_CURVE_WITH_KNOTS('',1,(#7594,#7595),.UNSPECIFIED.,.F.,.F.,
(2,2),(0.,0.55),.UNSPECIFIED.);
#4472=B_SPLINE_CURVE_WITH_KNOTS('',1,(#7596,#7597),.UNSPECIFIED.,.F.,.F.,
(2,2),(0.,0.55),.UNSPECIFIED.);
#4473=B_SPLINE_CURVE_WITH_KNOTS('',1,(#7598,#7599),.UNSPECIFIED.,.F.,.F.,
(2,2),(0.,2.58787838708),.UNSPECIFIED.);
#4474=B_SPLINE_CURVE_WITH_KNOTS('',1,(#7600,#7601),.UNSPECIFIED.,.F.,.F.,
(2,2),(0.,0.55),.UNSPECIFIED.);
#4475=B_SPLINE_CURVE_WITH_KNOTS('',1,(#7602,#7603),.UNSPECIFIED.,.F.,.F.,
(2,2),(0.,2.58787838708),.UNSPECIFIED.);
#4476=B_SPLINE_CURVE_WITH_KNOTS('',1,(#7604,#7605),.UNSPECIFIED.,.F.,.F.,
(2,2),(0.,2.58787838708),.UNSPECIFIED.);
#4477=B_SPLINE_CURVE_WITH_KNOTS('',1,(#7606,#7607),.UNSPECIFIED.,.F.,.F.,
(2,2),(0.,0.2),.UNSPECIFIED.);
#4478=B_SPLINE_CURVE_WITH_KNOTS('',1,(#7608,#7609),.UNSPECIFIED.,.F.,.F.,
(2,2),(0.,0.2),.UNSPECIFIED.);
#4479=B_SPLINE_CURVE_WITH_KNOTS('',1,(#7610,#7611),.UNSPECIFIED.,.F.,.F.,
(2,2),(0.,2.58787838708),.UNSPECIFIED.);
#4480=B_SPLINE_CURVE_WITH_KNOTS('',1,(#7612,#7613),.UNSPECIFIED.,.F.,.F.,
(2,2),(0.,0.2),.UNSPECIFIED.);
#4481=B_SPLINE_CURVE_WITH_KNOTS('',1,(#7614,#7615),.UNSPECIFIED.,.F.,.F.,
(2,2),(0.,2.58787838708),.UNSPECIFIED.);
#4482=B_SPLINE_CURVE_WITH_KNOTS('',1,(#7616,#7617),.UNSPECIFIED.,.F.,.F.,
(2,2),(0.,2.58787838708),.UNSPECIFIED.);
#4483=B_SPLINE_CURVE_WITH_KNOTS('',1,(#7618,#7619),.UNSPECIFIED.,.F.,.F.,
(2,2),(0.,0.4),.UNSPECIFIED.);
#4484=B_SPLINE_CURVE_WITH_KNOTS('',1,(#7620,#7621),.UNSPECIFIED.,.F.,.F.,
(2,2),(0.,0.4),.UNSPECIFIED.);
#4485=B_SPLINE_CURVE_WITH_KNOTS('',1,(#7622,#7623),.UNSPECIFIED.,.F.,.F.,
(2,2),(0.,2.58787838708),.UNSPECIFIED.);
#4486=B_SPLINE_CURVE_WITH_KNOTS('',1,(#7624,#7625),.UNSPECIFIED.,.F.,.F.,
(2,2),(0.,0.4),.UNSPECIFIED.);
#4487=B_SPLINE_CURVE_WITH_KNOTS('',1,(#7626,#7627),.UNSPECIFIED.,.F.,.F.,
(2,2),(0.,2.58787838708),.UNSPECIFIED.);
#4488=B_SPLINE_CURVE_WITH_KNOTS('',1,(#7628,#7629),.UNSPECIFIED.,.F.,.F.,
(2,2),(0.,2.58787838708),.UNSPECIFIED.);
#4489=B_SPLINE_CURVE_WITH_KNOTS('',1,(#7630,#7631),.UNSPECIFIED.,.F.,.F.,
(2,2),(0.,0.399999999999999),.UNSPECIFIED.);
#4490=B_SPLINE_CURVE_WITH_KNOTS('',1,(#7632,#7633),.UNSPECIFIED.,.F.,.F.,
(2,2),(0.,0.399999999999999),.UNSPECIFIED.);
#4491=B_SPLINE_CURVE_WITH_KNOTS('',1,(#7634,#7635),.UNSPECIFIED.,.F.,.F.,
(2,2),(0.,2.58787838708),.UNSPECIFIED.);
#4492=B_SPLINE_CURVE_WITH_KNOTS('',1,(#7636,#7637),.UNSPECIFIED.,.F.,.F.,
(2,2),(0.,0.399999999999999),.UNSPECIFIED.);
#4493=B_SPLINE_CURVE_WITH_KNOTS('',1,(#7638,#7639),.UNSPECIFIED.,.F.,.F.,
(2,2),(-2.58787838708,0.),.UNSPECIFIED.);
#4494=B_SPLINE_CURVE_WITH_KNOTS('',1,(#7640,#7641),.UNSPECIFIED.,.F.,.F.,
(2,2),(0.,1.249999999999),.UNSPECIFIED.);
#4495=B_SPLINE_CURVE_WITH_KNOTS('',1,(#7642,#7643),.UNSPECIFIED.,.F.,.F.,
(2,2),(-0.463512916578339,0.),.UNSPECIFIED.);
#4496=B_SPLINE_CURVE_WITH_KNOTS('',1,(#7644,#7645),.UNSPECIFIED.,.F.,.F.,
(2,2),(-0.463512916578339,0.),.UNSPECIFIED.);
#4497=B_SPLINE_CURVE_WITH_KNOTS('',1,(#7646,#7647),.UNSPECIFIED.,.F.,.F.,
(2,2),(0.,1.249999999999),.UNSPECIFIED.);
#4498=B_SPLINE_CURVE_WITH_KNOTS('',1,(#7648,#7649),.UNSPECIFIED.,.F.,.F.,
(2,2),(-0.463512916578339,0.),.UNSPECIFIED.);
#4499=B_SPLINE_CURVE_WITH_KNOTS('',1,(#7650,#7651),.UNSPECIFIED.,.F.,.F.,
(2,2),(-0.463512916578339,0.),.UNSPECIFIED.);
#4500=B_SPLINE_CURVE_WITH_KNOTS('',1,(#7652,#7653),.UNSPECIFIED.,.F.,.F.,
(2,2),(0.,0.4),.UNSPECIFIED.);
#4501=B_SPLINE_CURVE_WITH_KNOTS('',1,(#7654,#7655),.UNSPECIFIED.,.F.,.F.,
(2,2),(-0.463512916578339,0.),.UNSPECIFIED.);
#4502=B_SPLINE_CURVE_WITH_KNOTS('',1,(#7656,#7657),.UNSPECIFIED.,.F.,.F.,
(2,2),(-0.463512916578339,0.),.UNSPECIFIED.);
#4503=B_SPLINE_CURVE_WITH_KNOTS('',1,(#7658,#7659),.UNSPECIFIED.,.F.,.F.,
(2,2),(0.,0.399999999999999),.UNSPECIFIED.);
#4504=B_SPLINE_CURVE_WITH_KNOTS('',1,(#7660,#7661),.UNSPECIFIED.,.F.,.F.,
(2,2),(-0.463512916578339,0.),.UNSPECIFIED.);
#4505=B_SPLINE_CURVE_WITH_KNOTS('',1,(#7662,#7663),.UNSPECIFIED.,.F.,.F.,
(2,2),(0.,4.399999999999),.UNSPECIFIED.);
#4506=B_SPLINE_CURVE_WITH_KNOTS('',1,(#7664,#7665),.UNSPECIFIED.,.F.,.F.,
(2,2),(-0.463512916578339,0.),.UNSPECIFIED.);
#4507=B_SPLINE_CURVE_WITH_KNOTS('',1,(#7666,#7667),.UNSPECIFIED.,.F.,.F.,
(2,2),(-0.463512916578339,0.),.UNSPECIFIED.);
#4508=B_SPLINE_CURVE_WITH_KNOTS('',1,(#7668,#7669),.UNSPECIFIED.,.F.,.F.,
(2,2),(0.,4.699999999999),.UNSPECIFIED.);
#4509=B_SPLINE_CURVE_WITH_KNOTS('',1,(#7670,#7671),.UNSPECIFIED.,.F.,.F.,
(2,2),(-0.463512916578339,0.),.UNSPECIFIED.);
#4510=B_SPLINE_CURVE_WITH_KNOTS('',1,(#7672,#7673),.UNSPECIFIED.,.F.,.F.,
(2,2),(0.,0.7),.UNSPECIFIED.);
#4511=B_SPLINE_CURVE_WITH_KNOTS('',1,(#7674,#7675),.UNSPECIFIED.,.F.,.F.,
(2,2),(-0.463512916578339,0.),.UNSPECIFIED.);
#4512=B_SPLINE_CURVE_WITH_KNOTS('',1,(#7676,#7677),.UNSPECIFIED.,.F.,.F.,
(2,2),(-0.463512916578339,0.),.UNSPECIFIED.);
#4513=B_SPLINE_CURVE_WITH_KNOTS('',1,(#7678,#7679),.UNSPECIFIED.,.F.,.F.,
(2,2),(0.,0.4),.UNSPECIFIED.);
#4514=B_SPLINE_CURVE_WITH_KNOTS('',1,(#7680,#7681),.UNSPECIFIED.,.F.,.F.,
(2,2),(-0.463512916578339,0.),.UNSPECIFIED.);
#4515=B_SPLINE_CURVE_WITH_KNOTS('',1,(#7682,#7683),.UNSPECIFIED.,.F.,.F.,
(2,2),(0.,1.249999999999),.UNSPECIFIED.);
#4516=B_SPLINE_CURVE_WITH_KNOTS('',1,(#7684,#7685),.UNSPECIFIED.,.F.,.F.,
(2,2),(-0.463512916578339,0.),.UNSPECIFIED.);
#4517=B_SPLINE_CURVE_WITH_KNOTS('',1,(#7686,#7687),.UNSPECIFIED.,.F.,.F.,
(2,2),(-0.463512916578339,0.),.UNSPECIFIED.);
#4518=B_SPLINE_CURVE_WITH_KNOTS('',1,(#7688,#7689),.UNSPECIFIED.,.F.,.F.,
(2,2),(0.,1.249999999999),.UNSPECIFIED.);
#4519=B_SPLINE_CURVE_WITH_KNOTS('',1,(#7690,#7691),.UNSPECIFIED.,.F.,.F.,
(2,2),(-0.463512916578339,0.),.UNSPECIFIED.);
#4520=B_SPLINE_CURVE_WITH_KNOTS('',1,(#7692,#7693),.UNSPECIFIED.,.F.,.F.,
(2,2),(0.,0.2),.UNSPECIFIED.);
#4521=B_SPLINE_CURVE_WITH_KNOTS('',1,(#7694,#7695),.UNSPECIFIED.,.F.,.F.,
(2,2),(-0.463512916578339,0.),.UNSPECIFIED.);
#4522=B_SPLINE_CURVE_WITH_KNOTS('',1,(#7696,#7697),.UNSPECIFIED.,.F.,.F.,
(2,2),(-0.463512916578339,0.),.UNSPECIFIED.);
#4523=B_SPLINE_CURVE_WITH_KNOTS('',1,(#7698,#7699),.UNSPECIFIED.,.F.,.F.,
(2,2),(0.,0.2),.UNSPECIFIED.);
#4524=B_SPLINE_CURVE_WITH_KNOTS('',1,(#7700,#7701),.UNSPECIFIED.,.F.,.F.,
(2,2),(-0.463512916578339,0.),.UNSPECIFIED.);
#4525=B_SPLINE_CURVE_WITH_KNOTS('',1,(#7702,#7703),.UNSPECIFIED.,.F.,.F.,
(2,2),(0.,0.400000000001),.UNSPECIFIED.);
#4526=B_SPLINE_CURVE_WITH_KNOTS('',1,(#7704,#7705),.UNSPECIFIED.,.F.,.F.,
(2,2),(-0.463512916578339,0.),.UNSPECIFIED.);
#4527=B_SPLINE_CURVE_WITH_KNOTS('',1,(#7706,#7707),.UNSPECIFIED.,.F.,.F.,
(2,2),(-0.463512916578339,0.),.UNSPECIFIED.);
#4528=B_SPLINE_CURVE_WITH_KNOTS('',1,(#7708,#7709),.UNSPECIFIED.,.F.,.F.,
(2,2),(0.,0.400000000001),.UNSPECIFIED.);
#4529=B_SPLINE_CURVE_WITH_KNOTS('',1,(#7710,#7711),.UNSPECIFIED.,.F.,.F.,
(2,2),(-0.463512916578339,0.),.UNSPECIFIED.);
#4530=B_SPLINE_CURVE_WITH_KNOTS('',1,(#7712,#7713),.UNSPECIFIED.,.F.,.F.,
(2,2),(0.,0.55),.UNSPECIFIED.);
#4531=B_SPLINE_CURVE_WITH_KNOTS('',1,(#7714,#7715),.UNSPECIFIED.,.F.,.F.,
(2,2),(-0.463512916578339,0.),.UNSPECIFIED.);
#4532=B_SPLINE_CURVE_WITH_KNOTS('',1,(#7716,#7717),.UNSPECIFIED.,.F.,.F.,
(2,2),(-0.463512916578339,0.),.UNSPECIFIED.);
#4533=B_SPLINE_CURVE_WITH_KNOTS('',1,(#7718,#7719),.UNSPECIFIED.,.F.,.F.,
(2,2),(0.,0.55),.UNSPECIFIED.);
#4534=B_SPLINE_CURVE_WITH_KNOTS('',1,(#7720,#7721),.UNSPECIFIED.,.F.,.F.,
(2,2),(-0.463512916578339,0.),.UNSPECIFIED.);
#4535=B_SPLINE_CURVE_WITH_KNOTS('',1,(#7722,#7723),.UNSPECIFIED.,.F.,.F.,
(2,2),(0.,0.4),.UNSPECIFIED.);
#4536=B_SPLINE_CURVE_WITH_KNOTS('',1,(#7724,#7725),.UNSPECIFIED.,.F.,.F.,
(2,2),(-0.463512916578339,0.),.UNSPECIFIED.);
#4537=B_SPLINE_CURVE_WITH_KNOTS('',1,(#7726,#7727),.UNSPECIFIED.,.F.,.F.,
(2,2),(-0.463512916578339,0.),.UNSPECIFIED.);
#4538=B_SPLINE_CURVE_WITH_KNOTS('',1,(#7728,#7729),.UNSPECIFIED.,.F.,.F.,
(2,2),(0.,0.7),.UNSPECIFIED.);
#4539=B_SPLINE_CURVE_WITH_KNOTS('',1,(#7730,#7731),.UNSPECIFIED.,.F.,.F.,
(2,2),(-0.463512916578339,0.),.UNSPECIFIED.);
#4540=B_SPLINE_CURVE_WITH_KNOTS('',1,(#7732,#7733),.UNSPECIFIED.,.F.,.F.,
(2,2),(0.,5.1),.UNSPECIFIED.);
#4541=B_SPLINE_CURVE_WITH_KNOTS('',1,(#7734,#7735),.UNSPECIFIED.,.F.,.F.,
(2,2),(-0.463512916578339,0.),.UNSPECIFIED.);
#4542=B_SPLINE_CURVE_WITH_KNOTS('',1,(#7736,#7737),.UNSPECIFIED.,.F.,.F.,
(2,2),(-0.463512916578339,0.),.UNSPECIFIED.);
#4543=B_SPLINE_CURVE_WITH_KNOTS('',1,(#7738,#7739),.UNSPECIFIED.,.F.,.F.,
(2,2),(0.,4.8),.UNSPECIFIED.);
#4544=B_SPLINE_CURVE_WITH_KNOTS('',1,(#7740,#7741),.UNSPECIFIED.,.F.,.F.,
(2,2),(-0.463512916578339,0.),.UNSPECIFIED.);
#4545=B_SPLINE_CURVE_WITH_KNOTS('',1,(#7742,#7743),.UNSPECIFIED.,.F.,.F.,
(2,2),(0.,0.2),.UNSPECIFIED.);
#4546=B_SPLINE_CURVE_WITH_KNOTS('',1,(#7744,#7745),.UNSPECIFIED.,.F.,.F.,
(2,2),(-0.463512916578339,0.),.UNSPECIFIED.);
#4547=B_SPLINE_CURVE_WITH_KNOTS('',1,(#7746,#7747),.UNSPECIFIED.,.F.,.F.,
(2,2),(-0.463512916578339,0.),.UNSPECIFIED.);
#4548=B_SPLINE_CURVE_WITH_KNOTS('',1,(#7748,#7749),.UNSPECIFIED.,.F.,.F.,
(2,2),(0.,0.2),.UNSPECIFIED.);
#4549=B_SPLINE_CURVE_WITH_KNOTS('',1,(#7750,#7751),.UNSPECIFIED.,.F.,.F.,
(2,2),(-0.463512916578339,0.),.UNSPECIFIED.);
#4550=B_SPLINE_CURVE_WITH_KNOTS('',1,(#7752,#7753),.UNSPECIFIED.,.F.,.F.,
(2,2),(0.,0.55),.UNSPECIFIED.);
#4551=B_SPLINE_CURVE_WITH_KNOTS('',1,(#7754,#7755),.UNSPECIFIED.,.F.,.F.,
(2,2),(-0.463512916578339,0.),.UNSPECIFIED.);
#4552=B_SPLINE_CURVE_WITH_KNOTS('',1,(#7756,#7757),.UNSPECIFIED.,.F.,.F.,
(2,2),(0.,0.55),.UNSPECIFIED.);
#4553=B_SPLINE_CURVE_WITH_KNOTS('',1,(#7758,#7759),.UNSPECIFIED.,.F.,.F.,
(2,2),(-0.463512916578339,0.),.UNSPECIFIED.);
#4554=B_SPLINE_CURVE_WITH_KNOTS('',1,(#7760,#7761),.UNSPECIFIED.,.F.,.F.,
(2,2),(0.,0.5),.UNSPECIFIED.);
#4555=B_SPLINE_CURVE_WITH_KNOTS('',1,(#7762,#7763),.UNSPECIFIED.,.F.,.F.,
(2,2),(-0.6,0.),.UNSPECIFIED.);
#4556=B_SPLINE_CURVE_WITH_KNOTS('',1,(#7764,#7765),.UNSPECIFIED.,.F.,.F.,
(2,2),(-0.6,0.),.UNSPECIFIED.);
#4557=B_SPLINE_CURVE_WITH_KNOTS('',1,(#7766,#7767),.UNSPECIFIED.,.F.,.F.,
(2,2),(-0.5,0.),.UNSPECIFIED.);
#4558=B_SPLINE_CURVE_WITH_KNOTS('',1,(#7768,#7769),.UNSPECIFIED.,.F.,.F.,
(2,2),(-0.6,0.),.UNSPECIFIED.);
#4559=B_SPLINE_CURVE_WITH_KNOTS('',1,(#7770,#7771),.UNSPECIFIED.,.F.,.F.,
(2,2),(-1.199999999999,0.),.UNSPECIFIED.);
#4560=B_SPLINE_CURVE_WITH_KNOTS('',1,(#7772,#7773),.UNSPECIFIED.,.F.,.F.,
(2,2),(-0.6,0.),.UNSPECIFIED.);
#4561=B_SPLINE_CURVE_WITH_KNOTS('',1,(#7774,#7775),.UNSPECIFIED.,.F.,.F.,
(2,2),(-0.6,0.),.UNSPECIFIED.);
#4562=B_SPLINE_CURVE_WITH_KNOTS('',1,(#7776,#7777),.UNSPECIFIED.,.F.,.F.,
(2,2),(-0.6,0.),.UNSPECIFIED.);
#4563=B_SPLINE_CURVE_WITH_KNOTS('',1,(#7778,#7779),.UNSPECIFIED.,.F.,.F.,
(2,2),(-0.599999999999,0.),.UNSPECIFIED.);
#4564=B_SPLINE_CURVE_WITH_KNOTS('',1,(#7780,#7781),.UNSPECIFIED.,.F.,.F.,
(2,2),(-1.2,0.),.UNSPECIFIED.);
#4565=B_SPLINE_CURVE_WITH_KNOTS('',1,(#7782,#7783),.UNSPECIFIED.,.F.,.F.,
(2,2),(0.,0.800000000001),.UNSPECIFIED.);
#4566=B_SPLINE_CURVE_WITH_KNOTS('',1,(#7784,#7785),.UNSPECIFIED.,.F.,.F.,
(2,2),(0.,0.6),.UNSPECIFIED.);
#4567=B_SPLINE_CURVE_WITH_KNOTS('',1,(#7786,#7787),.UNSPECIFIED.,.F.,.F.,
(2,2),(0.,0.800000000001),.UNSPECIFIED.);
#4568=B_SPLINE_CURVE_WITH_KNOTS('',1,(#7788,#7789),.UNSPECIFIED.,.F.,.F.,
(2,2),(0.,0.800000000001),.UNSPECIFIED.);
#4569=B_SPLINE_CURVE_WITH_KNOTS('',1,(#7790,#7791),.UNSPECIFIED.,.F.,.F.,
(2,2),(-0.6,0.),.UNSPECIFIED.);
#4570=B_SPLINE_CURVE_WITH_KNOTS('',1,(#7792,#7793),.UNSPECIFIED.,.F.,.F.,
(2,2),(0.,0.800000000001),.UNSPECIFIED.);
#4571=B_SPLINE_CURVE_WITH_KNOTS('',1,(#7794,#7795),.UNSPECIFIED.,.F.,.F.,
(2,2),(0.,0.6),.UNSPECIFIED.);
#4572=B_SPLINE_CURVE_WITH_KNOTS('',1,(#7796,#7797),.UNSPECIFIED.,.F.,.F.,
(2,2),(0.,0.800000000001),.UNSPECIFIED.);
#4573=B_SPLINE_CURVE_WITH_KNOTS('',1,(#7798,#7799),.UNSPECIFIED.,.F.,.F.,
(2,2),(0.,0.800000000001),.UNSPECIFIED.);
#4574=B_SPLINE_CURVE_WITH_KNOTS('',1,(#7800,#7801),.UNSPECIFIED.,.F.,.F.,
(2,2),(-0.6,0.),.UNSPECIFIED.);
#4575=B_SPLINE_CURVE_WITH_KNOTS('',1,(#7802,#7803),.UNSPECIFIED.,.F.,.F.,
(2,2),(0.,0.800000000001),.UNSPECIFIED.);
#4576=B_SPLINE_CURVE_WITH_KNOTS('',1,(#7804,#7805),.UNSPECIFIED.,.F.,.F.,
(2,2),(-0.6,0.),.UNSPECIFIED.);
#4577=B_SPLINE_CURVE_WITH_KNOTS('',1,(#7806,#7807),.UNSPECIFIED.,.F.,.F.,
(2,2),(-0.6,0.),.UNSPECIFIED.);
#4578=B_SPLINE_CURVE_WITH_KNOTS('',1,(#7808,#7809),.UNSPECIFIED.,.F.,.F.,
(2,2),(0.,0.800000000001),.UNSPECIFIED.);
#4579=B_SPLINE_CURVE_WITH_KNOTS('',1,(#7810,#7811),.UNSPECIFIED.,.F.,.F.,
(2,2),(0.,0.800000000001),.UNSPECIFIED.);
#4580=B_SPLINE_CURVE_WITH_KNOTS('',1,(#7812,#7813),.UNSPECIFIED.,.F.,.F.,
(2,2),(-0.6,0.),.UNSPECIFIED.);
#4581=B_SPLINE_CURVE_WITH_KNOTS('',1,(#7814,#7815),.UNSPECIFIED.,.F.,.F.,
(2,2),(0.,0.800000000001),.UNSPECIFIED.);
#4582=B_SPLINE_CURVE_WITH_KNOTS('',1,(#7816,#7817),.UNSPECIFIED.,.F.,.F.,
(2,2),(-0.6,0.),.UNSPECIFIED.);
#4583=B_SPLINE_CURVE_WITH_KNOTS('',1,(#7818,#7819),.UNSPECIFIED.,.F.,.F.,
(2,2),(-0.6,0.),.UNSPECIFIED.);
#4584=B_SPLINE_CURVE_WITH_KNOTS('',1,(#7820,#7821),.UNSPECIFIED.,.F.,.F.,
(2,2),(-0.800000000001,0.),.UNSPECIFIED.);
#4585=B_SPLINE_CURVE_WITH_KNOTS('',1,(#7822,#7823),.UNSPECIFIED.,.F.,.F.,
(2,2),(-0.6,0.),.UNSPECIFIED.);
#4586=B_SPLINE_CURVE_WITH_KNOTS('',1,(#7824,#7825),.UNSPECIFIED.,.F.,.F.,
(2,2),(0.,0.6),.UNSPECIFIED.);
#4587=B_SPLINE_CURVE_WITH_KNOTS('',1,(#7826,#7827),.UNSPECIFIED.,.F.,.F.,
(2,2),(0.,0.6),.UNSPECIFIED.);
#4588=B_SPLINE_CURVE_WITH_KNOTS('',1,(#7828,#7829),.UNSPECIFIED.,.F.,.F.,
(2,2),(-0.6,0.),.UNSPECIFIED.);
#4589=B_SPLINE_CURVE_WITH_KNOTS('',1,(#7830,#7831),.UNSPECIFIED.,.F.,.F.,
(2,2),(-0.6,0.),.UNSPECIFIED.);
#4590=B_SPLINE_CURVE_WITH_KNOTS('',1,(#7832,#7833),.UNSPECIFIED.,.F.,.F.,
(2,2),(-0.6,0.),.UNSPECIFIED.);
#4591=B_SPLINE_CURVE_WITH_KNOTS('',1,(#7834,#7835),.UNSPECIFIED.,.F.,.F.,
(2,2),(-0.200000000001,0.),.UNSPECIFIED.);
#4592=B_SPLINE_CURVE_WITH_KNOTS('',1,(#7836,#7837),.UNSPECIFIED.,.F.,.F.,
(2,2),(-0.01,0.),.UNSPECIFIED.);
#4593=B_SPLINE_CURVE_WITH_KNOTS('',1,(#7838,#7839),.UNSPECIFIED.,.F.,.F.,
(2,2),(-0.01,0.),.UNSPECIFIED.);
#4594=B_SPLINE_CURVE_WITH_KNOTS('',1,(#7840,#7841),.UNSPECIFIED.,.F.,.F.,
(2,2),(-0.200000000001,0.),.UNSPECIFIED.);
#4595=B_SPLINE_CURVE_WITH_KNOTS('',1,(#7842,#7843),.UNSPECIFIED.,.F.,.F.,
(2,2),(-0.200000000001,0.),.UNSPECIFIED.);
#4596=B_SPLINE_CURVE_WITH_KNOTS('',1,(#7844,#7845),.UNSPECIFIED.,.F.,.F.,
(2,2),(-0.01,0.),.UNSPECIFIED.);
#4597=B_SPLINE_CURVE_WITH_KNOTS('',1,(#7846,#7847),.UNSPECIFIED.,.F.,.F.,
(2,2),(-0.01,0.),.UNSPECIFIED.);
#4598=B_SPLINE_CURVE_WITH_KNOTS('',1,(#7854,#7855),.UNSPECIFIED.,.F.,.F.,
(2,2),(0.,1.),.UNSPECIFIED.);
#4599=B_SPLINE_CURVE_WITH_KNOTS('',1,(#7856,#7857),.UNSPECIFIED.,.F.,.F.,
(2,2),(0.,1.),.UNSPECIFIED.);
#4600=B_SPLINE_CURVE_WITH_KNOTS('',1,(#7858,#7859),.UNSPECIFIED.,.F.,.F.,
(2,2),(-0.01,0.),.UNSPECIFIED.);
#4601=B_SPLINE_CURVE_WITH_KNOTS('',1,(#7860,#7861),.UNSPECIFIED.,.F.,.F.,
(2,2),(-0.599999999999,0.),.UNSPECIFIED.);
#4602=B_SPLINE_CURVE_WITH_KNOTS('',1,(#7862,#7863),.UNSPECIFIED.,.F.,.F.,
(2,2),(-0.6,0.),.UNSPECIFIED.);
#4603=B_SPLINE_CURVE_WITH_KNOTS('',1,(#7864,#7865),.UNSPECIFIED.,.F.,.F.,
(2,2),(-0.590000000001,0.),.UNSPECIFIED.);
#4604=B_SPLINE_CURVE_WITH_KNOTS('',1,(#7866,#7867),.UNSPECIFIED.,.F.,.F.,
(2,2),(-0.6,0.),.UNSPECIFIED.);
#4605=B_SPLINE_CURVE_WITH_KNOTS('',1,(#7868,#7869),.UNSPECIFIED.,.F.,.F.,
(2,2),(-0.6,0.),.UNSPECIFIED.);
#4606=B_SPLINE_CURVE_WITH_KNOTS('',1,(#7870,#7871),.UNSPECIFIED.,.F.,.F.,
(2,2),(-1.,0.),.UNSPECIFIED.);
#4607=B_SPLINE_CURVE_WITH_KNOTS('',1,(#7872,#7873),.UNSPECIFIED.,.F.,.F.,
(2,2),(-1.,0.),.UNSPECIFIED.);
#4608=B_SPLINE_CURVE_WITH_KNOTS('',1,(#7874,#7875),.UNSPECIFIED.,.F.,.F.,
(2,2),(-0.200000000001,0.),.UNSPECIFIED.);
#4609=B_SPLINE_CURVE_WITH_KNOTS('',1,(#7876,#7877),.UNSPECIFIED.,.F.,.F.,
(2,2),(-0.6,0.),.UNSPECIFIED.);
#4610=B_SPLINE_CURVE_WITH_KNOTS('',1,(#7878,#7879),.UNSPECIFIED.,.F.,.F.,
(2,2),(-0.6,0.),.UNSPECIFIED.);
#4611=B_SPLINE_CURVE_WITH_KNOTS('',1,(#7880,#7881),.UNSPECIFIED.,.F.,.F.,
(2,2),(-0.200000000001,0.),.UNSPECIFIED.);
#4612=B_SPLINE_CURVE_WITH_KNOTS('',1,(#7882,#7883),.UNSPECIFIED.,.F.,.F.,
(2,2),(-0.200000000001,0.),.UNSPECIFIED.);
#4613=B_SPLINE_CURVE_WITH_KNOTS('',1,(#7884,#7885),.UNSPECIFIED.,.F.,.F.,
(2,2),(-0.6,0.),.UNSPECIFIED.);
#4614=B_SPLINE_CURVE_WITH_KNOTS('',1,(#7892,#7893),.UNSPECIFIED.,.F.,.F.,
(2,2),(-1.,0.),.UNSPECIFIED.);
#4615=B_SPLINE_CURVE_WITH_KNOTS('',1,(#7894,#7895),.UNSPECIFIED.,.F.,.F.,
(2,2),(-1.,0.),.UNSPECIFIED.);
#4616=B_SPLINE_CURVE_WITH_KNOTS('',1,(#7896,#7897),.UNSPECIFIED.,.F.,.F.,
(2,2),(-0.6,0.),.UNSPECIFIED.);
#4617=B_SPLINE_CURVE_WITH_KNOTS('',1,(#7898,#7899),.UNSPECIFIED.,.F.,.F.,
(2,2),(-0.590000000001,0.),.UNSPECIFIED.);
#4618=B_SPLINE_CURVE_WITH_KNOTS('',1,(#7900,#7901),.UNSPECIFIED.,.F.,.F.,
(2,2),(-0.6,0.),.UNSPECIFIED.);
#4619=B_SPLINE_CURVE_WITH_KNOTS('',1,(#7902,#7903),.UNSPECIFIED.,.F.,.F.,
(2,2),(-0.599999999999,0.),.UNSPECIFIED.);
#4620=B_SPLINE_CURVE_WITH_KNOTS('',1,(#7904,#7905),.UNSPECIFIED.,.F.,.F.,
(2,2),(-0.01,0.),.UNSPECIFIED.);
#4621=B_SPLINE_CURVE_WITH_KNOTS('',1,(#7906,#7907),.UNSPECIFIED.,.F.,.F.,
(2,2),(-1.,0.),.UNSPECIFIED.);
#4622=B_SPLINE_CURVE_WITH_KNOTS('',1,(#7908,#7909),.UNSPECIFIED.,.F.,.F.,
(2,2),(-1.,0.),.UNSPECIFIED.);
#4623=B_SPLINE_CURVE_WITH_KNOTS('',1,(#7910,#7911),.UNSPECIFIED.,.F.,.F.,
(2,2),(0.,0.200000000001),.UNSPECIFIED.);
#4624=B_SPLINE_CURVE_WITH_KNOTS('',1,(#7912,#7913),.UNSPECIFIED.,.F.,.F.,
(2,2),(0.,0.200000000001),.UNSPECIFIED.);
#4625=B_SPLINE_CURVE_WITH_KNOTS('',1,(#7914,#7915),.UNSPECIFIED.,.F.,.F.,
(2,2),(-1.,0.),.UNSPECIFIED.);
#4626=B_SPLINE_CURVE_WITH_KNOTS('',1,(#7916,#7917),.UNSPECIFIED.,.F.,.F.,
(2,2),(-0.200000000001,0.),.UNSPECIFIED.);
#4627=B_SPLINE_CURVE_WITH_KNOTS('',1,(#7918,#7919),.UNSPECIFIED.,.F.,.F.,
(2,2),(0.,1.),.UNSPECIFIED.);
#4628=B_SPLINE_CURVE_WITH_KNOTS('',1,(#7920,#7921),.UNSPECIFIED.,.F.,.F.,
(2,2),(-1.,0.),.UNSPECIFIED.);
#4629=B_SPLINE_CURVE_WITH_KNOTS('',1,(#7922,#7923),.UNSPECIFIED.,.F.,.F.,
(2,2),(0.,0.200000000001),.UNSPECIFIED.);
#4630=B_SPLINE_CURVE_WITH_KNOTS('',1,(#7924,#7925),.UNSPECIFIED.,.F.,.F.,
(2,2),(0.,0.200000000001),.UNSPECIFIED.);
#4631=B_SPLINE_CURVE_WITH_KNOTS('',1,(#7926,#7927),.UNSPECIFIED.,.F.,.F.,
(2,2),(-1.,0.),.UNSPECIFIED.);
#4632=B_SPLINE_CURVE_WITH_KNOTS('',1,(#7928,#7929),.UNSPECIFIED.,.F.,.F.,
(2,2),(-0.200000000001,0.),.UNSPECIFIED.);
#4633=B_SPLINE_CURVE_WITH_KNOTS('',1,(#7930,#7931),.UNSPECIFIED.,.F.,.F.,
(2,2),(0.,0.3),.UNSPECIFIED.);
#4634=B_SPLINE_CURVE_WITH_KNOTS('',1,(#7932,#7933),.UNSPECIFIED.,.F.,.F.,
(2,2),(0.,0.3),.UNSPECIFIED.);
#4635=B_SPLINE_CURVE_WITH_KNOTS('',1,(#7934,#7935),.UNSPECIFIED.,.F.,.F.,
(2,2),(-2.299999999999,0.),.UNSPECIFIED.);
#4636=B_SPLINE_CURVE_WITH_KNOTS('',1,(#7936,#7937),.UNSPECIFIED.,.F.,.F.,
(2,2),(0.,0.3),.UNSPECIFIED.);
#4637=B_SPLINE_CURVE_WITH_KNOTS('',1,(#7938,#7939),.UNSPECIFIED.,.F.,.F.,
(2,2),(0.,2.299999999999),.UNSPECIFIED.);
#4638=B_SPLINE_CURVE_WITH_KNOTS('',1,(#7940,#7941),.UNSPECIFIED.,.F.,.F.,
(2,2),(0.,0.3),.UNSPECIFIED.);
#4639=B_SPLINE_CURVE_WITH_KNOTS('',1,(#7942,#7943),.UNSPECIFIED.,.F.,.F.,
(2,2),(0.,0.3),.UNSPECIFIED.);
#4640=B_SPLINE_CURVE_WITH_KNOTS('',1,(#7944,#7945),.UNSPECIFIED.,.F.,.F.,
(2,2),(0.,2.299999999999),.UNSPECIFIED.);
#4641=B_SPLINE_CURVE_WITH_KNOTS('',1,(#7946,#7947),.UNSPECIFIED.,.F.,.F.,
(2,2),(-0.3,0.),.UNSPECIFIED.);
#4642=B_SPLINE_CURVE_WITH_KNOTS('',1,(#7948,#7949),.UNSPECIFIED.,.F.,.F.,
(2,2),(-2.299999999999,0.),.UNSPECIFIED.);
#4643=B_SPLINE_CURVE_WITH_KNOTS('',1,(#7950,#7951),.UNSPECIFIED.,.F.,.F.,
(2,2),(0.,0.3),.UNSPECIFIED.);
#4644=B_SPLINE_CURVE_WITH_KNOTS('',1,(#7952,#7953),.UNSPECIFIED.,.F.,.F.,
(2,2),(0.,0.3),.UNSPECIFIED.);
#4645=B_SPLINE_CURVE_WITH_KNOTS('',1,(#7954,#7955),.UNSPECIFIED.,.F.,.F.,
(2,2),(-2.299999999999,0.),.UNSPECIFIED.);
#4646=B_SPLINE_CURVE_WITH_KNOTS('',1,(#7956,#7957),.UNSPECIFIED.,.F.,.F.,
(2,2),(0.,0.3),.UNSPECIFIED.);
#4647=B_SPLINE_CURVE_WITH_KNOTS('',1,(#7958,#7959),.UNSPECIFIED.,.F.,.F.,
(2,2),(0.,2.299999999999),.UNSPECIFIED.);
#4648=B_SPLINE_CURVE_WITH_KNOTS('',1,(#7960,#7961),.UNSPECIFIED.,.F.,.F.,
(2,2),(0.,0.3),.UNSPECIFIED.);
#4649=B_SPLINE_CURVE_WITH_KNOTS('',1,(#7962,#7963),.UNSPECIFIED.,.F.,.F.,
(2,2),(0.,0.3),.UNSPECIFIED.);
#4650=B_SPLINE_CURVE_WITH_KNOTS('',1,(#7964,#7965),.UNSPECIFIED.,.F.,.F.,
(2,2),(0.,2.299999999999),.UNSPECIFIED.);
#4651=B_SPLINE_CURVE_WITH_KNOTS('',1,(#7966,#7967),.UNSPECIFIED.,.F.,.F.,
(2,2),(-0.3,0.),.UNSPECIFIED.);
#4652=B_SPLINE_CURVE_WITH_KNOTS('',1,(#7968,#7969),.UNSPECIFIED.,.F.,.F.,
(2,2),(-2.299999999999,0.),.UNSPECIFIED.);
#4653=B_SPLINE_CURVE_WITH_KNOTS('',1,(#7970,#7971),.UNSPECIFIED.,.F.,.F.,
(2,2),(0.,0.3),.UNSPECIFIED.);
#4654=B_SPLINE_CURVE_WITH_KNOTS('',1,(#7972,#7973),.UNSPECIFIED.,.F.,.F.,
(2,2),(0.,0.3),.UNSPECIFIED.);
#4655=B_SPLINE_CURVE_WITH_KNOTS('',1,(#7974,#7975),.UNSPECIFIED.,.F.,.F.,
(2,2),(-2.299999999999,0.),.UNSPECIFIED.);
#4656=B_SPLINE_CURVE_WITH_KNOTS('',1,(#7976,#7977),.UNSPECIFIED.,.F.,.F.,
(2,2),(0.,0.3),.UNSPECIFIED.);
#4657=B_SPLINE_CURVE_WITH_KNOTS('',1,(#7978,#7979),.UNSPECIFIED.,.F.,.F.,
(2,2),(0.,2.299999999999),.UNSPECIFIED.);
#4658=B_SPLINE_CURVE_WITH_KNOTS('',1,(#7980,#7981),.UNSPECIFIED.,.F.,.F.,
(2,2),(0.,0.3),.UNSPECIFIED.);
#4659=B_SPLINE_CURVE_WITH_KNOTS('',1,(#7982,#7983),.UNSPECIFIED.,.F.,.F.,
(2,2),(0.,0.3),.UNSPECIFIED.);
#4660=B_SPLINE_CURVE_WITH_KNOTS('',1,(#7984,#7985),.UNSPECIFIED.,.F.,.F.,
(2,2),(0.,2.299999999999),.UNSPECIFIED.);
#4661=B_SPLINE_CURVE_WITH_KNOTS('',1,(#7986,#7987),.UNSPECIFIED.,.F.,.F.,
(2,2),(-0.3,0.),.UNSPECIFIED.);
#4662=B_SPLINE_CURVE_WITH_KNOTS('',1,(#7988,#7989),.UNSPECIFIED.,.F.,.F.,
(2,2),(-2.299999999999,0.),.UNSPECIFIED.);
#4663=B_SPLINE_CURVE_WITH_KNOTS('',1,(#7990,#7991),.UNSPECIFIED.,.F.,.F.,
(2,2),(0.,0.3),.UNSPECIFIED.);
#4664=B_SPLINE_CURVE_WITH_KNOTS('',1,(#7992,#7993),.UNSPECIFIED.,.F.,.F.,
(2,2),(0.,0.3),.UNSPECIFIED.);
#4665=B_SPLINE_CURVE_WITH_KNOTS('',1,(#7994,#7995),.UNSPECIFIED.,.F.,.F.,
(2,2),(-2.299999999999,0.),.UNSPECIFIED.);
#4666=B_SPLINE_CURVE_WITH_KNOTS('',1,(#7996,#7997),.UNSPECIFIED.,.F.,.F.,
(2,2),(0.,0.3),.UNSPECIFIED.);
#4667=B_SPLINE_CURVE_WITH_KNOTS('',1,(#7998,#7999),.UNSPECIFIED.,.F.,.F.,
(2,2),(0.,2.299999999999),.UNSPECIFIED.);
#4668=B_SPLINE_CURVE_WITH_KNOTS('',1,(#8000,#8001),.UNSPECIFIED.,.F.,.F.,
(2,2),(0.,0.3),.UNSPECIFIED.);
#4669=B_SPLINE_CURVE_WITH_KNOTS('',1,(#8002,#8003),.UNSPECIFIED.,.F.,.F.,
(2,2),(0.,0.3),.UNSPECIFIED.);
#4670=B_SPLINE_CURVE_WITH_KNOTS('',1,(#8004,#8005),.UNSPECIFIED.,.F.,.F.,
(2,2),(0.,2.299999999999),.UNSPECIFIED.);
#4671=B_SPLINE_CURVE_WITH_KNOTS('',1,(#8006,#8007),.UNSPECIFIED.,.F.,.F.,
(2,2),(-0.3,0.),.UNSPECIFIED.);
#4672=B_SPLINE_CURVE_WITH_KNOTS('',1,(#8008,#8009),.UNSPECIFIED.,.F.,.F.,
(2,2),(-2.299999999999,0.),.UNSPECIFIED.);
#4673=B_SPLINE_CURVE_WITH_KNOTS('',1,(#8010,#8011),.UNSPECIFIED.,.F.,.F.,
(2,2),(0.,0.314159265358979),.UNSPECIFIED.);
#4674=B_SPLINE_CURVE_WITH_KNOTS('',1,(#8012,#8013),.UNSPECIFIED.,.F.,.F.,
(2,2),(0.,0.200000000001),.UNSPECIFIED.);
#4675=B_SPLINE_CURVE_WITH_KNOTS('',1,(#8014,#8015),.UNSPECIFIED.,.F.,.F.,
(2,2),(0.,0.314159265358979),.UNSPECIFIED.);
#4676=B_SPLINE_CURVE_WITH_KNOTS('',1,(#8016,#8017),.UNSPECIFIED.,.F.,.F.,
(2,2),(0.,0.200000000001),.UNSPECIFIED.);
#4677=B_SPLINE_CURVE_WITH_KNOTS('',1,(#8018,#8019),.UNSPECIFIED.,.F.,.F.,
(2,2),(0.,0.6),.UNSPECIFIED.);
#4678=B_SPLINE_CURVE_WITH_KNOTS('',1,(#8020,#8021),.UNSPECIFIED.,.F.,.F.,
(2,2),(0.,0.5),.UNSPECIFIED.);
#4679=B_SPLINE_CURVE_WITH_KNOTS('',1,(#8022,#8023),.UNSPECIFIED.,.F.,.F.,
(2,2),(0.,0.6),.UNSPECIFIED.);
#4680=B_SPLINE_CURVE_WITH_KNOTS('',1,(#8024,#8025),.UNSPECIFIED.,.F.,.F.,
(2,2),(0.,0.6),.UNSPECIFIED.);
#4681=B_SPLINE_CURVE_WITH_KNOTS('',1,(#8026,#8027),.UNSPECIFIED.,.F.,.F.,
(2,2),(0.,0.5),.UNSPECIFIED.);
#4682=B_SPLINE_CURVE_WITH_KNOTS('',1,(#8028,#8029),.UNSPECIFIED.,.F.,.F.,
(2,2),(0.,0.5),.UNSPECIFIED.);
#4683=B_SPLINE_CURVE_WITH_KNOTS('',1,(#8030,#8031),.UNSPECIFIED.,.F.,.F.,
(2,2),(-0.590000000001,0.),.UNSPECIFIED.);
#4684=B_SPLINE_CURVE_WITH_KNOTS('',1,(#8032,#8033),.UNSPECIFIED.,.F.,.F.,
(2,2),(-0.590000000001,0.),.UNSPECIFIED.);
#4685=B_SPLINE_CURVE_WITH_KNOTS('',1,(#8034,#8035),.UNSPECIFIED.,.F.,.F.,
(2,2),(-0.199999999999999,0.),.UNSPECIFIED.);
#4686=B_SPLINE_CURVE_WITH_KNOTS('',1,(#8036,#8037),.UNSPECIFIED.,.F.,.F.,
(2,2),(-0.199999999999999,0.),.UNSPECIFIED.);
#4687=B_SPLINE_CURVE_WITH_KNOTS('',1,(#8038,#8039),.UNSPECIFIED.,.F.,.F.,
(2,2),(-0.590000000001,0.),.UNSPECIFIED.);
#4688=B_SPLINE_CURVE_WITH_KNOTS('',1,(#8040,#8041),.UNSPECIFIED.,.F.,.F.,
(2,2),(-0.590000000001,0.),.UNSPECIFIED.);
#4689=B_SPLINE_CURVE_WITH_KNOTS('',1,(#8042,#8043),.UNSPECIFIED.,.F.,.F.,
(2,2),(0.,0.15),.UNSPECIFIED.);
#4690=B_SPLINE_CURVE_WITH_KNOTS('',1,(#8044,#8045),.UNSPECIFIED.,.F.,.F.,
(2,2),(0.,0.15),.UNSPECIFIED.);
#4691=B_SPLINE_CURVE_WITH_KNOTS('',1,(#8046,#8047),.UNSPECIFIED.,.F.,.F.,
(2,2),(0.,0.6),.UNSPECIFIED.);
#4692=B_SPLINE_CURVE_WITH_KNOTS('',1,(#8048,#8049),.UNSPECIFIED.,.F.,.F.,
(2,2),(0.,0.5),.UNSPECIFIED.);
#4693=B_SPLINE_CURVE_WITH_KNOTS('',1,(#8050,#8051),.UNSPECIFIED.,.F.,.F.,
(2,2),(0.,0.6),.UNSPECIFIED.);
#4694=B_SPLINE_CURVE_WITH_KNOTS('',1,(#8052,#8053),.UNSPECIFIED.,.F.,.F.,
(2,2),(0.,0.6),.UNSPECIFIED.);
#4695=B_SPLINE_CURVE_WITH_KNOTS('',1,(#8054,#8055),.UNSPECIFIED.,.F.,.F.,
(2,2),(-0.15,0.),.UNSPECIFIED.);
#4696=B_SPLINE_CURVE_WITH_KNOTS('',1,(#8056,#8057),.UNSPECIFIED.,.F.,.F.,
(2,2),(-0.6,0.),.UNSPECIFIED.);
#4697=B_SPLINE_CURVE_WITH_KNOTS('',1,(#8058,#8059),.UNSPECIFIED.,.F.,.F.,
(2,2),(-0.6,0.),.UNSPECIFIED.);
#4698=B_SPLINE_CURVE_WITH_KNOTS('',1,(#8060,#8061),.UNSPECIFIED.,.F.,.F.,
(2,2),(0.,0.15),.UNSPECIFIED.);
#4699=B_SPLINE_CURVE_WITH_KNOTS('',1,(#8062,#8063),.UNSPECIFIED.,.F.,.F.,
(2,2),(0.,0.15),.UNSPECIFIED.);
#4700=B_SPLINE_CURVE_WITH_KNOTS('',1,(#8064,#8065),.UNSPECIFIED.,.F.,.F.,
(2,2),(0.,0.6),.UNSPECIFIED.);
#4701=B_SPLINE_CURVE_WITH_KNOTS('',1,(#8066,#8067),.UNSPECIFIED.,.F.,.F.,
(2,2),(0.,0.15),.UNSPECIFIED.);
#4702=B_SPLINE_CURVE_WITH_KNOTS('',1,(#8068,#8069),.UNSPECIFIED.,.F.,.F.,
(2,2),(-0.599999999999,0.),.UNSPECIFIED.);
#4703=B_SPLINE_CURVE_WITH_KNOTS('',1,(#8070,#8071),.UNSPECIFIED.,.F.,.F.,
(2,2),(-0.599999999999,0.),.UNSPECIFIED.);
#4704=B_SPLINE_CURVE_WITH_KNOTS('',1,(#8072,#8073),.UNSPECIFIED.,.F.,.F.,
(2,2),(-0.15,0.),.UNSPECIFIED.);
#4705=B_SPLINE_CURVE_WITH_KNOTS('',1,(#8074,#8075),.UNSPECIFIED.,.F.,.F.,
(2,2),(0.,0.599999999999),.UNSPECIFIED.);
#4706=B_SPLINE_CURVE_WITH_KNOTS('',1,(#8076,#8077),.UNSPECIFIED.,.F.,.F.,
(2,2),(0.,0.15),.UNSPECIFIED.);
#4707=B_SPLINE_CURVE_WITH_KNOTS('',1,(#8078,#8079),.UNSPECIFIED.,.F.,.F.,
(2,2),(0.,1.199999999999),.UNSPECIFIED.);
#4708=B_SPLINE_CURVE_WITH_KNOTS('',1,(#8080,#8081),.UNSPECIFIED.,.F.,.F.,
(2,2),(0.,1.2),.UNSPECIFIED.);
#4709=B_SPLINE_CURVE_WITH_KNOTS('',1,(#8082,#8083),.UNSPECIFIED.,.F.,.F.,
(2,2),(0.,0.599999999999),.UNSPECIFIED.);
#4710=B_SPLINE_CURVE_WITH_KNOTS('',1,(#8084,#8085),.UNSPECIFIED.,.F.,.F.,
(2,2),(0.,0.6),.UNSPECIFIED.);
#4711=B_SPLINE_CURVE_WITH_KNOTS('',1,(#8086,#8087),.UNSPECIFIED.,.F.,.F.,
(2,2),(0.,0.6),.UNSPECIFIED.);
#4712=B_SPLINE_CURVE_WITH_KNOTS('',1,(#8088,#8089),.UNSPECIFIED.,.F.,.F.,
(2,2),(0.,0.6),.UNSPECIFIED.);
#4713=B_SPLINE_CURVE_WITH_KNOTS('',1,(#8090,#8091),.UNSPECIFIED.,.F.,.F.,
(2,2),(0.,0.6),.UNSPECIFIED.);
#4714=B_SPLINE_CURVE_WITH_KNOTS('',1,(#8092,#8093),.UNSPECIFIED.,.F.,.F.,
(2,2),(0.,0.8),.UNSPECIFIED.);
#4715=B_SPLINE_CURVE_WITH_KNOTS('',1,(#8094,#8095),.UNSPECIFIED.,.F.,.F.,
(2,2),(0.,0.6),.UNSPECIFIED.);
#4716=B_SPLINE_CURVE_WITH_KNOTS('',1,(#8096,#8097),.UNSPECIFIED.,.F.,.F.,
(2,2),(0.,0.6),.UNSPECIFIED.);
#4717=B_SPLINE_CURVE_WITH_KNOTS('',1,(#8098,#8099),.UNSPECIFIED.,.F.,.F.,
(2,2),(0.,0.8),.UNSPECIFIED.);
#4718=B_SPLINE_CURVE_WITH_KNOTS('',1,(#8100,#8101),.UNSPECIFIED.,.F.,.F.,
(2,2),(0.,0.8),.UNSPECIFIED.);
#4719=B_SPLINE_CURVE_WITH_KNOTS('',1,(#8102,#8103),.UNSPECIFIED.,.F.,.F.,
(2,2),(0.,0.6),.UNSPECIFIED.);
#4720=B_SPLINE_CURVE_WITH_KNOTS('',1,(#8104,#8105),.UNSPECIFIED.,.F.,.F.,
(2,2),(0.,0.8),.UNSPECIFIED.);
#4721=B_SPLINE_CURVE_WITH_KNOTS('',1,(#8106,#8107),.UNSPECIFIED.,.F.,.F.,
(2,2),(0.,0.6),.UNSPECIFIED.);
#4722=B_SPLINE_CURVE_WITH_KNOTS('',1,(#8108,#8109),.UNSPECIFIED.,.F.,.F.,
(2,2),(0.,0.6),.UNSPECIFIED.);
#4723=B_SPLINE_CURVE_WITH_KNOTS('',1,(#8110,#8111),.UNSPECIFIED.,.F.,.F.,
(2,2),(0.,0.8),.UNSPECIFIED.);
#4724=B_SPLINE_CURVE_WITH_KNOTS('',1,(#8112,#8113),.UNSPECIFIED.,.F.,.F.,
(2,2),(0.,0.8),.UNSPECIFIED.);
#4725=B_SPLINE_CURVE_WITH_KNOTS('',1,(#8114,#8115),.UNSPECIFIED.,.F.,.F.,
(2,2),(0.,0.6),.UNSPECIFIED.);
#4726=B_SPLINE_CURVE_WITH_KNOTS('',1,(#8116,#8117),.UNSPECIFIED.,.F.,.F.,
(2,2),(0.,0.8),.UNSPECIFIED.);
#4727=B_SPLINE_CURVE_WITH_KNOTS('',1,(#8118,#8119),.UNSPECIFIED.,.F.,.F.,
(2,2),(-0.6,0.),.UNSPECIFIED.);
#4728=B_SPLINE_CURVE_WITH_KNOTS('',1,(#8120,#8121),.UNSPECIFIED.,.F.,.F.,
(2,2),(0.,0.8),.UNSPECIFIED.);
#4729=B_SPLINE_CURVE_WITH_KNOTS('',1,(#8122,#8123),.UNSPECIFIED.,.F.,.F.,
(2,2),(0.,0.8),.UNSPECIFIED.);
#4730=B_SPLINE_CURVE_WITH_KNOTS('',1,(#8124,#8125),.UNSPECIFIED.,.F.,.F.,
(2,2),(0.,0.6),.UNSPECIFIED.);
#4731=B_SPLINE_CURVE_WITH_KNOTS('',1,(#8126,#8127),.UNSPECIFIED.,.F.,.F.,
(2,2),(0.,0.8),.UNSPECIFIED.);
#4732=B_SPLINE_CURVE_WITH_KNOTS('',1,(#8128,#8129),.UNSPECIFIED.,.F.,.F.,
(2,2),(-0.6,0.),.UNSPECIFIED.);
#4733=B_SPLINE_CURVE_WITH_KNOTS('',1,(#8130,#8131),.UNSPECIFIED.,.F.,.F.,
(2,2),(-0.8,0.),.UNSPECIFIED.);
#4734=B_SPLINE_CURVE_WITH_KNOTS('',1,(#8132,#8133),.UNSPECIFIED.,.F.,.F.,
(2,2),(-0.6,0.),.UNSPECIFIED.);
#4735=B_SPLINE_CURVE_WITH_KNOTS('',1,(#8134,#8135),.UNSPECIFIED.,.F.,.F.,
(2,2),(-0.6,0.),.UNSPECIFIED.);
#4736=B_SPLINE_CURVE_WITH_KNOTS('',1,(#8136,#8137),.UNSPECIFIED.,.F.,.F.,
(2,2),(0.,0.6),.UNSPECIFIED.);
#4737=B_SPLINE_CURVE_WITH_KNOTS('',1,(#8138,#8139),.UNSPECIFIED.,.F.,.F.,
(2,2),(0.,0.6),.UNSPECIFIED.);
#4738=B_SPLINE_CURVE_WITH_KNOTS('',1,(#8140,#8141),.UNSPECIFIED.,.F.,.F.,
(2,2),(0.,0.6),.UNSPECIFIED.);
#4739=B_SPLINE_CURVE_WITH_KNOTS('',1,(#8142,#8143),.UNSPECIFIED.,.F.,.F.,
(2,2),(-0.199999999999999,0.),.UNSPECIFIED.);
#4740=B_SPLINE_CURVE_WITH_KNOTS('',1,(#8144,#8145),.UNSPECIFIED.,.F.,.F.,
(2,2),(0.,0.01),.UNSPECIFIED.);
#4741=B_SPLINE_CURVE_WITH_KNOTS('',1,(#8146,#8147),.UNSPECIFIED.,.F.,.F.,
(2,2),(0.,0.01),.UNSPECIFIED.);
#4742=B_SPLINE_CURVE_WITH_KNOTS('',1,(#8148,#8149),.UNSPECIFIED.,.F.,.F.,
(2,2),(0.,0.199999999999999),.UNSPECIFIED.);
#4743=B_SPLINE_CURVE_WITH_KNOTS('',1,(#8150,#8151),.UNSPECIFIED.,.F.,.F.,
(2,2),(0.,0.199999999999999),.UNSPECIFIED.);
#4744=B_SPLINE_CURVE_WITH_KNOTS('',1,(#8152,#8153),.UNSPECIFIED.,.F.,.F.,
(2,2),(0.,0.01),.UNSPECIFIED.);
#4745=B_SPLINE_CURVE_WITH_KNOTS('',1,(#8154,#8155),.UNSPECIFIED.,.F.,.F.,
(2,2),(0.,0.01),.UNSPECIFIED.);
#4746=B_SPLINE_CURVE_WITH_KNOTS('',1,(#8156,#8157),.UNSPECIFIED.,.F.,.F.,
(2,2),(-1.,0.),.UNSPECIFIED.);
#4747=B_SPLINE_CURVE_WITH_KNOTS('',1,(#8158,#8159),.UNSPECIFIED.,.F.,.F.,
(2,2),(-1.,0.),.UNSPECIFIED.);
#4748=B_SPLINE_CURVE_WITH_KNOTS('',1,(#8166,#8167),.UNSPECIFIED.,.F.,.F.,
(2,2),(0.,1.),.UNSPECIFIED.);
#4749=B_SPLINE_CURVE_WITH_KNOTS('',1,(#8168,#8169),.UNSPECIFIED.,.F.,.F.,
(2,2),(0.,1.),.UNSPECIFIED.);
#4750=B_SPLINE_CURVE_WITH_KNOTS('',1,(#8170,#8171),.UNSPECIFIED.,.F.,.F.,
(2,2),(0.,0.6),.UNSPECIFIED.);
#4751=B_SPLINE_CURVE_WITH_KNOTS('',1,(#8172,#8173),.UNSPECIFIED.,.F.,.F.,
(2,2),(0.,0.6),.UNSPECIFIED.);
#4752=B_SPLINE_CURVE_WITH_KNOTS('',1,(#8174,#8175),.UNSPECIFIED.,.F.,.F.,
(2,2),(-0.590000000001,0.),.UNSPECIFIED.);
#4753=B_SPLINE_CURVE_WITH_KNOTS('',1,(#8176,#8177),.UNSPECIFIED.,.F.,.F.,
(2,2),(-0.6,0.),.UNSPECIFIED.);
#4754=B_SPLINE_CURVE_WITH_KNOTS('',1,(#8178,#8179),.UNSPECIFIED.,.F.,.F.,
(2,2),(-0.599999999999,0.),.UNSPECIFIED.);
#4755=B_SPLINE_CURVE_WITH_KNOTS('',1,(#8180,#8181),.UNSPECIFIED.,.F.,.F.,
(2,2),(0.,0.01),.UNSPECIFIED.);
#4756=B_SPLINE_CURVE_WITH_KNOTS('',1,(#8182,#8183),.UNSPECIFIED.,.F.,.F.,
(2,2),(-1.,0.),.UNSPECIFIED.);
#4757=B_SPLINE_CURVE_WITH_KNOTS('',1,(#8184,#8185),.UNSPECIFIED.,.F.,.F.,
(2,2),(-1.,0.),.UNSPECIFIED.);
#4758=B_SPLINE_CURVE_WITH_KNOTS('',1,(#8186,#8187),.UNSPECIFIED.,.F.,.F.,
(2,2),(0.,0.199999999999999),.UNSPECIFIED.);
#4759=B_SPLINE_CURVE_WITH_KNOTS('',1,(#8188,#8189),.UNSPECIFIED.,.F.,.F.,
(2,2),(0.,0.199999999999999),.UNSPECIFIED.);
#4760=B_SPLINE_CURVE_WITH_KNOTS('',1,(#8190,#8191),.UNSPECIFIED.,.F.,.F.,
(2,2),(-1.,0.),.UNSPECIFIED.);
#4761=B_SPLINE_CURVE_WITH_KNOTS('',1,(#8192,#8193),.UNSPECIFIED.,.F.,.F.,
(2,2),(0.,0.199999999999999),.UNSPECIFIED.);
#4762=B_SPLINE_CURVE_WITH_KNOTS('',1,(#8194,#8195),.UNSPECIFIED.,.F.,.F.,
(2,2),(0.,1.),.UNSPECIFIED.);
#4763=B_SPLINE_CURVE_WITH_KNOTS('',1,(#8196,#8197),.UNSPECIFIED.,.F.,.F.,
(2,2),(0.,1.),.UNSPECIFIED.);
#4764=B_SPLINE_CURVE_WITH_KNOTS('',1,(#8204,#8205),.UNSPECIFIED.,.F.,.F.,
(2,2),(-1.,0.),.UNSPECIFIED.);
#4765=B_SPLINE_CURVE_WITH_KNOTS('',1,(#8206,#8207),.UNSPECIFIED.,.F.,.F.,
(2,2),(0.,0.01),.UNSPECIFIED.);
#4766=B_SPLINE_CURVE_WITH_KNOTS('',1,(#8208,#8209),.UNSPECIFIED.,.F.,.F.,
(2,2),(-0.599999999999,0.),.UNSPECIFIED.);
#4767=B_SPLINE_CURVE_WITH_KNOTS('',1,(#8210,#8211),.UNSPECIFIED.,.F.,.F.,
(2,2),(-0.6,0.),.UNSPECIFIED.);
#4768=B_SPLINE_CURVE_WITH_KNOTS('',1,(#8212,#8213),.UNSPECIFIED.,.F.,.F.,
(2,2),(-0.590000000001,0.),.UNSPECIFIED.);
#4769=B_SPLINE_CURVE_WITH_KNOTS('',1,(#8214,#8215),.UNSPECIFIED.,.F.,.F.,
(2,2),(-0.6,0.),.UNSPECIFIED.);
#4770=B_SPLINE_CURVE_WITH_KNOTS('',1,(#8216,#8217),.UNSPECIFIED.,.F.,.F.,
(2,2),(-0.6,0.),.UNSPECIFIED.);
#4771=B_SPLINE_CURVE_WITH_KNOTS('',1,(#8218,#8219),.UNSPECIFIED.,.F.,.F.,
(2,2),(-0.6,0.),.UNSPECIFIED.);
#4772=B_SPLINE_CURVE_WITH_KNOTS('',1,(#8220,#8221),.UNSPECIFIED.,.F.,.F.,
(2,2),(-0.199999999999999,0.),.UNSPECIFIED.);
#4773=B_SPLINE_CURVE_WITH_KNOTS('',1,(#8222,#8223),.UNSPECIFIED.,.F.,.F.,
(2,2),(0.,0.6),.UNSPECIFIED.);
#4774=B_SPLINE_CURVE_WITH_KNOTS('',1,(#8224,#8225),.UNSPECIFIED.,.F.,.F.,
(2,2),(0.,0.199999999999999),.UNSPECIFIED.);
#4775=B_SPLINE_CURVE_WITH_KNOTS('',1,(#8226,#8227),.UNSPECIFIED.,.F.,.F.,
(2,2),(0.,0.199999999999999),.UNSPECIFIED.);
#4776=B_SPLINE_CURVE_WITH_KNOTS('',1,(#8228,#8229),.UNSPECIFIED.,.F.,.F.,
(2,2),(0.,1.),.UNSPECIFIED.);
#4777=B_SPLINE_CURVE_WITH_KNOTS('',1,(#8230,#8231),.UNSPECIFIED.,.F.,.F.,
(2,2),(0.,0.199999999999999),.UNSPECIFIED.);
#4778=B_SPLINE_CURVE_WITH_KNOTS('',1,(#8232,#8233),.UNSPECIFIED.,.F.,.F.,
(2,2),(0.,0.199999999999999),.UNSPECIFIED.);
#4779=B_SPLINE_CURVE_WITH_KNOTS('',1,(#8234,#8235),.UNSPECIFIED.,.F.,.F.,
(2,2),(0.,1.),.UNSPECIFIED.);
#4780=B_SPLINE_CURVE_WITH_KNOTS('',1,(#8236,#8237),.UNSPECIFIED.,.F.,.F.,
(2,2),(0.,0.199999999999999),.UNSPECIFIED.);
#4781=B_SPLINE_CURVE_WITH_KNOTS('',1,(#8238,#8239),.UNSPECIFIED.,.F.,.F.,
(2,2),(0.,0.314159265358979),.UNSPECIFIED.);
#4782=B_SPLINE_CURVE_WITH_KNOTS('',1,(#8240,#8241),.UNSPECIFIED.,.F.,.F.,
(2,2),(0.,0.199999999999999),.UNSPECIFIED.);
#4783=B_SPLINE_CURVE_WITH_KNOTS('',1,(#8242,#8243),.UNSPECIFIED.,.F.,.F.,
(2,2),(0.,0.314159265358979),.UNSPECIFIED.);
#4784=B_SPLINE_CURVE_WITH_KNOTS('',1,(#8244,#8245),.UNSPECIFIED.,.F.,.F.,
(2,2),(0.,0.199999999999999),.UNSPECIFIED.);
#4785=B_SPLINE_CURVE_WITH_KNOTS('',1,(#8246,#8247),.UNSPECIFIED.,.F.,.F.,
(2,2),(0.,0.3),.UNSPECIFIED.);
#4786=B_SPLINE_CURVE_WITH_KNOTS('',1,(#8248,#8249),.UNSPECIFIED.,.F.,.F.,
(2,2),(-0.6,0.),.UNSPECIFIED.);
#4787=B_SPLINE_CURVE_WITH_KNOTS('',1,(#8250,#8251),.UNSPECIFIED.,.F.,.F.,
(2,2),(0.,0.3),.UNSPECIFIED.);
#4788=B_SPLINE_CURVE_WITH_KNOTS('',1,(#8252,#8253),.UNSPECIFIED.,.F.,.F.,
(2,2),(-0.4,0.),.UNSPECIFIED.);
#4789=B_SPLINE_CURVE_WITH_KNOTS('',1,(#8254,#8255),.UNSPECIFIED.,.F.,.F.,
(2,2),(0.,0.3),.UNSPECIFIED.);
#4790=B_SPLINE_CURVE_WITH_KNOTS('',1,(#8256,#8257),.UNSPECIFIED.,.F.,.F.,
(2,2),(-0.6,0.),.UNSPECIFIED.);
#4791=B_SPLINE_CURVE_WITH_KNOTS('',1,(#8258,#8259),.UNSPECIFIED.,.F.,.F.,
(2,2),(0.,0.3),.UNSPECIFIED.);
#4792=B_SPLINE_CURVE_WITH_KNOTS('',1,(#8260,#8261),.UNSPECIFIED.,.F.,.F.,
(2,2),(-0.4,0.),.UNSPECIFIED.);
#4793=B_SPLINE_CURVE_WITH_KNOTS('',1,(#8262,#8263),.UNSPECIFIED.,.F.,.F.,
(2,2),(0.,0.3),.UNSPECIFIED.);
#4794=B_SPLINE_CURVE_WITH_KNOTS('',1,(#8264,#8265),.UNSPECIFIED.,.F.,.F.,
(2,2),(-0.5,0.),.UNSPECIFIED.);
#4795=B_SPLINE_CURVE_WITH_KNOTS('',1,(#8266,#8267),.UNSPECIFIED.,.F.,.F.,
(2,2),(0.,0.6),.UNSPECIFIED.);
#4796=B_SPLINE_CURVE_WITH_KNOTS('',1,(#8268,#8269),.UNSPECIFIED.,.F.,.F.,
(2,2),(-4.399999999999,0.),.UNSPECIFIED.);
#4797=B_SPLINE_CURVE_WITH_KNOTS('',1,(#8270,#8271),.UNSPECIFIED.,.F.,.F.,
(2,2),(-4.399999999999,0.),.UNSPECIFIED.);
#4798=B_SPLINE_CURVE_WITH_KNOTS('',1,(#8272,#8273),.UNSPECIFIED.,.F.,.F.,
(2,2),(-0.6,0.),.UNSPECIFIED.);
#4799=B_SPLINE_CURVE_WITH_KNOTS('',1,(#8274,#8275),.UNSPECIFIED.,.F.,.F.,
(2,2),(-0.5,0.),.UNSPECIFIED.);
#4800=B_SPLINE_CURVE_WITH_KNOTS('',1,(#8276,#8277),.UNSPECIFIED.,.F.,.F.,
(2,2),(0.,0.3),.UNSPECIFIED.);
#4801=B_SPLINE_CURVE_WITH_KNOTS('',1,(#8278,#8279),.UNSPECIFIED.,.F.,.F.,
(2,2),(-0.400000000001,0.),.UNSPECIFIED.);
#4802=B_SPLINE_CURVE_WITH_KNOTS('',1,(#8280,#8281),.UNSPECIFIED.,.F.,.F.,
(2,2),(0.,0.3),.UNSPECIFIED.);
#4803=B_SPLINE_CURVE_WITH_KNOTS('',1,(#8282,#8283),.UNSPECIFIED.,.F.,.F.,
(2,2),(-0.599999999999,0.),.UNSPECIFIED.);
#4804=B_SPLINE_CURVE_WITH_KNOTS('',1,(#8284,#8285),.UNSPECIFIED.,.F.,.F.,
(2,2),(0.,0.3),.UNSPECIFIED.);
#4805=B_SPLINE_CURVE_WITH_KNOTS('',1,(#8286,#8287),.UNSPECIFIED.,.F.,.F.,
(2,2),(-0.4,0.),.UNSPECIFIED.);
#4806=B_SPLINE_CURVE_WITH_KNOTS('',1,(#8288,#8289),.UNSPECIFIED.,.F.,.F.,
(2,2),(-0.6,0.),.UNSPECIFIED.);
#4807=B_SPLINE_CURVE_WITH_KNOTS('',1,(#8290,#8291),.UNSPECIFIED.,.F.,.F.,
(2,2),(-4.399999999999,0.),.UNSPECIFIED.);
#4808=B_SPLINE_CURVE_WITH_KNOTS('',1,(#8292,#8293),.UNSPECIFIED.,.F.,.F.,
(2,2),(-0.6,0.),.UNSPECIFIED.);
#4809=B_SPLINE_CURVE_WITH_KNOTS('',1,(#8294,#8295),.UNSPECIFIED.,.F.,.F.,
(2,2),(-4.399999999999,0.),.UNSPECIFIED.);
#4810=B_SPLINE_CURVE_WITH_KNOTS('',1,(#8296,#8297),.UNSPECIFIED.,.F.,.F.,
(2,2),(0.,0.2),.UNSPECIFIED.);
#4811=B_SPLINE_CURVE_WITH_KNOTS('',1,(#8298,#8299),.UNSPECIFIED.,.F.,.F.,
(2,2),(0.,0.2),.UNSPECIFIED.);
#4812=B_SPLINE_CURVE_WITH_KNOTS('',1,(#8305,#8306),.UNSPECIFIED.,.F.,.F.,
(2,2),(-0.317538969652104,0.),.UNSPECIFIED.);
#4813=B_SPLINE_CURVE_WITH_KNOTS('',1,(#8307,#8308),.UNSPECIFIED.,.F.,.F.,
(2,2),(-0.2,0.),.UNSPECIFIED.);
#4814=B_SPLINE_CURVE_WITH_KNOTS('',1,(#8309,#8310),.UNSPECIFIED.,.F.,.F.,
(2,2),(-0.2,0.),.UNSPECIFIED.);
#4815=B_SPLINE_CURVE_WITH_KNOTS('',1,(#8316,#8317),.UNSPECIFIED.,.F.,.F.,
(2,2),(0.,0.317538969652104),.UNSPECIFIED.);
#4816=B_SPLINE_CURVE_WITH_KNOTS('',1,(#8318,#8319),.UNSPECIFIED.,.F.,.F.,
(2,2),(-0.2,0.),.UNSPECIFIED.);
#4817=B_SPLINE_CURVE_WITH_KNOTS('',1,(#8320,#8321),.UNSPECIFIED.,.F.,.F.,
(2,2),(-1.55362063673,0.),.UNSPECIFIED.);
#4818=B_SPLINE_CURVE_WITH_KNOTS('',1,(#8322,#8323),.UNSPECIFIED.,.F.,.F.,
(2,2),(-1.55362063673,0.),.UNSPECIFIED.);
#4819=B_SPLINE_CURVE_WITH_KNOTS('',1,(#8324,#8325),.UNSPECIFIED.,.F.,.F.,
(2,2),(-0.2,0.),.UNSPECIFIED.);
#4820=B_SPLINE_CURVE_WITH_KNOTS('',1,(#8326,#8327),.UNSPECIFIED.,.F.,.F.,
(2,2),(-0.2,0.),.UNSPECIFIED.);
#4821=B_SPLINE_CURVE_WITH_KNOTS('',1,(#8328,#8329),.UNSPECIFIED.,.F.,.F.,
(2,2),(0.,1.55362063673),.UNSPECIFIED.);
#4822=B_SPLINE_CURVE_WITH_KNOTS('',1,(#8330,#8331),.UNSPECIFIED.,.F.,.F.,
(2,2),(0.,1.55362063673),.UNSPECIFIED.);
#4823=B_SPLINE_CURVE_WITH_KNOTS('',1,(#8332,#8333),.UNSPECIFIED.,.F.,.F.,
(2,2),(-0.2,0.),.UNSPECIFIED.);
#4824=B_SPLINE_CURVE_WITH_KNOTS('',1,(#8334,#8335),.UNSPECIFIED.,.F.,.F.,
(2,2),(-0.099999999999,0.),.UNSPECIFIED.);
#4825=B_SPLINE_CURVE_WITH_KNOTS('',1,(#8336,#8337),.UNSPECIFIED.,.F.,.F.,
(2,2),(-0.099999999999,0.),.UNSPECIFIED.);
#4826=B_SPLINE_CURVE_WITH_KNOTS('',1,(#8338,#8339),.UNSPECIFIED.,.F.,.F.,
(2,2),(-0.2,0.),.UNSPECIFIED.);
#4827=B_SPLINE_CURVE_WITH_KNOTS('',1,(#8340,#8341),.UNSPECIFIED.,.F.,.F.,
(2,2),(-0.2,0.),.UNSPECIFIED.);
#4828=B_SPLINE_CURVE_WITH_KNOTS('',1,(#8342,#8343),.UNSPECIFIED.,.F.,.F.,
(2,2),(0.,0.099999999999),.UNSPECIFIED.);
#4829=B_SPLINE_CURVE_WITH_KNOTS('',1,(#8344,#8345),.UNSPECIFIED.,.F.,.F.,
(2,2),(0.,0.099999999999),.UNSPECIFIED.);
#4830=B_SPLINE_CURVE_WITH_KNOTS('',1,(#8346,#8347),.UNSPECIFIED.,.F.,.F.,
(2,2),(-0.2,0.),.UNSPECIFIED.);
#4831=B_SPLINE_CURVE_WITH_KNOTS('',1,(#8348,#8349),.UNSPECIFIED.,.F.,.F.,
(2,2),(-0.220024054780433,0.),.UNSPECIFIED.);
#4832=B_SPLINE_CURVE_WITH_KNOTS('',1,(#8350,#8351),.UNSPECIFIED.,.F.,.F.,
(2,2),(-0.220024054780433,0.),.UNSPECIFIED.);
#4833=B_SPLINE_CURVE_WITH_KNOTS('',1,(#8352,#8353),.UNSPECIFIED.,.F.,.F.,
(2,2),(-0.2,0.),.UNSPECIFIED.);
#4834=B_SPLINE_CURVE_WITH_KNOTS('',1,(#8354,#8355),.UNSPECIFIED.,.F.,.F.,
(2,2),(-0.2,0.),.UNSPECIFIED.);
#4835=B_SPLINE_CURVE_WITH_KNOTS('',1,(#8356,#8357),.UNSPECIFIED.,.F.,.F.,
(2,2),(0.,0.220024054780433),.UNSPECIFIED.);
#4836=B_SPLINE_CURVE_WITH_KNOTS('',1,(#8358,#8359),.UNSPECIFIED.,.F.,.F.,
(2,2),(0.,0.220024054780433),.UNSPECIFIED.);
#4837=B_SPLINE_CURVE_WITH_KNOTS('',1,(#8360,#8361),.UNSPECIFIED.,.F.,.F.,
(2,2),(-0.2,0.),.UNSPECIFIED.);
#4838=B_SPLINE_CURVE_WITH_KNOTS('',1,(#8362,#8363),.UNSPECIFIED.,.F.,.F.,
(2,2),(-0.494476148430403,0.),.UNSPECIFIED.);
#4839=B_SPLINE_CURVE_WITH_KNOTS('',1,(#8364,#8365),.UNSPECIFIED.,.F.,.F.,
(2,2),(-0.494476148430403,0.),.UNSPECIFIED.);
#4840=B_SPLINE_CURVE_WITH_KNOTS('',1,(#8366,#8367),.UNSPECIFIED.,.F.,.F.,
(2,2),(-0.2,0.),.UNSPECIFIED.);
#4841=B_SPLINE_CURVE_WITH_KNOTS('',1,(#8368,#8369),.UNSPECIFIED.,.F.,.F.,
(2,2),(-0.2,0.),.UNSPECIFIED.);
#4842=B_SPLINE_CURVE_WITH_KNOTS('',1,(#8370,#8371),.UNSPECIFIED.,.F.,.F.,
(2,2),(0.,0.494476148430403),.UNSPECIFIED.);
#4843=B_SPLINE_CURVE_WITH_KNOTS('',1,(#8372,#8373),.UNSPECIFIED.,.F.,.F.,
(2,2),(0.,0.494476148430403),.UNSPECIFIED.);
#4844=B_SPLINE_CURVE_WITH_KNOTS('',1,(#8374,#8375),.UNSPECIFIED.,.F.,.F.,
(2,2),(-0.2,0.),.UNSPECIFIED.);
#4845=B_SPLINE_CURVE_WITH_KNOTS('',1,(#8376,#8377),.UNSPECIFIED.,.F.,.F.,
(2,2),(-0.049999999999,0.),.UNSPECIFIED.);
#4846=B_SPLINE_CURVE_WITH_KNOTS('',1,(#8378,#8379),.UNSPECIFIED.,.F.,.F.,
(2,2),(-0.049999999999,0.),.UNSPECIFIED.);
#4847=B_SPLINE_CURVE_WITH_KNOTS('',1,(#8380,#8381),.UNSPECIFIED.,.F.,.F.,
(2,2),(-0.2,0.),.UNSPECIFIED.);
#4848=B_SPLINE_CURVE_WITH_KNOTS('',1,(#8382,#8383),.UNSPECIFIED.,.F.,.F.,
(2,2),(-0.2,0.),.UNSPECIFIED.);
#4849=B_SPLINE_CURVE_WITH_KNOTS('',1,(#8384,#8385),.UNSPECIFIED.,.F.,.F.,
(2,2),(0.,0.049999999999),.UNSPECIFIED.);
#4850=B_SPLINE_CURVE_WITH_KNOTS('',1,(#8386,#8387),.UNSPECIFIED.,.F.,.F.,
(2,2),(0.,0.049999999999),.UNSPECIFIED.);
#4851=B_SPLINE_CURVE_WITH_KNOTS('',1,(#8388,#8389),.UNSPECIFIED.,.F.,.F.,
(2,2),(-0.2,0.),.UNSPECIFIED.);
#4852=B_SPLINE_CURVE_WITH_KNOTS('',1,(#8390,#8391),.UNSPECIFIED.,.F.,.F.,
(2,2),(-1.,0.),.UNSPECIFIED.);
#4853=B_SPLINE_CURVE_WITH_KNOTS('',1,(#8392,#8393),.UNSPECIFIED.,.F.,.F.,
(2,2),(-1.,0.),.UNSPECIFIED.);
#4854=B_SPLINE_CURVE_WITH_KNOTS('',1,(#8394,#8395),.UNSPECIFIED.,.F.,.F.,
(2,2),(-0.2,0.),.UNSPECIFIED.);
#4855=B_SPLINE_CURVE_WITH_KNOTS('',1,(#8396,#8397),.UNSPECIFIED.,.F.,.F.,
(2,2),(-0.2,0.),.UNSPECIFIED.);
#4856=B_SPLINE_CURVE_WITH_KNOTS('',1,(#8398,#8399),.UNSPECIFIED.,.F.,.F.,
(2,2),(0.,1.),.UNSPECIFIED.);
#4857=B_SPLINE_CURVE_WITH_KNOTS('',1,(#8400,#8401),.UNSPECIFIED.,.F.,.F.,
(2,2),(0.,1.),.UNSPECIFIED.);
#4858=B_SPLINE_CURVE_WITH_KNOTS('',1,(#8402,#8403),.UNSPECIFIED.,.F.,.F.,
(2,2),(0.,0.106635681638776),.UNSPECIFIED.);
#4859=B_SPLINE_CURVE_WITH_KNOTS('',1,(#8404,#8405),.UNSPECIFIED.,.F.,.F.,
(2,2),(0.,0.106635681638776),.UNSPECIFIED.);
#4860=B_SPLINE_CURVE_WITH_KNOTS('',1,(#8406,#8407),.UNSPECIFIED.,.F.,.F.,
(2,2),(-2.072062255062,0.),.UNSPECIFIED.);
#4861=B_SPLINE_CURVE_WITH_KNOTS('',1,(#8408,#8409),.UNSPECIFIED.,.F.,.F.,
(2,2),(0.,0.00999999999899978),.UNSPECIFIED.);
#4862=B_SPLINE_CURVE_WITH_KNOTS('',1,(#8410,#8411),.UNSPECIFIED.,.F.,.F.,
(2,2),(0.,0.00999999999899978),.UNSPECIFIED.);
#4863=B_SPLINE_CURVE_WITH_KNOTS('',1,(#8412,#8413),.UNSPECIFIED.,.F.,.F.,
(2,2),(-1.,0.),.UNSPECIFIED.);
#4864=B_SPLINE_CURVE_WITH_KNOTS('',1,(#8414,#8415),.UNSPECIFIED.,.F.,.F.,
(2,2),(-0.049999999999,0.),.UNSPECIFIED.);
#4865=B_SPLINE_CURVE_WITH_KNOTS('',1,(#8416,#8417),.UNSPECIFIED.,.F.,.F.,
(2,2),(-0.494476148430403,0.),.UNSPECIFIED.);
#4866=B_SPLINE_CURVE_WITH_KNOTS('',1,(#8418,#8419),.UNSPECIFIED.,.F.,.F.,
(2,2),(-0.220024054780433,0.),.UNSPECIFIED.);
#4867=B_SPLINE_CURVE_WITH_KNOTS('',1,(#8420,#8421),.UNSPECIFIED.,.F.,.F.,
(2,2),(-0.099999999999,0.),.UNSPECIFIED.);
#4868=B_SPLINE_CURVE_WITH_KNOTS('',1,(#8422,#8423),.UNSPECIFIED.,.F.,.F.,
(2,2),(-1.55362063673,0.),.UNSPECIFIED.);
#4869=B_SPLINE_CURVE_WITH_KNOTS('',1,(#8429,#8430),.UNSPECIFIED.,.F.,.F.,
(2,2),(-0.106635681637776,0.),.UNSPECIFIED.);
#4870=B_SPLINE_CURVE_WITH_KNOTS('',1,(#8431,#8432),.UNSPECIFIED.,.F.,.F.,
(2,2),(-0.106635681637776,0.),.UNSPECIFIED.);
#4871=B_SPLINE_CURVE_WITH_KNOTS('',1,(#8438,#8439),.UNSPECIFIED.,.F.,.F.,
(2,2),(0.,1.55362063673),.UNSPECIFIED.);
#4872=B_SPLINE_CURVE_WITH_KNOTS('',1,(#8440,#8441),.UNSPECIFIED.,.F.,.F.,
(2,2),(0.,0.099999999999),.UNSPECIFIED.);
#4873=B_SPLINE_CURVE_WITH_KNOTS('',1,(#8442,#8443),.UNSPECIFIED.,.F.,.F.,
(2,2),(0.,0.220024054780433),.UNSPECIFIED.);
#4874=B_SPLINE_CURVE_WITH_KNOTS('',1,(#8444,#8445),.UNSPECIFIED.,.F.,.F.,
(2,2),(0.,0.494476148430403),.UNSPECIFIED.);
#4875=B_SPLINE_CURVE_WITH_KNOTS('',1,(#8446,#8447),.UNSPECIFIED.,.F.,.F.,
(2,2),(0.,0.049999999999),.UNSPECIFIED.);
#4876=B_SPLINE_CURVE_WITH_KNOTS('',1,(#8448,#8449),.UNSPECIFIED.,.F.,.F.,
(2,2),(0.,1.),.UNSPECIFIED.);
#4877=B_SPLINE_CURVE_WITH_KNOTS('',1,(#8450,#8451),.UNSPECIFIED.,.F.,.F.,
(2,2),(-0.00999999999899997,0.),.UNSPECIFIED.);
#4878=B_SPLINE_CURVE_WITH_KNOTS('',1,(#8452,#8453),.UNSPECIFIED.,.F.,.F.,
(2,2),(-0.00999999999899997,0.),.UNSPECIFIED.);
#4879=B_SPLINE_CURVE_WITH_KNOTS('',1,(#8454,#8455),.UNSPECIFIED.,.F.,.F.,
(2,2),(0.,2.072062255062),.UNSPECIFIED.);
#4880=B_SPLINE_CURVE_WITH_KNOTS('',1,(#8456,#8457),.UNSPECIFIED.,.F.,.F.,
(2,2),(-0.106635681637776,0.),.UNSPECIFIED.);
#4881=B_SPLINE_CURVE_WITH_KNOTS('',1,(#8458,#8459),.UNSPECIFIED.,.F.,.F.,
(2,2),(-0.2,0.),.UNSPECIFIED.);
#4882=B_SPLINE_CURVE_WITH_KNOTS('',1,(#8460,#8461),.UNSPECIFIED.,.F.,.F.,
(2,2),(0.,0.106635681638776),.UNSPECIFIED.);
#4883=B_SPLINE_CURVE_WITH_KNOTS('',1,(#8462,#8463),.UNSPECIFIED.,.F.,.F.,
(2,2),(0.,0.2),.UNSPECIFIED.);
#4884=B_SPLINE_CURVE_WITH_KNOTS('',1,(#8464,#8465),.UNSPECIFIED.,.F.,.F.,
(2,2),(-0.2,0.),.UNSPECIFIED.);
#4885=B_SPLINE_CURVE_WITH_KNOTS('',1,(#8466,#8467),.UNSPECIFIED.,.F.,.F.,
(2,2),(-0.00999999999899997,0.),.UNSPECIFIED.);
#4886=B_SPLINE_CURVE_WITH_KNOTS('',1,(#8468,#8469),.UNSPECIFIED.,.F.,.F.,
(2,2),(-0.2,0.),.UNSPECIFIED.);
#4887=B_SPLINE_CURVE_WITH_KNOTS('',1,(#8470,#8471),.UNSPECIFIED.,.F.,.F.,
(2,2),(0.,0.00999999999899978),.UNSPECIFIED.);
#4888=B_SPLINE_CURVE_WITH_KNOTS('',1,(#8472,#8473),.UNSPECIFIED.,.F.,.F.,
(2,2),(0.,1.86135751116892),.UNSPECIFIED.);
#4889=B_SPLINE_CURVE_WITH_KNOTS('',1,(#8474,#8475),.UNSPECIFIED.,.F.,.F.,
(2,2),(0.,1.86135751116892),.UNSPECIFIED.);
#4890=B_SPLINE_CURVE_WITH_KNOTS('',1,(#8476,#8477),.UNSPECIFIED.,.F.,.F.,
(2,2),(0.,0.2),.UNSPECIFIED.);
#4891=B_SPLINE_CURVE_WITH_KNOTS('',1,(#8478,#8479),.UNSPECIFIED.,.F.,.F.,
(2,2),(0.,0.2),.UNSPECIFIED.);
#4892=B_SPLINE_CURVE_WITH_KNOTS('',1,(#8480,#8481),.UNSPECIFIED.,.F.,.F.,
(2,2),(-1.86135751116892,0.),.UNSPECIFIED.);
#4893=B_SPLINE_CURVE_WITH_KNOTS('',1,(#8482,#8483),.UNSPECIFIED.,.F.,.F.,
(2,2),(-1.86135751116892,0.),.UNSPECIFIED.);
#4894=B_SPLINE_CURVE_WITH_KNOTS('',1,(#8484,#8485),.UNSPECIFIED.,.F.,.F.,
(2,2),(-0.2,0.),.UNSPECIFIED.);
#4895=B_SPLINE_CURVE_WITH_KNOTS('',1,(#8492,#8493),.UNSPECIFIED.,.F.,.F.,
(2,2),(-0.00502719994699996,0.),.UNSPECIFIED.);
#4896=B_SPLINE_CURVE_WITH_KNOTS('',1,(#8494,#8495),.UNSPECIFIED.,.F.,.F.,
(2,2),(-0.00502719994699996,0.),.UNSPECIFIED.);
#4897=B_SPLINE_CURVE_WITH_KNOTS('',1,(#8502,#8503),.UNSPECIFIED.,.F.,.F.,
(2,2),(0.,1.86135751116892),.UNSPECIFIED.);
#4898=B_SPLINE_CURVE_WITH_KNOTS('',1,(#8504,#8505),.UNSPECIFIED.,.F.,.F.,
(2,2),(0.,0.367889752693),.UNSPECIFIED.);
#4899=B_SPLINE_CURVE_WITH_KNOTS('',1,(#8506,#8507),.UNSPECIFIED.,.F.,.F.,
(2,2),(-1.86135751116894,0.),.UNSPECIFIED.);
#4900=B_SPLINE_CURVE_WITH_KNOTS('',1,(#8508,#8509),.UNSPECIFIED.,.F.,.F.,
(2,2),(-1.86135751116894,0.),.UNSPECIFIED.);
#4901=B_SPLINE_CURVE_WITH_KNOTS('',1,(#8510,#8511),.UNSPECIFIED.,.F.,.F.,
(2,2),(0.,0.00502719994699996),.UNSPECIFIED.);
#4902=B_SPLINE_CURVE_WITH_KNOTS('',1,(#8512,#8513),.UNSPECIFIED.,.F.,.F.,
(2,2),(0.,0.00502719994699996),.UNSPECIFIED.);
#4903=B_SPLINE_CURVE_WITH_KNOTS('',1,(#8520,#8521),.UNSPECIFIED.,.F.,.F.,
(2,2),(0.,1.86135751116894),.UNSPECIFIED.);
#4904=B_SPLINE_CURVE_WITH_KNOTS('',1,(#8522,#8523),.UNSPECIFIED.,.F.,.F.,
(2,2),(0.,1.86135751116894),.UNSPECIFIED.);
#4905=B_SPLINE_CURVE_WITH_KNOTS('',1,(#8524,#8525),.UNSPECIFIED.,.F.,.F.,
(2,2),(-0.367889752693,0.),.UNSPECIFIED.);
#4906=B_SPLINE_CURVE_WITH_KNOTS('',1,(#8526,#8527),.UNSPECIFIED.,.F.,.F.,
(2,2),(-1.86135751116892,0.),.UNSPECIFIED.);
#4907=B_SPLINE_CURVE_WITH_KNOTS('',1,(#8534,#8535),.UNSPECIFIED.,.F.,.F.,
(2,2),(0.,1.86135751116894),.UNSPECIFIED.);
#4908=B_SPLINE_CURVE_WITH_KNOTS('',1,(#8536,#8537),.UNSPECIFIED.,.F.,.F.,
(2,2),(0.,0.2),.UNSPECIFIED.);
#4909=B_SPLINE_CURVE_WITH_KNOTS('',1,(#8538,#8539),.UNSPECIFIED.,.F.,.F.,
(2,2),(0.,0.2),.UNSPECIFIED.);
#4910=B_SPLINE_CURVE_WITH_KNOTS('',1,(#8540,#8541),.UNSPECIFIED.,.F.,.F.,
(2,2),(-1.86135751116894,0.),.UNSPECIFIED.);
#4911=B_SPLINE_CURVE_WITH_KNOTS('',1,(#8542,#8543),.UNSPECIFIED.,.F.,.F.,
(2,2),(-0.2,0.),.UNSPECIFIED.);
#4912=B_SPLINE_CURVE_WITH_KNOTS('',1,(#8544,#8545),.UNSPECIFIED.,.F.,.F.,
(2,2),(-0.00502719994699996,0.),.UNSPECIFIED.);
#4913=B_SPLINE_CURVE_WITH_KNOTS('',1,(#8546,#8547),.UNSPECIFIED.,.F.,.F.,
(2,2),(0.,0.2),.UNSPECIFIED.);
#4914=B_SPLINE_CURVE_WITH_KNOTS('',1,(#8548,#8549),.UNSPECIFIED.,.F.,.F.,
(2,2),(0.,0.2),.UNSPECIFIED.);
#4915=B_SPLINE_CURVE_WITH_KNOTS('',1,(#8550,#8551),.UNSPECIFIED.,.F.,.F.,
(2,2),(0.,0.00502719994699996),.UNSPECIFIED.);
#4916=B_SPLINE_CURVE_WITH_KNOTS('',1,(#8552,#8553),.UNSPECIFIED.,.F.,.F.,
(2,2),(0.,0.2),.UNSPECIFIED.);
#4917=B_SPLINE_CURVE_WITH_KNOTS('',1,(#8554,#8555),.UNSPECIFIED.,.F.,.F.,
(2,2),(0.,0.2),.UNSPECIFIED.);
#4918=B_SPLINE_CURVE_WITH_KNOTS('',1,(#8556,#8557),.UNSPECIFIED.,.F.,.F.,
(2,2),(0.,0.233084670798837),.UNSPECIFIED.);
#4919=B_SPLINE_CURVE_WITH_KNOTS('',1,(#8558,#8559),.UNSPECIFIED.,.F.,.F.,
(2,2),(0.,0.2),.UNSPECIFIED.);
#4920=B_SPLINE_CURVE_WITH_KNOTS('',1,(#8560,#8561),.UNSPECIFIED.,.F.,.F.,
(2,2),(0.,0.233084670798837),.UNSPECIFIED.);
#4921=B_SPLINE_CURVE_WITH_KNOTS('',1,(#8562,#8563),.UNSPECIFIED.,.F.,.F.,
(2,2),(0.,0.2),.UNSPECIFIED.);
#4922=B_SPLINE_CURVE_WITH_KNOTS('',1,(#8564,#8565),.UNSPECIFIED.,.F.,.F.,
(2,2),(0.,0.233084670798854),.UNSPECIFIED.);
#4923=B_SPLINE_CURVE_WITH_KNOTS('',1,(#8566,#8567),.UNSPECIFIED.,.F.,.F.,
(2,2),(0.,0.2),.UNSPECIFIED.);
#4924=B_SPLINE_CURVE_WITH_KNOTS('',1,(#8568,#8569),.UNSPECIFIED.,.F.,.F.,
(2,2),(0.,0.233084670798854),.UNSPECIFIED.);
#4925=B_SPLINE_CURVE_WITH_KNOTS('',1,(#8570,#8571),.UNSPECIFIED.,.F.,.F.,
(2,2),(0.,0.2),.UNSPECIFIED.);
#4926=B_SPLINE_CURVE_WITH_KNOTS('',1,(#8572,#8573),.UNSPECIFIED.,.F.,.F.,
(2,2),(0.,0.2),.UNSPECIFIED.);
#4927=B_SPLINE_CURVE_WITH_KNOTS('',1,(#8574,#8575),.UNSPECIFIED.,.F.,.F.,
(2,2),(0.,0.2),.UNSPECIFIED.);
#4928=B_SPLINE_CURVE_WITH_KNOTS('',1,(#8581,#8582),.UNSPECIFIED.,.F.,.F.,
(2,2),(-0.317538969652104,0.),.UNSPECIFIED.);
#4929=B_SPLINE_CURVE_WITH_KNOTS('',1,(#8583,#8584),.UNSPECIFIED.,.F.,.F.,
(2,2),(-0.2,0.),.UNSPECIFIED.);
#4930=B_SPLINE_CURVE_WITH_KNOTS('',1,(#8585,#8586),.UNSPECIFIED.,.F.,.F.,
(2,2),(-0.2,0.),.UNSPECIFIED.);
#4931=B_SPLINE_CURVE_WITH_KNOTS('',1,(#8592,#8593),.UNSPECIFIED.,.F.,.F.,
(2,2),(0.,0.317538969652104),.UNSPECIFIED.);
#4932=B_SPLINE_CURVE_WITH_KNOTS('',1,(#8594,#8595),.UNSPECIFIED.,.F.,.F.,
(2,2),(-0.2,0.),.UNSPECIFIED.);
#4933=B_SPLINE_CURVE_WITH_KNOTS('',1,(#8596,#8597),.UNSPECIFIED.,.F.,.F.,
(2,2),(-1.55362063673,0.),.UNSPECIFIED.);
#4934=B_SPLINE_CURVE_WITH_KNOTS('',1,(#8598,#8599),.UNSPECIFIED.,.F.,.F.,
(2,2),(-1.55362063673,0.),.UNSPECIFIED.);
#4935=B_SPLINE_CURVE_WITH_KNOTS('',1,(#8600,#8601),.UNSPECIFIED.,.F.,.F.,
(2,2),(-0.2,0.),.UNSPECIFIED.);
#4936=B_SPLINE_CURVE_WITH_KNOTS('',1,(#8602,#8603),.UNSPECIFIED.,.F.,.F.,
(2,2),(-0.2,0.),.UNSPECIFIED.);
#4937=B_SPLINE_CURVE_WITH_KNOTS('',1,(#8604,#8605),.UNSPECIFIED.,.F.,.F.,
(2,2),(0.,1.55362063673),.UNSPECIFIED.);
#4938=B_SPLINE_CURVE_WITH_KNOTS('',1,(#8606,#8607),.UNSPECIFIED.,.F.,.F.,
(2,2),(0.,1.55362063673),.UNSPECIFIED.);
#4939=B_SPLINE_CURVE_WITH_KNOTS('',1,(#8608,#8609),.UNSPECIFIED.,.F.,.F.,
(2,2),(-0.2,0.),.UNSPECIFIED.);
#4940=B_SPLINE_CURVE_WITH_KNOTS('',1,(#8610,#8611),.UNSPECIFIED.,.F.,.F.,
(2,2),(-0.099999999999,0.),.UNSPECIFIED.);
#4941=B_SPLINE_CURVE_WITH_KNOTS('',1,(#8612,#8613),.UNSPECIFIED.,.F.,.F.,
(2,2),(-0.099999999999,0.),.UNSPECIFIED.);
#4942=B_SPLINE_CURVE_WITH_KNOTS('',1,(#8614,#8615),.UNSPECIFIED.,.F.,.F.,
(2,2),(-0.2,0.),.UNSPECIFIED.);
#4943=B_SPLINE_CURVE_WITH_KNOTS('',1,(#8616,#8617),.UNSPECIFIED.,.F.,.F.,
(2,2),(-0.2,0.),.UNSPECIFIED.);
#4944=B_SPLINE_CURVE_WITH_KNOTS('',1,(#8618,#8619),.UNSPECIFIED.,.F.,.F.,
(2,2),(0.,0.099999999999),.UNSPECIFIED.);
#4945=B_SPLINE_CURVE_WITH_KNOTS('',1,(#8620,#8621),.UNSPECIFIED.,.F.,.F.,
(2,2),(0.,0.099999999999),.UNSPECIFIED.);
#4946=B_SPLINE_CURVE_WITH_KNOTS('',1,(#8622,#8623),.UNSPECIFIED.,.F.,.F.,
(2,2),(-0.2,0.),.UNSPECIFIED.);
#4947=B_SPLINE_CURVE_WITH_KNOTS('',1,(#8624,#8625),.UNSPECIFIED.,.F.,.F.,
(2,2),(-0.220024054780433,0.),.UNSPECIFIED.);
#4948=B_SPLINE_CURVE_WITH_KNOTS('',1,(#8626,#8627),.UNSPECIFIED.,.F.,.F.,
(2,2),(-0.220024054780433,0.),.UNSPECIFIED.);
#4949=B_SPLINE_CURVE_WITH_KNOTS('',1,(#8628,#8629),.UNSPECIFIED.,.F.,.F.,
(2,2),(-0.2,0.),.UNSPECIFIED.);
#4950=B_SPLINE_CURVE_WITH_KNOTS('',1,(#8630,#8631),.UNSPECIFIED.,.F.,.F.,
(2,2),(-0.2,0.),.UNSPECIFIED.);
#4951=B_SPLINE_CURVE_WITH_KNOTS('',1,(#8632,#8633),.UNSPECIFIED.,.F.,.F.,
(2,2),(0.,0.220024054780433),.UNSPECIFIED.);
#4952=B_SPLINE_CURVE_WITH_KNOTS('',1,(#8634,#8635),.UNSPECIFIED.,.F.,.F.,
(2,2),(0.,0.220024054780433),.UNSPECIFIED.);
#4953=B_SPLINE_CURVE_WITH_KNOTS('',1,(#8636,#8637),.UNSPECIFIED.,.F.,.F.,
(2,2),(-0.2,0.),.UNSPECIFIED.);
#4954=B_SPLINE_CURVE_WITH_KNOTS('',1,(#8638,#8639),.UNSPECIFIED.,.F.,.F.,
(2,2),(-0.494476148430403,0.),.UNSPECIFIED.);
#4955=B_SPLINE_CURVE_WITH_KNOTS('',1,(#8640,#8641),.UNSPECIFIED.,.F.,.F.,
(2,2),(-0.494476148430403,0.),.UNSPECIFIED.);
#4956=B_SPLINE_CURVE_WITH_KNOTS('',1,(#8642,#8643),.UNSPECIFIED.,.F.,.F.,
(2,2),(-0.2,0.),.UNSPECIFIED.);
#4957=B_SPLINE_CURVE_WITH_KNOTS('',1,(#8644,#8645),.UNSPECIFIED.,.F.,.F.,
(2,2),(-0.2,0.),.UNSPECIFIED.);
#4958=B_SPLINE_CURVE_WITH_KNOTS('',1,(#8646,#8647),.UNSPECIFIED.,.F.,.F.,
(2,2),(0.,0.494476148430403),.UNSPECIFIED.);
#4959=B_SPLINE_CURVE_WITH_KNOTS('',1,(#8648,#8649),.UNSPECIFIED.,.F.,.F.,
(2,2),(0.,0.494476148430403),.UNSPECIFIED.);
#4960=B_SPLINE_CURVE_WITH_KNOTS('',1,(#8650,#8651),.UNSPECIFIED.,.F.,.F.,
(2,2),(-0.2,0.),.UNSPECIFIED.);
#4961=B_SPLINE_CURVE_WITH_KNOTS('',1,(#8652,#8653),.UNSPECIFIED.,.F.,.F.,
(2,2),(-0.049999999999,0.),.UNSPECIFIED.);
#4962=B_SPLINE_CURVE_WITH_KNOTS('',1,(#8654,#8655),.UNSPECIFIED.,.F.,.F.,
(2,2),(-0.049999999999,0.),.UNSPECIFIED.);
#4963=B_SPLINE_CURVE_WITH_KNOTS('',1,(#8656,#8657),.UNSPECIFIED.,.F.,.F.,
(2,2),(-0.2,0.),.UNSPECIFIED.);
#4964=B_SPLINE_CURVE_WITH_KNOTS('',1,(#8658,#8659),.UNSPECIFIED.,.F.,.F.,
(2,2),(-0.2,0.),.UNSPECIFIED.);
#4965=B_SPLINE_CURVE_WITH_KNOTS('',1,(#8660,#8661),.UNSPECIFIED.,.F.,.F.,
(2,2),(0.,0.049999999999),.UNSPECIFIED.);
#4966=B_SPLINE_CURVE_WITH_KNOTS('',1,(#8662,#8663),.UNSPECIFIED.,.F.,.F.,
(2,2),(0.,0.049999999999),.UNSPECIFIED.);
#4967=B_SPLINE_CURVE_WITH_KNOTS('',1,(#8664,#8665),.UNSPECIFIED.,.F.,.F.,
(2,2),(-0.2,0.),.UNSPECIFIED.);
#4968=B_SPLINE_CURVE_WITH_KNOTS('',1,(#8666,#8667),.UNSPECIFIED.,.F.,.F.,
(2,2),(-1.,0.),.UNSPECIFIED.);
#4969=B_SPLINE_CURVE_WITH_KNOTS('',1,(#8668,#8669),.UNSPECIFIED.,.F.,.F.,
(2,2),(-1.,0.),.UNSPECIFIED.);
#4970=B_SPLINE_CURVE_WITH_KNOTS('',1,(#8670,#8671),.UNSPECIFIED.,.F.,.F.,
(2,2),(-0.2,0.),.UNSPECIFIED.);
#4971=B_SPLINE_CURVE_WITH_KNOTS('',1,(#8672,#8673),.UNSPECIFIED.,.F.,.F.,
(2,2),(-0.2,0.),.UNSPECIFIED.);
#4972=B_SPLINE_CURVE_WITH_KNOTS('',1,(#8674,#8675),.UNSPECIFIED.,.F.,.F.,
(2,2),(0.,1.),.UNSPECIFIED.);
#4973=B_SPLINE_CURVE_WITH_KNOTS('',1,(#8676,#8677),.UNSPECIFIED.,.F.,.F.,
(2,2),(0.,1.),.UNSPECIFIED.);
#4974=B_SPLINE_CURVE_WITH_KNOTS('',1,(#8678,#8679),.UNSPECIFIED.,.F.,.F.,
(2,2),(0.,0.106635681638776),.UNSPECIFIED.);
#4975=B_SPLINE_CURVE_WITH_KNOTS('',1,(#8680,#8681),.UNSPECIFIED.,.F.,.F.,
(2,2),(0.,0.106635681638776),.UNSPECIFIED.);
#4976=B_SPLINE_CURVE_WITH_KNOTS('',1,(#8682,#8683),.UNSPECIFIED.,.F.,.F.,
(2,2),(-2.072062255062,0.),.UNSPECIFIED.);
#4977=B_SPLINE_CURVE_WITH_KNOTS('',1,(#8684,#8685),.UNSPECIFIED.,.F.,.F.,
(2,2),(0.,0.00999999999899978),.UNSPECIFIED.);
#4978=B_SPLINE_CURVE_WITH_KNOTS('',1,(#8686,#8687),.UNSPECIFIED.,.F.,.F.,
(2,2),(0.,0.00999999999899978),.UNSPECIFIED.);
#4979=B_SPLINE_CURVE_WITH_KNOTS('',1,(#8688,#8689),.UNSPECIFIED.,.F.,.F.,
(2,2),(-1.,0.),.UNSPECIFIED.);
#4980=B_SPLINE_CURVE_WITH_KNOTS('',1,(#8690,#8691),.UNSPECIFIED.,.F.,.F.,
(2,2),(-0.049999999999,0.),.UNSPECIFIED.);
#4981=B_SPLINE_CURVE_WITH_KNOTS('',1,(#8692,#8693),.UNSPECIFIED.,.F.,.F.,
(2,2),(-0.494476148430403,0.),.UNSPECIFIED.);
#4982=B_SPLINE_CURVE_WITH_KNOTS('',1,(#8694,#8695),.UNSPECIFIED.,.F.,.F.,
(2,2),(-0.220024054780433,0.),.UNSPECIFIED.);
#4983=B_SPLINE_CURVE_WITH_KNOTS('',1,(#8696,#8697),.UNSPECIFIED.,.F.,.F.,
(2,2),(-0.099999999999,0.),.UNSPECIFIED.);
#4984=B_SPLINE_CURVE_WITH_KNOTS('',1,(#8698,#8699),.UNSPECIFIED.,.F.,.F.,
(2,2),(-1.55362063673,0.),.UNSPECIFIED.);
#4985=B_SPLINE_CURVE_WITH_KNOTS('',1,(#8705,#8706),.UNSPECIFIED.,.F.,.F.,
(2,2),(-0.106635681637776,0.),.UNSPECIFIED.);
#4986=B_SPLINE_CURVE_WITH_KNOTS('',1,(#8707,#8708),.UNSPECIFIED.,.F.,.F.,
(2,2),(-0.106635681637776,0.),.UNSPECIFIED.);
#4987=B_SPLINE_CURVE_WITH_KNOTS('',1,(#8714,#8715),.UNSPECIFIED.,.F.,.F.,
(2,2),(0.,1.55362063673),.UNSPECIFIED.);
#4988=B_SPLINE_CURVE_WITH_KNOTS('',1,(#8716,#8717),.UNSPECIFIED.,.F.,.F.,
(2,2),(0.,0.099999999999),.UNSPECIFIED.);
#4989=B_SPLINE_CURVE_WITH_KNOTS('',1,(#8718,#8719),.UNSPECIFIED.,.F.,.F.,
(2,2),(0.,0.220024054780433),.UNSPECIFIED.);
#4990=B_SPLINE_CURVE_WITH_KNOTS('',1,(#8720,#8721),.UNSPECIFIED.,.F.,.F.,
(2,2),(0.,0.494476148430403),.UNSPECIFIED.);
#4991=B_SPLINE_CURVE_WITH_KNOTS('',1,(#8722,#8723),.UNSPECIFIED.,.F.,.F.,
(2,2),(0.,0.049999999999),.UNSPECIFIED.);
#4992=B_SPLINE_CURVE_WITH_KNOTS('',1,(#8724,#8725),.UNSPECIFIED.,.F.,.F.,
(2,2),(0.,1.),.UNSPECIFIED.);
#4993=B_SPLINE_CURVE_WITH_KNOTS('',1,(#8726,#8727),.UNSPECIFIED.,.F.,.F.,
(2,2),(-0.00999999999899997,0.),.UNSPECIFIED.);
#4994=B_SPLINE_CURVE_WITH_KNOTS('',1,(#8728,#8729),.UNSPECIFIED.,.F.,.F.,
(2,2),(-0.00999999999899997,0.),.UNSPECIFIED.);
#4995=B_SPLINE_CURVE_WITH_KNOTS('',1,(#8730,#8731),.UNSPECIFIED.,.F.,.F.,
(2,2),(0.,2.072062255062),.UNSPECIFIED.);
#4996=B_SPLINE_CURVE_WITH_KNOTS('',1,(#8732,#8733),.UNSPECIFIED.,.F.,.F.,
(2,2),(-0.106635681637776,0.),.UNSPECIFIED.);
#4997=B_SPLINE_CURVE_WITH_KNOTS('',1,(#8734,#8735),.UNSPECIFIED.,.F.,.F.,
(2,2),(-0.2,0.),.UNSPECIFIED.);
#4998=B_SPLINE_CURVE_WITH_KNOTS('',1,(#8736,#8737),.UNSPECIFIED.,.F.,.F.,
(2,2),(0.,0.106635681638776),.UNSPECIFIED.);
#4999=B_SPLINE_CURVE_WITH_KNOTS('',1,(#8738,#8739),.UNSPECIFIED.,.F.,.F.,
(2,2),(0.,0.2),.UNSPECIFIED.);
#5000=B_SPLINE_CURVE_WITH_KNOTS('',1,(#8740,#8741),.UNSPECIFIED.,.F.,.F.,
(2,2),(-0.2,0.),.UNSPECIFIED.);
#5001=B_SPLINE_CURVE_WITH_KNOTS('',1,(#8742,#8743),.UNSPECIFIED.,.F.,.F.,
(2,2),(-0.00999999999899997,0.),.UNSPECIFIED.);
#5002=B_SPLINE_CURVE_WITH_KNOTS('',1,(#8744,#8745),.UNSPECIFIED.,.F.,.F.,
(2,2),(-0.2,0.),.UNSPECIFIED.);
#5003=B_SPLINE_CURVE_WITH_KNOTS('',1,(#8746,#8747),.UNSPECIFIED.,.F.,.F.,
(2,2),(0.,0.00999999999899978),.UNSPECIFIED.);
#5004=B_SPLINE_CURVE_WITH_KNOTS('',1,(#8748,#8749),.UNSPECIFIED.,.F.,.F.,
(2,2),(0.,1.86135751116892),.UNSPECIFIED.);
#5005=B_SPLINE_CURVE_WITH_KNOTS('',1,(#8750,#8751),.UNSPECIFIED.,.F.,.F.,
(2,2),(0.,1.86135751116892),.UNSPECIFIED.);
#5006=B_SPLINE_CURVE_WITH_KNOTS('',1,(#8752,#8753),.UNSPECIFIED.,.F.,.F.,
(2,2),(0.,0.2),.UNSPECIFIED.);
#5007=B_SPLINE_CURVE_WITH_KNOTS('',1,(#8754,#8755),.UNSPECIFIED.,.F.,.F.,
(2,2),(0.,0.2),.UNSPECIFIED.);
#5008=B_SPLINE_CURVE_WITH_KNOTS('',1,(#8756,#8757),.UNSPECIFIED.,.F.,.F.,
(2,2),(-1.86135751116892,0.),.UNSPECIFIED.);
#5009=B_SPLINE_CURVE_WITH_KNOTS('',1,(#8758,#8759),.UNSPECIFIED.,.F.,.F.,
(2,2),(-1.86135751116892,0.),.UNSPECIFIED.);
#5010=B_SPLINE_CURVE_WITH_KNOTS('',1,(#8760,#8761),.UNSPECIFIED.,.F.,.F.,
(2,2),(-0.2,0.),.UNSPECIFIED.);
#5011=B_SPLINE_CURVE_WITH_KNOTS('',1,(#8768,#8769),.UNSPECIFIED.,.F.,.F.,
(2,2),(-0.00502719994699996,0.),.UNSPECIFIED.);
#5012=B_SPLINE_CURVE_WITH_KNOTS('',1,(#8770,#8771),.UNSPECIFIED.,.F.,.F.,
(2,2),(-0.00502719994699996,0.),.UNSPECIFIED.);
#5013=B_SPLINE_CURVE_WITH_KNOTS('',1,(#8778,#8779),.UNSPECIFIED.,.F.,.F.,
(2,2),(0.,1.86135751116892),.UNSPECIFIED.);
#5014=B_SPLINE_CURVE_WITH_KNOTS('',1,(#8780,#8781),.UNSPECIFIED.,.F.,.F.,
(2,2),(0.,0.367889752693),.UNSPECIFIED.);
#5015=B_SPLINE_CURVE_WITH_KNOTS('',1,(#8782,#8783),.UNSPECIFIED.,.F.,.F.,
(2,2),(-1.86135751116894,0.),.UNSPECIFIED.);
#5016=B_SPLINE_CURVE_WITH_KNOTS('',1,(#8784,#8785),.UNSPECIFIED.,.F.,.F.,
(2,2),(-1.86135751116894,0.),.UNSPECIFIED.);
#5017=B_SPLINE_CURVE_WITH_KNOTS('',1,(#8786,#8787),.UNSPECIFIED.,.F.,.F.,
(2,2),(0.,0.00502719994699996),.UNSPECIFIED.);
#5018=B_SPLINE_CURVE_WITH_KNOTS('',1,(#8788,#8789),.UNSPECIFIED.,.F.,.F.,
(2,2),(0.,0.00502719994699996),.UNSPECIFIED.);
#5019=B_SPLINE_CURVE_WITH_KNOTS('',1,(#8796,#8797),.UNSPECIFIED.,.F.,.F.,
(2,2),(0.,1.86135751116894),.UNSPECIFIED.);
#5020=B_SPLINE_CURVE_WITH_KNOTS('',1,(#8798,#8799),.UNSPECIFIED.,.F.,.F.,
(2,2),(0.,1.86135751116894),.UNSPECIFIED.);
#5021=B_SPLINE_CURVE_WITH_KNOTS('',1,(#8800,#8801),.UNSPECIFIED.,.F.,.F.,
(2,2),(-0.367889752693,0.),.UNSPECIFIED.);
#5022=B_SPLINE_CURVE_WITH_KNOTS('',1,(#8802,#8803),.UNSPECIFIED.,.F.,.F.,
(2,2),(-1.86135751116892,0.),.UNSPECIFIED.);
#5023=B_SPLINE_CURVE_WITH_KNOTS('',1,(#8810,#8811),.UNSPECIFIED.,.F.,.F.,
(2,2),(0.,1.86135751116894),.UNSPECIFIED.);
#5024=B_SPLINE_CURVE_WITH_KNOTS('',1,(#8812,#8813),.UNSPECIFIED.,.F.,.F.,
(2,2),(0.,0.2),.UNSPECIFIED.);
#5025=B_SPLINE_CURVE_WITH_KNOTS('',1,(#8814,#8815),.UNSPECIFIED.,.F.,.F.,
(2,2),(0.,0.2),.UNSPECIFIED.);
#5026=B_SPLINE_CURVE_WITH_KNOTS('',1,(#8816,#8817),.UNSPECIFIED.,.F.,.F.,
(2,2),(-1.86135751116894,0.),.UNSPECIFIED.);
#5027=B_SPLINE_CURVE_WITH_KNOTS('',1,(#8818,#8819),.UNSPECIFIED.,.F.,.F.,
(2,2),(-0.2,0.),.UNSPECIFIED.);
#5028=B_SPLINE_CURVE_WITH_KNOTS('',1,(#8820,#8821),.UNSPECIFIED.,.F.,.F.,
(2,2),(-0.00502719994699996,0.),.UNSPECIFIED.);
#5029=B_SPLINE_CURVE_WITH_KNOTS('',1,(#8822,#8823),.UNSPECIFIED.,.F.,.F.,
(2,2),(0.,0.2),.UNSPECIFIED.);
#5030=B_SPLINE_CURVE_WITH_KNOTS('',1,(#8824,#8825),.UNSPECIFIED.,.F.,.F.,
(2,2),(0.,0.2),.UNSPECIFIED.);
#5031=B_SPLINE_CURVE_WITH_KNOTS('',1,(#8826,#8827),.UNSPECIFIED.,.F.,.F.,
(2,2),(0.,0.00502719994699996),.UNSPECIFIED.);
#5032=B_SPLINE_CURVE_WITH_KNOTS('',1,(#8828,#8829),.UNSPECIFIED.,.F.,.F.,
(2,2),(0.,0.2),.UNSPECIFIED.);
#5033=B_SPLINE_CURVE_WITH_KNOTS('',1,(#8830,#8831),.UNSPECIFIED.,.F.,.F.,
(2,2),(0.,0.2),.UNSPECIFIED.);
#5034=B_SPLINE_CURVE_WITH_KNOTS('',1,(#8832,#8833),.UNSPECIFIED.,.F.,.F.,
(2,2),(0.,0.200000000001),.UNSPECIFIED.);
#5035=B_SPLINE_CURVE_WITH_KNOTS('',1,(#8834,#8835),.UNSPECIFIED.,.F.,.F.,
(2,2),(0.,0.200000000001),.UNSPECIFIED.);
#5036=B_SPLINE_CURVE_WITH_KNOTS('',1,(#8841,#8842),.UNSPECIFIED.,.F.,.F.,
(2,2),(-0.317538969652104,0.),.UNSPECIFIED.);
#5037=B_SPLINE_CURVE_WITH_KNOTS('',1,(#8843,#8844),.UNSPECIFIED.,.F.,.F.,
(2,2),(-0.200000000001,0.),.UNSPECIFIED.);
#5038=B_SPLINE_CURVE_WITH_KNOTS('',1,(#8845,#8846),.UNSPECIFIED.,.F.,.F.,
(2,2),(-0.200000000001,0.),.UNSPECIFIED.);
#5039=B_SPLINE_CURVE_WITH_KNOTS('',1,(#8852,#8853),.UNSPECIFIED.,.F.,.F.,
(2,2),(0.,0.317538969652104),.UNSPECIFIED.);
#5040=B_SPLINE_CURVE_WITH_KNOTS('',1,(#8854,#8855),.UNSPECIFIED.,.F.,.F.,
(2,2),(-0.200000000001,0.),.UNSPECIFIED.);
#5041=B_SPLINE_CURVE_WITH_KNOTS('',1,(#8856,#8857),.UNSPECIFIED.,.F.,.F.,
(2,2),(-1.55362063673,0.),.UNSPECIFIED.);
#5042=B_SPLINE_CURVE_WITH_KNOTS('',1,(#8858,#8859),.UNSPECIFIED.,.F.,.F.,
(2,2),(-1.55362063673,0.),.UNSPECIFIED.);
#5043=B_SPLINE_CURVE_WITH_KNOTS('',1,(#8860,#8861),.UNSPECIFIED.,.F.,.F.,
(2,2),(-0.200000000001,0.),.UNSPECIFIED.);
#5044=B_SPLINE_CURVE_WITH_KNOTS('',1,(#8862,#8863),.UNSPECIFIED.,.F.,.F.,
(2,2),(-0.200000000001,0.),.UNSPECIFIED.);
#5045=B_SPLINE_CURVE_WITH_KNOTS('',1,(#8864,#8865),.UNSPECIFIED.,.F.,.F.,
(2,2),(0.,1.55362063673),.UNSPECIFIED.);
#5046=B_SPLINE_CURVE_WITH_KNOTS('',1,(#8866,#8867),.UNSPECIFIED.,.F.,.F.,
(2,2),(0.,1.55362063673),.UNSPECIFIED.);
#5047=B_SPLINE_CURVE_WITH_KNOTS('',1,(#8868,#8869),.UNSPECIFIED.,.F.,.F.,
(2,2),(-0.200000000001,0.),.UNSPECIFIED.);
#5048=B_SPLINE_CURVE_WITH_KNOTS('',1,(#8870,#8871),.UNSPECIFIED.,.F.,.F.,
(2,2),(-0.099999999999,0.),.UNSPECIFIED.);
#5049=B_SPLINE_CURVE_WITH_KNOTS('',1,(#8872,#8873),.UNSPECIFIED.,.F.,.F.,
(2,2),(-0.099999999999,0.),.UNSPECIFIED.);
#5050=B_SPLINE_CURVE_WITH_KNOTS('',1,(#8874,#8875),.UNSPECIFIED.,.F.,.F.,
(2,2),(-0.200000000001,0.),.UNSPECIFIED.);
#5051=B_SPLINE_CURVE_WITH_KNOTS('',1,(#8876,#8877),.UNSPECIFIED.,.F.,.F.,
(2,2),(-0.200000000001,0.),.UNSPECIFIED.);
#5052=B_SPLINE_CURVE_WITH_KNOTS('',1,(#8878,#8879),.UNSPECIFIED.,.F.,.F.,
(2,2),(0.,0.099999999999),.UNSPECIFIED.);
#5053=B_SPLINE_CURVE_WITH_KNOTS('',1,(#8880,#8881),.UNSPECIFIED.,.F.,.F.,
(2,2),(0.,0.099999999999),.UNSPECIFIED.);
#5054=B_SPLINE_CURVE_WITH_KNOTS('',1,(#8882,#8883),.UNSPECIFIED.,.F.,.F.,
(2,2),(-0.200000000001,0.),.UNSPECIFIED.);
#5055=B_SPLINE_CURVE_WITH_KNOTS('',1,(#8884,#8885),.UNSPECIFIED.,.F.,.F.,
(2,2),(-0.220024054780433,0.),.UNSPECIFIED.);
#5056=B_SPLINE_CURVE_WITH_KNOTS('',1,(#8886,#8887),.UNSPECIFIED.,.F.,.F.,
(2,2),(-0.220024054780433,0.),.UNSPECIFIED.);
#5057=B_SPLINE_CURVE_WITH_KNOTS('',1,(#8888,#8889),.UNSPECIFIED.,.F.,.F.,
(2,2),(-0.200000000001,0.),.UNSPECIFIED.);
#5058=B_SPLINE_CURVE_WITH_KNOTS('',1,(#8890,#8891),.UNSPECIFIED.,.F.,.F.,
(2,2),(-0.200000000001,0.),.UNSPECIFIED.);
#5059=B_SPLINE_CURVE_WITH_KNOTS('',1,(#8892,#8893),.UNSPECIFIED.,.F.,.F.,
(2,2),(0.,0.220024054780433),.UNSPECIFIED.);
#5060=B_SPLINE_CURVE_WITH_KNOTS('',1,(#8894,#8895),.UNSPECIFIED.,.F.,.F.,
(2,2),(0.,0.220024054780433),.UNSPECIFIED.);
#5061=B_SPLINE_CURVE_WITH_KNOTS('',1,(#8896,#8897),.UNSPECIFIED.,.F.,.F.,
(2,2),(-0.200000000001,0.),.UNSPECIFIED.);
#5062=B_SPLINE_CURVE_WITH_KNOTS('',1,(#8898,#8899),.UNSPECIFIED.,.F.,.F.,
(2,2),(-0.494476148430403,0.),.UNSPECIFIED.);
#5063=B_SPLINE_CURVE_WITH_KNOTS('',1,(#8900,#8901),.UNSPECIFIED.,.F.,.F.,
(2,2),(-0.494476148430403,0.),.UNSPECIFIED.);
#5064=B_SPLINE_CURVE_WITH_KNOTS('',1,(#8902,#8903),.UNSPECIFIED.,.F.,.F.,
(2,2),(-0.200000000001,0.),.UNSPECIFIED.);
#5065=B_SPLINE_CURVE_WITH_KNOTS('',1,(#8904,#8905),.UNSPECIFIED.,.F.,.F.,
(2,2),(-0.200000000001,0.),.UNSPECIFIED.);
#5066=B_SPLINE_CURVE_WITH_KNOTS('',1,(#8906,#8907),.UNSPECIFIED.,.F.,.F.,
(2,2),(0.,0.494476148430403),.UNSPECIFIED.);
#5067=B_SPLINE_CURVE_WITH_KNOTS('',1,(#8908,#8909),.UNSPECIFIED.,.F.,.F.,
(2,2),(0.,0.494476148430403),.UNSPECIFIED.);
#5068=B_SPLINE_CURVE_WITH_KNOTS('',1,(#8910,#8911),.UNSPECIFIED.,.F.,.F.,
(2,2),(-0.200000000001,0.),.UNSPECIFIED.);
#5069=B_SPLINE_CURVE_WITH_KNOTS('',1,(#8912,#8913),.UNSPECIFIED.,.F.,.F.,
(2,2),(-0.049999999999,0.),.UNSPECIFIED.);
#5070=B_SPLINE_CURVE_WITH_KNOTS('',1,(#8914,#8915),.UNSPECIFIED.,.F.,.F.,
(2,2),(-0.049999999999,0.),.UNSPECIFIED.);
#5071=B_SPLINE_CURVE_WITH_KNOTS('',1,(#8916,#8917),.UNSPECIFIED.,.F.,.F.,
(2,2),(-0.200000000001,0.),.UNSPECIFIED.);
#5072=B_SPLINE_CURVE_WITH_KNOTS('',1,(#8918,#8919),.UNSPECIFIED.,.F.,.F.,
(2,2),(-0.200000000001,0.),.UNSPECIFIED.);
#5073=B_SPLINE_CURVE_WITH_KNOTS('',1,(#8920,#8921),.UNSPECIFIED.,.F.,.F.,
(2,2),(0.,0.049999999999),.UNSPECIFIED.);
#5074=B_SPLINE_CURVE_WITH_KNOTS('',1,(#8922,#8923),.UNSPECIFIED.,.F.,.F.,
(2,2),(0.,0.049999999999),.UNSPECIFIED.);
#5075=B_SPLINE_CURVE_WITH_KNOTS('',1,(#8924,#8925),.UNSPECIFIED.,.F.,.F.,
(2,2),(-0.200000000001,0.),.UNSPECIFIED.);
#5076=B_SPLINE_CURVE_WITH_KNOTS('',1,(#8926,#8927),.UNSPECIFIED.,.F.,.F.,
(2,2),(-1.,0.),.UNSPECIFIED.);
#5077=B_SPLINE_CURVE_WITH_KNOTS('',1,(#8928,#8929),.UNSPECIFIED.,.F.,.F.,
(2,2),(-1.,0.),.UNSPECIFIED.);
#5078=B_SPLINE_CURVE_WITH_KNOTS('',1,(#8930,#8931),.UNSPECIFIED.,.F.,.F.,
(2,2),(-0.200000000001,0.),.UNSPECIFIED.);
#5079=B_SPLINE_CURVE_WITH_KNOTS('',1,(#8932,#8933),.UNSPECIFIED.,.F.,.F.,
(2,2),(-0.200000000001,0.),.UNSPECIFIED.);
#5080=B_SPLINE_CURVE_WITH_KNOTS('',1,(#8934,#8935),.UNSPECIFIED.,.F.,.F.,
(2,2),(0.,1.),.UNSPECIFIED.);
#5081=B_SPLINE_CURVE_WITH_KNOTS('',1,(#8936,#8937),.UNSPECIFIED.,.F.,.F.,
(2,2),(0.,1.),.UNSPECIFIED.);
#5082=B_SPLINE_CURVE_WITH_KNOTS('',1,(#8938,#8939),.UNSPECIFIED.,.F.,.F.,
(2,2),(0.,0.106635681638776),.UNSPECIFIED.);
#5083=B_SPLINE_CURVE_WITH_KNOTS('',1,(#8940,#8941),.UNSPECIFIED.,.F.,.F.,
(2,2),(0.,0.106635681638776),.UNSPECIFIED.);
#5084=B_SPLINE_CURVE_WITH_KNOTS('',1,(#8942,#8943),.UNSPECIFIED.,.F.,.F.,
(2,2),(-2.072062255062,0.),.UNSPECIFIED.);
#5085=B_SPLINE_CURVE_WITH_KNOTS('',1,(#8944,#8945),.UNSPECIFIED.,.F.,.F.,
(2,2),(0.,0.00999999999899978),.UNSPECIFIED.);
#5086=B_SPLINE_CURVE_WITH_KNOTS('',1,(#8946,#8947),.UNSPECIFIED.,.F.,.F.,
(2,2),(0.,0.00999999999899978),.UNSPECIFIED.);
#5087=B_SPLINE_CURVE_WITH_KNOTS('',1,(#8948,#8949),.UNSPECIFIED.,.F.,.F.,
(2,2),(-1.,0.),.UNSPECIFIED.);
#5088=B_SPLINE_CURVE_WITH_KNOTS('',1,(#8950,#8951),.UNSPECIFIED.,.F.,.F.,
(2,2),(-0.049999999999,0.),.UNSPECIFIED.);
#5089=B_SPLINE_CURVE_WITH_KNOTS('',1,(#8952,#8953),.UNSPECIFIED.,.F.,.F.,
(2,2),(-0.494476148430403,0.),.UNSPECIFIED.);
#5090=B_SPLINE_CURVE_WITH_KNOTS('',1,(#8954,#8955),.UNSPECIFIED.,.F.,.F.,
(2,2),(-0.220024054780433,0.),.UNSPECIFIED.);
#5091=B_SPLINE_CURVE_WITH_KNOTS('',1,(#8956,#8957),.UNSPECIFIED.,.F.,.F.,
(2,2),(-0.099999999999,0.),.UNSPECIFIED.);
#5092=B_SPLINE_CURVE_WITH_KNOTS('',1,(#8958,#8959),.UNSPECIFIED.,.F.,.F.,
(2,2),(-1.55362063673,0.),.UNSPECIFIED.);
#5093=B_SPLINE_CURVE_WITH_KNOTS('',1,(#8965,#8966),.UNSPECIFIED.,.F.,.F.,
(2,2),(-0.106635681637776,0.),.UNSPECIFIED.);
#5094=B_SPLINE_CURVE_WITH_KNOTS('',1,(#8967,#8968),.UNSPECIFIED.,.F.,.F.,
(2,2),(-0.106635681637776,0.),.UNSPECIFIED.);
#5095=B_SPLINE_CURVE_WITH_KNOTS('',1,(#8974,#8975),.UNSPECIFIED.,.F.,.F.,
(2,2),(0.,1.55362063673),.UNSPECIFIED.);
#5096=B_SPLINE_CURVE_WITH_KNOTS('',1,(#8976,#8977),.UNSPECIFIED.,.F.,.F.,
(2,2),(0.,0.099999999999),.UNSPECIFIED.);
#5097=B_SPLINE_CURVE_WITH_KNOTS('',1,(#8978,#8979),.UNSPECIFIED.,.F.,.F.,
(2,2),(0.,0.220024054780433),.UNSPECIFIED.);
#5098=B_SPLINE_CURVE_WITH_KNOTS('',1,(#8980,#8981),.UNSPECIFIED.,.F.,.F.,
(2,2),(0.,0.494476148430403),.UNSPECIFIED.);
#5099=B_SPLINE_CURVE_WITH_KNOTS('',1,(#8982,#8983),.UNSPECIFIED.,.F.,.F.,
(2,2),(0.,0.049999999999),.UNSPECIFIED.);
#5100=B_SPLINE_CURVE_WITH_KNOTS('',1,(#8984,#8985),.UNSPECIFIED.,.F.,.F.,
(2,2),(0.,1.),.UNSPECIFIED.);
#5101=B_SPLINE_CURVE_WITH_KNOTS('',1,(#8986,#8987),.UNSPECIFIED.,.F.,.F.,
(2,2),(-0.00999999999899997,0.),.UNSPECIFIED.);
#5102=B_SPLINE_CURVE_WITH_KNOTS('',1,(#8988,#8989),.UNSPECIFIED.,.F.,.F.,
(2,2),(-0.00999999999899997,0.),.UNSPECIFIED.);
#5103=B_SPLINE_CURVE_WITH_KNOTS('',1,(#8990,#8991),.UNSPECIFIED.,.F.,.F.,
(2,2),(0.,2.072062255062),.UNSPECIFIED.);
#5104=B_SPLINE_CURVE_WITH_KNOTS('',1,(#8992,#8993),.UNSPECIFIED.,.F.,.F.,
(2,2),(-0.106635681637776,0.),.UNSPECIFIED.);
#5105=B_SPLINE_CURVE_WITH_KNOTS('',1,(#8994,#8995),.UNSPECIFIED.,.F.,.F.,
(2,2),(-0.200000000001,0.),.UNSPECIFIED.);
#5106=B_SPLINE_CURVE_WITH_KNOTS('',1,(#8996,#8997),.UNSPECIFIED.,.F.,.F.,
(2,2),(0.,0.106635681638776),.UNSPECIFIED.);
#5107=B_SPLINE_CURVE_WITH_KNOTS('',1,(#8998,#8999),.UNSPECIFIED.,.F.,.F.,
(2,2),(0.,0.200000000001),.UNSPECIFIED.);
#5108=B_SPLINE_CURVE_WITH_KNOTS('',1,(#9000,#9001),.UNSPECIFIED.,.F.,.F.,
(2,2),(-0.200000000001,0.),.UNSPECIFIED.);
#5109=B_SPLINE_CURVE_WITH_KNOTS('',1,(#9002,#9003),.UNSPECIFIED.,.F.,.F.,
(2,2),(-0.00999999999899997,0.),.UNSPECIFIED.);
#5110=B_SPLINE_CURVE_WITH_KNOTS('',1,(#9004,#9005),.UNSPECIFIED.,.F.,.F.,
(2,2),(-0.200000000001,0.),.UNSPECIFIED.);
#5111=B_SPLINE_CURVE_WITH_KNOTS('',1,(#9006,#9007),.UNSPECIFIED.,.F.,.F.,
(2,2),(0.,0.00999999999899978),.UNSPECIFIED.);
#5112=B_SPLINE_CURVE_WITH_KNOTS('',1,(#9008,#9009),.UNSPECIFIED.,.F.,.F.,
(2,2),(0.,1.86135751116892),.UNSPECIFIED.);
#5113=B_SPLINE_CURVE_WITH_KNOTS('',1,(#9010,#9011),.UNSPECIFIED.,.F.,.F.,
(2,2),(0.,1.86135751116892),.UNSPECIFIED.);
#5114=B_SPLINE_CURVE_WITH_KNOTS('',1,(#9012,#9013),.UNSPECIFIED.,.F.,.F.,
(2,2),(0.,0.200000000001),.UNSPECIFIED.);
#5115=B_SPLINE_CURVE_WITH_KNOTS('',1,(#9014,#9015),.UNSPECIFIED.,.F.,.F.,
(2,2),(0.,0.200000000001),.UNSPECIFIED.);
#5116=B_SPLINE_CURVE_WITH_KNOTS('',1,(#9016,#9017),.UNSPECIFIED.,.F.,.F.,
(2,2),(-1.86135751116892,0.),.UNSPECIFIED.);
#5117=B_SPLINE_CURVE_WITH_KNOTS('',1,(#9018,#9019),.UNSPECIFIED.,.F.,.F.,
(2,2),(-1.86135751116892,0.),.UNSPECIFIED.);
#5118=B_SPLINE_CURVE_WITH_KNOTS('',1,(#9020,#9021),.UNSPECIFIED.,.F.,.F.,
(2,2),(-0.200000000001,0.),.UNSPECIFIED.);
#5119=B_SPLINE_CURVE_WITH_KNOTS('',1,(#9028,#9029),.UNSPECIFIED.,.F.,.F.,
(2,2),(-0.00502719994699996,0.),.UNSPECIFIED.);
#5120=B_SPLINE_CURVE_WITH_KNOTS('',1,(#9030,#9031),.UNSPECIFIED.,.F.,.F.,
(2,2),(-0.00502719994699996,0.),.UNSPECIFIED.);
#5121=B_SPLINE_CURVE_WITH_KNOTS('',1,(#9038,#9039),.UNSPECIFIED.,.F.,.F.,
(2,2),(0.,1.86135751116892),.UNSPECIFIED.);
#5122=B_SPLINE_CURVE_WITH_KNOTS('',1,(#9040,#9041),.UNSPECIFIED.,.F.,.F.,
(2,2),(0.,0.367889752693),.UNSPECIFIED.);
#5123=B_SPLINE_CURVE_WITH_KNOTS('',1,(#9042,#9043),.UNSPECIFIED.,.F.,.F.,
(2,2),(-1.86135751116894,0.),.UNSPECIFIED.);
#5124=B_SPLINE_CURVE_WITH_KNOTS('',1,(#9044,#9045),.UNSPECIFIED.,.F.,.F.,
(2,2),(-1.86135751116894,0.),.UNSPECIFIED.);
#5125=B_SPLINE_CURVE_WITH_KNOTS('',1,(#9046,#9047),.UNSPECIFIED.,.F.,.F.,
(2,2),(0.,0.00502719994699996),.UNSPECIFIED.);
#5126=B_SPLINE_CURVE_WITH_KNOTS('',1,(#9048,#9049),.UNSPECIFIED.,.F.,.F.,
(2,2),(0.,0.00502719994699996),.UNSPECIFIED.);
#5127=B_SPLINE_CURVE_WITH_KNOTS('',1,(#9056,#9057),.UNSPECIFIED.,.F.,.F.,
(2,2),(0.,1.86135751116894),.UNSPECIFIED.);
#5128=B_SPLINE_CURVE_WITH_KNOTS('',1,(#9058,#9059),.UNSPECIFIED.,.F.,.F.,
(2,2),(0.,1.86135751116894),.UNSPECIFIED.);
#5129=B_SPLINE_CURVE_WITH_KNOTS('',1,(#9060,#9061),.UNSPECIFIED.,.F.,.F.,
(2,2),(-0.367889752693,0.),.UNSPECIFIED.);
#5130=B_SPLINE_CURVE_WITH_KNOTS('',1,(#9062,#9063),.UNSPECIFIED.,.F.,.F.,
(2,2),(-1.86135751116892,0.),.UNSPECIFIED.);
#5131=B_SPLINE_CURVE_WITH_KNOTS('',1,(#9070,#9071),.UNSPECIFIED.,.F.,.F.,
(2,2),(0.,1.86135751116894),.UNSPECIFIED.);
#5132=B_SPLINE_CURVE_WITH_KNOTS('',1,(#9072,#9073),.UNSPECIFIED.,.F.,.F.,
(2,2),(0.,0.200000000001),.UNSPECIFIED.);
#5133=B_SPLINE_CURVE_WITH_KNOTS('',1,(#9074,#9075),.UNSPECIFIED.,.F.,.F.,
(2,2),(0.,0.200000000001),.UNSPECIFIED.);
#5134=B_SPLINE_CURVE_WITH_KNOTS('',1,(#9076,#9077),.UNSPECIFIED.,.F.,.F.,
(2,2),(-1.86135751116894,0.),.UNSPECIFIED.);
#5135=B_SPLINE_CURVE_WITH_KNOTS('',1,(#9078,#9079),.UNSPECIFIED.,.F.,.F.,
(2,2),(-0.200000000001,0.),.UNSPECIFIED.);
#5136=B_SPLINE_CURVE_WITH_KNOTS('',1,(#9080,#9081),.UNSPECIFIED.,.F.,.F.,
(2,2),(-0.00502719994699996,0.),.UNSPECIFIED.);
#5137=B_SPLINE_CURVE_WITH_KNOTS('',1,(#9082,#9083),.UNSPECIFIED.,.F.,.F.,
(2,2),(0.,0.200000000001),.UNSPECIFIED.);
#5138=B_SPLINE_CURVE_WITH_KNOTS('',1,(#9084,#9085),.UNSPECIFIED.,.F.,.F.,
(2,2),(0.,0.200000000001),.UNSPECIFIED.);
#5139=B_SPLINE_CURVE_WITH_KNOTS('',1,(#9086,#9087),.UNSPECIFIED.,.F.,.F.,
(2,2),(0.,0.00502719994699996),.UNSPECIFIED.);
#5140=B_SPLINE_CURVE_WITH_KNOTS('',1,(#9088,#9089),.UNSPECIFIED.,.F.,.F.,
(2,2),(0.,0.200000000001),.UNSPECIFIED.);
#5141=B_SPLINE_CURVE_WITH_KNOTS('',1,(#9090,#9091),.UNSPECIFIED.,.F.,.F.,
(2,2),(0.,0.200000000001),.UNSPECIFIED.);
#5142=B_SPLINE_CURVE_WITH_KNOTS('',1,(#9092,#9093),.UNSPECIFIED.,.F.,.F.,
(2,2),(0.,0.2),.UNSPECIFIED.);
#5143=B_SPLINE_CURVE_WITH_KNOTS('',1,(#9094,#9095),.UNSPECIFIED.,.F.,.F.,
(2,2),(0.,0.2),.UNSPECIFIED.);
#5144=B_SPLINE_CURVE_WITH_KNOTS('',1,(#9101,#9102),.UNSPECIFIED.,.F.,.F.,
(2,2),(-0.317538969652104,0.),.UNSPECIFIED.);
#5145=B_SPLINE_CURVE_WITH_KNOTS('',1,(#9103,#9104),.UNSPECIFIED.,.F.,.F.,
(2,2),(-0.2,0.),.UNSPECIFIED.);
#5146=B_SPLINE_CURVE_WITH_KNOTS('',1,(#9105,#9106),.UNSPECIFIED.,.F.,.F.,
(2,2),(-0.2,0.),.UNSPECIFIED.);
#5147=B_SPLINE_CURVE_WITH_KNOTS('',1,(#9112,#9113),.UNSPECIFIED.,.F.,.F.,
(2,2),(0.,0.317538969652104),.UNSPECIFIED.);
#5148=B_SPLINE_CURVE_WITH_KNOTS('',1,(#9114,#9115),.UNSPECIFIED.,.F.,.F.,
(2,2),(-0.2,0.),.UNSPECIFIED.);
#5149=B_SPLINE_CURVE_WITH_KNOTS('',1,(#9116,#9117),.UNSPECIFIED.,.F.,.F.,
(2,2),(-1.55362063673,0.),.UNSPECIFIED.);
#5150=B_SPLINE_CURVE_WITH_KNOTS('',1,(#9118,#9119),.UNSPECIFIED.,.F.,.F.,
(2,2),(-1.55362063673,0.),.UNSPECIFIED.);
#5151=B_SPLINE_CURVE_WITH_KNOTS('',1,(#9120,#9121),.UNSPECIFIED.,.F.,.F.,
(2,2),(-0.2,0.),.UNSPECIFIED.);
#5152=B_SPLINE_CURVE_WITH_KNOTS('',1,(#9122,#9123),.UNSPECIFIED.,.F.,.F.,
(2,2),(-0.2,0.),.UNSPECIFIED.);
#5153=B_SPLINE_CURVE_WITH_KNOTS('',1,(#9124,#9125),.UNSPECIFIED.,.F.,.F.,
(2,2),(0.,1.55362063673),.UNSPECIFIED.);
#5154=B_SPLINE_CURVE_WITH_KNOTS('',1,(#9126,#9127),.UNSPECIFIED.,.F.,.F.,
(2,2),(0.,1.55362063673),.UNSPECIFIED.);
#5155=B_SPLINE_CURVE_WITH_KNOTS('',1,(#9128,#9129),.UNSPECIFIED.,.F.,.F.,
(2,2),(-0.2,0.),.UNSPECIFIED.);
#5156=B_SPLINE_CURVE_WITH_KNOTS('',1,(#9130,#9131),.UNSPECIFIED.,.F.,.F.,
(2,2),(-0.099999999999,0.),.UNSPECIFIED.);
#5157=B_SPLINE_CURVE_WITH_KNOTS('',1,(#9132,#9133),.UNSPECIFIED.,.F.,.F.,
(2,2),(-0.099999999999,0.),.UNSPECIFIED.);
#5158=B_SPLINE_CURVE_WITH_KNOTS('',1,(#9134,#9135),.UNSPECIFIED.,.F.,.F.,
(2,2),(-0.2,0.),.UNSPECIFIED.);
#5159=B_SPLINE_CURVE_WITH_KNOTS('',1,(#9136,#9137),.UNSPECIFIED.,.F.,.F.,
(2,2),(-0.2,0.),.UNSPECIFIED.);
#5160=B_SPLINE_CURVE_WITH_KNOTS('',1,(#9138,#9139),.UNSPECIFIED.,.F.,.F.,
(2,2),(0.,0.099999999999),.UNSPECIFIED.);
#5161=B_SPLINE_CURVE_WITH_KNOTS('',1,(#9140,#9141),.UNSPECIFIED.,.F.,.F.,
(2,2),(0.,0.099999999999),.UNSPECIFIED.);
#5162=B_SPLINE_CURVE_WITH_KNOTS('',1,(#9142,#9143),.UNSPECIFIED.,.F.,.F.,
(2,2),(-0.2,0.),.UNSPECIFIED.);
#5163=B_SPLINE_CURVE_WITH_KNOTS('',1,(#9144,#9145),.UNSPECIFIED.,.F.,.F.,
(2,2),(-0.220024054780433,0.),.UNSPECIFIED.);
#5164=B_SPLINE_CURVE_WITH_KNOTS('',1,(#9146,#9147),.UNSPECIFIED.,.F.,.F.,
(2,2),(-0.220024054780433,0.),.UNSPECIFIED.);
#5165=B_SPLINE_CURVE_WITH_KNOTS('',1,(#9148,#9149),.UNSPECIFIED.,.F.,.F.,
(2,2),(-0.2,0.),.UNSPECIFIED.);
#5166=B_SPLINE_CURVE_WITH_KNOTS('',1,(#9150,#9151),.UNSPECIFIED.,.F.,.F.,
(2,2),(-0.2,0.),.UNSPECIFIED.);
#5167=B_SPLINE_CURVE_WITH_KNOTS('',1,(#9152,#9153),.UNSPECIFIED.,.F.,.F.,
(2,2),(0.,0.220024054780433),.UNSPECIFIED.);
#5168=B_SPLINE_CURVE_WITH_KNOTS('',1,(#9154,#9155),.UNSPECIFIED.,.F.,.F.,
(2,2),(0.,0.220024054780433),.UNSPECIFIED.);
#5169=B_SPLINE_CURVE_WITH_KNOTS('',1,(#9156,#9157),.UNSPECIFIED.,.F.,.F.,
(2,2),(-0.2,0.),.UNSPECIFIED.);
#5170=B_SPLINE_CURVE_WITH_KNOTS('',1,(#9158,#9159),.UNSPECIFIED.,.F.,.F.,
(2,2),(-0.494476148430403,0.),.UNSPECIFIED.);
#5171=B_SPLINE_CURVE_WITH_KNOTS('',1,(#9160,#9161),.UNSPECIFIED.,.F.,.F.,
(2,2),(-0.494476148430403,0.),.UNSPECIFIED.);
#5172=B_SPLINE_CURVE_WITH_KNOTS('',1,(#9162,#9163),.UNSPECIFIED.,.F.,.F.,
(2,2),(-0.2,0.),.UNSPECIFIED.);
#5173=B_SPLINE_CURVE_WITH_KNOTS('',1,(#9164,#9165),.UNSPECIFIED.,.F.,.F.,
(2,2),(-0.2,0.),.UNSPECIFIED.);
#5174=B_SPLINE_CURVE_WITH_KNOTS('',1,(#9166,#9167),.UNSPECIFIED.,.F.,.F.,
(2,2),(0.,0.494476148430403),.UNSPECIFIED.);
#5175=B_SPLINE_CURVE_WITH_KNOTS('',1,(#9168,#9169),.UNSPECIFIED.,.F.,.F.,
(2,2),(0.,0.494476148430403),.UNSPECIFIED.);
#5176=B_SPLINE_CURVE_WITH_KNOTS('',1,(#9170,#9171),.UNSPECIFIED.,.F.,.F.,
(2,2),(-0.2,0.),.UNSPECIFIED.);
#5177=B_SPLINE_CURVE_WITH_KNOTS('',1,(#9172,#9173),.UNSPECIFIED.,.F.,.F.,
(2,2),(-0.049999999999,0.),.UNSPECIFIED.);
#5178=B_SPLINE_CURVE_WITH_KNOTS('',1,(#9174,#9175),.UNSPECIFIED.,.F.,.F.,
(2,2),(-0.049999999999,0.),.UNSPECIFIED.);
#5179=B_SPLINE_CURVE_WITH_KNOTS('',1,(#9176,#9177),.UNSPECIFIED.,.F.,.F.,
(2,2),(-0.2,0.),.UNSPECIFIED.);
#5180=B_SPLINE_CURVE_WITH_KNOTS('',1,(#9178,#9179),.UNSPECIFIED.,.F.,.F.,
(2,2),(-0.2,0.),.UNSPECIFIED.);
#5181=B_SPLINE_CURVE_WITH_KNOTS('',1,(#9180,#9181),.UNSPECIFIED.,.F.,.F.,
(2,2),(0.,0.049999999999),.UNSPECIFIED.);
#5182=B_SPLINE_CURVE_WITH_KNOTS('',1,(#9182,#9183),.UNSPECIFIED.,.F.,.F.,
(2,2),(0.,0.049999999999),.UNSPECIFIED.);
#5183=B_SPLINE_CURVE_WITH_KNOTS('',1,(#9184,#9185),.UNSPECIFIED.,.F.,.F.,
(2,2),(-0.2,0.),.UNSPECIFIED.);
#5184=B_SPLINE_CURVE_WITH_KNOTS('',1,(#9186,#9187),.UNSPECIFIED.,.F.,.F.,
(2,2),(-1.,0.),.UNSPECIFIED.);
#5185=B_SPLINE_CURVE_WITH_KNOTS('',1,(#9188,#9189),.UNSPECIFIED.,.F.,.F.,
(2,2),(-1.,0.),.UNSPECIFIED.);
#5186=B_SPLINE_CURVE_WITH_KNOTS('',1,(#9190,#9191),.UNSPECIFIED.,.F.,.F.,
(2,2),(-0.2,0.),.UNSPECIFIED.);
#5187=B_SPLINE_CURVE_WITH_KNOTS('',1,(#9192,#9193),.UNSPECIFIED.,.F.,.F.,
(2,2),(-0.2,0.),.UNSPECIFIED.);
#5188=B_SPLINE_CURVE_WITH_KNOTS('',1,(#9194,#9195),.UNSPECIFIED.,.F.,.F.,
(2,2),(0.,1.),.UNSPECIFIED.);
#5189=B_SPLINE_CURVE_WITH_KNOTS('',1,(#9196,#9197),.UNSPECIFIED.,.F.,.F.,
(2,2),(0.,1.),.UNSPECIFIED.);
#5190=B_SPLINE_CURVE_WITH_KNOTS('',1,(#9198,#9199),.UNSPECIFIED.,.F.,.F.,
(2,2),(0.,0.106635681638776),.UNSPECIFIED.);
#5191=B_SPLINE_CURVE_WITH_KNOTS('',1,(#9200,#9201),.UNSPECIFIED.,.F.,.F.,
(2,2),(0.,0.106635681638776),.UNSPECIFIED.);
#5192=B_SPLINE_CURVE_WITH_KNOTS('',1,(#9202,#9203),.UNSPECIFIED.,.F.,.F.,
(2,2),(-2.072062255062,0.),.UNSPECIFIED.);
#5193=B_SPLINE_CURVE_WITH_KNOTS('',1,(#9204,#9205),.UNSPECIFIED.,.F.,.F.,
(2,2),(0.,0.00999999999899978),.UNSPECIFIED.);
#5194=B_SPLINE_CURVE_WITH_KNOTS('',1,(#9206,#9207),.UNSPECIFIED.,.F.,.F.,
(2,2),(0.,0.00999999999899978),.UNSPECIFIED.);
#5195=B_SPLINE_CURVE_WITH_KNOTS('',1,(#9208,#9209),.UNSPECIFIED.,.F.,.F.,
(2,2),(-1.,0.),.UNSPECIFIED.);
#5196=B_SPLINE_CURVE_WITH_KNOTS('',1,(#9210,#9211),.UNSPECIFIED.,.F.,.F.,
(2,2),(-0.049999999999,0.),.UNSPECIFIED.);
#5197=B_SPLINE_CURVE_WITH_KNOTS('',1,(#9212,#9213),.UNSPECIFIED.,.F.,.F.,
(2,2),(-0.494476148430403,0.),.UNSPECIFIED.);
#5198=B_SPLINE_CURVE_WITH_KNOTS('',1,(#9214,#9215),.UNSPECIFIED.,.F.,.F.,
(2,2),(-0.220024054780433,0.),.UNSPECIFIED.);
#5199=B_SPLINE_CURVE_WITH_KNOTS('',1,(#9216,#9217),.UNSPECIFIED.,.F.,.F.,
(2,2),(-0.099999999999,0.),.UNSPECIFIED.);
#5200=B_SPLINE_CURVE_WITH_KNOTS('',1,(#9218,#9219),.UNSPECIFIED.,.F.,.F.,
(2,2),(-1.55362063673,0.),.UNSPECIFIED.);
#5201=B_SPLINE_CURVE_WITH_KNOTS('',1,(#9225,#9226),.UNSPECIFIED.,.F.,.F.,
(2,2),(-0.106635681637776,0.),.UNSPECIFIED.);
#5202=B_SPLINE_CURVE_WITH_KNOTS('',1,(#9227,#9228),.UNSPECIFIED.,.F.,.F.,
(2,2),(-0.106635681637776,0.),.UNSPECIFIED.);
#5203=B_SPLINE_CURVE_WITH_KNOTS('',1,(#9234,#9235),.UNSPECIFIED.,.F.,.F.,
(2,2),(0.,1.55362063673),.UNSPECIFIED.);
#5204=B_SPLINE_CURVE_WITH_KNOTS('',1,(#9236,#9237),.UNSPECIFIED.,.F.,.F.,
(2,2),(0.,0.099999999999),.UNSPECIFIED.);
#5205=B_SPLINE_CURVE_WITH_KNOTS('',1,(#9238,#9239),.UNSPECIFIED.,.F.,.F.,
(2,2),(0.,0.220024054780433),.UNSPECIFIED.);
#5206=B_SPLINE_CURVE_WITH_KNOTS('',1,(#9240,#9241),.UNSPECIFIED.,.F.,.F.,
(2,2),(0.,0.494476148430403),.UNSPECIFIED.);
#5207=B_SPLINE_CURVE_WITH_KNOTS('',1,(#9242,#9243),.UNSPECIFIED.,.F.,.F.,
(2,2),(0.,0.049999999999),.UNSPECIFIED.);
#5208=B_SPLINE_CURVE_WITH_KNOTS('',1,(#9244,#9245),.UNSPECIFIED.,.F.,.F.,
(2,2),(0.,1.),.UNSPECIFIED.);
#5209=B_SPLINE_CURVE_WITH_KNOTS('',1,(#9246,#9247),.UNSPECIFIED.,.F.,.F.,
(2,2),(-0.00999999999899997,0.),.UNSPECIFIED.);
#5210=B_SPLINE_CURVE_WITH_KNOTS('',1,(#9248,#9249),.UNSPECIFIED.,.F.,.F.,
(2,2),(-0.00999999999899997,0.),.UNSPECIFIED.);
#5211=B_SPLINE_CURVE_WITH_KNOTS('',1,(#9250,#9251),.UNSPECIFIED.,.F.,.F.,
(2,2),(0.,2.072062255062),.UNSPECIFIED.);
#5212=B_SPLINE_CURVE_WITH_KNOTS('',1,(#9252,#9253),.UNSPECIFIED.,.F.,.F.,
(2,2),(-0.106635681637776,0.),.UNSPECIFIED.);
#5213=B_SPLINE_CURVE_WITH_KNOTS('',1,(#9254,#9255),.UNSPECIFIED.,.F.,.F.,
(2,2),(-0.2,0.),.UNSPECIFIED.);
#5214=B_SPLINE_CURVE_WITH_KNOTS('',1,(#9256,#9257),.UNSPECIFIED.,.F.,.F.,
(2,2),(0.,0.106635681638776),.UNSPECIFIED.);
#5215=B_SPLINE_CURVE_WITH_KNOTS('',1,(#9258,#9259),.UNSPECIFIED.,.F.,.F.,
(2,2),(0.,0.2),.UNSPECIFIED.);
#5216=B_SPLINE_CURVE_WITH_KNOTS('',1,(#9260,#9261),.UNSPECIFIED.,.F.,.F.,
(2,2),(-0.2,0.),.UNSPECIFIED.);
#5217=B_SPLINE_CURVE_WITH_KNOTS('',1,(#9262,#9263),.UNSPECIFIED.,.F.,.F.,
(2,2),(-0.00999999999899997,0.),.UNSPECIFIED.);
#5218=B_SPLINE_CURVE_WITH_KNOTS('',1,(#9264,#9265),.UNSPECIFIED.,.F.,.F.,
(2,2),(-0.2,0.),.UNSPECIFIED.);
#5219=B_SPLINE_CURVE_WITH_KNOTS('',1,(#9266,#9267),.UNSPECIFIED.,.F.,.F.,
(2,2),(0.,0.00999999999899978),.UNSPECIFIED.);
#5220=B_SPLINE_CURVE_WITH_KNOTS('',1,(#9268,#9269),.UNSPECIFIED.,.F.,.F.,
(2,2),(0.,1.86135751116892),.UNSPECIFIED.);
#5221=B_SPLINE_CURVE_WITH_KNOTS('',1,(#9270,#9271),.UNSPECIFIED.,.F.,.F.,
(2,2),(0.,1.86135751116892),.UNSPECIFIED.);
#5222=B_SPLINE_CURVE_WITH_KNOTS('',1,(#9272,#9273),.UNSPECIFIED.,.F.,.F.,
(2,2),(0.,0.2),.UNSPECIFIED.);
#5223=B_SPLINE_CURVE_WITH_KNOTS('',1,(#9274,#9275),.UNSPECIFIED.,.F.,.F.,
(2,2),(0.,0.2),.UNSPECIFIED.);
#5224=B_SPLINE_CURVE_WITH_KNOTS('',1,(#9276,#9277),.UNSPECIFIED.,.F.,.F.,
(2,2),(-1.86135751116892,0.),.UNSPECIFIED.);
#5225=B_SPLINE_CURVE_WITH_KNOTS('',1,(#9278,#9279),.UNSPECIFIED.,.F.,.F.,
(2,2),(-1.86135751116892,0.),.UNSPECIFIED.);
#5226=B_SPLINE_CURVE_WITH_KNOTS('',1,(#9280,#9281),.UNSPECIFIED.,.F.,.F.,
(2,2),(-0.2,0.),.UNSPECIFIED.);
#5227=B_SPLINE_CURVE_WITH_KNOTS('',1,(#9288,#9289),.UNSPECIFIED.,.F.,.F.,
(2,2),(-0.00502719994699996,0.),.UNSPECIFIED.);
#5228=B_SPLINE_CURVE_WITH_KNOTS('',1,(#9290,#9291),.UNSPECIFIED.,.F.,.F.,
(2,2),(-0.00502719994699996,0.),.UNSPECIFIED.);
#5229=B_SPLINE_CURVE_WITH_KNOTS('',1,(#9298,#9299),.UNSPECIFIED.,.F.,.F.,
(2,2),(0.,1.86135751116892),.UNSPECIFIED.);
#5230=B_SPLINE_CURVE_WITH_KNOTS('',1,(#9300,#9301),.UNSPECIFIED.,.F.,.F.,
(2,2),(0.,0.367889752693),.UNSPECIFIED.);
#5231=B_SPLINE_CURVE_WITH_KNOTS('',1,(#9302,#9303),.UNSPECIFIED.,.F.,.F.,
(2,2),(-1.86135751116894,0.),.UNSPECIFIED.);
#5232=B_SPLINE_CURVE_WITH_KNOTS('',1,(#9304,#9305),.UNSPECIFIED.,.F.,.F.,
(2,2),(-1.86135751116894,0.),.UNSPECIFIED.);
#5233=B_SPLINE_CURVE_WITH_KNOTS('',1,(#9306,#9307),.UNSPECIFIED.,.F.,.F.,
(2,2),(0.,0.00502719994699996),.UNSPECIFIED.);
#5234=B_SPLINE_CURVE_WITH_KNOTS('',1,(#9308,#9309),.UNSPECIFIED.,.F.,.F.,
(2,2),(0.,0.00502719994699996),.UNSPECIFIED.);
#5235=B_SPLINE_CURVE_WITH_KNOTS('',1,(#9316,#9317),.UNSPECIFIED.,.F.,.F.,
(2,2),(0.,1.86135751116894),.UNSPECIFIED.);
#5236=B_SPLINE_CURVE_WITH_KNOTS('',1,(#9318,#9319),.UNSPECIFIED.,.F.,.F.,
(2,2),(0.,1.86135751116894),.UNSPECIFIED.);
#5237=B_SPLINE_CURVE_WITH_KNOTS('',1,(#9320,#9321),.UNSPECIFIED.,.F.,.F.,
(2,2),(-0.367889752693,0.),.UNSPECIFIED.);
#5238=B_SPLINE_CURVE_WITH_KNOTS('',1,(#9322,#9323),.UNSPECIFIED.,.F.,.F.,
(2,2),(-1.86135751116892,0.),.UNSPECIFIED.);
#5239=B_SPLINE_CURVE_WITH_KNOTS('',1,(#9330,#9331),.UNSPECIFIED.,.F.,.F.,
(2,2),(0.,1.86135751116894),.UNSPECIFIED.);
#5240=B_SPLINE_CURVE_WITH_KNOTS('',1,(#9332,#9333),.UNSPECIFIED.,.F.,.F.,
(2,2),(0.,0.2),.UNSPECIFIED.);
#5241=B_SPLINE_CURVE_WITH_KNOTS('',1,(#9334,#9335),.UNSPECIFIED.,.F.,.F.,
(2,2),(0.,0.2),.UNSPECIFIED.);
#5242=B_SPLINE_CURVE_WITH_KNOTS('',1,(#9336,#9337),.UNSPECIFIED.,.F.,.F.,
(2,2),(-1.86135751116894,0.),.UNSPECIFIED.);
#5243=B_SPLINE_CURVE_WITH_KNOTS('',1,(#9338,#9339),.UNSPECIFIED.,.F.,.F.,
(2,2),(-0.2,0.),.UNSPECIFIED.);
#5244=B_SPLINE_CURVE_WITH_KNOTS('',1,(#9340,#9341),.UNSPECIFIED.,.F.,.F.,
(2,2),(-0.00502719994699996,0.),.UNSPECIFIED.);
#5245=B_SPLINE_CURVE_WITH_KNOTS('',1,(#9342,#9343),.UNSPECIFIED.,.F.,.F.,
(2,2),(0.,0.2),.UNSPECIFIED.);
#5246=B_SPLINE_CURVE_WITH_KNOTS('',1,(#9344,#9345),.UNSPECIFIED.,.F.,.F.,
(2,2),(0.,0.2),.UNSPECIFIED.);
#5247=B_SPLINE_CURVE_WITH_KNOTS('',1,(#9346,#9347),.UNSPECIFIED.,.F.,.F.,
(2,2),(0.,0.00502719994699996),.UNSPECIFIED.);
#5248=B_SPLINE_CURVE_WITH_KNOTS('',1,(#9348,#9349),.UNSPECIFIED.,.F.,.F.,
(2,2),(0.,0.2),.UNSPECIFIED.);
#5249=B_SPLINE_CURVE_WITH_KNOTS('',1,(#9350,#9351),.UNSPECIFIED.,.F.,.F.,
(2,2),(0.,0.2),.UNSPECIFIED.);
#5250=B_SPLINE_CURVE_WITH_KNOTS('',1,(#9352,#9353),.UNSPECIFIED.,.F.,.F.,
(2,2),(0.,0.233084670798837),.UNSPECIFIED.);
#5251=B_SPLINE_CURVE_WITH_KNOTS('',1,(#9354,#9355),.UNSPECIFIED.,.F.,.F.,
(2,2),(0.,0.2),.UNSPECIFIED.);
#5252=B_SPLINE_CURVE_WITH_KNOTS('',1,(#9356,#9357),.UNSPECIFIED.,.F.,.F.,
(2,2),(0.,0.233084670798837),.UNSPECIFIED.);
#5253=B_SPLINE_CURVE_WITH_KNOTS('',1,(#9358,#9359),.UNSPECIFIED.,.F.,.F.,
(2,2),(0.,0.2),.UNSPECIFIED.);
#5254=B_SPLINE_CURVE_WITH_KNOTS('',1,(#9360,#9361),.UNSPECIFIED.,.F.,.F.,
(2,2),(0.,0.233084670798854),.UNSPECIFIED.);
#5255=B_SPLINE_CURVE_WITH_KNOTS('',1,(#9362,#9363),.UNSPECIFIED.,.F.,.F.,
(2,2),(0.,0.2),.UNSPECIFIED.);
#5256=B_SPLINE_CURVE_WITH_KNOTS('',1,(#9364,#9365),.UNSPECIFIED.,.F.,.F.,
(2,2),(0.,0.233084670798854),.UNSPECIFIED.);
#5257=B_SPLINE_CURVE_WITH_KNOTS('',1,(#9366,#9367),.UNSPECIFIED.,.F.,.F.,
(2,2),(0.,0.2),.UNSPECIFIED.);
#5258=B_SPLINE_CURVE_WITH_KNOTS('',1,(#9368,#9369),.UNSPECIFIED.,.F.,.F.,
(2,2),(0.,0.233084670798837),.UNSPECIFIED.);
#5259=B_SPLINE_CURVE_WITH_KNOTS('',1,(#9370,#9371),.UNSPECIFIED.,.F.,.F.,
(2,2),(0.,0.200000000001),.UNSPECIFIED.);
#5260=B_SPLINE_CURVE_WITH_KNOTS('',1,(#9372,#9373),.UNSPECIFIED.,.F.,.F.,
(2,2),(0.,0.233084670798837),.UNSPECIFIED.);
#5261=B_SPLINE_CURVE_WITH_KNOTS('',1,(#9374,#9375),.UNSPECIFIED.,.F.,.F.,
(2,2),(0.,0.200000000001),.UNSPECIFIED.);
#5262=B_SPLINE_CURVE_WITH_KNOTS('',1,(#9376,#9377),.UNSPECIFIED.,.F.,.F.,
(2,2),(0.,0.233084670798854),.UNSPECIFIED.);
#5263=B_SPLINE_CURVE_WITH_KNOTS('',1,(#9378,#9379),.UNSPECIFIED.,.F.,.F.,
(2,2),(0.,0.200000000001),.UNSPECIFIED.);
#5264=B_SPLINE_CURVE_WITH_KNOTS('',1,(#9380,#9381),.UNSPECIFIED.,.F.,.F.,
(2,2),(0.,0.233084670798854),.UNSPECIFIED.);
#5265=B_SPLINE_CURVE_WITH_KNOTS('',1,(#9382,#9383),.UNSPECIFIED.,.F.,.F.,
(2,2),(0.,0.200000000001),.UNSPECIFIED.);
#5266=B_SPLINE_CURVE_WITH_KNOTS('',1,(#9384,#9385),.UNSPECIFIED.,.F.,.F.,
(2,2),(0.,0.233084670798837),.UNSPECIFIED.);
#5267=B_SPLINE_CURVE_WITH_KNOTS('',1,(#9386,#9387),.UNSPECIFIED.,.F.,.F.,
(2,2),(0.,0.2),.UNSPECIFIED.);
#5268=B_SPLINE_CURVE_WITH_KNOTS('',1,(#9388,#9389),.UNSPECIFIED.,.F.,.F.,
(2,2),(0.,0.233084670798837),.UNSPECIFIED.);
#5269=B_SPLINE_CURVE_WITH_KNOTS('',1,(#9390,#9391),.UNSPECIFIED.,.F.,.F.,
(2,2),(0.,0.2),.UNSPECIFIED.);
#5270=B_SPLINE_CURVE_WITH_KNOTS('',1,(#9392,#9393),.UNSPECIFIED.,.F.,.F.,
(2,2),(0.,0.233084670798854),.UNSPECIFIED.);
#5271=B_SPLINE_CURVE_WITH_KNOTS('',1,(#9394,#9395),.UNSPECIFIED.,.F.,.F.,
(2,2),(0.,0.2),.UNSPECIFIED.);
#5272=B_SPLINE_CURVE_WITH_KNOTS('',1,(#9396,#9397),.UNSPECIFIED.,.F.,.F.,
(2,2),(0.,0.233084670798854),.UNSPECIFIED.);
#5273=B_SPLINE_CURVE_WITH_KNOTS('',1,(#9398,#9399),.UNSPECIFIED.,.F.,.F.,
(2,2),(0.,0.2),.UNSPECIFIED.);
#5274=VERTEX_POINT('',#6436);
#5275=VERTEX_POINT('',#6437);
#5276=VERTEX_POINT('',#6438);
#5277=VERTEX_POINT('',#6439);
#5278=VERTEX_POINT('',#6440);
#5279=VERTEX_POINT('',#6441);
#5280=VERTEX_POINT('',#6442);
#5281=VERTEX_POINT('',#6443);
#5282=VERTEX_POINT('',#6444);
#5283=VERTEX_POINT('',#6445);
#5284=VERTEX_POINT('',#6446);
#5285=VERTEX_POINT('',#6447);
#5286=VERTEX_POINT('',#6448);
#5287=VERTEX_POINT('',#6449);
#5288=VERTEX_POINT('',#6450);
#5289=VERTEX_POINT('',#6451);
#5290=VERTEX_POINT('',#6452);
#5291=VERTEX_POINT('',#6453);
#5292=VERTEX_POINT('',#6454);
#5293=VERTEX_POINT('',#6455);
#5294=VERTEX_POINT('',#6456);
#5295=VERTEX_POINT('',#6457);
#5296=VERTEX_POINT('',#6458);
#5297=VERTEX_POINT('',#6459);
#5298=VERTEX_POINT('',#6460);
#5299=VERTEX_POINT('',#6461);
#5300=VERTEX_POINT('',#6462);
#5301=VERTEX_POINT('',#6463);
#5302=VERTEX_POINT('',#6464);
#5303=VERTEX_POINT('',#6465);
#5304=VERTEX_POINT('',#6466);
#5305=VERTEX_POINT('',#6467);
#5306=VERTEX_POINT('',#6468);
#5307=VERTEX_POINT('',#6469);
#5308=VERTEX_POINT('',#6470);
#5309=VERTEX_POINT('',#6471);
#5310=VERTEX_POINT('',#6472);
#5311=VERTEX_POINT('',#6473);
#5312=VERTEX_POINT('',#6474);
#5313=VERTEX_POINT('',#6475);
#5314=VERTEX_POINT('',#6476);
#5315=VERTEX_POINT('',#6477);
#5316=VERTEX_POINT('',#6478);
#5317=VERTEX_POINT('',#6479);
#5318=VERTEX_POINT('',#6480);
#5319=VERTEX_POINT('',#6481);
#5320=VERTEX_POINT('',#6482);
#5321=VERTEX_POINT('',#6483);
#5322=VERTEX_POINT('',#6484);
#5323=VERTEX_POINT('',#6485);
#5324=VERTEX_POINT('',#6486);
#5325=VERTEX_POINT('',#6487);
#5326=VERTEX_POINT('',#6488);
#5327=VERTEX_POINT('',#6489);
#5328=VERTEX_POINT('',#6490);
#5329=VERTEX_POINT('',#6491);
#5330=VERTEX_POINT('',#6492);
#5331=VERTEX_POINT('',#6493);
#5332=VERTEX_POINT('',#6494);
#5333=VERTEX_POINT('',#6495);
#5334=VERTEX_POINT('',#6496);
#5335=VERTEX_POINT('',#6497);
#5336=VERTEX_POINT('',#6498);
#5337=VERTEX_POINT('',#6499);
#5338=VERTEX_POINT('',#6500);
#5339=VERTEX_POINT('',#6501);
#5340=VERTEX_POINT('',#6502);
#5341=VERTEX_POINT('',#6503);
#5342=VERTEX_POINT('',#6504);
#5343=VERTEX_POINT('',#6505);
#5344=VERTEX_POINT('',#6506);
#5345=VERTEX_POINT('',#6507);
#5346=VERTEX_POINT('',#6508);
#5347=VERTEX_POINT('',#6509);
#5348=VERTEX_POINT('',#6510);
#5349=VERTEX_POINT('',#6511);
#5350=VERTEX_POINT('',#6512);
#5351=VERTEX_POINT('',#6513);
#5352=VERTEX_POINT('',#6514);
#5353=VERTEX_POINT('',#6515);
#5354=VERTEX_POINT('',#6516);
#5355=VERTEX_POINT('',#6517);
#5356=VERTEX_POINT('',#6518);
#5357=VERTEX_POINT('',#6519);
#5358=VERTEX_POINT('',#6520);
#5359=VERTEX_POINT('',#6521);
#5360=VERTEX_POINT('',#6522);
#5361=VERTEX_POINT('',#6523);
#5362=VERTEX_POINT('',#6524);
#5363=VERTEX_POINT('',#6525);
#5364=VERTEX_POINT('',#6526);
#5365=VERTEX_POINT('',#6527);
#5366=VERTEX_POINT('',#6528);
#5367=VERTEX_POINT('',#6529);
#5368=VERTEX_POINT('',#6530);
#5369=VERTEX_POINT('',#6531);
#5370=VERTEX_POINT('',#6532);
#5371=VERTEX_POINT('',#6533);
#5372=VERTEX_POINT('',#6534);
#5373=VERTEX_POINT('',#6535);
#5374=VERTEX_POINT('',#6536);
#5375=VERTEX_POINT('',#6537);
#5376=VERTEX_POINT('',#6538);
#5377=VERTEX_POINT('',#6539);
#5378=VERTEX_POINT('',#6540);
#5379=VERTEX_POINT('',#6541);
#5380=VERTEX_POINT('',#6542);
#5381=VERTEX_POINT('',#6543);
#5382=VERTEX_POINT('',#6544);
#5383=VERTEX_POINT('',#6545);
#5384=VERTEX_POINT('',#6546);
#5385=VERTEX_POINT('',#6547);
#5386=VERTEX_POINT('',#6548);
#5387=VERTEX_POINT('',#6549);
#5388=VERTEX_POINT('',#6550);
#5389=VERTEX_POINT('',#6551);
#5390=VERTEX_POINT('',#6552);
#5391=VERTEX_POINT('',#6553);
#5392=VERTEX_POINT('',#6554);
#5393=VERTEX_POINT('',#6555);
#5394=VERTEX_POINT('',#6556);
#5395=VERTEX_POINT('',#6557);
#5396=VERTEX_POINT('',#6558);
#5397=VERTEX_POINT('',#6559);
#5398=VERTEX_POINT('',#6560);
#5399=VERTEX_POINT('',#6561);
#5400=VERTEX_POINT('',#6562);
#5401=VERTEX_POINT('',#6563);
#5402=VERTEX_POINT('',#6564);
#5403=VERTEX_POINT('',#6565);
#5404=VERTEX_POINT('',#6566);
#5405=VERTEX_POINT('',#6567);
#5406=VERTEX_POINT('',#6568);
#5407=VERTEX_POINT('',#6569);
#5408=VERTEX_POINT('',#6570);
#5409=VERTEX_POINT('',#6571);
#5410=VERTEX_POINT('',#6572);
#5411=VERTEX_POINT('',#6573);
#5412=VERTEX_POINT('',#6574);
#5413=VERTEX_POINT('',#6575);
#5414=VERTEX_POINT('',#6576);
#5415=VERTEX_POINT('',#6577);
#5416=VERTEX_POINT('',#6578);
#5417=VERTEX_POINT('',#6579);
#5418=VERTEX_POINT('',#6580);
#5419=VERTEX_POINT('',#6581);
#5420=VERTEX_POINT('',#6582);
#5421=VERTEX_POINT('',#6583);
#5422=VERTEX_POINT('',#6584);
#5423=VERTEX_POINT('',#6585);
#5424=VERTEX_POINT('',#6586);
#5425=VERTEX_POINT('',#6587);
#5426=VERTEX_POINT('',#6588);
#5427=VERTEX_POINT('',#6589);
#5428=VERTEX_POINT('',#6590);
#5429=VERTEX_POINT('',#6591);
#5430=VERTEX_POINT('',#6592);
#5431=VERTEX_POINT('',#6593);
#5432=VERTEX_POINT('',#6594);
#5433=VERTEX_POINT('',#6595);
#5434=VERTEX_POINT('',#6596);
#5435=VERTEX_POINT('',#6597);
#5436=VERTEX_POINT('',#6598);
#5437=VERTEX_POINT('',#6599);
#5438=VERTEX_POINT('',#6600);
#5439=VERTEX_POINT('',#6601);
#5440=VERTEX_POINT('',#6602);
#5441=VERTEX_POINT('',#6603);
#5442=VERTEX_POINT('',#6604);
#5443=VERTEX_POINT('',#6605);
#5444=VERTEX_POINT('',#6606);
#5445=VERTEX_POINT('',#6607);
#5446=VERTEX_POINT('',#6608);
#5447=VERTEX_POINT('',#6609);
#5448=VERTEX_POINT('',#6610);
#5449=VERTEX_POINT('',#6611);
#5450=VERTEX_POINT('',#6612);
#5451=VERTEX_POINT('',#6613);
#5452=VERTEX_POINT('',#6614);
#5453=VERTEX_POINT('',#6615);
#5454=VERTEX_POINT('',#6616);
#5455=VERTEX_POINT('',#6617);
#5456=VERTEX_POINT('',#6618);
#5457=VERTEX_POINT('',#6619);
#5458=VERTEX_POINT('',#6620);
#5459=VERTEX_POINT('',#6621);
#5460=VERTEX_POINT('',#6622);
#5461=VERTEX_POINT('',#6623);
#5462=VERTEX_POINT('',#6624);
#5463=VERTEX_POINT('',#6625);
#5464=VERTEX_POINT('',#6626);
#5465=VERTEX_POINT('',#6627);
#5466=VERTEX_POINT('',#6628);
#5467=VERTEX_POINT('',#6629);
#5468=VERTEX_POINT('',#6630);
#5469=VERTEX_POINT('',#6631);
#5470=VERTEX_POINT('',#6632);
#5471=VERTEX_POINT('',#6633);
#5472=VERTEX_POINT('',#6634);
#5473=VERTEX_POINT('',#6635);
#5474=VERTEX_POINT('',#6636);
#5475=VERTEX_POINT('',#6637);
#5476=VERTEX_POINT('',#6638);
#5477=VERTEX_POINT('',#6639);
#5478=VERTEX_POINT('',#6640);
#5479=VERTEX_POINT('',#6641);
#5480=VERTEX_POINT('',#6642);
#5481=VERTEX_POINT('',#6643);
#5482=VERTEX_POINT('',#6644);
#5483=VERTEX_POINT('',#6645);
#5484=VERTEX_POINT('',#6646);
#5485=VERTEX_POINT('',#6647);
#5486=VERTEX_POINT('',#6648);
#5487=VERTEX_POINT('',#6649);
#5488=VERTEX_POINT('',#6650);
#5489=VERTEX_POINT('',#6651);
#5490=VERTEX_POINT('',#6652);
#5491=VERTEX_POINT('',#6653);
#5492=VERTEX_POINT('',#6654);
#5493=VERTEX_POINT('',#6655);
#5494=VERTEX_POINT('',#6656);
#5495=VERTEX_POINT('',#6657);
#5496=VERTEX_POINT('',#6658);
#5497=VERTEX_POINT('',#6659);
#5498=VERTEX_POINT('',#6660);
#5499=VERTEX_POINT('',#6661);
#5500=VERTEX_POINT('',#6662);
#5501=VERTEX_POINT('',#6663);
#5502=VERTEX_POINT('',#6664);
#5503=VERTEX_POINT('',#6665);
#5504=VERTEX_POINT('',#6666);
#5505=VERTEX_POINT('',#6667);
#5506=VERTEX_POINT('',#6668);
#5507=VERTEX_POINT('',#6669);
#5508=VERTEX_POINT('',#6670);
#5509=VERTEX_POINT('',#6671);
#5510=VERTEX_POINT('',#6672);
#5511=VERTEX_POINT('',#6673);
#5512=VERTEX_POINT('',#6674);
#5513=VERTEX_POINT('',#6675);
#5514=VERTEX_POINT('',#6676);
#5515=VERTEX_POINT('',#6677);
#5516=VERTEX_POINT('',#6678);
#5517=VERTEX_POINT('',#6679);
#5518=VERTEX_POINT('',#6680);
#5519=VERTEX_POINT('',#6681);
#5520=VERTEX_POINT('',#6682);
#5521=VERTEX_POINT('',#6683);
#5522=VERTEX_POINT('',#6684);
#5523=VERTEX_POINT('',#6685);
#5524=VERTEX_POINT('',#6686);
#5525=VERTEX_POINT('',#6687);
#5526=VERTEX_POINT('',#6688);
#5527=VERTEX_POINT('',#6689);
#5528=VERTEX_POINT('',#6690);
#5529=VERTEX_POINT('',#6691);
#5530=VERTEX_POINT('',#6692);
#5531=VERTEX_POINT('',#6693);
#5532=VERTEX_POINT('',#6694);
#5533=VERTEX_POINT('',#6695);
#5534=VERTEX_POINT('',#6696);
#5535=VERTEX_POINT('',#6697);
#5536=VERTEX_POINT('',#6698);
#5537=VERTEX_POINT('',#6699);
#5538=VERTEX_POINT('',#6700);
#5539=VERTEX_POINT('',#6701);
#5540=VERTEX_POINT('',#6702);
#5541=VERTEX_POINT('',#6703);
#5542=VERTEX_POINT('',#6704);
#5543=VERTEX_POINT('',#6705);
#5544=VERTEX_POINT('',#6706);
#5545=VERTEX_POINT('',#6707);
#5546=VERTEX_POINT('',#6708);
#5547=VERTEX_POINT('',#6709);
#5548=VERTEX_POINT('',#6710);
#5549=VERTEX_POINT('',#6711);
#5550=VERTEX_POINT('',#6712);
#5551=VERTEX_POINT('',#6713);
#5552=(
BOUNDED_SURFACE()
B_SPLINE_SURFACE(2,1,((#6106,#6107),(#6108,#6109),(#6110,#6111),(#6112,
#6113),(#6114,#6115),(#6116,#6117),(#6118,#6119),(#6120,#6121),(#6122,#6123)),
 .UNSPECIFIED.,.T.,.F.,.F.)
B_SPLINE_SURFACE_WITH_KNOTS((3,2,2,2,3),(2,2),(0.,1.5707963267949,3.14159265358979,
4.71238898038469,6.28318530717959),(0.,0.2424000000012),.UNSPECIFIED.)
GEOMETRIC_REPRESENTATION_ITEM()
RATIONAL_B_SPLINE_SURFACE(((1.,1.),(0.707106781186548,0.707106781186548),
(1.,1.),(0.707106781186548,0.707106781186548),(1.,1.),(0.707106781186548,
0.707106781186548),(1.,1.),(0.707106781186548,0.707106781186548),(1.,1.)))
REPRESENTATION_ITEM('')
SURFACE()
);
#5553=(
BOUNDED_SURFACE()
B_SPLINE_SURFACE(2,1,((#6140,#6141),(#6142,#6143),(#6144,#6145),(#6146,
#6147),(#6148,#6149),(#6150,#6151),(#6152,#6153),(#6154,#6155),(#6156,#6157)),
 .UNSPECIFIED.,.T.,.F.,.F.)
B_SPLINE_SURFACE_WITH_KNOTS((3,2,2,2,3),(2,2),(0.,1.5707963267949,3.14159265358979,
4.71238898038469,6.28318530717959),(0.,0.2424),.UNSPECIFIED.)
GEOMETRIC_REPRESENTATION_ITEM()
RATIONAL_B_SPLINE_SURFACE(((1.,1.),(0.707106781186548,0.707106781186548),
(1.,1.),(0.707106781186548,0.707106781186548),(1.,1.),(0.707106781186548,
0.707106781186548),(1.,1.),(0.707106781186548,0.707106781186548),(1.,1.)))
REPRESENTATION_ITEM('')
SURFACE()
);
#5554=(
BOUNDED_SURFACE()
B_SPLINE_SURFACE(2,1,((#6160,#6161),(#6162,#6163),(#6164,#6165),(#6166,
#6167),(#6168,#6169),(#6170,#6171),(#6172,#6173),(#6174,#6175),(#6176,#6177)),
 .UNSPECIFIED.,.T.,.F.,.F.)
B_SPLINE_SURFACE_WITH_KNOTS((3,2,2,2,3),(2,2),(0.,1.5707963267949,3.14159265358979,
4.71238898038469,6.28318530717959),(0.,0.2424),.UNSPECIFIED.)
GEOMETRIC_REPRESENTATION_ITEM()
RATIONAL_B_SPLINE_SURFACE(((1.,1.),(0.707106781186548,0.707106781186548),
(1.,1.),(0.707106781186548,0.707106781186548),(1.,1.),(0.707106781186548,
0.707106781186548),(1.,1.),(0.707106781186548,0.707106781186548),(1.,1.)))
REPRESENTATION_ITEM('')
SURFACE()
);
#5555=(
BOUNDED_SURFACE()
B_SPLINE_SURFACE(2,1,((#6193,#6194),(#6195,#6196),(#6197,#6198),(#6199,
#6200),(#6201,#6202),(#6203,#6204),(#6205,#6206),(#6207,#6208),(#6209,#6210)),
 .UNSPECIFIED.,.T.,.F.,.F.)
B_SPLINE_SURFACE_WITH_KNOTS((3,2,2,2,3),(2,2),(0.,1.5707963267949,3.14159265358979,
4.71238898038469,6.28318530717959),(0.,0.2424),.UNSPECIFIED.)
GEOMETRIC_REPRESENTATION_ITEM()
RATIONAL_B_SPLINE_SURFACE(((1.,1.),(0.707106781186548,0.707106781186548),
(1.,1.),(0.707106781186548,0.707106781186548),(1.,1.),(0.707106781186548,
0.707106781186548),(1.,1.),(0.707106781186548,0.707106781186548),(1.,1.)))
REPRESENTATION_ITEM('')
SURFACE()
);
#5556=(
BOUNDED_SURFACE()
B_SPLINE_SURFACE(2,1,((#6211,#6212),(#6213,#6214),(#6215,#6216),(#6217,
#6218),(#6219,#6220),(#6221,#6222),(#6223,#6224),(#6225,#6226),(#6227,#6228)),
 .UNSPECIFIED.,.T.,.F.,.F.)
B_SPLINE_SURFACE_WITH_KNOTS((3,2,2,2,3),(2,2),(0.,1.5707963267949,3.14159265358979,
4.71238898038469,6.28318530717959),(0.,0.2424),.UNSPECIFIED.)
GEOMETRIC_REPRESENTATION_ITEM()
RATIONAL_B_SPLINE_SURFACE(((1.,1.),(0.707106781186548,0.707106781186548),
(1.,1.),(0.707106781186548,0.707106781186548),(1.,1.),(0.707106781186548,
0.707106781186548),(1.,1.),(0.707106781186548,0.707106781186548),(1.,1.)))
REPRESENTATION_ITEM('')
SURFACE()
);
#5557=(
BOUNDED_SURFACE()
B_SPLINE_SURFACE(2,1,((#6229,#6230),(#6231,#6232),(#6233,#6234),(#6235,
#6236),(#6237,#6238),(#6239,#6240),(#6241,#6242),(#6243,#6244),(#6245,#6246)),
 .UNSPECIFIED.,.T.,.F.,.F.)
B_SPLINE_SURFACE_WITH_KNOTS((3,2,2,2,3),(2,2),(0.,1.5707963267949,3.14159265358979,
4.71238898038469,6.28318530717959),(0.,0.2424),.UNSPECIFIED.)
GEOMETRIC_REPRESENTATION_ITEM()
RATIONAL_B_SPLINE_SURFACE(((1.,1.),(0.707106781186548,0.707106781186548),
(1.,1.),(0.707106781186548,0.707106781186548),(1.,1.),(0.707106781186548,
0.707106781186548),(1.,1.),(0.707106781186548,0.707106781186548),(1.,1.)))
REPRESENTATION_ITEM('')
SURFACE()
);
#5558=(
BOUNDED_SURFACE()
B_SPLINE_SURFACE(2,1,((#6262,#6263),(#6264,#6265),(#6266,#6267),(#6268,
#6269),(#6270,#6271),(#6272,#6273),(#6274,#6275),(#6276,#6277),(#6278,#6279)),
 .UNSPECIFIED.,.T.,.F.,.F.)
B_SPLINE_SURFACE_WITH_KNOTS((3,2,2,2,3),(2,2),(0.,1.5707963267949,3.14159265358979,
4.71238898038469,6.28318530717959),(0.,0.2424000000012),.UNSPECIFIED.)
GEOMETRIC_REPRESENTATION_ITEM()
RATIONAL_B_SPLINE_SURFACE(((1.,1.),(0.707106781186548,0.707106781186548),
(1.,1.),(0.707106781186548,0.707106781186548),(1.,1.),(0.707106781186548,
0.707106781186548),(1.,1.),(0.707106781186548,0.707106781186548),(1.,1.)))
REPRESENTATION_ITEM('')
SURFACE()
);
#5559=(
BOUNDED_SURFACE()
B_SPLINE_SURFACE(2,1,((#6295,#6296),(#6297,#6298),(#6299,#6300),(#6301,
#6302),(#6303,#6304),(#6305,#6306),(#6307,#6308),(#6309,#6310),(#6311,#6312)),
 .UNSPECIFIED.,.T.,.F.,.F.)
B_SPLINE_SURFACE_WITH_KNOTS((3,2,2,2,3),(2,2),(0.,1.5707963267949,3.14159265358979,
4.71238898038469,6.28318530717959),(0.,0.2424),.UNSPECIFIED.)
GEOMETRIC_REPRESENTATION_ITEM()
RATIONAL_B_SPLINE_SURFACE(((1.,1.),(0.707106781186548,0.707106781186548),
(1.,1.),(0.707106781186548,0.707106781186548),(1.,1.),(0.707106781186548,
0.707106781186548),(1.,1.),(0.707106781186548,0.707106781186548),(1.,1.)))
REPRESENTATION_ITEM('')
SURFACE()
);
#5560=(
BOUNDED_SURFACE()
B_SPLINE_SURFACE(2,1,((#6328,#6329),(#6330,#6331),(#6332,#6333),(#6334,
#6335),(#6336,#6337),(#6338,#6339),(#6340,#6341),(#6342,#6343),(#6344,#6345)),
 .UNSPECIFIED.,.T.,.F.,.F.)
B_SPLINE_SURFACE_WITH_KNOTS((3,2,2,2,3),(2,2),(0.,1.5707963267949,3.14159265358979,
4.71238898038469,6.28318530717959),(0.,0.2424),.UNSPECIFIED.)
GEOMETRIC_REPRESENTATION_ITEM()
RATIONAL_B_SPLINE_SURFACE(((1.,1.),(0.707106781186548,0.707106781186548),
(1.,1.),(0.707106781186548,0.707106781186548),(1.,1.),(0.707106781186548,
0.707106781186548),(1.,1.),(0.707106781186548,0.707106781186548),(1.,1.)))
REPRESENTATION_ITEM('')
SURFACE()
);
#5561=(
BOUNDED_SURFACE()
B_SPLINE_SURFACE(2,1,((#6346,#6347),(#6348,#6349),(#6350,#6351),(#6352,
#6353),(#6354,#6355),(#6356,#6357),(#6358,#6359),(#6360,#6361),(#6362,#6363)),
 .UNSPECIFIED.,.T.,.F.,.F.)
B_SPLINE_SURFACE_WITH_KNOTS((3,2,2,2,3),(2,2),(0.,1.5707963267949,3.14159265358979,
4.71238898038469,6.28318530717959),(0.,0.2424),.UNSPECIFIED.)
GEOMETRIC_REPRESENTATION_ITEM()
RATIONAL_B_SPLINE_SURFACE(((1.,1.),(0.707106781186548,0.707106781186548),
(1.,1.),(0.707106781186548,0.707106781186548),(1.,1.),(0.707106781186548,
0.707106781186548),(1.,1.),(0.707106781186548,0.707106781186548),(1.,1.)))
REPRESENTATION_ITEM('')
SURFACE()
);
#5562=(
BOUNDED_SURFACE()
B_SPLINE_SURFACE(2,1,((#6364,#6365),(#6366,#6367),(#6368,#6369),(#6370,
#6371),(#6372,#6373),(#6374,#6375),(#6376,#6377),(#6378,#6379),(#6380,#6381)),
 .UNSPECIFIED.,.T.,.F.,.F.)
B_SPLINE_SURFACE_WITH_KNOTS((3,2,2,2,3),(2,2),(0.,1.5707963267949,3.14159265358979,
4.71238898038469,6.28318530717959),(0.,0.2424000000012),.UNSPECIFIED.)
GEOMETRIC_REPRESENTATION_ITEM()
RATIONAL_B_SPLINE_SURFACE(((1.,1.),(0.707106781186548,0.707106781186548),
(1.,1.),(0.707106781186548,0.707106781186548),(1.,1.),(0.707106781186548,
0.707106781186548),(1.,1.),(0.707106781186548,0.707106781186548),(1.,1.)))
REPRESENTATION_ITEM('')
SURFACE()
);
#5563=(
BOUNDED_SURFACE()
B_SPLINE_SURFACE(2,1,((#6382,#6383),(#6384,#6385),(#6386,#6387),(#6388,
#6389),(#6390,#6391),(#6392,#6393),(#6394,#6395),(#6396,#6397),(#6398,#6399)),
 .UNSPECIFIED.,.T.,.F.,.F.)
B_SPLINE_SURFACE_WITH_KNOTS((3,2,2,2,3),(2,2),(0.,1.5707963267949,3.14159265358979,
4.71238898038469,6.28318530717959),(0.,0.2424000000012),.UNSPECIFIED.)
GEOMETRIC_REPRESENTATION_ITEM()
RATIONAL_B_SPLINE_SURFACE(((1.,1.),(0.707106781186548,0.707106781186548),
(1.,1.),(0.707106781186548,0.707106781186548),(1.,1.),(0.707106781186548,
0.707106781186548),(1.,1.),(0.707106781186548,0.707106781186548),(1.,1.)))
REPRESENTATION_ITEM('')
SURFACE()
);
#5564=(
BOUNDED_SURFACE()
B_SPLINE_SURFACE(2,1,((#6400,#6401),(#6402,#6403),(#6404,#6405),(#6406,
#6407),(#6408,#6409),(#6410,#6411),(#6412,#6413),(#6414,#6415),(#6416,#6417)),
 .UNSPECIFIED.,.T.,.F.,.F.)
B_SPLINE_SURFACE_WITH_KNOTS((3,2,2,2,3),(2,2),(0.,1.5707963267949,3.14159265358979,
4.71238898038469,6.28318530717959),(0.,0.2424),.UNSPECIFIED.)
GEOMETRIC_REPRESENTATION_ITEM()
RATIONAL_B_SPLINE_SURFACE(((1.,1.),(0.707106781186548,0.707106781186548),
(1.,1.),(0.707106781186548,0.707106781186548),(1.,1.),(0.707106781186548,
0.707106781186548),(1.,1.),(0.707106781186548,0.707106781186548),(1.,1.)))
REPRESENTATION_ITEM('')
SURFACE()
);
#5565=(
BOUNDED_SURFACE()
B_SPLINE_SURFACE(2,1,((#6418,#6419),(#6420,#6421),(#6422,#6423),(#6424,
#6425),(#6426,#6427),(#6428,#6429),(#6430,#6431),(#6432,#6433),(#6434,#6435)),
 .UNSPECIFIED.,.T.,.F.,.F.)
B_SPLINE_SURFACE_WITH_KNOTS((3,2,2,2,3),(2,2),(0.,1.5707963267949,3.14159265358979,
4.71238898038469,6.28318530717959),(0.,0.2424),.UNSPECIFIED.)
GEOMETRIC_REPRESENTATION_ITEM()
RATIONAL_B_SPLINE_SURFACE(((1.,1.),(0.707106781186548,0.707106781186548),
(1.,1.),(0.707106781186548,0.707106781186548),(1.,1.),(0.707106781186548,
0.707106781186548),(1.,1.),(0.707106781186548,0.707106781186548),(1.,1.)))
REPRESENTATION_ITEM('')
SURFACE()
);
#5566=PLANE('',#5734);
#5567=PLANE('',#5735);
#5568=PLANE('',#5736);
#5569=PLANE('',#5737);
#5570=PLANE('',#5738);
#5571=PLANE('',#5739);
#5572=PLANE('',#5740);
#5573=PLANE('',#5741);
#5574=PLANE('',#5742);
#5575=PLANE('',#5743);
#5576=PLANE('',#5744);
#5577=PLANE('',#5745);
#5578=PLANE('',#5746);
#5579=PLANE('',#5747);
#5580=PLANE('',#5748);
#5581=PLANE('',#5749);
#5582=PLANE('',#5750);
#5583=PLANE('',#5751);
#5584=PLANE('',#5752);
#5585=PLANE('',#5753);
#5586=PLANE('',#5754);
#5587=PLANE('',#5755);
#5588=PLANE('',#5756);
#5589=PLANE('',#5757);
#5590=PLANE('',#5758);
#5591=PLANE('',#5759);
#5592=PLANE('',#5760);
#5593=PLANE('',#5761);
#5594=PLANE('',#5762);
#5595=PLANE('',#5763);
#5596=PLANE('',#5764);
#5597=PLANE('',#5765);
#5598=PLANE('',#5766);
#5599=PLANE('',#5767);
#5600=PLANE('',#5768);
#5601=PLANE('',#5769);
#5602=PLANE('',#5770);
#5603=PLANE('',#5771);
#5604=PLANE('',#5772);
#5605=PLANE('',#5773);
#5606=PLANE('',#5774);
#5607=PLANE('',#5775);
#5608=PLANE('',#5776);
#5609=PLANE('',#5777);
#5610=PLANE('',#5778);
#5611=PLANE('',#5779);
#5612=PLANE('',#5780);
#5613=PLANE('',#5781);
#5614=PLANE('',#5782);
#5615=PLANE('',#5783);
#5616=PLANE('',#5784);
#5617=PLANE('',#5785);
#5618=PLANE('',#5786);
#5619=PLANE('',#5787);
#5620=PLANE('',#5788);
#5621=PLANE('',#5789);
#5622=PLANE('',#5790);
#5623=PLANE('',#5791);
#5624=PLANE('',#5792);
#5625=PLANE('',#5793);
#5626=PLANE('',#5794);
#5627=PLANE('',#5795);
#5628=PLANE('',#5796);
#5629=PLANE('',#5797);
#5630=PLANE('',#5798);
#5631=PLANE('',#5799);
#5632=PLANE('',#5800);
#5633=PLANE('',#5801);
#5634=PLANE('',#5802);
#5635=PLANE('',#5803);
#5636=PLANE('',#5804);
#5637=PLANE('',#5805);
#5638=PLANE('',#5806);
#5639=PLANE('',#5807);
#5640=PLANE('',#5808);
#5641=PLANE('',#5809);
#5642=PLANE('',#5810);
#5643=PLANE('',#5811);
#5644=PLANE('',#5812);
#5645=PLANE('',#5813);
#5646=PLANE('',#5814);
#5647=PLANE('',#5815);
#5648=PLANE('',#5816);
#5649=PLANE('',#5817);
#5650=PLANE('',#5818);
#5651=PLANE('',#5819);
#5652=PLANE('',#5820);
#5653=PLANE('',#5821);
#5654=PLANE('',#5822);
#5655=PLANE('',#5823);
#5656=PLANE('',#5824);
#5657=PLANE('',#5825);
#5658=PLANE('',#5826);
#5659=PLANE('',#5827);
#5660=PLANE('',#5828);
#5661=PLANE('',#5829);
#5662=PLANE('',#5830);
#5663=PLANE('',#5831);
#5664=PLANE('',#5832);
#5665=PLANE('',#5833);
#5666=PLANE('',#5834);
#5667=PLANE('',#5835);
#5668=PLANE('',#5836);
#5669=PLANE('',#5837);
#5670=PLANE('',#5838);
#5671=PLANE('',#5839);
#5672=PLANE('',#5840);
#5673=PLANE('',#5841);
#5674=PLANE('',#5842);
#5675=PLANE('',#5843);
#5676=PLANE('',#5844);
#5677=PLANE('',#5845);
#5678=PLANE('',#5846);
#5679=PLANE('',#5847);
#5680=PLANE('',#5848);
#5681=PLANE('',#5849);
#5682=PLANE('',#5850);
#5683=PLANE('',#5851);
#5684=PLANE('',#5852);
#5685=PLANE('',#5853);
#5686=PLANE('',#5854);
#5687=PLANE('',#5855);
#5688=PLANE('',#5856);
#5689=PLANE('',#5857);
#5690=PLANE('',#5858);
#5691=PLANE('',#5859);
#5692=PLANE('',#5860);
#5693=PLANE('',#5861);
#5694=PLANE('',#5862);
#5695=PLANE('',#5863);
#5696=PLANE('',#5864);
#5697=PLANE('',#5865);
#5698=PLANE('',#5866);
#5699=PLANE('',#5867);
#5700=PLANE('',#5868);
#5701=PLANE('',#5869);
#5702=PLANE('',#5870);
#5703=PLANE('',#5871);
#5704=PLANE('',#5872);
#5705=PLANE('',#5873);
#5706=PLANE('',#5874);
#5707=PLANE('',#5875);
#5708=PLANE('',#5876);
#5709=PLANE('',#5877);
#5710=PLANE('',#5878);
#5711=PLANE('',#5879);
#5712=PLANE('',#5880);
#5713=PLANE('',#5881);
#5714=SHAPE_DEFINITION_REPRESENTATION(#5715,#5732);
#5715=PRODUCT_DEFINITION_SHAPE('Document','',#5717);
#5716=PRODUCT_DEFINITION_CONTEXT('3D Mechanical Parts',#5721,'design');
#5717=PRODUCT_DEFINITION('A','First version',#5718,#5716);
#5718=PRODUCT_DEFINITION_FORMATION_WITH_SPECIFIED_SOURCE('A',
'First version',#5723,.MADE.);
#5719=PRODUCT_RELATED_PRODUCT_CATEGORY('tool','tool',(#5723));
#5720=APPLICATION_PROTOCOL_DEFINITION('Draft International Standard',
'automotive_design',1999,#5721);
#5721=APPLICATION_CONTEXT(
'data for automotive mechanical design processes');
#5722=PRODUCT_CONTEXT('3D Mechanical Parts',#5721,'mechanical');
#5723=PRODUCT('Document','Document','Rhino converted to STEP',(#5722));
#5724=(
LENGTH_UNIT()
NAMED_UNIT(*)
SI_UNIT(.MILLI.,.METRE.)
);
#5725=(
NAMED_UNIT(*)
PLANE_ANGLE_UNIT()
SI_UNIT($,.RADIAN.)
);
#5726=DIMENSIONAL_EXPONENTS(0.,0.,0.,0.,0.,0.,0.);
#5727=PLANE_ANGLE_MEASURE_WITH_UNIT(PLANE_ANGLE_MEASURE(0.01745329252),
#5725);
#5728=(
CONVERSION_BASED_UNIT('DEGREES',#5727)
NAMED_UNIT(#5726)
PLANE_ANGLE_UNIT()
);
#5729=(
NAMED_UNIT(*)
SI_UNIT($,.STERADIAN.)
SOLID_ANGLE_UNIT()
);
#5730=UNCERTAINTY_MEASURE_WITH_UNIT(LENGTH_MEASURE(0.0001),#5724,
'DISTANCE_ACCURACY_VALUE',
'Maximum model space distance between geometric entities at asserted c
onnectivities');
#5731=(
GEOMETRIC_REPRESENTATION_CONTEXT(3)
GLOBAL_UNCERTAINTY_ASSIGNED_CONTEXT((#5730))
GLOBAL_UNIT_ASSIGNED_CONTEXT((#5729,#5728,#5724))
REPRESENTATION_CONTEXT('ID1','3D')
);
#5732=SHAPE_REPRESENTATION('Document',(#5733,#5882),#5731);
#5733=AXIS2_PLACEMENT_3D('',#6035,#5883,#5884);
#5734=AXIS2_PLACEMENT_3D('',#6036,#5885,$);
#5735=AXIS2_PLACEMENT_3D('',#6037,#5886,$);
#5736=AXIS2_PLACEMENT_3D('',#6038,#5887,$);
#5737=AXIS2_PLACEMENT_3D('',#6039,#5888,$);
#5738=AXIS2_PLACEMENT_3D('',#6040,#5889,$);
#5739=AXIS2_PLACEMENT_3D('',#6041,#5890,$);
#5740=AXIS2_PLACEMENT_3D('',#6042,#5891,$);
#5741=AXIS2_PLACEMENT_3D('',#6043,#5892,$);
#5742=AXIS2_PLACEMENT_3D('',#6044,#5893,$);
#5743=AXIS2_PLACEMENT_3D('',#6045,#5894,$);
#5744=AXIS2_PLACEMENT_3D('',#6046,#5895,$);
#5745=AXIS2_PLACEMENT_3D('',#6047,#5896,$);
#5746=AXIS2_PLACEMENT_3D('',#6048,#5897,$);
#5747=AXIS2_PLACEMENT_3D('',#6049,#5898,$);
#5748=AXIS2_PLACEMENT_3D('',#6050,#5899,$);
#5749=AXIS2_PLACEMENT_3D('',#6051,#5900,$);
#5750=AXIS2_PLACEMENT_3D('',#6052,#5901,$);
#5751=AXIS2_PLACEMENT_3D('',#6053,#5902,$);
#5752=AXIS2_PLACEMENT_3D('',#6054,#5903,$);
#5753=AXIS2_PLACEMENT_3D('',#6055,#5904,$);
#5754=AXIS2_PLACEMENT_3D('',#6056,#5905,$);
#5755=AXIS2_PLACEMENT_3D('',#6057,#5906,$);
#5756=AXIS2_PLACEMENT_3D('',#6058,#5907,$);
#5757=AXIS2_PLACEMENT_3D('',#6059,#5908,$);
#5758=AXIS2_PLACEMENT_3D('',#6060,#5909,$);
#5759=AXIS2_PLACEMENT_3D('',#6061,#5910,$);
#5760=AXIS2_PLACEMENT_3D('',#6062,#5911,$);
#5761=AXIS2_PLACEMENT_3D('',#6063,#5912,$);
#5762=AXIS2_PLACEMENT_3D('',#6064,#5913,$);
#5763=AXIS2_PLACEMENT_3D('',#6065,#5914,$);
#5764=AXIS2_PLACEMENT_3D('',#6066,#5915,$);
#5765=AXIS2_PLACEMENT_3D('',#6067,#5916,$);
#5766=AXIS2_PLACEMENT_3D('',#6068,#5917,$);
#5767=AXIS2_PLACEMENT_3D('',#6069,#5918,$);
#5768=AXIS2_PLACEMENT_3D('',#6070,#5919,$);
#5769=AXIS2_PLACEMENT_3D('',#6071,#5920,$);
#5770=AXIS2_PLACEMENT_3D('',#6072,#5921,$);
#5771=AXIS2_PLACEMENT_3D('',#6073,#5922,$);
#5772=AXIS2_PLACEMENT_3D('',#6074,#5923,$);
#5773=AXIS2_PLACEMENT_3D('',#6075,#5924,$);
#5774=AXIS2_PLACEMENT_3D('',#6076,#5925,$);
#5775=AXIS2_PLACEMENT_3D('',#6077,#5926,$);
#5776=AXIS2_PLACEMENT_3D('',#6078,#5927,$);
#5777=AXIS2_PLACEMENT_3D('',#6079,#5928,$);
#5778=AXIS2_PLACEMENT_3D('',#6080,#5929,$);
#5779=AXIS2_PLACEMENT_3D('',#6081,#5930,$);
#5780=AXIS2_PLACEMENT_3D('',#6082,#5931,$);
#5781=AXIS2_PLACEMENT_3D('',#6083,#5932,$);
#5782=AXIS2_PLACEMENT_3D('',#6084,#5933,$);
#5783=AXIS2_PLACEMENT_3D('',#6085,#5934,$);
#5784=AXIS2_PLACEMENT_3D('',#6086,#5935,$);
#5785=AXIS2_PLACEMENT_3D('',#6087,#5936,$);
#5786=AXIS2_PLACEMENT_3D('',#6088,#5937,$);
#5787=AXIS2_PLACEMENT_3D('',#6089,#5938,$);
#5788=AXIS2_PLACEMENT_3D('',#6090,#5939,$);
#5789=AXIS2_PLACEMENT_3D('',#6091,#5940,$);
#5790=AXIS2_PLACEMENT_3D('',#6092,#5941,$);
#5791=AXIS2_PLACEMENT_3D('',#6093,#5942,$);
#5792=AXIS2_PLACEMENT_3D('',#6094,#5943,$);
#5793=AXIS2_PLACEMENT_3D('',#6095,#5944,$);
#5794=AXIS2_PLACEMENT_3D('',#6096,#5945,$);
#5795=AXIS2_PLACEMENT_3D('',#6097,#5946,$);
#5796=AXIS2_PLACEMENT_3D('',#6098,#5947,$);
#5797=AXIS2_PLACEMENT_3D('',#6099,#5948,$);
#5798=AXIS2_PLACEMENT_3D('',#6100,#5949,$);
#5799=AXIS2_PLACEMENT_3D('',#6101,#5950,$);
#5800=AXIS2_PLACEMENT_3D('',#6102,#5951,$);
#5801=AXIS2_PLACEMENT_3D('',#6103,#5952,$);
#5802=AXIS2_PLACEMENT_3D('',#6104,#5953,$);
#5803=AXIS2_PLACEMENT_3D('',#6105,#5954,$);
#5804=AXIS2_PLACEMENT_3D('',#6124,#5955,$);
#5805=AXIS2_PLACEMENT_3D('',#6125,#5956,$);
#5806=AXIS2_PLACEMENT_3D('',#6126,#5957,$);
#5807=AXIS2_PLACEMENT_3D('',#6127,#5958,$);
#5808=AXIS2_PLACEMENT_3D('',#6128,#5959,$);
#5809=AXIS2_PLACEMENT_3D('',#6129,#5960,$);
#5810=AXIS2_PLACEMENT_3D('',#6130,#5961,$);
#5811=AXIS2_PLACEMENT_3D('',#6131,#5962,$);
#5812=AXIS2_PLACEMENT_3D('',#6132,#5963,$);
#5813=AXIS2_PLACEMENT_3D('',#6133,#5964,$);
#5814=AXIS2_PLACEMENT_3D('',#6134,#5965,$);
#5815=AXIS2_PLACEMENT_3D('',#6135,#5966,$);
#5816=AXIS2_PLACEMENT_3D('',#6136,#5967,$);
#5817=AXIS2_PLACEMENT_3D('',#6137,#5968,$);
#5818=AXIS2_PLACEMENT_3D('',#6138,#5969,$);
#5819=AXIS2_PLACEMENT_3D('',#6139,#5970,$);
#5820=AXIS2_PLACEMENT_3D('',#6158,#5971,$);
#5821=AXIS2_PLACEMENT_3D('',#6159,#5972,$);
#5822=AXIS2_PLACEMENT_3D('',#6178,#5973,$);
#5823=AXIS2_PLACEMENT_3D('',#6179,#5974,$);
#5824=AXIS2_PLACEMENT_3D('',#6180,#5975,$);
#5825=AXIS2_PLACEMENT_3D('',#6181,#5976,$);
#5826=AXIS2_PLACEMENT_3D('',#6182,#5977,$);
#5827=AXIS2_PLACEMENT_3D('',#6183,#5978,$);
#5828=AXIS2_PLACEMENT_3D('',#6184,#5979,$);
#5829=AXIS2_PLACEMENT_3D('',#6185,#5980,$);
#5830=AXIS2_PLACEMENT_3D('',#6186,#5981,$);
#5831=AXIS2_PLACEMENT_3D('',#6187,#5982,$);
#5832=AXIS2_PLACEMENT_3D('',#6188,#5983,$);
#5833=AXIS2_PLACEMENT_3D('',#6189,#5984,$);
#5834=AXIS2_PLACEMENT_3D('',#6190,#5985,$);
#5835=AXIS2_PLACEMENT_3D('',#6191,#5986,$);
#5836=AXIS2_PLACEMENT_3D('',#6192,#5987,$);
#5837=AXIS2_PLACEMENT_3D('',#6247,#5988,$);
#5838=AXIS2_PLACEMENT_3D('',#6248,#5989,$);
#5839=AXIS2_PLACEMENT_3D('',#6249,#5990,$);
#5840=AXIS2_PLACEMENT_3D('',#6250,#5991,$);
#5841=AXIS2_PLACEMENT_3D('',#6251,#5992,$);
#5842=AXIS2_PLACEMENT_3D('',#6252,#5993,$);
#5843=AXIS2_PLACEMENT_3D('',#6253,#5994,$);
#5844=AXIS2_PLACEMENT_3D('',#6254,#5995,$);
#5845=AXIS2_PLACEMENT_3D('',#6255,#5996,$);
#5846=AXIS2_PLACEMENT_3D('',#6256,#5997,$);
#5847=AXIS2_PLACEMENT_3D('',#6257,#5998,$);
#5848=AXIS2_PLACEMENT_3D('',#6258,#5999,$);
#5849=AXIS2_PLACEMENT_3D('',#6259,#6000,$);
#5850=AXIS2_PLACEMENT_3D('',#6260,#6001,$);
#5851=AXIS2_PLACEMENT_3D('',#6261,#6002,$);
#5852=AXIS2_PLACEMENT_3D('',#6280,#6003,$);
#5853=AXIS2_PLACEMENT_3D('',#6281,#6004,$);
#5854=AXIS2_PLACEMENT_3D('',#6282,#6005,$);
#5855=AXIS2_PLACEMENT_3D('',#6283,#6006,$);
#5856=AXIS2_PLACEMENT_3D('',#6284,#6007,$);
#5857=AXIS2_PLACEMENT_3D('',#6285,#6008,$);
#5858=AXIS2_PLACEMENT_3D('',#6286,#6009,$);
#5859=AXIS2_PLACEMENT_3D('',#6287,#6010,$);
#5860=AXIS2_PLACEMENT_3D('',#6288,#6011,$);
#5861=AXIS2_PLACEMENT_3D('',#6289,#6012,$);
#5862=AXIS2_PLACEMENT_3D('',#6290,#6013,$);
#5863=AXIS2_PLACEMENT_3D('',#6291,#6014,$);
#5864=AXIS2_PLACEMENT_3D('',#6292,#6015,$);
#5865=AXIS2_PLACEMENT_3D('',#6293,#6016,$);
#5866=AXIS2_PLACEMENT_3D('',#6294,#6017,$);
#5867=AXIS2_PLACEMENT_3D('',#6313,#6018,$);
#5868=AXIS2_PLACEMENT_3D('',#6314,#6019,$);
#5869=AXIS2_PLACEMENT_3D('',#6315,#6020,$);
#5870=AXIS2_PLACEMENT_3D('',#6316,#6021,$);
#5871=AXIS2_PLACEMENT_3D('',#6317,#6022,$);
#5872=AXIS2_PLACEMENT_3D('',#6318,#6023,$);
#5873=AXIS2_PLACEMENT_3D('',#6319,#6024,$);
#5874=AXIS2_PLACEMENT_3D('',#6320,#6025,$);
#5875=AXIS2_PLACEMENT_3D('',#6321,#6026,$);
#5876=AXIS2_PLACEMENT_3D('',#6322,#6027,$);
#5877=AXIS2_PLACEMENT_3D('',#6323,#6028,$);
#5878=AXIS2_PLACEMENT_3D('',#6324,#6029,$);
#5879=AXIS2_PLACEMENT_3D('',#6325,#6030,$);
#5880=AXIS2_PLACEMENT_3D('',#6326,#6031,$);
#5881=AXIS2_PLACEMENT_3D('',#6327,#6032,$);
#5882=AXIS2_PLACEMENT_3D('',#9400,#6033,#6034);
#5883=DIRECTION('',(0.,0.,1.));
#5884=DIRECTION('',(1.,0.,0.));
#5885=DIRECTION('',(0.,-1.,0.));
#5886=DIRECTION('',(0.,-1.,0.));
#5887=DIRECTION('',(0.,1.,0.));
#5888=DIRECTION('',(0.,1.,0.));
#5889=DIRECTION('',(0.,1.,0.));
#5890=DIRECTION('',(0.,1.,0.));
#5891=DIRECTION('',(0.,0.,1.));
#5892=DIRECTION('',(-1.,0.,0.));
#5893=DIRECTION('',(1.,0.,0.));
#5894=DIRECTION('',(0.,0.,-1.));
#5895=DIRECTION('',(0.,-1.,0.));
#5896=DIRECTION('',(1.,0.,0.));
#5897=DIRECTION('',(0.,1.,0.));
#5898=DIRECTION('',(0.,-1.,0.));
#5899=DIRECTION('',(0.,0.,-1.));
#5900=DIRECTION('',(0.,1.,0.));
#5901=DIRECTION('',(0.,1.,0.));
#5902=DIRECTION('',(0.,1.,0.));
#5903=DIRECTION('',(0.,-1.,0.));
#5904=DIRECTION('',(0.,-1.,0.));
#5905=DIRECTION('',(0.,0.,-1.));
#5906=DIRECTION('',(0.,0.,-1.));
#5907=DIRECTION('',(0.,-1.,0.));
#5908=DIRECTION('',(0.,1.,0.));
#5909=DIRECTION('',(-1.,0.,0.));
#5910=DIRECTION('',(-1.,0.,0.));
#5911=DIRECTION('',(0.,0.,1.));
#5912=DIRECTION('',(1.,0.,0.));
#5913=DIRECTION('',(0.,0.,1.));
#5914=DIRECTION('',(1.,0.,0.));
#5915=DIRECTION('',(0.,0.,-1.));
#5916=DIRECTION('',(1.,0.,0.));
#5917=DIRECTION('',(0.,0.,-1.));
#5918=DIRECTION('',(-1.,0.,0.));
#5919=DIRECTION('',(0.,0.,-1.));
#5920=DIRECTION('',(-1.,0.,0.));
#5921=DIRECTION('',(0.,0.,1.));
#5922=DIRECTION('',(-0.939692620786016,-0.342020143325372,0.));
#5923=DIRECTION('',(0.,-0.342020143325372,0.939692620786016));
#5924=DIRECTION('',(0.,-0.342020143325371,0.939692620786017));
#5925=DIRECTION('',(-0.939692620786015,-0.342020143325377,0.));
#5926=DIRECTION('',(0.939692620786015,-0.342020143325377,0.));
#5927=DIRECTION('',(2.08653676733398E-15,-0.342020143325372,-0.939692620786016));
#5928=DIRECTION('',(0.,-0.342020143325372,0.939692620786016));
#5929=DIRECTION('',(-0.939692620786017,-0.34202014332537,0.));
#5930=DIRECTION('',(0.939692620786014,-0.342020143325379,0.));
#5931=DIRECTION('',(0.,-0.342020143325372,-0.939692620786016));
#5932=DIRECTION('',(0.,-0.342020143325372,-0.939692620786016));
#5933=DIRECTION('',(0.939692620786014,-0.342020143325379,0.));
#5934=DIRECTION('',(0.,0.,-1.));
#5935=DIRECTION('',(-1.,0.,0.));
#5936=DIRECTION('',(0.,1.,0.));
#5937=DIRECTION('',(0.,0.,1.));
#5938=DIRECTION('',(0.,1.,0.));
#5939=DIRECTION('',(0.,0.,1.));
#5940=DIRECTION('',(-1.,0.,0.));
#5941=DIRECTION('',(0.,1.,0.));
#5942=DIRECTION('',(1.,0.,0.));
#5943=DIRECTION('',(0.,0.,1.));
#5944=DIRECTION('',(-1.,0.,0.));
#5945=DIRECTION('',(0.,0.,-1.));
#5946=DIRECTION('',(0.,-1.,0.));
#5947=DIRECTION('',(-1.,0.,0.));
#5948=DIRECTION('',(1.,0.,0.));
#5949=DIRECTION('',(-1.,0.,0.));
#5950=DIRECTION('',(1.,0.,0.));
#5951=DIRECTION('',(-1.,0.,0.));
#5952=DIRECTION('',(1.,0.,0.));
#5953=DIRECTION('',(-1.,0.,0.));
#5954=DIRECTION('',(1.,0.,0.));
#5955=DIRECTION('',(0.,0.,-1.));
#5956=DIRECTION('',(0.,-1.,0.));
#5957=DIRECTION('',(0.,0.,-1.));
#5958=DIRECTION('',(0.,-1.,0.));
#5959=DIRECTION('',(1.,0.,0.));
#5960=DIRECTION('',(0.,0.,1.));
#5961=DIRECTION('',(0.,1.,0.));
#5962=DIRECTION('',(0.,0.,1.));
#5963=DIRECTION('',(0.,1.,0.));
#5964=DIRECTION('',(1.,0.,0.));
#5965=DIRECTION('',(0.,1.,0.));
#5966=DIRECTION('',(-1.,0.,0.));
#5967=DIRECTION('',(0.,0.,-1.));
#5968=DIRECTION('',(1.,0.,0.));
#5969=DIRECTION('',(0.,0.,1.));
#5970=DIRECTION('',(0.,-1.,0.));
#5971=DIRECTION('',(0.,0.,1.));
#5972=DIRECTION('',(0.,1.,0.));
#5973=DIRECTION('',(0.,1.,0.));
#5974=DIRECTION('',(0.,0.,1.));
#5975=DIRECTION('',(0.,0.883572441064491,0.468294502841254));
#5976=DIRECTION('',(0.,0.173648177666063,0.984807753012361));
#5977=DIRECTION('',(0.,1.,0.));
#5978=DIRECTION('',(0.,0.,-1.));
#5979=DIRECTION('',(1.,0.,0.));
#5980=DIRECTION('',(-1.,0.,0.));
#5981=DIRECTION('',(0.,-0.0168977172180142,0.999857223383829));
#5982=DIRECTION('',(0.,-1.,0.));
#5983=DIRECTION('',(0.,-0.0168977172180141,0.999857223383829));
#5984=DIRECTION('',(-1.,0.,0.));
#5985=DIRECTION('',(1.,0.,0.));
#5986=DIRECTION('',(0.,-0.0168977172180144,-0.999857223383829));
#5987=DIRECTION('',(0.,-1.,0.));
#5988=DIRECTION('',(0.,1.,0.));
#5989=DIRECTION('',(0.,0.,1.));
#5990=DIRECTION('',(0.,0.883572441064491,0.468294502841254));
#5991=DIRECTION('',(0.,0.173648177666063,0.984807753012361));
#5992=DIRECTION('',(0.,1.,0.));
#5993=DIRECTION('',(0.,0.,-1.));
#5994=DIRECTION('',(1.,0.,0.));
#5995=DIRECTION('',(-1.,0.,0.));
#5996=DIRECTION('',(0.,-0.0168977172180142,0.999857223383829));
#5997=DIRECTION('',(0.,-1.,0.));
#5998=DIRECTION('',(0.,-0.0168977172180141,0.999857223383829));
#5999=DIRECTION('',(-1.,0.,0.));
#6000=DIRECTION('',(1.,0.,0.));
#6001=DIRECTION('',(0.,-0.0168977172180144,-0.999857223383829));
#6002=DIRECTION('',(0.,-1.,0.));
#6003=DIRECTION('',(0.,1.,0.));
#6004=DIRECTION('',(0.,0.,1.));
#6005=DIRECTION('',(0.,0.883572441064491,0.468294502841254));
#6006=DIRECTION('',(0.,0.173648177666063,0.984807753012361));
#6007=DIRECTION('',(0.,1.,0.));
#6008=DIRECTION('',(0.,0.,-1.));
#6009=DIRECTION('',(1.,0.,0.));
#6010=DIRECTION('',(-1.,0.,0.));
#6011=DIRECTION('',(0.,-0.0168977172180142,0.999857223383829));
#6012=DIRECTION('',(0.,-1.,0.));
#6013=DIRECTION('',(0.,-0.0168977172180141,0.999857223383829));
#6014=DIRECTION('',(-1.,0.,0.));
#6015=DIRECTION('',(1.,0.,0.));
#6016=DIRECTION('',(0.,-0.0168977172180144,-0.999857223383829));
#6017=DIRECTION('',(0.,-1.,0.));
#6018=DIRECTION('',(0.,1.,0.));
#6019=DIRECTION('',(0.,0.,1.));
#6020=DIRECTION('',(0.,0.883572441064491,0.468294502841254));
#6021=DIRECTION('',(0.,0.173648177666063,0.984807753012361));
#6022=DIRECTION('',(0.,1.,0.));
#6023=DIRECTION('',(0.,0.,-1.));
#6024=DIRECTION('',(1.,0.,0.));
#6025=DIRECTION('',(-1.,0.,0.));
#6026=DIRECTION('',(0.,-0.0168977172180142,0.999857223383829));
#6027=DIRECTION('',(0.,-1.,0.));
#6028=DIRECTION('',(0.,-0.0168977172180141,0.999857223383829));
#6029=DIRECTION('',(-1.,0.,0.));
#6030=DIRECTION('',(1.,0.,0.));
#6031=DIRECTION('',(0.,-0.0168977172180144,-0.999857223383829));
#6032=DIRECTION('',(0.,-1.,0.));
#6033=DIRECTION('',(0.,0.,1.));
#6034=DIRECTION('',(1.,0.,0.));
#6035=CARTESIAN_POINT('',(0.,0.,0.));
#6036=CARTESIAN_POINT('',(72.7605010650578,-69.6853937364208,1.95066836664653));
#6037=CARTESIAN_POINT('',(71.8833010650567,-69.6853937364208,4.38436836664542));
#6038=CARTESIAN_POINT('',(75.6633009034499,-68.7353937364198,1.38196843201517));
#6039=CARTESIAN_POINT('',(74.663300903451,-68.7353937364198,1.38196843201517));
#6040=CARTESIAN_POINT('',(73.663300903451,-68.7353937364198,1.38196843201517));
#6041=CARTESIAN_POINT('',(72.663300903451,-68.7353937364198,1.38196843201517));
#6042=CARTESIAN_POINT('',(71.403300903451,-73.0515937364198,4.51316843201407));
#6043=CARTESIAN_POINT('',(72.804500903452,-70.2965937364198,3.25196843201407));
#6044=CARTESIAN_POINT('',(77.204500903451,-68.3741937364198,3.25196843201407));
#6045=CARTESIAN_POINT('',(78.270700903451,-72.7465937364198,2.21316843201407));
#6046=CARTESIAN_POINT('',(76.888300903451,-71.4853937364198,2.87436843201397));
#6047=CARTESIAN_POINT('',(78.004500903451,-68.0091937364198,1.32196843201517));
#6048=CARTESIAN_POINT('',(76.573300903451,-68.4353937364198,4.14436843201397));
#6049=CARTESIAN_POINT('',(71.403300903451,-72.6853937364198,1.32196843201517));
#6050=CARTESIAN_POINT('',(71.403300903451,-73.1115937364197,1.61316843201507));
#6051=CARTESIAN_POINT('',(73.043300903451,-68.4353937364198,4.14436843201397));
#6052=CARTESIAN_POINT('',(74.043300903451,-68.4353937364198,4.14436843201397));
#6053=CARTESIAN_POINT('',(75.0433009034511,-68.4353937364198,4.14436843201397));
#6054=CARTESIAN_POINT('',(71.7383009034521,-71.4853937364198,0.95196843201517));
#6055=CARTESIAN_POINT('',(71.388300903451,-71.4853937364198,0.95196843201517));
#6056=CARTESIAN_POINT('',(71.7383009034521,-72.7465937364198,2.21316843201407));
#6057=CARTESIAN_POINT('',(71.388300903451,-72.7465937364198,2.21316843201407));
#6058=CARTESIAN_POINT('',(71.353300903451,-72.0853937364198,1.55196843201407));
#6059=CARTESIAN_POINT('',(71.8733009034509,-68.4353937364198,4.14436843201397));
#6060=CARTESIAN_POINT('',(72.004500903451,-73.1115937364197,4.80436843201397));
#6061=CARTESIAN_POINT('',(77.204500903451,-72.5332599622087,3.33936843201397));
#6062=CARTESIAN_POINT('',(77.6457009034509,-72.5332599622087,1.96316843201507));
#6063=CARTESIAN_POINT('',(72.804500903452,-72.5332599622087,1.83696843201517));
#6064=CARTESIAN_POINT('',(73.4457009034521,-72.5332599622087,3.21316843201407));
#6065=CARTESIAN_POINT('',(72.404500903451,-72.5332599622087,2.57196843201407));
#6066=CARTESIAN_POINT('',(71.783300903451,-72.5332599622087,3.61316843201407));
#6067=CARTESIAN_POINT('',(72.604500903451,-72.5332599622087,2.95696843201407));
#6068=CARTESIAN_POINT('',(72.123300903451,-72.5332599622087,4.16316843201407));
#6069=CARTESIAN_POINT('',(77.404500903451,-72.5332599622087,4.81936843201407));
#6070=CARTESIAN_POINT('',(76.783300903451,-72.5332599622087,3.61316843201407));
#6071=CARTESIAN_POINT('',(77.604500903451,-72.5332599622087,4.25436843201407));
#6072=CARTESIAN_POINT('',(78.245700903451,-72.5332599622087,3.21316843201407));
#6073=CARTESIAN_POINT('',(76.9837627715558,-71.6667990905056,1.67196843201517));
#6074=CARTESIAN_POINT('',(76.548300903451,-71.6667990905056,3.43390656390925));
#6075=CARTESIAN_POINT('',(72.1833009034521,-71.6667990905056,2.18390656391025));
#6076=CARTESIAN_POINT('',(77.3837627715558,-71.6667990905056,2.39196843201407));
#6077=CARTESIAN_POINT('',(73.0252390353472,-71.6667990905056,3.35436843201397));
#6078=CARTESIAN_POINT('',(78.390700903451,-71.6667990905056,3.3924303001189));
#6079=CARTESIAN_POINT('',(71.5983009034509,-71.6667990905056,3.43390656390925));
#6080=CARTESIAN_POINT('',(77.1837627715558,-71.6667990905056,2.94196843201407));
#6081=CARTESIAN_POINT('',(72.6252390353462,-71.6667990905056,4.43436843201407));
#6082=CARTESIAN_POINT('',(78.065700903451,-71.6667990905056,3.9424303001189));
#6083=CARTESIAN_POINT('',(73.240700903451,-71.6667990905056,3.3924303001189));
#6084=CARTESIAN_POINT('',(72.8252390353462,-71.6667990905056,4.98436843201407));
#6085=CARTESIAN_POINT('',(71.353300903451,-73.3465937364197,2.81316843201407));
#6086=CARTESIAN_POINT('',(72.504500903451,-72.8065937364198,1.49196843201517));
#6087=CARTESIAN_POINT('',(71.3233009034509,-69.6353937364198,5.17436843201407));
#6088=CARTESIAN_POINT('',(73.4857009034521,-70.2965937364198,3.91316843201407));
#6089=CARTESIAN_POINT('',(71.3233009034509,-69.0353937364197,4.57436843201407));
#6090=CARTESIAN_POINT('',(73.4857009034521,-69.6965937364198,3.31316843201407));
#6091=CARTESIAN_POINT('',(72.804500903452,-69.6965937364198,2.65196843201407));
#6092=CARTESIAN_POINT('',(71.5333009034509,-71.4853937364198,2.21536843201507));
#6093=CARTESIAN_POINT('',(72.354500903452,-72.8065937364198,1.48196843201507));
#6094=CARTESIAN_POINT('',(71.5333009034509,-73.3465937364197,2.80316843201507));
#6095=CARTESIAN_POINT('',(72.154500903451,-72.8065937364198,2.92436843201507));
#6096=CARTESIAN_POINT('',(71.5333009034509,-71.3841937364198,1.60316843201607));
#6097=CARTESIAN_POINT('',(71.5333009034509,-72.6853937364198,2.90436843201507));
#6098=CARTESIAN_POINT('',(75.704500903451,-69.3665937364198,4.14436843201397));
#6099=CARTESIAN_POINT('',(75.304500903451,-69.3665937364198,1.38196843201517));
#6100=CARTESIAN_POINT('',(74.704500903451,-69.3665937364198,4.14436843201397));
#6101=CARTESIAN_POINT('',(74.304500903451,-69.3665937364198,1.38196843201517));
#6102=CARTESIAN_POINT('',(73.704500903451,-69.3665937364198,4.14436843201397));
#6103=CARTESIAN_POINT('',(73.304500903452,-69.3665937364198,1.38196843201517));
#6104=CARTESIAN_POINT('',(76.704500903451,-69.3665937364198,4.14436843201397));
#6105=CARTESIAN_POINT('',(76.30450090345,-69.3665937364198,1.38196843201517));
#6106=CARTESIAN_POINT('',(72.3757009034521,-72.4853937364198,2.00316843201507));
#6107=CARTESIAN_POINT('',(72.1333009034509,-72.4853937364198,2.00316843201507));
#6108=CARTESIAN_POINT('',(72.3757009034521,-72.2853937364197,2.00316843201507));
#6109=CARTESIAN_POINT('',(72.1333009034509,-72.2853937364197,2.00316843201507));
#6110=CARTESIAN_POINT('',(72.3757009034521,-72.2853937364197,1.80316843201507));
#6111=CARTESIAN_POINT('',(72.1333009034509,-72.2853937364197,1.80316843201507));
#6112=CARTESIAN_POINT('',(72.3757009034521,-72.2853937364197,1.60316843201507));
#6113=CARTESIAN_POINT('',(72.1333009034509,-72.2853937364197,1.60316843201507));
#6114=CARTESIAN_POINT('',(72.3757009034521,-72.4853937364198,1.60316843201507));
#6115=CARTESIAN_POINT('',(72.1333009034509,-72.4853937364198,1.60316843201507));
#6116=CARTESIAN_POINT('',(72.3757009034521,-72.6853937364198,1.60316843201507));
#6117=CARTESIAN_POINT('',(72.1333009034509,-72.6853937364198,1.60316843201507));
#6118=CARTESIAN_POINT('',(72.3757009034521,-72.6853937364198,1.80316843201507));
#6119=CARTESIAN_POINT('',(72.1333009034509,-72.6853937364198,1.80316843201507));
#6120=CARTESIAN_POINT('',(72.3757009034521,-72.6853937364198,2.00316843201507));
#6121=CARTESIAN_POINT('',(72.1333009034509,-72.6853937364198,2.00316843201507));
#6122=CARTESIAN_POINT('',(72.3757009034521,-72.4853937364198,2.00316843201507));
#6123=CARTESIAN_POINT('',(72.1333009034509,-72.4853937364198,2.00316843201507));
#6124=CARTESIAN_POINT('',(78.655700903451,-73.3465937364197,2.81316843201407));
#6125=CARTESIAN_POINT('',(76.853300903451,-72.0853937364198,3.47436843201407));
#6126=CARTESIAN_POINT('',(78.620700903451,-72.7465937364198,2.21316843201407));
#6127=CARTESIAN_POINT('',(77.238300903451,-71.4853937364198,2.87436843201397));
#6128=CARTESIAN_POINT('',(77.504500903451,-71.3641937364198,1.49196843201517));
#6129=CARTESIAN_POINT('',(76.523300903451,-69.6965937364198,3.31316843201407));
#6130=CARTESIAN_POINT('',(76.523300903451,-69.0353937364197,2.65196843201407));
#6131=CARTESIAN_POINT('',(76.523300903451,-70.2965937364198,3.91316843201407));
#6132=CARTESIAN_POINT('',(76.523300903451,-69.6353937364198,3.25196843201407));
#6133=CARTESIAN_POINT('',(77.204500903451,-67.7741937364198,2.65196843201407));
#6134=CARTESIAN_POINT('',(77.033300903451,-71.4853937364198,2.21536843201507));
#6135=CARTESIAN_POINT('',(77.654500903451,-72.8065937364198,1.48196843201507));
#6136=CARTESIAN_POINT('',(77.033300903451,-72.5865937364198,1.60316843201607));
#6137=CARTESIAN_POINT('',(77.854500903451,-72.8065937364198,2.92436843201507));
#6138=CARTESIAN_POINT('',(77.033300903451,-71.4241937364198,2.80316843201507));
#6139=CARTESIAN_POINT('',(77.033300903451,-72.6853937364198,2.90436843201507));
#6140=CARTESIAN_POINT('',(77.875700903451,-72.4853937364198,2.00316843201507));
#6141=CARTESIAN_POINT('',(77.633300903451,-72.4853937364198,2.00316843201507));
#6142=CARTESIAN_POINT('',(77.875700903451,-72.2853937364197,2.00316843201507));
#6143=CARTESIAN_POINT('',(77.633300903451,-72.2853937364197,2.00316843201507));
#6144=CARTESIAN_POINT('',(77.875700903451,-72.2853937364197,1.80316843201507));
#6145=CARTESIAN_POINT('',(77.633300903451,-72.2853937364197,1.80316843201507));
#6146=CARTESIAN_POINT('',(77.875700903451,-72.2853937364197,1.60316843201507));
#6147=CARTESIAN_POINT('',(77.633300903451,-72.2853937364197,1.60316843201507));
#6148=CARTESIAN_POINT('',(77.875700903451,-72.4853937364198,1.60316843201507));
#6149=CARTESIAN_POINT('',(77.633300903451,-72.4853937364198,1.60316843201507));
#6150=CARTESIAN_POINT('',(77.875700903451,-72.6853937364198,1.60316843201507));
#6151=CARTESIAN_POINT('',(77.633300903451,-72.6853937364198,1.60316843201507));
#6152=CARTESIAN_POINT('',(77.875700903451,-72.6853937364198,1.80316843201507));
#6153=CARTESIAN_POINT('',(77.633300903451,-72.6853937364198,1.80316843201507));
#6154=CARTESIAN_POINT('',(77.875700903451,-72.6853937364198,2.00316843201507));
#6155=CARTESIAN_POINT('',(77.633300903451,-72.6853937364198,2.00316843201507));
#6156=CARTESIAN_POINT('',(77.875700903451,-72.4853937364198,2.00316843201507));
#6157=CARTESIAN_POINT('',(77.633300903451,-72.4853937364198,2.00316843201507));
#6158=CARTESIAN_POINT('',(77.6457009034509,-69.6965937364197,3.91316843201407));
#6159=CARTESIAN_POINT('',(72.3633009034521,-69.0353937364197,3.25196843201407));
#6160=CARTESIAN_POINT('',(73.383300903451,-68.8253937364198,3.48706114199407));
#6161=CARTESIAN_POINT('',(73.625700903451,-68.8253937364198,3.48706114199407));
#6162=CARTESIAN_POINT('',(73.383300903451,-68.8253937364198,3.28706114199407));
#6163=CARTESIAN_POINT('',(73.625700903451,-68.8253937364198,3.28706114199407));
#6164=CARTESIAN_POINT('',(73.383300903451,-68.6253937364198,3.28706114199407));
#6165=CARTESIAN_POINT('',(73.625700903451,-68.6253937364198,3.28706114199407));
#6166=CARTESIAN_POINT('',(73.383300903451,-68.4253937364198,3.28706114199407));
#6167=CARTESIAN_POINT('',(73.625700903451,-68.4253937364198,3.28706114199407));
#6168=CARTESIAN_POINT('',(73.383300903451,-68.4253937364198,3.48706114199407));
#6169=CARTESIAN_POINT('',(73.625700903451,-68.4253937364198,3.48706114199407));
#6170=CARTESIAN_POINT('',(73.383300903451,-68.4253937364198,3.68706114199407));
#6171=CARTESIAN_POINT('',(73.625700903451,-68.4253937364198,3.68706114199407));
#6172=CARTESIAN_POINT('',(73.383300903451,-68.6253937364198,3.68706114199407));
#6173=CARTESIAN_POINT('',(73.625700903451,-68.6253937364198,3.68706114199407));
#6174=CARTESIAN_POINT('',(73.383300903451,-68.8253937364198,3.68706114199407));
#6175=CARTESIAN_POINT('',(73.625700903451,-68.8253937364198,3.68706114199407));
#6176=CARTESIAN_POINT('',(73.383300903451,-68.8253937364198,3.48706114199407));
#6177=CARTESIAN_POINT('',(73.625700903451,-68.8253937364198,3.48706114199407));
#6178=CARTESIAN_POINT('',(72.783300903451,-68.4253937364198,1.77687844159107));
#6179=CARTESIAN_POINT('',(72.783300903451,-69.0365937364196,1.93344050526407));
#6180=CARTESIAN_POINT('',(72.783300903451,-67.9303176876043,1.18801576348211));
#6181=CARTESIAN_POINT('',(72.783300903451,-67.0944436624885,1.54015164069448));
#6182=CARTESIAN_POINT('',(72.783300903451,-67.7353937364198,0.99696843201617));
#6183=CARTESIAN_POINT('',(72.783300903451,-68.8365937364198,1.60316843201607));
#6184=CARTESIAN_POINT('',(73.604500903451,-68.8365937364209,3.89817727211695));
#6185=CARTESIAN_POINT('',(73.404500903451,-68.8365937364198,3.89817727211695));
#6186=CARTESIAN_POINT('',(72.783300903451,-68.0169769684516,3.69737202396575));
#6187=CARTESIAN_POINT('',(72.783300903451,-68.7353937364198,2.21536843201497));
#6188=CARTESIAN_POINT('',(72.783300903451,-69.4980646294104,3.67234144971509));
#6189=CARTESIAN_POINT('',(73.404500903451,-71.8960065412068,4.30716453869237));
#6190=CARTESIAN_POINT('',(73.604500903451,-71.8960065412068,4.30716453869237));
#6191=CARTESIAN_POINT('',(72.783300903451,-71.7338145962731,3.3359043898874));
#6192=CARTESIAN_POINT('',(72.783300903451,-71.6939508316808,4.08944700704477));
#6193=CARTESIAN_POINT('',(73.383300903451,-71.3939508316817,3.48271708710307));
#6194=CARTESIAN_POINT('',(73.625700903451,-71.3939508316817,3.48271708710307));
#6195=CARTESIAN_POINT('',(73.383300903451,-71.3939508316817,3.63271708710208));
#6196=CARTESIAN_POINT('',(73.625700903451,-71.3939508316817,3.63271708710208));
#6197=CARTESIAN_POINT('',(73.383300903451,-71.5439508316808,3.63271708710208));
#6198=CARTESIAN_POINT('',(73.625700903451,-71.5439508316808,3.63271708710208));
#6199=CARTESIAN_POINT('',(73.383300903451,-71.6939508316798,3.63271708710208));
#6200=CARTESIAN_POINT('',(73.625700903451,-71.6939508316798,3.63271708710208));
#6201=CARTESIAN_POINT('',(73.383300903451,-71.6939508316798,3.48271708710307));
#6202=CARTESIAN_POINT('',(73.625700903451,-71.6939508316798,3.48271708710307));
#6203=CARTESIAN_POINT('',(73.383300903451,-71.6939508316798,3.33271708710406));
#6204=CARTESIAN_POINT('',(73.625700903451,-71.6939508316798,3.33271708710406));
#6205=CARTESIAN_POINT('',(73.383300903451,-71.5439508316808,3.33271708710406));
#6206=CARTESIAN_POINT('',(73.625700903451,-71.5439508316808,3.33271708710406));
#6207=CARTESIAN_POINT('',(73.383300903451,-71.3939508316817,3.33271708710406));
#6208=CARTESIAN_POINT('',(73.625700903451,-71.3939508316817,3.33271708710406));
#6209=CARTESIAN_POINT('',(73.383300903451,-71.3939508316817,3.48271708710307));
#6210=CARTESIAN_POINT('',(73.625700903451,-71.3939508316817,3.48271708710307));
#6211=CARTESIAN_POINT('',(73.383300903451,-71.3939508316817,3.48774428705007));
#6212=CARTESIAN_POINT('',(73.625700903451,-71.3939508316817,3.48774428705007));
#6213=CARTESIAN_POINT('',(73.383300903451,-71.3939508316817,3.63774428704908));
#6214=CARTESIAN_POINT('',(73.625700903451,-71.3939508316817,3.63774428704908));
#6215=CARTESIAN_POINT('',(73.383300903451,-71.5439508316808,3.63774428704908));
#6216=CARTESIAN_POINT('',(73.625700903451,-71.5439508316808,3.63774428704908));
#6217=CARTESIAN_POINT('',(73.383300903451,-71.6939508316798,3.63774428704908));
#6218=CARTESIAN_POINT('',(73.625700903451,-71.6939508316798,3.63774428704908));
#6219=CARTESIAN_POINT('',(73.383300903451,-71.6939508316798,3.48774428705007));
#6220=CARTESIAN_POINT('',(73.625700903451,-71.6939508316798,3.48774428705007));
#6221=CARTESIAN_POINT('',(73.383300903451,-71.6939508316798,3.33774428705106));
#6222=CARTESIAN_POINT('',(73.625700903451,-71.6939508316798,3.33774428705106));
#6223=CARTESIAN_POINT('',(73.383300903451,-71.5439508316808,3.33774428705106));
#6224=CARTESIAN_POINT('',(73.625700903451,-71.5439508316808,3.33774428705106));
#6225=CARTESIAN_POINT('',(73.383300903451,-71.3939508316817,3.33774428705106));
#6226=CARTESIAN_POINT('',(73.625700903451,-71.3939508316817,3.33774428705106));
#6227=CARTESIAN_POINT('',(73.383300903451,-71.3939508316817,3.48774428705007));
#6228=CARTESIAN_POINT('',(73.625700903451,-71.3939508316817,3.48774428705007));
#6229=CARTESIAN_POINT('',(74.383300903451,-68.8253937364198,3.48706114199407));
#6230=CARTESIAN_POINT('',(74.625700903451,-68.8253937364198,3.48706114199407));
#6231=CARTESIAN_POINT('',(74.383300903451,-68.8253937364198,3.28706114199407));
#6232=CARTESIAN_POINT('',(74.625700903451,-68.8253937364198,3.28706114199407));
#6233=CARTESIAN_POINT('',(74.383300903451,-68.6253937364198,3.28706114199407));
#6234=CARTESIAN_POINT('',(74.625700903451,-68.6253937364198,3.28706114199407));
#6235=CARTESIAN_POINT('',(74.383300903451,-68.4253937364198,3.28706114199407));
#6236=CARTESIAN_POINT('',(74.625700903451,-68.4253937364198,3.28706114199407));
#6237=CARTESIAN_POINT('',(74.383300903451,-68.4253937364198,3.48706114199407));
#6238=CARTESIAN_POINT('',(74.625700903451,-68.4253937364198,3.48706114199407));
#6239=CARTESIAN_POINT('',(74.383300903451,-68.4253937364198,3.68706114199407));
#6240=CARTESIAN_POINT('',(74.625700903451,-68.4253937364198,3.68706114199407));
#6241=CARTESIAN_POINT('',(74.383300903451,-68.6253937364198,3.68706114199407));
#6242=CARTESIAN_POINT('',(74.625700903451,-68.6253937364198,3.68706114199407));
#6243=CARTESIAN_POINT('',(74.383300903451,-68.8253937364198,3.68706114199407));
#6244=CARTESIAN_POINT('',(74.625700903451,-68.8253937364198,3.68706114199407));
#6245=CARTESIAN_POINT('',(74.383300903451,-68.8253937364198,3.48706114199407));
#6246=CARTESIAN_POINT('',(74.625700903451,-68.8253937364198,3.48706114199407));
#6247=CARTESIAN_POINT('',(73.783300903451,-68.4253937364198,1.77687844159107));
#6248=CARTESIAN_POINT('',(73.783300903451,-69.0365937364196,1.93344050526407));
#6249=CARTESIAN_POINT('',(73.783300903451,-67.9303176876043,1.18801576348211));
#6250=CARTESIAN_POINT('',(73.783300903451,-67.0944436624885,1.54015164069448));
#6251=CARTESIAN_POINT('',(73.783300903451,-67.7353937364198,0.99696843201617));
#6252=CARTESIAN_POINT('',(73.783300903451,-68.8365937364198,1.60316843201607));
#6253=CARTESIAN_POINT('',(74.604500903451,-68.8365937364209,3.89817727211695));
#6254=CARTESIAN_POINT('',(74.404500903451,-68.8365937364198,3.89817727211695));
#6255=CARTESIAN_POINT('',(73.783300903451,-68.0169769684516,3.69737202396575));
#6256=CARTESIAN_POINT('',(73.783300903451,-68.7353937364198,2.21536843201497));
#6257=CARTESIAN_POINT('',(73.783300903451,-69.4980646294104,3.67234144971509));
#6258=CARTESIAN_POINT('',(74.404500903451,-71.8960065412068,4.30716453869237));
#6259=CARTESIAN_POINT('',(74.604500903451,-71.8960065412068,4.30716453869237));
#6260=CARTESIAN_POINT('',(73.783300903451,-71.7338145962731,3.3359043898874));
#6261=CARTESIAN_POINT('',(73.783300903451,-71.6939508316808,4.08944700704477));
#6262=CARTESIAN_POINT('',(75.3833009034499,-68.8253937364198,3.48706114199407));
#6263=CARTESIAN_POINT('',(75.6257009034511,-68.8253937364198,3.48706114199407));
#6264=CARTESIAN_POINT('',(75.3833009034499,-68.8253937364198,3.28706114199407));
#6265=CARTESIAN_POINT('',(75.6257009034511,-68.8253937364198,3.28706114199407));
#6266=CARTESIAN_POINT('',(75.3833009034499,-68.6253937364198,3.28706114199407));
#6267=CARTESIAN_POINT('',(75.6257009034511,-68.6253937364198,3.28706114199407));
#6268=CARTESIAN_POINT('',(75.3833009034499,-68.4253937364198,3.28706114199407));
#6269=CARTESIAN_POINT('',(75.6257009034511,-68.4253937364198,3.28706114199407));
#6270=CARTESIAN_POINT('',(75.3833009034499,-68.4253937364198,3.48706114199407));
#6271=CARTESIAN_POINT('',(75.6257009034511,-68.4253937364198,3.48706114199407));
#6272=CARTESIAN_POINT('',(75.3833009034499,-68.4253937364198,3.68706114199407));
#6273=CARTESIAN_POINT('',(75.6257009034511,-68.4253937364198,3.68706114199407));
#6274=CARTESIAN_POINT('',(75.3833009034499,-68.6253937364198,3.68706114199407));
#6275=CARTESIAN_POINT('',(75.6257009034511,-68.6253937364198,3.68706114199407));
#6276=CARTESIAN_POINT('',(75.3833009034499,-68.8253937364198,3.68706114199407));
#6277=CARTESIAN_POINT('',(75.6257009034511,-68.8253937364198,3.68706114199407));
#6278=CARTESIAN_POINT('',(75.3833009034499,-68.8253937364198,3.48706114199407));
#6279=CARTESIAN_POINT('',(75.6257009034511,-68.8253937364198,3.48706114199407));
#6280=CARTESIAN_POINT('',(74.7833009034499,-68.4253937364198,1.77687844159107));
#6281=CARTESIAN_POINT('',(74.7833009034499,-69.0365937364196,1.93344050526407));
#6282=CARTESIAN_POINT('',(74.7833009034499,-67.9303176876043,1.18801576348211));
#6283=CARTESIAN_POINT('',(74.7833009034499,-67.0944436624885,1.54015164069448));
#6284=CARTESIAN_POINT('',(74.7833009034499,-67.7353937364198,0.99696843201617));
#6285=CARTESIAN_POINT('',(74.7833009034499,-68.8365937364198,1.60316843201607));
#6286=CARTESIAN_POINT('',(75.604500903451,-68.8365937364209,3.89817727211695));
#6287=CARTESIAN_POINT('',(75.40450090345,-68.8365937364198,3.89817727211695));
#6288=CARTESIAN_POINT('',(74.7833009034499,-68.0169769684516,3.69737202396575));
#6289=CARTESIAN_POINT('',(74.7833009034499,-68.7353937364198,2.21536843201497));
#6290=CARTESIAN_POINT('',(74.7833009034499,-69.4980646294104,3.67234144971509));
#6291=CARTESIAN_POINT('',(75.40450090345,-71.8960065412068,4.30716453869237));
#6292=CARTESIAN_POINT('',(75.604500903451,-71.8960065412068,4.30716453869237));
#6293=CARTESIAN_POINT('',(74.7833009034499,-71.7338145962731,3.3359043898874));
#6294=CARTESIAN_POINT('',(74.7833009034499,-71.6939508316808,4.08944700704477));
#6295=CARTESIAN_POINT('',(76.383300903451,-68.8253937364198,3.48706114199407));
#6296=CARTESIAN_POINT('',(76.625700903451,-68.8253937364198,3.48706114199407));
#6297=CARTESIAN_POINT('',(76.383300903451,-68.8253937364198,3.28706114199407));
#6298=CARTESIAN_POINT('',(76.625700903451,-68.8253937364198,3.28706114199407));
#6299=CARTESIAN_POINT('',(76.383300903451,-68.6253937364198,3.28706114199407));
#6300=CARTESIAN_POINT('',(76.625700903451,-68.6253937364198,3.28706114199407));
#6301=CARTESIAN_POINT('',(76.383300903451,-68.4253937364198,3.28706114199407));
#6302=CARTESIAN_POINT('',(76.625700903451,-68.4253937364198,3.28706114199407));
#6303=CARTESIAN_POINT('',(76.383300903451,-68.4253937364198,3.48706114199407));
#6304=CARTESIAN_POINT('',(76.625700903451,-68.4253937364198,3.48706114199407));
#6305=CARTESIAN_POINT('',(76.383300903451,-68.4253937364198,3.68706114199407));
#6306=CARTESIAN_POINT('',(76.625700903451,-68.4253937364198,3.68706114199407));
#6307=CARTESIAN_POINT('',(76.383300903451,-68.6253937364198,3.68706114199407));
#6308=CARTESIAN_POINT('',(76.625700903451,-68.6253937364198,3.68706114199407));
#6309=CARTESIAN_POINT('',(76.383300903451,-68.8253937364198,3.68706114199407));
#6310=CARTESIAN_POINT('',(76.625700903451,-68.8253937364198,3.68706114199407));
#6311=CARTESIAN_POINT('',(76.383300903451,-68.8253937364198,3.48706114199407));
#6312=CARTESIAN_POINT('',(76.625700903451,-68.8253937364198,3.48706114199407));
#6313=CARTESIAN_POINT('',(75.783300903451,-68.4253937364198,1.77687844159107));
#6314=CARTESIAN_POINT('',(75.783300903451,-69.0365937364196,1.93344050526407));
#6315=CARTESIAN_POINT('',(75.783300903451,-67.9303176876043,1.18801576348211));
#6316=CARTESIAN_POINT('',(75.783300903451,-67.0944436624885,1.54015164069448));
#6317=CARTESIAN_POINT('',(75.783300903451,-67.7353937364198,0.99696843201617));
#6318=CARTESIAN_POINT('',(75.783300903451,-68.8365937364198,1.60316843201607));
#6319=CARTESIAN_POINT('',(76.604500903451,-68.8365937364209,3.89817727211695));
#6320=CARTESIAN_POINT('',(76.404500903451,-68.8365937364198,3.89817727211695));
#6321=CARTESIAN_POINT('',(75.783300903451,-68.0169769684516,3.69737202396575));
#6322=CARTESIAN_POINT('',(75.783300903451,-68.7353937364198,2.21536843201497));
#6323=CARTESIAN_POINT('',(75.783300903451,-69.4980646294104,3.67234144971509));
#6324=CARTESIAN_POINT('',(76.404500903451,-71.8960065412068,4.30716453869237));
#6325=CARTESIAN_POINT('',(76.604500903451,-71.8960065412068,4.30716453869237));
#6326=CARTESIAN_POINT('',(75.783300903451,-71.7338145962731,3.3359043898874));
#6327=CARTESIAN_POINT('',(75.783300903451,-71.6939508316808,4.08944700704477));
#6328=CARTESIAN_POINT('',(74.383300903451,-71.3939508316817,3.48271708710307));
#6329=CARTESIAN_POINT('',(74.625700903451,-71.3939508316817,3.48271708710307));
#6330=CARTESIAN_POINT('',(74.383300903451,-71.3939508316817,3.63271708710208));
#6331=CARTESIAN_POINT('',(74.625700903451,-71.3939508316817,3.63271708710208));
#6332=CARTESIAN_POINT('',(74.383300903451,-71.5439508316808,3.63271708710208));
#6333=CARTESIAN_POINT('',(74.625700903451,-71.5439508316808,3.63271708710208));
#6334=CARTESIAN_POINT('',(74.383300903451,-71.6939508316798,3.63271708710208));
#6335=CARTESIAN_POINT('',(74.625700903451,-71.6939508316798,3.63271708710208));
#6336=CARTESIAN_POINT('',(74.383300903451,-71.6939508316798,3.48271708710307));
#6337=CARTESIAN_POINT('',(74.625700903451,-71.6939508316798,3.48271708710307));
#6338=CARTESIAN_POINT('',(74.383300903451,-71.6939508316798,3.33271708710406));
#6339=CARTESIAN_POINT('',(74.625700903451,-71.6939508316798,3.33271708710406));
#6340=CARTESIAN_POINT('',(74.383300903451,-71.5439508316808,3.33271708710406));
#6341=CARTESIAN_POINT('',(74.625700903451,-71.5439508316808,3.33271708710406));
#6342=CARTESIAN_POINT('',(74.383300903451,-71.3939508316817,3.33271708710406));
#6343=CARTESIAN_POINT('',(74.625700903451,-71.3939508316817,3.33271708710406));
#6344=CARTESIAN_POINT('',(74.383300903451,-71.3939508316817,3.48271708710307));
#6345=CARTESIAN_POINT('',(74.625700903451,-71.3939508316817,3.48271708710307));
#6346=CARTESIAN_POINT('',(74.383300903451,-71.3939508316817,3.48774428705007));
#6347=CARTESIAN_POINT('',(74.625700903451,-71.3939508316817,3.48774428705007));
#6348=CARTESIAN_POINT('',(74.383300903451,-71.3939508316817,3.63774428704908));
#6349=CARTESIAN_POINT('',(74.625700903451,-71.3939508316817,3.63774428704908));
#6350=CARTESIAN_POINT('',(74.383300903451,-71.5439508316808,3.63774428704908));
#6351=CARTESIAN_POINT('',(74.625700903451,-71.5439508316808,3.63774428704908));
#6352=CARTESIAN_POINT('',(74.383300903451,-71.6939508316798,3.63774428704908));
#6353=CARTESIAN_POINT('',(74.625700903451,-71.6939508316798,3.63774428704908));
#6354=CARTESIAN_POINT('',(74.383300903451,-71.6939508316798,3.48774428705007));
#6355=CARTESIAN_POINT('',(74.625700903451,-71.6939508316798,3.48774428705007));
#6356=CARTESIAN_POINT('',(74.383300903451,-71.6939508316798,3.33774428705106));
#6357=CARTESIAN_POINT('',(74.625700903451,-71.6939508316798,3.33774428705106));
#6358=CARTESIAN_POINT('',(74.383300903451,-71.5439508316808,3.33774428705106));
#6359=CARTESIAN_POINT('',(74.625700903451,-71.5439508316808,3.33774428705106));
#6360=CARTESIAN_POINT('',(74.383300903451,-71.3939508316817,3.33774428705106));
#6361=CARTESIAN_POINT('',(74.625700903451,-71.3939508316817,3.33774428705106));
#6362=CARTESIAN_POINT('',(74.383300903451,-71.3939508316817,3.48774428705007));
#6363=CARTESIAN_POINT('',(74.625700903451,-71.3939508316817,3.48774428705007));
#6364=CARTESIAN_POINT('',(75.3833009034499,-71.3939508316817,3.48271708710307));
#6365=CARTESIAN_POINT('',(75.6257009034511,-71.3939508316817,3.48271708710307));
#6366=CARTESIAN_POINT('',(75.3833009034499,-71.3939508316817,3.63271708710208));
#6367=CARTESIAN_POINT('',(75.6257009034511,-71.3939508316817,3.63271708710208));
#6368=CARTESIAN_POINT('',(75.3833009034499,-71.5439508316808,3.63271708710208));
#6369=CARTESIAN_POINT('',(75.6257009034511,-71.5439508316808,3.63271708710208));
#6370=CARTESIAN_POINT('',(75.3833009034499,-71.6939508316798,3.63271708710208));
#6371=CARTESIAN_POINT('',(75.6257009034511,-71.6939508316798,3.63271708710208));
#6372=CARTESIAN_POINT('',(75.3833009034499,-71.6939508316798,3.48271708710307));
#6373=CARTESIAN_POINT('',(75.6257009034511,-71.6939508316798,3.48271708710307));
#6374=CARTESIAN_POINT('',(75.3833009034499,-71.6939508316798,3.33271708710406));
#6375=CARTESIAN_POINT('',(75.6257009034511,-71.6939508316798,3.33271708710406));
#6376=CARTESIAN_POINT('',(75.3833009034499,-71.5439508316808,3.33271708710406));
#6377=CARTESIAN_POINT('',(75.6257009034511,-71.5439508316808,3.33271708710406));
#6378=CARTESIAN_POINT('',(75.3833009034499,-71.3939508316817,3.33271708710406));
#6379=CARTESIAN_POINT('',(75.6257009034511,-71.3939508316817,3.33271708710406));
#6380=CARTESIAN_POINT('',(75.3833009034499,-71.3939508316817,3.48271708710307));
#6381=CARTESIAN_POINT('',(75.6257009034511,-71.3939508316817,3.48271708710307));
#6382=CARTESIAN_POINT('',(75.3833009034499,-71.3939508316817,3.48774428705007));
#6383=CARTESIAN_POINT('',(75.6257009034511,-71.3939508316817,3.48774428705007));
#6384=CARTESIAN_POINT('',(75.3833009034499,-71.3939508316817,3.63774428704908));
#6385=CARTESIAN_POINT('',(75.6257009034511,-71.3939508316817,3.63774428704908));
#6386=CARTESIAN_POINT('',(75.3833009034499,-71.5439508316808,3.63774428704908));
#6387=CARTESIAN_POINT('',(75.6257009034511,-71.5439508316808,3.63774428704908));
#6388=CARTESIAN_POINT('',(75.3833009034499,-71.6939508316798,3.63774428704908));
#6389=CARTESIAN_POINT('',(75.6257009034511,-71.6939508316798,3.63774428704908));
#6390=CARTESIAN_POINT('',(75.3833009034499,-71.6939508316798,3.48774428705007));
#6391=CARTESIAN_POINT('',(75.6257009034511,-71.6939508316798,3.48774428705007));
#6392=CARTESIAN_POINT('',(75.3833009034499,-71.6939508316798,3.33774428705106));
#6393=CARTESIAN_POINT('',(75.6257009034511,-71.6939508316798,3.33774428705106));
#6394=CARTESIAN_POINT('',(75.3833009034499,-71.5439508316808,3.33774428705106));
#6395=CARTESIAN_POINT('',(75.6257009034511,-71.5439508316808,3.33774428705106));
#6396=CARTESIAN_POINT('',(75.3833009034499,-71.3939508316817,3.33774428705106));
#6397=CARTESIAN_POINT('',(75.6257009034511,-71.3939508316817,3.33774428705106));
#6398=CARTESIAN_POINT('',(75.3833009034499,-71.3939508316817,3.48774428705007));
#6399=CARTESIAN_POINT('',(75.6257009034511,-71.3939508316817,3.48774428705007));
#6400=CARTESIAN_POINT('',(76.383300903451,-71.3939508316817,3.48271708710307));
#6401=CARTESIAN_POINT('',(76.625700903451,-71.3939508316817,3.48271708710307));
#6402=CARTESIAN_POINT('',(76.383300903451,-71.3939508316817,3.63271708710208));
#6403=CARTESIAN_POINT('',(76.625700903451,-71.3939508316817,3.63271708710208));
#6404=CARTESIAN_POINT('',(76.383300903451,-71.5439508316808,3.63271708710208));
#6405=CARTESIAN_POINT('',(76.625700903451,-71.5439508316808,3.63271708710208));
#6406=CARTESIAN_POINT('',(76.383300903451,-71.6939508316798,3.63271708710208));
#6407=CARTESIAN_POINT('',(76.625700903451,-71.6939508316798,3.63271708710208));
#6408=CARTESIAN_POINT('',(76.383300903451,-71.6939508316798,3.48271708710307));
#6409=CARTESIAN_POINT('',(76.625700903451,-71.6939508316798,3.48271708710307));
#6410=CARTESIAN_POINT('',(76.383300903451,-71.6939508316798,3.33271708710406));
#6411=CARTESIAN_POINT('',(76.625700903451,-71.6939508316798,3.33271708710406));
#6412=CARTESIAN_POINT('',(76.383300903451,-71.5439508316808,3.33271708710406));
#6413=CARTESIAN_POINT('',(76.625700903451,-71.5439508316808,3.33271708710406));
#6414=CARTESIAN_POINT('',(76.383300903451,-71.3939508316817,3.33271708710406));
#6415=CARTESIAN_POINT('',(76.625700903451,-71.3939508316817,3.33271708710406));
#6416=CARTESIAN_POINT('',(76.383300903451,-71.3939508316817,3.48271708710307));
#6417=CARTESIAN_POINT('',(76.625700903451,-71.3939508316817,3.48271708710307));
#6418=CARTESIAN_POINT('',(76.383300903451,-71.3939508316817,3.48774428705007));
#6419=CARTESIAN_POINT('',(76.625700903451,-71.3939508316817,3.48774428705007));
#6420=CARTESIAN_POINT('',(76.383300903451,-71.3939508316817,3.63774428704908));
#6421=CARTESIAN_POINT('',(76.625700903451,-71.3939508316817,3.63774428704908));
#6422=CARTESIAN_POINT('',(76.383300903451,-71.5439508316808,3.63774428704908));
#6423=CARTESIAN_POINT('',(76.625700903451,-71.5439508316808,3.63774428704908));
#6424=CARTESIAN_POINT('',(76.383300903451,-71.6939508316798,3.63774428704908));
#6425=CARTESIAN_POINT('',(76.625700903451,-71.6939508316798,3.63774428704908));
#6426=CARTESIAN_POINT('',(76.383300903451,-71.6939508316798,3.48774428705007));
#6427=CARTESIAN_POINT('',(76.625700903451,-71.6939508316798,3.48774428705007));
#6428=CARTESIAN_POINT('',(76.383300903451,-71.6939508316798,3.33774428705106));
#6429=CARTESIAN_POINT('',(76.625700903451,-71.6939508316798,3.33774428705106));
#6430=CARTESIAN_POINT('',(76.383300903451,-71.5439508316808,3.33774428705106));
#6431=CARTESIAN_POINT('',(76.625700903451,-71.5439508316808,3.33774428705106));
#6432=CARTESIAN_POINT('',(76.383300903451,-71.3939508316817,3.33774428705106));
#6433=CARTESIAN_POINT('',(76.625700903451,-71.3939508316817,3.33774428705106));
#6434=CARTESIAN_POINT('',(76.383300903451,-71.3939508316817,3.48774428705007));
#6435=CARTESIAN_POINT('',(76.625700903451,-71.3939508316817,3.48774428705007));
#6436=CARTESIAN_POINT('',(72.8045009573206,-69.6853937364208,1.96316841022555));
#6437=CARTESIAN_POINT('',(72.8045009727116,-69.6853937364207,3.21316840399898));
#6438=CARTESIAN_POINT('',(77.2045009727106,-69.6853937364207,3.21316840399898));
#6439=CARTESIAN_POINT('',(77.2045009573196,-69.6853937364208,1.96316841022555));
#6440=CARTESIAN_POINT('',(76.6045009573196,-69.6853937364208,3.30128578894071));
#6441=CARTESIAN_POINT('',(76.4045009573196,-69.6853937364208,3.30128578894071));
#6442=CARTESIAN_POINT('',(76.6045009573196,-69.6853937364208,3.66917554163373));
#6443=CARTESIAN_POINT('',(76.4045009573196,-69.6853937364208,3.66917554163373));
#6444=CARTESIAN_POINT('',(75.6045009573196,-69.6853937364208,3.30128578894071));
#6445=CARTESIAN_POINT('',(75.4045009573186,-69.6853937364208,3.30128578894071));
#6446=CARTESIAN_POINT('',(75.6045009573196,-69.6853937364208,3.66917554163373));
#6447=CARTESIAN_POINT('',(75.4045009573186,-69.6853937364208,3.66917554163373));
#6448=CARTESIAN_POINT('',(74.6045009573196,-69.6853937364208,3.30128578894071));
#6449=CARTESIAN_POINT('',(74.4045009573196,-69.6853937364208,3.30128578894071));
#6450=CARTESIAN_POINT('',(74.6045009573196,-69.6853937364208,3.66917554163373));
#6451=CARTESIAN_POINT('',(74.4045009573196,-69.6853937364208,3.66917554163373));
#6452=CARTESIAN_POINT('',(73.6045009573196,-69.6853937364208,3.30128578894071));
#6453=CARTESIAN_POINT('',(73.4045009573196,-69.6853937364208,3.30128578894071));
#6454=CARTESIAN_POINT('',(73.6045009573196,-69.6853937364208,3.66917554163373));
#6455=CARTESIAN_POINT('',(73.4045009573196,-69.6853937364208,3.66917554163373));
#6456=CARTESIAN_POINT('',(77.6045009573196,-69.6853937364208,3.21316841022455));
#6457=CARTESIAN_POINT('',(77.6045009573196,-69.6853937364208,3.61316841022455));
#6458=CARTESIAN_POINT('',(77.4045009573196,-69.6853937364208,3.61316841022455));
#6459=CARTESIAN_POINT('',(77.4045009573196,-69.6853937364208,4.16316841022455));
#6460=CARTESIAN_POINT('',(72.6045009573196,-69.6853937364208,4.16316841022455));
#6461=CARTESIAN_POINT('',(72.6045009573196,-69.6853937364208,3.61316841022455));
#6462=CARTESIAN_POINT('',(72.4045009573196,-69.6853937364208,3.61316841022455));
#6463=CARTESIAN_POINT('',(72.4045009573196,-69.6853937364208,3.21316841022455));
#6464=CARTESIAN_POINT('',(76.404500903451,-68.7353937364198,1.61316843201507));
#6465=CARTESIAN_POINT('',(76.604500903451,-68.7353937364198,1.61316843201507));
#6466=CARTESIAN_POINT('',(76.404500903451,-68.7353937364198,3.68523068707703));
#6467=CARTESIAN_POINT('',(76.604500903451,-68.7353937364204,3.68523068707702));
#6468=CARTESIAN_POINT('',(76.30450090345,-68.7353937364198,3.91316843201407));
#6469=CARTESIAN_POINT('',(76.704500903451,-68.7353937364198,3.91316843201407));
#6470=CARTESIAN_POINT('',(76.30450090345,-68.7353937364198,1.61316843201507));
#6471=CARTESIAN_POINT('',(76.704500903451,-68.7353937364198,1.61316843201507));
#6472=CARTESIAN_POINT('',(75.40450090345,-68.7353937364198,1.61316843201507));
#6473=CARTESIAN_POINT('',(75.604500903451,-68.7353937364198,1.61316843201507));
#6474=CARTESIAN_POINT('',(75.40450090345,-68.7353937364198,3.68523068707703));
#6475=CARTESIAN_POINT('',(75.604500903451,-68.7353937364204,3.68523068707702));
#6476=CARTESIAN_POINT('',(75.304500903451,-68.7353937364198,3.91316843201407));
#6477=CARTESIAN_POINT('',(75.704500903451,-68.7353937364198,3.91316843201407));
#6478=CARTESIAN_POINT('',(75.304500903451,-68.7353937364198,1.61316843201507));
#6479=CARTESIAN_POINT('',(75.704500903451,-68.7353937364198,1.61316843201507));
#6480=CARTESIAN_POINT('',(74.404500903451,-68.7353937364198,1.61316843201507));
#6481=CARTESIAN_POINT('',(74.604500903451,-68.7353937364198,1.61316843201507));
#6482=CARTESIAN_POINT('',(74.404500903451,-68.7353937364198,3.68523068707703));
#6483=CARTESIAN_POINT('',(74.604500903451,-68.7353937364204,3.68523068707702));
#6484=CARTESIAN_POINT('',(74.304500903451,-68.7353937364198,3.91316843201407));
#6485=CARTESIAN_POINT('',(74.704500903451,-68.7353937364198,3.91316843201407));
#6486=CARTESIAN_POINT('',(74.304500903451,-68.7353937364198,1.61316843201507));
#6487=CARTESIAN_POINT('',(74.704500903451,-68.7353937364198,1.61316843201507));
#6488=CARTESIAN_POINT('',(73.404500903451,-68.7353937364198,1.61316843201507));
#6489=CARTESIAN_POINT('',(73.604500903451,-68.7353937364198,1.61316843201507));
#6490=CARTESIAN_POINT('',(73.404500903451,-68.7353937364198,3.68523068707703));
#6491=CARTESIAN_POINT('',(73.604500903451,-68.7353937364204,3.68523068707702));
#6492=CARTESIAN_POINT('',(73.3045009034513,-68.7353937364198,3.91316843201407));
#6493=CARTESIAN_POINT('',(73.704500903451,-68.7353937364198,3.91316843201407));
#6494=CARTESIAN_POINT('',(73.3045009034513,-68.7353937364198,1.61316843201507));
#6495=CARTESIAN_POINT('',(73.704500903451,-68.7353937364198,1.61316843201507));
#6496=CARTESIAN_POINT('',(77.204500903451,-69.0353937364197,4.51316843201407));
#6497=CARTESIAN_POINT('',(72.804500903452,-69.0353937364197,4.51316843201407));
#6498=CARTESIAN_POINT('',(77.204500903451,-69.6353937364198,4.51316843201407));
#6499=CARTESIAN_POINT('',(78.004500903451,-69.6353937364198,4.51316843201407));
#6500=CARTESIAN_POINT('',(72.804500903452,-69.6353937364198,4.51316843201407));
#6501=CARTESIAN_POINT('',(72.004500903451,-69.6353937364198,4.51316843201407));
#6502=CARTESIAN_POINT('',(72.004500903451,-72.6853937364197,4.51316843201407));
#6503=CARTESIAN_POINT('',(78.004500903451,-72.6853937364197,4.51316843201407));
#6504=CARTESIAN_POINT('',(72.804500903452,-69.0353937364197,3.91316843201407));
#6505=CARTESIAN_POINT('',(72.804500903452,-69.6353937364198,3.91316843201407));
#6506=CARTESIAN_POINT('',(77.204500903451,-69.0353937364197,3.91316843201407));
#6507=CARTESIAN_POINT('',(77.204500903451,-69.6353937364198,3.91316843201407));
#6508=CARTESIAN_POINT('',(77.654500903451,-71.4853937364198,2.21316843201407));
#6509=CARTESIAN_POINT('',(77.654500903451,-72.0853937364198,2.21316843201407));
#6510=CARTESIAN_POINT('',(77.504500903451,-72.0853937364198,2.21316843201407));
#6511=CARTESIAN_POINT('',(77.504500903451,-71.4853937364198,2.21316843201407));
#6512=CARTESIAN_POINT('',(77.654500903451,-71.4853937364198,1.61316843201507));
#6513=CARTESIAN_POINT('',(77.504500903451,-71.4853937364198,1.61316843201507));
#6514=CARTESIAN_POINT('',(78.004500903451,-69.6353937364198,3.91316843201407));
#6515=CARTESIAN_POINT('',(78.004500903451,-69.0353937364197,3.91316843201407));
#6516=CARTESIAN_POINT('',(78.004500903451,-69.0353937364197,3.31316843201407));
#6517=CARTESIAN_POINT('',(78.004500903451,-68.4353937364197,3.31316843201407));
#6518=CARTESIAN_POINT('',(78.004500903451,-71.4853937364198,2.21316843201407));
#6519=CARTESIAN_POINT('',(78.004500903451,-71.4853937364198,1.61316843201507));
#6520=CARTESIAN_POINT('',(78.004500903451,-72.0853937364198,2.21316843201407));
#6521=CARTESIAN_POINT('',(78.004500903451,-72.0853937364198,2.81316843201407));
#6522=CARTESIAN_POINT('',(78.004500903451,-72.6853937364197,2.81316843201407));
#6523=CARTESIAN_POINT('',(78.004500903451,-68.4353937364197,1.61316843201507));
#6524=CARTESIAN_POINT('',(76.704500903451,-68.4353937364197,3.91316843201407));
#6525=CARTESIAN_POINT('',(77.204500903451,-68.4353937364197,3.91316843201407));
#6526=CARTESIAN_POINT('',(77.204500903451,-68.4353937364197,3.31316843201407));
#6527=CARTESIAN_POINT('',(76.704500903451,-68.4353937364197,1.61316843201507));
#6528=CARTESIAN_POINT('',(77.504500903451,-72.6853937364197,2.81316843201407));
#6529=CARTESIAN_POINT('',(77.504500903451,-72.6853937364197,1.61316843201507));
#6530=CARTESIAN_POINT('',(72.504500903451,-72.6853937364197,2.81316843201407));
#6531=CARTESIAN_POINT('',(72.504500903451,-72.6853937364197,1.61316843201507));
#6532=CARTESIAN_POINT('',(72.004500903451,-72.6853937364197,2.81316843201407));
#6533=CARTESIAN_POINT('',(72.454500903451,-72.6853937364197,3.76316843201411));
#6534=CARTESIAN_POINT('',(72.454500903451,-72.6853937364197,4.31316843201411));
#6535=CARTESIAN_POINT('',(72.254500903451,-72.6853937364197,3.76316843201411));
#6536=CARTESIAN_POINT('',(77.554500903451,-72.6853937364197,4.31316843201411));
#6537=CARTESIAN_POINT('',(72.254500903451,-72.6853937364197,3.06316843201403));
#6538=CARTESIAN_POINT('',(77.554500903451,-72.6853937364197,3.76316843201411));
#6539=CARTESIAN_POINT('',(72.654500903452,-72.6853937364197,3.06316843201403));
#6540=CARTESIAN_POINT('',(77.754500903451,-72.6853937364197,3.76316843201411));
#6541=CARTESIAN_POINT('',(72.654500903452,-72.6853937364197,1.81316843201503));
#6542=CARTESIAN_POINT('',(77.754500903451,-72.6853937364197,3.06316843201403));
#6543=CARTESIAN_POINT('',(77.354500903451,-72.6853937364197,1.81316843201503));
#6544=CARTESIAN_POINT('',(77.354500903451,-72.6853937364197,3.06316843201403));
#6545=CARTESIAN_POINT('',(77.854500903451,-71.4853937364198,1.61316843201507));
#6546=CARTESIAN_POINT('',(76.30450090345,-68.4353937364197,1.61316843201507));
#6547=CARTESIAN_POINT('',(73.3045009034513,-68.4353937364197,1.61316843201507));
#6548=CARTESIAN_POINT('',(73.704500903451,-68.4353937364197,1.61316843201507));
#6549=CARTESIAN_POINT('',(74.304500903451,-68.4353937364197,1.61316843201507));
#6550=CARTESIAN_POINT('',(74.704500903451,-68.4353937364197,1.61316843201507));
#6551=CARTESIAN_POINT('',(75.304500903451,-68.4353937364197,1.61316843201507));
#6552=CARTESIAN_POINT('',(75.704500903451,-68.4353937364197,1.61316843201507));
#6553=CARTESIAN_POINT('',(72.154500903451,-71.4853937364198,1.61316843201507));
#6554=CARTESIAN_POINT('',(72.354500903452,-71.4853937364198,1.61316843201507));
#6555=CARTESIAN_POINT('',(72.504500903451,-71.4853937364198,1.61316843201507));
#6556=CARTESIAN_POINT('',(72.004500903451,-71.4853937364198,1.61316843201507));
#6557=CARTESIAN_POINT('',(72.004500903451,-68.4353937364197,1.61316843201507));
#6558=CARTESIAN_POINT('',(73.704500903451,-68.4353937364197,3.91316843201407));
#6559=CARTESIAN_POINT('',(74.304500903451,-68.4353937364197,3.91316843201407));
#6560=CARTESIAN_POINT('',(74.704500903451,-68.4353937364197,3.91316843201407));
#6561=CARTESIAN_POINT('',(75.304500903451,-68.4353937364197,3.91316843201407));
#6562=CARTESIAN_POINT('',(75.704500903451,-68.4353937364197,3.91316843201407));
#6563=CARTESIAN_POINT('',(76.30450090345,-68.4353937364197,3.91316843201407));
#6564=CARTESIAN_POINT('',(72.354500903452,-71.4853937364198,2.21316843201407));
#6565=CARTESIAN_POINT('',(72.504500903451,-71.4853937364198,2.21316843201407));
#6566=CARTESIAN_POINT('',(72.154500903451,-71.4853937364198,2.21316843201407));
#6567=CARTESIAN_POINT('',(72.004500903451,-71.4853937364198,2.21316843201407));
#6568=CARTESIAN_POINT('',(72.354500903452,-72.0853937364198,2.21316843201407));
#6569=CARTESIAN_POINT('',(72.504500903451,-72.0853937364198,2.21316843201407));
#6570=CARTESIAN_POINT('',(72.154500903451,-72.0853937364198,2.21316843201407));
#6571=CARTESIAN_POINT('',(72.004500903451,-72.0853937364198,2.21316843201407));
#6572=CARTESIAN_POINT('',(72.154500903451,-72.0853937364198,2.80316843201507));
#6573=CARTESIAN_POINT('',(72.354500903452,-72.0853937364198,2.80316843201507));
#6574=CARTESIAN_POINT('',(72.504500903451,-72.0853937364198,2.81316843201407));
#6575=CARTESIAN_POINT('',(72.004500903451,-72.0853937364198,2.81316843201407));
#6576=CARTESIAN_POINT('',(72.804500903452,-68.4353937364197,3.91316843201407));
#6577=CARTESIAN_POINT('',(73.304500903452,-68.4353937364197,3.91316843201407));
#6578=CARTESIAN_POINT('',(72.804500903452,-68.4353937364197,3.31316843201407));
#6579=CARTESIAN_POINT('',(72.004500903451,-68.4353937364197,3.31316843201407));
#6580=CARTESIAN_POINT('',(72.004500903451,-69.0353937364197,3.31316843201407));
#6581=CARTESIAN_POINT('',(72.004500903451,-69.0353937364197,3.91316843201407));
#6582=CARTESIAN_POINT('',(72.004500903451,-69.6353937364198,3.91316843201407));
#6583=CARTESIAN_POINT('',(77.204500903451,-72.2732721235008,1.96316843201507));
#6584=CARTESIAN_POINT('',(77.204500903451,-72.2732721235008,3.21316843201407));
#6585=CARTESIAN_POINT('',(72.804500903452,-72.2732721235008,1.96316843201507));
#6586=CARTESIAN_POINT('',(72.804500903452,-72.2732721235008,3.21316843201407));
#6587=CARTESIAN_POINT('',(72.404500903451,-72.2732721235008,3.21316843201407));
#6588=CARTESIAN_POINT('',(72.404500903451,-72.2732721235008,3.61316843201407));
#6589=CARTESIAN_POINT('',(72.604500903451,-72.2732721235008,3.61316843201407));
#6590=CARTESIAN_POINT('',(72.604500903451,-72.2732721235008,4.16316843201407));
#6591=CARTESIAN_POINT('',(77.404500903451,-72.2732721235008,4.16316843201407));
#6592=CARTESIAN_POINT('',(77.404500903451,-72.2732721235008,3.61316843201407));
#6593=CARTESIAN_POINT('',(77.604500903451,-72.2732721235008,3.61316843201407));
#6594=CARTESIAN_POINT('',(77.604500903451,-72.2732721235008,3.21316843201407));
#6595=CARTESIAN_POINT('',(72.804500903452,-69.0353937364197,3.31316843201407));
#6596=CARTESIAN_POINT('',(72.154500903451,-71.4853937364198,1.6031684320154));
#6597=CARTESIAN_POINT('',(72.354500903452,-71.4853937364198,1.6031684320154));
#6598=CARTESIAN_POINT('',(72.354500903452,-72.6853937364197,1.80316843201507));
#6599=CARTESIAN_POINT('',(72.354500903452,-72.4853937364198,1.60316843201574));
#6600=CARTESIAN_POINT('',(72.354500903452,-72.6853937364197,2.80316843201507));
#6601=CARTESIAN_POINT('',(72.154500903451,-72.6853937364197,2.80316843201507));
#6602=CARTESIAN_POINT('',(72.154500903451,-72.4853937364199,1.60316843201574));
#6603=CARTESIAN_POINT('',(72.154500903451,-72.6853937364197,1.80316843201507));
#6604=CARTESIAN_POINT('',(77.504500903451,-72.0853937364198,2.81316843201407));
#6605=CARTESIAN_POINT('',(77.654500903451,-72.0853937364198,2.80316843201507));
#6606=CARTESIAN_POINT('',(77.854500903451,-72.0853937364198,2.80316843201507));
#6607=CARTESIAN_POINT('',(77.854500903451,-72.0853937364198,2.21316843201407));
#6608=CARTESIAN_POINT('',(77.854500903451,-71.4853937364198,2.21316843201407));
#6609=CARTESIAN_POINT('',(77.204500903451,-69.0353937364197,3.31316843201407));
#6610=CARTESIAN_POINT('',(77.854500903451,-71.4853937364198,1.6031684320154));
#6611=CARTESIAN_POINT('',(77.654500903451,-71.4853937364198,1.6031684320154));
#6612=CARTESIAN_POINT('',(77.654500903451,-72.4853937364199,1.60316843201574));
#6613=CARTESIAN_POINT('',(77.654500903451,-72.6853937364197,1.80316843201507));
#6614=CARTESIAN_POINT('',(77.654500903451,-72.6853937364197,2.80316843201507));
#6615=CARTESIAN_POINT('',(77.854500903451,-72.4853937364198,1.60316843201574));
#6616=CARTESIAN_POINT('',(77.854500903451,-72.6853937364197,1.80316843201507));
#6617=CARTESIAN_POINT('',(77.854500903451,-72.6853937364197,2.80316843201507));
#6618=CARTESIAN_POINT('',(73.404500903451,-68.6287732798638,3.6870325866705));
#6619=CARTESIAN_POINT('',(73.604500903451,-68.6287732798638,3.6870325866705));
#6620=CARTESIAN_POINT('',(73.404500903451,-68.4253937364198,3.48706114199407));
#6621=CARTESIAN_POINT('',(73.604500903451,-68.4253937364198,3.48706114199407));
#6622=CARTESIAN_POINT('',(73.404500903451,-68.4253937364198,1.93344050526407));
#6623=CARTESIAN_POINT('',(73.604500903451,-68.4253937364198,1.93344050526407));
#6624=CARTESIAN_POINT('',(73.404500903451,-68.3253937364206,1.93344050526416));
#6625=CARTESIAN_POINT('',(73.604500903451,-68.3253937364206,1.93344050526416));
#6626=CARTESIAN_POINT('',(73.404500903451,-68.2223576810737,1.73903331408916));
#6627=CARTESIAN_POINT('',(73.604500903451,-68.2223576810737,1.73903331408916));
#6628=CARTESIAN_POINT('',(73.404500903451,-67.7353937364198,1.65316843201507));
#6629=CARTESIAN_POINT('',(73.604500903451,-67.7353937364198,1.65316843201507));
#6630=CARTESIAN_POINT('',(73.404500903451,-67.7353937364198,1.60316843201607));
#6631=CARTESIAN_POINT('',(73.604500903451,-67.7353937364198,1.60316843201607));
#6632=CARTESIAN_POINT('',(73.604500903451,-68.7353937364198,1.60316843201607));
#6633=CARTESIAN_POINT('',(73.404500903451,-68.7353937364198,1.60316843201607));
#6634=CARTESIAN_POINT('',(73.404500903451,-71.5464854892628,3.63772287055765));
#6635=CARTESIAN_POINT('',(73.604500903451,-71.5464854892628,3.63772287055765));
#6636=CARTESIAN_POINT('',(73.404500903451,-71.6939508316804,3.48774428705007));
#6637=CARTESIAN_POINT('',(73.404500903451,-71.5464854892628,3.33273850359615));
#6638=CARTESIAN_POINT('',(73.404500903451,-71.6939508316804,3.48271708710307));
#6639=CARTESIAN_POINT('',(73.604500903451,-71.6939508316804,3.48774428705007));
#6640=CARTESIAN_POINT('',(73.604500903451,-71.6939508316804,3.48271708710307));
#6641=CARTESIAN_POINT('',(73.604500903451,-71.5464854892628,3.33273850359615));
#6642=CARTESIAN_POINT('',(74.404500903451,-68.6287732798638,3.6870325866705));
#6643=CARTESIAN_POINT('',(74.604500903451,-68.6287732798638,3.6870325866705));
#6644=CARTESIAN_POINT('',(74.404500903451,-68.4253937364198,3.48706114199407));
#6645=CARTESIAN_POINT('',(74.604500903451,-68.4253937364198,3.48706114199407));
#6646=CARTESIAN_POINT('',(74.404500903451,-68.4253937364198,1.93344050526407));
#6647=CARTESIAN_POINT('',(74.604500903451,-68.4253937364198,1.93344050526407));
#6648=CARTESIAN_POINT('',(74.404500903451,-68.3253937364206,1.93344050526416));
#6649=CARTESIAN_POINT('',(74.604500903451,-68.3253937364206,1.93344050526416));
#6650=CARTESIAN_POINT('',(74.404500903451,-68.2223576810737,1.73903331408916));
#6651=CARTESIAN_POINT('',(74.604500903451,-68.2223576810737,1.73903331408916));
#6652=CARTESIAN_POINT('',(74.404500903451,-67.7353937364198,1.65316843201507));
#6653=CARTESIAN_POINT('',(74.604500903451,-67.7353937364198,1.65316843201507));
#6654=CARTESIAN_POINT('',(74.404500903451,-67.7353937364198,1.60316843201607));
#6655=CARTESIAN_POINT('',(74.604500903451,-67.7353937364198,1.60316843201607));
#6656=CARTESIAN_POINT('',(74.604500903451,-68.7353937364198,1.60316843201607));
#6657=CARTESIAN_POINT('',(74.404500903451,-68.7353937364198,1.60316843201607));
#6658=CARTESIAN_POINT('',(74.404500903451,-71.5464854892628,3.63772287055765));
#6659=CARTESIAN_POINT('',(74.604500903451,-71.5464854892628,3.63772287055765));
#6660=CARTESIAN_POINT('',(74.404500903451,-71.6939508316804,3.48774428705007));
#6661=CARTESIAN_POINT('',(74.404500903451,-71.5464854892628,3.33273850359615));
#6662=CARTESIAN_POINT('',(74.404500903451,-71.6939508316804,3.48271708710307));
#6663=CARTESIAN_POINT('',(74.604500903451,-71.6939508316804,3.48774428705007));
#6664=CARTESIAN_POINT('',(74.604500903451,-71.6939508316804,3.48271708710307));
#6665=CARTESIAN_POINT('',(74.604500903451,-71.5464854892628,3.33273850359615));
#6666=CARTESIAN_POINT('',(75.40450090345,-68.6287732798638,3.6870325866705));
#6667=CARTESIAN_POINT('',(75.604500903451,-68.6287732798638,3.6870325866705));
#6668=CARTESIAN_POINT('',(75.40450090345,-68.4253937364198,3.48706114199407));
#6669=CARTESIAN_POINT('',(75.604500903451,-68.4253937364198,3.48706114199407));
#6670=CARTESIAN_POINT('',(75.40450090345,-68.4253937364198,1.93344050526407));
#6671=CARTESIAN_POINT('',(75.604500903451,-68.4253937364198,1.93344050526407));
#6672=CARTESIAN_POINT('',(75.40450090345,-68.3253937364206,1.93344050526416));
#6673=CARTESIAN_POINT('',(75.604500903451,-68.3253937364206,1.93344050526416));
#6674=CARTESIAN_POINT('',(75.40450090345,-68.2223576810737,1.73903331408916));
#6675=CARTESIAN_POINT('',(75.604500903451,-68.2223576810737,1.73903331408916));
#6676=CARTESIAN_POINT('',(75.40450090345,-67.7353937364198,1.65316843201507));
#6677=CARTESIAN_POINT('',(75.604500903451,-67.7353937364198,1.65316843201507));
#6678=CARTESIAN_POINT('',(75.40450090345,-67.7353937364198,1.60316843201607));
#6679=CARTESIAN_POINT('',(75.604500903451,-67.7353937364198,1.60316843201607));
#6680=CARTESIAN_POINT('',(75.604500903451,-68.7353937364198,1.60316843201607));
#6681=CARTESIAN_POINT('',(75.40450090345,-68.7353937364198,1.60316843201607));
#6682=CARTESIAN_POINT('',(75.40450090345,-71.5464854892628,3.63772287055765));
#6683=CARTESIAN_POINT('',(75.604500903451,-71.5464854892628,3.63772287055765));
#6684=CARTESIAN_POINT('',(75.40450090345,-71.6939508316804,3.48774428705007));
#6685=CARTESIAN_POINT('',(75.40450090345,-71.5464854892628,3.33273850359615));
#6686=CARTESIAN_POINT('',(75.40450090345,-71.6939508316804,3.48271708710307));
#6687=CARTESIAN_POINT('',(75.604500903451,-71.6939508316804,3.48774428705007));
#6688=CARTESIAN_POINT('',(75.604500903451,-71.6939508316804,3.48271708710307));
#6689=CARTESIAN_POINT('',(75.604500903451,-71.5464854892628,3.33273850359615));
#6690=CARTESIAN_POINT('',(76.404500903451,-68.6287732798638,3.6870325866705));
#6691=CARTESIAN_POINT('',(76.604500903451,-68.6287732798638,3.6870325866705));
#6692=CARTESIAN_POINT('',(76.404500903451,-68.4253937364198,3.48706114199407));
#6693=CARTESIAN_POINT('',(76.604500903451,-68.4253937364198,3.48706114199407));
#6694=CARTESIAN_POINT('',(76.404500903451,-68.4253937364198,1.93344050526407));
#6695=CARTESIAN_POINT('',(76.604500903451,-68.4253937364198,1.93344050526407));
#6696=CARTESIAN_POINT('',(76.404500903451,-68.3253937364206,1.93344050526416));
#6697=CARTESIAN_POINT('',(76.604500903451,-68.3253937364206,1.93344050526416));
#6698=CARTESIAN_POINT('',(76.404500903451,-68.2223576810737,1.73903331408916));
#6699=CARTESIAN_POINT('',(76.604500903451,-68.2223576810737,1.73903331408916));
#6700=CARTESIAN_POINT('',(76.404500903451,-67.7353937364198,1.65316843201507));
#6701=CARTESIAN_POINT('',(76.604500903451,-67.7353937364198,1.65316843201507));
#6702=CARTESIAN_POINT('',(76.404500903451,-67.7353937364198,1.60316843201607));
#6703=CARTESIAN_POINT('',(76.604500903451,-67.7353937364198,1.60316843201607));
#6704=CARTESIAN_POINT('',(76.604500903451,-68.7353937364198,1.60316843201607));
#6705=CARTESIAN_POINT('',(76.404500903451,-68.7353937364198,1.60316843201607));
#6706=CARTESIAN_POINT('',(76.404500903451,-71.5464854892628,3.63772287055765));
#6707=CARTESIAN_POINT('',(76.604500903451,-71.5464854892628,3.63772287055765));
#6708=CARTESIAN_POINT('',(76.404500903451,-71.6939508316804,3.48774428705007));
#6709=CARTESIAN_POINT('',(76.404500903451,-71.5464854892628,3.33273850359615));
#6710=CARTESIAN_POINT('',(76.404500903451,-71.6939508316804,3.48271708710307));
#6711=CARTESIAN_POINT('',(76.604500903451,-71.6939508316804,3.48774428705007));
#6712=CARTESIAN_POINT('',(76.604500903451,-71.6939508316804,3.48271708710307));
#6713=CARTESIAN_POINT('',(76.604500903451,-71.5464854892628,3.33273850359615));
#6714=CARTESIAN_POINT('',(72.8045009573206,-69.6853937364208,1.96316841022555));
#6715=CARTESIAN_POINT('',(77.2045009573196,-69.6853937364208,1.96316841022555));
#6716=CARTESIAN_POINT('',(0.,0.));
#6717=CARTESIAN_POINT('',(4.399999999999,0.));
#6718=CARTESIAN_POINT('',(77.2045009573196,-69.6853937364208,1.96316841022555));
#6719=CARTESIAN_POINT('',(77.2045009727106,-69.6853937364207,3.21316840399898));
#6720=CARTESIAN_POINT('',(4.399999999999,0.));
#6721=CARTESIAN_POINT('',(4.399999999999,1.249999999999));
#6722=CARTESIAN_POINT('',(77.2045009727106,-69.6853937364207,3.21316840399898));
#6723=CARTESIAN_POINT('',(72.8045009727116,-69.6853937364207,3.21316840399898));
#6724=CARTESIAN_POINT('',(4.399999999999,1.249999999999));
#6725=CARTESIAN_POINT('',(0.,1.249999999999));
#6726=CARTESIAN_POINT('',(72.8045009727116,-69.6853937364207,3.21316840399898));
#6727=CARTESIAN_POINT('',(72.8045009573206,-69.6853937364208,1.96316841022555));
#6728=CARTESIAN_POINT('',(0.,1.249999999999));
#6729=CARTESIAN_POINT('',(0.,0.));
#6730=CARTESIAN_POINT('',(77.2045009727106,-69.6853937364207,3.21316840399898));
#6731=CARTESIAN_POINT('',(77.6045009573196,-69.6853937364208,3.21316841022455));
#6732=CARTESIAN_POINT('',(-1.599999999999,3.7));
#6733=CARTESIAN_POINT('',(-1.599999999999,4.1));
#6734=CARTESIAN_POINT('',(77.6045009573196,-69.6853937364208,3.21316841022455));
#6735=CARTESIAN_POINT('',(77.6045009573196,-69.6853937364208,3.61316841022455));
#6736=CARTESIAN_POINT('',(-1.599999999999,4.1));
#6737=CARTESIAN_POINT('',(-1.999999999999,4.1));
#6738=CARTESIAN_POINT('',(77.6045009573196,-69.6853937364208,3.61316841022455));
#6739=CARTESIAN_POINT('',(77.4045009573196,-69.6853937364208,3.61316841022455));
#6740=CARTESIAN_POINT('',(-1.999999999999,4.1));
#6741=CARTESIAN_POINT('',(-1.999999999999,3.9));
#6742=CARTESIAN_POINT('',(77.4045009573196,-69.6853937364208,3.61316841022455));
#6743=CARTESIAN_POINT('',(77.4045009573196,-69.6853937364208,4.16316841022455));
#6744=CARTESIAN_POINT('',(-1.999999999999,3.9));
#6745=CARTESIAN_POINT('',(-2.549999999999,3.9));
#6746=CARTESIAN_POINT('',(77.4045009573196,-69.6853937364208,4.16316841022455));
#6747=CARTESIAN_POINT('',(72.6045009573196,-69.6853937364208,4.16316841022455));
#6748=CARTESIAN_POINT('',(-2.549999999999,3.9));
#6749=CARTESIAN_POINT('',(-2.549999999999,-0.9));
#6750=CARTESIAN_POINT('',(72.6045009573196,-69.6853937364208,4.16316841022455));
#6751=CARTESIAN_POINT('',(72.6045009573196,-69.6853937364208,3.61316841022455));
#6752=CARTESIAN_POINT('',(-2.549999999999,-0.9));
#6753=CARTESIAN_POINT('',(-1.999999999999,-0.9));
#6754=CARTESIAN_POINT('',(72.6045009573196,-69.6853937364208,3.61316841022455));
#6755=CARTESIAN_POINT('',(72.4045009573196,-69.6853937364208,3.61316841022455));
#6756=CARTESIAN_POINT('',(-1.999999999999,-0.9));
#6757=CARTESIAN_POINT('',(-1.999999999999,-1.1));
#6758=CARTESIAN_POINT('',(72.4045009573196,-69.6853937364208,3.61316841022455));
#6759=CARTESIAN_POINT('',(72.4045009573196,-69.6853937364208,3.21316841022455));
#6760=CARTESIAN_POINT('',(-1.999999999999,-1.1));
#6761=CARTESIAN_POINT('',(-1.599999999999,-1.1));
#6762=CARTESIAN_POINT('',(72.4045009573196,-69.6853937364208,3.21316841022455));
#6763=CARTESIAN_POINT('',(72.8045009727116,-69.6853937364207,3.21316840399898));
#6764=CARTESIAN_POINT('',(-1.599999999999,-1.1));
#6765=CARTESIAN_POINT('',(-1.599999999999,-0.699999999998997));
#6766=CARTESIAN_POINT('',(-1.599999999999,3.7));
#6767=CARTESIAN_POINT('',(-1.599999999999,-0.699999999998997));
#6768=CARTESIAN_POINT('',(73.6045009573196,-69.6853937364208,3.66917554163373));
#6769=CARTESIAN_POINT('',(73.6045009573196,-69.6853937364208,3.30128578894071));
#6770=CARTESIAN_POINT('',(-2.056007131408,0.1));
#6771=CARTESIAN_POINT('',(-1.688117378715,0.1));
#6772=CARTESIAN_POINT('',(73.6045009573196,-69.6853937364208,3.30128578894071));
#6773=CARTESIAN_POINT('',(73.4045009573196,-69.6853937364208,3.30128578894071));
#6774=CARTESIAN_POINT('',(-1.688117378715,0.1));
#6775=CARTESIAN_POINT('',(-1.688117378715,-0.1));
#6776=CARTESIAN_POINT('',(73.4045009573196,-69.6853937364208,3.30128578894071));
#6777=CARTESIAN_POINT('',(73.4045009573196,-69.6853937364208,3.66917554163373));
#6778=CARTESIAN_POINT('',(-1.688117378715,-0.1));
#6779=CARTESIAN_POINT('',(-2.056007131408,-0.1));
#6780=CARTESIAN_POINT('',(73.4045009573196,-69.6853937364208,3.66917554163373));
#6781=CARTESIAN_POINT('',(73.6045009573196,-69.6853937364208,3.66917554163373));
#6782=CARTESIAN_POINT('',(-2.056007131408,-0.1));
#6783=CARTESIAN_POINT('',(-2.056007131408,0.1));
#6784=CARTESIAN_POINT('',(74.6045009573196,-69.6853937364208,3.66917554163373));
#6785=CARTESIAN_POINT('',(74.6045009573196,-69.6853937364208,3.30128578894071));
#6786=CARTESIAN_POINT('',(-2.056007131408,1.1));
#6787=CARTESIAN_POINT('',(-1.688117378715,1.1));
#6788=CARTESIAN_POINT('',(74.6045009573196,-69.6853937364208,3.30128578894071));
#6789=CARTESIAN_POINT('',(74.4045009573196,-69.6853937364208,3.30128578894071));
#6790=CARTESIAN_POINT('',(-1.688117378715,1.1));
#6791=CARTESIAN_POINT('',(-1.688117378715,0.9));
#6792=CARTESIAN_POINT('',(74.4045009573196,-69.6853937364208,3.30128578894071));
#6793=CARTESIAN_POINT('',(74.4045009573196,-69.6853937364208,3.66917554163373));
#6794=CARTESIAN_POINT('',(-1.688117378715,0.9));
#6795=CARTESIAN_POINT('',(-2.056007131408,0.9));
#6796=CARTESIAN_POINT('',(74.4045009573196,-69.6853937364208,3.66917554163373));
#6797=CARTESIAN_POINT('',(74.6045009573196,-69.6853937364208,3.66917554163373));
#6798=CARTESIAN_POINT('',(-2.056007131408,0.9));
#6799=CARTESIAN_POINT('',(-2.056007131408,1.1));
#6800=CARTESIAN_POINT('',(75.6045009573196,-69.6853937364208,3.66917554163373));
#6801=CARTESIAN_POINT('',(75.6045009573196,-69.6853937364208,3.30128578894071));
#6802=CARTESIAN_POINT('',(-2.056007131408,2.1));
#6803=CARTESIAN_POINT('',(-1.688117378715,2.1));
#6804=CARTESIAN_POINT('',(75.6045009573196,-69.6853937364208,3.30128578894071));
#6805=CARTESIAN_POINT('',(75.4045009573186,-69.6853937364208,3.30128578894071));
#6806=CARTESIAN_POINT('',(-1.688117378715,2.1));
#6807=CARTESIAN_POINT('',(-1.688117378715,1.899999999999));
#6808=CARTESIAN_POINT('',(75.4045009573186,-69.6853937364208,3.30128578894071));
#6809=CARTESIAN_POINT('',(75.4045009573186,-69.6853937364208,3.66917554163373));
#6810=CARTESIAN_POINT('',(-1.688117378715,1.899999999999));
#6811=CARTESIAN_POINT('',(-2.056007131408,1.899999999999));
#6812=CARTESIAN_POINT('',(75.4045009573186,-69.6853937364208,3.66917554163373));
#6813=CARTESIAN_POINT('',(75.6045009573196,-69.6853937364208,3.66917554163373));
#6814=CARTESIAN_POINT('',(-2.056007131408,1.899999999999));
#6815=CARTESIAN_POINT('',(-2.056007131408,2.1));
#6816=CARTESIAN_POINT('',(76.6045009573196,-69.6853937364208,3.66917554163373));
#6817=CARTESIAN_POINT('',(76.6045009573196,-69.6853937364208,3.30128578894071));
#6818=CARTESIAN_POINT('',(-2.056007131408,3.1));
#6819=CARTESIAN_POINT('',(-1.688117378715,3.1));
#6820=CARTESIAN_POINT('',(76.6045009573196,-69.6853937364208,3.30128578894071));
#6821=CARTESIAN_POINT('',(76.4045009573196,-69.6853937364208,3.30128578894071));
#6822=CARTESIAN_POINT('',(-1.688117378715,3.1));
#6823=CARTESIAN_POINT('',(-1.688117378715,2.9));
#6824=CARTESIAN_POINT('',(76.4045009573196,-69.6853937364208,3.30128578894071));
#6825=CARTESIAN_POINT('',(76.4045009573196,-69.6853937364208,3.66917554163373));
#6826=CARTESIAN_POINT('',(-1.688117378715,2.9));
#6827=CARTESIAN_POINT('',(-2.056007131408,2.9));
#6828=CARTESIAN_POINT('',(76.4045009573196,-69.6853937364208,3.66917554163373));
#6829=CARTESIAN_POINT('',(76.6045009573196,-69.6853937364208,3.66917554163373));
#6830=CARTESIAN_POINT('',(-2.056007131408,2.9));
#6831=CARTESIAN_POINT('',(-2.056007131408,3.1));
#6832=CARTESIAN_POINT('',(76.404500903451,-68.7353937364198,3.68523068707703));
#6833=CARTESIAN_POINT('',(76.404500903451,-68.7353937364198,1.61316843201507));
#6834=CARTESIAN_POINT('',(2.072062255062,2.9));
#6835=CARTESIAN_POINT('',(-3.061616997868E-17,2.9));
#6836=CARTESIAN_POINT('',(76.404500903451,-68.7353937364198,1.61316843201507));
#6837=CARTESIAN_POINT('',(76.30450090345,-68.7353937364198,1.61316843201507));
#6838=CARTESIAN_POINT('',(-3.061616997868E-17,2.9));
#6839=CARTESIAN_POINT('',(0.,2.799999999999));
#6840=CARTESIAN_POINT('',(76.30450090345,-68.7353937364198,1.61316843201507));
#6841=CARTESIAN_POINT('',(76.30450090345,-68.7353937364198,3.91316843201407));
#6842=CARTESIAN_POINT('',(0.,2.799999999999));
#6843=CARTESIAN_POINT('',(2.299999999999,2.799999999999));
#6844=CARTESIAN_POINT('',(76.30450090345,-68.7353937364198,3.91316843201407));
#6845=CARTESIAN_POINT('',(76.704500903451,-68.7353937364198,3.91316843201407));
#6846=CARTESIAN_POINT('',(2.299999999999,2.799999999999));
#6847=CARTESIAN_POINT('',(2.299999999999,3.2));
#6848=CARTESIAN_POINT('',(76.704500903451,-68.7353937364198,3.91316843201407));
#6849=CARTESIAN_POINT('',(76.704500903451,-68.7353937364198,1.61316843201507));
#6850=CARTESIAN_POINT('',(2.299999999999,3.2));
#6851=CARTESIAN_POINT('',(0.,3.2));
#6852=CARTESIAN_POINT('',(76.704500903451,-68.7353937364198,1.61316843201507));
#6853=CARTESIAN_POINT('',(76.604500903451,-68.7353937364198,1.61316843201507));
#6854=CARTESIAN_POINT('',(0.,3.2));
#6855=CARTESIAN_POINT('',(-2.168404344971E-16,3.1));
#6856=CARTESIAN_POINT('',(76.604500903451,-68.7353937364198,1.61316843201507));
#6857=CARTESIAN_POINT('',(76.604500903451,-68.7353937364204,3.68523068707702));
#6858=CARTESIAN_POINT('',(-2.168404344971E-16,3.1));
#6859=CARTESIAN_POINT('',(2.072062255062,3.1));
#6860=CARTESIAN_POINT('',(76.604500903451,-68.7353937364204,3.68523068707702));
#6861=CARTESIAN_POINT('',(76.404500903451,-68.7353937364198,3.68523068707703));
#6862=CARTESIAN_POINT('',(2.072062255062,3.1));
#6863=CARTESIAN_POINT('',(2.072062255062,2.9));
#6864=CARTESIAN_POINT('',(75.40450090345,-68.7353937364198,3.68523068707703));
#6865=CARTESIAN_POINT('',(75.40450090345,-68.7353937364198,1.61316843201507));
#6866=CARTESIAN_POINT('',(2.072062255062,1.899999999999));
#6867=CARTESIAN_POINT('',(-3.061616997868E-17,1.899999999999));
#6868=CARTESIAN_POINT('',(75.40450090345,-68.7353937364198,1.61316843201507));
#6869=CARTESIAN_POINT('',(75.304500903451,-68.7353937364198,1.61316843201507));
#6870=CARTESIAN_POINT('',(-3.061616997868E-17,1.899999999999));
#6871=CARTESIAN_POINT('',(0.,1.8));
#6872=CARTESIAN_POINT('',(75.304500903451,-68.7353937364198,1.61316843201507));
#6873=CARTESIAN_POINT('',(75.304500903451,-68.7353937364198,3.91316843201407));
#6874=CARTESIAN_POINT('',(0.,1.8));
#6875=CARTESIAN_POINT('',(2.299999999999,1.8));
#6876=CARTESIAN_POINT('',(75.304500903451,-68.7353937364198,3.91316843201407));
#6877=CARTESIAN_POINT('',(75.704500903451,-68.7353937364198,3.91316843201407));
#6878=CARTESIAN_POINT('',(2.299999999999,1.8));
#6879=CARTESIAN_POINT('',(2.299999999999,2.2));
#6880=CARTESIAN_POINT('',(75.704500903451,-68.7353937364198,3.91316843201407));
#6881=CARTESIAN_POINT('',(75.704500903451,-68.7353937364198,1.61316843201507));
#6882=CARTESIAN_POINT('',(2.299999999999,2.2));
#6883=CARTESIAN_POINT('',(0.,2.2));
#6884=CARTESIAN_POINT('',(75.704500903451,-68.7353937364198,1.61316843201507));
#6885=CARTESIAN_POINT('',(75.604500903451,-68.7353937364198,1.61316843201507));
#6886=CARTESIAN_POINT('',(0.,2.2));
#6887=CARTESIAN_POINT('',(-2.168404344971E-16,2.1));
#6888=CARTESIAN_POINT('',(75.604500903451,-68.7353937364198,1.61316843201507));
#6889=CARTESIAN_POINT('',(75.604500903451,-68.7353937364204,3.68523068707702));
#6890=CARTESIAN_POINT('',(-2.168404344971E-16,2.1));
#6891=CARTESIAN_POINT('',(2.072062255062,2.1));
#6892=CARTESIAN_POINT('',(75.604500903451,-68.7353937364204,3.68523068707702));
#6893=CARTESIAN_POINT('',(75.40450090345,-68.7353937364198,3.68523068707703));
#6894=CARTESIAN_POINT('',(2.072062255062,2.1));
#6895=CARTESIAN_POINT('',(2.072062255062,1.899999999999));
#6896=CARTESIAN_POINT('',(74.404500903451,-68.7353937364198,3.68523068707703));
#6897=CARTESIAN_POINT('',(74.404500903451,-68.7353937364198,1.61316843201507));
#6898=CARTESIAN_POINT('',(2.072062255062,0.9));
#6899=CARTESIAN_POINT('',(-3.061616997868E-17,0.9));
#6900=CARTESIAN_POINT('',(74.404500903451,-68.7353937364198,1.61316843201507));
#6901=CARTESIAN_POINT('',(74.304500903451,-68.7353937364198,1.61316843201507));
#6902=CARTESIAN_POINT('',(-3.061616997868E-17,0.9));
#6903=CARTESIAN_POINT('',(0.,0.8));
#6904=CARTESIAN_POINT('',(74.304500903451,-68.7353937364198,1.61316843201507));
#6905=CARTESIAN_POINT('',(74.304500903451,-68.7353937364198,3.91316843201407));
#6906=CARTESIAN_POINT('',(0.,0.8));
#6907=CARTESIAN_POINT('',(2.299999999999,0.8));
#6908=CARTESIAN_POINT('',(74.304500903451,-68.7353937364198,3.91316843201407));
#6909=CARTESIAN_POINT('',(74.704500903451,-68.7353937364198,3.91316843201407));
#6910=CARTESIAN_POINT('',(2.299999999999,0.8));
#6911=CARTESIAN_POINT('',(2.299999999999,1.2));
#6912=CARTESIAN_POINT('',(74.704500903451,-68.7353937364198,3.91316843201407));
#6913=CARTESIAN_POINT('',(74.704500903451,-68.7353937364198,1.61316843201507));
#6914=CARTESIAN_POINT('',(2.299999999999,1.2));
#6915=CARTESIAN_POINT('',(0.,1.2));
#6916=CARTESIAN_POINT('',(74.704500903451,-68.7353937364198,1.61316843201507));
#6917=CARTESIAN_POINT('',(74.604500903451,-68.7353937364198,1.61316843201507));
#6918=CARTESIAN_POINT('',(0.,1.2));
#6919=CARTESIAN_POINT('',(-2.168404344971E-16,1.1));
#6920=CARTESIAN_POINT('',(74.604500903451,-68.7353937364198,1.61316843201507));
#6921=CARTESIAN_POINT('',(74.604500903451,-68.7353937364204,3.68523068707702));
#6922=CARTESIAN_POINT('',(-2.168404344971E-16,1.1));
#6923=CARTESIAN_POINT('',(2.072062255062,1.1));
#6924=CARTESIAN_POINT('',(74.604500903451,-68.7353937364204,3.68523068707702));
#6925=CARTESIAN_POINT('',(74.404500903451,-68.7353937364198,3.68523068707703));
#6926=CARTESIAN_POINT('',(2.072062255062,1.1));
#6927=CARTESIAN_POINT('',(2.072062255062,0.9));
#6928=CARTESIAN_POINT('',(73.404500903451,-68.7353937364198,3.68523068707703));
#6929=CARTESIAN_POINT('',(73.404500903451,-68.7353937364198,1.61316843201507));
#6930=CARTESIAN_POINT('',(2.072062255062,-0.1));
#6931=CARTESIAN_POINT('',(-3.061616997868E-17,-0.1));
#6932=CARTESIAN_POINT('',(73.404500903451,-68.7353937364198,1.61316843201507));
#6933=CARTESIAN_POINT('',(73.3045009034513,-68.7353937364198,1.61316843201507));
#6934=CARTESIAN_POINT('',(-3.061616997868E-17,-0.1));
#6935=CARTESIAN_POINT('',(0.,-0.2));
#6936=CARTESIAN_POINT('',(73.3045009034513,-68.7353937364198,1.61316843201507));
#6937=CARTESIAN_POINT('',(73.3045009034513,-68.7353937364198,3.91316843201407));
#6938=CARTESIAN_POINT('',(0.,-0.2));
#6939=CARTESIAN_POINT('',(2.299999999999,-0.2));
#6940=CARTESIAN_POINT('',(73.3045009034513,-68.7353937364198,3.91316843201407));
#6941=CARTESIAN_POINT('',(73.704500903451,-68.7353937364198,3.91316843201407));
#6942=CARTESIAN_POINT('',(2.299999999999,-0.2));
#6943=CARTESIAN_POINT('',(2.299999999999,0.2));
#6944=CARTESIAN_POINT('',(73.704500903451,-68.7353937364198,3.91316843201407));
#6945=CARTESIAN_POINT('',(73.704500903451,-68.7353937364198,1.61316843201507));
#6946=CARTESIAN_POINT('',(2.299999999999,0.2));
#6947=CARTESIAN_POINT('',(0.,0.2));
#6948=CARTESIAN_POINT('',(73.704500903451,-68.7353937364198,1.61316843201507));
#6949=CARTESIAN_POINT('',(73.604500903451,-68.7353937364198,1.61316843201507));
#6950=CARTESIAN_POINT('',(0.,0.2));
#6951=CARTESIAN_POINT('',(-2.168404344971E-16,0.1));
#6952=CARTESIAN_POINT('',(73.604500903451,-68.7353937364198,1.61316843201507));
#6953=CARTESIAN_POINT('',(73.604500903451,-68.7353937364204,3.68523068707702));
#6954=CARTESIAN_POINT('',(-2.168404344971E-16,0.1));
#6955=CARTESIAN_POINT('',(2.072062255062,0.1));
#6956=CARTESIAN_POINT('',(73.604500903451,-68.7353937364204,3.68523068707702));
#6957=CARTESIAN_POINT('',(73.404500903451,-68.7353937364198,3.68523068707703));
#6958=CARTESIAN_POINT('',(2.072062255062,0.1));
#6959=CARTESIAN_POINT('',(2.072062255062,-0.1));
#6960=CARTESIAN_POINT('',(77.204500903451,-69.6353937364198,4.51316843201407));
#6961=CARTESIAN_POINT('',(77.204500903451,-69.0353937364197,4.51316843201407));
#6962=CARTESIAN_POINT('',(3.7,0.925));
#6963=CARTESIAN_POINT('',(3.7,1.525));
#6964=CARTESIAN_POINT('',(77.204500903451,-69.0353937364197,4.51316843201407));
#6965=CARTESIAN_POINT('',(72.804500903452,-69.0353937364197,4.51316843201407));
#6966=CARTESIAN_POINT('',(3.7,1.525));
#6967=CARTESIAN_POINT('',(-0.699999999999,1.525));
#6968=CARTESIAN_POINT('',(72.804500903452,-69.0353937364197,4.51316843201407));
#6969=CARTESIAN_POINT('',(72.804500903452,-69.6353937364198,4.51316843201407));
#6970=CARTESIAN_POINT('',(-0.699999999999,1.525));
#6971=CARTESIAN_POINT('',(-0.699999999999,0.925));
#6972=CARTESIAN_POINT('',(72.804500903452,-69.6353937364198,4.51316843201407));
#6973=CARTESIAN_POINT('',(72.004500903451,-69.6353937364198,4.51316843201407));
#6974=CARTESIAN_POINT('',(-0.699999999999,0.925));
#6975=CARTESIAN_POINT('',(-1.5,0.925));
#6976=CARTESIAN_POINT('',(72.004500903451,-69.6353937364198,4.51316843201407));
#6977=CARTESIAN_POINT('',(72.004500903451,-72.6853937364197,4.51316843201407));
#6978=CARTESIAN_POINT('',(-1.5,0.925));
#6979=CARTESIAN_POINT('',(-1.5,-2.125));
#6980=CARTESIAN_POINT('',(72.004500903451,-72.6853937364197,4.51316843201407));
#6981=CARTESIAN_POINT('',(78.004500903451,-72.6853937364197,4.51316843201407));
#6982=CARTESIAN_POINT('',(-1.5,-2.125));
#6983=CARTESIAN_POINT('',(4.5,-2.125));
#6984=CARTESIAN_POINT('',(78.004500903451,-72.6853937364197,4.51316843201407));
#6985=CARTESIAN_POINT('',(78.004500903451,-69.6353937364198,4.51316843201407));
#6986=CARTESIAN_POINT('',(4.5,-2.125));
#6987=CARTESIAN_POINT('',(4.5,0.925));
#6988=CARTESIAN_POINT('',(78.004500903451,-69.6353937364198,4.51316843201407));
#6989=CARTESIAN_POINT('',(77.204500903451,-69.6353937364198,4.51316843201407));
#6990=CARTESIAN_POINT('',(4.5,0.925));
#6991=CARTESIAN_POINT('',(3.7,0.925));
#6992=CARTESIAN_POINT('',(2.899999999999,1.525));
#6993=CARTESIAN_POINT('',(2.899999999999,0.925));
#6994=CARTESIAN_POINT('',(72.804500903452,-69.0353937364197,4.51316843201407));
#6995=CARTESIAN_POINT('',(72.804500903452,-69.0353937364197,3.91316843201407));
#6996=CARTESIAN_POINT('',(2.899999999999,1.525));
#6997=CARTESIAN_POINT('',(2.299999999999,1.525));
#6998=CARTESIAN_POINT('',(72.804500903452,-69.0353937364197,3.91316843201407));
#6999=CARTESIAN_POINT('',(72.804500903452,-69.6353937364198,3.91316843201407));
#7000=CARTESIAN_POINT('',(2.299999999999,1.525));
#7001=CARTESIAN_POINT('',(2.299999999999,0.925));
#7002=CARTESIAN_POINT('',(72.804500903452,-69.6353937364198,3.91316843201407));
#7003=CARTESIAN_POINT('',(72.804500903452,-69.6353937364198,4.51316843201407));
#7004=CARTESIAN_POINT('',(2.299999999999,0.925));
#7005=CARTESIAN_POINT('',(2.899999999999,0.925));
#7006=CARTESIAN_POINT('',(77.204500903451,-69.6353937364198,3.91316843201407));
#7007=CARTESIAN_POINT('',(77.204500903451,-69.0353937364197,3.91316843201407));
#7008=CARTESIAN_POINT('',(2.299999999999,-0.925));
#7009=CARTESIAN_POINT('',(2.299999999999,-1.525));
#7010=CARTESIAN_POINT('',(77.204500903451,-69.0353937364197,3.91316843201407));
#7011=CARTESIAN_POINT('',(77.204500903451,-69.0353937364197,4.51316843201407));
#7012=CARTESIAN_POINT('',(2.299999999999,-1.525));
#7013=CARTESIAN_POINT('',(2.899999999999,-1.525));
#7014=CARTESIAN_POINT('',(2.899999999999,-0.925));
#7015=CARTESIAN_POINT('',(2.899999999999,-1.525));
#7016=CARTESIAN_POINT('',(77.204500903451,-69.6353937364198,4.51316843201407));
#7017=CARTESIAN_POINT('',(77.204500903451,-69.6353937364198,3.91316843201407));
#7018=CARTESIAN_POINT('',(2.899999999999,-0.925));
#7019=CARTESIAN_POINT('',(2.299999999999,-0.925));
#7020=CARTESIAN_POINT('',(77.654500903451,-71.4853937364198,2.21316843201407));
#7021=CARTESIAN_POINT('',(77.654500903451,-72.0853937364198,2.21316843201407));
#7022=CARTESIAN_POINT('',(-0.15,0.6));
#7023=CARTESIAN_POINT('',(-0.15,0.));
#7024=CARTESIAN_POINT('',(77.654500903451,-72.0853937364198,2.21316843201407));
#7025=CARTESIAN_POINT('',(77.504500903451,-72.0853937364198,2.21316843201407));
#7026=CARTESIAN_POINT('',(-0.15,0.));
#7027=CARTESIAN_POINT('',(0.,0.));
#7028=CARTESIAN_POINT('',(77.504500903451,-72.0853937364198,2.21316843201407));
#7029=CARTESIAN_POINT('',(77.504500903451,-71.4853937364198,2.21316843201407));
#7030=CARTESIAN_POINT('',(0.,0.));
#7031=CARTESIAN_POINT('',(0.,0.6));
#7032=CARTESIAN_POINT('',(77.504500903451,-71.4853937364198,2.21316843201407));
#7033=CARTESIAN_POINT('',(77.654500903451,-71.4853937364198,2.21316843201407));
#7034=CARTESIAN_POINT('',(0.,0.6));
#7035=CARTESIAN_POINT('',(-0.15,0.6));
#7036=CARTESIAN_POINT('',(77.654500903451,-71.4853937364198,1.61316843201507));
#7037=CARTESIAN_POINT('',(77.654500903451,-71.4853937364198,2.21316843201407));
#7038=CARTESIAN_POINT('',(0.599999999999,0.15));
#7039=CARTESIAN_POINT('',(0.,0.15));
#7040=CARTESIAN_POINT('',(0.,0.));
#7041=CARTESIAN_POINT('',(0.,0.15));
#7042=CARTESIAN_POINT('',(77.504500903451,-71.4853937364198,2.21316843201407));
#7043=CARTESIAN_POINT('',(77.504500903451,-71.4853937364198,1.61316843201507));
#7044=CARTESIAN_POINT('',(0.,0.));
#7045=CARTESIAN_POINT('',(0.599999999999,0.));
#7046=CARTESIAN_POINT('',(77.504500903451,-71.4853937364198,1.61316843201507));
#7047=CARTESIAN_POINT('',(77.654500903451,-71.4853937364198,1.61316843201507));
#7048=CARTESIAN_POINT('',(0.599999999999,0.));
#7049=CARTESIAN_POINT('',(0.599999999999,0.15));
#7050=CARTESIAN_POINT('',(78.004500903451,-69.0353937364197,3.31316843201407));
#7051=CARTESIAN_POINT('',(78.004500903451,-69.0353937364197,3.91316843201407));
#7052=CARTESIAN_POINT('',(-1.2,0.6));
#7053=CARTESIAN_POINT('',(-0.6,0.6));
#7054=CARTESIAN_POINT('',(78.004500903451,-69.0353937364197,3.91316843201407));
#7055=CARTESIAN_POINT('',(78.004500903451,-69.6353937364198,3.91316843201407));
#7056=CARTESIAN_POINT('',(-0.6,0.6));
#7057=CARTESIAN_POINT('',(-0.6,1.2));
#7058=CARTESIAN_POINT('',(78.004500903451,-69.6353937364198,3.91316843201407));
#7059=CARTESIAN_POINT('',(78.004500903451,-69.6353937364198,4.51316843201407));
#7060=CARTESIAN_POINT('',(-0.6,1.2));
#7061=CARTESIAN_POINT('',(0.,1.2));
#7062=CARTESIAN_POINT('',(0.,4.25));
#7063=CARTESIAN_POINT('',(0.,1.2));
#7064=CARTESIAN_POINT('',(78.004500903451,-72.6853937364197,4.51316843201407));
#7065=CARTESIAN_POINT('',(78.004500903451,-72.6853937364197,2.81316843201407));
#7066=CARTESIAN_POINT('',(0.,4.25));
#7067=CARTESIAN_POINT('',(-1.7,4.25));
#7068=CARTESIAN_POINT('',(78.004500903451,-72.6853937364197,2.81316843201407));
#7069=CARTESIAN_POINT('',(78.004500903451,-72.0853937364198,2.81316843201407));
#7070=CARTESIAN_POINT('',(-1.7,4.25));
#7071=CARTESIAN_POINT('',(-1.7,3.65));
#7072=CARTESIAN_POINT('',(78.004500903451,-72.0853937364198,2.81316843201407));
#7073=CARTESIAN_POINT('',(78.004500903451,-72.0853937364198,2.21316843201407));
#7074=CARTESIAN_POINT('',(-1.7,3.65));
#7075=CARTESIAN_POINT('',(-2.3,3.65));
#7076=CARTESIAN_POINT('',(78.004500903451,-72.0853937364198,2.21316843201407));
#7077=CARTESIAN_POINT('',(78.004500903451,-71.4853937364198,2.21316843201407));
#7078=CARTESIAN_POINT('',(-2.3,3.65));
#7079=CARTESIAN_POINT('',(-2.3,3.05));
#7080=CARTESIAN_POINT('',(78.004500903451,-71.4853937364198,2.21316843201407));
#7081=CARTESIAN_POINT('',(78.004500903451,-71.4853937364198,1.61316843201507));
#7082=CARTESIAN_POINT('',(-2.3,3.05));
#7083=CARTESIAN_POINT('',(-2.899999999999,3.05));
#7084=CARTESIAN_POINT('',(78.004500903451,-71.4853937364198,1.61316843201507));
#7085=CARTESIAN_POINT('',(78.004500903451,-68.4353937364197,1.61316843201507));
#7086=CARTESIAN_POINT('',(-2.899999999999,3.05));
#7087=CARTESIAN_POINT('',(-2.899999999999,0.));
#7088=CARTESIAN_POINT('',(78.004500903451,-68.4353937364197,1.61316843201507));
#7089=CARTESIAN_POINT('',(78.004500903451,-68.4353937364197,3.31316843201407));
#7090=CARTESIAN_POINT('',(-2.899999999999,0.));
#7091=CARTESIAN_POINT('',(-1.2,0.));
#7092=CARTESIAN_POINT('',(78.004500903451,-68.4353937364197,3.31316843201407));
#7093=CARTESIAN_POINT('',(78.004500903451,-69.0353937364197,3.31316843201407));
#7094=CARTESIAN_POINT('',(-1.2,0.));
#7095=CARTESIAN_POINT('',(-1.2,0.6));
#7096=CARTESIAN_POINT('',(76.704500903451,-68.4353937364197,3.91316843201407));
#7097=CARTESIAN_POINT('',(77.204500903451,-68.4353937364197,3.91316843201407));
#7098=CARTESIAN_POINT('',(4.7,0.6));
#7099=CARTESIAN_POINT('',(5.2,0.6));
#7100=CARTESIAN_POINT('',(77.204500903451,-68.4353937364197,3.91316843201407));
#7101=CARTESIAN_POINT('',(77.204500903451,-68.4353937364197,3.31316843201407));
#7102=CARTESIAN_POINT('',(5.2,0.6));
#7103=CARTESIAN_POINT('',(5.2,1.2));
#7104=CARTESIAN_POINT('',(77.204500903451,-68.4353937364197,3.31316843201407));
#7105=CARTESIAN_POINT('',(78.004500903451,-68.4353937364197,3.31316843201407));
#7106=CARTESIAN_POINT('',(5.2,1.2));
#7107=CARTESIAN_POINT('',(6.,1.2));
#7108=CARTESIAN_POINT('',(6.,2.899999999999));
#7109=CARTESIAN_POINT('',(6.,1.2));
#7110=CARTESIAN_POINT('',(78.004500903451,-68.4353937364197,1.61316843201507));
#7111=CARTESIAN_POINT('',(76.704500903451,-68.4353937364197,1.61316843201507));
#7112=CARTESIAN_POINT('',(6.,2.899999999999));
#7113=CARTESIAN_POINT('',(4.7,2.899999999999));
#7114=CARTESIAN_POINT('',(76.704500903451,-68.4353937364197,1.61316843201507));
#7115=CARTESIAN_POINT('',(76.704500903451,-68.4353937364197,3.91316843201407));
#7116=CARTESIAN_POINT('',(4.7,2.899999999999));
#7117=CARTESIAN_POINT('',(4.7,0.6));
#7118=CARTESIAN_POINT('',(77.504500903451,-72.6853937364197,2.81316843201407));
#7119=CARTESIAN_POINT('',(78.004500903451,-72.6853937364197,2.81316843201407));
#7120=CARTESIAN_POINT('',(5.5,-1.7));
#7121=CARTESIAN_POINT('',(6.,-1.7));
#7122=CARTESIAN_POINT('',(6.,0.));
#7123=CARTESIAN_POINT('',(6.,-1.7));
#7124=CARTESIAN_POINT('',(0.,0.));
#7125=CARTESIAN_POINT('',(6.,0.));
#7126=CARTESIAN_POINT('',(72.004500903451,-72.6853937364197,4.51316843201407));
#7127=CARTESIAN_POINT('',(72.004500903451,-72.6853937364197,2.81316843201407));
#7128=CARTESIAN_POINT('',(0.,0.));
#7129=CARTESIAN_POINT('',(0.,-1.7));
#7130=CARTESIAN_POINT('',(72.004500903451,-72.6853937364197,2.81316843201407));
#7131=CARTESIAN_POINT('',(72.504500903451,-72.6853937364197,2.81316843201407));
#7132=CARTESIAN_POINT('',(0.,-1.7));
#7133=CARTESIAN_POINT('',(0.5,-1.7));
#7134=CARTESIAN_POINT('',(72.504500903451,-72.6853937364197,2.81316843201407));
#7135=CARTESIAN_POINT('',(72.504500903451,-72.6853937364197,1.61316843201507));
#7136=CARTESIAN_POINT('',(0.5,-1.7));
#7137=CARTESIAN_POINT('',(0.5,-2.899999999999));
#7138=CARTESIAN_POINT('',(72.504500903451,-72.6853937364197,1.61316843201507));
#7139=CARTESIAN_POINT('',(77.504500903451,-72.6853937364197,1.61316843201507));
#7140=CARTESIAN_POINT('',(0.5,-2.899999999999));
#7141=CARTESIAN_POINT('',(5.5,-2.899999999999));
#7142=CARTESIAN_POINT('',(77.504500903451,-72.6853937364197,1.61316843201507));
#7143=CARTESIAN_POINT('',(77.504500903451,-72.6853937364197,2.81316843201407));
#7144=CARTESIAN_POINT('',(5.5,-2.899999999999));
#7145=CARTESIAN_POINT('',(5.5,-1.7));
#7146=CARTESIAN_POINT('',(72.454500903451,-72.6853937364197,3.76316843201411));
#7147=CARTESIAN_POINT('',(72.454500903451,-72.6853937364197,4.31316843201411));
#7148=CARTESIAN_POINT('',(0.45,-0.75));
#7149=CARTESIAN_POINT('',(0.45,-0.2));
#7150=CARTESIAN_POINT('',(72.454500903451,-72.6853937364197,4.31316843201411));
#7151=CARTESIAN_POINT('',(77.554500903451,-72.6853937364197,4.31316843201411));
#7152=CARTESIAN_POINT('',(0.45,-0.2));
#7153=CARTESIAN_POINT('',(5.55,-0.2));
#7154=CARTESIAN_POINT('',(77.554500903451,-72.6853937364197,4.31316843201411));
#7155=CARTESIAN_POINT('',(77.554500903451,-72.6853937364197,3.76316843201411));
#7156=CARTESIAN_POINT('',(5.55,-0.2));
#7157=CARTESIAN_POINT('',(5.55,-0.75));
#7158=CARTESIAN_POINT('',(77.554500903451,-72.6853937364197,3.76316843201411));
#7159=CARTESIAN_POINT('',(77.754500903451,-72.6853937364197,3.76316843201411));
#7160=CARTESIAN_POINT('',(5.55,-0.75));
#7161=CARTESIAN_POINT('',(5.75,-0.75));
#7162=CARTESIAN_POINT('',(77.754500903451,-72.6853937364197,3.76316843201411));
#7163=CARTESIAN_POINT('',(77.754500903451,-72.6853937364197,3.06316843201403));
#7164=CARTESIAN_POINT('',(5.75,-0.75));
#7165=CARTESIAN_POINT('',(5.75,-1.45));
#7166=CARTESIAN_POINT('',(77.754500903451,-72.6853937364197,3.06316843201403));
#7167=CARTESIAN_POINT('',(77.354500903451,-72.6853937364197,3.06316843201403));
#7168=CARTESIAN_POINT('',(5.75,-1.45));
#7169=CARTESIAN_POINT('',(5.35,-1.45));
#7170=CARTESIAN_POINT('',(77.354500903451,-72.6853937364197,3.06316843201403));
#7171=CARTESIAN_POINT('',(77.354500903451,-72.6853937364197,1.81316843201503));
#7172=CARTESIAN_POINT('',(5.35,-1.45));
#7173=CARTESIAN_POINT('',(5.35,-2.699999999999));
#7174=CARTESIAN_POINT('',(77.354500903451,-72.6853937364197,1.81316843201503));
#7175=CARTESIAN_POINT('',(72.654500903452,-72.6853937364197,1.81316843201503));
#7176=CARTESIAN_POINT('',(5.35,-2.699999999999));
#7177=CARTESIAN_POINT('',(0.650000000001,-2.699999999999));
#7178=CARTESIAN_POINT('',(72.654500903452,-72.6853937364197,1.81316843201503));
#7179=CARTESIAN_POINT('',(72.654500903452,-72.6853937364197,3.06316843201403));
#7180=CARTESIAN_POINT('',(0.650000000001,-2.699999999999));
#7181=CARTESIAN_POINT('',(0.650000000001,-1.45));
#7182=CARTESIAN_POINT('',(72.654500903452,-72.6853937364197,3.06316843201403));
#7183=CARTESIAN_POINT('',(72.254500903451,-72.6853937364197,3.06316843201403));
#7184=CARTESIAN_POINT('',(0.650000000001,-1.45));
#7185=CARTESIAN_POINT('',(0.25,-1.45));
#7186=CARTESIAN_POINT('',(72.254500903451,-72.6853937364197,3.06316843201403));
#7187=CARTESIAN_POINT('',(72.254500903451,-72.6853937364197,3.76316843201411));
#7188=CARTESIAN_POINT('',(0.25,-1.45));
#7189=CARTESIAN_POINT('',(0.25,-0.75));
#7190=CARTESIAN_POINT('',(72.254500903451,-72.6853937364197,3.76316843201411));
#7191=CARTESIAN_POINT('',(72.454500903451,-72.6853937364197,3.76316843201411));
#7192=CARTESIAN_POINT('',(0.25,-0.75));
#7193=CARTESIAN_POINT('',(0.45,-0.75));
#7194=CARTESIAN_POINT('',(77.504500903451,-71.4853937364198,1.61316843201507));
#7195=CARTESIAN_POINT('',(77.504500903451,-72.6853937364197,1.61316843201507));
#7196=CARTESIAN_POINT('',(-0.925,4.));
#7197=CARTESIAN_POINT('',(-2.125,4.));
#7198=CARTESIAN_POINT('',(-2.125,-1.));
#7199=CARTESIAN_POINT('',(-2.125,4.));
#7200=CARTESIAN_POINT('',(72.504500903451,-72.6853937364197,1.61316843201507));
#7201=CARTESIAN_POINT('',(72.504500903451,-71.4853937364198,1.61316843201507));
#7202=CARTESIAN_POINT('',(-2.125,-1.));
#7203=CARTESIAN_POINT('',(-0.925,-1.));
#7204=CARTESIAN_POINT('',(72.504500903451,-71.4853937364198,1.61316843201507));
#7205=CARTESIAN_POINT('',(72.354500903452,-71.4853937364198,1.61316843201507));
#7206=CARTESIAN_POINT('',(-0.925,-1.));
#7207=CARTESIAN_POINT('',(-0.925,-1.149999999999));
#7208=CARTESIAN_POINT('',(72.354500903452,-71.4853937364198,1.61316843201507));
#7209=CARTESIAN_POINT('',(72.154500903451,-71.4853937364198,1.61316843201507));
#7210=CARTESIAN_POINT('',(-0.925,-1.149999999999));
#7211=CARTESIAN_POINT('',(-0.925,-1.35));
#7212=CARTESIAN_POINT('',(72.154500903451,-71.4853937364198,1.61316843201507));
#7213=CARTESIAN_POINT('',(72.004500903451,-71.4853937364198,1.61316843201507));
#7214=CARTESIAN_POINT('',(-0.925,-1.35));
#7215=CARTESIAN_POINT('',(-0.925,-1.5));
#7216=CARTESIAN_POINT('',(72.004500903451,-71.4853937364198,1.61316843201507));
#7217=CARTESIAN_POINT('',(72.004500903451,-68.4353937364197,1.61316843201507));
#7218=CARTESIAN_POINT('',(-0.925,-1.5));
#7219=CARTESIAN_POINT('',(2.125,-1.5));
#7220=CARTESIAN_POINT('',(72.004500903451,-68.4353937364197,1.61316843201507));
#7221=CARTESIAN_POINT('',(73.3045009034513,-68.4353937364197,1.61316843201507));
#7222=CARTESIAN_POINT('',(2.125,-1.5));
#7223=CARTESIAN_POINT('',(2.125,-0.2));
#7224=CARTESIAN_POINT('',(73.3045009034513,-68.4353937364197,1.61316843201507));
#7225=CARTESIAN_POINT('',(73.3045009034513,-68.7353937364198,1.61316843201507));
#7226=CARTESIAN_POINT('',(2.125,-0.2));
#7227=CARTESIAN_POINT('',(1.825,-0.2));
#7228=CARTESIAN_POINT('',(1.825,-0.1));
#7229=CARTESIAN_POINT('',(1.825,-0.2));
#7230=CARTESIAN_POINT('',(73.404500903451,-68.7353937364198,1.61316843201507));
#7231=CARTESIAN_POINT('',(73.604500903451,-68.7353937364198,1.61316843201507));
#7232=CARTESIAN_POINT('',(1.825,-0.1));
#7233=CARTESIAN_POINT('',(1.825,0.1));
#7234=CARTESIAN_POINT('',(1.825,0.2));
#7235=CARTESIAN_POINT('',(1.825,0.1));
#7236=CARTESIAN_POINT('',(73.704500903451,-68.7353937364198,1.61316843201507));
#7237=CARTESIAN_POINT('',(73.704500903451,-68.4353937364197,1.61316843201507));
#7238=CARTESIAN_POINT('',(1.825,0.2));
#7239=CARTESIAN_POINT('',(2.125,0.2));
#7240=CARTESIAN_POINT('',(73.704500903451,-68.4353937364197,1.61316843201507));
#7241=CARTESIAN_POINT('',(74.304500903451,-68.4353937364197,1.61316843201507));
#7242=CARTESIAN_POINT('',(2.125,0.2));
#7243=CARTESIAN_POINT('',(2.125,0.8));
#7244=CARTESIAN_POINT('',(74.304500903451,-68.4353937364197,1.61316843201507));
#7245=CARTESIAN_POINT('',(74.304500903451,-68.7353937364198,1.61316843201507));
#7246=CARTESIAN_POINT('',(2.125,0.8));
#7247=CARTESIAN_POINT('',(1.825,0.8));
#7248=CARTESIAN_POINT('',(1.825,0.9));
#7249=CARTESIAN_POINT('',(1.825,0.8));
#7250=CARTESIAN_POINT('',(74.404500903451,-68.7353937364198,1.61316843201507));
#7251=CARTESIAN_POINT('',(74.604500903451,-68.7353937364198,1.61316843201507));
#7252=CARTESIAN_POINT('',(1.825,0.9));
#7253=CARTESIAN_POINT('',(1.825,1.1));
#7254=CARTESIAN_POINT('',(1.825,1.2));
#7255=CARTESIAN_POINT('',(1.825,1.1));
#7256=CARTESIAN_POINT('',(74.704500903451,-68.7353937364198,1.61316843201507));
#7257=CARTESIAN_POINT('',(74.704500903451,-68.4353937364197,1.61316843201507));
#7258=CARTESIAN_POINT('',(1.825,1.2));
#7259=CARTESIAN_POINT('',(2.125,1.2));
#7260=CARTESIAN_POINT('',(74.704500903451,-68.4353937364197,1.61316843201507));
#7261=CARTESIAN_POINT('',(75.304500903451,-68.4353937364197,1.61316843201507));
#7262=CARTESIAN_POINT('',(2.125,1.2));
#7263=CARTESIAN_POINT('',(2.125,1.8));
#7264=CARTESIAN_POINT('',(75.304500903451,-68.4353937364197,1.61316843201507));
#7265=CARTESIAN_POINT('',(75.304500903451,-68.7353937364198,1.61316843201507));
#7266=CARTESIAN_POINT('',(2.125,1.8));
#7267=CARTESIAN_POINT('',(1.825,1.8));
#7268=CARTESIAN_POINT('',(1.825,1.899999999999));
#7269=CARTESIAN_POINT('',(1.825,1.8));
#7270=CARTESIAN_POINT('',(75.40450090345,-68.7353937364198,1.61316843201507));
#7271=CARTESIAN_POINT('',(75.604500903451,-68.7353937364198,1.61316843201507));
#7272=CARTESIAN_POINT('',(1.825,1.899999999999));
#7273=CARTESIAN_POINT('',(1.825,2.1));
#7274=CARTESIAN_POINT('',(1.825,2.2));
#7275=CARTESIAN_POINT('',(1.825,2.1));
#7276=CARTESIAN_POINT('',(75.704500903451,-68.7353937364198,1.61316843201507));
#7277=CARTESIAN_POINT('',(75.704500903451,-68.4353937364197,1.61316843201507));
#7278=CARTESIAN_POINT('',(1.825,2.2));
#7279=CARTESIAN_POINT('',(2.125,2.2));
#7280=CARTESIAN_POINT('',(75.704500903451,-68.4353937364197,1.61316843201507));
#7281=CARTESIAN_POINT('',(76.30450090345,-68.4353937364197,1.61316843201507));
#7282=CARTESIAN_POINT('',(2.125,2.2));
#7283=CARTESIAN_POINT('',(2.125,2.799999999999));
#7284=CARTESIAN_POINT('',(76.30450090345,-68.4353937364197,1.61316843201507));
#7285=CARTESIAN_POINT('',(76.30450090345,-68.7353937364198,1.61316843201507));
#7286=CARTESIAN_POINT('',(2.125,2.799999999999));
#7287=CARTESIAN_POINT('',(1.825,2.799999999999));
#7288=CARTESIAN_POINT('',(1.825,2.9));
#7289=CARTESIAN_POINT('',(1.825,2.799999999999));
#7290=CARTESIAN_POINT('',(76.404500903451,-68.7353937364198,1.61316843201507));
#7291=CARTESIAN_POINT('',(76.604500903451,-68.7353937364198,1.61316843201507));
#7292=CARTESIAN_POINT('',(1.825,2.9));
#7293=CARTESIAN_POINT('',(1.825,3.1));
#7294=CARTESIAN_POINT('',(1.825,3.2));
#7295=CARTESIAN_POINT('',(1.825,3.1));
#7296=CARTESIAN_POINT('',(76.704500903451,-68.7353937364198,1.61316843201507));
#7297=CARTESIAN_POINT('',(76.704500903451,-68.4353937364197,1.61316843201507));
#7298=CARTESIAN_POINT('',(1.825,3.2));
#7299=CARTESIAN_POINT('',(2.125,3.2));
#7300=CARTESIAN_POINT('',(2.125,4.5));
#7301=CARTESIAN_POINT('',(2.125,3.2));
#7302=CARTESIAN_POINT('',(-0.925,4.5));
#7303=CARTESIAN_POINT('',(2.125,4.5));
#7304=CARTESIAN_POINT('',(78.004500903451,-71.4853937364198,1.61316843201507));
#7305=CARTESIAN_POINT('',(77.854500903451,-71.4853937364198,1.61316843201507));
#7306=CARTESIAN_POINT('',(-0.925,4.5));
#7307=CARTESIAN_POINT('',(-0.925,4.35));
#7308=CARTESIAN_POINT('',(77.854500903451,-71.4853937364198,1.61316843201507));
#7309=CARTESIAN_POINT('',(77.654500903451,-71.4853937364198,1.61316843201507));
#7310=CARTESIAN_POINT('',(-0.925,4.35));
#7311=CARTESIAN_POINT('',(-0.925,4.15));
#7312=CARTESIAN_POINT('',(-0.925,4.));
#7313=CARTESIAN_POINT('',(-0.925,4.15));
#7314=CARTESIAN_POINT('',(73.704500903451,-68.4353937364197,3.91316843201407));
#7315=CARTESIAN_POINT('',(74.304500903451,-68.4353937364197,3.91316843201407));
#7316=CARTESIAN_POINT('',(1.7,0.6));
#7317=CARTESIAN_POINT('',(2.3,0.6));
#7318=CARTESIAN_POINT('',(74.304500903451,-68.4353937364197,3.91316843201407));
#7319=CARTESIAN_POINT('',(74.304500903451,-68.4353937364197,1.61316843201507));
#7320=CARTESIAN_POINT('',(2.3,0.6));
#7321=CARTESIAN_POINT('',(2.3,2.899999999999));
#7322=CARTESIAN_POINT('',(1.7,2.899999999999));
#7323=CARTESIAN_POINT('',(2.3,2.899999999999));
#7324=CARTESIAN_POINT('',(73.704500903451,-68.4353937364197,1.61316843201507));
#7325=CARTESIAN_POINT('',(73.704500903451,-68.4353937364197,3.91316843201407));
#7326=CARTESIAN_POINT('',(1.7,2.899999999999));
#7327=CARTESIAN_POINT('',(1.7,0.6));
#7328=CARTESIAN_POINT('',(74.704500903451,-68.4353937364197,3.91316843201407));
#7329=CARTESIAN_POINT('',(75.304500903451,-68.4353937364197,3.91316843201407));
#7330=CARTESIAN_POINT('',(2.7,0.6));
#7331=CARTESIAN_POINT('',(3.3,0.6));
#7332=CARTESIAN_POINT('',(75.304500903451,-68.4353937364197,3.91316843201407));
#7333=CARTESIAN_POINT('',(75.304500903451,-68.4353937364197,1.61316843201507));
#7334=CARTESIAN_POINT('',(3.3,0.6));
#7335=CARTESIAN_POINT('',(3.3,2.899999999999));
#7336=CARTESIAN_POINT('',(2.7,2.899999999999));
#7337=CARTESIAN_POINT('',(3.3,2.899999999999));
#7338=CARTESIAN_POINT('',(74.704500903451,-68.4353937364197,1.61316843201507));
#7339=CARTESIAN_POINT('',(74.704500903451,-68.4353937364197,3.91316843201407));
#7340=CARTESIAN_POINT('',(2.7,2.899999999999));
#7341=CARTESIAN_POINT('',(2.7,0.6));
#7342=CARTESIAN_POINT('',(75.704500903451,-68.4353937364197,3.91316843201407));
#7343=CARTESIAN_POINT('',(76.30450090345,-68.4353937364197,3.91316843201407));
#7344=CARTESIAN_POINT('',(3.7,0.6));
#7345=CARTESIAN_POINT('',(4.299999999999,0.6));
#7346=CARTESIAN_POINT('',(76.30450090345,-68.4353937364197,3.91316843201407));
#7347=CARTESIAN_POINT('',(76.30450090345,-68.4353937364197,1.61316843201507));
#7348=CARTESIAN_POINT('',(4.299999999999,0.6));
#7349=CARTESIAN_POINT('',(4.299999999999,2.899999999999));
#7350=CARTESIAN_POINT('',(3.7,2.899999999999));
#7351=CARTESIAN_POINT('',(4.299999999999,2.899999999999));
#7352=CARTESIAN_POINT('',(75.704500903451,-68.4353937364197,1.61316843201507));
#7353=CARTESIAN_POINT('',(75.704500903451,-68.4353937364197,3.91316843201407));
#7354=CARTESIAN_POINT('',(3.7,2.899999999999));
#7355=CARTESIAN_POINT('',(3.7,0.6));
#7356=CARTESIAN_POINT('',(0.,-0.599999999999));
#7357=CARTESIAN_POINT('',(-0.149999999999,-0.599999999999));
#7358=CARTESIAN_POINT('',(72.504500903451,-71.4853937364198,1.61316843201507));
#7359=CARTESIAN_POINT('',(72.504500903451,-71.4853937364198,2.21316843201407));
#7360=CARTESIAN_POINT('',(0.,-0.599999999999));
#7361=CARTESIAN_POINT('',(0.,0.));
#7362=CARTESIAN_POINT('',(72.504500903451,-71.4853937364198,2.21316843201407));
#7363=CARTESIAN_POINT('',(72.354500903452,-71.4853937364198,2.21316843201407));
#7364=CARTESIAN_POINT('',(0.,0.));
#7365=CARTESIAN_POINT('',(-0.149999999999,0.));
#7366=CARTESIAN_POINT('',(72.354500903452,-71.4853937364198,2.21316843201407));
#7367=CARTESIAN_POINT('',(72.354500903452,-71.4853937364198,1.61316843201507));
#7368=CARTESIAN_POINT('',(-0.149999999999,0.));
#7369=CARTESIAN_POINT('',(-0.149999999999,-0.599999999999));
#7370=CARTESIAN_POINT('',(72.154500903451,-71.4853937364198,2.21316843201407));
#7371=CARTESIAN_POINT('',(72.004500903451,-71.4853937364198,2.21316843201407));
#7372=CARTESIAN_POINT('',(-0.35,0.));
#7373=CARTESIAN_POINT('',(-0.5,0.));
#7374=CARTESIAN_POINT('',(72.004500903451,-71.4853937364198,2.21316843201407));
#7375=CARTESIAN_POINT('',(72.004500903451,-71.4853937364198,1.61316843201507));
#7376=CARTESIAN_POINT('',(-0.5,0.));
#7377=CARTESIAN_POINT('',(-0.5,-0.599999999999));
#7378=CARTESIAN_POINT('',(-0.35,-0.599999999999));
#7379=CARTESIAN_POINT('',(-0.5,-0.599999999999));
#7380=CARTESIAN_POINT('',(72.154500903451,-71.4853937364198,1.61316843201507));
#7381=CARTESIAN_POINT('',(72.154500903451,-71.4853937364198,2.21316843201407));
#7382=CARTESIAN_POINT('',(-0.35,-0.599999999999));
#7383=CARTESIAN_POINT('',(-0.35,0.));
#7384=CARTESIAN_POINT('',(0.6,0.));
#7385=CARTESIAN_POINT('',(0.6,-0.149999999999));
#7386=CARTESIAN_POINT('',(72.504500903451,-71.4853937364198,2.21316843201407));
#7387=CARTESIAN_POINT('',(72.504500903451,-72.0853937364198,2.21316843201407));
#7388=CARTESIAN_POINT('',(0.6,0.));
#7389=CARTESIAN_POINT('',(0.,0.));
#7390=CARTESIAN_POINT('',(72.504500903451,-72.0853937364198,2.21316843201407));
#7391=CARTESIAN_POINT('',(72.354500903452,-72.0853937364198,2.21316843201407));
#7392=CARTESIAN_POINT('',(0.,0.));
#7393=CARTESIAN_POINT('',(0.,-0.149999999999));
#7394=CARTESIAN_POINT('',(72.354500903452,-72.0853937364198,2.21316843201407));
#7395=CARTESIAN_POINT('',(72.354500903452,-71.4853937364198,2.21316843201407));
#7396=CARTESIAN_POINT('',(0.,-0.149999999999));
#7397=CARTESIAN_POINT('',(0.6,-0.149999999999));
#7398=CARTESIAN_POINT('',(72.154500903451,-72.0853937364198,2.21316843201407));
#7399=CARTESIAN_POINT('',(72.004500903451,-72.0853937364198,2.21316843201407));
#7400=CARTESIAN_POINT('',(0.,-0.35));
#7401=CARTESIAN_POINT('',(0.,-0.5));
#7402=CARTESIAN_POINT('',(72.004500903451,-72.0853937364198,2.21316843201407));
#7403=CARTESIAN_POINT('',(72.004500903451,-71.4853937364198,2.21316843201407));
#7404=CARTESIAN_POINT('',(0.,-0.5));
#7405=CARTESIAN_POINT('',(0.6,-0.5));
#7406=CARTESIAN_POINT('',(0.6,-0.35));
#7407=CARTESIAN_POINT('',(0.6,-0.5));
#7408=CARTESIAN_POINT('',(72.154500903451,-71.4853937364198,2.21316843201407));
#7409=CARTESIAN_POINT('',(72.154500903451,-72.0853937364198,2.21316843201407));
#7410=CARTESIAN_POINT('',(0.6,-0.35));
#7411=CARTESIAN_POINT('',(0.,-0.35));
#7412=CARTESIAN_POINT('',(0.,-0.6));
#7413=CARTESIAN_POINT('',(-0.149999999999,-0.6));
#7414=CARTESIAN_POINT('',(72.504500903451,-72.0853937364198,2.21316843201407));
#7415=CARTESIAN_POINT('',(72.504500903451,-72.0853937364198,2.81316843201407));
#7416=CARTESIAN_POINT('',(0.,-0.6));
#7417=CARTESIAN_POINT('',(0.,0.));
#7418=CARTESIAN_POINT('',(72.504500903451,-72.0853937364198,2.81316843201407));
#7419=CARTESIAN_POINT('',(72.004500903451,-72.0853937364198,2.81316843201407));
#7420=CARTESIAN_POINT('',(0.,0.));
#7421=CARTESIAN_POINT('',(-0.5,0.));
#7422=CARTESIAN_POINT('',(72.004500903451,-72.0853937364198,2.81316843201407));
#7423=CARTESIAN_POINT('',(72.004500903451,-72.0853937364198,2.21316843201407));
#7424=CARTESIAN_POINT('',(-0.5,0.));
#7425=CARTESIAN_POINT('',(-0.5,-0.6));
#7426=CARTESIAN_POINT('',(-0.35,-0.6));
#7427=CARTESIAN_POINT('',(-0.5,-0.6));
#7428=CARTESIAN_POINT('',(72.154500903451,-72.0853937364198,2.21316843201407));
#7429=CARTESIAN_POINT('',(72.154500903451,-72.0853937364198,2.80316843201507));
#7430=CARTESIAN_POINT('',(-0.35,-0.6));
#7431=CARTESIAN_POINT('',(-0.35,-0.00999999999900014));
#7432=CARTESIAN_POINT('',(72.154500903451,-72.0853937364198,2.80316843201507));
#7433=CARTESIAN_POINT('',(72.354500903452,-72.0853937364198,2.80316843201507));
#7434=CARTESIAN_POINT('',(-0.35,-0.00999999999900014));
#7435=CARTESIAN_POINT('',(-0.149999999999,-0.00999999999900014));
#7436=CARTESIAN_POINT('',(72.354500903452,-72.0853937364198,2.80316843201507));
#7437=CARTESIAN_POINT('',(72.354500903452,-72.0853937364198,2.21316843201407));
#7438=CARTESIAN_POINT('',(-0.149999999999,-0.00999999999900014));
#7439=CARTESIAN_POINT('',(-0.149999999999,-0.6));
#7440=CARTESIAN_POINT('',(72.804500903452,-68.4353937364197,3.91316843201407));
#7441=CARTESIAN_POINT('',(73.304500903452,-68.4353937364197,3.91316843201407));
#7442=CARTESIAN_POINT('',(0.800000000001,0.6));
#7443=CARTESIAN_POINT('',(1.300000000001,0.6));
#7444=CARTESIAN_POINT('',(73.304500903452,-68.4353937364197,3.91316843201407));
#7445=CARTESIAN_POINT('',(73.3045009034513,-68.4353937364197,1.61316843201507));
#7446=CARTESIAN_POINT('',(1.300000000001,0.6));
#7447=CARTESIAN_POINT('',(1.3,2.899999999999));
#7448=CARTESIAN_POINT('',(0.,2.899999999999));
#7449=CARTESIAN_POINT('',(1.3,2.899999999999));
#7450=CARTESIAN_POINT('',(72.004500903451,-68.4353937364197,1.61316843201507));
#7451=CARTESIAN_POINT('',(72.004500903451,-68.4353937364197,3.31316843201407));
#7452=CARTESIAN_POINT('',(0.,2.899999999999));
#7453=CARTESIAN_POINT('',(0.,1.2));
#7454=CARTESIAN_POINT('',(72.004500903451,-68.4353937364197,3.31316843201407));
#7455=CARTESIAN_POINT('',(72.804500903452,-68.4353937364197,3.31316843201407));
#7456=CARTESIAN_POINT('',(0.,1.2));
#7457=CARTESIAN_POINT('',(0.800000000001,1.2));
#7458=CARTESIAN_POINT('',(72.804500903452,-68.4353937364197,3.31316843201407));
#7459=CARTESIAN_POINT('',(72.804500903452,-68.4353937364197,3.91316843201407));
#7460=CARTESIAN_POINT('',(0.800000000001,1.2));
#7461=CARTESIAN_POINT('',(0.800000000001,0.6));
#7462=CARTESIAN_POINT('',(72.004500903451,-69.6353937364198,4.51316843201407));
#7463=CARTESIAN_POINT('',(72.004500903451,-69.6353937364198,3.91316843201407));
#7464=CARTESIAN_POINT('',(-1.2,0.));
#7465=CARTESIAN_POINT('',(-1.2,0.6));
#7466=CARTESIAN_POINT('',(72.004500903451,-69.6353937364198,3.91316843201407));
#7467=CARTESIAN_POINT('',(72.004500903451,-69.0353937364197,3.91316843201407));
#7468=CARTESIAN_POINT('',(-1.2,0.6));
#7469=CARTESIAN_POINT('',(-0.6,0.6));
#7470=CARTESIAN_POINT('',(72.004500903451,-69.0353937364197,3.91316843201407));
#7471=CARTESIAN_POINT('',(72.004500903451,-69.0353937364197,3.31316843201407));
#7472=CARTESIAN_POINT('',(-0.6,0.6));
#7473=CARTESIAN_POINT('',(-0.6,1.2));
#7474=CARTESIAN_POINT('',(72.004500903451,-69.0353937364197,3.31316843201407));
#7475=CARTESIAN_POINT('',(72.004500903451,-68.4353937364197,3.31316843201407));
#7476=CARTESIAN_POINT('',(-0.6,1.2));
#7477=CARTESIAN_POINT('',(0.,1.2));
#7478=CARTESIAN_POINT('',(0.,2.899999999999));
#7479=CARTESIAN_POINT('',(0.,1.2));
#7480=CARTESIAN_POINT('',(-3.05,2.899999999999));
#7481=CARTESIAN_POINT('',(0.,2.899999999999));
#7482=CARTESIAN_POINT('',(-3.05,2.3));
#7483=CARTESIAN_POINT('',(-3.05,2.899999999999));
#7484=CARTESIAN_POINT('',(-3.65,2.3));
#7485=CARTESIAN_POINT('',(-3.05,2.3));
#7486=CARTESIAN_POINT('',(-3.65,1.7));
#7487=CARTESIAN_POINT('',(-3.65,2.3));
#7488=CARTESIAN_POINT('',(72.004500903451,-72.0853937364198,2.81316843201407));
#7489=CARTESIAN_POINT('',(72.004500903451,-72.6853937364197,2.81316843201407));
#7490=CARTESIAN_POINT('',(-3.65,1.7));
#7491=CARTESIAN_POINT('',(-4.25,1.7));
#7492=CARTESIAN_POINT('',(-4.25,0.));
#7493=CARTESIAN_POINT('',(-4.25,1.7));
#7494=CARTESIAN_POINT('',(-1.2,0.));
#7495=CARTESIAN_POINT('',(-4.25,0.));
#7496=CARTESIAN_POINT('',(77.204500903451,-72.2732721235008,1.96316843201507));
#7497=CARTESIAN_POINT('',(77.204500903451,-72.2732721235008,3.21316843201407));
#7498=CARTESIAN_POINT('',(-2.58787838708,1.249999999999));
#7499=CARTESIAN_POINT('',(-2.58787838708,0.));
#7500=CARTESIAN_POINT('',(77.204500903451,-72.2732721235008,3.21316843201407));
#7501=CARTESIAN_POINT('',(77.2045009727106,-69.6853937364207,3.21316840399898));
#7502=CARTESIAN_POINT('',(-2.58787838708,0.));
#7503=CARTESIAN_POINT('',(0.,0.));
#7504=CARTESIAN_POINT('',(0.,1.249999999999));
#7505=CARTESIAN_POINT('',(0.,0.));
#7506=CARTESIAN_POINT('',(77.2045009573196,-69.6853937364208,1.96316841022555));
#7507=CARTESIAN_POINT('',(77.204500903451,-72.2732721235008,1.96316843201507));
#7508=CARTESIAN_POINT('',(0.,1.249999999999));
#7509=CARTESIAN_POINT('',(-2.58787838708,1.249999999999));
#7510=CARTESIAN_POINT('',(72.804500903452,-72.2732721235008,1.96316843201507));
#7511=CARTESIAN_POINT('',(77.204500903451,-72.2732721235008,1.96316843201507));
#7512=CARTESIAN_POINT('',(-2.58787838708,0.));
#7513=CARTESIAN_POINT('',(-2.58787838708,-4.399999999999));
#7514=CARTESIAN_POINT('',(0.,-4.399999999999));
#7515=CARTESIAN_POINT('',(-2.58787838708,-4.399999999999));
#7516=CARTESIAN_POINT('',(0.,0.));
#7517=CARTESIAN_POINT('',(0.,-4.399999999999));
#7518=CARTESIAN_POINT('',(72.8045009573206,-69.6853937364208,1.96316841022555));
#7519=CARTESIAN_POINT('',(72.804500903452,-72.2732721235008,1.96316843201507));
#7520=CARTESIAN_POINT('',(0.,0.));
#7521=CARTESIAN_POINT('',(-2.58787838708,0.));
#7522=CARTESIAN_POINT('',(72.804500903452,-72.2732721235008,3.21316843201407));
#7523=CARTESIAN_POINT('',(72.804500903452,-72.2732721235008,1.96316843201507));
#7524=CARTESIAN_POINT('',(-2.58787838708,0.));
#7525=CARTESIAN_POINT('',(-2.58787838708,-1.249999999999));
#7526=CARTESIAN_POINT('',(0.,-1.249999999999));
#7527=CARTESIAN_POINT('',(-2.58787838708,-1.249999999999));
#7528=CARTESIAN_POINT('',(0.,0.));
#7529=CARTESIAN_POINT('',(0.,-1.249999999999));
#7530=CARTESIAN_POINT('',(72.8045009727116,-69.6853937364207,3.21316840399898));
#7531=CARTESIAN_POINT('',(72.804500903452,-72.2732721235008,3.21316843201407));
#7532=CARTESIAN_POINT('',(0.,0.));
#7533=CARTESIAN_POINT('',(-2.58787838708,0.));
#7534=CARTESIAN_POINT('',(72.404500903451,-72.2732721235008,3.21316843201407));
#7535=CARTESIAN_POINT('',(72.804500903452,-72.2732721235008,3.21316843201407));
#7536=CARTESIAN_POINT('',(-2.58787838708,0.));
#7537=CARTESIAN_POINT('',(-2.58787838708,-0.400000000001));
#7538=CARTESIAN_POINT('',(0.,-0.400000000001));
#7539=CARTESIAN_POINT('',(-2.58787838708,-0.400000000001));
#7540=CARTESIAN_POINT('',(0.,0.));
#7541=CARTESIAN_POINT('',(0.,-0.400000000001));
#7542=CARTESIAN_POINT('',(72.4045009573196,-69.6853937364208,3.21316841022455));
#7543=CARTESIAN_POINT('',(72.404500903451,-72.2732721235008,3.21316843201407));
#7544=CARTESIAN_POINT('',(0.,0.));
#7545=CARTESIAN_POINT('',(-2.58787838708,0.));
#7546=CARTESIAN_POINT('',(72.404500903451,-72.2732721235008,3.61316843201407));
#7547=CARTESIAN_POINT('',(72.404500903451,-72.2732721235008,3.21316843201407));
#7548=CARTESIAN_POINT('',(-2.58787838708,0.4));
#7549=CARTESIAN_POINT('',(-2.58787838708,0.));
#7550=CARTESIAN_POINT('',(0.,0.));
#7551=CARTESIAN_POINT('',(-2.58787838708,0.));
#7552=CARTESIAN_POINT('',(0.,0.4));
#7553=CARTESIAN_POINT('',(0.,0.));
#7554=CARTESIAN_POINT('',(72.4045009573196,-69.6853937364208,3.61316841022455));
#7555=CARTESIAN_POINT('',(72.404500903451,-72.2732721235008,3.61316843201407));
#7556=CARTESIAN_POINT('',(0.,0.4));
#7557=CARTESIAN_POINT('',(-2.58787838708,0.4));
#7558=CARTESIAN_POINT('',(72.604500903451,-72.2732721235008,3.61316843201407));
#7559=CARTESIAN_POINT('',(72.404500903451,-72.2732721235008,3.61316843201407));
#7560=CARTESIAN_POINT('',(-2.58787838708,0.2));
#7561=CARTESIAN_POINT('',(-2.58787838708,0.));
#7562=CARTESIAN_POINT('',(0.,0.));
#7563=CARTESIAN_POINT('',(-2.58787838708,0.));
#7564=CARTESIAN_POINT('',(0.,0.2));
#7565=CARTESIAN_POINT('',(0.,0.));
#7566=CARTESIAN_POINT('',(72.6045009573196,-69.6853937364208,3.61316841022455));
#7567=CARTESIAN_POINT('',(72.604500903451,-72.2732721235008,3.61316843201407));
#7568=CARTESIAN_POINT('',(0.,0.2));
#7569=CARTESIAN_POINT('',(-2.58787838708,0.2));
#7570=CARTESIAN_POINT('',(72.604500903451,-72.2732721235008,4.16316843201407));
#7571=CARTESIAN_POINT('',(72.604500903451,-72.2732721235008,3.61316843201407));
#7572=CARTESIAN_POINT('',(-2.58787838708,0.55));
#7573=CARTESIAN_POINT('',(-2.58787838708,0.));
#7574=CARTESIAN_POINT('',(0.,0.));
#7575=CARTESIAN_POINT('',(-2.58787838708,0.));
#7576=CARTESIAN_POINT('',(0.,0.55));
#7577=CARTESIAN_POINT('',(0.,0.));
#7578=CARTESIAN_POINT('',(72.6045009573196,-69.6853937364208,4.16316841022455));
#7579=CARTESIAN_POINT('',(72.604500903451,-72.2732721235008,4.16316843201407));
#7580=CARTESIAN_POINT('',(0.,0.55));
#7581=CARTESIAN_POINT('',(-2.58787838708,0.55));
#7582=CARTESIAN_POINT('',(77.404500903451,-72.2732721235008,4.16316843201407));
#7583=CARTESIAN_POINT('',(72.604500903451,-72.2732721235008,4.16316843201407));
#7584=CARTESIAN_POINT('',(-2.58787838708,4.8));
#7585=CARTESIAN_POINT('',(-2.58787838708,0.));
#7586=CARTESIAN_POINT('',(0.,0.));
#7587=CARTESIAN_POINT('',(-2.58787838708,0.));
#7588=CARTESIAN_POINT('',(0.,4.8));
#7589=CARTESIAN_POINT('',(0.,0.));
#7590=CARTESIAN_POINT('',(77.4045009573196,-69.6853937364208,4.16316841022455));
#7591=CARTESIAN_POINT('',(77.404500903451,-72.2732721235008,4.16316843201407));
#7592=CARTESIAN_POINT('',(0.,4.8));
#7593=CARTESIAN_POINT('',(-2.58787838708,4.8));
#7594=CARTESIAN_POINT('',(77.404500903451,-72.2732721235008,3.61316843201407));
#7595=CARTESIAN_POINT('',(77.404500903451,-72.2732721235008,4.16316843201407));
#7596=CARTESIAN_POINT('',(-2.58787838708,0.55));
#7597=CARTESIAN_POINT('',(-2.58787838708,0.));
#7598=CARTESIAN_POINT('',(0.,0.));
#7599=CARTESIAN_POINT('',(-2.58787838708,0.));
#7600=CARTESIAN_POINT('',(0.,0.55));
#7601=CARTESIAN_POINT('',(0.,0.));
#7602=CARTESIAN_POINT('',(77.4045009573196,-69.6853937364208,3.61316841022455));
#7603=CARTESIAN_POINT('',(77.404500903451,-72.2732721235008,3.61316843201407));
#7604=CARTESIAN_POINT('',(0.,0.55));
#7605=CARTESIAN_POINT('',(-2.58787838708,0.55));
#7606=CARTESIAN_POINT('',(77.604500903451,-72.2732721235008,3.61316843201407));
#7607=CARTESIAN_POINT('',(77.404500903451,-72.2732721235008,3.61316843201407));
#7608=CARTESIAN_POINT('',(-2.58787838708,0.2));
#7609=CARTESIAN_POINT('',(-2.58787838708,0.));
#7610=CARTESIAN_POINT('',(0.,0.));
#7611=CARTESIAN_POINT('',(-2.58787838708,0.));
#7612=CARTESIAN_POINT('',(0.,0.2));
#7613=CARTESIAN_POINT('',(0.,0.));
#7614=CARTESIAN_POINT('',(77.6045009573196,-69.6853937364208,3.61316841022455));
#7615=CARTESIAN_POINT('',(77.604500903451,-72.2732721235008,3.61316843201407));
#7616=CARTESIAN_POINT('',(0.,0.2));
#7617=CARTESIAN_POINT('',(-2.58787838708,0.2));
#7618=CARTESIAN_POINT('',(77.604500903451,-72.2732721235008,3.21316843201407));
#7619=CARTESIAN_POINT('',(77.604500903451,-72.2732721235008,3.61316843201407));
#7620=CARTESIAN_POINT('',(-2.58787838708,0.));
#7621=CARTESIAN_POINT('',(-2.58787838708,-0.4));
#7622=CARTESIAN_POINT('',(0.,-0.4));
#7623=CARTESIAN_POINT('',(-2.58787838708,-0.4));
#7624=CARTESIAN_POINT('',(0.,0.));
#7625=CARTESIAN_POINT('',(0.,-0.4));
#7626=CARTESIAN_POINT('',(77.6045009573196,-69.6853937364208,3.21316841022455));
#7627=CARTESIAN_POINT('',(77.604500903451,-72.2732721235008,3.21316843201407));
#7628=CARTESIAN_POINT('',(0.,0.));
#7629=CARTESIAN_POINT('',(-2.58787838708,0.));
#7630=CARTESIAN_POINT('',(77.204500903451,-72.2732721235008,3.21316843201407));
#7631=CARTESIAN_POINT('',(77.604500903451,-72.2732721235008,3.21316843201407));
#7632=CARTESIAN_POINT('',(-2.58787838708,0.));
#7633=CARTESIAN_POINT('',(-2.58787838708,-0.399999999999999));
#7634=CARTESIAN_POINT('',(0.,-0.399999999999999));
#7635=CARTESIAN_POINT('',(-2.58787838708,-0.399999999999999));
#7636=CARTESIAN_POINT('',(0.,0.));
#7637=CARTESIAN_POINT('',(0.,-0.399999999999999));
#7638=CARTESIAN_POINT('',(-2.58787838708,0.));
#7639=CARTESIAN_POINT('',(0.,0.));
#7640=CARTESIAN_POINT('',(0.438570660025221,-0.15));
#7641=CARTESIAN_POINT('',(0.438570660025221,-1.399999999999));
#7642=CARTESIAN_POINT('',(77.354500903451,-72.6853937364197,3.06316843201403));
#7643=CARTESIAN_POINT('',(77.204500903451,-72.2732721235008,3.21316843201407));
#7644=CARTESIAN_POINT('',(0.438570660025221,-0.15));
#7645=CARTESIAN_POINT('',(0.,0.));
#7646=CARTESIAN_POINT('',(3.55986223144574E-18,-1.249999999999));
#7647=CARTESIAN_POINT('',(0.,0.));
#7648=CARTESIAN_POINT('',(77.204500903451,-72.2732721235008,1.96316843201507));
#7649=CARTESIAN_POINT('',(77.354500903451,-72.6853937364197,1.81316843201503));
#7650=CARTESIAN_POINT('',(3.55986223144574E-18,-1.249999999999));
#7651=CARTESIAN_POINT('',(0.438570660025221,-1.399999999999));
#7652=CARTESIAN_POINT('',(0.438570660025221,0.55));
#7653=CARTESIAN_POINT('',(0.438570660025221,0.15));
#7654=CARTESIAN_POINT('',(77.754500903451,-72.6853937364197,3.06316843201403));
#7655=CARTESIAN_POINT('',(77.604500903451,-72.2732721235008,3.21316843201407));
#7656=CARTESIAN_POINT('',(0.438570660025221,0.55));
#7657=CARTESIAN_POINT('',(0.,0.399999999999999));
#7658=CARTESIAN_POINT('',(0.,0.));
#7659=CARTESIAN_POINT('',(0.,0.399999999999999));
#7660=CARTESIAN_POINT('',(0.438570660025221,0.15));
#7661=CARTESIAN_POINT('',(0.,0.));
#7662=CARTESIAN_POINT('',(0.,0.));
#7663=CARTESIAN_POINT('',(0.,4.399999999999));
#7664=CARTESIAN_POINT('',(72.804500903452,-72.2732721235008,1.96316843201507));
#7665=CARTESIAN_POINT('',(72.654500903452,-72.6853937364197,1.81316843201503));
#7666=CARTESIAN_POINT('',(0.,0.));
#7667=CARTESIAN_POINT('',(0.438570660025221,-0.15));
#7668=CARTESIAN_POINT('',(0.438570660025221,4.549999999999));
#7669=CARTESIAN_POINT('',(0.438570660025221,-0.15));
#7670=CARTESIAN_POINT('',(0.,4.399999999999));
#7671=CARTESIAN_POINT('',(0.438570660025221,4.549999999999));
#7672=CARTESIAN_POINT('',(0.438570660025222,0.55));
#7673=CARTESIAN_POINT('',(0.438570660025222,-0.15));
#7674=CARTESIAN_POINT('',(77.754500903451,-72.6853937364197,3.76316843201411));
#7675=CARTESIAN_POINT('',(77.604500903451,-72.2732721235008,3.61316843201407));
#7676=CARTESIAN_POINT('',(0.438570660025222,0.55));
#7677=CARTESIAN_POINT('',(0.,0.4));
#7678=CARTESIAN_POINT('',(0.,0.));
#7679=CARTESIAN_POINT('',(0.,0.4));
#7680=CARTESIAN_POINT('',(0.438570660025222,-0.15));
#7681=CARTESIAN_POINT('',(0.,0.));
#7682=CARTESIAN_POINT('',(0.,0.));
#7683=CARTESIAN_POINT('',(-8.89965557855026E-19,1.249999999999));
#7684=CARTESIAN_POINT('',(72.804500903452,-72.2732721235008,3.21316843201407));
#7685=CARTESIAN_POINT('',(72.654500903452,-72.6853937364197,3.06316843201403));
#7686=CARTESIAN_POINT('',(0.,0.));
#7687=CARTESIAN_POINT('',(0.438570660025221,0.15));
#7688=CARTESIAN_POINT('',(0.438570660025221,1.399999999999));
#7689=CARTESIAN_POINT('',(0.438570660025221,0.15));
#7690=CARTESIAN_POINT('',(-8.89965557855026E-19,1.249999999999));
#7691=CARTESIAN_POINT('',(0.438570660025221,1.399999999999));
#7692=CARTESIAN_POINT('',(0.438570660025221,-0.15));
#7693=CARTESIAN_POINT('',(0.438570660025221,-0.35));
#7694=CARTESIAN_POINT('',(77.554500903451,-72.6853937364197,3.76316843201411));
#7695=CARTESIAN_POINT('',(77.404500903451,-72.2732721235008,3.61316843201407));
#7696=CARTESIAN_POINT('',(0.438570660025221,-0.15));
#7697=CARTESIAN_POINT('',(0.,0.));
#7698=CARTESIAN_POINT('',(-4.13747491235495E-16,-0.2));
#7699=CARTESIAN_POINT('',(0.,0.));
#7700=CARTESIAN_POINT('',(0.438570660025221,-0.35));
#7701=CARTESIAN_POINT('',(-4.13747491235495E-16,-0.2));
#7702=CARTESIAN_POINT('',(0.,0.));
#7703=CARTESIAN_POINT('',(0.,0.400000000001));
#7704=CARTESIAN_POINT('',(72.404500903451,-72.2732721235008,3.21316843201407));
#7705=CARTESIAN_POINT('',(72.254500903451,-72.6853937364197,3.06316843201403));
#7706=CARTESIAN_POINT('',(0.,0.));
#7707=CARTESIAN_POINT('',(0.438570660025221,-0.15));
#7708=CARTESIAN_POINT('',(0.438570660025221,0.250000000001));
#7709=CARTESIAN_POINT('',(0.438570660025221,-0.15));
#7710=CARTESIAN_POINT('',(0.,0.400000000001));
#7711=CARTESIAN_POINT('',(0.438570660025221,0.250000000001));
#7712=CARTESIAN_POINT('',(0.438570660025221,0.15));
#7713=CARTESIAN_POINT('',(0.438570660025221,-0.4));
#7714=CARTESIAN_POINT('',(77.554500903451,-72.6853937364197,4.31316843201411));
#7715=CARTESIAN_POINT('',(77.404500903451,-72.2732721235008,4.16316843201407));
#7716=CARTESIAN_POINT('',(0.438570660025221,0.15));
#7717=CARTESIAN_POINT('',(0.,0.));
#7718=CARTESIAN_POINT('',(0.,-0.55));
#7719=CARTESIAN_POINT('',(0.,0.));
#7720=CARTESIAN_POINT('',(0.438570660025221,-0.4));
#7721=CARTESIAN_POINT('',(0.,-0.55));
#7722=CARTESIAN_POINT('',(0.,-0.4));
#7723=CARTESIAN_POINT('',(0.,0.));
#7724=CARTESIAN_POINT('',(72.404500903451,-72.2732721235008,3.61316843201407));
#7725=CARTESIAN_POINT('',(72.254500903451,-72.6853937364197,3.76316843201411));
#7726=CARTESIAN_POINT('',(0.,-0.4));
#7727=CARTESIAN_POINT('',(0.438570660025221,-0.55));
#7728=CARTESIAN_POINT('',(0.438570660025221,0.15));
#7729=CARTESIAN_POINT('',(0.438570660025221,-0.55));
#7730=CARTESIAN_POINT('',(0.,0.));
#7731=CARTESIAN_POINT('',(0.438570660025221,0.15));
#7732=CARTESIAN_POINT('',(0.438570660025221,0.15));
#7733=CARTESIAN_POINT('',(0.438570660025221,-4.95));
#7734=CARTESIAN_POINT('',(72.454500903451,-72.6853937364197,4.31316843201411));
#7735=CARTESIAN_POINT('',(72.604500903451,-72.2732721235008,4.16316843201407));
#7736=CARTESIAN_POINT('',(0.438570660025221,0.15));
#7737=CARTESIAN_POINT('',(0.,0.));
#7738=CARTESIAN_POINT('',(0.,-4.8));
#7739=CARTESIAN_POINT('',(0.,0.));
#7740=CARTESIAN_POINT('',(0.438570660025221,-4.95));
#7741=CARTESIAN_POINT('',(0.,-4.8));
#7742=CARTESIAN_POINT('',(0.,-0.2));
#7743=CARTESIAN_POINT('',(0.,0.));
#7744=CARTESIAN_POINT('',(72.604500903451,-72.2732721235008,3.61316843201407));
#7745=CARTESIAN_POINT('',(72.454500903451,-72.6853937364197,3.76316843201411));
#7746=CARTESIAN_POINT('',(0.,-0.2));
#7747=CARTESIAN_POINT('',(0.438570660025221,-0.05));
#7748=CARTESIAN_POINT('',(0.438570660025221,0.15));
#7749=CARTESIAN_POINT('',(0.438570660025221,-0.05));
#7750=CARTESIAN_POINT('',(0.,0.));
#7751=CARTESIAN_POINT('',(0.438570660025221,0.15));
#7752=CARTESIAN_POINT('',(0.438570660025221,-0.15));
#7753=CARTESIAN_POINT('',(0.438570660025221,-0.7));
#7754=CARTESIAN_POINT('',(0.,0.));
#7755=CARTESIAN_POINT('',(0.438570660025221,-0.15));
#7756=CARTESIAN_POINT('',(0.,-0.55));
#7757=CARTESIAN_POINT('',(0.,0.));
#7758=CARTESIAN_POINT('',(0.438570660025221,-0.7));
#7759=CARTESIAN_POINT('',(0.,-0.55));
#7760=CARTESIAN_POINT('',(0.6,0.));
#7761=CARTESIAN_POINT('',(0.6,-0.5));
#7762=CARTESIAN_POINT('',(72.504500903451,-72.0853937364198,2.81316843201407));
#7763=CARTESIAN_POINT('',(72.504500903451,-72.6853937364197,2.81316843201407));
#7764=CARTESIAN_POINT('',(0.6,0.));
#7765=CARTESIAN_POINT('',(0.,0.));
#7766=CARTESIAN_POINT('',(0.,-0.5));
#7767=CARTESIAN_POINT('',(0.,0.));
#7768=CARTESIAN_POINT('',(0.6,-0.5));
#7769=CARTESIAN_POINT('',(0.,-0.5));
#7770=CARTESIAN_POINT('',(1.199999999999,-2.125));
#7771=CARTESIAN_POINT('',(0.,-2.125));
#7772=CARTESIAN_POINT('',(1.199999999999,-1.525));
#7773=CARTESIAN_POINT('',(1.199999999999,-2.125));
#7774=CARTESIAN_POINT('',(0.599999999999,-1.525));
#7775=CARTESIAN_POINT('',(1.199999999999,-1.525));
#7776=CARTESIAN_POINT('',(0.599999999999,-0.925));
#7777=CARTESIAN_POINT('',(0.599999999999,-1.525));
#7778=CARTESIAN_POINT('',(0.,-0.925));
#7779=CARTESIAN_POINT('',(0.599999999999,-0.925));
#7780=CARTESIAN_POINT('',(0.,-2.125));
#7781=CARTESIAN_POINT('',(0.,-0.925));
#7782=CARTESIAN_POINT('',(0.,-0.6));
#7783=CARTESIAN_POINT('',(-0.800000000001,-0.6));
#7784=CARTESIAN_POINT('',(0.,0.));
#7785=CARTESIAN_POINT('',(0.,-0.6));
#7786=CARTESIAN_POINT('',(72.804500903452,-69.6353937364198,3.91316843201407));
#7787=CARTESIAN_POINT('',(72.004500903451,-69.6353937364198,3.91316843201407));
#7788=CARTESIAN_POINT('',(0.,0.));
#7789=CARTESIAN_POINT('',(-0.800000000001,0.));
#7790=CARTESIAN_POINT('',(-0.800000000001,-0.6));
#7791=CARTESIAN_POINT('',(-0.800000000001,0.));
#7792=CARTESIAN_POINT('',(-0.6,0.));
#7793=CARTESIAN_POINT('',(-0.6,0.800000000001));
#7794=CARTESIAN_POINT('',(0.,0.));
#7795=CARTESIAN_POINT('',(-0.6,0.));
#7796=CARTESIAN_POINT('',(72.804500903452,-69.0353937364197,3.91316843201407));
#7797=CARTESIAN_POINT('',(72.004500903451,-69.0353937364197,3.91316843201407));
#7798=CARTESIAN_POINT('',(0.,0.));
#7799=CARTESIAN_POINT('',(0.,0.800000000001));
#7800=CARTESIAN_POINT('',(-0.6,0.800000000001));
#7801=CARTESIAN_POINT('',(0.,0.800000000001));
#7802=CARTESIAN_POINT('',(0.,-0.6));
#7803=CARTESIAN_POINT('',(-0.800000000001,-0.6));
#7804=CARTESIAN_POINT('',(72.804500903452,-69.0353937364197,3.91316843201407));
#7805=CARTESIAN_POINT('',(72.804500903452,-69.0353937364197,3.31316843201407));
#7806=CARTESIAN_POINT('',(0.,-0.6));
#7807=CARTESIAN_POINT('',(0.,0.));
#7808=CARTESIAN_POINT('',(72.804500903452,-69.0353937364197,3.31316843201407));
#7809=CARTESIAN_POINT('',(72.004500903451,-69.0353937364197,3.31316843201407));
#7810=CARTESIAN_POINT('',(0.,0.));
#7811=CARTESIAN_POINT('',(-0.800000000001,0.));
#7812=CARTESIAN_POINT('',(-0.800000000001,-0.6));
#7813=CARTESIAN_POINT('',(-0.800000000001,0.));
#7814=CARTESIAN_POINT('',(-0.6,0.));
#7815=CARTESIAN_POINT('',(-0.6,0.800000000001));
#7816=CARTESIAN_POINT('',(72.804500903452,-69.0353937364197,3.31316843201407));
#7817=CARTESIAN_POINT('',(72.804500903452,-68.4353937364197,3.31316843201407));
#7818=CARTESIAN_POINT('',(-0.6,0.));
#7819=CARTESIAN_POINT('',(0.,0.));
#7820=CARTESIAN_POINT('',(0.,0.800000000001));
#7821=CARTESIAN_POINT('',(0.,0.));
#7822=CARTESIAN_POINT('',(-0.6,0.800000000001));
#7823=CARTESIAN_POINT('',(0.,0.800000000001));
#7824=CARTESIAN_POINT('',(72.804500903452,-69.0353937364197,3.91316843201407));
#7825=CARTESIAN_POINT('',(72.804500903452,-68.4353937364197,3.91316843201407));
#7826=CARTESIAN_POINT('',(2.299999999999,1.525));
#7827=CARTESIAN_POINT('',(2.299999999999,2.125));
#7828=CARTESIAN_POINT('',(1.699999999999,2.125));
#7829=CARTESIAN_POINT('',(2.299999999999,2.125));
#7830=CARTESIAN_POINT('',(1.699999999999,1.525));
#7831=CARTESIAN_POINT('',(1.699999999999,2.125));
#7832=CARTESIAN_POINT('',(2.299999999999,1.525));
#7833=CARTESIAN_POINT('',(1.699999999999,1.525));
#7834=CARTESIAN_POINT('',(-1.149999999999,1.671478349248E-16));
#7835=CARTESIAN_POINT('',(-1.35,1.671478349248E-16));
#7836=CARTESIAN_POINT('',(72.354500903452,-71.4853937364198,1.61316843201507));
#7837=CARTESIAN_POINT('',(72.354500903452,-71.4853937364198,1.6031684320154));
#7838=CARTESIAN_POINT('',(-1.149999999999,1.671478349248E-16));
#7839=CARTESIAN_POINT('',(-1.149999999999,0.0100000000000002));
#7840=CARTESIAN_POINT('',(72.354500903452,-71.4853937364198,1.6031684320154));
#7841=CARTESIAN_POINT('',(72.154500903451,-71.4853937364198,1.6031684320154));
#7842=CARTESIAN_POINT('',(-1.149999999999,0.0100000000000002));
#7843=CARTESIAN_POINT('',(-1.35,0.0100000000000002));
#7844=CARTESIAN_POINT('',(72.154500903451,-71.4853937364198,1.6031684320154));
#7845=CARTESIAN_POINT('',(72.154500903451,-71.4853937364198,1.61316843201507));
#7846=CARTESIAN_POINT('',(-1.35,0.0100000000000002));
#7847=CARTESIAN_POINT('',(-1.35,1.671478349248E-16));
#7848=CARTESIAN_POINT('',(72.354500903452,-72.6853937364197,1.80316843201505));
#7849=CARTESIAN_POINT('',(72.354500903452,-72.6853937364197,1.60316843201574));
#7850=CARTESIAN_POINT('',(72.354500903452,-72.4853937364204,1.60316843201574));
#7851=CARTESIAN_POINT('',(0.,0.199999999999));
#7852=CARTESIAN_POINT('',(0.,-1.0000691649264E-12));
#7853=CARTESIAN_POINT('',(0.1999999999995,-1.12757025938492E-16));
#7854=CARTESIAN_POINT('',(72.354500903452,-72.4853937364198,1.60316843201574));
#7855=CARTESIAN_POINT('',(72.354500903452,-71.4853937364198,1.6031684320154));
#7856=CARTESIAN_POINT('',(0.1999999999995,-1.12757025938492E-16));
#7857=CARTESIAN_POINT('',(1.2,-1.00000042968507E-12));
#7858=CARTESIAN_POINT('',(1.2,0.009999999999));
#7859=CARTESIAN_POINT('',(1.2,-1.00000042968507E-12));
#7860=CARTESIAN_POINT('',(1.2,0.609999999998));
#7861=CARTESIAN_POINT('',(1.2,0.009999999999));
#7862=CARTESIAN_POINT('',(0.6,0.609999999998));
#7863=CARTESIAN_POINT('',(1.2,0.609999999998));
#7864=CARTESIAN_POINT('',(0.6,1.199999999999));
#7865=CARTESIAN_POINT('',(0.6,0.609999999998));
#7866=CARTESIAN_POINT('',(72.354500903452,-72.0853937364198,2.80316843201507));
#7867=CARTESIAN_POINT('',(72.354500903452,-72.6853937364197,2.80316843201507));
#7868=CARTESIAN_POINT('',(0.6,1.199999999999));
#7869=CARTESIAN_POINT('',(0.,1.199999999999));
#7870=CARTESIAN_POINT('',(72.354500903452,-72.6853937364197,2.80316843201507));
#7871=CARTESIAN_POINT('',(72.354500903452,-72.6853937364197,1.80316843201507));
#7872=CARTESIAN_POINT('',(0.,1.199999999999));
#7873=CARTESIAN_POINT('',(0.,0.199999999999));
#7874=CARTESIAN_POINT('',(-0.200000000001,0.6));
#7875=CARTESIAN_POINT('',(0.,0.6));
#7876=CARTESIAN_POINT('',(72.154500903451,-72.0853937364198,2.80316843201507));
#7877=CARTESIAN_POINT('',(72.154500903451,-72.6853937364197,2.80316843201507));
#7878=CARTESIAN_POINT('',(-0.200000000001,0.6));
#7879=CARTESIAN_POINT('',(-0.200000000001,0.));
#7880=CARTESIAN_POINT('',(72.154500903451,-72.6853937364197,2.80316843201507));
#7881=CARTESIAN_POINT('',(72.354500903452,-72.6853937364197,2.80316843201507));
#7882=CARTESIAN_POINT('',(-0.200000000001,0.));
#7883=CARTESIAN_POINT('',(0.,0.));
#7884=CARTESIAN_POINT('',(0.,0.6));
#7885=CARTESIAN_POINT('',(0.,0.));
#7886=CARTESIAN_POINT('',(72.154500903451,-72.4853937364204,1.60316843201572));
#7887=CARTESIAN_POINT('',(72.154500903451,-72.6853937364198,1.60316843201526));
#7888=CARTESIAN_POINT('',(72.154500903451,-72.6853937364198,1.8031684320151));
#7889=CARTESIAN_POINT('',(0.1999999999995,1.54390389361936E-16));
#7890=CARTESIAN_POINT('',(3.14018491736755E-16,3.23831569603529E-16));
#7891=CARTESIAN_POINT('',(0.,-0.199999999999));
#7892=CARTESIAN_POINT('',(72.154500903451,-72.6853937364197,1.80316843201507));
#7893=CARTESIAN_POINT('',(72.154500903451,-72.6853937364197,2.80316843201507));
#7894=CARTESIAN_POINT('',(0.,-0.199999999999));
#7895=CARTESIAN_POINT('',(0.,-1.199999999999));
#7896=CARTESIAN_POINT('',(0.6,-1.199999999999));
#7897=CARTESIAN_POINT('',(0.,-1.199999999999));
#7898=CARTESIAN_POINT('',(0.6,-0.609999999998));
#7899=CARTESIAN_POINT('',(0.6,-1.199999999999));
#7900=CARTESIAN_POINT('',(1.2,-0.609999999998));
#7901=CARTESIAN_POINT('',(0.6,-0.609999999998));
#7902=CARTESIAN_POINT('',(1.2,-0.009999999999));
#7903=CARTESIAN_POINT('',(1.2,-0.609999999998));
#7904=CARTESIAN_POINT('',(1.2,1.00000042968507E-12));
#7905=CARTESIAN_POINT('',(1.2,-0.009999999999));
#7906=CARTESIAN_POINT('',(72.154500903451,-71.4853937364198,1.6031684320154));
#7907=CARTESIAN_POINT('',(72.154500903451,-72.4853937364199,1.60316843201574));
#7908=CARTESIAN_POINT('',(1.2,1.00000042968507E-12));
#7909=CARTESIAN_POINT('',(0.1999999999995,1.54390389361936E-16));
#7910=CARTESIAN_POINT('',(72.354500903452,-72.4853937364198,1.60316843201574));
#7911=CARTESIAN_POINT('',(72.154500903451,-72.4853937364199,1.60316843201574));
#7912=CARTESIAN_POINT('',(-3.67341984636262E-35,-0.2));
#7913=CARTESIAN_POINT('',(-0.200000000001,-0.2));
#7914=CARTESIAN_POINT('',(-0.200000000001,-1.2));
#7915=CARTESIAN_POINT('',(-0.200000000001,-0.2));
#7916=CARTESIAN_POINT('',(-2.65480373124038E-45,-1.2));
#7917=CARTESIAN_POINT('',(-0.200000000001,-1.2));
#7918=CARTESIAN_POINT('',(-3.67341984636262E-35,-0.2));
#7919=CARTESIAN_POINT('',(-2.65480373124038E-45,-1.2));
#7920=CARTESIAN_POINT('',(-0.19,-1.35));
#7921=CARTESIAN_POINT('',(-1.19,-1.35));
#7922=CARTESIAN_POINT('',(72.154500903451,-72.6853937364197,1.80316843201507));
#7923=CARTESIAN_POINT('',(72.354500903452,-72.6853937364197,1.80316843201507));
#7924=CARTESIAN_POINT('',(-0.19,-1.35));
#7925=CARTESIAN_POINT('',(-0.19,-1.149999999999));
#7926=CARTESIAN_POINT('',(-1.19,-1.149999999999));
#7927=CARTESIAN_POINT('',(-0.19,-1.149999999999));
#7928=CARTESIAN_POINT('',(-1.19,-1.35));
#7929=CARTESIAN_POINT('',(-1.19,-1.149999999999));
#7930=CARTESIAN_POINT('',(75.704500903451,-68.7353937364198,3.91316843201407));
#7931=CARTESIAN_POINT('',(75.704500903451,-68.4353937364197,3.91316843201407));
#7932=CARTESIAN_POINT('',(0.,0.6));
#7933=CARTESIAN_POINT('',(0.3,0.6));
#7934=CARTESIAN_POINT('',(0.3,2.899999999999));
#7935=CARTESIAN_POINT('',(0.3,0.6));
#7936=CARTESIAN_POINT('',(0.,2.899999999999));
#7937=CARTESIAN_POINT('',(0.3,2.899999999999));
#7938=CARTESIAN_POINT('',(0.,0.6));
#7939=CARTESIAN_POINT('',(0.,2.899999999999));
#7940=CARTESIAN_POINT('',(75.304500903451,-68.4353937364197,3.91316843201407));
#7941=CARTESIAN_POINT('',(75.304500903451,-68.7353937364198,3.91316843201407));
#7942=CARTESIAN_POINT('',(0.3,-0.6));
#7943=CARTESIAN_POINT('',(0.,-0.6));
#7944=CARTESIAN_POINT('',(0.,-2.899999999999));
#7945=CARTESIAN_POINT('',(0.,-0.6));
#7946=CARTESIAN_POINT('',(0.3,-2.899999999999));
#7947=CARTESIAN_POINT('',(0.,-2.899999999999));
#7948=CARTESIAN_POINT('',(0.3,-0.6));
#7949=CARTESIAN_POINT('',(0.3,-2.899999999999));
#7950=CARTESIAN_POINT('',(74.704500903451,-68.7353937364198,3.91316843201407));
#7951=CARTESIAN_POINT('',(74.704500903451,-68.4353937364197,3.91316843201407));
#7952=CARTESIAN_POINT('',(0.,0.6));
#7953=CARTESIAN_POINT('',(0.3,0.6));
#7954=CARTESIAN_POINT('',(0.3,2.899999999999));
#7955=CARTESIAN_POINT('',(0.3,0.6));
#7956=CARTESIAN_POINT('',(0.,2.899999999999));
#7957=CARTESIAN_POINT('',(0.3,2.899999999999));
#7958=CARTESIAN_POINT('',(0.,0.6));
#7959=CARTESIAN_POINT('',(0.,2.899999999999));
#7960=CARTESIAN_POINT('',(74.304500903451,-68.4353937364197,3.91316843201407));
#7961=CARTESIAN_POINT('',(74.304500903451,-68.7353937364198,3.91316843201407));
#7962=CARTESIAN_POINT('',(0.3,-0.6));
#7963=CARTESIAN_POINT('',(0.,-0.6));
#7964=CARTESIAN_POINT('',(0.,-2.899999999999));
#7965=CARTESIAN_POINT('',(0.,-0.6));
#7966=CARTESIAN_POINT('',(0.3,-2.899999999999));
#7967=CARTESIAN_POINT('',(0.,-2.899999999999));
#7968=CARTESIAN_POINT('',(0.3,-0.6));
#7969=CARTESIAN_POINT('',(0.3,-2.899999999999));
#7970=CARTESIAN_POINT('',(73.704500903451,-68.7353937364198,3.91316843201407));
#7971=CARTESIAN_POINT('',(73.704500903451,-68.4353937364197,3.91316843201407));
#7972=CARTESIAN_POINT('',(0.,0.6));
#7973=CARTESIAN_POINT('',(0.3,0.6));
#7974=CARTESIAN_POINT('',(0.3,2.899999999999));
#7975=CARTESIAN_POINT('',(0.3,0.6));
#7976=CARTESIAN_POINT('',(0.,2.899999999999));
#7977=CARTESIAN_POINT('',(0.3,2.899999999999));
#7978=CARTESIAN_POINT('',(0.,0.6));
#7979=CARTESIAN_POINT('',(0.,2.899999999999));
#7980=CARTESIAN_POINT('',(73.304500903452,-68.4353937364197,3.91316843201407));
#7981=CARTESIAN_POINT('',(73.3045009034513,-68.7353937364198,3.91316843201407));
#7982=CARTESIAN_POINT('',(0.3,-0.6));
#7983=CARTESIAN_POINT('',(0.,-0.6));
#7984=CARTESIAN_POINT('',(0.,-2.899999999999));
#7985=CARTESIAN_POINT('',(0.,-0.6));
#7986=CARTESIAN_POINT('',(0.3,-2.899999999999));
#7987=CARTESIAN_POINT('',(0.,-2.899999999999));
#7988=CARTESIAN_POINT('',(0.3,-0.6));
#7989=CARTESIAN_POINT('',(0.3,-2.899999999999));
#7990=CARTESIAN_POINT('',(76.704500903451,-68.7353937364198,3.91316843201407));
#7991=CARTESIAN_POINT('',(76.704500903451,-68.4353937364197,3.91316843201407));
#7992=CARTESIAN_POINT('',(0.,0.6));
#7993=CARTESIAN_POINT('',(0.3,0.6));
#7994=CARTESIAN_POINT('',(0.3,2.899999999999));
#7995=CARTESIAN_POINT('',(0.3,0.6));
#7996=CARTESIAN_POINT('',(0.,2.899999999999));
#7997=CARTESIAN_POINT('',(0.3,2.899999999999));
#7998=CARTESIAN_POINT('',(0.,0.6));
#7999=CARTESIAN_POINT('',(0.,2.899999999999));
#8000=CARTESIAN_POINT('',(76.30450090345,-68.4353937364197,3.91316843201407));
#8001=CARTESIAN_POINT('',(76.30450090345,-68.7353937364198,3.91316843201407));
#8002=CARTESIAN_POINT('',(0.3,-0.6));
#8003=CARTESIAN_POINT('',(0.,-0.6));
#8004=CARTESIAN_POINT('',(0.,-2.899999999999));
#8005=CARTESIAN_POINT('',(0.,-0.6));
#8006=CARTESIAN_POINT('',(0.3,-2.899999999999));
#8007=CARTESIAN_POINT('',(0.,-2.899999999999));
#8008=CARTESIAN_POINT('',(0.3,-0.6));
#8009=CARTESIAN_POINT('',(0.3,-2.899999999999));
#8010=CARTESIAN_POINT('',(3.14159265358979,0.2212000000011));
#8011=CARTESIAN_POINT('',(4.71238898038469,0.2212000000011));
#8012=CARTESIAN_POINT('',(3.14159265358979,0.0212000000000998));
#8013=CARTESIAN_POINT('',(3.14159265358979,0.2212000000011));
#8014=CARTESIAN_POINT('',(4.71238898038469,0.0212000000000998));
#8015=CARTESIAN_POINT('',(3.14159265358979,0.0212000000000998));
#8016=CARTESIAN_POINT('',(4.71238898038469,0.2212000000011));
#8017=CARTESIAN_POINT('',(4.71238898038469,0.0212000000000998));
#8018=CARTESIAN_POINT('',(-0.5,0.));
#8019=CARTESIAN_POINT('',(-0.5,0.6));
#8020=CARTESIAN_POINT('',(0.,0.));
#8021=CARTESIAN_POINT('',(-0.5,0.));
#8022=CARTESIAN_POINT('',(77.504500903451,-72.6853937364197,2.81316843201407));
#8023=CARTESIAN_POINT('',(77.504500903451,-72.0853937364198,2.81316843201407));
#8024=CARTESIAN_POINT('',(0.,0.));
#8025=CARTESIAN_POINT('',(0.,0.6));
#8026=CARTESIAN_POINT('',(77.504500903451,-72.0853937364198,2.81316843201407));
#8027=CARTESIAN_POINT('',(78.004500903451,-72.0853937364198,2.81316843201407));
#8028=CARTESIAN_POINT('',(0.,0.6));
#8029=CARTESIAN_POINT('',(-0.5,0.6));
#8030=CARTESIAN_POINT('',(77.654500903451,-72.0853937364198,2.21316843201407));
#8031=CARTESIAN_POINT('',(77.654500903451,-72.0853937364198,2.80316843201507));
#8032=CARTESIAN_POINT('',(0.6,0.15));
#8033=CARTESIAN_POINT('',(0.00999999999900014,0.15));
#8034=CARTESIAN_POINT('',(77.654500903451,-72.0853937364198,2.80316843201507));
#8035=CARTESIAN_POINT('',(77.854500903451,-72.0853937364198,2.80316843201507));
#8036=CARTESIAN_POINT('',(0.00999999999900014,0.15));
#8037=CARTESIAN_POINT('',(0.00999999999900014,0.35));
#8038=CARTESIAN_POINT('',(77.854500903451,-72.0853937364198,2.80316843201507));
#8039=CARTESIAN_POINT('',(77.854500903451,-72.0853937364198,2.21316843201407));
#8040=CARTESIAN_POINT('',(0.00999999999900014,0.35));
#8041=CARTESIAN_POINT('',(0.6,0.35));
#8042=CARTESIAN_POINT('',(77.854500903451,-72.0853937364198,2.21316843201407));
#8043=CARTESIAN_POINT('',(78.004500903451,-72.0853937364198,2.21316843201407));
#8044=CARTESIAN_POINT('',(0.6,0.35));
#8045=CARTESIAN_POINT('',(0.6,0.5));
#8046=CARTESIAN_POINT('',(0.,0.5));
#8047=CARTESIAN_POINT('',(0.6,0.5));
#8048=CARTESIAN_POINT('',(0.,0.));
#8049=CARTESIAN_POINT('',(0.,0.5));
#8050=CARTESIAN_POINT('',(77.504500903451,-72.0853937364198,2.81316843201407));
#8051=CARTESIAN_POINT('',(77.504500903451,-72.0853937364198,2.21316843201407));
#8052=CARTESIAN_POINT('',(0.,0.));
#8053=CARTESIAN_POINT('',(0.6,0.));
#8054=CARTESIAN_POINT('',(0.6,0.15));
#8055=CARTESIAN_POINT('',(0.6,0.));
#8056=CARTESIAN_POINT('',(77.854500903451,-72.0853937364198,2.21316843201407));
#8057=CARTESIAN_POINT('',(77.854500903451,-71.4853937364198,2.21316843201407));
#8058=CARTESIAN_POINT('',(-0.35,0.));
#8059=CARTESIAN_POINT('',(-0.35,0.6));
#8060=CARTESIAN_POINT('',(77.854500903451,-71.4853937364198,2.21316843201407));
#8061=CARTESIAN_POINT('',(78.004500903451,-71.4853937364198,2.21316843201407));
#8062=CARTESIAN_POINT('',(-0.35,0.6));
#8063=CARTESIAN_POINT('',(-0.5,0.6));
#8064=CARTESIAN_POINT('',(-0.5,0.));
#8065=CARTESIAN_POINT('',(-0.5,0.6));
#8066=CARTESIAN_POINT('',(-0.35,0.));
#8067=CARTESIAN_POINT('',(-0.5,0.));
#8068=CARTESIAN_POINT('',(77.854500903451,-71.4853937364198,2.21316843201407));
#8069=CARTESIAN_POINT('',(77.854500903451,-71.4853937364198,1.61316843201507));
#8070=CARTESIAN_POINT('',(0.,0.35));
#8071=CARTESIAN_POINT('',(0.599999999999,0.35));
#8072=CARTESIAN_POINT('',(0.599999999999,0.5));
#8073=CARTESIAN_POINT('',(0.599999999999,0.35));
#8074=CARTESIAN_POINT('',(0.,0.5));
#8075=CARTESIAN_POINT('',(0.599999999999,0.5));
#8076=CARTESIAN_POINT('',(0.,0.35));
#8077=CARTESIAN_POINT('',(0.,0.5));
#8078=CARTESIAN_POINT('',(0.,2.125));
#8079=CARTESIAN_POINT('',(1.199999999999,2.125));
#8080=CARTESIAN_POINT('',(0.,0.925));
#8081=CARTESIAN_POINT('',(0.,2.125));
#8082=CARTESIAN_POINT('',(0.599999999999,0.925));
#8083=CARTESIAN_POINT('',(0.,0.925));
#8084=CARTESIAN_POINT('',(0.599999999999,1.525));
#8085=CARTESIAN_POINT('',(0.599999999999,0.925));
#8086=CARTESIAN_POINT('',(1.199999999999,1.525));
#8087=CARTESIAN_POINT('',(0.599999999999,1.525));
#8088=CARTESIAN_POINT('',(1.199999999999,2.125));
#8089=CARTESIAN_POINT('',(1.199999999999,1.525));
#8090=CARTESIAN_POINT('',(0.8,0.));
#8091=CARTESIAN_POINT('',(0.8,-0.6));
#8092=CARTESIAN_POINT('',(0.,0.));
#8093=CARTESIAN_POINT('',(0.8,0.));
#8094=CARTESIAN_POINT('',(77.204500903451,-68.4353937364197,3.31316843201407));
#8095=CARTESIAN_POINT('',(77.204500903451,-69.0353937364197,3.31316843201407));
#8096=CARTESIAN_POINT('',(0.,0.));
#8097=CARTESIAN_POINT('',(0.,-0.6));
#8098=CARTESIAN_POINT('',(77.204500903451,-69.0353937364197,3.31316843201407));
#8099=CARTESIAN_POINT('',(78.004500903451,-69.0353937364197,3.31316843201407));
#8100=CARTESIAN_POINT('',(0.,-0.6));
#8101=CARTESIAN_POINT('',(0.8,-0.6));
#8102=CARTESIAN_POINT('',(0.,0.8));
#8103=CARTESIAN_POINT('',(0.6,0.8));
#8104=CARTESIAN_POINT('',(0.,0.));
#8105=CARTESIAN_POINT('',(0.,0.8));
#8106=CARTESIAN_POINT('',(77.204500903451,-69.0353937364197,3.31316843201407));
#8107=CARTESIAN_POINT('',(77.204500903451,-69.0353937364197,3.91316843201407));
#8108=CARTESIAN_POINT('',(0.,0.));
#8109=CARTESIAN_POINT('',(0.6,0.));
#8110=CARTESIAN_POINT('',(77.204500903451,-69.0353937364197,3.91316843201407));
#8111=CARTESIAN_POINT('',(78.004500903451,-69.0353937364197,3.91316843201407));
#8112=CARTESIAN_POINT('',(0.6,0.));
#8113=CARTESIAN_POINT('',(0.6,0.8));
#8114=CARTESIAN_POINT('',(0.8,0.));
#8115=CARTESIAN_POINT('',(0.8,-0.6));
#8116=CARTESIAN_POINT('',(0.,0.));
#8117=CARTESIAN_POINT('',(0.8,0.));
#8118=CARTESIAN_POINT('',(0.,-0.6));
#8119=CARTESIAN_POINT('',(0.,0.));
#8120=CARTESIAN_POINT('',(77.204500903451,-69.6353937364198,3.91316843201407));
#8121=CARTESIAN_POINT('',(78.004500903451,-69.6353937364198,3.91316843201407));
#8122=CARTESIAN_POINT('',(0.,-0.6));
#8123=CARTESIAN_POINT('',(0.8,-0.6));
#8124=CARTESIAN_POINT('',(0.,0.8));
#8125=CARTESIAN_POINT('',(0.6,0.8));
#8126=CARTESIAN_POINT('',(0.,0.));
#8127=CARTESIAN_POINT('',(0.,0.8));
#8128=CARTESIAN_POINT('',(0.6,0.));
#8129=CARTESIAN_POINT('',(0.,0.));
#8130=CARTESIAN_POINT('',(0.6,0.8));
#8131=CARTESIAN_POINT('',(0.6,0.));
#8132=CARTESIAN_POINT('',(77.204500903451,-68.4353937364197,3.91316843201407));
#8133=CARTESIAN_POINT('',(77.204500903451,-69.0353937364197,3.91316843201407));
#8134=CARTESIAN_POINT('',(2.299999999999,-2.125));
#8135=CARTESIAN_POINT('',(2.299999999999,-1.525));
#8136=CARTESIAN_POINT('',(1.699999999999,-1.525));
#8137=CARTESIAN_POINT('',(2.299999999999,-1.525));
#8138=CARTESIAN_POINT('',(1.699999999999,-2.125));
#8139=CARTESIAN_POINT('',(1.699999999999,-1.525));
#8140=CARTESIAN_POINT('',(2.299999999999,-2.125));
#8141=CARTESIAN_POINT('',(1.699999999999,-2.125));
#8142=CARTESIAN_POINT('',(1.35,1.671478349248E-16));
#8143=CARTESIAN_POINT('',(1.15,1.671478349248E-16));
#8144=CARTESIAN_POINT('',(77.854500903451,-71.4853937364198,1.61316843201507));
#8145=CARTESIAN_POINT('',(77.854500903451,-71.4853937364198,1.6031684320154));
#8146=CARTESIAN_POINT('',(1.35,1.671478349248E-16));
#8147=CARTESIAN_POINT('',(1.35,0.0100000000000002));
#8148=CARTESIAN_POINT('',(77.854500903451,-71.4853937364198,1.6031684320154));
#8149=CARTESIAN_POINT('',(77.654500903451,-71.4853937364198,1.6031684320154));
#8150=CARTESIAN_POINT('',(1.35,0.0100000000000002));
#8151=CARTESIAN_POINT('',(1.15,0.0100000000000002));
#8152=CARTESIAN_POINT('',(77.654500903451,-71.4853937364198,1.6031684320154));
#8153=CARTESIAN_POINT('',(77.654500903451,-71.4853937364198,1.61316843201507));
#8154=CARTESIAN_POINT('',(1.15,0.0100000000000002));
#8155=CARTESIAN_POINT('',(1.15,1.671478349248E-16));
#8156=CARTESIAN_POINT('',(77.654500903451,-71.4853937364198,1.6031684320154));
#8157=CARTESIAN_POINT('',(77.654500903451,-72.4853937364199,1.60316843201574));
#8158=CARTESIAN_POINT('',(-1.00000042968507E-12,1.2));
#8159=CARTESIAN_POINT('',(-1.54390389361936E-16,0.1999999999995));
#8160=CARTESIAN_POINT('',(77.654500903451,-72.4853937364204,1.60316843201574));
#8161=CARTESIAN_POINT('',(77.654500903451,-72.6853937364198,1.60316843201574));
#8162=CARTESIAN_POINT('',(77.654500903451,-72.6853937364197,1.80316843201506));
#8163=CARTESIAN_POINT('',(-1.54390389361936E-16,0.1999999999995));
#8164=CARTESIAN_POINT('',(-3.23831569603529E-16,3.14018491736755E-16));
#8165=CARTESIAN_POINT('',(0.199999999999,0.));
#8166=CARTESIAN_POINT('',(77.654500903451,-72.6853937364197,1.80316843201507));
#8167=CARTESIAN_POINT('',(77.654500903451,-72.6853937364197,2.80316843201507));
#8168=CARTESIAN_POINT('',(0.199999999999,0.));
#8169=CARTESIAN_POINT('',(1.199999999999,0.));
#8170=CARTESIAN_POINT('',(77.654500903451,-72.6853937364197,2.80316843201507));
#8171=CARTESIAN_POINT('',(77.654500903451,-72.0853937364198,2.80316843201507));
#8172=CARTESIAN_POINT('',(1.199999999999,0.));
#8173=CARTESIAN_POINT('',(1.199999999999,0.6));
#8174=CARTESIAN_POINT('',(0.609999999998,0.6));
#8175=CARTESIAN_POINT('',(1.199999999999,0.6));
#8176=CARTESIAN_POINT('',(0.609999999998,1.2));
#8177=CARTESIAN_POINT('',(0.609999999998,0.6));
#8178=CARTESIAN_POINT('',(0.009999999999,1.2));
#8179=CARTESIAN_POINT('',(0.609999999998,1.2));
#8180=CARTESIAN_POINT('',(-1.00000042968507E-12,1.2));
#8181=CARTESIAN_POINT('',(0.009999999999,1.2));
#8182=CARTESIAN_POINT('',(77.854500903451,-71.4853937364198,1.6031684320154));
#8183=CARTESIAN_POINT('',(77.854500903451,-72.4853937364198,1.60316843201574));
#8184=CARTESIAN_POINT('',(1.2,0.199999999999999));
#8185=CARTESIAN_POINT('',(0.2,0.199999999999999));
#8186=CARTESIAN_POINT('',(77.854500903451,-72.4853937364198,1.60316843201574));
#8187=CARTESIAN_POINT('',(77.654500903451,-72.4853937364199,1.60316843201574));
#8188=CARTESIAN_POINT('',(0.2,0.199999999999999));
#8189=CARTESIAN_POINT('',(0.2,-1.83670992315475E-34));
#8190=CARTESIAN_POINT('',(1.2,2.65480373124038E-45));
#8191=CARTESIAN_POINT('',(0.2,-1.83670992315475E-34));
#8192=CARTESIAN_POINT('',(1.2,0.199999999999999));
#8193=CARTESIAN_POINT('',(1.2,2.65480373124038E-45));
#8194=CARTESIAN_POINT('',(77.854500903451,-72.6853937364197,2.80316843201507));
#8195=CARTESIAN_POINT('',(77.854500903451,-72.6853937364197,1.80316843201507));
#8196=CARTESIAN_POINT('',(-1.199999999999,0.));
#8197=CARTESIAN_POINT('',(-0.199999999999,0.));
#8198=CARTESIAN_POINT('',(77.854500903451,-72.6853937364198,1.80316843201507));
#8199=CARTESIAN_POINT('',(77.854500903451,-72.6853937364198,1.60316843201507));
#8200=CARTESIAN_POINT('',(77.854500903451,-72.4853937364204,1.60316843201572));
#8201=CARTESIAN_POINT('',(-0.199999999999,0.));
#8202=CARTESIAN_POINT('',(1.0000691649264E-12,0.));
#8203=CARTESIAN_POINT('',(1.12757025938492E-16,0.1999999999995));
#8204=CARTESIAN_POINT('',(1.00000042968507E-12,1.2));
#8205=CARTESIAN_POINT('',(1.12757025938492E-16,0.1999999999995));
#8206=CARTESIAN_POINT('',(-0.009999999999,1.2));
#8207=CARTESIAN_POINT('',(1.00000042968507E-12,1.2));
#8208=CARTESIAN_POINT('',(-0.609999999998,1.2));
#8209=CARTESIAN_POINT('',(-0.009999999999,1.2));
#8210=CARTESIAN_POINT('',(-0.609999999998,0.6));
#8211=CARTESIAN_POINT('',(-0.609999999998,1.2));
#8212=CARTESIAN_POINT('',(-1.199999999999,0.6));
#8213=CARTESIAN_POINT('',(-0.609999999998,0.6));
#8214=CARTESIAN_POINT('',(77.854500903451,-72.0853937364198,2.80316843201507));
#8215=CARTESIAN_POINT('',(77.854500903451,-72.6853937364197,2.80316843201507));
#8216=CARTESIAN_POINT('',(-1.199999999999,0.6));
#8217=CARTESIAN_POINT('',(-1.199999999999,0.));
#8218=CARTESIAN_POINT('',(-0.6,0.199999999999999));
#8219=CARTESIAN_POINT('',(0.,0.199999999999999));
#8220=CARTESIAN_POINT('',(-0.6,0.));
#8221=CARTESIAN_POINT('',(-0.6,0.199999999999999));
#8222=CARTESIAN_POINT('',(0.,0.));
#8223=CARTESIAN_POINT('',(-0.6,0.));
#8224=CARTESIAN_POINT('',(77.654500903451,-72.6853937364197,2.80316843201507));
#8225=CARTESIAN_POINT('',(77.854500903451,-72.6853937364197,2.80316843201507));
#8226=CARTESIAN_POINT('',(0.,0.));
#8227=CARTESIAN_POINT('',(0.,0.199999999999999));
#8228=CARTESIAN_POINT('',(-0.19,1.15));
#8229=CARTESIAN_POINT('',(-1.19,1.15));
#8230=CARTESIAN_POINT('',(77.654500903451,-72.6853937364197,1.80316843201507));
#8231=CARTESIAN_POINT('',(77.854500903451,-72.6853937364197,1.80316843201507));
#8232=CARTESIAN_POINT('',(-0.19,1.15));
#8233=CARTESIAN_POINT('',(-0.19,1.35));
#8234=CARTESIAN_POINT('',(-1.19,1.35));
#8235=CARTESIAN_POINT('',(-0.19,1.35));
#8236=CARTESIAN_POINT('',(-1.19,1.15));
#8237=CARTESIAN_POINT('',(-1.19,1.35));
#8238=CARTESIAN_POINT('',(4.71238898038469,0.0212000000000003));
#8239=CARTESIAN_POINT('',(3.14159265358979,0.0212000000000003));
#8240=CARTESIAN_POINT('',(4.71238898038469,0.2212));
#8241=CARTESIAN_POINT('',(4.71238898038469,0.0212000000000003));
#8242=CARTESIAN_POINT('',(3.14159265358979,0.2212));
#8243=CARTESIAN_POINT('',(4.71238898038469,0.2212));
#8244=CARTESIAN_POINT('',(3.14159265358979,0.0212000000000003));
#8245=CARTESIAN_POINT('',(3.14159265358979,0.2212));
#8246=CARTESIAN_POINT('',(0.6,-2.499999999999));
#8247=CARTESIAN_POINT('',(0.3,-2.499999999999));
#8248=CARTESIAN_POINT('',(0.6,-1.899999999999));
#8249=CARTESIAN_POINT('',(0.6,-2.499999999999));
#8250=CARTESIAN_POINT('',(0.3,-1.899999999999));
#8251=CARTESIAN_POINT('',(0.6,-1.899999999999));
#8252=CARTESIAN_POINT('',(0.3,-1.499999999999));
#8253=CARTESIAN_POINT('',(0.3,-1.899999999999));
#8254=CARTESIAN_POINT('',(0.6,-1.499999999999));
#8255=CARTESIAN_POINT('',(0.3,-1.499999999999));
#8256=CARTESIAN_POINT('',(0.6,-0.899999999999));
#8257=CARTESIAN_POINT('',(0.6,-1.499999999999));
#8258=CARTESIAN_POINT('',(0.3,-0.899999999999));
#8259=CARTESIAN_POINT('',(0.6,-0.899999999999));
#8260=CARTESIAN_POINT('',(0.3,-0.499999999999));
#8261=CARTESIAN_POINT('',(0.3,-0.899999999999));
#8262=CARTESIAN_POINT('',(0.6,-0.5));
#8263=CARTESIAN_POINT('',(0.3,-0.499999999999));
#8264=CARTESIAN_POINT('',(0.6,0.));
#8265=CARTESIAN_POINT('',(0.6,-0.5));
#8266=CARTESIAN_POINT('',(0.,0.));
#8267=CARTESIAN_POINT('',(0.6,0.));
#8268=CARTESIAN_POINT('',(72.804500903452,-69.0353937364197,3.91316843201407));
#8269=CARTESIAN_POINT('',(77.204500903451,-69.0353937364197,3.91316843201407));
#8270=CARTESIAN_POINT('',(0.,0.));
#8271=CARTESIAN_POINT('',(0.,-4.399999999999));
#8272=CARTESIAN_POINT('',(0.6,-4.399999999999));
#8273=CARTESIAN_POINT('',(0.,-4.399999999999));
#8274=CARTESIAN_POINT('',(0.6,-3.899999999999));
#8275=CARTESIAN_POINT('',(0.6,-4.399999999999));
#8276=CARTESIAN_POINT('',(0.3,-3.899999999999));
#8277=CARTESIAN_POINT('',(0.6,-3.899999999999));
#8278=CARTESIAN_POINT('',(0.3,-3.499999999998));
#8279=CARTESIAN_POINT('',(0.3,-3.899999999999));
#8280=CARTESIAN_POINT('',(0.6,-3.499999999998));
#8281=CARTESIAN_POINT('',(0.3,-3.499999999998));
#8282=CARTESIAN_POINT('',(0.6,-2.899999999999));
#8283=CARTESIAN_POINT('',(0.6,-3.499999999998));
#8284=CARTESIAN_POINT('',(0.3,-2.899999999999));
#8285=CARTESIAN_POINT('',(0.6,-2.899999999999));
#8286=CARTESIAN_POINT('',(0.3,-2.499999999999));
#8287=CARTESIAN_POINT('',(0.3,-2.899999999999));
#8288=CARTESIAN_POINT('',(2.899999999999,-0.699999999999));
#8289=CARTESIAN_POINT('',(2.299999999999,-0.699999999999));
#8290=CARTESIAN_POINT('',(2.899999999999,3.7));
#8291=CARTESIAN_POINT('',(2.899999999999,-0.699999999999));
#8292=CARTESIAN_POINT('',(2.299999999999,3.7));
#8293=CARTESIAN_POINT('',(2.899999999999,3.7));
#8294=CARTESIAN_POINT('',(2.299999999999,-0.699999999999));
#8295=CARTESIAN_POINT('',(2.299999999999,3.7));
#8296=CARTESIAN_POINT('',(73.404500903451,-68.6287732798638,3.6870325866705));
#8297=CARTESIAN_POINT('',(73.604500903451,-68.6287732798638,3.6870325866705));
#8298=CARTESIAN_POINT('',(4.7310935016138,0.0212));
#8299=CARTESIAN_POINT('',(4.7310935016138,0.2212));
#8300=CARTESIAN_POINT('',(73.604500903451,-68.6287732798638,3.6870325866705));
#8301=CARTESIAN_POINT('',(73.604500903451,-68.5449509033461,3.68844919574439));
#8302=CARTESIAN_POINT('',(73.604500903451,-68.4851723198829,3.62967234192019));
#8303=CARTESIAN_POINT('',(73.604500903451,-68.4253937364198,3.57089548809598));
#8304=CARTESIAN_POINT('',(73.604500903451,-68.4253937364198,3.48706114199407));
#8305=CARTESIAN_POINT('',(4.7310935016138,0.2212));
#8306=CARTESIAN_POINT('',(3.14159265358979,0.2212));
#8307=CARTESIAN_POINT('',(73.604500903451,-68.4253937364198,3.48706114199407));
#8308=CARTESIAN_POINT('',(73.404500903451,-68.4253937364198,3.48706114199407));
#8309=CARTESIAN_POINT('',(3.14159265358979,0.2212));
#8310=CARTESIAN_POINT('',(3.14159265358979,0.0212));
#8311=CARTESIAN_POINT('',(73.404500903451,-68.4253937364198,3.48706114199407));
#8312=CARTESIAN_POINT('',(73.404500903451,-68.4253937364198,3.57089548809599));
#8313=CARTESIAN_POINT('',(73.404500903451,-68.4851723198829,3.6296723419202));
#8314=CARTESIAN_POINT('',(73.404500903451,-68.5449509033461,3.68844919574441));
#8315=CARTESIAN_POINT('',(73.404500903451,-68.6287732798638,3.68703258667052));
#8316=CARTESIAN_POINT('',(3.14159265358979,0.0212));
#8317=CARTESIAN_POINT('',(4.7310935016138,0.0212));
#8318=CARTESIAN_POINT('',(1.55362063673,0.2));
#8319=CARTESIAN_POINT('',(1.55362063673,0.));
#8320=CARTESIAN_POINT('',(73.604500903451,-68.4253937364198,3.48706114199407));
#8321=CARTESIAN_POINT('',(73.604500903451,-68.4253937364198,1.93344050526407));
#8322=CARTESIAN_POINT('',(1.55362063673,0.2));
#8323=CARTESIAN_POINT('',(0.,0.2));
#8324=CARTESIAN_POINT('',(73.604500903451,-68.4253937364198,1.93344050526407));
#8325=CARTESIAN_POINT('',(73.404500903451,-68.4253937364198,1.93344050526407));
#8326=CARTESIAN_POINT('',(0.,0.2));
#8327=CARTESIAN_POINT('',(0.,0.));
#8328=CARTESIAN_POINT('',(73.404500903451,-68.4253937364198,1.93344050526407));
#8329=CARTESIAN_POINT('',(73.404500903451,-68.4253937364198,3.48706114199407));
#8330=CARTESIAN_POINT('',(0.,0.));
#8331=CARTESIAN_POINT('',(1.55362063673,0.));
#8332=CARTESIAN_POINT('',(0.2,-0.099999999999));
#8333=CARTESIAN_POINT('',(0.,-0.099999999999));
#8334=CARTESIAN_POINT('',(73.604500903451,-68.4253937364198,1.93344050526407));
#8335=CARTESIAN_POINT('',(73.604500903451,-68.3253937364206,1.93344050526416));
#8336=CARTESIAN_POINT('',(0.2,-0.099999999999));
#8337=CARTESIAN_POINT('',(0.2,0.));
#8338=CARTESIAN_POINT('',(73.604500903451,-68.3253937364206,1.93344050526416));
#8339=CARTESIAN_POINT('',(73.404500903451,-68.3253937364206,1.93344050526416));
#8340=CARTESIAN_POINT('',(0.2,0.));
#8341=CARTESIAN_POINT('',(0.,0.));
#8342=CARTESIAN_POINT('',(73.404500903451,-68.3253937364206,1.93344050526416));
#8343=CARTESIAN_POINT('',(73.404500903451,-68.4253937364198,1.93344050526407));
#8344=CARTESIAN_POINT('',(0.,0.));
#8345=CARTESIAN_POINT('',(0.,-0.099999999999));
#8346=CARTESIAN_POINT('',(0.220024054780433,0.2));
#8347=CARTESIAN_POINT('',(0.220024054780433,0.));
#8348=CARTESIAN_POINT('',(73.604500903451,-68.3253937364206,1.93344050526416));
#8349=CARTESIAN_POINT('',(73.604500903451,-68.2223576810737,1.73903331408916));
#8350=CARTESIAN_POINT('',(0.220024054780433,0.2));
#8351=CARTESIAN_POINT('',(2.45240616998512E-17,0.2));
#8352=CARTESIAN_POINT('',(73.604500903451,-68.2223576810737,1.73903331408916));
#8353=CARTESIAN_POINT('',(73.404500903451,-68.2223576810737,1.73903331408916));
#8354=CARTESIAN_POINT('',(2.45240616998512E-17,0.2));
#8355=CARTESIAN_POINT('',(2.45240616998512E-17,0.));
#8356=CARTESIAN_POINT('',(73.404500903451,-68.2223576810737,1.73903331408916));
#8357=CARTESIAN_POINT('',(73.404500903451,-68.3253937364206,1.93344050526416));
#8358=CARTESIAN_POINT('',(2.45240616998512E-17,0.));
#8359=CARTESIAN_POINT('',(0.220024054780433,0.));
#8360=CARTESIAN_POINT('',(0.494476148430403,0.2));
#8361=CARTESIAN_POINT('',(0.494476148430403,0.));
#8362=CARTESIAN_POINT('',(73.604500903451,-68.2223576810737,1.73903331408916));
#8363=CARTESIAN_POINT('',(73.604500903451,-67.7353937364198,1.65316843201507));
#8364=CARTESIAN_POINT('',(0.494476148430403,0.2));
#8365=CARTESIAN_POINT('',(-3.61477884429494E-18,0.2));
#8366=CARTESIAN_POINT('',(73.604500903451,-67.7353937364198,1.65316843201507));
#8367=CARTESIAN_POINT('',(73.404500903451,-67.7353937364198,1.65316843201507));
#8368=CARTESIAN_POINT('',(-3.61477884429494E-18,0.2));
#8369=CARTESIAN_POINT('',(-3.61477884429494E-18,0.));
#8370=CARTESIAN_POINT('',(73.404500903451,-67.7353937364198,1.65316843201507));
#8371=CARTESIAN_POINT('',(73.404500903451,-68.2223576810737,1.73903331408916));
#8372=CARTESIAN_POINT('',(-3.61477884429494E-18,0.));
#8373=CARTESIAN_POINT('',(0.494476148430403,0.));
#8374=CARTESIAN_POINT('',(0.,0.2));
#8375=CARTESIAN_POINT('',(0.,0.));
#8376=CARTESIAN_POINT('',(73.604500903451,-67.7353937364198,1.65316843201507));
#8377=CARTESIAN_POINT('',(73.604500903451,-67.7353937364198,1.60316843201607));
#8378=CARTESIAN_POINT('',(0.,0.2));
#8379=CARTESIAN_POINT('',(-0.049999999999,0.2));
#8380=CARTESIAN_POINT('',(73.604500903451,-67.7353937364198,1.60316843201607));
#8381=CARTESIAN_POINT('',(73.404500903451,-67.7353937364198,1.60316843201607));
#8382=CARTESIAN_POINT('',(-0.049999999999,0.2));
#8383=CARTESIAN_POINT('',(-0.049999999999,0.));
#8384=CARTESIAN_POINT('',(73.404500903451,-67.7353937364198,1.60316843201607));
#8385=CARTESIAN_POINT('',(73.404500903451,-67.7353937364198,1.65316843201507));
#8386=CARTESIAN_POINT('',(-0.049999999999,0.));
#8387=CARTESIAN_POINT('',(0.,0.));
#8388=CARTESIAN_POINT('',(1.,0.2));
#8389=CARTESIAN_POINT('',(1.,0.));
#8390=CARTESIAN_POINT('',(73.604500903451,-67.7353937364198,1.60316843201607));
#8391=CARTESIAN_POINT('',(73.604500903451,-68.7353937364198,1.60316843201607));
#8392=CARTESIAN_POINT('',(1.,0.2));
#8393=CARTESIAN_POINT('',(0.,0.2));
#8394=CARTESIAN_POINT('',(73.604500903451,-68.7353937364198,1.60316843201607));
#8395=CARTESIAN_POINT('',(73.404500903451,-68.7353937364198,1.60316843201607));
#8396=CARTESIAN_POINT('',(0.,0.2));
#8397=CARTESIAN_POINT('',(0.,0.));
#8398=CARTESIAN_POINT('',(73.404500903451,-68.7353937364198,1.60316843201607));
#8399=CARTESIAN_POINT('',(73.404500903451,-67.7353937364198,1.60316843201607));
#8400=CARTESIAN_POINT('',(0.,0.));
#8401=CARTESIAN_POINT('',(1.,0.));
#8402=CARTESIAN_POINT('',(73.604500903451,-68.6287732798638,3.6870325866705));
#8403=CARTESIAN_POINT('',(73.604500903451,-68.7353937364204,3.68523068707702));
#8404=CARTESIAN_POINT('',(-0.199971444676,-0.00337954344400004));
#8405=CARTESIAN_POINT('',(-0.198169545083,-0.110000000001));
#8406=CARTESIAN_POINT('',(1.873892709979,-0.11));
#8407=CARTESIAN_POINT('',(-0.198169545083,-0.110000000001));
#8408=CARTESIAN_POINT('',(73.604500903451,-68.7353937364198,1.61316843201507));
#8409=CARTESIAN_POINT('',(73.604500903451,-68.7353937364198,1.60316843201607));
#8410=CARTESIAN_POINT('',(1.873892709979,-0.11));
#8411=CARTESIAN_POINT('',(1.883892709978,-0.11));
#8412=CARTESIAN_POINT('',(1.883892709978,0.89));
#8413=CARTESIAN_POINT('',(1.883892709978,-0.11));
#8414=CARTESIAN_POINT('',(1.833892709979,0.89));
#8415=CARTESIAN_POINT('',(1.883892709978,0.89));
#8416=CARTESIAN_POINT('',(1.748027827905,0.403036055346));
#8417=CARTESIAN_POINT('',(1.833892709979,0.89));
#8418=CARTESIAN_POINT('',(1.55362063673,0.299999999999));
#8419=CARTESIAN_POINT('',(1.748027827905,0.403036055346));
#8420=CARTESIAN_POINT('',(1.55362063673,0.2));
#8421=CARTESIAN_POINT('',(1.55362063673,0.299999999999));
#8422=CARTESIAN_POINT('',(0.,0.2));
#8423=CARTESIAN_POINT('',(1.55362063673,0.2));
#8424=CARTESIAN_POINT('',(-0.199971444676,-0.00337954344400004));
#8425=CARTESIAN_POINT('',(-0.201388053750071,0.0804428330735987));
#8426=CARTESIAN_POINT('',(-0.142611199925967,0.1402214165368));
#8427=CARTESIAN_POINT('',(-0.0838343461018628,0.2));
#8428=CARTESIAN_POINT('',(0.,0.2));
#8429=CARTESIAN_POINT('',(73.404500903451,-68.7353937364198,3.68523068707703));
#8430=CARTESIAN_POINT('',(73.404500903451,-68.6287732798638,3.6870325866705));
#8431=CARTESIAN_POINT('',(-0.11,-0.198169545083));
#8432=CARTESIAN_POINT('',(-0.00337954344400004,-0.199971444676));
#8433=CARTESIAN_POINT('',(0.2,0.));
#8434=CARTESIAN_POINT('',(0.2,-0.0838343461018628));
#8435=CARTESIAN_POINT('',(0.1402214165368,-0.142611199925967));
#8436=CARTESIAN_POINT('',(0.0804428330735987,-0.201388053750071));
#8437=CARTESIAN_POINT('',(-0.00337954344400004,-0.199971444676));
#8438=CARTESIAN_POINT('',(0.2,1.55362063673));
#8439=CARTESIAN_POINT('',(0.2,0.));
#8440=CARTESIAN_POINT('',(0.299999999999,1.55362063673));
#8441=CARTESIAN_POINT('',(0.2,1.55362063673));
#8442=CARTESIAN_POINT('',(0.403036055346,1.748027827905));
#8443=CARTESIAN_POINT('',(0.299999999999,1.55362063673));
#8444=CARTESIAN_POINT('',(0.89,1.833892709979));
#8445=CARTESIAN_POINT('',(0.403036055346,1.748027827905));
#8446=CARTESIAN_POINT('',(0.89,1.883892709978));
#8447=CARTESIAN_POINT('',(0.89,1.833892709979));
#8448=CARTESIAN_POINT('',(-0.11,1.883892709978));
#8449=CARTESIAN_POINT('',(0.89,1.883892709978));
#8450=CARTESIAN_POINT('',(73.404500903451,-68.7353937364198,1.60316843201607));
#8451=CARTESIAN_POINT('',(73.404500903451,-68.7353937364198,1.61316843201507));
#8452=CARTESIAN_POINT('',(-0.11,1.883892709978));
#8453=CARTESIAN_POINT('',(-0.11,1.873892709979));
#8454=CARTESIAN_POINT('',(-0.11,-0.198169545083));
#8455=CARTESIAN_POINT('',(-0.11,1.873892709979));
#8456=CARTESIAN_POINT('',(-2.95897956835109,0.));
#8457=CARTESIAN_POINT('',(-3.06561524998887,0.));
#8458=CARTESIAN_POINT('',(-2.95897956835009,0.2));
#8459=CARTESIAN_POINT('',(-2.95897956835109,0.));
#8460=CARTESIAN_POINT('',(-3.06561524998887,0.2));
#8461=CARTESIAN_POINT('',(-2.95897956835009,0.2));
#8462=CARTESIAN_POINT('',(-3.06561524998887,0.));
#8463=CARTESIAN_POINT('',(-3.06561524998887,0.2));
#8464=CARTESIAN_POINT('',(1.672062255062,0.));
#8465=CARTESIAN_POINT('',(1.672062255062,0.2));
#8466=CARTESIAN_POINT('',(1.682062255061,0.));
#8467=CARTESIAN_POINT('',(1.672062255062,0.));
#8468=CARTESIAN_POINT('',(1.682062255061,0.2));
#8469=CARTESIAN_POINT('',(1.682062255061,0.));
#8470=CARTESIAN_POINT('',(1.672062255062,0.2));
#8471=CARTESIAN_POINT('',(1.682062255061,0.2));
#8472=CARTESIAN_POINT('',(73.4045009573196,-69.6853937364208,3.66917554163373));
#8473=CARTESIAN_POINT('',(73.404500903451,-71.5464854892628,3.63772287055765));
#8474=CARTESIAN_POINT('',(-2.00884391119605,0.));
#8475=CARTESIAN_POINT('',(-0.147486400027124,0.));
#8476=CARTESIAN_POINT('',(73.404500903451,-71.5464854892628,3.63772287055765));
#8477=CARTESIAN_POINT('',(73.604500903451,-71.5464854892628,3.63772287055765));
#8478=CARTESIAN_POINT('',(-0.147486400027124,0.));
#8479=CARTESIAN_POINT('',(-0.147486400027124,0.2));
#8480=CARTESIAN_POINT('',(73.604500903451,-71.5464854892628,3.63772287055765));
#8481=CARTESIAN_POINT('',(73.6045009573196,-69.6853937364208,3.66917554163373));
#8482=CARTESIAN_POINT('',(-0.147486400027124,0.2));
#8483=CARTESIAN_POINT('',(-2.00884391119605,0.2));
#8484=CARTESIAN_POINT('',(-2.00884391119605,0.));
#8485=CARTESIAN_POINT('',(-2.00884391119605,0.2));
#8486=CARTESIAN_POINT('',(73.404500903451,-71.5464854892628,3.33273850359614));
#8487=CARTESIAN_POINT('',(73.404500903451,-71.6939508316798,3.33523068707693));
#8488=CARTESIAN_POINT('',(73.404500903451,-71.6939508316804,3.48271708710307));
#8489=CARTESIAN_POINT('',(-2.921091752843,0.154322638398));
#8490=CARTESIAN_POINT('',(-3.06855709526,0.151830454917123));
#8491=CARTESIAN_POINT('',(-3.068557095261,0.00434405489099987));
#8492=CARTESIAN_POINT('',(73.404500903451,-71.6939508316804,3.48271708710307));
#8493=CARTESIAN_POINT('',(73.404500903451,-71.6939508316804,3.48774428705007));
#8494=CARTESIAN_POINT('',(-3.068557095261,0.00434405489099987));
#8495=CARTESIAN_POINT('',(-3.068557095261,-0.00068314505600009));
#8496=CARTESIAN_POINT('',(73.404500903451,-71.6939508316804,3.48774428705007));
#8497=CARTESIAN_POINT('',(73.404500903451,-71.6939508316798,3.63523068707621));
#8498=CARTESIAN_POINT('',(73.404500903451,-71.5464854892628,3.63772287055766));
#8499=CARTESIAN_POINT('',(-3.068557095261,-0.00068314505600009));
#8500=CARTESIAN_POINT('',(-3.06855709526,-0.148169545082139));
#8501=CARTESIAN_POINT('',(-2.921091752843,-0.150661728564));
#8502=CARTESIAN_POINT('',(-1.060000000001,-0.182114421429));
#8503=CARTESIAN_POINT('',(-2.921091752843,-0.150661728564));
#8504=CARTESIAN_POINT('',(-1.060000000001,0.185775331264));
#8505=CARTESIAN_POINT('',(-1.060000000001,-0.182114421429));
#8506=CARTESIAN_POINT('',(73.4045009573196,-69.6853937364208,3.30128578894071));
#8507=CARTESIAN_POINT('',(73.404500903451,-71.5464854892628,3.33273850359615));
#8508=CARTESIAN_POINT('',(-1.060000000001,0.185775331264));
#8509=CARTESIAN_POINT('',(-2.921091752843,0.154322638398));
#8510=CARTESIAN_POINT('',(73.604500903451,-71.6939508316804,3.48774428705007));
#8511=CARTESIAN_POINT('',(73.604500903451,-71.6939508316804,3.48271708710307));
#8512=CARTESIAN_POINT('',(-0.00068314505600009,-3.068557095261));
#8513=CARTESIAN_POINT('',(0.00434405489099987,-3.068557095261));
#8514=CARTESIAN_POINT('',(73.604500903451,-71.6939508316804,3.48271708710307));
#8515=CARTESIAN_POINT('',(73.604500903451,-71.6939508316798,3.33523068707693));
#8516=CARTESIAN_POINT('',(73.604500903451,-71.5464854892628,3.33273850359614));
#8517=CARTESIAN_POINT('',(0.00434405489099987,-3.068557095261));
#8518=CARTESIAN_POINT('',(0.151830454917122,-3.06855709526));
#8519=CARTESIAN_POINT('',(0.154322638398,-2.921091752843));
#8520=CARTESIAN_POINT('',(73.604500903451,-71.5464854892628,3.33273850359615));
#8521=CARTESIAN_POINT('',(73.6045009573196,-69.6853937364208,3.30128578894071));
#8522=CARTESIAN_POINT('',(0.154322638398,-2.921091752843));
#8523=CARTESIAN_POINT('',(0.185775331264,-1.060000000001));
#8524=CARTESIAN_POINT('',(-0.182114421429,-1.060000000001));
#8525=CARTESIAN_POINT('',(0.185775331264,-1.060000000001));
#8526=CARTESIAN_POINT('',(-0.150661728564,-2.921091752843));
#8527=CARTESIAN_POINT('',(-0.182114421429,-1.060000000001));
#8528=CARTESIAN_POINT('',(73.604500903451,-71.5464854892628,3.63772287055765));
#8529=CARTESIAN_POINT('',(73.604500903451,-71.6939508316797,3.6352306870762));
#8530=CARTESIAN_POINT('',(73.604500903451,-71.6939508316804,3.48774428705007));
#8531=CARTESIAN_POINT('',(-0.150661728564,-2.921091752843));
#8532=CARTESIAN_POINT('',(-0.148169545082139,-3.06855709526));
#8533=CARTESIAN_POINT('',(-0.00068314505600009,-3.068557095261));
#8534=CARTESIAN_POINT('',(0.147486400027124,0.2));
#8535=CARTESIAN_POINT('',(2.00884391119606,0.2));
#8536=CARTESIAN_POINT('',(73.604500903451,-71.5464854892628,3.33273850359615));
#8537=CARTESIAN_POINT('',(73.404500903451,-71.5464854892628,3.33273850359615));
#8538=CARTESIAN_POINT('',(0.147486400027124,0.2));
#8539=CARTESIAN_POINT('',(0.147486400027124,0.));
#8540=CARTESIAN_POINT('',(2.00884391119606,0.));
#8541=CARTESIAN_POINT('',(0.147486400027124,0.));
#8542=CARTESIAN_POINT('',(2.00884391119606,0.2));
#8543=CARTESIAN_POINT('',(2.00884391119606,0.));
#8544=CARTESIAN_POINT('',(0.152513599974,0.));
#8545=CARTESIAN_POINT('',(0.147486400027,0.));
#8546=CARTESIAN_POINT('',(73.404500903451,-71.6939508316804,3.48271708710307));
#8547=CARTESIAN_POINT('',(73.604500903451,-71.6939508316804,3.48271708710307));
#8548=CARTESIAN_POINT('',(0.152513599974,0.));
#8549=CARTESIAN_POINT('',(0.152513599974,0.2));
#8550=CARTESIAN_POINT('',(0.147486400027,0.2));
#8551=CARTESIAN_POINT('',(0.152513599974,0.2));
#8552=CARTESIAN_POINT('',(73.604500903451,-71.6939508316804,3.48774428705007));
#8553=CARTESIAN_POINT('',(73.404500903451,-71.6939508316804,3.48774428705007));
#8554=CARTESIAN_POINT('',(0.147486400027,0.2));
#8555=CARTESIAN_POINT('',(0.147486400027,0.));
#8556=CARTESIAN_POINT('',(4.69368445916293,0.0212));
#8557=CARTESIAN_POINT('',(3.14159265358979,0.0212));
#8558=CARTESIAN_POINT('',(4.69368445916293,0.2212));
#8559=CARTESIAN_POINT('',(4.69368445916293,0.0212));
#8560=CARTESIAN_POINT('',(3.14159265358979,0.2212));
#8561=CARTESIAN_POINT('',(4.69368445916293,0.2212));
#8562=CARTESIAN_POINT('',(3.14159265358979,0.0212));
#8563=CARTESIAN_POINT('',(3.14159265358979,0.2212));
#8564=CARTESIAN_POINT('',(3.14159265358979,0.0212));
#8565=CARTESIAN_POINT('',(1.58950084801653,0.0212));
#8566=CARTESIAN_POINT('',(3.14159265358979,0.2212));
#8567=CARTESIAN_POINT('',(3.14159265358979,0.0212));
#8568=CARTESIAN_POINT('',(1.58950084801653,0.2212));
#8569=CARTESIAN_POINT('',(3.14159265358979,0.2212));
#8570=CARTESIAN_POINT('',(1.58950084801653,0.0212));
#8571=CARTESIAN_POINT('',(1.58950084801653,0.2212));
#8572=CARTESIAN_POINT('',(74.404500903451,-68.6287732798638,3.6870325866705));
#8573=CARTESIAN_POINT('',(74.604500903451,-68.6287732798638,3.6870325866705));
#8574=CARTESIAN_POINT('',(4.7310935016138,0.0212));
#8575=CARTESIAN_POINT('',(4.7310935016138,0.2212));
#8576=CARTESIAN_POINT('',(74.604500903451,-68.6287732798638,3.6870325866705));
#8577=CARTESIAN_POINT('',(74.604500903451,-68.5449509033461,3.68844919574439));
#8578=CARTESIAN_POINT('',(74.604500903451,-68.4851723198829,3.62967234192019));
#8579=CARTESIAN_POINT('',(74.604500903451,-68.4253937364198,3.57089548809598));
#8580=CARTESIAN_POINT('',(74.604500903451,-68.4253937364198,3.48706114199407));
#8581=CARTESIAN_POINT('',(4.7310935016138,0.2212));
#8582=CARTESIAN_POINT('',(3.14159265358979,0.2212));
#8583=CARTESIAN_POINT('',(74.604500903451,-68.4253937364198,3.48706114199407));
#8584=CARTESIAN_POINT('',(74.404500903451,-68.4253937364198,3.48706114199407));
#8585=CARTESIAN_POINT('',(3.14159265358979,0.2212));
#8586=CARTESIAN_POINT('',(3.14159265358979,0.0212));
#8587=CARTESIAN_POINT('',(74.404500903451,-68.4253937364198,3.48706114199407));
#8588=CARTESIAN_POINT('',(74.404500903451,-68.4253937364198,3.57089548809599));
#8589=CARTESIAN_POINT('',(74.404500903451,-68.4851723198829,3.6296723419202));
#8590=CARTESIAN_POINT('',(74.404500903451,-68.5449509033461,3.68844919574441));
#8591=CARTESIAN_POINT('',(74.404500903451,-68.6287732798638,3.68703258667052));
#8592=CARTESIAN_POINT('',(3.14159265358979,0.0212));
#8593=CARTESIAN_POINT('',(4.7310935016138,0.0212));
#8594=CARTESIAN_POINT('',(1.55362063673,0.2));
#8595=CARTESIAN_POINT('',(1.55362063673,0.));
#8596=CARTESIAN_POINT('',(74.604500903451,-68.4253937364198,3.48706114199407));
#8597=CARTESIAN_POINT('',(74.604500903451,-68.4253937364198,1.93344050526407));
#8598=CARTESIAN_POINT('',(1.55362063673,0.2));
#8599=CARTESIAN_POINT('',(0.,0.2));
#8600=CARTESIAN_POINT('',(74.604500903451,-68.4253937364198,1.93344050526407));
#8601=CARTESIAN_POINT('',(74.404500903451,-68.4253937364198,1.93344050526407));
#8602=CARTESIAN_POINT('',(0.,0.2));
#8603=CARTESIAN_POINT('',(0.,0.));
#8604=CARTESIAN_POINT('',(74.404500903451,-68.4253937364198,1.93344050526407));
#8605=CARTESIAN_POINT('',(74.404500903451,-68.4253937364198,3.48706114199407));
#8606=CARTESIAN_POINT('',(0.,0.));
#8607=CARTESIAN_POINT('',(1.55362063673,0.));
#8608=CARTESIAN_POINT('',(0.2,-0.099999999999));
#8609=CARTESIAN_POINT('',(0.,-0.099999999999));
#8610=CARTESIAN_POINT('',(74.604500903451,-68.4253937364198,1.93344050526407));
#8611=CARTESIAN_POINT('',(74.604500903451,-68.3253937364206,1.93344050526416));
#8612=CARTESIAN_POINT('',(0.2,-0.099999999999));
#8613=CARTESIAN_POINT('',(0.2,0.));
#8614=CARTESIAN_POINT('',(74.604500903451,-68.3253937364206,1.93344050526416));
#8615=CARTESIAN_POINT('',(74.404500903451,-68.3253937364206,1.93344050526416));
#8616=CARTESIAN_POINT('',(0.2,0.));
#8617=CARTESIAN_POINT('',(0.,0.));
#8618=CARTESIAN_POINT('',(74.404500903451,-68.3253937364206,1.93344050526416));
#8619=CARTESIAN_POINT('',(74.404500903451,-68.4253937364198,1.93344050526407));
#8620=CARTESIAN_POINT('',(0.,0.));
#8621=CARTESIAN_POINT('',(0.,-0.099999999999));
#8622=CARTESIAN_POINT('',(0.220024054780433,0.2));
#8623=CARTESIAN_POINT('',(0.220024054780433,0.));
#8624=CARTESIAN_POINT('',(74.604500903451,-68.3253937364206,1.93344050526416));
#8625=CARTESIAN_POINT('',(74.604500903451,-68.2223576810737,1.73903331408916));
#8626=CARTESIAN_POINT('',(0.220024054780433,0.2));
#8627=CARTESIAN_POINT('',(2.45240616998512E-17,0.2));
#8628=CARTESIAN_POINT('',(74.604500903451,-68.2223576810737,1.73903331408916));
#8629=CARTESIAN_POINT('',(74.404500903451,-68.2223576810737,1.73903331408916));
#8630=CARTESIAN_POINT('',(2.45240616998512E-17,0.2));
#8631=CARTESIAN_POINT('',(2.45240616998512E-17,0.));
#8632=CARTESIAN_POINT('',(74.404500903451,-68.2223576810737,1.73903331408916));
#8633=CARTESIAN_POINT('',(74.404500903451,-68.3253937364206,1.93344050526416));
#8634=CARTESIAN_POINT('',(2.45240616998512E-17,0.));
#8635=CARTESIAN_POINT('',(0.220024054780433,0.));
#8636=CARTESIAN_POINT('',(0.494476148430403,0.2));
#8637=CARTESIAN_POINT('',(0.494476148430403,0.));
#8638=CARTESIAN_POINT('',(74.604500903451,-68.2223576810737,1.73903331408916));
#8639=CARTESIAN_POINT('',(74.604500903451,-67.7353937364198,1.65316843201507));
#8640=CARTESIAN_POINT('',(0.494476148430403,0.2));
#8641=CARTESIAN_POINT('',(-3.61477884429494E-18,0.2));
#8642=CARTESIAN_POINT('',(74.604500903451,-67.7353937364198,1.65316843201507));
#8643=CARTESIAN_POINT('',(74.404500903451,-67.7353937364198,1.65316843201507));
#8644=CARTESIAN_POINT('',(-3.61477884429494E-18,0.2));
#8645=CARTESIAN_POINT('',(-3.61477884429494E-18,0.));
#8646=CARTESIAN_POINT('',(74.404500903451,-67.7353937364198,1.65316843201507));
#8647=CARTESIAN_POINT('',(74.404500903451,-68.2223576810737,1.73903331408916));
#8648=CARTESIAN_POINT('',(-3.61477884429494E-18,0.));
#8649=CARTESIAN_POINT('',(0.494476148430403,0.));
#8650=CARTESIAN_POINT('',(0.,0.2));
#8651=CARTESIAN_POINT('',(0.,0.));
#8652=CARTESIAN_POINT('',(74.604500903451,-67.7353937364198,1.65316843201507));
#8653=CARTESIAN_POINT('',(74.604500903451,-67.7353937364198,1.60316843201607));
#8654=CARTESIAN_POINT('',(0.,0.2));
#8655=CARTESIAN_POINT('',(-0.049999999999,0.2));
#8656=CARTESIAN_POINT('',(74.604500903451,-67.7353937364198,1.60316843201607));
#8657=CARTESIAN_POINT('',(74.404500903451,-67.7353937364198,1.60316843201607));
#8658=CARTESIAN_POINT('',(-0.049999999999,0.2));
#8659=CARTESIAN_POINT('',(-0.049999999999,0.));
#8660=CARTESIAN_POINT('',(74.404500903451,-67.7353937364198,1.60316843201607));
#8661=CARTESIAN_POINT('',(74.404500903451,-67.7353937364198,1.65316843201507));
#8662=CARTESIAN_POINT('',(-0.049999999999,0.));
#8663=CARTESIAN_POINT('',(0.,0.));
#8664=CARTESIAN_POINT('',(1.,0.2));
#8665=CARTESIAN_POINT('',(1.,0.));
#8666=CARTESIAN_POINT('',(74.604500903451,-67.7353937364198,1.60316843201607));
#8667=CARTESIAN_POINT('',(74.604500903451,-68.7353937364198,1.60316843201607));
#8668=CARTESIAN_POINT('',(1.,0.2));
#8669=CARTESIAN_POINT('',(0.,0.2));
#8670=CARTESIAN_POINT('',(74.604500903451,-68.7353937364198,1.60316843201607));
#8671=CARTESIAN_POINT('',(74.404500903451,-68.7353937364198,1.60316843201607));
#8672=CARTESIAN_POINT('',(0.,0.2));
#8673=CARTESIAN_POINT('',(0.,0.));
#8674=CARTESIAN_POINT('',(74.404500903451,-68.7353937364198,1.60316843201607));
#8675=CARTESIAN_POINT('',(74.404500903451,-67.7353937364198,1.60316843201607));
#8676=CARTESIAN_POINT('',(0.,0.));
#8677=CARTESIAN_POINT('',(1.,0.));
#8678=CARTESIAN_POINT('',(74.604500903451,-68.6287732798638,3.6870325866705));
#8679=CARTESIAN_POINT('',(74.604500903451,-68.7353937364204,3.68523068707702));
#8680=CARTESIAN_POINT('',(-0.199971444676,-0.00337954344400004));
#8681=CARTESIAN_POINT('',(-0.198169545083,-0.110000000001));
#8682=CARTESIAN_POINT('',(1.873892709979,-0.11));
#8683=CARTESIAN_POINT('',(-0.198169545083,-0.110000000001));
#8684=CARTESIAN_POINT('',(74.604500903451,-68.7353937364198,1.61316843201507));
#8685=CARTESIAN_POINT('',(74.604500903451,-68.7353937364198,1.60316843201607));
#8686=CARTESIAN_POINT('',(1.873892709979,-0.11));
#8687=CARTESIAN_POINT('',(1.883892709978,-0.11));
#8688=CARTESIAN_POINT('',(1.883892709978,0.89));
#8689=CARTESIAN_POINT('',(1.883892709978,-0.11));
#8690=CARTESIAN_POINT('',(1.833892709979,0.89));
#8691=CARTESIAN_POINT('',(1.883892709978,0.89));
#8692=CARTESIAN_POINT('',(1.748027827905,0.403036055346));
#8693=CARTESIAN_POINT('',(1.833892709979,0.89));
#8694=CARTESIAN_POINT('',(1.55362063673,0.299999999999));
#8695=CARTESIAN_POINT('',(1.748027827905,0.403036055346));
#8696=CARTESIAN_POINT('',(1.55362063673,0.2));
#8697=CARTESIAN_POINT('',(1.55362063673,0.299999999999));
#8698=CARTESIAN_POINT('',(0.,0.2));
#8699=CARTESIAN_POINT('',(1.55362063673,0.2));
#8700=CARTESIAN_POINT('',(-0.199971444676,-0.00337954344400004));
#8701=CARTESIAN_POINT('',(-0.201388053750071,0.0804428330735987));
#8702=CARTESIAN_POINT('',(-0.142611199925967,0.1402214165368));
#8703=CARTESIAN_POINT('',(-0.0838343461018628,0.2));
#8704=CARTESIAN_POINT('',(0.,0.2));
#8705=CARTESIAN_POINT('',(74.404500903451,-68.7353937364198,3.68523068707703));
#8706=CARTESIAN_POINT('',(74.404500903451,-68.6287732798638,3.6870325866705));
#8707=CARTESIAN_POINT('',(-0.11,-0.198169545083));
#8708=CARTESIAN_POINT('',(-0.00337954344400004,-0.199971444676));
#8709=CARTESIAN_POINT('',(0.2,0.));
#8710=CARTESIAN_POINT('',(0.2,-0.0838343461018628));
#8711=CARTESIAN_POINT('',(0.1402214165368,-0.142611199925967));
#8712=CARTESIAN_POINT('',(0.0804428330735987,-0.201388053750071));
#8713=CARTESIAN_POINT('',(-0.00337954344400004,-0.199971444676));
#8714=CARTESIAN_POINT('',(0.2,1.55362063673));
#8715=CARTESIAN_POINT('',(0.2,0.));
#8716=CARTESIAN_POINT('',(0.299999999999,1.55362063673));
#8717=CARTESIAN_POINT('',(0.2,1.55362063673));
#8718=CARTESIAN_POINT('',(0.403036055346,1.748027827905));
#8719=CARTESIAN_POINT('',(0.299999999999,1.55362063673));
#8720=CARTESIAN_POINT('',(0.89,1.833892709979));
#8721=CARTESIAN_POINT('',(0.403036055346,1.748027827905));
#8722=CARTESIAN_POINT('',(0.89,1.883892709978));
#8723=CARTESIAN_POINT('',(0.89,1.833892709979));
#8724=CARTESIAN_POINT('',(-0.11,1.883892709978));
#8725=CARTESIAN_POINT('',(0.89,1.883892709978));
#8726=CARTESIAN_POINT('',(74.404500903451,-68.7353937364198,1.60316843201607));
#8727=CARTESIAN_POINT('',(74.404500903451,-68.7353937364198,1.61316843201507));
#8728=CARTESIAN_POINT('',(-0.11,1.883892709978));
#8729=CARTESIAN_POINT('',(-0.11,1.873892709979));
#8730=CARTESIAN_POINT('',(-0.11,-0.198169545083));
#8731=CARTESIAN_POINT('',(-0.11,1.873892709979));
#8732=CARTESIAN_POINT('',(-2.95897956835109,0.));
#8733=CARTESIAN_POINT('',(-3.06561524998887,0.));
#8734=CARTESIAN_POINT('',(-2.95897956835009,0.2));
#8735=CARTESIAN_POINT('',(-2.95897956835109,0.));
#8736=CARTESIAN_POINT('',(-3.06561524998887,0.2));
#8737=CARTESIAN_POINT('',(-2.95897956835009,0.2));
#8738=CARTESIAN_POINT('',(-3.06561524998887,0.));
#8739=CARTESIAN_POINT('',(-3.06561524998887,0.2));
#8740=CARTESIAN_POINT('',(1.672062255062,0.));
#8741=CARTESIAN_POINT('',(1.672062255062,0.2));
#8742=CARTESIAN_POINT('',(1.682062255061,0.));
#8743=CARTESIAN_POINT('',(1.672062255062,0.));
#8744=CARTESIAN_POINT('',(1.682062255061,0.2));
#8745=CARTESIAN_POINT('',(1.682062255061,0.));
#8746=CARTESIAN_POINT('',(1.672062255062,0.2));
#8747=CARTESIAN_POINT('',(1.682062255061,0.2));
#8748=CARTESIAN_POINT('',(74.4045009573196,-69.6853937364208,3.66917554163373));
#8749=CARTESIAN_POINT('',(74.404500903451,-71.5464854892628,3.63772287055765));
#8750=CARTESIAN_POINT('',(-2.00884391119605,0.));
#8751=CARTESIAN_POINT('',(-0.147486400027124,0.));
#8752=CARTESIAN_POINT('',(74.404500903451,-71.5464854892628,3.63772287055765));
#8753=CARTESIAN_POINT('',(74.604500903451,-71.5464854892628,3.63772287055765));
#8754=CARTESIAN_POINT('',(-0.147486400027124,0.));
#8755=CARTESIAN_POINT('',(-0.147486400027124,0.2));
#8756=CARTESIAN_POINT('',(74.604500903451,-71.5464854892628,3.63772287055765));
#8757=CARTESIAN_POINT('',(74.6045009573196,-69.6853937364208,3.66917554163373));
#8758=CARTESIAN_POINT('',(-0.147486400027124,0.2));
#8759=CARTESIAN_POINT('',(-2.00884391119605,0.2));
#8760=CARTESIAN_POINT('',(-2.00884391119605,0.));
#8761=CARTESIAN_POINT('',(-2.00884391119605,0.2));
#8762=CARTESIAN_POINT('',(74.404500903451,-71.5464854892628,3.33273850359614));
#8763=CARTESIAN_POINT('',(74.404500903451,-71.6939508316798,3.33523068707693));
#8764=CARTESIAN_POINT('',(74.404500903451,-71.6939508316804,3.48271708710307));
#8765=CARTESIAN_POINT('',(-2.921091752843,0.154322638398));
#8766=CARTESIAN_POINT('',(-3.06855709526,0.151830454917123));
#8767=CARTESIAN_POINT('',(-3.068557095261,0.00434405489099987));
#8768=CARTESIAN_POINT('',(74.404500903451,-71.6939508316804,3.48271708710307));
#8769=CARTESIAN_POINT('',(74.404500903451,-71.6939508316804,3.48774428705007));
#8770=CARTESIAN_POINT('',(-3.068557095261,0.00434405489099987));
#8771=CARTESIAN_POINT('',(-3.068557095261,-0.00068314505600009));
#8772=CARTESIAN_POINT('',(74.404500903451,-71.6939508316804,3.48774428705007));
#8773=CARTESIAN_POINT('',(74.404500903451,-71.6939508316798,3.63523068707621));
#8774=CARTESIAN_POINT('',(74.404500903451,-71.5464854892628,3.63772287055766));
#8775=CARTESIAN_POINT('',(-3.068557095261,-0.00068314505600009));
#8776=CARTESIAN_POINT('',(-3.06855709526,-0.148169545082139));
#8777=CARTESIAN_POINT('',(-2.921091752843,-0.150661728564));
#8778=CARTESIAN_POINT('',(-1.060000000001,-0.182114421429));
#8779=CARTESIAN_POINT('',(-2.921091752843,-0.150661728564));
#8780=CARTESIAN_POINT('',(-1.060000000001,0.185775331264));
#8781=CARTESIAN_POINT('',(-1.060000000001,-0.182114421429));
#8782=CARTESIAN_POINT('',(74.4045009573196,-69.6853937364208,3.30128578894071));
#8783=CARTESIAN_POINT('',(74.404500903451,-71.5464854892628,3.33273850359615));
#8784=CARTESIAN_POINT('',(-1.060000000001,0.185775331264));
#8785=CARTESIAN_POINT('',(-2.921091752843,0.154322638398));
#8786=CARTESIAN_POINT('',(74.604500903451,-71.6939508316804,3.48774428705007));
#8787=CARTESIAN_POINT('',(74.604500903451,-71.6939508316804,3.48271708710307));
#8788=CARTESIAN_POINT('',(-0.00068314505600009,-3.068557095261));
#8789=CARTESIAN_POINT('',(0.00434405489099987,-3.068557095261));
#8790=CARTESIAN_POINT('',(74.604500903451,-71.6939508316804,3.48271708710307));
#8791=CARTESIAN_POINT('',(74.604500903451,-71.6939508316798,3.33523068707693));
#8792=CARTESIAN_POINT('',(74.604500903451,-71.5464854892628,3.33273850359614));
#8793=CARTESIAN_POINT('',(0.00434405489099987,-3.068557095261));
#8794=CARTESIAN_POINT('',(0.151830454917122,-3.06855709526));
#8795=CARTESIAN_POINT('',(0.154322638398,-2.921091752843));
#8796=CARTESIAN_POINT('',(74.604500903451,-71.5464854892628,3.33273850359615));
#8797=CARTESIAN_POINT('',(74.6045009573196,-69.6853937364208,3.30128578894071));
#8798=CARTESIAN_POINT('',(0.154322638398,-2.921091752843));
#8799=CARTESIAN_POINT('',(0.185775331264,-1.060000000001));
#8800=CARTESIAN_POINT('',(-0.182114421429,-1.060000000001));
#8801=CARTESIAN_POINT('',(0.185775331264,-1.060000000001));
#8802=CARTESIAN_POINT('',(-0.150661728564,-2.921091752843));
#8803=CARTESIAN_POINT('',(-0.182114421429,-1.060000000001));
#8804=CARTESIAN_POINT('',(74.604500903451,-71.5464854892628,3.63772287055765));
#8805=CARTESIAN_POINT('',(74.604500903451,-71.6939508316797,3.6352306870762));
#8806=CARTESIAN_POINT('',(74.604500903451,-71.6939508316804,3.48774428705007));
#8807=CARTESIAN_POINT('',(-0.150661728564,-2.921091752843));
#8808=CARTESIAN_POINT('',(-0.148169545082139,-3.06855709526));
#8809=CARTESIAN_POINT('',(-0.00068314505600009,-3.068557095261));
#8810=CARTESIAN_POINT('',(0.147486400027124,0.2));
#8811=CARTESIAN_POINT('',(2.00884391119606,0.2));
#8812=CARTESIAN_POINT('',(74.604500903451,-71.5464854892628,3.33273850359615));
#8813=CARTESIAN_POINT('',(74.404500903451,-71.5464854892628,3.33273850359615));
#8814=CARTESIAN_POINT('',(0.147486400027124,0.2));
#8815=CARTESIAN_POINT('',(0.147486400027124,0.));
#8816=CARTESIAN_POINT('',(2.00884391119606,0.));
#8817=CARTESIAN_POINT('',(0.147486400027124,0.));
#8818=CARTESIAN_POINT('',(2.00884391119606,0.2));
#8819=CARTESIAN_POINT('',(2.00884391119606,0.));
#8820=CARTESIAN_POINT('',(0.152513599974,0.));
#8821=CARTESIAN_POINT('',(0.147486400027,0.));
#8822=CARTESIAN_POINT('',(74.404500903451,-71.6939508316804,3.48271708710307));
#8823=CARTESIAN_POINT('',(74.604500903451,-71.6939508316804,3.48271708710307));
#8824=CARTESIAN_POINT('',(0.152513599974,0.));
#8825=CARTESIAN_POINT('',(0.152513599974,0.2));
#8826=CARTESIAN_POINT('',(0.147486400027,0.2));
#8827=CARTESIAN_POINT('',(0.152513599974,0.2));
#8828=CARTESIAN_POINT('',(74.604500903451,-71.6939508316804,3.48774428705007));
#8829=CARTESIAN_POINT('',(74.404500903451,-71.6939508316804,3.48774428705007));
#8830=CARTESIAN_POINT('',(0.147486400027,0.2));
#8831=CARTESIAN_POINT('',(0.147486400027,0.));
#8832=CARTESIAN_POINT('',(75.40450090345,-68.6287732798638,3.6870325866705));
#8833=CARTESIAN_POINT('',(75.604500903451,-68.6287732798638,3.6870325866705));
#8834=CARTESIAN_POINT('',(4.7310935016138,0.0212000000000998));
#8835=CARTESIAN_POINT('',(4.7310935016138,0.2212000000011));
#8836=CARTESIAN_POINT('',(75.604500903451,-68.6287732798638,3.6870325866705));
#8837=CARTESIAN_POINT('',(75.604500903451,-68.5449509033461,3.68844919574439));
#8838=CARTESIAN_POINT('',(75.604500903451,-68.4851723198829,3.62967234192019));
#8839=CARTESIAN_POINT('',(75.604500903451,-68.4253937364198,3.57089548809598));
#8840=CARTESIAN_POINT('',(75.604500903451,-68.4253937364198,3.48706114199407));
#8841=CARTESIAN_POINT('',(4.7310935016138,0.2212000000011));
#8842=CARTESIAN_POINT('',(3.14159265358979,0.2212000000011));
#8843=CARTESIAN_POINT('',(75.604500903451,-68.4253937364198,3.48706114199407));
#8844=CARTESIAN_POINT('',(75.40450090345,-68.4253937364198,3.48706114199407));
#8845=CARTESIAN_POINT('',(3.14159265358979,0.2212000000011));
#8846=CARTESIAN_POINT('',(3.14159265358979,0.0212000000000998));
#8847=CARTESIAN_POINT('',(75.40450090345,-68.4253937364198,3.48706114199407));
#8848=CARTESIAN_POINT('',(75.40450090345,-68.4253937364198,3.57089548809599));
#8849=CARTESIAN_POINT('',(75.40450090345,-68.4851723198829,3.6296723419202));
#8850=CARTESIAN_POINT('',(75.40450090345,-68.5449509033461,3.68844919574441));
#8851=CARTESIAN_POINT('',(75.40450090345,-68.6287732798638,3.68703258667052));
#8852=CARTESIAN_POINT('',(3.14159265358979,0.0212000000000998));
#8853=CARTESIAN_POINT('',(4.7310935016138,0.0212000000000998));
#8854=CARTESIAN_POINT('',(1.55362063673,0.200000000001));
#8855=CARTESIAN_POINT('',(1.55362063673,0.));
#8856=CARTESIAN_POINT('',(75.604500903451,-68.4253937364198,3.48706114199407));
#8857=CARTESIAN_POINT('',(75.604500903451,-68.4253937364198,1.93344050526407));
#8858=CARTESIAN_POINT('',(1.55362063673,0.200000000001));
#8859=CARTESIAN_POINT('',(0.,0.200000000001));
#8860=CARTESIAN_POINT('',(75.604500903451,-68.4253937364198,1.93344050526407));
#8861=CARTESIAN_POINT('',(75.40450090345,-68.4253937364198,1.93344050526407));
#8862=CARTESIAN_POINT('',(0.,0.200000000001));
#8863=CARTESIAN_POINT('',(0.,0.));
#8864=CARTESIAN_POINT('',(75.40450090345,-68.4253937364198,1.93344050526407));
#8865=CARTESIAN_POINT('',(75.40450090345,-68.4253937364198,3.48706114199407));
#8866=CARTESIAN_POINT('',(0.,0.));
#8867=CARTESIAN_POINT('',(1.55362063673,0.));
#8868=CARTESIAN_POINT('',(0.200000000001,-0.099999999999));
#8869=CARTESIAN_POINT('',(0.,-0.099999999999));
#8870=CARTESIAN_POINT('',(75.604500903451,-68.4253937364198,1.93344050526407));
#8871=CARTESIAN_POINT('',(75.604500903451,-68.3253937364206,1.93344050526416));
#8872=CARTESIAN_POINT('',(0.200000000001,-0.099999999999));
#8873=CARTESIAN_POINT('',(0.200000000001,0.));
#8874=CARTESIAN_POINT('',(75.604500903451,-68.3253937364206,1.93344050526416));
#8875=CARTESIAN_POINT('',(75.40450090345,-68.3253937364206,1.93344050526416));
#8876=CARTESIAN_POINT('',(0.200000000001,0.));
#8877=CARTESIAN_POINT('',(0.,0.));
#8878=CARTESIAN_POINT('',(75.40450090345,-68.3253937364206,1.93344050526416));
#8879=CARTESIAN_POINT('',(75.40450090345,-68.4253937364198,1.93344050526407));
#8880=CARTESIAN_POINT('',(0.,0.));
#8881=CARTESIAN_POINT('',(0.,-0.099999999999));
#8882=CARTESIAN_POINT('',(0.220024054780433,0.200000000001));
#8883=CARTESIAN_POINT('',(0.220024054780433,0.));
#8884=CARTESIAN_POINT('',(75.604500903451,-68.3253937364206,1.93344050526416));
#8885=CARTESIAN_POINT('',(75.604500903451,-68.2223576810737,1.73903331408916));
#8886=CARTESIAN_POINT('',(0.220024054780433,0.200000000001));
#8887=CARTESIAN_POINT('',(2.45240616998512E-17,0.200000000001));
#8888=CARTESIAN_POINT('',(75.604500903451,-68.2223576810737,1.73903331408916));
#8889=CARTESIAN_POINT('',(75.40450090345,-68.2223576810737,1.73903331408916));
#8890=CARTESIAN_POINT('',(2.45240616998512E-17,0.200000000001));
#8891=CARTESIAN_POINT('',(2.45240616998512E-17,0.));
#8892=CARTESIAN_POINT('',(75.40450090345,-68.2223576810737,1.73903331408916));
#8893=CARTESIAN_POINT('',(75.40450090345,-68.3253937364206,1.93344050526416));
#8894=CARTESIAN_POINT('',(2.45240616998512E-17,0.));
#8895=CARTESIAN_POINT('',(0.220024054780433,0.));
#8896=CARTESIAN_POINT('',(0.494476148430403,0.200000000001));
#8897=CARTESIAN_POINT('',(0.494476148430403,0.));
#8898=CARTESIAN_POINT('',(75.604500903451,-68.2223576810737,1.73903331408916));
#8899=CARTESIAN_POINT('',(75.604500903451,-67.7353937364198,1.65316843201507));
#8900=CARTESIAN_POINT('',(0.494476148430403,0.200000000001));
#8901=CARTESIAN_POINT('',(-3.61477884429494E-18,0.200000000001));
#8902=CARTESIAN_POINT('',(75.604500903451,-67.7353937364198,1.65316843201507));
#8903=CARTESIAN_POINT('',(75.40450090345,-67.7353937364198,1.65316843201507));
#8904=CARTESIAN_POINT('',(-3.61477884429494E-18,0.200000000001));
#8905=CARTESIAN_POINT('',(-3.61477884429494E-18,0.));
#8906=CARTESIAN_POINT('',(75.40450090345,-67.7353937364198,1.65316843201507));
#8907=CARTESIAN_POINT('',(75.40450090345,-68.2223576810737,1.73903331408916));
#8908=CARTESIAN_POINT('',(-3.61477884429494E-18,0.));
#8909=CARTESIAN_POINT('',(0.494476148430403,0.));
#8910=CARTESIAN_POINT('',(0.,0.200000000001));
#8911=CARTESIAN_POINT('',(0.,0.));
#8912=CARTESIAN_POINT('',(75.604500903451,-67.7353937364198,1.65316843201507));
#8913=CARTESIAN_POINT('',(75.604500903451,-67.7353937364198,1.60316843201607));
#8914=CARTESIAN_POINT('',(0.,0.200000000001));
#8915=CARTESIAN_POINT('',(-0.049999999999,0.200000000001));
#8916=CARTESIAN_POINT('',(75.604500903451,-67.7353937364198,1.60316843201607));
#8917=CARTESIAN_POINT('',(75.40450090345,-67.7353937364198,1.60316843201607));
#8918=CARTESIAN_POINT('',(-0.049999999999,0.200000000001));
#8919=CARTESIAN_POINT('',(-0.049999999999,0.));
#8920=CARTESIAN_POINT('',(75.40450090345,-67.7353937364198,1.60316843201607));
#8921=CARTESIAN_POINT('',(75.40450090345,-67.7353937364198,1.65316843201507));
#8922=CARTESIAN_POINT('',(-0.049999999999,0.));
#8923=CARTESIAN_POINT('',(0.,0.));
#8924=CARTESIAN_POINT('',(1.,0.200000000001));
#8925=CARTESIAN_POINT('',(1.,0.));
#8926=CARTESIAN_POINT('',(75.604500903451,-67.7353937364198,1.60316843201607));
#8927=CARTESIAN_POINT('',(75.604500903451,-68.7353937364198,1.60316843201607));
#8928=CARTESIAN_POINT('',(1.,0.200000000001));
#8929=CARTESIAN_POINT('',(0.,0.200000000001));
#8930=CARTESIAN_POINT('',(75.604500903451,-68.7353937364198,1.60316843201607));
#8931=CARTESIAN_POINT('',(75.40450090345,-68.7353937364198,1.60316843201607));
#8932=CARTESIAN_POINT('',(0.,0.200000000001));
#8933=CARTESIAN_POINT('',(0.,0.));
#8934=CARTESIAN_POINT('',(75.40450090345,-68.7353937364198,1.60316843201607));
#8935=CARTESIAN_POINT('',(75.40450090345,-67.7353937364198,1.60316843201607));
#8936=CARTESIAN_POINT('',(0.,0.));
#8937=CARTESIAN_POINT('',(1.,0.));
#8938=CARTESIAN_POINT('',(75.604500903451,-68.6287732798638,3.6870325866705));
#8939=CARTESIAN_POINT('',(75.604500903451,-68.7353937364204,3.68523068707702));
#8940=CARTESIAN_POINT('',(-0.199971444676,-0.00337954344400004));
#8941=CARTESIAN_POINT('',(-0.198169545083,-0.110000000001));
#8942=CARTESIAN_POINT('',(1.873892709979,-0.11));
#8943=CARTESIAN_POINT('',(-0.198169545083,-0.110000000001));
#8944=CARTESIAN_POINT('',(75.604500903451,-68.7353937364198,1.61316843201507));
#8945=CARTESIAN_POINT('',(75.604500903451,-68.7353937364198,1.60316843201607));
#8946=CARTESIAN_POINT('',(1.873892709979,-0.11));
#8947=CARTESIAN_POINT('',(1.883892709978,-0.11));
#8948=CARTESIAN_POINT('',(1.883892709978,0.89));
#8949=CARTESIAN_POINT('',(1.883892709978,-0.11));
#8950=CARTESIAN_POINT('',(1.833892709979,0.89));
#8951=CARTESIAN_POINT('',(1.883892709978,0.89));
#8952=CARTESIAN_POINT('',(1.748027827905,0.403036055346));
#8953=CARTESIAN_POINT('',(1.833892709979,0.89));
#8954=CARTESIAN_POINT('',(1.55362063673,0.299999999999));
#8955=CARTESIAN_POINT('',(1.748027827905,0.403036055346));
#8956=CARTESIAN_POINT('',(1.55362063673,0.2));
#8957=CARTESIAN_POINT('',(1.55362063673,0.299999999999));
#8958=CARTESIAN_POINT('',(0.,0.2));
#8959=CARTESIAN_POINT('',(1.55362063673,0.2));
#8960=CARTESIAN_POINT('',(-0.199971444676,-0.00337954344400004));
#8961=CARTESIAN_POINT('',(-0.201388053750071,0.0804428330735987));
#8962=CARTESIAN_POINT('',(-0.142611199925967,0.1402214165368));
#8963=CARTESIAN_POINT('',(-0.0838343461018628,0.2));
#8964=CARTESIAN_POINT('',(0.,0.2));
#8965=CARTESIAN_POINT('',(75.40450090345,-68.7353937364198,3.68523068707703));
#8966=CARTESIAN_POINT('',(75.40450090345,-68.6287732798638,3.6870325866705));
#8967=CARTESIAN_POINT('',(-0.11,-0.198169545083));
#8968=CARTESIAN_POINT('',(-0.00337954344400004,-0.199971444676));
#8969=CARTESIAN_POINT('',(0.2,0.));
#8970=CARTESIAN_POINT('',(0.2,-0.0838343461018628));
#8971=CARTESIAN_POINT('',(0.1402214165368,-0.142611199925967));
#8972=CARTESIAN_POINT('',(0.0804428330735987,-0.201388053750071));
#8973=CARTESIAN_POINT('',(-0.00337954344400004,-0.199971444676));
#8974=CARTESIAN_POINT('',(0.2,1.55362063673));
#8975=CARTESIAN_POINT('',(0.2,0.));
#8976=CARTESIAN_POINT('',(0.299999999999,1.55362063673));
#8977=CARTESIAN_POINT('',(0.2,1.55362063673));
#8978=CARTESIAN_POINT('',(0.403036055346,1.748027827905));
#8979=CARTESIAN_POINT('',(0.299999999999,1.55362063673));
#8980=CARTESIAN_POINT('',(0.89,1.833892709979));
#8981=CARTESIAN_POINT('',(0.403036055346,1.748027827905));
#8982=CARTESIAN_POINT('',(0.89,1.883892709978));
#8983=CARTESIAN_POINT('',(0.89,1.833892709979));
#8984=CARTESIAN_POINT('',(-0.11,1.883892709978));
#8985=CARTESIAN_POINT('',(0.89,1.883892709978));
#8986=CARTESIAN_POINT('',(75.40450090345,-68.7353937364198,1.60316843201607));
#8987=CARTESIAN_POINT('',(75.40450090345,-68.7353937364198,1.61316843201507));
#8988=CARTESIAN_POINT('',(-0.11,1.883892709978));
#8989=CARTESIAN_POINT('',(-0.11,1.873892709979));
#8990=CARTESIAN_POINT('',(-0.11,-0.198169545083));
#8991=CARTESIAN_POINT('',(-0.11,1.873892709979));
#8992=CARTESIAN_POINT('',(-2.95897956835109,0.));
#8993=CARTESIAN_POINT('',(-3.06561524998887,0.));
#8994=CARTESIAN_POINT('',(-2.95897956835009,0.200000000001));
#8995=CARTESIAN_POINT('',(-2.95897956835109,0.));
#8996=CARTESIAN_POINT('',(-3.06561524998887,0.200000000001));
#8997=CARTESIAN_POINT('',(-2.95897956835009,0.200000000001));
#8998=CARTESIAN_POINT('',(-3.06561524998887,0.));
#8999=CARTESIAN_POINT('',(-3.06561524998887,0.200000000001));
#9000=CARTESIAN_POINT('',(1.672062255062,0.));
#9001=CARTESIAN_POINT('',(1.672062255062,0.200000000001));
#9002=CARTESIAN_POINT('',(1.682062255061,0.));
#9003=CARTESIAN_POINT('',(1.672062255062,0.));
#9004=CARTESIAN_POINT('',(1.682062255061,0.200000000001));
#9005=CARTESIAN_POINT('',(1.682062255061,0.));
#9006=CARTESIAN_POINT('',(1.672062255062,0.200000000001));
#9007=CARTESIAN_POINT('',(1.682062255061,0.200000000001));
#9008=CARTESIAN_POINT('',(75.4045009573186,-69.6853937364208,3.66917554163373));
#9009=CARTESIAN_POINT('',(75.40450090345,-71.5464854892628,3.63772287055765));
#9010=CARTESIAN_POINT('',(-2.00884391119605,0.));
#9011=CARTESIAN_POINT('',(-0.147486400027124,0.));
#9012=CARTESIAN_POINT('',(75.40450090345,-71.5464854892628,3.63772287055765));
#9013=CARTESIAN_POINT('',(75.604500903451,-71.5464854892628,3.63772287055765));
#9014=CARTESIAN_POINT('',(-0.147486400027124,0.));
#9015=CARTESIAN_POINT('',(-0.147486400027124,0.200000000001));
#9016=CARTESIAN_POINT('',(75.604500903451,-71.5464854892628,3.63772287055765));
#9017=CARTESIAN_POINT('',(75.6045009573196,-69.6853937364208,3.66917554163373));
#9018=CARTESIAN_POINT('',(-0.147486400027124,0.200000000001));
#9019=CARTESIAN_POINT('',(-2.00884391119605,0.200000000001));
#9020=CARTESIAN_POINT('',(-2.00884391119605,0.));
#9021=CARTESIAN_POINT('',(-2.00884391119605,0.200000000001));
#9022=CARTESIAN_POINT('',(75.40450090345,-71.5464854892628,3.33273850359614));
#9023=CARTESIAN_POINT('',(75.40450090345,-71.6939508316798,3.33523068707693));
#9024=CARTESIAN_POINT('',(75.40450090345,-71.6939508316804,3.48271708710307));
#9025=CARTESIAN_POINT('',(-2.921091752843,0.154322638398));
#9026=CARTESIAN_POINT('',(-3.06855709526,0.151830454917123));
#9027=CARTESIAN_POINT('',(-3.068557095261,0.00434405489099987));
#9028=CARTESIAN_POINT('',(75.40450090345,-71.6939508316804,3.48271708710307));
#9029=CARTESIAN_POINT('',(75.40450090345,-71.6939508316804,3.48774428705007));
#9030=CARTESIAN_POINT('',(-3.068557095261,0.00434405489099987));
#9031=CARTESIAN_POINT('',(-3.068557095261,-0.00068314505600009));
#9032=CARTESIAN_POINT('',(75.40450090345,-71.6939508316804,3.48774428705007));
#9033=CARTESIAN_POINT('',(75.40450090345,-71.6939508316798,3.63523068707622));
#9034=CARTESIAN_POINT('',(75.40450090345,-71.5464854892628,3.63772287055767));
#9035=CARTESIAN_POINT('',(-3.068557095261,-0.00068314505600009));
#9036=CARTESIAN_POINT('',(-3.06855709526,-0.148169545082139));
#9037=CARTESIAN_POINT('',(-2.921091752843,-0.150661728564));
#9038=CARTESIAN_POINT('',(-1.060000000001,-0.182114421429));
#9039=CARTESIAN_POINT('',(-2.921091752843,-0.150661728564));
#9040=CARTESIAN_POINT('',(-1.060000000001,0.185775331264));
#9041=CARTESIAN_POINT('',(-1.060000000001,-0.182114421429));
#9042=CARTESIAN_POINT('',(75.4045009573186,-69.6853937364208,3.30128578894071));
#9043=CARTESIAN_POINT('',(75.40450090345,-71.5464854892628,3.33273850359615));
#9044=CARTESIAN_POINT('',(-1.060000000001,0.185775331264));
#9045=CARTESIAN_POINT('',(-2.921091752843,0.154322638398));
#9046=CARTESIAN_POINT('',(75.604500903451,-71.6939508316804,3.48774428705007));
#9047=CARTESIAN_POINT('',(75.604500903451,-71.6939508316804,3.48271708710307));
#9048=CARTESIAN_POINT('',(-0.00068314505600009,-3.068557095261));
#9049=CARTESIAN_POINT('',(0.00434405489099987,-3.068557095261));
#9050=CARTESIAN_POINT('',(75.604500903451,-71.6939508316804,3.48271708710307));
#9051=CARTESIAN_POINT('',(75.604500903451,-71.6939508316798,3.33523068707693));
#9052=CARTESIAN_POINT('',(75.604500903451,-71.5464854892628,3.33273850359614));
#9053=CARTESIAN_POINT('',(0.00434405489099987,-3.068557095261));
#9054=CARTESIAN_POINT('',(0.151830454917122,-3.06855709526));
#9055=CARTESIAN_POINT('',(0.154322638398,-2.921091752843));
#9056=CARTESIAN_POINT('',(75.604500903451,-71.5464854892628,3.33273850359615));
#9057=CARTESIAN_POINT('',(75.6045009573196,-69.6853937364208,3.30128578894071));
#9058=CARTESIAN_POINT('',(0.154322638398,-2.921091752843));
#9059=CARTESIAN_POINT('',(0.185775331264,-1.060000000001));
#9060=CARTESIAN_POINT('',(-0.182114421429,-1.060000000001));
#9061=CARTESIAN_POINT('',(0.185775331264,-1.060000000001));
#9062=CARTESIAN_POINT('',(-0.150661728564,-2.921091752843));
#9063=CARTESIAN_POINT('',(-0.182114421429,-1.060000000001));
#9064=CARTESIAN_POINT('',(75.604500903451,-71.5464854892628,3.63772287055765));
#9065=CARTESIAN_POINT('',(75.604500903451,-71.6939508316797,3.6352306870762));
#9066=CARTESIAN_POINT('',(75.604500903451,-71.6939508316804,3.48774428705007));
#9067=CARTESIAN_POINT('',(-0.150661728564,-2.921091752843));
#9068=CARTESIAN_POINT('',(-0.148169545082139,-3.06855709526));
#9069=CARTESIAN_POINT('',(-0.00068314505600009,-3.068557095261));
#9070=CARTESIAN_POINT('',(0.147486400027124,0.200000000001));
#9071=CARTESIAN_POINT('',(2.00884391119606,0.200000000001));
#9072=CARTESIAN_POINT('',(75.604500903451,-71.5464854892628,3.33273850359615));
#9073=CARTESIAN_POINT('',(75.40450090345,-71.5464854892628,3.33273850359615));
#9074=CARTESIAN_POINT('',(0.147486400027124,0.200000000001));
#9075=CARTESIAN_POINT('',(0.147486400027124,0.));
#9076=CARTESIAN_POINT('',(2.00884391119606,0.));
#9077=CARTESIAN_POINT('',(0.147486400027124,0.));
#9078=CARTESIAN_POINT('',(2.00884391119606,0.200000000001));
#9079=CARTESIAN_POINT('',(2.00884391119606,0.));
#9080=CARTESIAN_POINT('',(0.152513599974,0.));
#9081=CARTESIAN_POINT('',(0.147486400027,0.));
#9082=CARTESIAN_POINT('',(75.40450090345,-71.6939508316804,3.48271708710307));
#9083=CARTESIAN_POINT('',(75.604500903451,-71.6939508316804,3.48271708710307));
#9084=CARTESIAN_POINT('',(0.152513599974,0.));
#9085=CARTESIAN_POINT('',(0.152513599974,0.200000000001));
#9086=CARTESIAN_POINT('',(0.147486400027,0.200000000001));
#9087=CARTESIAN_POINT('',(0.152513599974,0.200000000001));
#9088=CARTESIAN_POINT('',(75.604500903451,-71.6939508316804,3.48774428705007));
#9089=CARTESIAN_POINT('',(75.40450090345,-71.6939508316804,3.48774428705007));
#9090=CARTESIAN_POINT('',(0.147486400027,0.200000000001));
#9091=CARTESIAN_POINT('',(0.147486400027,0.));
#9092=CARTESIAN_POINT('',(76.404500903451,-68.6287732798638,3.6870325866705));
#9093=CARTESIAN_POINT('',(76.604500903451,-68.6287732798638,3.6870325866705));
#9094=CARTESIAN_POINT('',(4.7310935016138,0.0212000000000003));
#9095=CARTESIAN_POINT('',(4.7310935016138,0.2212));
#9096=CARTESIAN_POINT('',(76.604500903451,-68.6287732798638,3.6870325866705));
#9097=CARTESIAN_POINT('',(76.604500903451,-68.5449509033461,3.68844919574439));
#9098=CARTESIAN_POINT('',(76.604500903451,-68.4851723198829,3.62967234192019));
#9099=CARTESIAN_POINT('',(76.604500903451,-68.4253937364198,3.57089548809598));
#9100=CARTESIAN_POINT('',(76.604500903451,-68.4253937364198,3.48706114199407));
#9101=CARTESIAN_POINT('',(4.7310935016138,0.2212));
#9102=CARTESIAN_POINT('',(3.14159265358979,0.2212));
#9103=CARTESIAN_POINT('',(76.604500903451,-68.4253937364198,3.48706114199407));
#9104=CARTESIAN_POINT('',(76.404500903451,-68.4253937364198,3.48706114199407));
#9105=CARTESIAN_POINT('',(3.14159265358979,0.2212));
#9106=CARTESIAN_POINT('',(3.14159265358979,0.0212000000000003));
#9107=CARTESIAN_POINT('',(76.404500903451,-68.4253937364198,3.48706114199407));
#9108=CARTESIAN_POINT('',(76.404500903451,-68.4253937364198,3.57089548809599));
#9109=CARTESIAN_POINT('',(76.404500903451,-68.4851723198829,3.6296723419202));
#9110=CARTESIAN_POINT('',(76.404500903451,-68.5449509033461,3.68844919574441));
#9111=CARTESIAN_POINT('',(76.404500903451,-68.6287732798638,3.68703258667052));
#9112=CARTESIAN_POINT('',(3.14159265358979,0.0212000000000003));
#9113=CARTESIAN_POINT('',(4.7310935016138,0.0212000000000003));
#9114=CARTESIAN_POINT('',(1.55362063673,0.2));
#9115=CARTESIAN_POINT('',(1.55362063673,0.));
#9116=CARTESIAN_POINT('',(76.604500903451,-68.4253937364198,3.48706114199407));
#9117=CARTESIAN_POINT('',(76.604500903451,-68.4253937364198,1.93344050526407));
#9118=CARTESIAN_POINT('',(1.55362063673,0.2));
#9119=CARTESIAN_POINT('',(0.,0.2));
#9120=CARTESIAN_POINT('',(76.604500903451,-68.4253937364198,1.93344050526407));
#9121=CARTESIAN_POINT('',(76.404500903451,-68.4253937364198,1.93344050526407));
#9122=CARTESIAN_POINT('',(0.,0.2));
#9123=CARTESIAN_POINT('',(0.,0.));
#9124=CARTESIAN_POINT('',(76.404500903451,-68.4253937364198,1.93344050526407));
#9125=CARTESIAN_POINT('',(76.404500903451,-68.4253937364198,3.48706114199407));
#9126=CARTESIAN_POINT('',(0.,0.));
#9127=CARTESIAN_POINT('',(1.55362063673,0.));
#9128=CARTESIAN_POINT('',(0.2,-0.099999999999));
#9129=CARTESIAN_POINT('',(0.,-0.099999999999));
#9130=CARTESIAN_POINT('',(76.604500903451,-68.4253937364198,1.93344050526407));
#9131=CARTESIAN_POINT('',(76.604500903451,-68.3253937364206,1.93344050526416));
#9132=CARTESIAN_POINT('',(0.2,-0.099999999999));
#9133=CARTESIAN_POINT('',(0.2,0.));
#9134=CARTESIAN_POINT('',(76.604500903451,-68.3253937364206,1.93344050526416));
#9135=CARTESIAN_POINT('',(76.404500903451,-68.3253937364206,1.93344050526416));
#9136=CARTESIAN_POINT('',(0.2,0.));
#9137=CARTESIAN_POINT('',(0.,0.));
#9138=CARTESIAN_POINT('',(76.404500903451,-68.3253937364206,1.93344050526416));
#9139=CARTESIAN_POINT('',(76.404500903451,-68.4253937364198,1.93344050526407));
#9140=CARTESIAN_POINT('',(0.,0.));
#9141=CARTESIAN_POINT('',(0.,-0.099999999999));
#9142=CARTESIAN_POINT('',(0.220024054780433,0.2));
#9143=CARTESIAN_POINT('',(0.220024054780433,0.));
#9144=CARTESIAN_POINT('',(76.604500903451,-68.3253937364206,1.93344050526416));
#9145=CARTESIAN_POINT('',(76.604500903451,-68.2223576810737,1.73903331408916));
#9146=CARTESIAN_POINT('',(0.220024054780433,0.2));
#9147=CARTESIAN_POINT('',(2.45240616998512E-17,0.2));
#9148=CARTESIAN_POINT('',(76.604500903451,-68.2223576810737,1.73903331408916));
#9149=CARTESIAN_POINT('',(76.404500903451,-68.2223576810737,1.73903331408916));
#9150=CARTESIAN_POINT('',(2.45240616998512E-17,0.2));
#9151=CARTESIAN_POINT('',(2.45240616998512E-17,0.));
#9152=CARTESIAN_POINT('',(76.404500903451,-68.2223576810737,1.73903331408916));
#9153=CARTESIAN_POINT('',(76.404500903451,-68.3253937364206,1.93344050526416));
#9154=CARTESIAN_POINT('',(2.45240616998512E-17,0.));
#9155=CARTESIAN_POINT('',(0.220024054780433,0.));
#9156=CARTESIAN_POINT('',(0.494476148430403,0.2));
#9157=CARTESIAN_POINT('',(0.494476148430403,0.));
#9158=CARTESIAN_POINT('',(76.604500903451,-68.2223576810737,1.73903331408916));
#9159=CARTESIAN_POINT('',(76.604500903451,-67.7353937364198,1.65316843201507));
#9160=CARTESIAN_POINT('',(0.494476148430403,0.2));
#9161=CARTESIAN_POINT('',(-3.61477884429494E-18,0.2));
#9162=CARTESIAN_POINT('',(76.604500903451,-67.7353937364198,1.65316843201507));
#9163=CARTESIAN_POINT('',(76.404500903451,-67.7353937364198,1.65316843201507));
#9164=CARTESIAN_POINT('',(-3.61477884429494E-18,0.2));
#9165=CARTESIAN_POINT('',(-3.61477884429494E-18,0.));
#9166=CARTESIAN_POINT('',(76.404500903451,-67.7353937364198,1.65316843201507));
#9167=CARTESIAN_POINT('',(76.404500903451,-68.2223576810737,1.73903331408916));
#9168=CARTESIAN_POINT('',(-3.61477884429494E-18,0.));
#9169=CARTESIAN_POINT('',(0.494476148430403,0.));
#9170=CARTESIAN_POINT('',(0.,0.2));
#9171=CARTESIAN_POINT('',(0.,0.));
#9172=CARTESIAN_POINT('',(76.604500903451,-67.7353937364198,1.65316843201507));
#9173=CARTESIAN_POINT('',(76.604500903451,-67.7353937364198,1.60316843201607));
#9174=CARTESIAN_POINT('',(0.,0.2));
#9175=CARTESIAN_POINT('',(-0.049999999999,0.2));
#9176=CARTESIAN_POINT('',(76.604500903451,-67.7353937364198,1.60316843201607));
#9177=CARTESIAN_POINT('',(76.404500903451,-67.7353937364198,1.60316843201607));
#9178=CARTESIAN_POINT('',(-0.049999999999,0.2));
#9179=CARTESIAN_POINT('',(-0.049999999999,0.));
#9180=CARTESIAN_POINT('',(76.404500903451,-67.7353937364198,1.60316843201607));
#9181=CARTESIAN_POINT('',(76.404500903451,-67.7353937364198,1.65316843201507));
#9182=CARTESIAN_POINT('',(-0.049999999999,0.));
#9183=CARTESIAN_POINT('',(0.,0.));
#9184=CARTESIAN_POINT('',(1.,0.2));
#9185=CARTESIAN_POINT('',(1.,0.));
#9186=CARTESIAN_POINT('',(76.604500903451,-67.7353937364198,1.60316843201607));
#9187=CARTESIAN_POINT('',(76.604500903451,-68.7353937364198,1.60316843201607));
#9188=CARTESIAN_POINT('',(1.,0.2));
#9189=CARTESIAN_POINT('',(0.,0.2));
#9190=CARTESIAN_POINT('',(76.604500903451,-68.7353937364198,1.60316843201607));
#9191=CARTESIAN_POINT('',(76.404500903451,-68.7353937364198,1.60316843201607));
#9192=CARTESIAN_POINT('',(0.,0.2));
#9193=CARTESIAN_POINT('',(0.,0.));
#9194=CARTESIAN_POINT('',(76.404500903451,-68.7353937364198,1.60316843201607));
#9195=CARTESIAN_POINT('',(76.404500903451,-67.7353937364198,1.60316843201607));
#9196=CARTESIAN_POINT('',(0.,0.));
#9197=CARTESIAN_POINT('',(1.,0.));
#9198=CARTESIAN_POINT('',(76.604500903451,-68.6287732798638,3.6870325866705));
#9199=CARTESIAN_POINT('',(76.604500903451,-68.7353937364204,3.68523068707702));
#9200=CARTESIAN_POINT('',(-0.199971444676,-0.00337954344400004));
#9201=CARTESIAN_POINT('',(-0.198169545083,-0.110000000001));
#9202=CARTESIAN_POINT('',(1.873892709979,-0.11));
#9203=CARTESIAN_POINT('',(-0.198169545083,-0.110000000001));
#9204=CARTESIAN_POINT('',(76.604500903451,-68.7353937364198,1.61316843201507));
#9205=CARTESIAN_POINT('',(76.604500903451,-68.7353937364198,1.60316843201607));
#9206=CARTESIAN_POINT('',(1.873892709979,-0.11));
#9207=CARTESIAN_POINT('',(1.883892709978,-0.11));
#9208=CARTESIAN_POINT('',(1.883892709978,0.89));
#9209=CARTESIAN_POINT('',(1.883892709978,-0.11));
#9210=CARTESIAN_POINT('',(1.833892709979,0.89));
#9211=CARTESIAN_POINT('',(1.883892709978,0.89));
#9212=CARTESIAN_POINT('',(1.748027827905,0.403036055346));
#9213=CARTESIAN_POINT('',(1.833892709979,0.89));
#9214=CARTESIAN_POINT('',(1.55362063673,0.299999999999));
#9215=CARTESIAN_POINT('',(1.748027827905,0.403036055346));
#9216=CARTESIAN_POINT('',(1.55362063673,0.2));
#9217=CARTESIAN_POINT('',(1.55362063673,0.299999999999));
#9218=CARTESIAN_POINT('',(0.,0.2));
#9219=CARTESIAN_POINT('',(1.55362063673,0.2));
#9220=CARTESIAN_POINT('',(-0.199971444676,-0.00337954344400004));
#9221=CARTESIAN_POINT('',(-0.201388053750071,0.0804428330735987));
#9222=CARTESIAN_POINT('',(-0.142611199925967,0.1402214165368));
#9223=CARTESIAN_POINT('',(-0.0838343461018628,0.2));
#9224=CARTESIAN_POINT('',(0.,0.2));
#9225=CARTESIAN_POINT('',(76.404500903451,-68.7353937364198,3.68523068707703));
#9226=CARTESIAN_POINT('',(76.404500903451,-68.6287732798638,3.6870325866705));
#9227=CARTESIAN_POINT('',(-0.11,-0.198169545083));
#9228=CARTESIAN_POINT('',(-0.00337954344400004,-0.199971444676));
#9229=CARTESIAN_POINT('',(0.2,0.));
#9230=CARTESIAN_POINT('',(0.2,-0.0838343461018628));
#9231=CARTESIAN_POINT('',(0.1402214165368,-0.142611199925967));
#9232=CARTESIAN_POINT('',(0.0804428330735987,-0.201388053750071));
#9233=CARTESIAN_POINT('',(-0.00337954344400004,-0.199971444676));
#9234=CARTESIAN_POINT('',(0.2,1.55362063673));
#9235=CARTESIAN_POINT('',(0.2,0.));
#9236=CARTESIAN_POINT('',(0.299999999999,1.55362063673));
#9237=CARTESIAN_POINT('',(0.2,1.55362063673));
#9238=CARTESIAN_POINT('',(0.403036055346,1.748027827905));
#9239=CARTESIAN_POINT('',(0.299999999999,1.55362063673));
#9240=CARTESIAN_POINT('',(0.89,1.833892709979));
#9241=CARTESIAN_POINT('',(0.403036055346,1.748027827905));
#9242=CARTESIAN_POINT('',(0.89,1.883892709978));
#9243=CARTESIAN_POINT('',(0.89,1.833892709979));
#9244=CARTESIAN_POINT('',(-0.11,1.883892709978));
#9245=CARTESIAN_POINT('',(0.89,1.883892709978));
#9246=CARTESIAN_POINT('',(76.404500903451,-68.7353937364198,1.60316843201607));
#9247=CARTESIAN_POINT('',(76.404500903451,-68.7353937364198,1.61316843201507));
#9248=CARTESIAN_POINT('',(-0.11,1.883892709978));
#9249=CARTESIAN_POINT('',(-0.11,1.873892709979));
#9250=CARTESIAN_POINT('',(-0.11,-0.198169545083));
#9251=CARTESIAN_POINT('',(-0.11,1.873892709979));
#9252=CARTESIAN_POINT('',(-2.95897956835109,0.));
#9253=CARTESIAN_POINT('',(-3.06561524998887,0.));
#9254=CARTESIAN_POINT('',(-2.95897956835009,0.2));
#9255=CARTESIAN_POINT('',(-2.95897956835109,0.));
#9256=CARTESIAN_POINT('',(-3.06561524998887,0.2));
#9257=CARTESIAN_POINT('',(-2.95897956835009,0.2));
#9258=CARTESIAN_POINT('',(-3.06561524998887,0.));
#9259=CARTESIAN_POINT('',(-3.06561524998887,0.2));
#9260=CARTESIAN_POINT('',(1.672062255062,0.));
#9261=CARTESIAN_POINT('',(1.672062255062,0.2));
#9262=CARTESIAN_POINT('',(1.682062255061,0.));
#9263=CARTESIAN_POINT('',(1.672062255062,0.));
#9264=CARTESIAN_POINT('',(1.682062255061,0.2));
#9265=CARTESIAN_POINT('',(1.682062255061,0.));
#9266=CARTESIAN_POINT('',(1.672062255062,0.2));
#9267=CARTESIAN_POINT('',(1.682062255061,0.2));
#9268=CARTESIAN_POINT('',(76.4045009573196,-69.6853937364208,3.66917554163373));
#9269=CARTESIAN_POINT('',(76.404500903451,-71.5464854892628,3.63772287055765));
#9270=CARTESIAN_POINT('',(-2.00884391119605,0.));
#9271=CARTESIAN_POINT('',(-0.147486400027124,0.));
#9272=CARTESIAN_POINT('',(76.404500903451,-71.5464854892628,3.63772287055765));
#9273=CARTESIAN_POINT('',(76.604500903451,-71.5464854892628,3.63772287055765));
#9274=CARTESIAN_POINT('',(-0.147486400027124,0.));
#9275=CARTESIAN_POINT('',(-0.147486400027124,0.2));
#9276=CARTESIAN_POINT('',(76.604500903451,-71.5464854892628,3.63772287055765));
#9277=CARTESIAN_POINT('',(76.6045009573196,-69.6853937364208,3.66917554163373));
#9278=CARTESIAN_POINT('',(-0.147486400027124,0.2));
#9279=CARTESIAN_POINT('',(-2.00884391119605,0.2));
#9280=CARTESIAN_POINT('',(-2.00884391119605,0.));
#9281=CARTESIAN_POINT('',(-2.00884391119605,0.2));
#9282=CARTESIAN_POINT('',(76.404500903451,-71.5464854892628,3.33273850359614));
#9283=CARTESIAN_POINT('',(76.404500903451,-71.6939508316798,3.33523068707693));
#9284=CARTESIAN_POINT('',(76.404500903451,-71.6939508316804,3.48271708710307));
#9285=CARTESIAN_POINT('',(-2.921091752843,0.154322638398));
#9286=CARTESIAN_POINT('',(-3.06855709526,0.151830454917123));
#9287=CARTESIAN_POINT('',(-3.068557095261,0.00434405489099987));
#9288=CARTESIAN_POINT('',(76.404500903451,-71.6939508316804,3.48271708710307));
#9289=CARTESIAN_POINT('',(76.404500903451,-71.6939508316804,3.48774428705007));
#9290=CARTESIAN_POINT('',(-3.068557095261,0.00434405489099987));
#9291=CARTESIAN_POINT('',(-3.068557095261,-0.00068314505600009));
#9292=CARTESIAN_POINT('',(76.404500903451,-71.6939508316804,3.48774428705007));
#9293=CARTESIAN_POINT('',(76.404500903451,-71.6939508316798,3.63523068707621));
#9294=CARTESIAN_POINT('',(76.404500903451,-71.5464854892628,3.63772287055766));
#9295=CARTESIAN_POINT('',(-3.068557095261,-0.00068314505600009));
#9296=CARTESIAN_POINT('',(-3.06855709526,-0.148169545082139));
#9297=CARTESIAN_POINT('',(-2.921091752843,-0.150661728564));
#9298=CARTESIAN_POINT('',(-1.060000000001,-0.182114421429));
#9299=CARTESIAN_POINT('',(-2.921091752843,-0.150661728564));
#9300=CARTESIAN_POINT('',(-1.060000000001,0.185775331264));
#9301=CARTESIAN_POINT('',(-1.060000000001,-0.182114421429));
#9302=CARTESIAN_POINT('',(76.4045009573196,-69.6853937364208,3.30128578894071));
#9303=CARTESIAN_POINT('',(76.404500903451,-71.5464854892628,3.33273850359615));
#9304=CARTESIAN_POINT('',(-1.060000000001,0.185775331264));
#9305=CARTESIAN_POINT('',(-2.921091752843,0.154322638398));
#9306=CARTESIAN_POINT('',(76.604500903451,-71.6939508316804,3.48774428705007));
#9307=CARTESIAN_POINT('',(76.604500903451,-71.6939508316804,3.48271708710307));
#9308=CARTESIAN_POINT('',(-0.00068314505600009,-3.068557095261));
#9309=CARTESIAN_POINT('',(0.00434405489099987,-3.068557095261));
#9310=CARTESIAN_POINT('',(76.604500903451,-71.6939508316804,3.48271708710307));
#9311=CARTESIAN_POINT('',(76.604500903451,-71.6939508316798,3.33523068707693));
#9312=CARTESIAN_POINT('',(76.604500903451,-71.5464854892628,3.33273850359614));
#9313=CARTESIAN_POINT('',(0.00434405489099987,-3.068557095261));
#9314=CARTESIAN_POINT('',(0.151830454917122,-3.06855709526));
#9315=CARTESIAN_POINT('',(0.154322638398,-2.921091752843));
#9316=CARTESIAN_POINT('',(76.604500903451,-71.5464854892628,3.33273850359615));
#9317=CARTESIAN_POINT('',(76.6045009573196,-69.6853937364208,3.30128578894071));
#9318=CARTESIAN_POINT('',(0.154322638398,-2.921091752843));
#9319=CARTESIAN_POINT('',(0.185775331264,-1.060000000001));
#9320=CARTESIAN_POINT('',(-0.182114421429,-1.060000000001));
#9321=CARTESIAN_POINT('',(0.185775331264,-1.060000000001));
#9322=CARTESIAN_POINT('',(-0.150661728564,-2.921091752843));
#9323=CARTESIAN_POINT('',(-0.182114421429,-1.060000000001));
#9324=CARTESIAN_POINT('',(76.604500903451,-71.5464854892628,3.63772287055765));
#9325=CARTESIAN_POINT('',(76.604500903451,-71.6939508316797,3.6352306870762));
#9326=CARTESIAN_POINT('',(76.604500903451,-71.6939508316804,3.48774428705007));
#9327=CARTESIAN_POINT('',(-0.150661728564,-2.921091752843));
#9328=CARTESIAN_POINT('',(-0.148169545082139,-3.06855709526));
#9329=CARTESIAN_POINT('',(-0.00068314505600009,-3.068557095261));
#9330=CARTESIAN_POINT('',(0.147486400027124,0.2));
#9331=CARTESIAN_POINT('',(2.00884391119606,0.2));
#9332=CARTESIAN_POINT('',(76.604500903451,-71.5464854892628,3.33273850359615));
#9333=CARTESIAN_POINT('',(76.404500903451,-71.5464854892628,3.33273850359615));
#9334=CARTESIAN_POINT('',(0.147486400027124,0.2));
#9335=CARTESIAN_POINT('',(0.147486400027124,0.));
#9336=CARTESIAN_POINT('',(2.00884391119606,0.));
#9337=CARTESIAN_POINT('',(0.147486400027124,0.));
#9338=CARTESIAN_POINT('',(2.00884391119606,0.2));
#9339=CARTESIAN_POINT('',(2.00884391119606,0.));
#9340=CARTESIAN_POINT('',(0.152513599974,0.));
#9341=CARTESIAN_POINT('',(0.147486400027,0.));
#9342=CARTESIAN_POINT('',(76.404500903451,-71.6939508316804,3.48271708710307));
#9343=CARTESIAN_POINT('',(76.604500903451,-71.6939508316804,3.48271708710307));
#9344=CARTESIAN_POINT('',(0.152513599974,0.));
#9345=CARTESIAN_POINT('',(0.152513599974,0.2));
#9346=CARTESIAN_POINT('',(0.147486400027,0.2));
#9347=CARTESIAN_POINT('',(0.152513599974,0.2));
#9348=CARTESIAN_POINT('',(76.604500903451,-71.6939508316804,3.48774428705007));
#9349=CARTESIAN_POINT('',(76.404500903451,-71.6939508316804,3.48774428705007));
#9350=CARTESIAN_POINT('',(0.147486400027,0.2));
#9351=CARTESIAN_POINT('',(0.147486400027,0.));
#9352=CARTESIAN_POINT('',(4.69368445916293,0.0212));
#9353=CARTESIAN_POINT('',(3.14159265358979,0.0212));
#9354=CARTESIAN_POINT('',(4.69368445916293,0.2212));
#9355=CARTESIAN_POINT('',(4.69368445916293,0.0212));
#9356=CARTESIAN_POINT('',(3.14159265358979,0.2212));
#9357=CARTESIAN_POINT('',(4.69368445916293,0.2212));
#9358=CARTESIAN_POINT('',(3.14159265358979,0.0212));
#9359=CARTESIAN_POINT('',(3.14159265358979,0.2212));
#9360=CARTESIAN_POINT('',(3.14159265358979,0.0212));
#9361=CARTESIAN_POINT('',(1.58950084801653,0.0212));
#9362=CARTESIAN_POINT('',(3.14159265358979,0.2212));
#9363=CARTESIAN_POINT('',(3.14159265358979,0.0212));
#9364=CARTESIAN_POINT('',(1.58950084801653,0.2212));
#9365=CARTESIAN_POINT('',(3.14159265358979,0.2212));
#9366=CARTESIAN_POINT('',(1.58950084801653,0.0212));
#9367=CARTESIAN_POINT('',(1.58950084801653,0.2212));
#9368=CARTESIAN_POINT('',(4.69368445916293,0.0212000000001));
#9369=CARTESIAN_POINT('',(3.14159265358979,0.0212000000001));
#9370=CARTESIAN_POINT('',(4.69368445916293,0.2212000000011));
#9371=CARTESIAN_POINT('',(4.69368445916293,0.0212000000001));
#9372=CARTESIAN_POINT('',(3.14159265358979,0.2212000000011));
#9373=CARTESIAN_POINT('',(4.69368445916293,0.2212000000011));
#9374=CARTESIAN_POINT('',(3.14159265358979,0.0212000000001));
#9375=CARTESIAN_POINT('',(3.14159265358979,0.2212000000011));
#9376=CARTESIAN_POINT('',(3.14159265358979,0.0212000000000998));
#9377=CARTESIAN_POINT('',(1.58950084801653,0.0212000000000998));
#9378=CARTESIAN_POINT('',(3.14159265358979,0.2212000000011));
#9379=CARTESIAN_POINT('',(3.14159265358979,0.0212000000000998));
#9380=CARTESIAN_POINT('',(1.58950084801653,0.2212000000011));
#9381=CARTESIAN_POINT('',(3.14159265358979,0.2212000000011));
#9382=CARTESIAN_POINT('',(1.58950084801653,0.0212000000000998));
#9383=CARTESIAN_POINT('',(1.58950084801653,0.2212000000011));
#9384=CARTESIAN_POINT('',(4.69368445916293,0.0211999999999999));
#9385=CARTESIAN_POINT('',(3.14159265358979,0.0211999999999999));
#9386=CARTESIAN_POINT('',(4.69368445916293,0.2212));
#9387=CARTESIAN_POINT('',(4.69368445916293,0.0211999999999999));
#9388=CARTESIAN_POINT('',(3.14159265358979,0.2212));
#9389=CARTESIAN_POINT('',(4.69368445916293,0.2212));
#9390=CARTESIAN_POINT('',(3.14159265358979,0.0211999999999999));
#9391=CARTESIAN_POINT('',(3.14159265358979,0.2212));
#9392=CARTESIAN_POINT('',(3.14159265358979,0.0211999999999999));
#9393=CARTESIAN_POINT('',(1.58950084801653,0.0211999999999999));
#9394=CARTESIAN_POINT('',(3.14159265358979,0.2212));
#9395=CARTESIAN_POINT('',(3.14159265358979,0.0211999999999999));
#9396=CARTESIAN_POINT('',(1.58950084801653,0.2212));
#9397=CARTESIAN_POINT('',(3.14159265358979,0.2212));
#9398=CARTESIAN_POINT('',(1.58950084801653,0.0211999999999999));
#9399=CARTESIAN_POINT('',(1.58950084801653,0.2212));
#9400=CARTESIAN_POINT('',(0.,0.,0.));
#9401=(
GEOMETRIC_REPRESENTATION_CONTEXT(2)
PARAMETRIC_REPRESENTATION_CONTEXT()
REPRESENTATION_CONTEXT('pspace','')
);
ENDSEC;
END-ISO-10303-21;
