ISO-10303-21;
HEADER;
/* Generated by software containing ST-Developer
 * from STEP Tools, Inc. (www.steptools.com) 
 */
/* OPTION: using custom schema-name function */

FILE_DESCRIPTION(
/* description */ (''),
/* implementation_level */ '2;1');

FILE_NAME(
/* name */ 'HOTSWA~1',
/* time_stamp */ '2026-07-02T23:37:39+08:00',
/* author */ (''),
/* organization */ (''),
/* preprocessor_version */ 'ST-DEVELOPER v15',
/* originating_system */ '',
/* authorisation */ '');

FILE_SCHEMA (('AUTOMOTIVE_DESIGN'));
ENDSEC;

DATA;
#10=(
REPRESENTATION_RELATIONSHIP('','',#7235,#7234)
REPRESENTATION_RELATIONSHIP_WITH_TRANSFORMATION(#12)
SHAPE_REPRESENTATION_RELATIONSHIP()
);
#11=(
REPRESENTATION_RELATIONSHIP('','',#7235,#7234)
REPRESENTATION_RELATIONSHIP_WITH_TRANSFORMATION(#13)
SHAPE_REPRESENTATION_RELATIONSHIP()
);
#12=ITEM_DEFINED_TRANSFORMATION('','',#7301,#7368);
#13=ITEM_DEFINED_TRANSFORMATION('','',#7301,#7369);
#14=CONTEXT_DEPENDENT_SHAPE_REPRESENTATION(#10,#7200);
#15=CONTEXT_DEPENDENT_SHAPE_REPRESENTATION(#11,#7201);
#16=NEXT_ASSEMBLY_USAGE_OCCURRENCE('','','',#7204,#7205,'');
#17=NEXT_ASSEMBLY_USAGE_OCCURRENCE('','','',#7204,#7205,'');
#18=SHAPE_REPRESENTATION_RELATIONSHIP('','',#7235,#33);
#19=SHAPE_REPRESENTATION_RELATIONSHIP('','',#7234,#32);
#20=B_SPLINE_SURFACE_WITH_KNOTS('',3,3,((#12103,#12104,#12105,#12106,#12107,
#12108,#12109,#12110,#12111),(#12112,#12113,#12114,#12115,#12116,#12117,
#12118,#12119,#12120),(#12121,#12122,#12123,#12124,#12125,#12126,#12127,
#12128,#12129),(#12130,#12131,#12132,#12133,#12134,#12135,#12136,#12137,
#12138)),.UNSPECIFIED.,.F.,.F.,.F.,(4,4),(4,1,1,1,1,1,4),(0.,1.),(0.,0.079693655393386,
0.289786709081968,0.499879762770551,0.709972816459133,0.920065870147715,
1.),.UNSPECIFIED.);
#21=B_SPLINE_SURFACE_WITH_KNOTS('',3,3,((#12157,#12158,#12159,#12160),(#12161,
#12162,#12163,#12164),(#12165,#12166,#12167,#12168),(#12169,#12170,#12171,
#12172),(#12173,#12174,#12175,#12176),(#12177,#12178,#12179,#12180),(#12181,
#12182,#12183,#12184),(#12185,#12186,#12187,#12188),(#12189,#12190,#12191,
#12192)),.UNSPECIFIED.,.F.,.F.,.F.,(4,1,1,1,1,1,4),(4,4),(0.,0.079693655393386,
0.289786709081968,0.499879762770551,0.709972816459133,0.920065870147715,
1.),(0.,1.),.UNSPECIFIED.);
#22=B_SPLINE_SURFACE_WITH_KNOTS('',3,3,((#12391,#12392,#12393,#12394),(#12395,
#12396,#12397,#12398),(#12399,#12400,#12401,#12402),(#12403,#12404,#12405,
#12406),(#12407,#12408,#12409,#12410),(#12411,#12412,#12413,#12414),(#12415,
#12416,#12417,#12418),(#12419,#12420,#12421,#12422),(#12423,#12424,#12425,
#12426)),.UNSPECIFIED.,.F.,.F.,.F.,(4,1,1,1,1,1,4),(4,4),(0.,0.079693655393386,
0.289786709081968,0.499879762770551,0.709972816459133,0.920065870147715,
1.),(0.,1.),.UNSPECIFIED.);
#23=B_SPLINE_SURFACE_WITH_KNOTS('',3,3,((#12463,#12464,#12465,#12466,#12467,
#12468,#12469,#12470,#12471),(#12472,#12473,#12474,#12475,#12476,#12477,
#12478,#12479,#12480),(#12481,#12482,#12483,#12484,#12485,#12486,#12487,
#12488,#12489),(#12490,#12491,#12492,#12493,#12494,#12495,#12496,#12497,
#12498)),.UNSPECIFIED.,.F.,.F.,.F.,(4,4),(4,1,1,1,1,1,4),(0.,1.),(0.,0.0796936553933783,
0.289786709081962,0.499879762770546,0.709972816459131,0.920065870147715,
1.),.UNSPECIFIED.);
#24=PRESENTATION_LAYER_ASSIGNMENT('\X2\98848BBE503C\X0\','',(#28));
#25=PRESENTATION_LAYER_ASSIGNMENT('\X2\98848BBE503C\X0\','',(#29));
#26=PRESENTATION_LAYER_ASSIGNMENT('\X2\98848BBE503C\X0\','',(#30));
#27=PRESENTATION_LAYER_ASSIGNMENT('\X2\98848BBE503C\X0\','',(#31));
#28=MANIFOLD_SOLID_BREP('brep_1',#34);
#29=MANIFOLD_SOLID_BREP('brep_1',#35);
#30=MANIFOLD_SOLID_BREP('brep_2',#36);
#31=MANIFOLD_SOLID_BREP('brep_3',#37);
#32=ADVANCED_BREP_SHAPE_REPRESENTATION('brep_rep_0',(#28,#7370),#7232);
#33=ADVANCED_BREP_SHAPE_REPRESENTATION('brep_rep_0',(#29,#30,#31,#7367),
#7233);
#34=CLOSED_SHELL('',(#48,#49,#50,#51,#52,#53,#54,#55,#56,#57,#58,#59,#60,
#61,#62,#63,#64,#65,#66,#67,#68,#69,#70,#71,#72,#73,#74,#75,#76,#77,#78,
#79,#80,#81,#82,#83,#84,#85,#86,#87,#88,#89,#90,#91,#92,#93,#94,#95,#96,
#97,#98,#99,#100,#101,#102,#103,#104,#105,#106,#107,#108,#109,#110,#111,
#112,#113,#114,#115,#116,#117,#118,#119,#120,#121,#122,#123,#124,#125,#126,
#127,#128,#129,#130,#131,#132,#133,#134,#135,#136,#137,#138,#139,#140,#141,
#142,#143,#144,#145,#146,#147,#148,#149,#150,#151,#152,#153,#154,#155,#156,
#157,#158,#159,#160,#161,#162));
#35=CLOSED_SHELL('',(#163,#164,#165,#166,#167,#168,#169,#170,#171,#172));
#36=CLOSED_SHELL('',(#173,#174,#175,#176,#177,#178,#179,#180,#181,#182));
#37=CLOSED_SHELL('',(#183,#184,#185,#186,#187,#188,#189,#190,#191,#192,
#193,#194,#195,#196,#197,#198,#199,#200,#201,#202,#203,#204,#205,#206,#207,
#208,#209,#210,#211,#212,#213,#214,#215,#216,#217,#218,#219,#220,#221,#222,
#223,#224,#225,#226,#227,#228,#229,#230,#231,#232,#233,#234,#235,#236,#237,
#238,#239,#240,#241,#242,#243,#244,#245,#246,#247,#248,#249,#250,#251,#252,
#253,#254,#255));
#38=FACE_BOUND('',#493,.T.);
#39=FACE_BOUND('',#531,.T.);
#40=FACE_BOUND('',#555,.T.);
#41=FACE_BOUND('',#556,.T.);
#42=FACE_BOUND('',#557,.T.);
#43=FACE_BOUND('',#558,.T.);
#44=FACE_BOUND('',#559,.T.);
#45=FACE_BOUND('',#560,.T.);
#46=FACE_BOUND('',#561,.T.);
#47=FACE_BOUND('',#562,.T.);
#48=ADVANCED_FACE('',(#256),#7067,.T.);
#49=ADVANCED_FACE('',(#257),#7068,.T.);
#50=ADVANCED_FACE('',(#258),#7069,.T.);
#51=ADVANCED_FACE('',(#259),#7070,.T.);
#52=ADVANCED_FACE('',(#260),#7071,.T.);
#53=ADVANCED_FACE('',(#261),#7072,.T.);
#54=ADVANCED_FACE('',(#262),#7073,.T.);
#55=ADVANCED_FACE('',(#263),#6992,.T.);
#56=ADVANCED_FACE('',(#264),#7074,.T.);
#57=ADVANCED_FACE('',(#265),#6993,.T.);
#58=ADVANCED_FACE('',(#266),#6994,.T.);
#59=ADVANCED_FACE('',(#267),#6995,.T.);
#60=ADVANCED_FACE('',(#268),#7075,.T.);
#61=ADVANCED_FACE('',(#269),#6996,.T.);
#62=ADVANCED_FACE('',(#270),#6997,.T.);
#63=ADVANCED_FACE('',(#271),#6998,.T.);
#64=ADVANCED_FACE('',(#272),#7076,.T.);
#65=ADVANCED_FACE('',(#273),#7077,.T.);
#66=ADVANCED_FACE('',(#274),#7078,.T.);
#67=ADVANCED_FACE('',(#275),#7079,.T.);
#68=ADVANCED_FACE('',(#276),#6999,.T.);
#69=ADVANCED_FACE('',(#277),#7000,.T.);
#70=ADVANCED_FACE('',(#278),#7080,.T.);
#71=ADVANCED_FACE('',(#279),#7081,.T.);
#72=ADVANCED_FACE('',(#280),#7001,.T.);
#73=ADVANCED_FACE('',(#281),#7002,.T.);
#74=ADVANCED_FACE('',(#282),#7003,.T.);
#75=ADVANCED_FACE('',(#283),#7004,.T.);
#76=ADVANCED_FACE('',(#284,#38),#7082,.T.);
#77=ADVANCED_FACE('',(#285),#7083,.T.);
#78=ADVANCED_FACE('',(#286),#7005,.T.);
#79=ADVANCED_FACE('',(#287),#7084,.T.);
#80=ADVANCED_FACE('',(#288),#7006,.T.);
#81=ADVANCED_FACE('',(#289),#7007,.T.);
#82=ADVANCED_FACE('',(#290),#7085,.T.);
#83=ADVANCED_FACE('',(#291),#7086,.T.);
#84=ADVANCED_FACE('',(#292),#7008,.T.);
#85=ADVANCED_FACE('',(#293),#7009,.T.);
#86=ADVANCED_FACE('',(#294),#7087,.T.);
#87=ADVANCED_FACE('',(#295),#7010,.T.);
#88=ADVANCED_FACE('',(#296),#7088,.T.);
#89=ADVANCED_FACE('',(#297),#7089,.T.);
#90=ADVANCED_FACE('',(#298),#7090,.T.);
#91=ADVANCED_FACE('',(#299),#7091,.T.);
#92=ADVANCED_FACE('',(#300),#7092,.T.);
#93=ADVANCED_FACE('',(#301),#7093,.T.);
#94=ADVANCED_FACE('',(#302),#7011,.T.);
#95=ADVANCED_FACE('',(#303),#7094,.T.);
#96=ADVANCED_FACE('',(#304),#7012,.T.);
#97=ADVANCED_FACE('',(#305),#7095,.T.);
#98=ADVANCED_FACE('',(#306),#7013,.T.);
#99=ADVANCED_FACE('',(#307),#7096,.T.);
#100=ADVANCED_FACE('',(#308),#7097,.T.);
#101=ADVANCED_FACE('',(#309),#7098,.T.);
#102=ADVANCED_FACE('',(#310),#7099,.T.);
#103=ADVANCED_FACE('',(#311),#7014,.T.);
#104=ADVANCED_FACE('',(#312),#7100,.T.);
#105=ADVANCED_FACE('',(#313),#7015,.T.);
#106=ADVANCED_FACE('',(#314),#7101,.T.);
#107=ADVANCED_FACE('',(#315),#7016,.T.);
#108=ADVANCED_FACE('',(#316),#7102,.T.);
#109=ADVANCED_FACE('',(#317),#7017,.T.);
#110=ADVANCED_FACE('',(#318),#7103,.T.);
#111=ADVANCED_FACE('',(#319),#7018,.T.);
#112=ADVANCED_FACE('',(#320),#7104,.T.);
#113=ADVANCED_FACE('',(#321,#39),#7105,.T.);
#114=ADVANCED_FACE('',(#322),#7019,.T.);
#115=ADVANCED_FACE('',(#323),#7020,.T.);
#116=ADVANCED_FACE('',(#324),#7021,.T.);
#117=ADVANCED_FACE('',(#325),#7022,.T.);
#118=ADVANCED_FACE('',(#326),#7023,.T.);
#119=ADVANCED_FACE('',(#327),#7024,.T.);
#120=ADVANCED_FACE('',(#328),#7025,.T.);
#121=ADVANCED_FACE('',(#329),#7026,.T.);
#122=ADVANCED_FACE('',(#330),#7027,.T.);
#123=ADVANCED_FACE('',(#331),#7028,.T.);
#124=ADVANCED_FACE('',(#332),#7106,.T.);
#125=ADVANCED_FACE('',(#333),#7107,.T.);
#126=ADVANCED_FACE('',(#334),#7108,.T.);
#127=ADVANCED_FACE('',(#335),#7109,.T.);
#128=ADVANCED_FACE('',(#336),#7029,.T.);
#129=ADVANCED_FACE('',(#337),#7030,.T.);
#130=ADVANCED_FACE('',(#338),#7031,.T.);
#131=ADVANCED_FACE('',(#339),#7032,.T.);
#132=ADVANCED_FACE('',(#340),#7033,.T.);
#133=ADVANCED_FACE('',(#341),#7110,.T.);
#134=ADVANCED_FACE('',(#342),#7111,.T.);
#135=ADVANCED_FACE('',(#343),#7034,.T.);
#136=ADVANCED_FACE('',(#344,#40,#41,#42,#43,#44,#45,#46,#47),#7112,.T.);
#137=ADVANCED_FACE('',(#345),#7113,.T.);
#138=ADVANCED_FACE('',(#346),#7035,.T.);
#139=ADVANCED_FACE('',(#347),#7036,.T.);
#140=ADVANCED_FACE('',(#348),#7037,.T.);
#141=ADVANCED_FACE('',(#349),#7038,.T.);
#142=ADVANCED_FACE('',(#350),#7114,.T.);
#143=ADVANCED_FACE('',(#351),#7115,.T.);
#144=ADVANCED_FACE('',(#352),#7116,.T.);
#145=ADVANCED_FACE('',(#353),#7117,.T.);
#146=ADVANCED_FACE('',(#354),#7118,.T.);
#147=ADVANCED_FACE('',(#355),#7119,.T.);
#148=ADVANCED_FACE('',(#356),#7120,.T.);
#149=ADVANCED_FACE('',(#357),#7121,.T.);
#150=ADVANCED_FACE('',(#358),#7122,.T.);
#151=ADVANCED_FACE('',(#359),#7123,.T.);
#152=ADVANCED_FACE('',(#360),#7124,.T.);
#153=ADVANCED_FACE('',(#361),#7125,.T.);
#154=ADVANCED_FACE('',(#362),#7126,.T.);
#155=ADVANCED_FACE('',(#363),#7127,.T.);
#156=ADVANCED_FACE('',(#364),#7039,.T.);
#157=ADVANCED_FACE('',(#365),#7040,.T.);
#158=ADVANCED_FACE('',(#366),#7128,.T.);
#159=ADVANCED_FACE('',(#367),#7129,.T.);
#160=ADVANCED_FACE('',(#368),#7130,.T.);
#161=ADVANCED_FACE('',(#369),#7041,.T.);
#162=ADVANCED_FACE('',(#370),#7042,.T.);
#163=ADVANCED_FACE('',(#371),#7131,.T.);
#164=ADVANCED_FACE('',(#372),#7132,.T.);
#165=ADVANCED_FACE('',(#373),#7133,.T.);
#166=ADVANCED_FACE('',(#374),#7134,.T.);
#167=ADVANCED_FACE('',(#375),#7135,.T.);
#168=ADVANCED_FACE('',(#376),#7043,.T.);
#169=ADVANCED_FACE('',(#377),#20,.T.);
#170=ADVANCED_FACE('',(#378),#7044,.T.);
#171=ADVANCED_FACE('',(#379),#21,.T.);
#172=ADVANCED_FACE('',(#380),#7136,.T.);
#173=ADVANCED_FACE('',(#381),#7137,.T.);
#174=ADVANCED_FACE('',(#382),#7138,.T.);
#175=ADVANCED_FACE('',(#383),#7139,.T.);
#176=ADVANCED_FACE('',(#384),#7140,.T.);
#177=ADVANCED_FACE('',(#385),#7141,.T.);
#178=ADVANCED_FACE('',(#386),#22,.T.);
#179=ADVANCED_FACE('',(#387),#7045,.T.);
#180=ADVANCED_FACE('',(#388),#7046,.T.);
#181=ADVANCED_FACE('',(#389),#23,.T.);
#182=ADVANCED_FACE('',(#390),#7142,.T.);
#183=ADVANCED_FACE('',(#391),#7143,.T.);
#184=ADVANCED_FACE('',(#392),#7144,.T.);
#185=ADVANCED_FACE('',(#393),#7145,.T.);
#186=ADVANCED_FACE('',(#394),#7146,.T.);
#187=ADVANCED_FACE('',(#395),#7047,.T.);
#188=ADVANCED_FACE('',(#396),#7048,.T.);
#189=ADVANCED_FACE('',(#397),#7147,.T.);
#190=ADVANCED_FACE('',(#398),#7049,.T.);
#191=ADVANCED_FACE('',(#399),#7050,.T.);
#192=ADVANCED_FACE('',(#400),#7148,.T.);
#193=ADVANCED_FACE('',(#401),#7051,.T.);
#194=ADVANCED_FACE('',(#402),#7149,.T.);
#195=ADVANCED_FACE('',(#403),#7052,.T.);
#196=ADVANCED_FACE('',(#404),#7053,.T.);
#197=ADVANCED_FACE('',(#405),#7150,.T.);
#198=ADVANCED_FACE('',(#406),#7054,.T.);
#199=ADVANCED_FACE('',(#407),#7151,.T.);
#200=ADVANCED_FACE('',(#408),#7055,.T.);
#201=ADVANCED_FACE('',(#409),#7152,.T.);
#202=ADVANCED_FACE('',(#410),#7153,.T.);
#203=ADVANCED_FACE('',(#411),#7154,.T.);
#204=ADVANCED_FACE('',(#412),#7056,.T.);
#205=ADVANCED_FACE('',(#413),#7155,.T.);
#206=ADVANCED_FACE('',(#414),#7156,.T.);
#207=ADVANCED_FACE('',(#415),#7157,.T.);
#208=ADVANCED_FACE('',(#416),#7057,.T.);
#209=ADVANCED_FACE('',(#417),#7158,.T.);
#210=ADVANCED_FACE('',(#418),#7159,.T.);
#211=ADVANCED_FACE('',(#419),#7160,.T.);
#212=ADVANCED_FACE('',(#420),#7161,.T.);
#213=ADVANCED_FACE('',(#421),#7058,.T.);
#214=ADVANCED_FACE('',(#422),#7162,.T.);
#215=ADVANCED_FACE('',(#423),#7059,.T.);
#216=ADVANCED_FACE('',(#424),#7163,.T.);
#217=ADVANCED_FACE('',(#425),#7060,.T.);
#218=ADVANCED_FACE('',(#426),#7164,.T.);
#219=ADVANCED_FACE('',(#427),#7165,.T.);
#220=ADVANCED_FACE('',(#428),#7166,.T.);
#221=ADVANCED_FACE('',(#429),#7167,.T.);
#222=ADVANCED_FACE('',(#430),#7168,.T.);
#223=ADVANCED_FACE('',(#431),#7169,.T.);
#224=ADVANCED_FACE('',(#432),#7170,.T.);
#225=ADVANCED_FACE('',(#433),#7171,.T.);
#226=ADVANCED_FACE('',(#434),#7172,.T.);
#227=ADVANCED_FACE('',(#435),#7173,.T.);
#228=ADVANCED_FACE('',(#436),#7174,.T.);
#229=ADVANCED_FACE('',(#437),#7175,.T.);
#230=ADVANCED_FACE('',(#438),#7176,.T.);
#231=ADVANCED_FACE('',(#439),#7061,.T.);
#232=ADVANCED_FACE('',(#440),#7177,.T.);
#233=ADVANCED_FACE('',(#441),#7062,.T.);
#234=ADVANCED_FACE('',(#442),#7178,.T.);
#235=ADVANCED_FACE('',(#443),#7179,.T.);
#236=ADVANCED_FACE('',(#444),#7180,.T.);
#237=ADVANCED_FACE('',(#445),#7063,.T.);
#238=ADVANCED_FACE('',(#446),#7181,.T.);
#239=ADVANCED_FACE('',(#447),#7182,.T.);
#240=ADVANCED_FACE('',(#448),#7064,.T.);
#241=ADVANCED_FACE('',(#449),#7065,.T.);
#242=ADVANCED_FACE('',(#450),#7183,.T.);
#243=ADVANCED_FACE('',(#451),#7184,.T.);
#244=ADVANCED_FACE('',(#452),#7185,.T.);
#245=ADVANCED_FACE('',(#453),#7186,.T.);
#246=ADVANCED_FACE('',(#454),#7187,.T.);
#247=ADVANCED_FACE('',(#455),#7066,.T.);
#248=ADVANCED_FACE('',(#456),#7188,.T.);
#249=ADVANCED_FACE('',(#457),#7189,.T.);
#250=ADVANCED_FACE('',(#458),#7190,.T.);
#251=ADVANCED_FACE('',(#459),#7191,.T.);
#252=ADVANCED_FACE('',(#460),#7192,.T.);
#253=ADVANCED_FACE('',(#461),#7193,.T.);
#254=ADVANCED_FACE('',(#462),#7194,.T.);
#255=ADVANCED_FACE('',(#463),#7195,.T.);
#256=FACE_OUTER_BOUND('',#464,.T.);
#257=FACE_OUTER_BOUND('',#465,.T.);
#258=FACE_OUTER_BOUND('',#466,.T.);
#259=FACE_OUTER_BOUND('',#467,.T.);
#260=FACE_OUTER_BOUND('',#468,.T.);
#261=FACE_OUTER_BOUND('',#469,.T.);
#262=FACE_OUTER_BOUND('',#470,.T.);
#263=FACE_OUTER_BOUND('',#471,.T.);
#264=FACE_OUTER_BOUND('',#472,.T.);
#265=FACE_OUTER_BOUND('',#473,.T.);
#266=FACE_OUTER_BOUND('',#474,.T.);
#267=FACE_OUTER_BOUND('',#475,.T.);
#268=FACE_OUTER_BOUND('',#476,.T.);
#269=FACE_OUTER_BOUND('',#477,.T.);
#270=FACE_OUTER_BOUND('',#478,.T.);
#271=FACE_OUTER_BOUND('',#479,.T.);
#272=FACE_OUTER_BOUND('',#480,.T.);
#273=FACE_OUTER_BOUND('',#481,.T.);
#274=FACE_OUTER_BOUND('',#482,.T.);
#275=FACE_OUTER_BOUND('',#483,.T.);
#276=FACE_OUTER_BOUND('',#484,.T.);
#277=FACE_OUTER_BOUND('',#485,.T.);
#278=FACE_OUTER_BOUND('',#486,.T.);
#279=FACE_OUTER_BOUND('',#487,.T.);
#280=FACE_OUTER_BOUND('',#488,.T.);
#281=FACE_OUTER_BOUND('',#489,.T.);
#282=FACE_OUTER_BOUND('',#490,.T.);
#283=FACE_OUTER_BOUND('',#491,.T.);
#284=FACE_OUTER_BOUND('',#492,.T.);
#285=FACE_OUTER_BOUND('',#494,.T.);
#286=FACE_OUTER_BOUND('',#495,.T.);
#287=FACE_OUTER_BOUND('',#496,.T.);
#288=FACE_OUTER_BOUND('',#497,.T.);
#289=FACE_OUTER_BOUND('',#498,.T.);
#290=FACE_OUTER_BOUND('',#499,.T.);
#291=FACE_OUTER_BOUND('',#500,.T.);
#292=FACE_OUTER_BOUND('',#501,.T.);
#293=FACE_OUTER_BOUND('',#502,.T.);
#294=FACE_OUTER_BOUND('',#503,.T.);
#295=FACE_OUTER_BOUND('',#504,.T.);
#296=FACE_OUTER_BOUND('',#505,.T.);
#297=FACE_OUTER_BOUND('',#506,.T.);
#298=FACE_OUTER_BOUND('',#507,.T.);
#299=FACE_OUTER_BOUND('',#508,.T.);
#300=FACE_OUTER_BOUND('',#509,.T.);
#301=FACE_OUTER_BOUND('',#510,.T.);
#302=FACE_OUTER_BOUND('',#511,.T.);
#303=FACE_OUTER_BOUND('',#512,.T.);
#304=FACE_OUTER_BOUND('',#513,.T.);
#305=FACE_OUTER_BOUND('',#514,.T.);
#306=FACE_OUTER_BOUND('',#515,.T.);
#307=FACE_OUTER_BOUND('',#516,.T.);
#308=FACE_OUTER_BOUND('',#517,.T.);
#309=FACE_OUTER_BOUND('',#518,.T.);
#310=FACE_OUTER_BOUND('',#519,.T.);
#311=FACE_OUTER_BOUND('',#520,.T.);
#312=FACE_OUTER_BOUND('',#521,.T.);
#313=FACE_OUTER_BOUND('',#522,.T.);
#314=FACE_OUTER_BOUND('',#523,.T.);
#315=FACE_OUTER_BOUND('',#524,.T.);
#316=FACE_OUTER_BOUND('',#525,.T.);
#317=FACE_OUTER_BOUND('',#526,.T.);
#318=FACE_OUTER_BOUND('',#527,.T.);
#319=FACE_OUTER_BOUND('',#528,.T.);
#320=FACE_OUTER_BOUND('',#529,.T.);
#321=FACE_OUTER_BOUND('',#530,.T.);
#322=FACE_OUTER_BOUND('',#532,.T.);
#323=FACE_OUTER_BOUND('',#533,.T.);
#324=FACE_OUTER_BOUND('',#534,.T.);
#325=FACE_OUTER_BOUND('',#535,.T.);
#326=FACE_OUTER_BOUND('',#536,.T.);
#327=FACE_OUTER_BOUND('',#537,.T.);
#328=FACE_OUTER_BOUND('',#538,.T.);
#329=FACE_OUTER_BOUND('',#539,.T.);
#330=FACE_OUTER_BOUND('',#540,.T.);
#331=FACE_OUTER_BOUND('',#541,.T.);
#332=FACE_OUTER_BOUND('',#542,.T.);
#333=FACE_OUTER_BOUND('',#543,.T.);
#334=FACE_OUTER_BOUND('',#544,.T.);
#335=FACE_OUTER_BOUND('',#545,.T.);
#336=FACE_OUTER_BOUND('',#546,.T.);
#337=FACE_OUTER_BOUND('',#547,.T.);
#338=FACE_OUTER_BOUND('',#548,.T.);
#339=FACE_OUTER_BOUND('',#549,.T.);
#340=FACE_OUTER_BOUND('',#550,.T.);
#341=FACE_OUTER_BOUND('',#551,.T.);
#342=FACE_OUTER_BOUND('',#552,.T.);
#343=FACE_OUTER_BOUND('',#553,.T.);
#344=FACE_OUTER_BOUND('',#554,.T.);
#345=FACE_OUTER_BOUND('',#563,.T.);
#346=FACE_OUTER_BOUND('',#564,.T.);
#347=FACE_OUTER_BOUND('',#565,.T.);
#348=FACE_OUTER_BOUND('',#566,.T.);
#349=FACE_OUTER_BOUND('',#567,.T.);
#350=FACE_OUTER_BOUND('',#568,.T.);
#351=FACE_OUTER_BOUND('',#569,.T.);
#352=FACE_OUTER_BOUND('',#570,.T.);
#353=FACE_OUTER_BOUND('',#571,.T.);
#354=FACE_OUTER_BOUND('',#572,.T.);
#355=FACE_OUTER_BOUND('',#573,.T.);
#356=FACE_OUTER_BOUND('',#574,.T.);
#357=FACE_OUTER_BOUND('',#575,.T.);
#358=FACE_OUTER_BOUND('',#576,.T.);
#359=FACE_OUTER_BOUND('',#577,.T.);
#360=FACE_OUTER_BOUND('',#578,.T.);
#361=FACE_OUTER_BOUND('',#579,.T.);
#362=FACE_OUTER_BOUND('',#580,.T.);
#363=FACE_OUTER_BOUND('',#581,.T.);
#364=FACE_OUTER_BOUND('',#582,.T.);
#365=FACE_OUTER_BOUND('',#583,.T.);
#366=FACE_OUTER_BOUND('',#584,.T.);
#367=FACE_OUTER_BOUND('',#585,.T.);
#368=FACE_OUTER_BOUND('',#586,.T.);
#369=FACE_OUTER_BOUND('',#587,.T.);
#370=FACE_OUTER_BOUND('',#588,.T.);
#371=FACE_OUTER_BOUND('',#589,.T.);
#372=FACE_OUTER_BOUND('',#590,.T.);
#373=FACE_OUTER_BOUND('',#591,.T.);
#374=FACE_OUTER_BOUND('',#592,.T.);
#375=FACE_OUTER_BOUND('',#593,.T.);
#376=FACE_OUTER_BOUND('',#594,.T.);
#377=FACE_OUTER_BOUND('',#595,.T.);
#378=FACE_OUTER_BOUND('',#596,.T.);
#379=FACE_OUTER_BOUND('',#597,.T.);
#380=FACE_OUTER_BOUND('',#598,.T.);
#381=FACE_OUTER_BOUND('',#599,.T.);
#382=FACE_OUTER_BOUND('',#600,.T.);
#383=FACE_OUTER_BOUND('',#601,.T.);
#384=FACE_OUTER_BOUND('',#602,.T.);
#385=FACE_OUTER_BOUND('',#603,.T.);
#386=FACE_OUTER_BOUND('',#604,.T.);
#387=FACE_OUTER_BOUND('',#605,.T.);
#388=FACE_OUTER_BOUND('',#606,.T.);
#389=FACE_OUTER_BOUND('',#607,.T.);
#390=FACE_OUTER_BOUND('',#608,.T.);
#391=FACE_OUTER_BOUND('',#609,.T.);
#392=FACE_OUTER_BOUND('',#610,.T.);
#393=FACE_OUTER_BOUND('',#611,.T.);
#394=FACE_OUTER_BOUND('',#612,.T.);
#395=FACE_OUTER_BOUND('',#613,.T.);
#396=FACE_OUTER_BOUND('',#614,.T.);
#397=FACE_OUTER_BOUND('',#615,.T.);
#398=FACE_OUTER_BOUND('',#616,.T.);
#399=FACE_OUTER_BOUND('',#617,.T.);
#400=FACE_OUTER_BOUND('',#618,.T.);
#401=FACE_OUTER_BOUND('',#619,.T.);
#402=FACE_OUTER_BOUND('',#620,.T.);
#403=FACE_OUTER_BOUND('',#621,.T.);
#404=FACE_OUTER_BOUND('',#622,.T.);
#405=FACE_OUTER_BOUND('',#623,.T.);
#406=FACE_OUTER_BOUND('',#624,.T.);
#407=FACE_OUTER_BOUND('',#625,.T.);
#408=FACE_OUTER_BOUND('',#626,.T.);
#409=FACE_OUTER_BOUND('',#627,.T.);
#410=FACE_OUTER_BOUND('',#628,.T.);
#411=FACE_OUTER_BOUND('',#629,.T.);
#412=FACE_OUTER_BOUND('',#630,.T.);
#413=FACE_OUTER_BOUND('',#631,.T.);
#414=FACE_OUTER_BOUND('',#632,.T.);
#415=FACE_OUTER_BOUND('',#633,.T.);
#416=FACE_OUTER_BOUND('',#634,.T.);
#417=FACE_OUTER_BOUND('',#635,.T.);
#418=FACE_OUTER_BOUND('',#636,.T.);
#419=FACE_OUTER_BOUND('',#637,.T.);
#420=FACE_OUTER_BOUND('',#638,.T.);
#421=FACE_OUTER_BOUND('',#639,.T.);
#422=FACE_OUTER_BOUND('',#640,.T.);
#423=FACE_OUTER_BOUND('',#641,.T.);
#424=FACE_OUTER_BOUND('',#642,.T.);
#425=FACE_OUTER_BOUND('',#643,.T.);
#426=FACE_OUTER_BOUND('',#644,.T.);
#427=FACE_OUTER_BOUND('',#645,.T.);
#428=FACE_OUTER_BOUND('',#646,.T.);
#429=FACE_OUTER_BOUND('',#647,.T.);
#430=FACE_OUTER_BOUND('',#648,.T.);
#431=FACE_OUTER_BOUND('',#649,.T.);
#432=FACE_OUTER_BOUND('',#650,.T.);
#433=FACE_OUTER_BOUND('',#651,.T.);
#434=FACE_OUTER_BOUND('',#652,.T.);
#435=FACE_OUTER_BOUND('',#653,.T.);
#436=FACE_OUTER_BOUND('',#654,.T.);
#437=FACE_OUTER_BOUND('',#655,.T.);
#438=FACE_OUTER_BOUND('',#656,.T.);
#439=FACE_OUTER_BOUND('',#657,.T.);
#440=FACE_OUTER_BOUND('',#658,.T.);
#441=FACE_OUTER_BOUND('',#659,.T.);
#442=FACE_OUTER_BOUND('',#660,.T.);
#443=FACE_OUTER_BOUND('',#661,.T.);
#444=FACE_OUTER_BOUND('',#662,.T.);
#445=FACE_OUTER_BOUND('',#663,.T.);
#446=FACE_OUTER_BOUND('',#664,.T.);
#447=FACE_OUTER_BOUND('',#665,.T.);
#448=FACE_OUTER_BOUND('',#666,.T.);
#449=FACE_OUTER_BOUND('',#667,.T.);
#450=FACE_OUTER_BOUND('',#668,.T.);
#451=FACE_OUTER_BOUND('',#669,.T.);
#452=FACE_OUTER_BOUND('',#670,.T.);
#453=FACE_OUTER_BOUND('',#671,.T.);
#454=FACE_OUTER_BOUND('',#672,.T.);
#455=FACE_OUTER_BOUND('',#673,.T.);
#456=FACE_OUTER_BOUND('',#674,.T.);
#457=FACE_OUTER_BOUND('',#675,.T.);
#458=FACE_OUTER_BOUND('',#676,.T.);
#459=FACE_OUTER_BOUND('',#677,.T.);
#460=FACE_OUTER_BOUND('',#678,.T.);
#461=FACE_OUTER_BOUND('',#679,.T.);
#462=FACE_OUTER_BOUND('',#680,.T.);
#463=FACE_OUTER_BOUND('',#681,.T.);
#464=EDGE_LOOP('',(#682,#683,#684,#685,#686));
#465=EDGE_LOOP('',(#687,#688,#689,#690,#691,#692,#693,#694,#695,#696,#697,
#698,#699,#700,#701,#702,#703,#704,#705,#706,#707,#708,#709,#710,#711,#712));
#466=EDGE_LOOP('',(#713,#714,#715,#716));
#467=EDGE_LOOP('',(#717,#718,#719,#720,#721));
#468=EDGE_LOOP('',(#722,#723,#724,#725));
#469=EDGE_LOOP('',(#726,#727,#728,#729,#730));
#470=EDGE_LOOP('',(#731,#732,#733,#734,#735));
#471=EDGE_LOOP('',(#736,#737,#738,#739));
#472=EDGE_LOOP('',(#740,#741,#742,#743));
#473=EDGE_LOOP('',(#744,#745,#746,#747));
#474=EDGE_LOOP('',(#748,#749,#750,#751));
#475=EDGE_LOOP('',(#752,#753,#754,#755));
#476=EDGE_LOOP('',(#756,#757,#758,#759));
#477=EDGE_LOOP('',(#760,#761,#762,#763));
#478=EDGE_LOOP('',(#764,#765,#766,#767));
#479=EDGE_LOOP('',(#768,#769,#770,#771));
#480=EDGE_LOOP('',(#772,#773,#774,#775));
#481=EDGE_LOOP('',(#776,#777,#778,#779));
#482=EDGE_LOOP('',(#780,#781,#782,#783));
#483=EDGE_LOOP('',(#784,#785,#786,#787));
#484=EDGE_LOOP('',(#788,#789,#790,#791));
#485=EDGE_LOOP('',(#792,#793,#794,#795));
#486=EDGE_LOOP('',(#796,#797,#798,#799,#800,#801));
#487=EDGE_LOOP('',(#802,#803,#804,#805));
#488=EDGE_LOOP('',(#806,#807,#808,#809,#810));
#489=EDGE_LOOP('',(#811,#812,#813,#814,#815));
#490=EDGE_LOOP('',(#816,#817,#818,#819,#820));
#491=EDGE_LOOP('',(#821,#822,#823,#824,#825));
#492=EDGE_LOOP('',(#826,#827));
#493=EDGE_LOOP('',(#828,#829,#830,#831,#832,#833,#834,#835));
#494=EDGE_LOOP('',(#836,#837,#838,#839));
#495=EDGE_LOOP('',(#840,#841,#842,#843,#844,#845));
#496=EDGE_LOOP('',(#846,#847,#848,#849,#850,#851,#852,#853,#854,#855));
#497=EDGE_LOOP('',(#856,#857,#858,#859));
#498=EDGE_LOOP('',(#860,#861,#862,#863,#864,#865));
#499=EDGE_LOOP('',(#866,#867,#868,#869));
#500=EDGE_LOOP('',(#870,#871,#872,#873,#874,#875));
#501=EDGE_LOOP('',(#876,#877,#878,#879));
#502=EDGE_LOOP('',(#880,#881,#882,#883,#884,#885));
#503=EDGE_LOOP('',(#886,#887,#888,#889));
#504=EDGE_LOOP('',(#890,#891,#892,#893,#894,#895));
#505=EDGE_LOOP('',(#896,#897,#898,#899,#900,#901,#902,#903,#904,#905,#906,
#907,#908,#909));
#506=EDGE_LOOP('',(#910,#911,#912,#913));
#507=EDGE_LOOP('',(#914,#915,#916,#917));
#508=EDGE_LOOP('',(#918,#919,#920,#921));
#509=EDGE_LOOP('',(#922,#923,#924,#925));
#510=EDGE_LOOP('',(#926,#927,#928,#929,#930,#931,#932,#933));
#511=EDGE_LOOP('',(#934,#935,#936,#937,#938));
#512=EDGE_LOOP('',(#939,#940,#941,#942,#943,#944));
#513=EDGE_LOOP('',(#945,#946,#947,#948,#949));
#514=EDGE_LOOP('',(#950,#951,#952,#953,#954,#955,#956,#957,#958,#959,#960,
#961));
#515=EDGE_LOOP('',(#962,#963,#964,#965,#966));
#516=EDGE_LOOP('',(#967,#968,#969,#970,#971,#972));
#517=EDGE_LOOP('',(#973,#974,#975,#976,#977,#978));
#518=EDGE_LOOP('',(#979,#980,#981,#982,#983,#984));
#519=EDGE_LOOP('',(#985,#986,#987,#988,#989,#990));
#520=EDGE_LOOP('',(#991,#992,#993,#994,#995));
#521=EDGE_LOOP('',(#996,#997,#998,#999,#1000,#1001));
#522=EDGE_LOOP('',(#1002,#1003,#1004,#1005,#1006));
#523=EDGE_LOOP('',(#1007,#1008,#1009,#1010,#1011,#1012));
#524=EDGE_LOOP('',(#1013,#1014,#1015,#1016,#1017));
#525=EDGE_LOOP('',(#1018,#1019,#1020,#1021));
#526=EDGE_LOOP('',(#1022,#1023,#1024,#1025,#1026));
#527=EDGE_LOOP('',(#1027,#1028,#1029,#1030,#1031,#1032));
#528=EDGE_LOOP('',(#1033,#1034,#1035,#1036,#1037));
#529=EDGE_LOOP('',(#1038,#1039,#1040,#1041));
#530=EDGE_LOOP('',(#1042,#1043));
#531=EDGE_LOOP('',(#1044,#1045,#1046,#1047,#1048,#1049,#1050,#1051));
#532=EDGE_LOOP('',(#1052,#1053,#1054,#1055,#1056));
#533=EDGE_LOOP('',(#1057,#1058,#1059,#1060,#1061));
#534=EDGE_LOOP('',(#1062,#1063,#1064,#1065,#1066));
#535=EDGE_LOOP('',(#1067,#1068,#1069,#1070,#1071));
#536=EDGE_LOOP('',(#1072,#1073,#1074,#1075));
#537=EDGE_LOOP('',(#1076,#1077,#1078,#1079));
#538=EDGE_LOOP('',(#1080,#1081,#1082,#1083));
#539=EDGE_LOOP('',(#1084,#1085,#1086,#1087));
#540=EDGE_LOOP('',(#1088,#1089,#1090,#1091));
#541=EDGE_LOOP('',(#1092,#1093,#1094,#1095));
#542=EDGE_LOOP('',(#1096,#1097));
#543=EDGE_LOOP('',(#1098,#1099));
#544=EDGE_LOOP('',(#1100,#1101));
#545=EDGE_LOOP('',(#1102,#1103));
#546=EDGE_LOOP('',(#1104,#1105,#1106,#1107));
#547=EDGE_LOOP('',(#1108,#1109,#1110,#1111));
#548=EDGE_LOOP('',(#1112,#1113,#1114,#1115));
#549=EDGE_LOOP('',(#1116,#1117,#1118,#1119));
#550=EDGE_LOOP('',(#1120,#1121,#1122,#1123));
#551=EDGE_LOOP('',(#1124,#1125));
#552=EDGE_LOOP('',(#1126,#1127));
#553=EDGE_LOOP('',(#1128,#1129,#1130,#1131));
#554=EDGE_LOOP('',(#1132,#1133,#1134,#1135,#1136,#1137,#1138,#1139,#1140));
#555=EDGE_LOOP('',(#1141,#1142));
#556=EDGE_LOOP('',(#1143,#1144));
#557=EDGE_LOOP('',(#1145,#1146));
#558=EDGE_LOOP('',(#1147,#1148));
#559=EDGE_LOOP('',(#1149,#1150));
#560=EDGE_LOOP('',(#1151,#1152));
#561=EDGE_LOOP('',(#1153,#1154));
#562=EDGE_LOOP('',(#1155,#1156));
#563=EDGE_LOOP('',(#1157,#1158,#1159,#1160));
#564=EDGE_LOOP('',(#1161,#1162,#1163,#1164,#1165));
#565=EDGE_LOOP('',(#1166,#1167,#1168,#1169));
#566=EDGE_LOOP('',(#1170,#1171,#1172,#1173));
#567=EDGE_LOOP('',(#1174,#1175,#1176,#1177,#1178));
#568=EDGE_LOOP('',(#1179,#1180,#1181,#1182,#1183));
#569=EDGE_LOOP('',(#1184,#1185,#1186,#1187,#1188,#1189,#1190,#1191,#1192,
#1193,#1194,#1195));
#570=EDGE_LOOP('',(#1196,#1197,#1198,#1199,#1200));
#571=EDGE_LOOP('',(#1201,#1202,#1203,#1204));
#572=EDGE_LOOP('',(#1205,#1206,#1207,#1208,#1209));
#573=EDGE_LOOP('',(#1210,#1211,#1212,#1213));
#574=EDGE_LOOP('',(#1214,#1215,#1216,#1217));
#575=EDGE_LOOP('',(#1218,#1219,#1220,#1221));
#576=EDGE_LOOP('',(#1222,#1223,#1224,#1225));
#577=EDGE_LOOP('',(#1226,#1227,#1228,#1229,#1230,#1231,#1232,#1233,#1234,
#1235,#1236,#1237,#1238,#1239,#1240,#1241));
#578=EDGE_LOOP('',(#1242,#1243,#1244,#1245,#1246,#1247,#1248,#1249,#1250,
#1251,#1252,#1253,#1254,#1255,#1256,#1257));
#579=EDGE_LOOP('',(#1258,#1259,#1260,#1261,#1262,#1263,#1264,#1265,#1266,
#1267,#1268,#1269));
#580=EDGE_LOOP('',(#1270,#1271,#1272,#1273,#1274));
#581=EDGE_LOOP('',(#1275,#1276,#1277,#1278,#1279));
#582=EDGE_LOOP('',(#1280,#1281,#1282,#1283));
#583=EDGE_LOOP('',(#1284,#1285,#1286,#1287));
#584=EDGE_LOOP('',(#1288,#1289,#1290,#1291));
#585=EDGE_LOOP('',(#1292,#1293,#1294,#1295));
#586=EDGE_LOOP('',(#1296,#1297,#1298,#1299));
#587=EDGE_LOOP('',(#1300,#1301,#1302,#1303));
#588=EDGE_LOOP('',(#1304,#1305,#1306,#1307));
#589=EDGE_LOOP('',(#1308,#1309,#1310,#1311));
#590=EDGE_LOOP('',(#1312,#1313,#1314,#1315));
#591=EDGE_LOOP('',(#1316,#1317,#1318,#1319));
#592=EDGE_LOOP('',(#1320,#1321,#1322,#1323));
#593=EDGE_LOOP('',(#1324,#1325,#1326,#1327));
#594=EDGE_LOOP('',(#1328,#1329,#1330,#1331));
#595=EDGE_LOOP('',(#1332,#1333,#1334,#1335));
#596=EDGE_LOOP('',(#1336,#1337,#1338,#1339));
#597=EDGE_LOOP('',(#1340,#1341,#1342,#1343));
#598=EDGE_LOOP('',(#1344,#1345,#1346,#1347));
#599=EDGE_LOOP('',(#1348,#1349,#1350,#1351));
#600=EDGE_LOOP('',(#1352,#1353,#1354,#1355));
#601=EDGE_LOOP('',(#1356,#1357,#1358,#1359));
#602=EDGE_LOOP('',(#1360,#1361,#1362,#1363));
#603=EDGE_LOOP('',(#1364,#1365,#1366,#1367));
#604=EDGE_LOOP('',(#1368,#1369,#1370,#1371));
#605=EDGE_LOOP('',(#1372,#1373,#1374,#1375));
#606=EDGE_LOOP('',(#1376,#1377,#1378,#1379));
#607=EDGE_LOOP('',(#1380,#1381,#1382,#1383));
#608=EDGE_LOOP('',(#1384,#1385,#1386,#1387));
#609=EDGE_LOOP('',(#1388,#1389,#1390,#1391,#1392,#1393,#1394,#1395,#1396,
#1397,#1398,#1399,#1400,#1401,#1402,#1403));
#610=EDGE_LOOP('',(#1404,#1405,#1406,#1407,#1408,#1409,#1410,#1411,#1412,
#1413,#1414,#1415,#1416,#1417,#1418,#1419,#1420,#1421));
#611=EDGE_LOOP('',(#1422,#1423,#1424,#1425,#1426,#1427,#1428,#1429,#1430,
#1431,#1432,#1433,#1434,#1435,#1436,#1437));
#612=EDGE_LOOP('',(#1438,#1439,#1440,#1441,#1442,#1443,#1444,#1445,#1446,
#1447,#1448,#1449,#1450,#1451,#1452,#1453,#1454,#1455));
#613=EDGE_LOOP('',(#1456,#1457,#1458,#1459));
#614=EDGE_LOOP('',(#1460,#1461,#1462,#1463));
#615=EDGE_LOOP('',(#1464,#1465,#1466,#1467));
#616=EDGE_LOOP('',(#1468,#1469,#1470,#1471));
#617=EDGE_LOOP('',(#1472,#1473,#1474,#1475,#1476,#1477,#1478,#1479,#1480));
#618=EDGE_LOOP('',(#1481,#1482,#1483,#1484,#1485));
#619=EDGE_LOOP('',(#1486,#1487,#1488,#1489,#1490,#1491,#1492,#1493));
#620=EDGE_LOOP('',(#1494,#1495,#1496,#1497,#1498,#1499,#1500,#1501,#1502));
#621=EDGE_LOOP('',(#1503,#1504,#1505,#1506,#1507,#1508,#1509,#1510));
#622=EDGE_LOOP('',(#1511,#1512,#1513,#1514));
#623=EDGE_LOOP('',(#1515,#1516,#1517,#1518,#1519));
#624=EDGE_LOOP('',(#1520,#1521,#1522,#1523));
#625=EDGE_LOOP('',(#1524,#1525,#1526,#1527));
#626=EDGE_LOOP('',(#1528,#1529,#1530,#1531));
#627=EDGE_LOOP('',(#1532,#1533,#1534,#1535));
#628=EDGE_LOOP('',(#1536,#1537,#1538,#1539));
#629=EDGE_LOOP('',(#1540,#1541,#1542,#1543));
#630=EDGE_LOOP('',(#1544,#1545,#1546,#1547));
#631=EDGE_LOOP('',(#1548,#1549,#1550,#1551));
#632=EDGE_LOOP('',(#1552,#1553,#1554,#1555));
#633=EDGE_LOOP('',(#1556,#1557,#1558,#1559));
#634=EDGE_LOOP('',(#1560,#1561,#1562,#1563));
#635=EDGE_LOOP('',(#1564,#1565,#1566,#1567));
#636=EDGE_LOOP('',(#1568,#1569,#1570,#1571));
#637=EDGE_LOOP('',(#1572,#1573,#1574,#1575));
#638=EDGE_LOOP('',(#1576,#1577,#1578,#1579));
#639=EDGE_LOOP('',(#1580,#1581,#1582,#1583));
#640=EDGE_LOOP('',(#1584,#1585,#1586,#1587));
#641=EDGE_LOOP('',(#1588,#1589,#1590,#1591));
#642=EDGE_LOOP('',(#1592,#1593,#1594,#1595,#1596));
#643=EDGE_LOOP('',(#1597,#1598,#1599,#1600));
#644=EDGE_LOOP('',(#1601,#1602,#1603,#1604,#1605,#1606,#1607,#1608,#1609));
#645=EDGE_LOOP('',(#1610,#1611,#1612,#1613,#1614));
#646=EDGE_LOOP('',(#1615,#1616,#1617,#1618));
#647=EDGE_LOOP('',(#1619,#1620,#1621,#1622));
#648=EDGE_LOOP('',(#1623,#1624,#1625,#1626,#1627,#1628));
#649=EDGE_LOOP('',(#1629,#1630,#1631,#1632,#1633));
#650=EDGE_LOOP('',(#1634,#1635,#1636,#1637));
#651=EDGE_LOOP('',(#1638,#1639,#1640,#1641,#1642,#1643));
#652=EDGE_LOOP('',(#1644,#1645,#1646,#1647));
#653=EDGE_LOOP('',(#1648,#1649,#1650,#1651));
#654=EDGE_LOOP('',(#1652,#1653,#1654,#1655));
#655=EDGE_LOOP('',(#1656,#1657,#1658,#1659));
#656=EDGE_LOOP('',(#1660,#1661,#1662,#1663,#1664));
#657=EDGE_LOOP('',(#1665,#1666,#1667,#1668));
#658=EDGE_LOOP('',(#1669,#1670,#1671,#1672));
#659=EDGE_LOOP('',(#1673,#1674,#1675,#1676));
#660=EDGE_LOOP('',(#1677,#1678,#1679,#1680));
#661=EDGE_LOOP('',(#1681,#1682,#1683,#1684));
#662=EDGE_LOOP('',(#1685,#1686,#1687,#1688));
#663=EDGE_LOOP('',(#1689,#1690,#1691,#1692));
#664=EDGE_LOOP('',(#1693,#1694,#1695,#1696));
#665=EDGE_LOOP('',(#1697,#1698,#1699,#1700));
#666=EDGE_LOOP('',(#1701,#1702,#1703,#1704));
#667=EDGE_LOOP('',(#1705,#1706,#1707,#1708));
#668=EDGE_LOOP('',(#1709,#1710,#1711,#1712));
#669=EDGE_LOOP('',(#1713,#1714,#1715,#1716));
#670=EDGE_LOOP('',(#1717,#1718,#1719,#1720));
#671=EDGE_LOOP('',(#1721,#1722,#1723,#1724));
#672=EDGE_LOOP('',(#1725,#1726,#1727,#1728));
#673=EDGE_LOOP('',(#1729,#1730,#1731,#1732,#1733));
#674=EDGE_LOOP('',(#1734,#1735,#1736,#1737));
#675=EDGE_LOOP('',(#1738,#1739,#1740,#1741));
#676=EDGE_LOOP('',(#1742,#1743,#1744,#1745));
#677=EDGE_LOOP('',(#1746,#1747,#1748,#1749));
#678=EDGE_LOOP('',(#1750,#1751,#1752,#1753));
#679=EDGE_LOOP('',(#1754,#1755,#1756,#1757));
#680=EDGE_LOOP('',(#1758,#1759,#1760,#1761));
#681=EDGE_LOOP('',(#1762,#1763,#1764,#1765));
#682=ORIENTED_EDGE('',*,*,#4742,.T.);
#683=ORIENTED_EDGE('',*,*,#4743,.T.);
#684=ORIENTED_EDGE('',*,*,#4744,.T.);
#685=ORIENTED_EDGE('',*,*,#4745,.T.);
#686=ORIENTED_EDGE('',*,*,#4746,.T.);
#687=ORIENTED_EDGE('',*,*,#4743,.F.);
#688=ORIENTED_EDGE('',*,*,#4742,.F.);
#689=ORIENTED_EDGE('',*,*,#4747,.T.);
#690=ORIENTED_EDGE('',*,*,#4748,.T.);
#691=ORIENTED_EDGE('',*,*,#4749,.T.);
#692=ORIENTED_EDGE('',*,*,#4750,.T.);
#693=ORIENTED_EDGE('',*,*,#4751,.T.);
#694=ORIENTED_EDGE('',*,*,#4752,.T.);
#695=ORIENTED_EDGE('',*,*,#4753,.T.);
#696=ORIENTED_EDGE('',*,*,#4754,.T.);
#697=ORIENTED_EDGE('',*,*,#4755,.T.);
#698=ORIENTED_EDGE('',*,*,#4756,.T.);
#699=ORIENTED_EDGE('',*,*,#4757,.T.);
#700=ORIENTED_EDGE('',*,*,#4758,.T.);
#701=ORIENTED_EDGE('',*,*,#4759,.T.);
#702=ORIENTED_EDGE('',*,*,#4760,.T.);
#703=ORIENTED_EDGE('',*,*,#4761,.T.);
#704=ORIENTED_EDGE('',*,*,#4762,.T.);
#705=ORIENTED_EDGE('',*,*,#4763,.T.);
#706=ORIENTED_EDGE('',*,*,#4764,.T.);
#707=ORIENTED_EDGE('',*,*,#4765,.T.);
#708=ORIENTED_EDGE('',*,*,#4766,.T.);
#709=ORIENTED_EDGE('',*,*,#4767,.T.);
#710=ORIENTED_EDGE('',*,*,#4768,.T.);
#711=ORIENTED_EDGE('',*,*,#4769,.T.);
#712=ORIENTED_EDGE('',*,*,#4770,.T.);
#713=ORIENTED_EDGE('',*,*,#4771,.T.);
#714=ORIENTED_EDGE('',*,*,#4772,.T.);
#715=ORIENTED_EDGE('',*,*,#4773,.T.);
#716=ORIENTED_EDGE('',*,*,#4774,.T.);
#717=ORIENTED_EDGE('',*,*,#4775,.T.);
#718=ORIENTED_EDGE('',*,*,#4776,.T.);
#719=ORIENTED_EDGE('',*,*,#4777,.T.);
#720=ORIENTED_EDGE('',*,*,#4771,.F.);
#721=ORIENTED_EDGE('',*,*,#4778,.T.);
#722=ORIENTED_EDGE('',*,*,#4774,.F.);
#723=ORIENTED_EDGE('',*,*,#4779,.T.);
#724=ORIENTED_EDGE('',*,*,#4780,.T.);
#725=ORIENTED_EDGE('',*,*,#4778,.F.);
#726=ORIENTED_EDGE('',*,*,#4773,.F.);
#727=ORIENTED_EDGE('',*,*,#4781,.T.);
#728=ORIENTED_EDGE('',*,*,#4782,.T.);
#729=ORIENTED_EDGE('',*,*,#4783,.T.);
#730=ORIENTED_EDGE('',*,*,#4779,.F.);
#731=ORIENTED_EDGE('',*,*,#4784,.T.);
#732=ORIENTED_EDGE('',*,*,#4785,.T.);
#733=ORIENTED_EDGE('',*,*,#4786,.T.);
#734=ORIENTED_EDGE('',*,*,#4769,.F.);
#735=ORIENTED_EDGE('',*,*,#4787,.T.);
#736=ORIENTED_EDGE('',*,*,#4788,.T.);
#737=ORIENTED_EDGE('',*,*,#4789,.T.);
#738=ORIENTED_EDGE('',*,*,#4790,.T.);
#739=ORIENTED_EDGE('',*,*,#4791,.T.);
#740=ORIENTED_EDGE('',*,*,#4792,.T.);
#741=ORIENTED_EDGE('',*,*,#4793,.T.);
#742=ORIENTED_EDGE('',*,*,#4794,.T.);
#743=ORIENTED_EDGE('',*,*,#4795,.T.);
#744=ORIENTED_EDGE('',*,*,#4796,.T.);
#745=ORIENTED_EDGE('',*,*,#4761,.F.);
#746=ORIENTED_EDGE('',*,*,#4797,.T.);
#747=ORIENTED_EDGE('',*,*,#4795,.F.);
#748=ORIENTED_EDGE('',*,*,#4798,.T.);
#749=ORIENTED_EDGE('',*,*,#4799,.T.);
#750=ORIENTED_EDGE('',*,*,#4797,.F.);
#751=ORIENTED_EDGE('',*,*,#4760,.F.);
#752=ORIENTED_EDGE('',*,*,#4800,.T.);
#753=ORIENTED_EDGE('',*,*,#4801,.T.);
#754=ORIENTED_EDGE('',*,*,#4792,.F.);
#755=ORIENTED_EDGE('',*,*,#4799,.F.);
#756=ORIENTED_EDGE('',*,*,#4802,.T.);
#757=ORIENTED_EDGE('',*,*,#4803,.T.);
#758=ORIENTED_EDGE('',*,*,#4804,.T.);
#759=ORIENTED_EDGE('',*,*,#4805,.T.);
#760=ORIENTED_EDGE('',*,*,#4806,.T.);
#761=ORIENTED_EDGE('',*,*,#4805,.F.);
#762=ORIENTED_EDGE('',*,*,#4807,.T.);
#763=ORIENTED_EDGE('',*,*,#4758,.F.);
#764=ORIENTED_EDGE('',*,*,#4808,.T.);
#765=ORIENTED_EDGE('',*,*,#4809,.T.);
#766=ORIENTED_EDGE('',*,*,#4806,.F.);
#767=ORIENTED_EDGE('',*,*,#4757,.F.);
#768=ORIENTED_EDGE('',*,*,#4810,.T.);
#769=ORIENTED_EDGE('',*,*,#4811,.T.);
#770=ORIENTED_EDGE('',*,*,#4802,.F.);
#771=ORIENTED_EDGE('',*,*,#4809,.F.);
#772=ORIENTED_EDGE('',*,*,#4812,.T.);
#773=ORIENTED_EDGE('',*,*,#4813,.T.);
#774=ORIENTED_EDGE('',*,*,#4765,.F.);
#775=ORIENTED_EDGE('',*,*,#4814,.T.);
#776=ORIENTED_EDGE('',*,*,#4815,.T.);
#777=ORIENTED_EDGE('',*,*,#4816,.T.);
#778=ORIENTED_EDGE('',*,*,#4817,.T.);
#779=ORIENTED_EDGE('',*,*,#4818,.T.);
#780=ORIENTED_EDGE('',*,*,#4819,.T.);
#781=ORIENTED_EDGE('',*,*,#4820,.T.);
#782=ORIENTED_EDGE('',*,*,#4767,.F.);
#783=ORIENTED_EDGE('',*,*,#4821,.T.);
#784=ORIENTED_EDGE('',*,*,#4822,.T.);
#785=ORIENTED_EDGE('',*,*,#4823,.T.);
#786=ORIENTED_EDGE('',*,*,#4824,.T.);
#787=ORIENTED_EDGE('',*,*,#4825,.T.);
#788=ORIENTED_EDGE('',*,*,#4826,.T.);
#789=ORIENTED_EDGE('',*,*,#4827,.T.);
#790=ORIENTED_EDGE('',*,*,#4828,.T.);
#791=ORIENTED_EDGE('',*,*,#4829,.T.);
#792=ORIENTED_EDGE('',*,*,#4830,.T.);
#793=ORIENTED_EDGE('',*,*,#4831,.T.);
#794=ORIENTED_EDGE('',*,*,#4832,.T.);
#795=ORIENTED_EDGE('',*,*,#4833,.T.);
#796=ORIENTED_EDGE('',*,*,#4834,.T.);
#797=ORIENTED_EDGE('',*,*,#4826,.F.);
#798=ORIENTED_EDGE('',*,*,#4835,.T.);
#799=ORIENTED_EDGE('',*,*,#4832,.F.);
#800=ORIENTED_EDGE('',*,*,#4836,.T.);
#801=ORIENTED_EDGE('',*,*,#4837,.T.);
#802=ORIENTED_EDGE('',*,*,#4837,.F.);
#803=ORIENTED_EDGE('',*,*,#4838,.T.);
#804=ORIENTED_EDGE('',*,*,#4839,.T.);
#805=ORIENTED_EDGE('',*,*,#4840,.T.);
#806=ORIENTED_EDGE('',*,*,#4841,.T.);
#807=ORIENTED_EDGE('',*,*,#4842,.T.);
#808=ORIENTED_EDGE('',*,*,#4843,.T.);
#809=ORIENTED_EDGE('',*,*,#4844,.T.);
#810=ORIENTED_EDGE('',*,*,#4845,.T.);
#811=ORIENTED_EDGE('',*,*,#4846,.T.);
#812=ORIENTED_EDGE('',*,*,#4841,.F.);
#813=ORIENTED_EDGE('',*,*,#4847,.T.);
#814=ORIENTED_EDGE('',*,*,#4848,.T.);
#815=ORIENTED_EDGE('',*,*,#4849,.T.);
#816=ORIENTED_EDGE('',*,*,#4850,.T.);
#817=ORIENTED_EDGE('',*,*,#4847,.F.);
#818=ORIENTED_EDGE('',*,*,#4845,.F.);
#819=ORIENTED_EDGE('',*,*,#4851,.T.);
#820=ORIENTED_EDGE('',*,*,#4849,.F.);
#821=ORIENTED_EDGE('',*,*,#4844,.F.);
#822=ORIENTED_EDGE('',*,*,#4852,.T.);
#823=ORIENTED_EDGE('',*,*,#4842,.F.);
#824=ORIENTED_EDGE('',*,*,#4846,.F.);
#825=ORIENTED_EDGE('',*,*,#4851,.F.);
#826=ORIENTED_EDGE('',*,*,#4843,.F.);
#827=ORIENTED_EDGE('',*,*,#4852,.F.);
#828=ORIENTED_EDGE('',*,*,#4853,.T.);
#829=ORIENTED_EDGE('',*,*,#4854,.T.);
#830=ORIENTED_EDGE('',*,*,#4855,.T.);
#831=ORIENTED_EDGE('',*,*,#4856,.T.);
#832=ORIENTED_EDGE('',*,*,#4857,.T.);
#833=ORIENTED_EDGE('',*,*,#4858,.T.);
#834=ORIENTED_EDGE('',*,*,#4839,.F.);
#835=ORIENTED_EDGE('',*,*,#4859,.T.);
#836=ORIENTED_EDGE('',*,*,#4860,.T.);
#837=ORIENTED_EDGE('',*,*,#4861,.T.);
#838=ORIENTED_EDGE('',*,*,#4853,.F.);
#839=ORIENTED_EDGE('',*,*,#4862,.T.);
#840=ORIENTED_EDGE('',*,*,#4838,.F.);
#841=ORIENTED_EDGE('',*,*,#4836,.F.);
#842=ORIENTED_EDGE('',*,*,#4831,.F.);
#843=ORIENTED_EDGE('',*,*,#4863,.T.);
#844=ORIENTED_EDGE('',*,*,#4862,.F.);
#845=ORIENTED_EDGE('',*,*,#4859,.F.);
#846=ORIENTED_EDGE('',*,*,#4830,.F.);
#847=ORIENTED_EDGE('',*,*,#4864,.T.);
#848=ORIENTED_EDGE('',*,*,#4817,.F.);
#849=ORIENTED_EDGE('',*,*,#4865,.T.);
#850=ORIENTED_EDGE('',*,*,#4823,.F.);
#851=ORIENTED_EDGE('',*,*,#4866,.T.);
#852=ORIENTED_EDGE('',*,*,#4867,.T.);
#853=ORIENTED_EDGE('',*,*,#4868,.T.);
#854=ORIENTED_EDGE('',*,*,#4860,.F.);
#855=ORIENTED_EDGE('',*,*,#4863,.F.);
#856=ORIENTED_EDGE('',*,*,#4869,.T.);
#857=ORIENTED_EDGE('',*,*,#4870,.T.);
#858=ORIENTED_EDGE('',*,*,#4867,.F.);
#859=ORIENTED_EDGE('',*,*,#4871,.T.);
#860=ORIENTED_EDGE('',*,*,#4861,.F.);
#861=ORIENTED_EDGE('',*,*,#4868,.F.);
#862=ORIENTED_EDGE('',*,*,#4870,.F.);
#863=ORIENTED_EDGE('',*,*,#4872,.T.);
#864=ORIENTED_EDGE('',*,*,#4873,.T.);
#865=ORIENTED_EDGE('',*,*,#4854,.F.);
#866=ORIENTED_EDGE('',*,*,#4874,.T.);
#867=ORIENTED_EDGE('',*,*,#4875,.T.);
#868=ORIENTED_EDGE('',*,*,#4855,.F.);
#869=ORIENTED_EDGE('',*,*,#4873,.F.);
#870=ORIENTED_EDGE('',*,*,#4872,.F.);
#871=ORIENTED_EDGE('',*,*,#4869,.F.);
#872=ORIENTED_EDGE('',*,*,#4876,.T.);
#873=ORIENTED_EDGE('',*,*,#4877,.T.);
#874=ORIENTED_EDGE('',*,*,#4878,.T.);
#875=ORIENTED_EDGE('',*,*,#4874,.F.);
#876=ORIENTED_EDGE('',*,*,#4879,.T.);
#877=ORIENTED_EDGE('',*,*,#4880,.T.);
#878=ORIENTED_EDGE('',*,*,#4877,.F.);
#879=ORIENTED_EDGE('',*,*,#4881,.T.);
#880=ORIENTED_EDGE('',*,*,#4875,.F.);
#881=ORIENTED_EDGE('',*,*,#4878,.F.);
#882=ORIENTED_EDGE('',*,*,#4880,.F.);
#883=ORIENTED_EDGE('',*,*,#4882,.T.);
#884=ORIENTED_EDGE('',*,*,#4883,.T.);
#885=ORIENTED_EDGE('',*,*,#4856,.F.);
#886=ORIENTED_EDGE('',*,*,#4857,.F.);
#887=ORIENTED_EDGE('',*,*,#4883,.F.);
#888=ORIENTED_EDGE('',*,*,#4884,.T.);
#889=ORIENTED_EDGE('',*,*,#4885,.T.);
#890=ORIENTED_EDGE('',*,*,#4834,.F.);
#891=ORIENTED_EDGE('',*,*,#4840,.F.);
#892=ORIENTED_EDGE('',*,*,#4858,.F.);
#893=ORIENTED_EDGE('',*,*,#4885,.F.);
#894=ORIENTED_EDGE('',*,*,#4886,.T.);
#895=ORIENTED_EDGE('',*,*,#4827,.F.);
#896=ORIENTED_EDGE('',*,*,#4884,.F.);
#897=ORIENTED_EDGE('',*,*,#4882,.F.);
#898=ORIENTED_EDGE('',*,*,#4879,.F.);
#899=ORIENTED_EDGE('',*,*,#4887,.T.);
#900=ORIENTED_EDGE('',*,*,#4825,.F.);
#901=ORIENTED_EDGE('',*,*,#4888,.T.);
#902=ORIENTED_EDGE('',*,*,#4821,.F.);
#903=ORIENTED_EDGE('',*,*,#4766,.F.);
#904=ORIENTED_EDGE('',*,*,#4813,.F.);
#905=ORIENTED_EDGE('',*,*,#4889,.T.);
#906=ORIENTED_EDGE('',*,*,#4815,.F.);
#907=ORIENTED_EDGE('',*,*,#4890,.T.);
#908=ORIENTED_EDGE('',*,*,#4828,.F.);
#909=ORIENTED_EDGE('',*,*,#4886,.F.);
#910=ORIENTED_EDGE('',*,*,#4891,.T.);
#911=ORIENTED_EDGE('',*,*,#4892,.T.);
#912=ORIENTED_EDGE('',*,*,#4893,.T.);
#913=ORIENTED_EDGE('',*,*,#4894,.T.);
#914=ORIENTED_EDGE('',*,*,#4895,.T.);
#915=ORIENTED_EDGE('',*,*,#4896,.T.);
#916=ORIENTED_EDGE('',*,*,#4751,.F.);
#917=ORIENTED_EDGE('',*,*,#4897,.T.);
#918=ORIENTED_EDGE('',*,*,#4898,.T.);
#919=ORIENTED_EDGE('',*,*,#4899,.T.);
#920=ORIENTED_EDGE('',*,*,#4753,.F.);
#921=ORIENTED_EDGE('',*,*,#4900,.T.);
#922=ORIENTED_EDGE('',*,*,#4901,.T.);
#923=ORIENTED_EDGE('',*,*,#4902,.T.);
#924=ORIENTED_EDGE('',*,*,#4903,.T.);
#925=ORIENTED_EDGE('',*,*,#4904,.T.);
#926=ORIENTED_EDGE('',*,*,#4905,.T.);
#927=ORIENTED_EDGE('',*,*,#4906,.T.);
#928=ORIENTED_EDGE('',*,*,#4907,.T.);
#929=ORIENTED_EDGE('',*,*,#4894,.F.);
#930=ORIENTED_EDGE('',*,*,#4908,.T.);
#931=ORIENTED_EDGE('',*,*,#4902,.F.);
#932=ORIENTED_EDGE('',*,*,#4909,.T.);
#933=ORIENTED_EDGE('',*,*,#4910,.T.);
#934=ORIENTED_EDGE('',*,*,#4906,.F.);
#935=ORIENTED_EDGE('',*,*,#4911,.T.);
#936=ORIENTED_EDGE('',*,*,#4912,.T.);
#937=ORIENTED_EDGE('',*,*,#4913,.T.);
#938=ORIENTED_EDGE('',*,*,#4914,.T.);
#939=ORIENTED_EDGE('',*,*,#4915,.T.);
#940=ORIENTED_EDGE('',*,*,#4913,.F.);
#941=ORIENTED_EDGE('',*,*,#4916,.T.);
#942=ORIENTED_EDGE('',*,*,#4917,.T.);
#943=ORIENTED_EDGE('',*,*,#4918,.T.);
#944=ORIENTED_EDGE('',*,*,#4919,.T.);
#945=ORIENTED_EDGE('',*,*,#4920,.T.);
#946=ORIENTED_EDGE('',*,*,#4919,.F.);
#947=ORIENTED_EDGE('',*,*,#4921,.T.);
#948=ORIENTED_EDGE('',*,*,#4922,.T.);
#949=ORIENTED_EDGE('',*,*,#4923,.T.);
#950=ORIENTED_EDGE('',*,*,#4924,.T.);
#951=ORIENTED_EDGE('',*,*,#4904,.F.);
#952=ORIENTED_EDGE('',*,*,#4925,.T.);
#953=ORIENTED_EDGE('',*,*,#4900,.F.);
#954=ORIENTED_EDGE('',*,*,#4752,.F.);
#955=ORIENTED_EDGE('',*,*,#4896,.F.);
#956=ORIENTED_EDGE('',*,*,#4926,.T.);
#957=ORIENTED_EDGE('',*,*,#4892,.F.);
#958=ORIENTED_EDGE('',*,*,#4927,.T.);
#959=ORIENTED_EDGE('',*,*,#4923,.F.);
#960=ORIENTED_EDGE('',*,*,#4928,.T.);
#961=ORIENTED_EDGE('',*,*,#4929,.T.);
#962=ORIENTED_EDGE('',*,*,#4929,.F.);
#963=ORIENTED_EDGE('',*,*,#4930,.T.);
#964=ORIENTED_EDGE('',*,*,#4931,.T.);
#965=ORIENTED_EDGE('',*,*,#4932,.T.);
#966=ORIENTED_EDGE('',*,*,#4933,.T.);
#967=ORIENTED_EDGE('',*,*,#4822,.F.);
#968=ORIENTED_EDGE('',*,*,#4887,.F.);
#969=ORIENTED_EDGE('',*,*,#4881,.F.);
#970=ORIENTED_EDGE('',*,*,#4876,.F.);
#971=ORIENTED_EDGE('',*,*,#4871,.F.);
#972=ORIENTED_EDGE('',*,*,#4866,.F.);
#973=ORIENTED_EDGE('',*,*,#4818,.F.);
#974=ORIENTED_EDGE('',*,*,#4864,.F.);
#975=ORIENTED_EDGE('',*,*,#4833,.F.);
#976=ORIENTED_EDGE('',*,*,#4835,.F.);
#977=ORIENTED_EDGE('',*,*,#4829,.F.);
#978=ORIENTED_EDGE('',*,*,#4890,.F.);
#979=ORIENTED_EDGE('',*,*,#4920,.F.);
#980=ORIENTED_EDGE('',*,*,#4927,.F.);
#981=ORIENTED_EDGE('',*,*,#4891,.F.);
#982=ORIENTED_EDGE('',*,*,#4907,.F.);
#983=ORIENTED_EDGE('',*,*,#4914,.F.);
#984=ORIENTED_EDGE('',*,*,#4915,.F.);
#985=ORIENTED_EDGE('',*,*,#4934,.T.);
#986=ORIENTED_EDGE('',*,*,#4909,.F.);
#987=ORIENTED_EDGE('',*,*,#4901,.F.);
#988=ORIENTED_EDGE('',*,*,#4924,.F.);
#989=ORIENTED_EDGE('',*,*,#4933,.F.);
#990=ORIENTED_EDGE('',*,*,#4935,.T.);
#991=ORIENTED_EDGE('',*,*,#4934,.F.);
#992=ORIENTED_EDGE('',*,*,#4936,.T.);
#993=ORIENTED_EDGE('',*,*,#4937,.T.);
#994=ORIENTED_EDGE('',*,*,#4938,.T.);
#995=ORIENTED_EDGE('',*,*,#4910,.F.);
#996=ORIENTED_EDGE('',*,*,#4935,.F.);
#997=ORIENTED_EDGE('',*,*,#4932,.F.);
#998=ORIENTED_EDGE('',*,*,#4939,.T.);
#999=ORIENTED_EDGE('',*,*,#4940,.T.);
#1000=ORIENTED_EDGE('',*,*,#4941,.T.);
#1001=ORIENTED_EDGE('',*,*,#4936,.F.);
#1002=ORIENTED_EDGE('',*,*,#4941,.F.);
#1003=ORIENTED_EDGE('',*,*,#4942,.T.);
#1004=ORIENTED_EDGE('',*,*,#4943,.T.);
#1005=ORIENTED_EDGE('',*,*,#4944,.T.);
#1006=ORIENTED_EDGE('',*,*,#4937,.F.);
#1007=ORIENTED_EDGE('',*,*,#4945,.T.);
#1008=ORIENTED_EDGE('',*,*,#4946,.T.);
#1009=ORIENTED_EDGE('',*,*,#4911,.F.);
#1010=ORIENTED_EDGE('',*,*,#4905,.F.);
#1011=ORIENTED_EDGE('',*,*,#4938,.F.);
#1012=ORIENTED_EDGE('',*,*,#4944,.F.);
#1013=ORIENTED_EDGE('',*,*,#4947,.T.);
#1014=ORIENTED_EDGE('',*,*,#4916,.F.);
#1015=ORIENTED_EDGE('',*,*,#4912,.F.);
#1016=ORIENTED_EDGE('',*,*,#4946,.F.);
#1017=ORIENTED_EDGE('',*,*,#4948,.T.);
#1018=ORIENTED_EDGE('',*,*,#4949,.T.);
#1019=ORIENTED_EDGE('',*,*,#4950,.T.);
#1020=ORIENTED_EDGE('',*,*,#4917,.F.);
#1021=ORIENTED_EDGE('',*,*,#4947,.F.);
#1022=ORIENTED_EDGE('',*,*,#4918,.F.);
#1023=ORIENTED_EDGE('',*,*,#4950,.F.);
#1024=ORIENTED_EDGE('',*,*,#4951,.T.);
#1025=ORIENTED_EDGE('',*,*,#4952,.T.);
#1026=ORIENTED_EDGE('',*,*,#4921,.F.);
#1027=ORIENTED_EDGE('',*,*,#4930,.F.);
#1028=ORIENTED_EDGE('',*,*,#4928,.F.);
#1029=ORIENTED_EDGE('',*,*,#4922,.F.);
#1030=ORIENTED_EDGE('',*,*,#4952,.F.);
#1031=ORIENTED_EDGE('',*,*,#4953,.T.);
#1032=ORIENTED_EDGE('',*,*,#4954,.T.);
#1033=ORIENTED_EDGE('',*,*,#4955,.T.);
#1034=ORIENTED_EDGE('',*,*,#4939,.F.);
#1035=ORIENTED_EDGE('',*,*,#4931,.F.);
#1036=ORIENTED_EDGE('',*,*,#4954,.F.);
#1037=ORIENTED_EDGE('',*,*,#4956,.T.);
#1038=ORIENTED_EDGE('',*,*,#4957,.T.);
#1039=ORIENTED_EDGE('',*,*,#4942,.F.);
#1040=ORIENTED_EDGE('',*,*,#4940,.F.);
#1041=ORIENTED_EDGE('',*,*,#4955,.F.);
#1042=ORIENTED_EDGE('',*,*,#4958,.T.);
#1043=ORIENTED_EDGE('',*,*,#4959,.T.);
#1044=ORIENTED_EDGE('',*,*,#4956,.F.);
#1045=ORIENTED_EDGE('',*,*,#4953,.F.);
#1046=ORIENTED_EDGE('',*,*,#4951,.F.);
#1047=ORIENTED_EDGE('',*,*,#4949,.F.);
#1048=ORIENTED_EDGE('',*,*,#4948,.F.);
#1049=ORIENTED_EDGE('',*,*,#4945,.F.);
#1050=ORIENTED_EDGE('',*,*,#4943,.F.);
#1051=ORIENTED_EDGE('',*,*,#4957,.F.);
#1052=ORIENTED_EDGE('',*,*,#4960,.T.);
#1053=ORIENTED_EDGE('',*,*,#4961,.T.);
#1054=ORIENTED_EDGE('',*,*,#4962,.T.);
#1055=ORIENTED_EDGE('',*,*,#4963,.T.);
#1056=ORIENTED_EDGE('',*,*,#4964,.T.);
#1057=ORIENTED_EDGE('',*,*,#4965,.T.);
#1058=ORIENTED_EDGE('',*,*,#4958,.F.);
#1059=ORIENTED_EDGE('',*,*,#4966,.T.);
#1060=ORIENTED_EDGE('',*,*,#4963,.F.);
#1061=ORIENTED_EDGE('',*,*,#4967,.T.);
#1062=ORIENTED_EDGE('',*,*,#4964,.F.);
#1063=ORIENTED_EDGE('',*,*,#4966,.F.);
#1064=ORIENTED_EDGE('',*,*,#4959,.F.);
#1065=ORIENTED_EDGE('',*,*,#4965,.F.);
#1066=ORIENTED_EDGE('',*,*,#4968,.T.);
#1067=ORIENTED_EDGE('',*,*,#4967,.F.);
#1068=ORIENTED_EDGE('',*,*,#4962,.F.);
#1069=ORIENTED_EDGE('',*,*,#4969,.T.);
#1070=ORIENTED_EDGE('',*,*,#4960,.F.);
#1071=ORIENTED_EDGE('',*,*,#4968,.F.);
#1072=ORIENTED_EDGE('',*,*,#4970,.T.);
#1073=ORIENTED_EDGE('',*,*,#4971,.T.);
#1074=ORIENTED_EDGE('',*,*,#4972,.T.);
#1075=ORIENTED_EDGE('',*,*,#4973,.T.);
#1076=ORIENTED_EDGE('',*,*,#4972,.F.);
#1077=ORIENTED_EDGE('',*,*,#4974,.T.);
#1078=ORIENTED_EDGE('',*,*,#4970,.F.);
#1079=ORIENTED_EDGE('',*,*,#4975,.T.);
#1080=ORIENTED_EDGE('',*,*,#4976,.T.);
#1081=ORIENTED_EDGE('',*,*,#4977,.T.);
#1082=ORIENTED_EDGE('',*,*,#4978,.T.);
#1083=ORIENTED_EDGE('',*,*,#4979,.T.);
#1084=ORIENTED_EDGE('',*,*,#4978,.F.);
#1085=ORIENTED_EDGE('',*,*,#4980,.T.);
#1086=ORIENTED_EDGE('',*,*,#4976,.F.);
#1087=ORIENTED_EDGE('',*,*,#4981,.T.);
#1088=ORIENTED_EDGE('',*,*,#4982,.T.);
#1089=ORIENTED_EDGE('',*,*,#4983,.T.);
#1090=ORIENTED_EDGE('',*,*,#4984,.T.);
#1091=ORIENTED_EDGE('',*,*,#4985,.T.);
#1092=ORIENTED_EDGE('',*,*,#4984,.F.);
#1093=ORIENTED_EDGE('',*,*,#4986,.T.);
#1094=ORIENTED_EDGE('',*,*,#4982,.F.);
#1095=ORIENTED_EDGE('',*,*,#4987,.T.);
#1096=ORIENTED_EDGE('',*,*,#4971,.F.);
#1097=ORIENTED_EDGE('',*,*,#4974,.F.);
#1098=ORIENTED_EDGE('',*,*,#4988,.T.);
#1099=ORIENTED_EDGE('',*,*,#4989,.T.);
#1100=ORIENTED_EDGE('',*,*,#4977,.F.);
#1101=ORIENTED_EDGE('',*,*,#4980,.F.);
#1102=ORIENTED_EDGE('',*,*,#4983,.F.);
#1103=ORIENTED_EDGE('',*,*,#4986,.F.);
#1104=ORIENTED_EDGE('',*,*,#4990,.T.);
#1105=ORIENTED_EDGE('',*,*,#4988,.F.);
#1106=ORIENTED_EDGE('',*,*,#4991,.T.);
#1107=ORIENTED_EDGE('',*,*,#4992,.T.);
#1108=ORIENTED_EDGE('',*,*,#4991,.F.);
#1109=ORIENTED_EDGE('',*,*,#4989,.F.);
#1110=ORIENTED_EDGE('',*,*,#4990,.F.);
#1111=ORIENTED_EDGE('',*,*,#4993,.T.);
#1112=ORIENTED_EDGE('',*,*,#4994,.T.);
#1113=ORIENTED_EDGE('',*,*,#4995,.T.);
#1114=ORIENTED_EDGE('',*,*,#4996,.T.);
#1115=ORIENTED_EDGE('',*,*,#4997,.T.);
#1116=ORIENTED_EDGE('',*,*,#4998,.T.);
#1117=ORIENTED_EDGE('',*,*,#4999,.T.);
#1118=ORIENTED_EDGE('',*,*,#5000,.T.);
#1119=ORIENTED_EDGE('',*,*,#5001,.T.);
#1120=ORIENTED_EDGE('',*,*,#5000,.F.);
#1121=ORIENTED_EDGE('',*,*,#5002,.T.);
#1122=ORIENTED_EDGE('',*,*,#4998,.F.);
#1123=ORIENTED_EDGE('',*,*,#5003,.T.);
#1124=ORIENTED_EDGE('',*,*,#4997,.F.);
#1125=ORIENTED_EDGE('',*,*,#5004,.T.);
#1126=ORIENTED_EDGE('',*,*,#5001,.F.);
#1127=ORIENTED_EDGE('',*,*,#5003,.F.);
#1128=ORIENTED_EDGE('',*,*,#4996,.F.);
#1129=ORIENTED_EDGE('',*,*,#5005,.T.);
#1130=ORIENTED_EDGE('',*,*,#4994,.F.);
#1131=ORIENTED_EDGE('',*,*,#5004,.F.);
#1132=ORIENTED_EDGE('',*,*,#5006,.T.);
#1133=ORIENTED_EDGE('',*,*,#4789,.F.);
#1134=ORIENTED_EDGE('',*,*,#5007,.T.);
#1135=ORIENTED_EDGE('',*,*,#4793,.F.);
#1136=ORIENTED_EDGE('',*,*,#4801,.F.);
#1137=ORIENTED_EDGE('',*,*,#5008,.T.);
#1138=ORIENTED_EDGE('',*,*,#4803,.F.);
#1139=ORIENTED_EDGE('',*,*,#4811,.F.);
#1140=ORIENTED_EDGE('',*,*,#5009,.T.);
#1141=ORIENTED_EDGE('',*,*,#5002,.F.);
#1142=ORIENTED_EDGE('',*,*,#4999,.F.);
#1143=ORIENTED_EDGE('',*,*,#4993,.F.);
#1144=ORIENTED_EDGE('',*,*,#4992,.F.);
#1145=ORIENTED_EDGE('',*,*,#4975,.F.);
#1146=ORIENTED_EDGE('',*,*,#4973,.F.);
#1147=ORIENTED_EDGE('',*,*,#4987,.F.);
#1148=ORIENTED_EDGE('',*,*,#4985,.F.);
#1149=ORIENTED_EDGE('',*,*,#4981,.F.);
#1150=ORIENTED_EDGE('',*,*,#4979,.F.);
#1151=ORIENTED_EDGE('',*,*,#4969,.F.);
#1152=ORIENTED_EDGE('',*,*,#4961,.F.);
#1153=ORIENTED_EDGE('',*,*,#4850,.F.);
#1154=ORIENTED_EDGE('',*,*,#4848,.F.);
#1155=ORIENTED_EDGE('',*,*,#5005,.F.);
#1156=ORIENTED_EDGE('',*,*,#4995,.F.);
#1157=ORIENTED_EDGE('',*,*,#5010,.T.);
#1158=ORIENTED_EDGE('',*,*,#4790,.F.);
#1159=ORIENTED_EDGE('',*,*,#5006,.F.);
#1160=ORIENTED_EDGE('',*,*,#5011,.T.);
#1161=ORIENTED_EDGE('',*,*,#5010,.F.);
#1162=ORIENTED_EDGE('',*,*,#5012,.T.);
#1163=ORIENTED_EDGE('',*,*,#4747,.F.);
#1164=ORIENTED_EDGE('',*,*,#4746,.F.);
#1165=ORIENTED_EDGE('',*,*,#5013,.T.);
#1166=ORIENTED_EDGE('',*,*,#5014,.T.);
#1167=ORIENTED_EDGE('',*,*,#4791,.F.);
#1168=ORIENTED_EDGE('',*,*,#5013,.F.);
#1169=ORIENTED_EDGE('',*,*,#4745,.F.);
#1170=ORIENTED_EDGE('',*,*,#4762,.F.);
#1171=ORIENTED_EDGE('',*,*,#4796,.F.);
#1172=ORIENTED_EDGE('',*,*,#5015,.T.);
#1173=ORIENTED_EDGE('',*,*,#5016,.T.);
#1174=ORIENTED_EDGE('',*,*,#5017,.T.);
#1175=ORIENTED_EDGE('',*,*,#5014,.F.);
#1176=ORIENTED_EDGE('',*,*,#4744,.F.);
#1177=ORIENTED_EDGE('',*,*,#4770,.F.);
#1178=ORIENTED_EDGE('',*,*,#4786,.F.);
#1179=ORIENTED_EDGE('',*,*,#4763,.F.);
#1180=ORIENTED_EDGE('',*,*,#5016,.F.);
#1181=ORIENTED_EDGE('',*,*,#5018,.T.);
#1182=ORIENTED_EDGE('',*,*,#5019,.T.);
#1183=ORIENTED_EDGE('',*,*,#5020,.T.);
#1184=ORIENTED_EDGE('',*,*,#5021,.T.);
#1185=ORIENTED_EDGE('',*,*,#5018,.F.);
#1186=ORIENTED_EDGE('',*,*,#5015,.F.);
#1187=ORIENTED_EDGE('',*,*,#4794,.F.);
#1188=ORIENTED_EDGE('',*,*,#5007,.F.);
#1189=ORIENTED_EDGE('',*,*,#4788,.F.);
#1190=ORIENTED_EDGE('',*,*,#5017,.F.);
#1191=ORIENTED_EDGE('',*,*,#4785,.F.);
#1192=ORIENTED_EDGE('',*,*,#5022,.T.);
#1193=ORIENTED_EDGE('',*,*,#5023,.T.);
#1194=ORIENTED_EDGE('',*,*,#5024,.T.);
#1195=ORIENTED_EDGE('',*,*,#5025,.T.);
#1196=ORIENTED_EDGE('',*,*,#5026,.T.);
#1197=ORIENTED_EDGE('',*,*,#5023,.F.);
#1198=ORIENTED_EDGE('',*,*,#5027,.T.);
#1199=ORIENTED_EDGE('',*,*,#5028,.T.);
#1200=ORIENTED_EDGE('',*,*,#5029,.T.);
#1201=ORIENTED_EDGE('',*,*,#5030,.T.);
#1202=ORIENTED_EDGE('',*,*,#5024,.F.);
#1203=ORIENTED_EDGE('',*,*,#5026,.F.);
#1204=ORIENTED_EDGE('',*,*,#5031,.T.);
#1205=ORIENTED_EDGE('',*,*,#5032,.T.);
#1206=ORIENTED_EDGE('',*,*,#5033,.T.);
#1207=ORIENTED_EDGE('',*,*,#5025,.F.);
#1208=ORIENTED_EDGE('',*,*,#5030,.F.);
#1209=ORIENTED_EDGE('',*,*,#5034,.T.);
#1210=ORIENTED_EDGE('',*,*,#5031,.F.);
#1211=ORIENTED_EDGE('',*,*,#5029,.F.);
#1212=ORIENTED_EDGE('',*,*,#5035,.T.);
#1213=ORIENTED_EDGE('',*,*,#5034,.F.);
#1214=ORIENTED_EDGE('',*,*,#5020,.F.);
#1215=ORIENTED_EDGE('',*,*,#5036,.T.);
#1216=ORIENTED_EDGE('',*,*,#4814,.F.);
#1217=ORIENTED_EDGE('',*,*,#4764,.F.);
#1218=ORIENTED_EDGE('',*,*,#4820,.F.);
#1219=ORIENTED_EDGE('',*,*,#5037,.T.);
#1220=ORIENTED_EDGE('',*,*,#4787,.F.);
#1221=ORIENTED_EDGE('',*,*,#4768,.F.);
#1222=ORIENTED_EDGE('',*,*,#5038,.T.);
#1223=ORIENTED_EDGE('',*,*,#5032,.F.);
#1224=ORIENTED_EDGE('',*,*,#5035,.F.);
#1225=ORIENTED_EDGE('',*,*,#5028,.F.);
#1226=ORIENTED_EDGE('',*,*,#5039,.T.);
#1227=ORIENTED_EDGE('',*,*,#5040,.T.);
#1228=ORIENTED_EDGE('',*,*,#4898,.F.);
#1229=ORIENTED_EDGE('',*,*,#4925,.F.);
#1230=ORIENTED_EDGE('',*,*,#4903,.F.);
#1231=ORIENTED_EDGE('',*,*,#4908,.F.);
#1232=ORIENTED_EDGE('',*,*,#4893,.F.);
#1233=ORIENTED_EDGE('',*,*,#4926,.F.);
#1234=ORIENTED_EDGE('',*,*,#4895,.F.);
#1235=ORIENTED_EDGE('',*,*,#5041,.T.);
#1236=ORIENTED_EDGE('',*,*,#5042,.T.);
#1237=ORIENTED_EDGE('',*,*,#5043,.T.);
#1238=ORIENTED_EDGE('',*,*,#4776,.F.);
#1239=ORIENTED_EDGE('',*,*,#5044,.T.);
#1240=ORIENTED_EDGE('',*,*,#4782,.F.);
#1241=ORIENTED_EDGE('',*,*,#5045,.T.);
#1242=ORIENTED_EDGE('',*,*,#4784,.F.);
#1243=ORIENTED_EDGE('',*,*,#5037,.F.);
#1244=ORIENTED_EDGE('',*,*,#4819,.F.);
#1245=ORIENTED_EDGE('',*,*,#4888,.F.);
#1246=ORIENTED_EDGE('',*,*,#4824,.F.);
#1247=ORIENTED_EDGE('',*,*,#4865,.F.);
#1248=ORIENTED_EDGE('',*,*,#4816,.F.);
#1249=ORIENTED_EDGE('',*,*,#4889,.F.);
#1250=ORIENTED_EDGE('',*,*,#4812,.F.);
#1251=ORIENTED_EDGE('',*,*,#5036,.F.);
#1252=ORIENTED_EDGE('',*,*,#5019,.F.);
#1253=ORIENTED_EDGE('',*,*,#5021,.F.);
#1254=ORIENTED_EDGE('',*,*,#5033,.F.);
#1255=ORIENTED_EDGE('',*,*,#5038,.F.);
#1256=ORIENTED_EDGE('',*,*,#5027,.F.);
#1257=ORIENTED_EDGE('',*,*,#5022,.F.);
#1258=ORIENTED_EDGE('',*,*,#5045,.F.);
#1259=ORIENTED_EDGE('',*,*,#4781,.F.);
#1260=ORIENTED_EDGE('',*,*,#4772,.F.);
#1261=ORIENTED_EDGE('',*,*,#4777,.F.);
#1262=ORIENTED_EDGE('',*,*,#5043,.F.);
#1263=ORIENTED_EDGE('',*,*,#5046,.T.);
#1264=ORIENTED_EDGE('',*,*,#5047,.T.);
#1265=ORIENTED_EDGE('',*,*,#5011,.F.);
#1266=ORIENTED_EDGE('',*,*,#5009,.F.);
#1267=ORIENTED_EDGE('',*,*,#4810,.F.);
#1268=ORIENTED_EDGE('',*,*,#5048,.T.);
#1269=ORIENTED_EDGE('',*,*,#5049,.T.);
#1270=ORIENTED_EDGE('',*,*,#5039,.F.);
#1271=ORIENTED_EDGE('',*,*,#5049,.F.);
#1272=ORIENTED_EDGE('',*,*,#5050,.T.);
#1273=ORIENTED_EDGE('',*,*,#4755,.F.);
#1274=ORIENTED_EDGE('',*,*,#5051,.T.);
#1275=ORIENTED_EDGE('',*,*,#4749,.F.);
#1276=ORIENTED_EDGE('',*,*,#5052,.T.);
#1277=ORIENTED_EDGE('',*,*,#5046,.F.);
#1278=ORIENTED_EDGE('',*,*,#5042,.F.);
#1279=ORIENTED_EDGE('',*,*,#5053,.T.);
#1280=ORIENTED_EDGE('',*,*,#5048,.F.);
#1281=ORIENTED_EDGE('',*,*,#4808,.F.);
#1282=ORIENTED_EDGE('',*,*,#4756,.F.);
#1283=ORIENTED_EDGE('',*,*,#5050,.F.);
#1284=ORIENTED_EDGE('',*,*,#4748,.F.);
#1285=ORIENTED_EDGE('',*,*,#5012,.F.);
#1286=ORIENTED_EDGE('',*,*,#5047,.F.);
#1287=ORIENTED_EDGE('',*,*,#5052,.F.);
#1288=ORIENTED_EDGE('',*,*,#4899,.F.);
#1289=ORIENTED_EDGE('',*,*,#5040,.F.);
#1290=ORIENTED_EDGE('',*,*,#5051,.F.);
#1291=ORIENTED_EDGE('',*,*,#4754,.F.);
#1292=ORIENTED_EDGE('',*,*,#5044,.F.);
#1293=ORIENTED_EDGE('',*,*,#4775,.F.);
#1294=ORIENTED_EDGE('',*,*,#4780,.F.);
#1295=ORIENTED_EDGE('',*,*,#4783,.F.);
#1296=ORIENTED_EDGE('',*,*,#5053,.F.);
#1297=ORIENTED_EDGE('',*,*,#5041,.F.);
#1298=ORIENTED_EDGE('',*,*,#4897,.F.);
#1299=ORIENTED_EDGE('',*,*,#4750,.F.);
#1300=ORIENTED_EDGE('',*,*,#4807,.F.);
#1301=ORIENTED_EDGE('',*,*,#5054,.T.);
#1302=ORIENTED_EDGE('',*,*,#4798,.F.);
#1303=ORIENTED_EDGE('',*,*,#4759,.F.);
#1304=ORIENTED_EDGE('',*,*,#5008,.F.);
#1305=ORIENTED_EDGE('',*,*,#4800,.F.);
#1306=ORIENTED_EDGE('',*,*,#5054,.F.);
#1307=ORIENTED_EDGE('',*,*,#4804,.F.);
#1308=ORIENTED_EDGE('',*,*,#5055,.T.);
#1309=ORIENTED_EDGE('',*,*,#5056,.T.);
#1310=ORIENTED_EDGE('',*,*,#5057,.T.);
#1311=ORIENTED_EDGE('',*,*,#5058,.T.);
#1312=ORIENTED_EDGE('',*,*,#5059,.T.);
#1313=ORIENTED_EDGE('',*,*,#5060,.T.);
#1314=ORIENTED_EDGE('',*,*,#5058,.F.);
#1315=ORIENTED_EDGE('',*,*,#5061,.T.);
#1316=ORIENTED_EDGE('',*,*,#5061,.F.);
#1317=ORIENTED_EDGE('',*,*,#5057,.F.);
#1318=ORIENTED_EDGE('',*,*,#5062,.T.);
#1319=ORIENTED_EDGE('',*,*,#5063,.T.);
#1320=ORIENTED_EDGE('',*,*,#5064,.T.);
#1321=ORIENTED_EDGE('',*,*,#5065,.T.);
#1322=ORIENTED_EDGE('',*,*,#5062,.F.);
#1323=ORIENTED_EDGE('',*,*,#5056,.F.);
#1324=ORIENTED_EDGE('',*,*,#5055,.F.);
#1325=ORIENTED_EDGE('',*,*,#5060,.F.);
#1326=ORIENTED_EDGE('',*,*,#5066,.T.);
#1327=ORIENTED_EDGE('',*,*,#5064,.F.);
#1328=ORIENTED_EDGE('',*,*,#5067,.T.);
#1329=ORIENTED_EDGE('',*,*,#5068,.T.);
#1330=ORIENTED_EDGE('',*,*,#5066,.F.);
#1331=ORIENTED_EDGE('',*,*,#5069,.T.);
#1332=ORIENTED_EDGE('',*,*,#5070,.T.);
#1333=ORIENTED_EDGE('',*,*,#5071,.T.);
#1334=ORIENTED_EDGE('',*,*,#5065,.F.);
#1335=ORIENTED_EDGE('',*,*,#5068,.F.);
#1336=ORIENTED_EDGE('',*,*,#5072,.T.);
#1337=ORIENTED_EDGE('',*,*,#5073,.T.);
#1338=ORIENTED_EDGE('',*,*,#5063,.F.);
#1339=ORIENTED_EDGE('',*,*,#5071,.F.);
#1340=ORIENTED_EDGE('',*,*,#5074,.T.);
#1341=ORIENTED_EDGE('',*,*,#5069,.F.);
#1342=ORIENTED_EDGE('',*,*,#5059,.F.);
#1343=ORIENTED_EDGE('',*,*,#5073,.F.);
#1344=ORIENTED_EDGE('',*,*,#5072,.F.);
#1345=ORIENTED_EDGE('',*,*,#5070,.F.);
#1346=ORIENTED_EDGE('',*,*,#5067,.F.);
#1347=ORIENTED_EDGE('',*,*,#5074,.F.);
#1348=ORIENTED_EDGE('',*,*,#5075,.T.);
#1349=ORIENTED_EDGE('',*,*,#5076,.T.);
#1350=ORIENTED_EDGE('',*,*,#5077,.T.);
#1351=ORIENTED_EDGE('',*,*,#5078,.T.);
#1352=ORIENTED_EDGE('',*,*,#5079,.T.);
#1353=ORIENTED_EDGE('',*,*,#5080,.T.);
#1354=ORIENTED_EDGE('',*,*,#5081,.T.);
#1355=ORIENTED_EDGE('',*,*,#5076,.F.);
#1356=ORIENTED_EDGE('',*,*,#5082,.T.);
#1357=ORIENTED_EDGE('',*,*,#5077,.F.);
#1358=ORIENTED_EDGE('',*,*,#5081,.F.);
#1359=ORIENTED_EDGE('',*,*,#5083,.T.);
#1360=ORIENTED_EDGE('',*,*,#5075,.F.);
#1361=ORIENTED_EDGE('',*,*,#5084,.T.);
#1362=ORIENTED_EDGE('',*,*,#5085,.T.);
#1363=ORIENTED_EDGE('',*,*,#5079,.F.);
#1364=ORIENTED_EDGE('',*,*,#5086,.T.);
#1365=ORIENTED_EDGE('',*,*,#5084,.F.);
#1366=ORIENTED_EDGE('',*,*,#5078,.F.);
#1367=ORIENTED_EDGE('',*,*,#5082,.F.);
#1368=ORIENTED_EDGE('',*,*,#5087,.T.);
#1369=ORIENTED_EDGE('',*,*,#5088,.T.);
#1370=ORIENTED_EDGE('',*,*,#5086,.F.);
#1371=ORIENTED_EDGE('',*,*,#5089,.T.);
#1372=ORIENTED_EDGE('',*,*,#5090,.T.);
#1373=ORIENTED_EDGE('',*,*,#5091,.T.);
#1374=ORIENTED_EDGE('',*,*,#5085,.F.);
#1375=ORIENTED_EDGE('',*,*,#5088,.F.);
#1376=ORIENTED_EDGE('',*,*,#5092,.T.);
#1377=ORIENTED_EDGE('',*,*,#5089,.F.);
#1378=ORIENTED_EDGE('',*,*,#5083,.F.);
#1379=ORIENTED_EDGE('',*,*,#5093,.T.);
#1380=ORIENTED_EDGE('',*,*,#5094,.T.);
#1381=ORIENTED_EDGE('',*,*,#5093,.F.);
#1382=ORIENTED_EDGE('',*,*,#5080,.F.);
#1383=ORIENTED_EDGE('',*,*,#5091,.F.);
#1384=ORIENTED_EDGE('',*,*,#5087,.F.);
#1385=ORIENTED_EDGE('',*,*,#5092,.F.);
#1386=ORIENTED_EDGE('',*,*,#5094,.F.);
#1387=ORIENTED_EDGE('',*,*,#5090,.F.);
#1388=ORIENTED_EDGE('',*,*,#5095,.T.);
#1389=ORIENTED_EDGE('',*,*,#5096,.T.);
#1390=ORIENTED_EDGE('',*,*,#5097,.T.);
#1391=ORIENTED_EDGE('',*,*,#5098,.T.);
#1392=ORIENTED_EDGE('',*,*,#5099,.T.);
#1393=ORIENTED_EDGE('',*,*,#5100,.T.);
#1394=ORIENTED_EDGE('',*,*,#5101,.T.);
#1395=ORIENTED_EDGE('',*,*,#5102,.T.);
#1396=ORIENTED_EDGE('',*,*,#5103,.T.);
#1397=ORIENTED_EDGE('',*,*,#5104,.T.);
#1398=ORIENTED_EDGE('',*,*,#5105,.T.);
#1399=ORIENTED_EDGE('',*,*,#5106,.T.);
#1400=ORIENTED_EDGE('',*,*,#5107,.T.);
#1401=ORIENTED_EDGE('',*,*,#5108,.T.);
#1402=ORIENTED_EDGE('',*,*,#5109,.T.);
#1403=ORIENTED_EDGE('',*,*,#5110,.T.);
#1404=ORIENTED_EDGE('',*,*,#5111,.T.);
#1405=ORIENTED_EDGE('',*,*,#5112,.T.);
#1406=ORIENTED_EDGE('',*,*,#5113,.T.);
#1407=ORIENTED_EDGE('',*,*,#5114,.T.);
#1408=ORIENTED_EDGE('',*,*,#5115,.T.);
#1409=ORIENTED_EDGE('',*,*,#5116,.T.);
#1410=ORIENTED_EDGE('',*,*,#5117,.T.);
#1411=ORIENTED_EDGE('',*,*,#5118,.T.);
#1412=ORIENTED_EDGE('',*,*,#5119,.T.);
#1413=ORIENTED_EDGE('',*,*,#5120,.T.);
#1414=ORIENTED_EDGE('',*,*,#5121,.T.);
#1415=ORIENTED_EDGE('',*,*,#5122,.T.);
#1416=ORIENTED_EDGE('',*,*,#5123,.T.);
#1417=ORIENTED_EDGE('',*,*,#5124,.T.);
#1418=ORIENTED_EDGE('',*,*,#5125,.T.);
#1419=ORIENTED_EDGE('',*,*,#5126,.T.);
#1420=ORIENTED_EDGE('',*,*,#5127,.T.);
#1421=ORIENTED_EDGE('',*,*,#5128,.T.);
#1422=ORIENTED_EDGE('',*,*,#5129,.T.);
#1423=ORIENTED_EDGE('',*,*,#5130,.T.);
#1424=ORIENTED_EDGE('',*,*,#5131,.T.);
#1425=ORIENTED_EDGE('',*,*,#5132,.T.);
#1426=ORIENTED_EDGE('',*,*,#5133,.T.);
#1427=ORIENTED_EDGE('',*,*,#5134,.T.);
#1428=ORIENTED_EDGE('',*,*,#5135,.T.);
#1429=ORIENTED_EDGE('',*,*,#5136,.T.);
#1430=ORIENTED_EDGE('',*,*,#5137,.T.);
#1431=ORIENTED_EDGE('',*,*,#5138,.T.);
#1432=ORIENTED_EDGE('',*,*,#5139,.T.);
#1433=ORIENTED_EDGE('',*,*,#5140,.T.);
#1434=ORIENTED_EDGE('',*,*,#5141,.T.);
#1435=ORIENTED_EDGE('',*,*,#5142,.T.);
#1436=ORIENTED_EDGE('',*,*,#5143,.T.);
#1437=ORIENTED_EDGE('',*,*,#5144,.T.);
#1438=ORIENTED_EDGE('',*,*,#5145,.T.);
#1439=ORIENTED_EDGE('',*,*,#5146,.T.);
#1440=ORIENTED_EDGE('',*,*,#5147,.T.);
#1441=ORIENTED_EDGE('',*,*,#5148,.T.);
#1442=ORIENTED_EDGE('',*,*,#5149,.T.);
#1443=ORIENTED_EDGE('',*,*,#5150,.T.);
#1444=ORIENTED_EDGE('',*,*,#5151,.T.);
#1445=ORIENTED_EDGE('',*,*,#5152,.T.);
#1446=ORIENTED_EDGE('',*,*,#5153,.T.);
#1447=ORIENTED_EDGE('',*,*,#5154,.T.);
#1448=ORIENTED_EDGE('',*,*,#5155,.T.);
#1449=ORIENTED_EDGE('',*,*,#5156,.T.);
#1450=ORIENTED_EDGE('',*,*,#5157,.T.);
#1451=ORIENTED_EDGE('',*,*,#5158,.T.);
#1452=ORIENTED_EDGE('',*,*,#5159,.T.);
#1453=ORIENTED_EDGE('',*,*,#5160,.T.);
#1454=ORIENTED_EDGE('',*,*,#5161,.T.);
#1455=ORIENTED_EDGE('',*,*,#5162,.T.);
#1456=ORIENTED_EDGE('',*,*,#5141,.F.);
#1457=ORIENTED_EDGE('',*,*,#5163,.T.);
#1458=ORIENTED_EDGE('',*,*,#5149,.F.);
#1459=ORIENTED_EDGE('',*,*,#5164,.T.);
#1460=ORIENTED_EDGE('',*,*,#5125,.F.);
#1461=ORIENTED_EDGE('',*,*,#5165,.T.);
#1462=ORIENTED_EDGE('',*,*,#5099,.F.);
#1463=ORIENTED_EDGE('',*,*,#5166,.T.);
#1464=ORIENTED_EDGE('',*,*,#5104,.F.);
#1465=ORIENTED_EDGE('',*,*,#5167,.T.);
#1466=ORIENTED_EDGE('',*,*,#5120,.F.);
#1467=ORIENTED_EDGE('',*,*,#5168,.T.);
#1468=ORIENTED_EDGE('',*,*,#5169,.T.);
#1469=ORIENTED_EDGE('',*,*,#5170,.T.);
#1470=ORIENTED_EDGE('',*,*,#5168,.F.);
#1471=ORIENTED_EDGE('',*,*,#5119,.F.);
#1472=ORIENTED_EDGE('',*,*,#5171,.T.);
#1473=ORIENTED_EDGE('',*,*,#5172,.T.);
#1474=ORIENTED_EDGE('',*,*,#5173,.T.);
#1475=ORIENTED_EDGE('',*,*,#5174,.T.);
#1476=ORIENTED_EDGE('',*,*,#5107,.F.);
#1477=ORIENTED_EDGE('',*,*,#5106,.F.);
#1478=ORIENTED_EDGE('',*,*,#5105,.F.);
#1479=ORIENTED_EDGE('',*,*,#5170,.F.);
#1480=ORIENTED_EDGE('',*,*,#5175,.T.);
#1481=ORIENTED_EDGE('',*,*,#5176,.T.);
#1482=ORIENTED_EDGE('',*,*,#5177,.T.);
#1483=ORIENTED_EDGE('',*,*,#5175,.F.);
#1484=ORIENTED_EDGE('',*,*,#5169,.F.);
#1485=ORIENTED_EDGE('',*,*,#5118,.F.);
#1486=ORIENTED_EDGE('',*,*,#5178,.T.);
#1487=ORIENTED_EDGE('',*,*,#5179,.T.);
#1488=ORIENTED_EDGE('',*,*,#5180,.T.);
#1489=ORIENTED_EDGE('',*,*,#5181,.T.);
#1490=ORIENTED_EDGE('',*,*,#5182,.T.);
#1491=ORIENTED_EDGE('',*,*,#5171,.F.);
#1492=ORIENTED_EDGE('',*,*,#5177,.F.);
#1493=ORIENTED_EDGE('',*,*,#5183,.T.);
#1494=ORIENTED_EDGE('',*,*,#5184,.T.);
#1495=ORIENTED_EDGE('',*,*,#5185,.T.);
#1496=ORIENTED_EDGE('',*,*,#5186,.T.);
#1497=ORIENTED_EDGE('',*,*,#5187,.T.);
#1498=ORIENTED_EDGE('',*,*,#5172,.F.);
#1499=ORIENTED_EDGE('',*,*,#5182,.F.);
#1500=ORIENTED_EDGE('',*,*,#5188,.T.);
#1501=ORIENTED_EDGE('',*,*,#5189,.T.);
#1502=ORIENTED_EDGE('',*,*,#5190,.T.);
#1503=ORIENTED_EDGE('',*,*,#5133,.F.);
#1504=ORIENTED_EDGE('',*,*,#5191,.T.);
#1505=ORIENTED_EDGE('',*,*,#5192,.T.);
#1506=ORIENTED_EDGE('',*,*,#5190,.F.);
#1507=ORIENTED_EDGE('',*,*,#5193,.T.);
#1508=ORIENTED_EDGE('',*,*,#5194,.T.);
#1509=ORIENTED_EDGE('',*,*,#5135,.F.);
#1510=ORIENTED_EDGE('',*,*,#5134,.F.);
#1511=ORIENTED_EDGE('',*,*,#5195,.T.);
#1512=ORIENTED_EDGE('',*,*,#5196,.T.);
#1513=ORIENTED_EDGE('',*,*,#5157,.F.);
#1514=ORIENTED_EDGE('',*,*,#5197,.T.);
#1515=ORIENTED_EDGE('',*,*,#5158,.F.);
#1516=ORIENTED_EDGE('',*,*,#5196,.F.);
#1517=ORIENTED_EDGE('',*,*,#5198,.T.);
#1518=ORIENTED_EDGE('',*,*,#5192,.F.);
#1519=ORIENTED_EDGE('',*,*,#5199,.T.);
#1520=ORIENTED_EDGE('',*,*,#5199,.F.);
#1521=ORIENTED_EDGE('',*,*,#5191,.F.);
#1522=ORIENTED_EDGE('',*,*,#5200,.T.);
#1523=ORIENTED_EDGE('',*,*,#5159,.F.);
#1524=ORIENTED_EDGE('',*,*,#5132,.F.);
#1525=ORIENTED_EDGE('',*,*,#5201,.T.);
#1526=ORIENTED_EDGE('',*,*,#5160,.F.);
#1527=ORIENTED_EDGE('',*,*,#5200,.F.);
#1528=ORIENTED_EDGE('',*,*,#5202,.T.);
#1529=ORIENTED_EDGE('',*,*,#5161,.F.);
#1530=ORIENTED_EDGE('',*,*,#5201,.F.);
#1531=ORIENTED_EDGE('',*,*,#5131,.F.);
#1532=ORIENTED_EDGE('',*,*,#5203,.T.);
#1533=ORIENTED_EDGE('',*,*,#5162,.F.);
#1534=ORIENTED_EDGE('',*,*,#5202,.F.);
#1535=ORIENTED_EDGE('',*,*,#5130,.F.);
#1536=ORIENTED_EDGE('',*,*,#5140,.F.);
#1537=ORIENTED_EDGE('',*,*,#5204,.T.);
#1538=ORIENTED_EDGE('',*,*,#5150,.F.);
#1539=ORIENTED_EDGE('',*,*,#5163,.F.);
#1540=ORIENTED_EDGE('',*,*,#5205,.T.);
#1541=ORIENTED_EDGE('',*,*,#5204,.F.);
#1542=ORIENTED_EDGE('',*,*,#5206,.T.);
#1543=ORIENTED_EDGE('',*,*,#5207,.T.);
#1544=ORIENTED_EDGE('',*,*,#5139,.F.);
#1545=ORIENTED_EDGE('',*,*,#5208,.T.);
#1546=ORIENTED_EDGE('',*,*,#5209,.T.);
#1547=ORIENTED_EDGE('',*,*,#5206,.F.);
#1548=ORIENTED_EDGE('',*,*,#5210,.T.);
#1549=ORIENTED_EDGE('',*,*,#5211,.T.);
#1550=ORIENTED_EDGE('',*,*,#5212,.T.);
#1551=ORIENTED_EDGE('',*,*,#5209,.F.);
#1552=ORIENTED_EDGE('',*,*,#5213,.T.);
#1553=ORIENTED_EDGE('',*,*,#5207,.F.);
#1554=ORIENTED_EDGE('',*,*,#5212,.F.);
#1555=ORIENTED_EDGE('',*,*,#5214,.T.);
#1556=ORIENTED_EDGE('',*,*,#5215,.T.);
#1557=ORIENTED_EDGE('',*,*,#5216,.T.);
#1558=ORIENTED_EDGE('',*,*,#5217,.T.);
#1559=ORIENTED_EDGE('',*,*,#5213,.F.);
#1560=ORIENTED_EDGE('',*,*,#5218,.T.);
#1561=ORIENTED_EDGE('',*,*,#5151,.F.);
#1562=ORIENTED_EDGE('',*,*,#5205,.F.);
#1563=ORIENTED_EDGE('',*,*,#5217,.F.);
#1564=ORIENTED_EDGE('',*,*,#5218,.F.);
#1565=ORIENTED_EDGE('',*,*,#5219,.T.);
#1566=ORIENTED_EDGE('',*,*,#5208,.F.);
#1567=ORIENTED_EDGE('',*,*,#5220,.T.);
#1568=ORIENTED_EDGE('',*,*,#5216,.F.);
#1569=ORIENTED_EDGE('',*,*,#5221,.T.);
#1570=ORIENTED_EDGE('',*,*,#5210,.F.);
#1571=ORIENTED_EDGE('',*,*,#5219,.F.);
#1572=ORIENTED_EDGE('',*,*,#5215,.F.);
#1573=ORIENTED_EDGE('',*,*,#5214,.F.);
#1574=ORIENTED_EDGE('',*,*,#5211,.F.);
#1575=ORIENTED_EDGE('',*,*,#5221,.F.);
#1576=ORIENTED_EDGE('',*,*,#5152,.F.);
#1577=ORIENTED_EDGE('',*,*,#5220,.F.);
#1578=ORIENTED_EDGE('',*,*,#5138,.F.);
#1579=ORIENTED_EDGE('',*,*,#5222,.T.);
#1580=ORIENTED_EDGE('',*,*,#5222,.F.);
#1581=ORIENTED_EDGE('',*,*,#5137,.F.);
#1582=ORIENTED_EDGE('',*,*,#5223,.T.);
#1583=ORIENTED_EDGE('',*,*,#5153,.F.);
#1584=ORIENTED_EDGE('',*,*,#5154,.F.);
#1585=ORIENTED_EDGE('',*,*,#5223,.F.);
#1586=ORIENTED_EDGE('',*,*,#5136,.F.);
#1587=ORIENTED_EDGE('',*,*,#5224,.T.);
#1588=ORIENTED_EDGE('',*,*,#5225,.T.);
#1589=ORIENTED_EDGE('',*,*,#5155,.F.);
#1590=ORIENTED_EDGE('',*,*,#5224,.F.);
#1591=ORIENTED_EDGE('',*,*,#5194,.F.);
#1592=ORIENTED_EDGE('',*,*,#5226,.T.);
#1593=ORIENTED_EDGE('',*,*,#5197,.F.);
#1594=ORIENTED_EDGE('',*,*,#5156,.F.);
#1595=ORIENTED_EDGE('',*,*,#5225,.F.);
#1596=ORIENTED_EDGE('',*,*,#5193,.F.);
#1597=ORIENTED_EDGE('',*,*,#5227,.T.);
#1598=ORIENTED_EDGE('',*,*,#5228,.T.);
#1599=ORIENTED_EDGE('',*,*,#5226,.F.);
#1600=ORIENTED_EDGE('',*,*,#5189,.F.);
#1601=ORIENTED_EDGE('',*,*,#5229,.T.);
#1602=ORIENTED_EDGE('',*,*,#5230,.T.);
#1603=ORIENTED_EDGE('',*,*,#5231,.T.);
#1604=ORIENTED_EDGE('',*,*,#5232,.T.);
#1605=ORIENTED_EDGE('',*,*,#5233,.T.);
#1606=ORIENTED_EDGE('',*,*,#5195,.F.);
#1607=ORIENTED_EDGE('',*,*,#5228,.F.);
#1608=ORIENTED_EDGE('',*,*,#5234,.T.);
#1609=ORIENTED_EDGE('',*,*,#5178,.F.);
#1610=ORIENTED_EDGE('',*,*,#5235,.T.);
#1611=ORIENTED_EDGE('',*,*,#5179,.F.);
#1612=ORIENTED_EDGE('',*,*,#5234,.F.);
#1613=ORIENTED_EDGE('',*,*,#5236,.T.);
#1614=ORIENTED_EDGE('',*,*,#5237,.T.);
#1615=ORIENTED_EDGE('',*,*,#5237,.F.);
#1616=ORIENTED_EDGE('',*,*,#5238,.T.);
#1617=ORIENTED_EDGE('',*,*,#5239,.T.);
#1618=ORIENTED_EDGE('',*,*,#5240,.T.);
#1619=ORIENTED_EDGE('',*,*,#5241,.T.);
#1620=ORIENTED_EDGE('',*,*,#5242,.T.);
#1621=ORIENTED_EDGE('',*,*,#5239,.F.);
#1622=ORIENTED_EDGE('',*,*,#5243,.T.);
#1623=ORIENTED_EDGE('',*,*,#5244,.T.);
#1624=ORIENTED_EDGE('',*,*,#5180,.F.);
#1625=ORIENTED_EDGE('',*,*,#5235,.F.);
#1626=ORIENTED_EDGE('',*,*,#5240,.F.);
#1627=ORIENTED_EDGE('',*,*,#5242,.F.);
#1628=ORIENTED_EDGE('',*,*,#5245,.T.);
#1629=ORIENTED_EDGE('',*,*,#5188,.F.);
#1630=ORIENTED_EDGE('',*,*,#5181,.F.);
#1631=ORIENTED_EDGE('',*,*,#5244,.F.);
#1632=ORIENTED_EDGE('',*,*,#5246,.T.);
#1633=ORIENTED_EDGE('',*,*,#5247,.T.);
#1634=ORIENTED_EDGE('',*,*,#5246,.F.);
#1635=ORIENTED_EDGE('',*,*,#5245,.F.);
#1636=ORIENTED_EDGE('',*,*,#5241,.F.);
#1637=ORIENTED_EDGE('',*,*,#5248,.T.);
#1638=ORIENTED_EDGE('',*,*,#5236,.F.);
#1639=ORIENTED_EDGE('',*,*,#5227,.F.);
#1640=ORIENTED_EDGE('',*,*,#5247,.F.);
#1641=ORIENTED_EDGE('',*,*,#5248,.F.);
#1642=ORIENTED_EDGE('',*,*,#5243,.F.);
#1643=ORIENTED_EDGE('',*,*,#5238,.F.);
#1644=ORIENTED_EDGE('',*,*,#5198,.F.);
#1645=ORIENTED_EDGE('',*,*,#5233,.F.);
#1646=ORIENTED_EDGE('',*,*,#5249,.T.);
#1647=ORIENTED_EDGE('',*,*,#5184,.F.);
#1648=ORIENTED_EDGE('',*,*,#5249,.F.);
#1649=ORIENTED_EDGE('',*,*,#5232,.F.);
#1650=ORIENTED_EDGE('',*,*,#5250,.T.);
#1651=ORIENTED_EDGE('',*,*,#5185,.F.);
#1652=ORIENTED_EDGE('',*,*,#5250,.F.);
#1653=ORIENTED_EDGE('',*,*,#5231,.F.);
#1654=ORIENTED_EDGE('',*,*,#5251,.T.);
#1655=ORIENTED_EDGE('',*,*,#5186,.F.);
#1656=ORIENTED_EDGE('',*,*,#5251,.F.);
#1657=ORIENTED_EDGE('',*,*,#5230,.F.);
#1658=ORIENTED_EDGE('',*,*,#5252,.T.);
#1659=ORIENTED_EDGE('',*,*,#5187,.F.);
#1660=ORIENTED_EDGE('',*,*,#5173,.F.);
#1661=ORIENTED_EDGE('',*,*,#5252,.F.);
#1662=ORIENTED_EDGE('',*,*,#5253,.T.);
#1663=ORIENTED_EDGE('',*,*,#5116,.F.);
#1664=ORIENTED_EDGE('',*,*,#5254,.T.);
#1665=ORIENTED_EDGE('',*,*,#5255,.T.);
#1666=ORIENTED_EDGE('',*,*,#5174,.F.);
#1667=ORIENTED_EDGE('',*,*,#5254,.F.);
#1668=ORIENTED_EDGE('',*,*,#5115,.F.);
#1669=ORIENTED_EDGE('',*,*,#5256,.T.);
#1670=ORIENTED_EDGE('',*,*,#5108,.F.);
#1671=ORIENTED_EDGE('',*,*,#5255,.F.);
#1672=ORIENTED_EDGE('',*,*,#5114,.F.);
#1673=ORIENTED_EDGE('',*,*,#5256,.F.);
#1674=ORIENTED_EDGE('',*,*,#5113,.F.);
#1675=ORIENTED_EDGE('',*,*,#5257,.T.);
#1676=ORIENTED_EDGE('',*,*,#5109,.F.);
#1677=ORIENTED_EDGE('',*,*,#5258,.T.);
#1678=ORIENTED_EDGE('',*,*,#5110,.F.);
#1679=ORIENTED_EDGE('',*,*,#5257,.F.);
#1680=ORIENTED_EDGE('',*,*,#5112,.F.);
#1681=ORIENTED_EDGE('',*,*,#5124,.F.);
#1682=ORIENTED_EDGE('',*,*,#5259,.T.);
#1683=ORIENTED_EDGE('',*,*,#5100,.F.);
#1684=ORIENTED_EDGE('',*,*,#5165,.F.);
#1685=ORIENTED_EDGE('',*,*,#5260,.T.);
#1686=ORIENTED_EDGE('',*,*,#5261,.T.);
#1687=ORIENTED_EDGE('',*,*,#5262,.T.);
#1688=ORIENTED_EDGE('',*,*,#5259,.F.);
#1689=ORIENTED_EDGE('',*,*,#5101,.F.);
#1690=ORIENTED_EDGE('',*,*,#5262,.F.);
#1691=ORIENTED_EDGE('',*,*,#5263,.T.);
#1692=ORIENTED_EDGE('',*,*,#5264,.T.);
#1693=ORIENTED_EDGE('',*,*,#5265,.T.);
#1694=ORIENTED_EDGE('',*,*,#5266,.T.);
#1695=ORIENTED_EDGE('',*,*,#5264,.F.);
#1696=ORIENTED_EDGE('',*,*,#5267,.T.);
#1697=ORIENTED_EDGE('',*,*,#5102,.F.);
#1698=ORIENTED_EDGE('',*,*,#5266,.F.);
#1699=ORIENTED_EDGE('',*,*,#5122,.F.);
#1700=ORIENTED_EDGE('',*,*,#5268,.T.);
#1701=ORIENTED_EDGE('',*,*,#5268,.F.);
#1702=ORIENTED_EDGE('',*,*,#5121,.F.);
#1703=ORIENTED_EDGE('',*,*,#5167,.F.);
#1704=ORIENTED_EDGE('',*,*,#5103,.F.);
#1705=ORIENTED_EDGE('',*,*,#5260,.F.);
#1706=ORIENTED_EDGE('',*,*,#5123,.F.);
#1707=ORIENTED_EDGE('',*,*,#5265,.F.);
#1708=ORIENTED_EDGE('',*,*,#5269,.T.);
#1709=ORIENTED_EDGE('',*,*,#5270,.T.);
#1710=ORIENTED_EDGE('',*,*,#5271,.T.);
#1711=ORIENTED_EDGE('',*,*,#5269,.F.);
#1712=ORIENTED_EDGE('',*,*,#5272,.T.);
#1713=ORIENTED_EDGE('',*,*,#5272,.F.);
#1714=ORIENTED_EDGE('',*,*,#5267,.F.);
#1715=ORIENTED_EDGE('',*,*,#5273,.T.);
#1716=ORIENTED_EDGE('',*,*,#5274,.T.);
#1717=ORIENTED_EDGE('',*,*,#5275,.T.);
#1718=ORIENTED_EDGE('',*,*,#5276,.T.);
#1719=ORIENTED_EDGE('',*,*,#5273,.F.);
#1720=ORIENTED_EDGE('',*,*,#5263,.F.);
#1721=ORIENTED_EDGE('',*,*,#5270,.F.);
#1722=ORIENTED_EDGE('',*,*,#5274,.F.);
#1723=ORIENTED_EDGE('',*,*,#5276,.F.);
#1724=ORIENTED_EDGE('',*,*,#5277,.T.);
#1725=ORIENTED_EDGE('',*,*,#5271,.F.);
#1726=ORIENTED_EDGE('',*,*,#5277,.F.);
#1727=ORIENTED_EDGE('',*,*,#5275,.F.);
#1728=ORIENTED_EDGE('',*,*,#5261,.F.);
#1729=ORIENTED_EDGE('',*,*,#5253,.F.);
#1730=ORIENTED_EDGE('',*,*,#5229,.F.);
#1731=ORIENTED_EDGE('',*,*,#5183,.F.);
#1732=ORIENTED_EDGE('',*,*,#5176,.F.);
#1733=ORIENTED_EDGE('',*,*,#5117,.F.);
#1734=ORIENTED_EDGE('',*,*,#5278,.T.);
#1735=ORIENTED_EDGE('',*,*,#5126,.F.);
#1736=ORIENTED_EDGE('',*,*,#5166,.F.);
#1737=ORIENTED_EDGE('',*,*,#5098,.F.);
#1738=ORIENTED_EDGE('',*,*,#5279,.T.);
#1739=ORIENTED_EDGE('',*,*,#5128,.F.);
#1740=ORIENTED_EDGE('',*,*,#5280,.T.);
#1741=ORIENTED_EDGE('',*,*,#5096,.F.);
#1742=ORIENTED_EDGE('',*,*,#5280,.F.);
#1743=ORIENTED_EDGE('',*,*,#5127,.F.);
#1744=ORIENTED_EDGE('',*,*,#5278,.F.);
#1745=ORIENTED_EDGE('',*,*,#5097,.F.);
#1746=ORIENTED_EDGE('',*,*,#5281,.T.);
#1747=ORIENTED_EDGE('',*,*,#5147,.F.);
#1748=ORIENTED_EDGE('',*,*,#5282,.T.);
#1749=ORIENTED_EDGE('',*,*,#5143,.F.);
#1750=ORIENTED_EDGE('',*,*,#5283,.T.);
#1751=ORIENTED_EDGE('',*,*,#5144,.F.);
#1752=ORIENTED_EDGE('',*,*,#5282,.F.);
#1753=ORIENTED_EDGE('',*,*,#5146,.F.);
#1754=ORIENTED_EDGE('',*,*,#5164,.F.);
#1755=ORIENTED_EDGE('',*,*,#5148,.F.);
#1756=ORIENTED_EDGE('',*,*,#5281,.F.);
#1757=ORIENTED_EDGE('',*,*,#5142,.F.);
#1758=ORIENTED_EDGE('',*,*,#5283,.F.);
#1759=ORIENTED_EDGE('',*,*,#5145,.F.);
#1760=ORIENTED_EDGE('',*,*,#5203,.F.);
#1761=ORIENTED_EDGE('',*,*,#5129,.F.);
#1762=ORIENTED_EDGE('',*,*,#5258,.F.);
#1763=ORIENTED_EDGE('',*,*,#5111,.F.);
#1764=ORIENTED_EDGE('',*,*,#5279,.F.);
#1765=ORIENTED_EDGE('',*,*,#5095,.F.);
#1766=PCURVE('',#7067,#2850);
#1767=PCURVE('',#7067,#2851);
#1768=PCURVE('',#7067,#2852);
#1769=PCURVE('',#7067,#2853);
#1770=PCURVE('',#7067,#2854);
#1771=PCURVE('',#7068,#2855);
#1772=PCURVE('',#7068,#2856);
#1773=PCURVE('',#7068,#2857);
#1774=PCURVE('',#7068,#2858);
#1775=PCURVE('',#7068,#2859);
#1776=PCURVE('',#7068,#2860);
#1777=PCURVE('',#7068,#2861);
#1778=PCURVE('',#7068,#2862);
#1779=PCURVE('',#7068,#2863);
#1780=PCURVE('',#7068,#2864);
#1781=PCURVE('',#7068,#2865);
#1782=PCURVE('',#7068,#2866);
#1783=PCURVE('',#7068,#2867);
#1784=PCURVE('',#7068,#2868);
#1785=PCURVE('',#7068,#2869);
#1786=PCURVE('',#7068,#2870);
#1787=PCURVE('',#7068,#2871);
#1788=PCURVE('',#7068,#2872);
#1789=PCURVE('',#7068,#2873);
#1790=PCURVE('',#7068,#2874);
#1791=PCURVE('',#7068,#2875);
#1792=PCURVE('',#7068,#2876);
#1793=PCURVE('',#7068,#2877);
#1794=PCURVE('',#7068,#2878);
#1795=PCURVE('',#7068,#2879);
#1796=PCURVE('',#7068,#2880);
#1797=PCURVE('',#7069,#2881);
#1798=PCURVE('',#7069,#2882);
#1799=PCURVE('',#7069,#2883);
#1800=PCURVE('',#7069,#2884);
#1801=PCURVE('',#7070,#2885);
#1802=PCURVE('',#7070,#2886);
#1803=PCURVE('',#7070,#2887);
#1804=PCURVE('',#7070,#2888);
#1805=PCURVE('',#7070,#2889);
#1806=PCURVE('',#7071,#2890);
#1807=PCURVE('',#7071,#2891);
#1808=PCURVE('',#7071,#2892);
#1809=PCURVE('',#7071,#2893);
#1810=PCURVE('',#7072,#2894);
#1811=PCURVE('',#7072,#2895);
#1812=PCURVE('',#7072,#2896);
#1813=PCURVE('',#7072,#2897);
#1814=PCURVE('',#7072,#2898);
#1815=PCURVE('',#7073,#2899);
#1816=PCURVE('',#7073,#2900);
#1817=PCURVE('',#7073,#2901);
#1818=PCURVE('',#7073,#2902);
#1819=PCURVE('',#7073,#2903);
#1820=PCURVE('',#6992,#2904);
#1821=PCURVE('',#6992,#2905);
#1822=PCURVE('',#6992,#2906);
#1823=PCURVE('',#6992,#2907);
#1824=PCURVE('',#7074,#2908);
#1825=PCURVE('',#7074,#2909);
#1826=PCURVE('',#7074,#2910);
#1827=PCURVE('',#7074,#2911);
#1828=PCURVE('',#6993,#2912);
#1829=PCURVE('',#6993,#2913);
#1830=PCURVE('',#6993,#2914);
#1831=PCURVE('',#6993,#2915);
#1832=PCURVE('',#6994,#2916);
#1833=PCURVE('',#6994,#2917);
#1834=PCURVE('',#6994,#2918);
#1835=PCURVE('',#6994,#2919);
#1836=PCURVE('',#6995,#2920);
#1837=PCURVE('',#6995,#2921);
#1838=PCURVE('',#6995,#2922);
#1839=PCURVE('',#6995,#2923);
#1840=PCURVE('',#7075,#2924);
#1841=PCURVE('',#7075,#2925);
#1842=PCURVE('',#7075,#2926);
#1843=PCURVE('',#7075,#2927);
#1844=PCURVE('',#6996,#2928);
#1845=PCURVE('',#6996,#2929);
#1846=PCURVE('',#6996,#2930);
#1847=PCURVE('',#6996,#2931);
#1848=PCURVE('',#6997,#2932);
#1849=PCURVE('',#6997,#2933);
#1850=PCURVE('',#6997,#2934);
#1851=PCURVE('',#6997,#2935);
#1852=PCURVE('',#6998,#2936);
#1853=PCURVE('',#6998,#2937);
#1854=PCURVE('',#6998,#2938);
#1855=PCURVE('',#6998,#2939);
#1856=PCURVE('',#7076,#2940);
#1857=PCURVE('',#7076,#2941);
#1858=PCURVE('',#7076,#2942);
#1859=PCURVE('',#7076,#2943);
#1860=PCURVE('',#7077,#2944);
#1861=PCURVE('',#7077,#2945);
#1862=PCURVE('',#7077,#2946);
#1863=PCURVE('',#7077,#2947);
#1864=PCURVE('',#7078,#2948);
#1865=PCURVE('',#7078,#2949);
#1866=PCURVE('',#7078,#2950);
#1867=PCURVE('',#7078,#2951);
#1868=PCURVE('',#7079,#2952);
#1869=PCURVE('',#7079,#2953);
#1870=PCURVE('',#7079,#2954);
#1871=PCURVE('',#7079,#2955);
#1872=PCURVE('',#6999,#2956);
#1873=PCURVE('',#6999,#2957);
#1874=PCURVE('',#6999,#2958);
#1875=PCURVE('',#6999,#2959);
#1876=PCURVE('',#7000,#2960);
#1877=PCURVE('',#7000,#2961);
#1878=PCURVE('',#7000,#2962);
#1879=PCURVE('',#7000,#2963);
#1880=PCURVE('',#7080,#2964);
#1881=PCURVE('',#7080,#2965);
#1882=PCURVE('',#7080,#2966);
#1883=PCURVE('',#7080,#2967);
#1884=PCURVE('',#7080,#2968);
#1885=PCURVE('',#7080,#2969);
#1886=PCURVE('',#7081,#2970);
#1887=PCURVE('',#7081,#2971);
#1888=PCURVE('',#7081,#2972);
#1889=PCURVE('',#7081,#2973);
#1890=PCURVE('',#7001,#2974);
#1891=PCURVE('',#7001,#2975);
#1892=PCURVE('',#7001,#2976);
#1893=PCURVE('',#7001,#2977);
#1894=PCURVE('',#7001,#2978);
#1895=PCURVE('',#7002,#2979);
#1896=PCURVE('',#7002,#2980);
#1897=PCURVE('',#7002,#2981);
#1898=PCURVE('',#7002,#2982);
#1899=PCURVE('',#7002,#2983);
#1900=PCURVE('',#7003,#2984);
#1901=PCURVE('',#7003,#2985);
#1902=PCURVE('',#7003,#2986);
#1903=PCURVE('',#7003,#2987);
#1904=PCURVE('',#7003,#2988);
#1905=PCURVE('',#7004,#2989);
#1906=PCURVE('',#7004,#2990);
#1907=PCURVE('',#7004,#2991);
#1908=PCURVE('',#7004,#2992);
#1909=PCURVE('',#7004,#2993);
#1910=PCURVE('',#7082,#2994);
#1911=PCURVE('',#7082,#2995);
#1912=PCURVE('',#7082,#2996);
#1913=PCURVE('',#7082,#2997);
#1914=PCURVE('',#7082,#2998);
#1915=PCURVE('',#7082,#2999);
#1916=PCURVE('',#7082,#3000);
#1917=PCURVE('',#7082,#3001);
#1918=PCURVE('',#7082,#3002);
#1919=PCURVE('',#7082,#3003);
#1920=PCURVE('',#7083,#3004);
#1921=PCURVE('',#7083,#3005);
#1922=PCURVE('',#7083,#3006);
#1923=PCURVE('',#7083,#3007);
#1924=PCURVE('',#7005,#3008);
#1925=PCURVE('',#7005,#3009);
#1926=PCURVE('',#7005,#3010);
#1927=PCURVE('',#7005,#3011);
#1928=PCURVE('',#7005,#3012);
#1929=PCURVE('',#7005,#3013);
#1930=PCURVE('',#7084,#3014);
#1931=PCURVE('',#7084,#3015);
#1932=PCURVE('',#7084,#3016);
#1933=PCURVE('',#7084,#3017);
#1934=PCURVE('',#7084,#3018);
#1935=PCURVE('',#7084,#3019);
#1936=PCURVE('',#7084,#3020);
#1937=PCURVE('',#7084,#3021);
#1938=PCURVE('',#7084,#3022);
#1939=PCURVE('',#7084,#3023);
#1940=PCURVE('',#7006,#3024);
#1941=PCURVE('',#7006,#3025);
#1942=PCURVE('',#7006,#3026);
#1943=PCURVE('',#7006,#3027);
#1944=PCURVE('',#7007,#3028);
#1945=PCURVE('',#7007,#3029);
#1946=PCURVE('',#7007,#3030);
#1947=PCURVE('',#7007,#3031);
#1948=PCURVE('',#7007,#3032);
#1949=PCURVE('',#7007,#3033);
#1950=PCURVE('',#7085,#3034);
#1951=PCURVE('',#7085,#3035);
#1952=PCURVE('',#7085,#3036);
#1953=PCURVE('',#7085,#3037);
#1954=PCURVE('',#7086,#3038);
#1955=PCURVE('',#7086,#3039);
#1956=PCURVE('',#7086,#3040);
#1957=PCURVE('',#7086,#3041);
#1958=PCURVE('',#7086,#3042);
#1959=PCURVE('',#7086,#3043);
#1960=PCURVE('',#7008,#3044);
#1961=PCURVE('',#7008,#3045);
#1962=PCURVE('',#7008,#3046);
#1963=PCURVE('',#7008,#3047);
#1964=PCURVE('',#7009,#3048);
#1965=PCURVE('',#7009,#3049);
#1966=PCURVE('',#7009,#3050);
#1967=PCURVE('',#7009,#3051);
#1968=PCURVE('',#7009,#3052);
#1969=PCURVE('',#7009,#3053);
#1970=PCURVE('',#7087,#3054);
#1971=PCURVE('',#7087,#3055);
#1972=PCURVE('',#7087,#3056);
#1973=PCURVE('',#7087,#3057);
#1974=PCURVE('',#7010,#3058);
#1975=PCURVE('',#7010,#3059);
#1976=PCURVE('',#7010,#3060);
#1977=PCURVE('',#7010,#3061);
#1978=PCURVE('',#7010,#3062);
#1979=PCURVE('',#7010,#3063);
#1980=PCURVE('',#7088,#3064);
#1981=PCURVE('',#7088,#3065);
#1982=PCURVE('',#7088,#3066);
#1983=PCURVE('',#7088,#3067);
#1984=PCURVE('',#7088,#3068);
#1985=PCURVE('',#7088,#3069);
#1986=PCURVE('',#7088,#3070);
#1987=PCURVE('',#7088,#3071);
#1988=PCURVE('',#7088,#3072);
#1989=PCURVE('',#7088,#3073);
#1990=PCURVE('',#7088,#3074);
#1991=PCURVE('',#7088,#3075);
#1992=PCURVE('',#7088,#3076);
#1993=PCURVE('',#7088,#3077);
#1994=PCURVE('',#7089,#3078);
#1995=PCURVE('',#7089,#3079);
#1996=PCURVE('',#7089,#3080);
#1997=PCURVE('',#7089,#3081);
#1998=PCURVE('',#7090,#3082);
#1999=PCURVE('',#7090,#3083);
#2000=PCURVE('',#7090,#3084);
#2001=PCURVE('',#7090,#3085);
#2002=PCURVE('',#7091,#3086);
#2003=PCURVE('',#7091,#3087);
#2004=PCURVE('',#7091,#3088);
#2005=PCURVE('',#7091,#3089);
#2006=PCURVE('',#7092,#3090);
#2007=PCURVE('',#7092,#3091);
#2008=PCURVE('',#7092,#3092);
#2009=PCURVE('',#7092,#3093);
#2010=PCURVE('',#7093,#3094);
#2011=PCURVE('',#7093,#3095);
#2012=PCURVE('',#7093,#3096);
#2013=PCURVE('',#7093,#3097);
#2014=PCURVE('',#7093,#3098);
#2015=PCURVE('',#7093,#3099);
#2016=PCURVE('',#7093,#3100);
#2017=PCURVE('',#7093,#3101);
#2018=PCURVE('',#7011,#3102);
#2019=PCURVE('',#7011,#3103);
#2020=PCURVE('',#7011,#3104);
#2021=PCURVE('',#7011,#3105);
#2022=PCURVE('',#7011,#3106);
#2023=PCURVE('',#7094,#3107);
#2024=PCURVE('',#7094,#3108);
#2025=PCURVE('',#7094,#3109);
#2026=PCURVE('',#7094,#3110);
#2027=PCURVE('',#7094,#3111);
#2028=PCURVE('',#7094,#3112);
#2029=PCURVE('',#7012,#3113);
#2030=PCURVE('',#7012,#3114);
#2031=PCURVE('',#7012,#3115);
#2032=PCURVE('',#7012,#3116);
#2033=PCURVE('',#7012,#3117);
#2034=PCURVE('',#7095,#3118);
#2035=PCURVE('',#7095,#3119);
#2036=PCURVE('',#7095,#3120);
#2037=PCURVE('',#7095,#3121);
#2038=PCURVE('',#7095,#3122);
#2039=PCURVE('',#7095,#3123);
#2040=PCURVE('',#7095,#3124);
#2041=PCURVE('',#7095,#3125);
#2042=PCURVE('',#7095,#3126);
#2043=PCURVE('',#7095,#3127);
#2044=PCURVE('',#7095,#3128);
#2045=PCURVE('',#7095,#3129);
#2046=PCURVE('',#7013,#3130);
#2047=PCURVE('',#7013,#3131);
#2048=PCURVE('',#7013,#3132);
#2049=PCURVE('',#7013,#3133);
#2050=PCURVE('',#7013,#3134);
#2051=PCURVE('',#7096,#3135);
#2052=PCURVE('',#7096,#3136);
#2053=PCURVE('',#7096,#3137);
#2054=PCURVE('',#7096,#3138);
#2055=PCURVE('',#7096,#3139);
#2056=PCURVE('',#7096,#3140);
#2057=PCURVE('',#7097,#3141);
#2058=PCURVE('',#7097,#3142);
#2059=PCURVE('',#7097,#3143);
#2060=PCURVE('',#7097,#3144);
#2061=PCURVE('',#7097,#3145);
#2062=PCURVE('',#7097,#3146);
#2063=PCURVE('',#7098,#3147);
#2064=PCURVE('',#7098,#3148);
#2065=PCURVE('',#7098,#3149);
#2066=PCURVE('',#7098,#3150);
#2067=PCURVE('',#7098,#3151);
#2068=PCURVE('',#7098,#3152);
#2069=PCURVE('',#7099,#3153);
#2070=PCURVE('',#7099,#3154);
#2071=PCURVE('',#7099,#3155);
#2072=PCURVE('',#7099,#3156);
#2073=PCURVE('',#7099,#3157);
#2074=PCURVE('',#7099,#3158);
#2075=PCURVE('',#7014,#3159);
#2076=PCURVE('',#7014,#3160);
#2077=PCURVE('',#7014,#3161);
#2078=PCURVE('',#7014,#3162);
#2079=PCURVE('',#7014,#3163);
#2080=PCURVE('',#7100,#3164);
#2081=PCURVE('',#7100,#3165);
#2082=PCURVE('',#7100,#3166);
#2083=PCURVE('',#7100,#3167);
#2084=PCURVE('',#7100,#3168);
#2085=PCURVE('',#7100,#3169);
#2086=PCURVE('',#7015,#3170);
#2087=PCURVE('',#7015,#3171);
#2088=PCURVE('',#7015,#3172);
#2089=PCURVE('',#7015,#3173);
#2090=PCURVE('',#7015,#3174);
#2091=PCURVE('',#7101,#3175);
#2092=PCURVE('',#7101,#3176);
#2093=PCURVE('',#7101,#3177);
#2094=PCURVE('',#7101,#3178);
#2095=PCURVE('',#7101,#3179);
#2096=PCURVE('',#7101,#3180);
#2097=PCURVE('',#7016,#3181);
#2098=PCURVE('',#7016,#3182);
#2099=PCURVE('',#7016,#3183);
#2100=PCURVE('',#7016,#3184);
#2101=PCURVE('',#7016,#3185);
#2102=PCURVE('',#7102,#3186);
#2103=PCURVE('',#7102,#3187);
#2104=PCURVE('',#7102,#3188);
#2105=PCURVE('',#7102,#3189);
#2106=PCURVE('',#7017,#3190);
#2107=PCURVE('',#7017,#3191);
#2108=PCURVE('',#7017,#3192);
#2109=PCURVE('',#7017,#3193);
#2110=PCURVE('',#7017,#3194);
#2111=PCURVE('',#7103,#3195);
#2112=PCURVE('',#7103,#3196);
#2113=PCURVE('',#7103,#3197);
#2114=PCURVE('',#7103,#3198);
#2115=PCURVE('',#7103,#3199);
#2116=PCURVE('',#7103,#3200);
#2117=PCURVE('',#7018,#3201);
#2118=PCURVE('',#7018,#3202);
#2119=PCURVE('',#7018,#3203);
#2120=PCURVE('',#7018,#3204);
#2121=PCURVE('',#7018,#3205);
#2122=PCURVE('',#7104,#3206);
#2123=PCURVE('',#7104,#3207);
#2124=PCURVE('',#7104,#3208);
#2125=PCURVE('',#7104,#3209);
#2126=PCURVE('',#7105,#3210);
#2127=PCURVE('',#7105,#3211);
#2128=PCURVE('',#7105,#3212);
#2129=PCURVE('',#7105,#3213);
#2130=PCURVE('',#7105,#3214);
#2131=PCURVE('',#7105,#3215);
#2132=PCURVE('',#7105,#3216);
#2133=PCURVE('',#7105,#3217);
#2134=PCURVE('',#7105,#3218);
#2135=PCURVE('',#7105,#3219);
#2136=PCURVE('',#7019,#3220);
#2137=PCURVE('',#7019,#3221);
#2138=PCURVE('',#7019,#3222);
#2139=PCURVE('',#7019,#3223);
#2140=PCURVE('',#7019,#3224);
#2141=PCURVE('',#7020,#3225);
#2142=PCURVE('',#7020,#3226);
#2143=PCURVE('',#7020,#3227);
#2144=PCURVE('',#7020,#3228);
#2145=PCURVE('',#7020,#3229);
#2146=PCURVE('',#7021,#3230);
#2147=PCURVE('',#7021,#3231);
#2148=PCURVE('',#7021,#3232);
#2149=PCURVE('',#7021,#3233);
#2150=PCURVE('',#7021,#3234);
#2151=PCURVE('',#7022,#3235);
#2152=PCURVE('',#7022,#3236);
#2153=PCURVE('',#7022,#3237);
#2154=PCURVE('',#7022,#3238);
#2155=PCURVE('',#7022,#3239);
#2156=PCURVE('',#7023,#3240);
#2157=PCURVE('',#7023,#3241);
#2158=PCURVE('',#7023,#3242);
#2159=PCURVE('',#7023,#3243);
#2160=PCURVE('',#7024,#3244);
#2161=PCURVE('',#7024,#3245);
#2162=PCURVE('',#7024,#3246);
#2163=PCURVE('',#7024,#3247);
#2164=PCURVE('',#7025,#3248);
#2165=PCURVE('',#7025,#3249);
#2166=PCURVE('',#7025,#3250);
#2167=PCURVE('',#7025,#3251);
#2168=PCURVE('',#7026,#3252);
#2169=PCURVE('',#7026,#3253);
#2170=PCURVE('',#7026,#3254);
#2171=PCURVE('',#7026,#3255);
#2172=PCURVE('',#7027,#3256);
#2173=PCURVE('',#7027,#3257);
#2174=PCURVE('',#7027,#3258);
#2175=PCURVE('',#7027,#3259);
#2176=PCURVE('',#7028,#3260);
#2177=PCURVE('',#7028,#3261);
#2178=PCURVE('',#7028,#3262);
#2179=PCURVE('',#7028,#3263);
#2180=PCURVE('',#7106,#3264);
#2181=PCURVE('',#7106,#3265);
#2182=PCURVE('',#7107,#3266);
#2183=PCURVE('',#7107,#3267);
#2184=PCURVE('',#7108,#3268);
#2185=PCURVE('',#7108,#3269);
#2186=PCURVE('',#7109,#3270);
#2187=PCURVE('',#7109,#3271);
#2188=PCURVE('',#7029,#3272);
#2189=PCURVE('',#7029,#3273);
#2190=PCURVE('',#7029,#3274);
#2191=PCURVE('',#7029,#3275);
#2192=PCURVE('',#7030,#3276);
#2193=PCURVE('',#7030,#3277);
#2194=PCURVE('',#7030,#3278);
#2195=PCURVE('',#7030,#3279);
#2196=PCURVE('',#7031,#3280);
#2197=PCURVE('',#7031,#3281);
#2198=PCURVE('',#7031,#3282);
#2199=PCURVE('',#7031,#3283);
#2200=PCURVE('',#7032,#3284);
#2201=PCURVE('',#7032,#3285);
#2202=PCURVE('',#7032,#3286);
#2203=PCURVE('',#7032,#3287);
#2204=PCURVE('',#7033,#3288);
#2205=PCURVE('',#7033,#3289);
#2206=PCURVE('',#7033,#3290);
#2207=PCURVE('',#7033,#3291);
#2208=PCURVE('',#7110,#3292);
#2209=PCURVE('',#7110,#3293);
#2210=PCURVE('',#7111,#3294);
#2211=PCURVE('',#7111,#3295);
#2212=PCURVE('',#7034,#3296);
#2213=PCURVE('',#7034,#3297);
#2214=PCURVE('',#7034,#3298);
#2215=PCURVE('',#7034,#3299);
#2216=PCURVE('',#7112,#3300);
#2217=PCURVE('',#7112,#3301);
#2218=PCURVE('',#7112,#3302);
#2219=PCURVE('',#7112,#3303);
#2220=PCURVE('',#7112,#3304);
#2221=PCURVE('',#7112,#3305);
#2222=PCURVE('',#7112,#3306);
#2223=PCURVE('',#7112,#3307);
#2224=PCURVE('',#7112,#3308);
#2225=PCURVE('',#7112,#3309);
#2226=PCURVE('',#7112,#3310);
#2227=PCURVE('',#7112,#3311);
#2228=PCURVE('',#7112,#3312);
#2229=PCURVE('',#7112,#3313);
#2230=PCURVE('',#7112,#3314);
#2231=PCURVE('',#7112,#3315);
#2232=PCURVE('',#7112,#3316);
#2233=PCURVE('',#7112,#3317);
#2234=PCURVE('',#7112,#3318);
#2235=PCURVE('',#7112,#3319);
#2236=PCURVE('',#7112,#3320);
#2237=PCURVE('',#7112,#3321);
#2238=PCURVE('',#7112,#3322);
#2239=PCURVE('',#7112,#3323);
#2240=PCURVE('',#7112,#3324);
#2241=PCURVE('',#7113,#3325);
#2242=PCURVE('',#7113,#3326);
#2243=PCURVE('',#7113,#3327);
#2244=PCURVE('',#7113,#3328);
#2245=PCURVE('',#7035,#3329);
#2246=PCURVE('',#7035,#3330);
#2247=PCURVE('',#7035,#3331);
#2248=PCURVE('',#7035,#3332);
#2249=PCURVE('',#7035,#3333);
#2250=PCURVE('',#7036,#3334);
#2251=PCURVE('',#7036,#3335);
#2252=PCURVE('',#7036,#3336);
#2253=PCURVE('',#7036,#3337);
#2254=PCURVE('',#7037,#3338);
#2255=PCURVE('',#7037,#3339);
#2256=PCURVE('',#7037,#3340);
#2257=PCURVE('',#7037,#3341);
#2258=PCURVE('',#7038,#3342);
#2259=PCURVE('',#7038,#3343);
#2260=PCURVE('',#7038,#3344);
#2261=PCURVE('',#7038,#3345);
#2262=PCURVE('',#7038,#3346);
#2263=PCURVE('',#7114,#3347);
#2264=PCURVE('',#7114,#3348);
#2265=PCURVE('',#7114,#3349);
#2266=PCURVE('',#7114,#3350);
#2267=PCURVE('',#7114,#3351);
#2268=PCURVE('',#7115,#3352);
#2269=PCURVE('',#7115,#3353);
#2270=PCURVE('',#7115,#3354);
#2271=PCURVE('',#7115,#3355);
#2272=PCURVE('',#7115,#3356);
#2273=PCURVE('',#7115,#3357);
#2274=PCURVE('',#7115,#3358);
#2275=PCURVE('',#7115,#3359);
#2276=PCURVE('',#7115,#3360);
#2277=PCURVE('',#7115,#3361);
#2278=PCURVE('',#7115,#3362);
#2279=PCURVE('',#7115,#3363);
#2280=PCURVE('',#7116,#3364);
#2281=PCURVE('',#7116,#3365);
#2282=PCURVE('',#7116,#3366);
#2283=PCURVE('',#7116,#3367);
#2284=PCURVE('',#7116,#3368);
#2285=PCURVE('',#7117,#3369);
#2286=PCURVE('',#7117,#3370);
#2287=PCURVE('',#7117,#3371);
#2288=PCURVE('',#7117,#3372);
#2289=PCURVE('',#7118,#3373);
#2290=PCURVE('',#7118,#3374);
#2291=PCURVE('',#7118,#3375);
#2292=PCURVE('',#7118,#3376);
#2293=PCURVE('',#7118,#3377);
#2294=PCURVE('',#7119,#3378);
#2295=PCURVE('',#7119,#3379);
#2296=PCURVE('',#7119,#3380);
#2297=PCURVE('',#7119,#3381);
#2298=PCURVE('',#7120,#3382);
#2299=PCURVE('',#7120,#3383);
#2300=PCURVE('',#7120,#3384);
#2301=PCURVE('',#7120,#3385);
#2302=PCURVE('',#7121,#3386);
#2303=PCURVE('',#7121,#3387);
#2304=PCURVE('',#7121,#3388);
#2305=PCURVE('',#7121,#3389);
#2306=PCURVE('',#7122,#3390);
#2307=PCURVE('',#7122,#3391);
#2308=PCURVE('',#7122,#3392);
#2309=PCURVE('',#7122,#3393);
#2310=PCURVE('',#7123,#3394);
#2311=PCURVE('',#7123,#3395);
#2312=PCURVE('',#7123,#3396);
#2313=PCURVE('',#7123,#3397);
#2314=PCURVE('',#7123,#3398);
#2315=PCURVE('',#7123,#3399);
#2316=PCURVE('',#7123,#3400);
#2317=PCURVE('',#7123,#3401);
#2318=PCURVE('',#7123,#3402);
#2319=PCURVE('',#7123,#3403);
#2320=PCURVE('',#7123,#3404);
#2321=PCURVE('',#7123,#3405);
#2322=PCURVE('',#7123,#3406);
#2323=PCURVE('',#7123,#3407);
#2324=PCURVE('',#7123,#3408);
#2325=PCURVE('',#7123,#3409);
#2326=PCURVE('',#7124,#3410);
#2327=PCURVE('',#7124,#3411);
#2328=PCURVE('',#7124,#3412);
#2329=PCURVE('',#7124,#3413);
#2330=PCURVE('',#7124,#3414);
#2331=PCURVE('',#7124,#3415);
#2332=PCURVE('',#7124,#3416);
#2333=PCURVE('',#7124,#3417);
#2334=PCURVE('',#7124,#3418);
#2335=PCURVE('',#7124,#3419);
#2336=PCURVE('',#7124,#3420);
#2337=PCURVE('',#7124,#3421);
#2338=PCURVE('',#7124,#3422);
#2339=PCURVE('',#7124,#3423);
#2340=PCURVE('',#7124,#3424);
#2341=PCURVE('',#7124,#3425);
#2342=PCURVE('',#7125,#3426);
#2343=PCURVE('',#7125,#3427);
#2344=PCURVE('',#7125,#3428);
#2345=PCURVE('',#7125,#3429);
#2346=PCURVE('',#7125,#3430);
#2347=PCURVE('',#7125,#3431);
#2348=PCURVE('',#7125,#3432);
#2349=PCURVE('',#7125,#3433);
#2350=PCURVE('',#7125,#3434);
#2351=PCURVE('',#7125,#3435);
#2352=PCURVE('',#7125,#3436);
#2353=PCURVE('',#7125,#3437);
#2354=PCURVE('',#7126,#3438);
#2355=PCURVE('',#7126,#3439);
#2356=PCURVE('',#7126,#3440);
#2357=PCURVE('',#7126,#3441);
#2358=PCURVE('',#7126,#3442);
#2359=PCURVE('',#7127,#3443);
#2360=PCURVE('',#7127,#3444);
#2361=PCURVE('',#7127,#3445);
#2362=PCURVE('',#7127,#3446);
#2363=PCURVE('',#7127,#3447);
#2364=PCURVE('',#7039,#3448);
#2365=PCURVE('',#7039,#3449);
#2366=PCURVE('',#7039,#3450);
#2367=PCURVE('',#7039,#3451);
#2368=PCURVE('',#7040,#3452);
#2369=PCURVE('',#7040,#3453);
#2370=PCURVE('',#7040,#3454);
#2371=PCURVE('',#7040,#3455);
#2372=PCURVE('',#7128,#3456);
#2373=PCURVE('',#7128,#3457);
#2374=PCURVE('',#7128,#3458);
#2375=PCURVE('',#7128,#3459);
#2376=PCURVE('',#7129,#3460);
#2377=PCURVE('',#7129,#3461);
#2378=PCURVE('',#7129,#3462);
#2379=PCURVE('',#7129,#3463);
#2380=PCURVE('',#7130,#3464);
#2381=PCURVE('',#7130,#3465);
#2382=PCURVE('',#7130,#3466);
#2383=PCURVE('',#7130,#3467);
#2384=PCURVE('',#7041,#3468);
#2385=PCURVE('',#7041,#3469);
#2386=PCURVE('',#7041,#3470);
#2387=PCURVE('',#7041,#3471);
#2388=PCURVE('',#7042,#3472);
#2389=PCURVE('',#7042,#3473);
#2390=PCURVE('',#7042,#3474);
#2391=PCURVE('',#7042,#3475);
#2392=PCURVE('',#7131,#3476);
#2393=PCURVE('',#7131,#3477);
#2394=PCURVE('',#7131,#3478);
#2395=PCURVE('',#7131,#3479);
#2396=PCURVE('',#7132,#3480);
#2397=PCURVE('',#7132,#3481);
#2398=PCURVE('',#7132,#3482);
#2399=PCURVE('',#7132,#3483);
#2400=PCURVE('',#7133,#3484);
#2401=PCURVE('',#7133,#3485);
#2402=PCURVE('',#7133,#3486);
#2403=PCURVE('',#7133,#3487);
#2404=PCURVE('',#7134,#3488);
#2405=PCURVE('',#7134,#3489);
#2406=PCURVE('',#7134,#3490);
#2407=PCURVE('',#7134,#3491);
#2408=PCURVE('',#7135,#3492);
#2409=PCURVE('',#7135,#3493);
#2410=PCURVE('',#7135,#3494);
#2411=PCURVE('',#7135,#3495);
#2412=PCURVE('',#7043,#3496);
#2413=PCURVE('',#7043,#3497);
#2414=PCURVE('',#7043,#3498);
#2415=PCURVE('',#7043,#3499);
#2416=PCURVE('',#20,#3500);
#2417=PCURVE('',#20,#3501);
#2418=PCURVE('',#20,#3502);
#2419=PCURVE('',#20,#3503);
#2420=PCURVE('',#7044,#3504);
#2421=PCURVE('',#7044,#3505);
#2422=PCURVE('',#7044,#3506);
#2423=PCURVE('',#7044,#3507);
#2424=PCURVE('',#21,#3508);
#2425=PCURVE('',#21,#3509);
#2426=PCURVE('',#21,#3510);
#2427=PCURVE('',#21,#3511);
#2428=PCURVE('',#7136,#3512);
#2429=PCURVE('',#7136,#3513);
#2430=PCURVE('',#7136,#3514);
#2431=PCURVE('',#7136,#3515);
#2432=PCURVE('',#7137,#3516);
#2433=PCURVE('',#7137,#3517);
#2434=PCURVE('',#7137,#3518);
#2435=PCURVE('',#7137,#3519);
#2436=PCURVE('',#7138,#3520);
#2437=PCURVE('',#7138,#3521);
#2438=PCURVE('',#7138,#3522);
#2439=PCURVE('',#7138,#3523);
#2440=PCURVE('',#7139,#3524);
#2441=PCURVE('',#7139,#3525);
#2442=PCURVE('',#7139,#3526);
#2443=PCURVE('',#7139,#3527);
#2444=PCURVE('',#7140,#3528);
#2445=PCURVE('',#7140,#3529);
#2446=PCURVE('',#7140,#3530);
#2447=PCURVE('',#7140,#3531);
#2448=PCURVE('',#7141,#3532);
#2449=PCURVE('',#7141,#3533);
#2450=PCURVE('',#7141,#3534);
#2451=PCURVE('',#7141,#3535);
#2452=PCURVE('',#22,#3536);
#2453=PCURVE('',#22,#3537);
#2454=PCURVE('',#22,#3538);
#2455=PCURVE('',#22,#3539);
#2456=PCURVE('',#7045,#3540);
#2457=PCURVE('',#7045,#3541);
#2458=PCURVE('',#7045,#3542);
#2459=PCURVE('',#7045,#3543);
#2460=PCURVE('',#7046,#3544);
#2461=PCURVE('',#7046,#3545);
#2462=PCURVE('',#7046,#3546);
#2463=PCURVE('',#7046,#3547);
#2464=PCURVE('',#23,#3548);
#2465=PCURVE('',#23,#3549);
#2466=PCURVE('',#23,#3550);
#2467=PCURVE('',#23,#3551);
#2468=PCURVE('',#7142,#3552);
#2469=PCURVE('',#7142,#3553);
#2470=PCURVE('',#7142,#3554);
#2471=PCURVE('',#7142,#3555);
#2472=PCURVE('',#7143,#3556);
#2473=PCURVE('',#7143,#3557);
#2474=PCURVE('',#7143,#3558);
#2475=PCURVE('',#7143,#3559);
#2476=PCURVE('',#7143,#3560);
#2477=PCURVE('',#7143,#3561);
#2478=PCURVE('',#7143,#3562);
#2479=PCURVE('',#7143,#3563);
#2480=PCURVE('',#7143,#3564);
#2481=PCURVE('',#7143,#3565);
#2482=PCURVE('',#7143,#3566);
#2483=PCURVE('',#7143,#3567);
#2484=PCURVE('',#7143,#3568);
#2485=PCURVE('',#7143,#3569);
#2486=PCURVE('',#7143,#3570);
#2487=PCURVE('',#7143,#3571);
#2488=PCURVE('',#7144,#3572);
#2489=PCURVE('',#7144,#3573);
#2490=PCURVE('',#7144,#3574);
#2491=PCURVE('',#7144,#3575);
#2492=PCURVE('',#7144,#3576);
#2493=PCURVE('',#7144,#3577);
#2494=PCURVE('',#7144,#3578);
#2495=PCURVE('',#7144,#3579);
#2496=PCURVE('',#7144,#3580);
#2497=PCURVE('',#7144,#3581);
#2498=PCURVE('',#7144,#3582);
#2499=PCURVE('',#7144,#3583);
#2500=PCURVE('',#7144,#3584);
#2501=PCURVE('',#7144,#3585);
#2502=PCURVE('',#7144,#3586);
#2503=PCURVE('',#7144,#3587);
#2504=PCURVE('',#7144,#3588);
#2505=PCURVE('',#7144,#3589);
#2506=PCURVE('',#7145,#3590);
#2507=PCURVE('',#7145,#3591);
#2508=PCURVE('',#7145,#3592);
#2509=PCURVE('',#7145,#3593);
#2510=PCURVE('',#7145,#3594);
#2511=PCURVE('',#7145,#3595);
#2512=PCURVE('',#7145,#3596);
#2513=PCURVE('',#7145,#3597);
#2514=PCURVE('',#7145,#3598);
#2515=PCURVE('',#7145,#3599);
#2516=PCURVE('',#7145,#3600);
#2517=PCURVE('',#7145,#3601);
#2518=PCURVE('',#7145,#3602);
#2519=PCURVE('',#7145,#3603);
#2520=PCURVE('',#7145,#3604);
#2521=PCURVE('',#7145,#3605);
#2522=PCURVE('',#7146,#3606);
#2523=PCURVE('',#7146,#3607);
#2524=PCURVE('',#7146,#3608);
#2525=PCURVE('',#7146,#3609);
#2526=PCURVE('',#7146,#3610);
#2527=PCURVE('',#7146,#3611);
#2528=PCURVE('',#7146,#3612);
#2529=PCURVE('',#7146,#3613);
#2530=PCURVE('',#7146,#3614);
#2531=PCURVE('',#7146,#3615);
#2532=PCURVE('',#7146,#3616);
#2533=PCURVE('',#7146,#3617);
#2534=PCURVE('',#7146,#3618);
#2535=PCURVE('',#7146,#3619);
#2536=PCURVE('',#7146,#3620);
#2537=PCURVE('',#7146,#3621);
#2538=PCURVE('',#7146,#3622);
#2539=PCURVE('',#7146,#3623);
#2540=PCURVE('',#7047,#3624);
#2541=PCURVE('',#7047,#3625);
#2542=PCURVE('',#7047,#3626);
#2543=PCURVE('',#7047,#3627);
#2544=PCURVE('',#7048,#3628);
#2545=PCURVE('',#7048,#3629);
#2546=PCURVE('',#7048,#3630);
#2547=PCURVE('',#7048,#3631);
#2548=PCURVE('',#7147,#3632);
#2549=PCURVE('',#7147,#3633);
#2550=PCURVE('',#7147,#3634);
#2551=PCURVE('',#7147,#3635);
#2552=PCURVE('',#7049,#3636);
#2553=PCURVE('',#7049,#3637);
#2554=PCURVE('',#7049,#3638);
#2555=PCURVE('',#7049,#3639);
#2556=PCURVE('',#7050,#3640);
#2557=PCURVE('',#7050,#3641);
#2558=PCURVE('',#7050,#3642);
#2559=PCURVE('',#7050,#3643);
#2560=PCURVE('',#7050,#3644);
#2561=PCURVE('',#7050,#3645);
#2562=PCURVE('',#7050,#3646);
#2563=PCURVE('',#7050,#3647);
#2564=PCURVE('',#7050,#3648);
#2565=PCURVE('',#7148,#3649);
#2566=PCURVE('',#7148,#3650);
#2567=PCURVE('',#7148,#3651);
#2568=PCURVE('',#7148,#3652);
#2569=PCURVE('',#7148,#3653);
#2570=PCURVE('',#7051,#3654);
#2571=PCURVE('',#7051,#3655);
#2572=PCURVE('',#7051,#3656);
#2573=PCURVE('',#7051,#3657);
#2574=PCURVE('',#7051,#3658);
#2575=PCURVE('',#7051,#3659);
#2576=PCURVE('',#7051,#3660);
#2577=PCURVE('',#7051,#3661);
#2578=PCURVE('',#7149,#3662);
#2579=PCURVE('',#7149,#3663);
#2580=PCURVE('',#7149,#3664);
#2581=PCURVE('',#7149,#3665);
#2582=PCURVE('',#7149,#3666);
#2583=PCURVE('',#7149,#3667);
#2584=PCURVE('',#7149,#3668);
#2585=PCURVE('',#7149,#3669);
#2586=PCURVE('',#7149,#3670);
#2587=PCURVE('',#7052,#3671);
#2588=PCURVE('',#7052,#3672);
#2589=PCURVE('',#7052,#3673);
#2590=PCURVE('',#7052,#3674);
#2591=PCURVE('',#7052,#3675);
#2592=PCURVE('',#7052,#3676);
#2593=PCURVE('',#7052,#3677);
#2594=PCURVE('',#7052,#3678);
#2595=PCURVE('',#7053,#3679);
#2596=PCURVE('',#7053,#3680);
#2597=PCURVE('',#7053,#3681);
#2598=PCURVE('',#7053,#3682);
#2599=PCURVE('',#7150,#3683);
#2600=PCURVE('',#7150,#3684);
#2601=PCURVE('',#7150,#3685);
#2602=PCURVE('',#7150,#3686);
#2603=PCURVE('',#7150,#3687);
#2604=PCURVE('',#7054,#3688);
#2605=PCURVE('',#7054,#3689);
#2606=PCURVE('',#7054,#3690);
#2607=PCURVE('',#7054,#3691);
#2608=PCURVE('',#7151,#3692);
#2609=PCURVE('',#7151,#3693);
#2610=PCURVE('',#7151,#3694);
#2611=PCURVE('',#7151,#3695);
#2612=PCURVE('',#7055,#3696);
#2613=PCURVE('',#7055,#3697);
#2614=PCURVE('',#7055,#3698);
#2615=PCURVE('',#7055,#3699);
#2616=PCURVE('',#7152,#3700);
#2617=PCURVE('',#7152,#3701);
#2618=PCURVE('',#7152,#3702);
#2619=PCURVE('',#7152,#3703);
#2620=PCURVE('',#7153,#3704);
#2621=PCURVE('',#7153,#3705);
#2622=PCURVE('',#7153,#3706);
#2623=PCURVE('',#7153,#3707);
#2624=PCURVE('',#7154,#3708);
#2625=PCURVE('',#7154,#3709);
#2626=PCURVE('',#7154,#3710);
#2627=PCURVE('',#7154,#3711);
#2628=PCURVE('',#7056,#3712);
#2629=PCURVE('',#7056,#3713);
#2630=PCURVE('',#7056,#3714);
#2631=PCURVE('',#7056,#3715);
#2632=PCURVE('',#7155,#3716);
#2633=PCURVE('',#7155,#3717);
#2634=PCURVE('',#7155,#3718);
#2635=PCURVE('',#7155,#3719);
#2636=PCURVE('',#7156,#3720);
#2637=PCURVE('',#7156,#3721);
#2638=PCURVE('',#7156,#3722);
#2639=PCURVE('',#7156,#3723);
#2640=PCURVE('',#7157,#3724);
#2641=PCURVE('',#7157,#3725);
#2642=PCURVE('',#7157,#3726);
#2643=PCURVE('',#7157,#3727);
#2644=PCURVE('',#7057,#3728);
#2645=PCURVE('',#7057,#3729);
#2646=PCURVE('',#7057,#3730);
#2647=PCURVE('',#7057,#3731);
#2648=PCURVE('',#7158,#3732);
#2649=PCURVE('',#7158,#3733);
#2650=PCURVE('',#7158,#3734);
#2651=PCURVE('',#7158,#3735);
#2652=PCURVE('',#7159,#3736);
#2653=PCURVE('',#7159,#3737);
#2654=PCURVE('',#7159,#3738);
#2655=PCURVE('',#7159,#3739);
#2656=PCURVE('',#7160,#3740);
#2657=PCURVE('',#7160,#3741);
#2658=PCURVE('',#7160,#3742);
#2659=PCURVE('',#7160,#3743);
#2660=PCURVE('',#7161,#3744);
#2661=PCURVE('',#7161,#3745);
#2662=PCURVE('',#7161,#3746);
#2663=PCURVE('',#7161,#3747);
#2664=PCURVE('',#7058,#3748);
#2665=PCURVE('',#7058,#3749);
#2666=PCURVE('',#7058,#3750);
#2667=PCURVE('',#7058,#3751);
#2668=PCURVE('',#7162,#3752);
#2669=PCURVE('',#7162,#3753);
#2670=PCURVE('',#7162,#3754);
#2671=PCURVE('',#7162,#3755);
#2672=PCURVE('',#7059,#3756);
#2673=PCURVE('',#7059,#3757);
#2674=PCURVE('',#7059,#3758);
#2675=PCURVE('',#7059,#3759);
#2676=PCURVE('',#7163,#3760);
#2677=PCURVE('',#7163,#3761);
#2678=PCURVE('',#7163,#3762);
#2679=PCURVE('',#7163,#3763);
#2680=PCURVE('',#7163,#3764);
#2681=PCURVE('',#7060,#3765);
#2682=PCURVE('',#7060,#3766);
#2683=PCURVE('',#7060,#3767);
#2684=PCURVE('',#7060,#3768);
#2685=PCURVE('',#7164,#3769);
#2686=PCURVE('',#7164,#3770);
#2687=PCURVE('',#7164,#3771);
#2688=PCURVE('',#7164,#3772);
#2689=PCURVE('',#7164,#3773);
#2690=PCURVE('',#7164,#3774);
#2691=PCURVE('',#7164,#3775);
#2692=PCURVE('',#7164,#3776);
#2693=PCURVE('',#7164,#3777);
#2694=PCURVE('',#7165,#3778);
#2695=PCURVE('',#7165,#3779);
#2696=PCURVE('',#7165,#3780);
#2697=PCURVE('',#7165,#3781);
#2698=PCURVE('',#7165,#3782);
#2699=PCURVE('',#7166,#3783);
#2700=PCURVE('',#7166,#3784);
#2701=PCURVE('',#7166,#3785);
#2702=PCURVE('',#7166,#3786);
#2703=PCURVE('',#7167,#3787);
#2704=PCURVE('',#7167,#3788);
#2705=PCURVE('',#7167,#3789);
#2706=PCURVE('',#7167,#3790);
#2707=PCURVE('',#7168,#3791);
#2708=PCURVE('',#7168,#3792);
#2709=PCURVE('',#7168,#3793);
#2710=PCURVE('',#7168,#3794);
#2711=PCURVE('',#7168,#3795);
#2712=PCURVE('',#7168,#3796);
#2713=PCURVE('',#7169,#3797);
#2714=PCURVE('',#7169,#3798);
#2715=PCURVE('',#7169,#3799);
#2716=PCURVE('',#7169,#3800);
#2717=PCURVE('',#7169,#3801);
#2718=PCURVE('',#7170,#3802);
#2719=PCURVE('',#7170,#3803);
#2720=PCURVE('',#7170,#3804);
#2721=PCURVE('',#7170,#3805);
#2722=PCURVE('',#7171,#3806);
#2723=PCURVE('',#7171,#3807);
#2724=PCURVE('',#7171,#3808);
#2725=PCURVE('',#7171,#3809);
#2726=PCURVE('',#7171,#3810);
#2727=PCURVE('',#7171,#3811);
#2728=PCURVE('',#7172,#3812);
#2729=PCURVE('',#7172,#3813);
#2730=PCURVE('',#7172,#3814);
#2731=PCURVE('',#7172,#3815);
#2732=PCURVE('',#7173,#3816);
#2733=PCURVE('',#7173,#3817);
#2734=PCURVE('',#7173,#3818);
#2735=PCURVE('',#7173,#3819);
#2736=PCURVE('',#7174,#3820);
#2737=PCURVE('',#7174,#3821);
#2738=PCURVE('',#7174,#3822);
#2739=PCURVE('',#7174,#3823);
#2740=PCURVE('',#7175,#3824);
#2741=PCURVE('',#7175,#3825);
#2742=PCURVE('',#7175,#3826);
#2743=PCURVE('',#7175,#3827);
#2744=PCURVE('',#7176,#3828);
#2745=PCURVE('',#7176,#3829);
#2746=PCURVE('',#7176,#3830);
#2747=PCURVE('',#7176,#3831);
#2748=PCURVE('',#7176,#3832);
#2749=PCURVE('',#7061,#3833);
#2750=PCURVE('',#7061,#3834);
#2751=PCURVE('',#7061,#3835);
#2752=PCURVE('',#7061,#3836);
#2753=PCURVE('',#7177,#3837);
#2754=PCURVE('',#7177,#3838);
#2755=PCURVE('',#7177,#3839);
#2756=PCURVE('',#7177,#3840);
#2757=PCURVE('',#7062,#3841);
#2758=PCURVE('',#7062,#3842);
#2759=PCURVE('',#7062,#3843);
#2760=PCURVE('',#7062,#3844);
#2761=PCURVE('',#7178,#3845);
#2762=PCURVE('',#7178,#3846);
#2763=PCURVE('',#7178,#3847);
#2764=PCURVE('',#7178,#3848);
#2765=PCURVE('',#7179,#3849);
#2766=PCURVE('',#7179,#3850);
#2767=PCURVE('',#7179,#3851);
#2768=PCURVE('',#7179,#3852);
#2769=PCURVE('',#7180,#3853);
#2770=PCURVE('',#7180,#3854);
#2771=PCURVE('',#7180,#3855);
#2772=PCURVE('',#7180,#3856);
#2773=PCURVE('',#7063,#3857);
#2774=PCURVE('',#7063,#3858);
#2775=PCURVE('',#7063,#3859);
#2776=PCURVE('',#7063,#3860);
#2777=PCURVE('',#7181,#3861);
#2778=PCURVE('',#7181,#3862);
#2779=PCURVE('',#7181,#3863);
#2780=PCURVE('',#7181,#3864);
#2781=PCURVE('',#7182,#3865);
#2782=PCURVE('',#7182,#3866);
#2783=PCURVE('',#7182,#3867);
#2784=PCURVE('',#7182,#3868);
#2785=PCURVE('',#7064,#3869);
#2786=PCURVE('',#7064,#3870);
#2787=PCURVE('',#7064,#3871);
#2788=PCURVE('',#7064,#3872);
#2789=PCURVE('',#7065,#3873);
#2790=PCURVE('',#7065,#3874);
#2791=PCURVE('',#7065,#3875);
#2792=PCURVE('',#7065,#3876);
#2793=PCURVE('',#7183,#3877);
#2794=PCURVE('',#7183,#3878);
#2795=PCURVE('',#7183,#3879);
#2796=PCURVE('',#7183,#3880);
#2797=PCURVE('',#7184,#3881);
#2798=PCURVE('',#7184,#3882);
#2799=PCURVE('',#7184,#3883);
#2800=PCURVE('',#7184,#3884);
#2801=PCURVE('',#7185,#3885);
#2802=PCURVE('',#7185,#3886);
#2803=PCURVE('',#7185,#3887);
#2804=PCURVE('',#7185,#3888);
#2805=PCURVE('',#7186,#3889);
#2806=PCURVE('',#7186,#3890);
#2807=PCURVE('',#7186,#3891);
#2808=PCURVE('',#7186,#3892);
#2809=PCURVE('',#7187,#3893);
#2810=PCURVE('',#7187,#3894);
#2811=PCURVE('',#7187,#3895);
#2812=PCURVE('',#7187,#3896);
#2813=PCURVE('',#7066,#3897);
#2814=PCURVE('',#7066,#3898);
#2815=PCURVE('',#7066,#3899);
#2816=PCURVE('',#7066,#3900);
#2817=PCURVE('',#7066,#3901);
#2818=PCURVE('',#7188,#3902);
#2819=PCURVE('',#7188,#3903);
#2820=PCURVE('',#7188,#3904);
#2821=PCURVE('',#7188,#3905);
#2822=PCURVE('',#7189,#3906);
#2823=PCURVE('',#7189,#3907);
#2824=PCURVE('',#7189,#3908);
#2825=PCURVE('',#7189,#3909);
#2826=PCURVE('',#7190,#3910);
#2827=PCURVE('',#7190,#3911);
#2828=PCURVE('',#7190,#3912);
#2829=PCURVE('',#7190,#3913);
#2830=PCURVE('',#7191,#3914);
#2831=PCURVE('',#7191,#3915);
#2832=PCURVE('',#7191,#3916);
#2833=PCURVE('',#7191,#3917);
#2834=PCURVE('',#7192,#3918);
#2835=PCURVE('',#7192,#3919);
#2836=PCURVE('',#7192,#3920);
#2837=PCURVE('',#7192,#3921);
#2838=PCURVE('',#7193,#3922);
#2839=PCURVE('',#7193,#3923);
#2840=PCURVE('',#7193,#3924);
#2841=PCURVE('',#7193,#3925);
#2842=PCURVE('',#7194,#3926);
#2843=PCURVE('',#7194,#3927);
#2844=PCURVE('',#7194,#3928);
#2845=PCURVE('',#7194,#3929);
#2846=PCURVE('',#7195,#3930);
#2847=PCURVE('',#7195,#3931);
#2848=PCURVE('',#7195,#3932);
#2849=PCURVE('',#7195,#3933);
#2850=DEFINITIONAL_REPRESENTATION('',(#3934),#14511);
#2851=DEFINITIONAL_REPRESENTATION('',(#3935),#14511);
#2852=DEFINITIONAL_REPRESENTATION('',(#3936),#14511);
#2853=DEFINITIONAL_REPRESENTATION('',(#3938),#14511);
#2854=DEFINITIONAL_REPRESENTATION('',(#3939),#14511);
#2855=DEFINITIONAL_REPRESENTATION('',(#5288),#14511);
#2856=DEFINITIONAL_REPRESENTATION('',(#5289),#14511);
#2857=DEFINITIONAL_REPRESENTATION('',(#5291),#14511);
#2858=DEFINITIONAL_REPRESENTATION('',(#5293),#14511);
#2859=DEFINITIONAL_REPRESENTATION('',(#5295),#14511);
#2860=DEFINITIONAL_REPRESENTATION('',(#5297),#14511);
#2861=DEFINITIONAL_REPRESENTATION('',(#5299),#14511);
#2862=DEFINITIONAL_REPRESENTATION('',(#5301),#14511);
#2863=DEFINITIONAL_REPRESENTATION('',(#5303),#14511);
#2864=DEFINITIONAL_REPRESENTATION('',(#5305),#14511);
#2865=DEFINITIONAL_REPRESENTATION('',(#5307),#14511);
#2866=DEFINITIONAL_REPRESENTATION('',(#3940),#14511);
#2867=DEFINITIONAL_REPRESENTATION('',(#3942),#14511);
#2868=DEFINITIONAL_REPRESENTATION('',(#3943),#14511);
#2869=DEFINITIONAL_REPRESENTATION('',(#3945),#14511);
#2870=DEFINITIONAL_REPRESENTATION('',(#3947),#14511);
#2871=DEFINITIONAL_REPRESENTATION('',(#3948),#14511);
#2872=DEFINITIONAL_REPRESENTATION('',(#5312),#14511);
#2873=DEFINITIONAL_REPRESENTATION('',(#5314),#14511);
#2874=DEFINITIONAL_REPRESENTATION('',(#5316),#14511);
#2875=DEFINITIONAL_REPRESENTATION('',(#5318),#14511);
#2876=DEFINITIONAL_REPRESENTATION('',(#5320),#14511);
#2877=DEFINITIONAL_REPRESENTATION('',(#5322),#14511);
#2878=DEFINITIONAL_REPRESENTATION('',(#5324),#14511);
#2879=DEFINITIONAL_REPRESENTATION('',(#5326),#14511);
#2880=DEFINITIONAL_REPRESENTATION('',(#5328),#14511);
#2881=DEFINITIONAL_REPRESENTATION('',(#5330),#14511);
#2882=DEFINITIONAL_REPRESENTATION('',(#5332),#14511);
#2883=DEFINITIONAL_REPRESENTATION('',(#5334),#14511);
#2884=DEFINITIONAL_REPRESENTATION('',(#5336),#14511);
#2885=DEFINITIONAL_REPRESENTATION('',(#5338),#14511);
#2886=DEFINITIONAL_REPRESENTATION('',(#5340),#14511);
#2887=DEFINITIONAL_REPRESENTATION('',(#5342),#14511);
#2888=DEFINITIONAL_REPRESENTATION('',(#5343),#14511);
#2889=DEFINITIONAL_REPRESENTATION('',(#5345),#14511);
#2890=DEFINITIONAL_REPRESENTATION('',(#5346),#14511);
#2891=DEFINITIONAL_REPRESENTATION('',(#5348),#14511);
#2892=DEFINITIONAL_REPRESENTATION('',(#5350),#14511);
#2893=DEFINITIONAL_REPRESENTATION('',(#5351),#14511);
#2894=DEFINITIONAL_REPRESENTATION('',(#5352),#14511);
#2895=DEFINITIONAL_REPRESENTATION('',(#5354),#14511);
#2896=DEFINITIONAL_REPRESENTATION('',(#5356),#14511);
#2897=DEFINITIONAL_REPRESENTATION('',(#5358),#14511);
#2898=DEFINITIONAL_REPRESENTATION('',(#5359),#14511);
#2899=DEFINITIONAL_REPRESENTATION('',(#5361),#14511);
#2900=DEFINITIONAL_REPRESENTATION('',(#5363),#14511);
#2901=DEFINITIONAL_REPRESENTATION('',(#3950),#14511);
#2902=DEFINITIONAL_REPRESENTATION('',(#5364),#14511);
#2903=DEFINITIONAL_REPRESENTATION('',(#5366),#14511);
#2904=DEFINITIONAL_REPRESENTATION('',(#5368),#14511);
#2905=DEFINITIONAL_REPRESENTATION('',(#5369),#14511);
#2906=DEFINITIONAL_REPRESENTATION('',(#5371),#14511);
#2907=DEFINITIONAL_REPRESENTATION('',(#5372),#14511);
#2908=DEFINITIONAL_REPRESENTATION('',(#5374),#14511);
#2909=DEFINITIONAL_REPRESENTATION('',(#5376),#14511);
#2910=DEFINITIONAL_REPRESENTATION('',(#5378),#14511);
#2911=DEFINITIONAL_REPRESENTATION('',(#5380),#14511);
#2912=DEFINITIONAL_REPRESENTATION('',(#5382),#14511);
#2913=DEFINITIONAL_REPRESENTATION('',(#5383),#14511);
#2914=DEFINITIONAL_REPRESENTATION('',(#5384),#14511);
#2915=DEFINITIONAL_REPRESENTATION('',(#5385),#14511);
#2916=DEFINITIONAL_REPRESENTATION('',(#5386),#14511);
#2917=DEFINITIONAL_REPRESENTATION('',(#5387),#14511);
#2918=DEFINITIONAL_REPRESENTATION('',(#5388),#14511);
#2919=DEFINITIONAL_REPRESENTATION('',(#5389),#14511);
#2920=DEFINITIONAL_REPRESENTATION('',(#5391),#14511);
#2921=DEFINITIONAL_REPRESENTATION('',(#5392),#14511);
#2922=DEFINITIONAL_REPRESENTATION('',(#5393),#14511);
#2923=DEFINITIONAL_REPRESENTATION('',(#5394),#14511);
#2924=DEFINITIONAL_REPRESENTATION('',(#5396),#14511);
#2925=DEFINITIONAL_REPRESENTATION('',(#5398),#14511);
#2926=DEFINITIONAL_REPRESENTATION('',(#5400),#14511);
#2927=DEFINITIONAL_REPRESENTATION('',(#5402),#14511);
#2928=DEFINITIONAL_REPRESENTATION('',(#5403),#14511);
#2929=DEFINITIONAL_REPRESENTATION('',(#5404),#14511);
#2930=DEFINITIONAL_REPRESENTATION('',(#5405),#14511);
#2931=DEFINITIONAL_REPRESENTATION('',(#5406),#14511);
#2932=DEFINITIONAL_REPRESENTATION('',(#5407),#14511);
#2933=DEFINITIONAL_REPRESENTATION('',(#5408),#14511);
#2934=DEFINITIONAL_REPRESENTATION('',(#5409),#14511);
#2935=DEFINITIONAL_REPRESENTATION('',(#5410),#14511);
#2936=DEFINITIONAL_REPRESENTATION('',(#5412),#14511);
#2937=DEFINITIONAL_REPRESENTATION('',(#5413),#14511);
#2938=DEFINITIONAL_REPRESENTATION('',(#5414),#14511);
#2939=DEFINITIONAL_REPRESENTATION('',(#5415),#14511);
#2940=DEFINITIONAL_REPRESENTATION('',(#5417),#14511);
#2941=DEFINITIONAL_REPRESENTATION('',(#5419),#14511);
#2942=DEFINITIONAL_REPRESENTATION('',(#5420),#14511);
#2943=DEFINITIONAL_REPRESENTATION('',(#5422),#14511);
#2944=DEFINITIONAL_REPRESENTATION('',(#5424),#14511);
#2945=DEFINITIONAL_REPRESENTATION('',(#5426),#14511);
#2946=DEFINITIONAL_REPRESENTATION('',(#5428),#14511);
#2947=DEFINITIONAL_REPRESENTATION('',(#5430),#14511);
#2948=DEFINITIONAL_REPRESENTATION('',(#5432),#14511);
#2949=DEFINITIONAL_REPRESENTATION('',(#5434),#14511);
#2950=DEFINITIONAL_REPRESENTATION('',(#5435),#14511);
#2951=DEFINITIONAL_REPRESENTATION('',(#5437),#14511);
#2952=DEFINITIONAL_REPRESENTATION('',(#5439),#14511);
#2953=DEFINITIONAL_REPRESENTATION('',(#5441),#14511);
#2954=DEFINITIONAL_REPRESENTATION('',(#5443),#14511);
#2955=DEFINITIONAL_REPRESENTATION('',(#5445),#14511);
#2956=DEFINITIONAL_REPRESENTATION('',(#5447),#14511);
#2957=DEFINITIONAL_REPRESENTATION('',(#5449),#14511);
#2958=DEFINITIONAL_REPRESENTATION('',(#5451),#14511);
#2959=DEFINITIONAL_REPRESENTATION('',(#5452),#14511);
#2960=DEFINITIONAL_REPRESENTATION('',(#5454),#14511);
#2961=DEFINITIONAL_REPRESENTATION('',(#5456),#14511);
#2962=DEFINITIONAL_REPRESENTATION('',(#5458),#14511);
#2963=DEFINITIONAL_REPRESENTATION('',(#5459),#14511);
#2964=DEFINITIONAL_REPRESENTATION('',(#3965),#14511);
#2965=DEFINITIONAL_REPRESENTATION('',(#5460),#14511);
#2966=DEFINITIONAL_REPRESENTATION('',(#5462),#14511);
#2967=DEFINITIONAL_REPRESENTATION('',(#5463),#14511);
#2968=DEFINITIONAL_REPRESENTATION('',(#3967),#14511);
#2969=DEFINITIONAL_REPRESENTATION('',(#5465),#14511);
#2970=DEFINITIONAL_REPRESENTATION('',(#5466),#14511);
#2971=DEFINITIONAL_REPRESENTATION('',(#5468),#14511);
#2972=DEFINITIONAL_REPRESENTATION('',(#5470),#14511);
#2973=DEFINITIONAL_REPRESENTATION('',(#5472),#14511);
#2974=DEFINITIONAL_REPRESENTATION('',(#5473),#14511);
#2975=DEFINITIONAL_REPRESENTATION('',(#5475),#14511);
#2976=DEFINITIONAL_REPRESENTATION('',(#5476),#14511);
#2977=DEFINITIONAL_REPRESENTATION('',(#5478),#14511);
#2978=DEFINITIONAL_REPRESENTATION('',(#5479),#14511);
#2979=DEFINITIONAL_REPRESENTATION('',(#5480),#14511);
#2980=DEFINITIONAL_REPRESENTATION('',(#5481),#14511);
#2981=DEFINITIONAL_REPRESENTATION('',(#5483),#14511);
#2982=DEFINITIONAL_REPRESENTATION('',(#5484),#14511);
#2983=DEFINITIONAL_REPRESENTATION('',(#5486),#14511);
#2984=DEFINITIONAL_REPRESENTATION('',(#5487),#14511);
#2985=DEFINITIONAL_REPRESENTATION('',(#5488),#14511);
#2986=DEFINITIONAL_REPRESENTATION('',(#5489),#14511);
#2987=DEFINITIONAL_REPRESENTATION('',(#5490),#14511);
#2988=DEFINITIONAL_REPRESENTATION('',(#5491),#14511);
#2989=DEFINITIONAL_REPRESENTATION('',(#5492),#14511);
#2990=DEFINITIONAL_REPRESENTATION('',(#5493),#14511);
#2991=DEFINITIONAL_REPRESENTATION('',(#5494),#14511);
#2992=DEFINITIONAL_REPRESENTATION('',(#5495),#14511);
#2993=DEFINITIONAL_REPRESENTATION('',(#5496),#14511);
#2994=DEFINITIONAL_REPRESENTATION('',(#3976),#14511);
#2995=DEFINITIONAL_REPRESENTATION('',(#3977),#14511);
#2996=DEFINITIONAL_REPRESENTATION('',(#5498),#14511);
#2997=DEFINITIONAL_REPRESENTATION('',(#3979),#14511);
#2998=DEFINITIONAL_REPRESENTATION('',(#5500),#14511);
#2999=DEFINITIONAL_REPRESENTATION('',(#3981),#14511);
#3000=DEFINITIONAL_REPRESENTATION('',(#5502),#14511);
#3001=DEFINITIONAL_REPRESENTATION('',(#3983),#14511);
#3002=DEFINITIONAL_REPRESENTATION('',(#5503),#14511);
#3003=DEFINITIONAL_REPRESENTATION('',(#3985),#14511);
#3004=DEFINITIONAL_REPRESENTATION('',(#5505),#14511);
#3005=DEFINITIONAL_REPRESENTATION('',(#5507),#14511);
#3006=DEFINITIONAL_REPRESENTATION('',(#5508),#14511);
#3007=DEFINITIONAL_REPRESENTATION('',(#5510),#14511);
#3008=DEFINITIONAL_REPRESENTATION('',(#5511),#14511);
#3009=DEFINITIONAL_REPRESENTATION('',(#5512),#14511);
#3010=DEFINITIONAL_REPRESENTATION('',(#5513),#14511);
#3011=DEFINITIONAL_REPRESENTATION('',(#5514),#14511);
#3012=DEFINITIONAL_REPRESENTATION('',(#5515),#14511);
#3013=DEFINITIONAL_REPRESENTATION('',(#5516),#14511);
#3014=DEFINITIONAL_REPRESENTATION('',(#5517),#14511);
#3015=DEFINITIONAL_REPRESENTATION('',(#5519),#14511);
#3016=DEFINITIONAL_REPRESENTATION('',(#5520),#14511);
#3017=DEFINITIONAL_REPRESENTATION('',(#5522),#14511);
#3018=DEFINITIONAL_REPRESENTATION('',(#5523),#14511);
#3019=DEFINITIONAL_REPRESENTATION('',(#5525),#14511);
#3020=DEFINITIONAL_REPRESENTATION('',(#5527),#14511);
#3021=DEFINITIONAL_REPRESENTATION('',(#3988),#14511);
#3022=DEFINITIONAL_REPRESENTATION('',(#5528),#14511);
#3023=DEFINITIONAL_REPRESENTATION('',(#3989),#14511);
#3024=DEFINITIONAL_REPRESENTATION('',(#5530),#14511);
#3025=DEFINITIONAL_REPRESENTATION('',(#5532),#14511);
#3026=DEFINITIONAL_REPRESENTATION('',(#5533),#14511);
#3027=DEFINITIONAL_REPRESENTATION('',(#5534),#14511);
#3028=DEFINITIONAL_REPRESENTATION('',(#5535),#14511);
#3029=DEFINITIONAL_REPRESENTATION('',(#5536),#14511);
#3030=DEFINITIONAL_REPRESENTATION('',(#5537),#14511);
#3031=DEFINITIONAL_REPRESENTATION('',(#5538),#14511);
#3032=DEFINITIONAL_REPRESENTATION('',(#5540),#14511);
#3033=DEFINITIONAL_REPRESENTATION('',(#5541),#14511);
#3034=DEFINITIONAL_REPRESENTATION('',(#5543),#14511);
#3035=DEFINITIONAL_REPRESENTATION('',(#5545),#14511);
#3036=DEFINITIONAL_REPRESENTATION('',(#5546),#14511);
#3037=DEFINITIONAL_REPRESENTATION('',(#5547),#14511);
#3038=DEFINITIONAL_REPRESENTATION('',(#3992),#14511);
#3039=DEFINITIONAL_REPRESENTATION('',(#5548),#14511);
#3040=DEFINITIONAL_REPRESENTATION('',(#5550),#14511);
#3041=DEFINITIONAL_REPRESENTATION('',(#5552),#14511);
#3042=DEFINITIONAL_REPRESENTATION('',(#3994),#14511);
#3043=DEFINITIONAL_REPRESENTATION('',(#5553),#14511);
#3044=DEFINITIONAL_REPRESENTATION('',(#5555),#14511);
#3045=DEFINITIONAL_REPRESENTATION('',(#5557),#14511);
#3046=DEFINITIONAL_REPRESENTATION('',(#5558),#14511);
#3047=DEFINITIONAL_REPRESENTATION('',(#5559),#14511);
#3048=DEFINITIONAL_REPRESENTATION('',(#5560),#14511);
#3049=DEFINITIONAL_REPRESENTATION('',(#5561),#14511);
#3050=DEFINITIONAL_REPRESENTATION('',(#5562),#14511);
#3051=DEFINITIONAL_REPRESENTATION('',(#5563),#14511);
#3052=DEFINITIONAL_REPRESENTATION('',(#5565),#14511);
#3053=DEFINITIONAL_REPRESENTATION('',(#5566),#14511);
#3054=DEFINITIONAL_REPRESENTATION('',(#5567),#14511);
#3055=DEFINITIONAL_REPRESENTATION('',(#5568),#14511);
#3056=DEFINITIONAL_REPRESENTATION('',(#5570),#14511);
#3057=DEFINITIONAL_REPRESENTATION('',(#5572),#14511);
#3058=DEFINITIONAL_REPRESENTATION('',(#5573),#14511);
#3059=DEFINITIONAL_REPRESENTATION('',(#5574),#14511);
#3060=DEFINITIONAL_REPRESENTATION('',(#5575),#14511);
#3061=DEFINITIONAL_REPRESENTATION('',(#5576),#14511);
#3062=DEFINITIONAL_REPRESENTATION('',(#5577),#14511);
#3063=DEFINITIONAL_REPRESENTATION('',(#5578),#14511);
#3064=DEFINITIONAL_REPRESENTATION('',(#5579),#14511);
#3065=DEFINITIONAL_REPRESENTATION('',(#3998),#14511);
#3066=DEFINITIONAL_REPRESENTATION('',(#5580),#14511);
#3067=DEFINITIONAL_REPRESENTATION('',(#5582),#14511);
#3068=DEFINITIONAL_REPRESENTATION('',(#5583),#14511);
#3069=DEFINITIONAL_REPRESENTATION('',(#5585),#14511);
#3070=DEFINITIONAL_REPRESENTATION('',(#5586),#14511);
#3071=DEFINITIONAL_REPRESENTATION('',(#5587),#14511);
#3072=DEFINITIONAL_REPRESENTATION('',(#5588),#14511);
#3073=DEFINITIONAL_REPRESENTATION('',(#5590),#14511);
#3074=DEFINITIONAL_REPRESENTATION('',(#5591),#14511);
#3075=DEFINITIONAL_REPRESENTATION('',(#5593),#14511);
#3076=DEFINITIONAL_REPRESENTATION('',(#5594),#14511);
#3077=DEFINITIONAL_REPRESENTATION('',(#3999),#14511);
#3078=DEFINITIONAL_REPRESENTATION('',(#5596),#14511);
#3079=DEFINITIONAL_REPRESENTATION('',(#5598),#14511);
#3080=DEFINITIONAL_REPRESENTATION('',(#5600),#14511);
#3081=DEFINITIONAL_REPRESENTATION('',(#5602),#14511);
#3082=DEFINITIONAL_REPRESENTATION('',(#5604),#14511);
#3083=DEFINITIONAL_REPRESENTATION('',(#5606),#14511);
#3084=DEFINITIONAL_REPRESENTATION('',(#5607),#14511);
#3085=DEFINITIONAL_REPRESENTATION('',(#5609),#14511);
#3086=DEFINITIONAL_REPRESENTATION('',(#5611),#14511);
#3087=DEFINITIONAL_REPRESENTATION('',(#5613),#14511);
#3088=DEFINITIONAL_REPRESENTATION('',(#5614),#14511);
#3089=DEFINITIONAL_REPRESENTATION('',(#5616),#14511);
#3090=DEFINITIONAL_REPRESENTATION('',(#5618),#14511);
#3091=DEFINITIONAL_REPRESENTATION('',(#5620),#14511);
#3092=DEFINITIONAL_REPRESENTATION('',(#5622),#14511);
#3093=DEFINITIONAL_REPRESENTATION('',(#5624),#14511);
#3094=DEFINITIONAL_REPRESENTATION('',(#5626),#14511);
#3095=DEFINITIONAL_REPRESENTATION('',(#5628),#14511);
#3096=DEFINITIONAL_REPRESENTATION('',(#5630),#14511);
#3097=DEFINITIONAL_REPRESENTATION('',(#5631),#14511);
#3098=DEFINITIONAL_REPRESENTATION('',(#5633),#14511);
#3099=DEFINITIONAL_REPRESENTATION('',(#5634),#14511);
#3100=DEFINITIONAL_REPRESENTATION('',(#5636),#14511);
#3101=DEFINITIONAL_REPRESENTATION('',(#5638),#14511);
#3102=DEFINITIONAL_REPRESENTATION('',(#5639),#14511);
#3103=DEFINITIONAL_REPRESENTATION('',(#5640),#14511);
#3104=DEFINITIONAL_REPRESENTATION('',(#5642),#14511);
#3105=DEFINITIONAL_REPRESENTATION('',(#5644),#14511);
#3106=DEFINITIONAL_REPRESENTATION('',(#5645),#14511);
#3107=DEFINITIONAL_REPRESENTATION('',(#5647),#14511);
#3108=DEFINITIONAL_REPRESENTATION('',(#5648),#14511);
#3109=DEFINITIONAL_REPRESENTATION('',(#4003),#14511);
#3110=DEFINITIONAL_REPRESENTATION('',(#5650),#14511);
#3111=DEFINITIONAL_REPRESENTATION('',(#4005),#14511);
#3112=DEFINITIONAL_REPRESENTATION('',(#5652),#14511);
#3113=DEFINITIONAL_REPRESENTATION('',(#5653),#14511);
#3114=DEFINITIONAL_REPRESENTATION('',(#5654),#14511);
#3115=DEFINITIONAL_REPRESENTATION('',(#5656),#14511);
#3116=DEFINITIONAL_REPRESENTATION('',(#5657),#14511);
#3117=DEFINITIONAL_REPRESENTATION('',(#5659),#14511);
#3118=DEFINITIONAL_REPRESENTATION('',(#5661),#14511);
#3119=DEFINITIONAL_REPRESENTATION('',(#5662),#14511);
#3120=DEFINITIONAL_REPRESENTATION('',(#5664),#14511);
#3121=DEFINITIONAL_REPRESENTATION('',(#5665),#14511);
#3122=DEFINITIONAL_REPRESENTATION('',(#5666),#14511);
#3123=DEFINITIONAL_REPRESENTATION('',(#5667),#14511);
#3124=DEFINITIONAL_REPRESENTATION('',(#5669),#14511);
#3125=DEFINITIONAL_REPRESENTATION('',(#5670),#14511);
#3126=DEFINITIONAL_REPRESENTATION('',(#5672),#14511);
#3127=DEFINITIONAL_REPRESENTATION('',(#5673),#14511);
#3128=DEFINITIONAL_REPRESENTATION('',(#5675),#14511);
#3129=DEFINITIONAL_REPRESENTATION('',(#5677),#14511);
#3130=DEFINITIONAL_REPRESENTATION('',(#5678),#14511);
#3131=DEFINITIONAL_REPRESENTATION('',(#5679),#14511);
#3132=DEFINITIONAL_REPRESENTATION('',(#5681),#14511);
#3133=DEFINITIONAL_REPRESENTATION('',(#5683),#14511);
#3134=DEFINITIONAL_REPRESENTATION('',(#5684),#14511);
#3135=DEFINITIONAL_REPRESENTATION('',(#5685),#14511);
#3136=DEFINITIONAL_REPRESENTATION('',(#5686),#14511);
#3137=DEFINITIONAL_REPRESENTATION('',(#4010),#14511);
#3138=DEFINITIONAL_REPRESENTATION('',(#5687),#14511);
#3139=DEFINITIONAL_REPRESENTATION('',(#4011),#14511);
#3140=DEFINITIONAL_REPRESENTATION('',(#5688),#14511);
#3141=DEFINITIONAL_REPRESENTATION('',(#5689),#14511);
#3142=DEFINITIONAL_REPRESENTATION('',(#5690),#14511);
#3143=DEFINITIONAL_REPRESENTATION('',(#4012),#14511);
#3144=DEFINITIONAL_REPRESENTATION('',(#5691),#14511);
#3145=DEFINITIONAL_REPRESENTATION('',(#4013),#14511);
#3146=DEFINITIONAL_REPRESENTATION('',(#5692),#14511);
#3147=DEFINITIONAL_REPRESENTATION('',(#4014),#14511);
#3148=DEFINITIONAL_REPRESENTATION('',(#5693),#14511);
#3149=DEFINITIONAL_REPRESENTATION('',(#5694),#14511);
#3150=DEFINITIONAL_REPRESENTATION('',(#5695),#14511);
#3151=DEFINITIONAL_REPRESENTATION('',(#4015),#14511);
#3152=DEFINITIONAL_REPRESENTATION('',(#5696),#14511);
#3153=DEFINITIONAL_REPRESENTATION('',(#4017),#14511);
#3154=DEFINITIONAL_REPRESENTATION('',(#5697),#14511);
#3155=DEFINITIONAL_REPRESENTATION('',(#5698),#14511);
#3156=DEFINITIONAL_REPRESENTATION('',(#5699),#14511);
#3157=DEFINITIONAL_REPRESENTATION('',(#4018),#14511);
#3158=DEFINITIONAL_REPRESENTATION('',(#5701),#14511);
#3159=DEFINITIONAL_REPRESENTATION('',(#5702),#14511);
#3160=DEFINITIONAL_REPRESENTATION('',(#5704),#14511);
#3161=DEFINITIONAL_REPRESENTATION('',(#5706),#14511);
#3162=DEFINITIONAL_REPRESENTATION('',(#5707),#14511);
#3163=DEFINITIONAL_REPRESENTATION('',(#5708),#14511);
#3164=DEFINITIONAL_REPRESENTATION('',(#5709),#14511);
#3165=DEFINITIONAL_REPRESENTATION('',(#5710),#14511);
#3166=DEFINITIONAL_REPRESENTATION('',(#4021),#14511);
#3167=DEFINITIONAL_REPRESENTATION('',(#5712),#14511);
#3168=DEFINITIONAL_REPRESENTATION('',(#4023),#14511);
#3169=DEFINITIONAL_REPRESENTATION('',(#5713),#14511);
#3170=DEFINITIONAL_REPRESENTATION('',(#5714),#14511);
#3171=DEFINITIONAL_REPRESENTATION('',(#5716),#14511);
#3172=DEFINITIONAL_REPRESENTATION('',(#5717),#14511);
#3173=DEFINITIONAL_REPRESENTATION('',(#5719),#14511);
#3174=DEFINITIONAL_REPRESENTATION('',(#5720),#14511);
#3175=DEFINITIONAL_REPRESENTATION('',(#5722),#14511);
#3176=DEFINITIONAL_REPRESENTATION('',(#5724),#14511);
#3177=DEFINITIONAL_REPRESENTATION('',(#4025),#14511);
#3178=DEFINITIONAL_REPRESENTATION('',(#5725),#14511);
#3179=DEFINITIONAL_REPRESENTATION('',(#4026),#14511);
#3180=DEFINITIONAL_REPRESENTATION('',(#5726),#14511);
#3181=DEFINITIONAL_REPRESENTATION('',(#5728),#14511);
#3182=DEFINITIONAL_REPRESENTATION('',(#5729),#14511);
#3183=DEFINITIONAL_REPRESENTATION('',(#5730),#14511);
#3184=DEFINITIONAL_REPRESENTATION('',(#5731),#14511);
#3185=DEFINITIONAL_REPRESENTATION('',(#5732),#14511);
#3186=DEFINITIONAL_REPRESENTATION('',(#5734),#14511);
#3187=DEFINITIONAL_REPRESENTATION('',(#5736),#14511);
#3188=DEFINITIONAL_REPRESENTATION('',(#5737),#14511);
#3189=DEFINITIONAL_REPRESENTATION('',(#5738),#14511);
#3190=DEFINITIONAL_REPRESENTATION('',(#5739),#14511);
#3191=DEFINITIONAL_REPRESENTATION('',(#5740),#14511);
#3192=DEFINITIONAL_REPRESENTATION('',(#5741),#14511);
#3193=DEFINITIONAL_REPRESENTATION('',(#5743),#14511);
#3194=DEFINITIONAL_REPRESENTATION('',(#5744),#14511);
#3195=DEFINITIONAL_REPRESENTATION('',(#4029),#14511);
#3196=DEFINITIONAL_REPRESENTATION('',(#5745),#14511);
#3197=DEFINITIONAL_REPRESENTATION('',(#4030),#14511);
#3198=DEFINITIONAL_REPRESENTATION('',(#5746),#14511);
#3199=DEFINITIONAL_REPRESENTATION('',(#5748),#14511);
#3200=DEFINITIONAL_REPRESENTATION('',(#5750),#14511);
#3201=DEFINITIONAL_REPRESENTATION('',(#5752),#14511);
#3202=DEFINITIONAL_REPRESENTATION('',(#5753),#14511);
#3203=DEFINITIONAL_REPRESENTATION('',(#5754),#14511);
#3204=DEFINITIONAL_REPRESENTATION('',(#5755),#14511);
#3205=DEFINITIONAL_REPRESENTATION('',(#5756),#14511);
#3206=DEFINITIONAL_REPRESENTATION('',(#5758),#14511);
#3207=DEFINITIONAL_REPRESENTATION('',(#5759),#14511);
#3208=DEFINITIONAL_REPRESENTATION('',(#5760),#14511);
#3209=DEFINITIONAL_REPRESENTATION('',(#5761),#14511);
#3210=DEFINITIONAL_REPRESENTATION('',(#4033),#14511);
#3211=DEFINITIONAL_REPRESENTATION('',(#4035),#14511);
#3212=DEFINITIONAL_REPRESENTATION('',(#4036),#14511);
#3213=DEFINITIONAL_REPRESENTATION('',(#5762),#14511);
#3214=DEFINITIONAL_REPRESENTATION('',(#4037),#14511);
#3215=DEFINITIONAL_REPRESENTATION('',(#5763),#14511);
#3216=DEFINITIONAL_REPRESENTATION('',(#4038),#14511);
#3217=DEFINITIONAL_REPRESENTATION('',(#5764),#14511);
#3218=DEFINITIONAL_REPRESENTATION('',(#4039),#14511);
#3219=DEFINITIONAL_REPRESENTATION('',(#5765),#14511);
#3220=DEFINITIONAL_REPRESENTATION('',(#5767),#14511);
#3221=DEFINITIONAL_REPRESENTATION('',(#5768),#14511);
#3222=DEFINITIONAL_REPRESENTATION('',(#5770),#14511);
#3223=DEFINITIONAL_REPRESENTATION('',(#5771),#14511);
#3224=DEFINITIONAL_REPRESENTATION('',(#5772),#14511);
#3225=DEFINITIONAL_REPRESENTATION('',(#5774),#14511);
#3226=DEFINITIONAL_REPRESENTATION('',(#5775),#14511);
#3227=DEFINITIONAL_REPRESENTATION('',(#5777),#14511);
#3228=DEFINITIONAL_REPRESENTATION('',(#5778),#14511);
#3229=DEFINITIONAL_REPRESENTATION('',(#5779),#14511);
#3230=DEFINITIONAL_REPRESENTATION('',(#5780),#14511);
#3231=DEFINITIONAL_REPRESENTATION('',(#5781),#14511);
#3232=DEFINITIONAL_REPRESENTATION('',(#5782),#14511);
#3233=DEFINITIONAL_REPRESENTATION('',(#5783),#14511);
#3234=DEFINITIONAL_REPRESENTATION('',(#5784),#14511);
#3235=DEFINITIONAL_REPRESENTATION('',(#5785),#14511);
#3236=DEFINITIONAL_REPRESENTATION('',(#5786),#14511);
#3237=DEFINITIONAL_REPRESENTATION('',(#5787),#14511);
#3238=DEFINITIONAL_REPRESENTATION('',(#5788),#14511);
#3239=DEFINITIONAL_REPRESENTATION('',(#5789),#14511);
#3240=DEFINITIONAL_REPRESENTATION('',(#5790),#14511);
#3241=DEFINITIONAL_REPRESENTATION('',(#5791),#14511);
#3242=DEFINITIONAL_REPRESENTATION('',(#5792),#14511);
#3243=DEFINITIONAL_REPRESENTATION('',(#5793),#14511);
#3244=DEFINITIONAL_REPRESENTATION('',(#5794),#14511);
#3245=DEFINITIONAL_REPRESENTATION('',(#5795),#14511);
#3246=DEFINITIONAL_REPRESENTATION('',(#5796),#14511);
#3247=DEFINITIONAL_REPRESENTATION('',(#5797),#14511);
#3248=DEFINITIONAL_REPRESENTATION('',(#5798),#14511);
#3249=DEFINITIONAL_REPRESENTATION('',(#5799),#14511);
#3250=DEFINITIONAL_REPRESENTATION('',(#5800),#14511);
#3251=DEFINITIONAL_REPRESENTATION('',(#5801),#14511);
#3252=DEFINITIONAL_REPRESENTATION('',(#5802),#14511);
#3253=DEFINITIONAL_REPRESENTATION('',(#5803),#14511);
#3254=DEFINITIONAL_REPRESENTATION('',(#5804),#14511);
#3255=DEFINITIONAL_REPRESENTATION('',(#5805),#14511);
#3256=DEFINITIONAL_REPRESENTATION('',(#5806),#14511);
#3257=DEFINITIONAL_REPRESENTATION('',(#5807),#14511);
#3258=DEFINITIONAL_REPRESENTATION('',(#5808),#14511);
#3259=DEFINITIONAL_REPRESENTATION('',(#5809),#14511);
#3260=DEFINITIONAL_REPRESENTATION('',(#5810),#14511);
#3261=DEFINITIONAL_REPRESENTATION('',(#5811),#14511);
#3262=DEFINITIONAL_REPRESENTATION('',(#5812),#14511);
#3263=DEFINITIONAL_REPRESENTATION('',(#5813),#14511);
#3264=DEFINITIONAL_REPRESENTATION('',(#4064),#14511);
#3265=DEFINITIONAL_REPRESENTATION('',(#4065),#14511);
#3266=DEFINITIONAL_REPRESENTATION('',(#4067),#14511);
#3267=DEFINITIONAL_REPRESENTATION('',(#4069),#14511);
#3268=DEFINITIONAL_REPRESENTATION('',(#4070),#14511);
#3269=DEFINITIONAL_REPRESENTATION('',(#4071),#14511);
#3270=DEFINITIONAL_REPRESENTATION('',(#4072),#14511);
#3271=DEFINITIONAL_REPRESENTATION('',(#4073),#14511);
#3272=DEFINITIONAL_REPRESENTATION('',(#5814),#14511);
#3273=DEFINITIONAL_REPRESENTATION('',(#5815),#14511);
#3274=DEFINITIONAL_REPRESENTATION('',(#5816),#14511);
#3275=DEFINITIONAL_REPRESENTATION('',(#5817),#14511);
#3276=DEFINITIONAL_REPRESENTATION('',(#5818),#14511);
#3277=DEFINITIONAL_REPRESENTATION('',(#5819),#14511);
#3278=DEFINITIONAL_REPRESENTATION('',(#5820),#14511);
#3279=DEFINITIONAL_REPRESENTATION('',(#5821),#14511);
#3280=DEFINITIONAL_REPRESENTATION('',(#5822),#14511);
#3281=DEFINITIONAL_REPRESENTATION('',(#5823),#14511);
#3282=DEFINITIONAL_REPRESENTATION('',(#5824),#14511);
#3283=DEFINITIONAL_REPRESENTATION('',(#5825),#14511);
#3284=DEFINITIONAL_REPRESENTATION('',(#5826),#14511);
#3285=DEFINITIONAL_REPRESENTATION('',(#5827),#14511);
#3286=DEFINITIONAL_REPRESENTATION('',(#5828),#14511);
#3287=DEFINITIONAL_REPRESENTATION('',(#5829),#14511);
#3288=DEFINITIONAL_REPRESENTATION('',(#5830),#14511);
#3289=DEFINITIONAL_REPRESENTATION('',(#5831),#14511);
#3290=DEFINITIONAL_REPRESENTATION('',(#5832),#14511);
#3291=DEFINITIONAL_REPRESENTATION('',(#5833),#14511);
#3292=DEFINITIONAL_REPRESENTATION('',(#4088),#14511);
#3293=DEFINITIONAL_REPRESENTATION('',(#4090),#14511);
#3294=DEFINITIONAL_REPRESENTATION('',(#4091),#14511);
#3295=DEFINITIONAL_REPRESENTATION('',(#4092),#14511);
#3296=DEFINITIONAL_REPRESENTATION('',(#5834),#14511);
#3297=DEFINITIONAL_REPRESENTATION('',(#5835),#14511);
#3298=DEFINITIONAL_REPRESENTATION('',(#5836),#14511);
#3299=DEFINITIONAL_REPRESENTATION('',(#5837),#14511);
#3300=DEFINITIONAL_REPRESENTATION('',(#5839),#14511);
#3301=DEFINITIONAL_REPRESENTATION('',(#4094),#14511);
#3302=DEFINITIONAL_REPRESENTATION('',(#5841),#14511);
#3303=DEFINITIONAL_REPRESENTATION('',(#5842),#14511);
#3304=DEFINITIONAL_REPRESENTATION('',(#4095),#14511);
#3305=DEFINITIONAL_REPRESENTATION('',(#4097),#14511);
#3306=DEFINITIONAL_REPRESENTATION('',(#5843),#14511);
#3307=DEFINITIONAL_REPRESENTATION('',(#4098),#14511);
#3308=DEFINITIONAL_REPRESENTATION('',(#5845),#14511);
#3309=DEFINITIONAL_REPRESENTATION('',(#4099),#14511);
#3310=DEFINITIONAL_REPRESENTATION('',(#4100),#14511);
#3311=DEFINITIONAL_REPRESENTATION('',(#4101),#14511);
#3312=DEFINITIONAL_REPRESENTATION('',(#4102),#14511);
#3313=DEFINITIONAL_REPRESENTATION('',(#4103),#14511);
#3314=DEFINITIONAL_REPRESENTATION('',(#4104),#14511);
#3315=DEFINITIONAL_REPRESENTATION('',(#4105),#14511);
#3316=DEFINITIONAL_REPRESENTATION('',(#4106),#14511);
#3317=DEFINITIONAL_REPRESENTATION('',(#4107),#14511);
#3318=DEFINITIONAL_REPRESENTATION('',(#4108),#14511);
#3319=DEFINITIONAL_REPRESENTATION('',(#4109),#14511);
#3320=DEFINITIONAL_REPRESENTATION('',(#4110),#14511);
#3321=DEFINITIONAL_REPRESENTATION('',(#4111),#14511);
#3322=DEFINITIONAL_REPRESENTATION('',(#4112),#14511);
#3323=DEFINITIONAL_REPRESENTATION('',(#4113),#14511);
#3324=DEFINITIONAL_REPRESENTATION('',(#4114),#14511);
#3325=DEFINITIONAL_REPRESENTATION('',(#5847),#14511);
#3326=DEFINITIONAL_REPRESENTATION('',(#5848),#14511);
#3327=DEFINITIONAL_REPRESENTATION('',(#5849),#14511);
#3328=DEFINITIONAL_REPRESENTATION('',(#5851),#14511);
#3329=DEFINITIONAL_REPRESENTATION('',(#5852),#14511);
#3330=DEFINITIONAL_REPRESENTATION('',(#5854),#14511);
#3331=DEFINITIONAL_REPRESENTATION('',(#5855),#14511);
#3332=DEFINITIONAL_REPRESENTATION('',(#5856),#14511);
#3333=DEFINITIONAL_REPRESENTATION('',(#5857),#14511);
#3334=DEFINITIONAL_REPRESENTATION('',(#5858),#14511);
#3335=DEFINITIONAL_REPRESENTATION('',(#5859),#14511);
#3336=DEFINITIONAL_REPRESENTATION('',(#5860),#14511);
#3337=DEFINITIONAL_REPRESENTATION('',(#5861),#14511);
#3338=DEFINITIONAL_REPRESENTATION('',(#5862),#14511);
#3339=DEFINITIONAL_REPRESENTATION('',(#5863),#14511);
#3340=DEFINITIONAL_REPRESENTATION('',(#5865),#14511);
#3341=DEFINITIONAL_REPRESENTATION('',(#5866),#14511);
#3342=DEFINITIONAL_REPRESENTATION('',(#5868),#14511);
#3343=DEFINITIONAL_REPRESENTATION('',(#5869),#14511);
#3344=DEFINITIONAL_REPRESENTATION('',(#5870),#14511);
#3345=DEFINITIONAL_REPRESENTATION('',(#5871),#14511);
#3346=DEFINITIONAL_REPRESENTATION('',(#5872),#14511);
#3347=DEFINITIONAL_REPRESENTATION('',(#5873),#14511);
#3348=DEFINITIONAL_REPRESENTATION('',(#4118),#14511);
#3349=DEFINITIONAL_REPRESENTATION('',(#5875),#14511);
#3350=DEFINITIONAL_REPRESENTATION('',(#5877),#14511);
#3351=DEFINITIONAL_REPRESENTATION('',(#5879),#14511);
#3352=DEFINITIONAL_REPRESENTATION('',(#5881),#14511);
#3353=DEFINITIONAL_REPRESENTATION('',(#5882),#14511);
#3354=DEFINITIONAL_REPRESENTATION('',(#5883),#14511);
#3355=DEFINITIONAL_REPRESENTATION('',(#5884),#14511);
#3356=DEFINITIONAL_REPRESENTATION('',(#5885),#14511);
#3357=DEFINITIONAL_REPRESENTATION('',(#5886),#14511);
#3358=DEFINITIONAL_REPRESENTATION('',(#5887),#14511);
#3359=DEFINITIONAL_REPRESENTATION('',(#5888),#14511);
#3360=DEFINITIONAL_REPRESENTATION('',(#5890),#14511);
#3361=DEFINITIONAL_REPRESENTATION('',(#5892),#14511);
#3362=DEFINITIONAL_REPRESENTATION('',(#5894),#14511);
#3363=DEFINITIONAL_REPRESENTATION('',(#5896),#14511);
#3364=DEFINITIONAL_REPRESENTATION('',(#5898),#14511);
#3365=DEFINITIONAL_REPRESENTATION('',(#5899),#14511);
#3366=DEFINITIONAL_REPRESENTATION('',(#5901),#14511);
#3367=DEFINITIONAL_REPRESENTATION('',(#5903),#14511);
#3368=DEFINITIONAL_REPRESENTATION('',(#5905),#14511);
#3369=DEFINITIONAL_REPRESENTATION('',(#5907),#14511);
#3370=DEFINITIONAL_REPRESENTATION('',(#5908),#14511);
#3371=DEFINITIONAL_REPRESENTATION('',(#5909),#14511);
#3372=DEFINITIONAL_REPRESENTATION('',(#5911),#14511);
#3373=DEFINITIONAL_REPRESENTATION('',(#5913),#14511);
#3374=DEFINITIONAL_REPRESENTATION('',(#5915),#14511);
#3375=DEFINITIONAL_REPRESENTATION('',(#5916),#14511);
#3376=DEFINITIONAL_REPRESENTATION('',(#5917),#14511);
#3377=DEFINITIONAL_REPRESENTATION('',(#5919),#14511);
#3378=DEFINITIONAL_REPRESENTATION('',(#5920),#14511);
#3379=DEFINITIONAL_REPRESENTATION('',(#5921),#14511);
#3380=DEFINITIONAL_REPRESENTATION('',(#5923),#14511);
#3381=DEFINITIONAL_REPRESENTATION('',(#5924),#14511);
#3382=DEFINITIONAL_REPRESENTATION('',(#5925),#14511);
#3383=DEFINITIONAL_REPRESENTATION('',(#5927),#14511);
#3384=DEFINITIONAL_REPRESENTATION('',(#5928),#14511);
#3385=DEFINITIONAL_REPRESENTATION('',(#5929),#14511);
#3386=DEFINITIONAL_REPRESENTATION('',(#5930),#14511);
#3387=DEFINITIONAL_REPRESENTATION('',(#5932),#14511);
#3388=DEFINITIONAL_REPRESENTATION('',(#5933),#14511);
#3389=DEFINITIONAL_REPRESENTATION('',(#5934),#14511);
#3390=DEFINITIONAL_REPRESENTATION('',(#5936),#14511);
#3391=DEFINITIONAL_REPRESENTATION('',(#5937),#14511);
#3392=DEFINITIONAL_REPRESENTATION('',(#5938),#14511);
#3393=DEFINITIONAL_REPRESENTATION('',(#5939),#14511);
#3394=DEFINITIONAL_REPRESENTATION('',(#5941),#14511);
#3395=DEFINITIONAL_REPRESENTATION('',(#5943),#14511);
#3396=DEFINITIONAL_REPRESENTATION('',(#5944),#14511);
#3397=DEFINITIONAL_REPRESENTATION('',(#5945),#14511);
#3398=DEFINITIONAL_REPRESENTATION('',(#5946),#14511);
#3399=DEFINITIONAL_REPRESENTATION('',(#5947),#14511);
#3400=DEFINITIONAL_REPRESENTATION('',(#5948),#14511);
#3401=DEFINITIONAL_REPRESENTATION('',(#5949),#14511);
#3402=DEFINITIONAL_REPRESENTATION('',(#5950),#14511);
#3403=DEFINITIONAL_REPRESENTATION('',(#5952),#14511);
#3404=DEFINITIONAL_REPRESENTATION('',(#5954),#14511);
#3405=DEFINITIONAL_REPRESENTATION('',(#5956),#14511);
#3406=DEFINITIONAL_REPRESENTATION('',(#5957),#14511);
#3407=DEFINITIONAL_REPRESENTATION('',(#5959),#14511);
#3408=DEFINITIONAL_REPRESENTATION('',(#5960),#14511);
#3409=DEFINITIONAL_REPRESENTATION('',(#5962),#14511);
#3410=DEFINITIONAL_REPRESENTATION('',(#5963),#14511);
#3411=DEFINITIONAL_REPRESENTATION('',(#5964),#14511);
#3412=DEFINITIONAL_REPRESENTATION('',(#5965),#14511);
#3413=DEFINITIONAL_REPRESENTATION('',(#5966),#14511);
#3414=DEFINITIONAL_REPRESENTATION('',(#5967),#14511);
#3415=DEFINITIONAL_REPRESENTATION('',(#5968),#14511);
#3416=DEFINITIONAL_REPRESENTATION('',(#5969),#14511);
#3417=DEFINITIONAL_REPRESENTATION('',(#5970),#14511);
#3418=DEFINITIONAL_REPRESENTATION('',(#5971),#14511);
#3419=DEFINITIONAL_REPRESENTATION('',(#5972),#14511);
#3420=DEFINITIONAL_REPRESENTATION('',(#5973),#14511);
#3421=DEFINITIONAL_REPRESENTATION('',(#5974),#14511);
#3422=DEFINITIONAL_REPRESENTATION('',(#5975),#14511);
#3423=DEFINITIONAL_REPRESENTATION('',(#5976),#14511);
#3424=DEFINITIONAL_REPRESENTATION('',(#5977),#14511);
#3425=DEFINITIONAL_REPRESENTATION('',(#5978),#14511);
#3426=DEFINITIONAL_REPRESENTATION('',(#5979),#14511);
#3427=DEFINITIONAL_REPRESENTATION('',(#5980),#14511);
#3428=DEFINITIONAL_REPRESENTATION('',(#5981),#14511);
#3429=DEFINITIONAL_REPRESENTATION('',(#5982),#14511);
#3430=DEFINITIONAL_REPRESENTATION('',(#5983),#14511);
#3431=DEFINITIONAL_REPRESENTATION('',(#5985),#14511);
#3432=DEFINITIONAL_REPRESENTATION('',(#5987),#14511);
#3433=DEFINITIONAL_REPRESENTATION('',(#5988),#14511);
#3434=DEFINITIONAL_REPRESENTATION('',(#5989),#14511);
#3435=DEFINITIONAL_REPRESENTATION('',(#5990),#14511);
#3436=DEFINITIONAL_REPRESENTATION('',(#5992),#14511);
#3437=DEFINITIONAL_REPRESENTATION('',(#5994),#14511);
#3438=DEFINITIONAL_REPRESENTATION('',(#5995),#14511);
#3439=DEFINITIONAL_REPRESENTATION('',(#5996),#14511);
#3440=DEFINITIONAL_REPRESENTATION('',(#4120),#14511);
#3441=DEFINITIONAL_REPRESENTATION('',(#5997),#14511);
#3442=DEFINITIONAL_REPRESENTATION('',(#5999),#14511);
#3443=DEFINITIONAL_REPRESENTATION('',(#6000),#14511);
#3444=DEFINITIONAL_REPRESENTATION('',(#4122),#14511);
#3445=DEFINITIONAL_REPRESENTATION('',(#6001),#14511);
#3446=DEFINITIONAL_REPRESENTATION('',(#6002),#14511);
#3447=DEFINITIONAL_REPRESENTATION('',(#6004),#14511);
#3448=DEFINITIONAL_REPRESENTATION('',(#6005),#14511);
#3449=DEFINITIONAL_REPRESENTATION('',(#6006),#14511);
#3450=DEFINITIONAL_REPRESENTATION('',(#6007),#14511);
#3451=DEFINITIONAL_REPRESENTATION('',(#6008),#14511);
#3452=DEFINITIONAL_REPRESENTATION('',(#6009),#14511);
#3453=DEFINITIONAL_REPRESENTATION('',(#6010),#14511);
#3454=DEFINITIONAL_REPRESENTATION('',(#6011),#14511);
#3455=DEFINITIONAL_REPRESENTATION('',(#6012),#14511);
#3456=DEFINITIONAL_REPRESENTATION('',(#6013),#14511);
#3457=DEFINITIONAL_REPRESENTATION('',(#6014),#14511);
#3458=DEFINITIONAL_REPRESENTATION('',(#6015),#14511);
#3459=DEFINITIONAL_REPRESENTATION('',(#6016),#14511);
#3460=DEFINITIONAL_REPRESENTATION('',(#6017),#14511);
#3461=DEFINITIONAL_REPRESENTATION('',(#6018),#14511);
#3462=DEFINITIONAL_REPRESENTATION('',(#6019),#14511);
#3463=DEFINITIONAL_REPRESENTATION('',(#6020),#14511);
#3464=DEFINITIONAL_REPRESENTATION('',(#6021),#14511);
#3465=DEFINITIONAL_REPRESENTATION('',(#6022),#14511);
#3466=DEFINITIONAL_REPRESENTATION('',(#6023),#14511);
#3467=DEFINITIONAL_REPRESENTATION('',(#6024),#14511);
#3468=DEFINITIONAL_REPRESENTATION('',(#6025),#14511);
#3469=DEFINITIONAL_REPRESENTATION('',(#6026),#14511);
#3470=DEFINITIONAL_REPRESENTATION('',(#6027),#14511);
#3471=DEFINITIONAL_REPRESENTATION('',(#6028),#14511);
#3472=DEFINITIONAL_REPRESENTATION('',(#6029),#14511);
#3473=DEFINITIONAL_REPRESENTATION('',(#6030),#14511);
#3474=DEFINITIONAL_REPRESENTATION('',(#6031),#14511);
#3475=DEFINITIONAL_REPRESENTATION('',(#6032),#14511);
#3476=DEFINITIONAL_REPRESENTATION('',(#6034),#14511);
#3477=DEFINITIONAL_REPRESENTATION('',(#6036),#14511);
#3478=DEFINITIONAL_REPRESENTATION('',(#6038),#14511);
#3479=DEFINITIONAL_REPRESENTATION('',(#6040),#14511);
#3480=DEFINITIONAL_REPRESENTATION('',(#6042),#14511);
#3481=DEFINITIONAL_REPRESENTATION('',(#6044),#14511);
#3482=DEFINITIONAL_REPRESENTATION('',(#6045),#14511);
#3483=DEFINITIONAL_REPRESENTATION('',(#6047),#14511);
#3484=DEFINITIONAL_REPRESENTATION('',(#6048),#14511);
#3485=DEFINITIONAL_REPRESENTATION('',(#6049),#14511);
#3486=DEFINITIONAL_REPRESENTATION('',(#6051),#14511);
#3487=DEFINITIONAL_REPRESENTATION('',(#6053),#14511);
#3488=DEFINITIONAL_REPRESENTATION('',(#6055),#14511);
#3489=DEFINITIONAL_REPRESENTATION('',(#6057),#14511);
#3490=DEFINITIONAL_REPRESENTATION('',(#6058),#14511);
#3491=DEFINITIONAL_REPRESENTATION('',(#6059),#14511);
#3492=DEFINITIONAL_REPRESENTATION('',(#6060),#14511);
#3493=DEFINITIONAL_REPRESENTATION('',(#6061),#14511);
#3494=DEFINITIONAL_REPRESENTATION('',(#6063),#14511);
#3495=DEFINITIONAL_REPRESENTATION('',(#6064),#14511);
#3496=DEFINITIONAL_REPRESENTATION('',(#6066),#14511);
#3497=DEFINITIONAL_REPRESENTATION('',(#6068),#14511);
#3498=DEFINITIONAL_REPRESENTATION('',(#6069),#14511);
#3499=DEFINITIONAL_REPRESENTATION('',(#6071),#14511);
#3500=DEFINITIONAL_REPRESENTATION('',(#6073),#14511);
#3501=DEFINITIONAL_REPRESENTATION('',(#6075),#14511);
#3502=DEFINITIONAL_REPRESENTATION('',(#6076),#14511);
#3503=DEFINITIONAL_REPRESENTATION('',(#6077),#14511);
#3504=DEFINITIONAL_REPRESENTATION('',(#6079),#14511);
#3505=DEFINITIONAL_REPRESENTATION('',(#6081),#14511);
#3506=DEFINITIONAL_REPRESENTATION('',(#6082),#14511);
#3507=DEFINITIONAL_REPRESENTATION('',(#6083),#14511);
#3508=DEFINITIONAL_REPRESENTATION('',(#6085),#14511);
#3509=DEFINITIONAL_REPRESENTATION('',(#6086),#14511);
#3510=DEFINITIONAL_REPRESENTATION('',(#6087),#14511);
#3511=DEFINITIONAL_REPRESENTATION('',(#6088),#14511);
#3512=DEFINITIONAL_REPRESENTATION('',(#6089),#14511);
#3513=DEFINITIONAL_REPRESENTATION('',(#6090),#14511);
#3514=DEFINITIONAL_REPRESENTATION('',(#6091),#14511);
#3515=DEFINITIONAL_REPRESENTATION('',(#6092),#14511);
#3516=DEFINITIONAL_REPRESENTATION('',(#6094),#14511);
#3517=DEFINITIONAL_REPRESENTATION('',(#6096),#14511);
#3518=DEFINITIONAL_REPRESENTATION('',(#6098),#14511);
#3519=DEFINITIONAL_REPRESENTATION('',(#6100),#14511);
#3520=DEFINITIONAL_REPRESENTATION('',(#6102),#14511);
#3521=DEFINITIONAL_REPRESENTATION('',(#6104),#14511);
#3522=DEFINITIONAL_REPRESENTATION('',(#6106),#14511);
#3523=DEFINITIONAL_REPRESENTATION('',(#6107),#14511);
#3524=DEFINITIONAL_REPRESENTATION('',(#6109),#14511);
#3525=DEFINITIONAL_REPRESENTATION('',(#6110),#14511);
#3526=DEFINITIONAL_REPRESENTATION('',(#6111),#14511);
#3527=DEFINITIONAL_REPRESENTATION('',(#6113),#14511);
#3528=DEFINITIONAL_REPRESENTATION('',(#6114),#14511);
#3529=DEFINITIONAL_REPRESENTATION('',(#6116),#14511);
#3530=DEFINITIONAL_REPRESENTATION('',(#6118),#14511);
#3531=DEFINITIONAL_REPRESENTATION('',(#6119),#14511);
#3532=DEFINITIONAL_REPRESENTATION('',(#6121),#14511);
#3533=DEFINITIONAL_REPRESENTATION('',(#6122),#14511);
#3534=DEFINITIONAL_REPRESENTATION('',(#6123),#14511);
#3535=DEFINITIONAL_REPRESENTATION('',(#6124),#14511);
#3536=DEFINITIONAL_REPRESENTATION('',(#6126),#14511);
#3537=DEFINITIONAL_REPRESENTATION('',(#6128),#14511);
#3538=DEFINITIONAL_REPRESENTATION('',(#6129),#14511);
#3539=DEFINITIONAL_REPRESENTATION('',(#6131),#14511);
#3540=DEFINITIONAL_REPRESENTATION('',(#6133),#14511);
#3541=DEFINITIONAL_REPRESENTATION('',(#6135),#14511);
#3542=DEFINITIONAL_REPRESENTATION('',(#6136),#14511);
#3543=DEFINITIONAL_REPRESENTATION('',(#6137),#14511);
#3544=DEFINITIONAL_REPRESENTATION('',(#6139),#14511);
#3545=DEFINITIONAL_REPRESENTATION('',(#6140),#14511);
#3546=DEFINITIONAL_REPRESENTATION('',(#6141),#14511);
#3547=DEFINITIONAL_REPRESENTATION('',(#6143),#14511);
#3548=DEFINITIONAL_REPRESENTATION('',(#6145),#14511);
#3549=DEFINITIONAL_REPRESENTATION('',(#6146),#14511);
#3550=DEFINITIONAL_REPRESENTATION('',(#6147),#14511);
#3551=DEFINITIONAL_REPRESENTATION('',(#6148),#14511);
#3552=DEFINITIONAL_REPRESENTATION('',(#6149),#14511);
#3553=DEFINITIONAL_REPRESENTATION('',(#6150),#14511);
#3554=DEFINITIONAL_REPRESENTATION('',(#6151),#14511);
#3555=DEFINITIONAL_REPRESENTATION('',(#6152),#14511);
#3556=DEFINITIONAL_REPRESENTATION('',(#6154),#14511);
#3557=DEFINITIONAL_REPRESENTATION('',(#6156),#14511);
#3558=DEFINITIONAL_REPRESENTATION('',(#6158),#14511);
#3559=DEFINITIONAL_REPRESENTATION('',(#6160),#14511);
#3560=DEFINITIONAL_REPRESENTATION('',(#4125),#14511);
#3561=DEFINITIONAL_REPRESENTATION('',(#6162),#14511);
#3562=DEFINITIONAL_REPRESENTATION('',(#6164),#14511);
#3563=DEFINITIONAL_REPRESENTATION('',(#6166),#14511);
#3564=DEFINITIONAL_REPRESENTATION('',(#4127),#14511);
#3565=DEFINITIONAL_REPRESENTATION('',(#6168),#14511);
#3566=DEFINITIONAL_REPRESENTATION('',(#6170),#14511);
#3567=DEFINITIONAL_REPRESENTATION('',(#6172),#14511);
#3568=DEFINITIONAL_REPRESENTATION('',(#6174),#14511);
#3569=DEFINITIONAL_REPRESENTATION('',(#6176),#14511);
#3570=DEFINITIONAL_REPRESENTATION('',(#4129),#14511);
#3571=DEFINITIONAL_REPRESENTATION('',(#6178),#14511);
#3572=DEFINITIONAL_REPRESENTATION('',(#6180),#14511);
#3573=DEFINITIONAL_REPRESENTATION('',(#6182),#14511);
#3574=DEFINITIONAL_REPRESENTATION('',(#4131),#14511);
#3575=DEFINITIONAL_REPRESENTATION('',(#6184),#14511);
#3576=DEFINITIONAL_REPRESENTATION('',(#4133),#14511);
#3577=DEFINITIONAL_REPRESENTATION('',(#6186),#14511);
#3578=DEFINITIONAL_REPRESENTATION('',(#6188),#14511);
#3579=DEFINITIONAL_REPRESENTATION('',(#6190),#14511);
#3580=DEFINITIONAL_REPRESENTATION('',(#4135),#14511);
#3581=DEFINITIONAL_REPRESENTATION('',(#6192),#14511);
#3582=DEFINITIONAL_REPRESENTATION('',(#4137),#14511);
#3583=DEFINITIONAL_REPRESENTATION('',(#6194),#14511);
#3584=DEFINITIONAL_REPRESENTATION('',(#6196),#14511);
#3585=DEFINITIONAL_REPRESENTATION('',(#6198),#14511);
#3586=DEFINITIONAL_REPRESENTATION('',(#4139),#14511);
#3587=DEFINITIONAL_REPRESENTATION('',(#6200),#14511);
#3588=DEFINITIONAL_REPRESENTATION('',(#6202),#14511);
#3589=DEFINITIONAL_REPRESENTATION('',(#6204),#14511);
#3590=DEFINITIONAL_REPRESENTATION('',(#6206),#14511);
#3591=DEFINITIONAL_REPRESENTATION('',(#6208),#14511);
#3592=DEFINITIONAL_REPRESENTATION('',(#4141),#14511);
#3593=DEFINITIONAL_REPRESENTATION('',(#6210),#14511);
#3594=DEFINITIONAL_REPRESENTATION('',(#6212),#14511);
#3595=DEFINITIONAL_REPRESENTATION('',(#6214),#14511);
#3596=DEFINITIONAL_REPRESENTATION('',(#6216),#14511);
#3597=DEFINITIONAL_REPRESENTATION('',(#6218),#14511);
#3598=DEFINITIONAL_REPRESENTATION('',(#4143),#14511);
#3599=DEFINITIONAL_REPRESENTATION('',(#6220),#14511);
#3600=DEFINITIONAL_REPRESENTATION('',(#6222),#14511);
#3601=DEFINITIONAL_REPRESENTATION('',(#6224),#14511);
#3602=DEFINITIONAL_REPRESENTATION('',(#4145),#14511);
#3603=DEFINITIONAL_REPRESENTATION('',(#6226),#14511);
#3604=DEFINITIONAL_REPRESENTATION('',(#6228),#14511);
#3605=DEFINITIONAL_REPRESENTATION('',(#6230),#14511);
#3606=DEFINITIONAL_REPRESENTATION('',(#6232),#14511);
#3607=DEFINITIONAL_REPRESENTATION('',(#6234),#14511);
#3608=DEFINITIONAL_REPRESENTATION('',(#6236),#14511);
#3609=DEFINITIONAL_REPRESENTATION('',(#6238),#14511);
#3610=DEFINITIONAL_REPRESENTATION('',(#4147),#14511);
#3611=DEFINITIONAL_REPRESENTATION('',(#6240),#14511);
#3612=DEFINITIONAL_REPRESENTATION('',(#6242),#14511);
#3613=DEFINITIONAL_REPRESENTATION('',(#6244),#14511);
#3614=DEFINITIONAL_REPRESENTATION('',(#4149),#14511);
#3615=DEFINITIONAL_REPRESENTATION('',(#6246),#14511);
#3616=DEFINITIONAL_REPRESENTATION('',(#4151),#14511);
#3617=DEFINITIONAL_REPRESENTATION('',(#6248),#14511);
#3618=DEFINITIONAL_REPRESENTATION('',(#6250),#14511);
#3619=DEFINITIONAL_REPRESENTATION('',(#6252),#14511);
#3620=DEFINITIONAL_REPRESENTATION('',(#4153),#14511);
#3621=DEFINITIONAL_REPRESENTATION('',(#6254),#14511);
#3622=DEFINITIONAL_REPRESENTATION('',(#4155),#14511);
#3623=DEFINITIONAL_REPRESENTATION('',(#6256),#14511);
#3624=DEFINITIONAL_REPRESENTATION('',(#6257),#14511);
#3625=DEFINITIONAL_REPRESENTATION('',(#6259),#14511);
#3626=DEFINITIONAL_REPRESENTATION('',(#6260),#14511);
#3627=DEFINITIONAL_REPRESENTATION('',(#6262),#14511);
#3628=DEFINITIONAL_REPRESENTATION('',(#6263),#14511);
#3629=DEFINITIONAL_REPRESENTATION('',(#6265),#14511);
#3630=DEFINITIONAL_REPRESENTATION('',(#6266),#14511);
#3631=DEFINITIONAL_REPRESENTATION('',(#6268),#14511);
#3632=DEFINITIONAL_REPRESENTATION('',(#6269),#14511);
#3633=DEFINITIONAL_REPRESENTATION('',(#6271),#14511);
#3634=DEFINITIONAL_REPRESENTATION('',(#6272),#14511);
#3635=DEFINITIONAL_REPRESENTATION('',(#6274),#14511);
#3636=DEFINITIONAL_REPRESENTATION('',(#6276),#14511);
#3637=DEFINITIONAL_REPRESENTATION('',(#6278),#14511);
#3638=DEFINITIONAL_REPRESENTATION('',(#6279),#14511);
#3639=DEFINITIONAL_REPRESENTATION('',(#6280),#14511);
#3640=DEFINITIONAL_REPRESENTATION('',(#6282),#14511);
#3641=DEFINITIONAL_REPRESENTATION('',(#6284),#14511);
#3642=DEFINITIONAL_REPRESENTATION('',(#6285),#14511);
#3643=DEFINITIONAL_REPRESENTATION('',(#6287),#14511);
#3644=DEFINITIONAL_REPRESENTATION('',(#6288),#14511);
#3645=DEFINITIONAL_REPRESENTATION('',(#6289),#14511);
#3646=DEFINITIONAL_REPRESENTATION('',(#6290),#14511);
#3647=DEFINITIONAL_REPRESENTATION('',(#6291),#14511);
#3648=DEFINITIONAL_REPRESENTATION('',(#6292),#14511);
#3649=DEFINITIONAL_REPRESENTATION('',(#4159),#14511);
#3650=DEFINITIONAL_REPRESENTATION('',(#6294),#14511);
#3651=DEFINITIONAL_REPRESENTATION('',(#4160),#14511);
#3652=DEFINITIONAL_REPRESENTATION('',(#6295),#14511);
#3653=DEFINITIONAL_REPRESENTATION('',(#6296),#14511);
#3654=DEFINITIONAL_REPRESENTATION('',(#6297),#14511);
#3655=DEFINITIONAL_REPRESENTATION('',(#6298),#14511);
#3656=DEFINITIONAL_REPRESENTATION('',(#6300),#14511);
#3657=DEFINITIONAL_REPRESENTATION('',(#6301),#14511);
#3658=DEFINITIONAL_REPRESENTATION('',(#6302),#14511);
#3659=DEFINITIONAL_REPRESENTATION('',(#6303),#14511);
#3660=DEFINITIONAL_REPRESENTATION('',(#6304),#14511);
#3661=DEFINITIONAL_REPRESENTATION('',(#6306),#14511);
#3662=DEFINITIONAL_REPRESENTATION('',(#6308),#14511);
#3663=DEFINITIONAL_REPRESENTATION('',(#6310),#14511);
#3664=DEFINITIONAL_REPRESENTATION('',(#6312),#14511);
#3665=DEFINITIONAL_REPRESENTATION('',(#6314),#14511);
#3666=DEFINITIONAL_REPRESENTATION('',(#6315),#14511);
#3667=DEFINITIONAL_REPRESENTATION('',(#4165),#14511);
#3668=DEFINITIONAL_REPRESENTATION('',(#6317),#14511);
#3669=DEFINITIONAL_REPRESENTATION('',(#4167),#14511);
#3670=DEFINITIONAL_REPRESENTATION('',(#6319),#14511);
#3671=DEFINITIONAL_REPRESENTATION('',(#6320),#14511);
#3672=DEFINITIONAL_REPRESENTATION('',(#6322),#14511);
#3673=DEFINITIONAL_REPRESENTATION('',(#6323),#14511);
#3674=DEFINITIONAL_REPRESENTATION('',(#6324),#14511);
#3675=DEFINITIONAL_REPRESENTATION('',(#6325),#14511);
#3676=DEFINITIONAL_REPRESENTATION('',(#6327),#14511);
#3677=DEFINITIONAL_REPRESENTATION('',(#6328),#14511);
#3678=DEFINITIONAL_REPRESENTATION('',(#6329),#14511);
#3679=DEFINITIONAL_REPRESENTATION('',(#6331),#14511);
#3680=DEFINITIONAL_REPRESENTATION('',(#6332),#14511);
#3681=DEFINITIONAL_REPRESENTATION('',(#6333),#14511);
#3682=DEFINITIONAL_REPRESENTATION('',(#6334),#14511);
#3683=DEFINITIONAL_REPRESENTATION('',(#6335),#14511);
#3684=DEFINITIONAL_REPRESENTATION('',(#4172),#14511);
#3685=DEFINITIONAL_REPRESENTATION('',(#6337),#14511);
#3686=DEFINITIONAL_REPRESENTATION('',(#4173),#14511);
#3687=DEFINITIONAL_REPRESENTATION('',(#6339),#14511);
#3688=DEFINITIONAL_REPRESENTATION('',(#6340),#14511);
#3689=DEFINITIONAL_REPRESENTATION('',(#6341),#14511);
#3690=DEFINITIONAL_REPRESENTATION('',(#6343),#14511);
#3691=DEFINITIONAL_REPRESENTATION('',(#6344),#14511);
#3692=DEFINITIONAL_REPRESENTATION('',(#6345),#14511);
#3693=DEFINITIONAL_REPRESENTATION('',(#6347),#14511);
#3694=DEFINITIONAL_REPRESENTATION('',(#6348),#14511);
#3695=DEFINITIONAL_REPRESENTATION('',(#6349),#14511);
#3696=DEFINITIONAL_REPRESENTATION('',(#6351),#14511);
#3697=DEFINITIONAL_REPRESENTATION('',(#6352),#14511);
#3698=DEFINITIONAL_REPRESENTATION('',(#6353),#14511);
#3699=DEFINITIONAL_REPRESENTATION('',(#6354),#14511);
#3700=DEFINITIONAL_REPRESENTATION('',(#6356),#14511);
#3701=DEFINITIONAL_REPRESENTATION('',(#6357),#14511);
#3702=DEFINITIONAL_REPRESENTATION('',(#6358),#14511);
#3703=DEFINITIONAL_REPRESENTATION('',(#6359),#14511);
#3704=DEFINITIONAL_REPRESENTATION('',(#6360),#14511);
#3705=DEFINITIONAL_REPRESENTATION('',(#6362),#14511);
#3706=DEFINITIONAL_REPRESENTATION('',(#6363),#14511);
#3707=DEFINITIONAL_REPRESENTATION('',(#6364),#14511);
#3708=DEFINITIONAL_REPRESENTATION('',(#4175),#14511);
#3709=DEFINITIONAL_REPRESENTATION('',(#6365),#14511);
#3710=DEFINITIONAL_REPRESENTATION('',(#4177),#14511);
#3711=DEFINITIONAL_REPRESENTATION('',(#6367),#14511);
#3712=DEFINITIONAL_REPRESENTATION('',(#6368),#14511);
#3713=DEFINITIONAL_REPRESENTATION('',(#6369),#14511);
#3714=DEFINITIONAL_REPRESENTATION('',(#6371),#14511);
#3715=DEFINITIONAL_REPRESENTATION('',(#6372),#14511);
#3716=DEFINITIONAL_REPRESENTATION('',(#6374),#14511);
#3717=DEFINITIONAL_REPRESENTATION('',(#6376),#14511);
#3718=DEFINITIONAL_REPRESENTATION('',(#6378),#14511);
#3719=DEFINITIONAL_REPRESENTATION('',(#6379),#14511);
#3720=DEFINITIONAL_REPRESENTATION('',(#6381),#14511);
#3721=DEFINITIONAL_REPRESENTATION('',(#6382),#14511);
#3722=DEFINITIONAL_REPRESENTATION('',(#6383),#14511);
#3723=DEFINITIONAL_REPRESENTATION('',(#6385),#14511);
#3724=DEFINITIONAL_REPRESENTATION('',(#6387),#14511);
#3725=DEFINITIONAL_REPRESENTATION('',(#6389),#14511);
#3726=DEFINITIONAL_REPRESENTATION('',(#6391),#14511);
#3727=DEFINITIONAL_REPRESENTATION('',(#6392),#14511);
#3728=DEFINITIONAL_REPRESENTATION('',(#6393),#14511);
#3729=DEFINITIONAL_REPRESENTATION('',(#6394),#14511);
#3730=DEFINITIONAL_REPRESENTATION('',(#6395),#14511);
#3731=DEFINITIONAL_REPRESENTATION('',(#6396),#14511);
#3732=DEFINITIONAL_REPRESENTATION('',(#4180),#14511);
#3733=DEFINITIONAL_REPRESENTATION('',(#6398),#14511);
#3734=DEFINITIONAL_REPRESENTATION('',(#4181),#14511);
#3735=DEFINITIONAL_REPRESENTATION('',(#6400),#14511);
#3736=DEFINITIONAL_REPRESENTATION('',(#6401),#14511);
#3737=DEFINITIONAL_REPRESENTATION('',(#6403),#14511);
#3738=DEFINITIONAL_REPRESENTATION('',(#6404),#14511);
#3739=DEFINITIONAL_REPRESENTATION('',(#6405),#14511);
#3740=DEFINITIONAL_REPRESENTATION('',(#6406),#14511);
#3741=DEFINITIONAL_REPRESENTATION('',(#6407),#14511);
#3742=DEFINITIONAL_REPRESENTATION('',(#6408),#14511);
#3743=DEFINITIONAL_REPRESENTATION('',(#6409),#14511);
#3744=DEFINITIONAL_REPRESENTATION('',(#6410),#14511);
#3745=DEFINITIONAL_REPRESENTATION('',(#6411),#14511);
#3746=DEFINITIONAL_REPRESENTATION('',(#6412),#14511);
#3747=DEFINITIONAL_REPRESENTATION('',(#6414),#14511);
#3748=DEFINITIONAL_REPRESENTATION('',(#6415),#14511);
#3749=DEFINITIONAL_REPRESENTATION('',(#6416),#14511);
#3750=DEFINITIONAL_REPRESENTATION('',(#6418),#14511);
#3751=DEFINITIONAL_REPRESENTATION('',(#6419),#14511);
#3752=DEFINITIONAL_REPRESENTATION('',(#6420),#14511);
#3753=DEFINITIONAL_REPRESENTATION('',(#6421),#14511);
#3754=DEFINITIONAL_REPRESENTATION('',(#6422),#14511);
#3755=DEFINITIONAL_REPRESENTATION('',(#6424),#14511);
#3756=DEFINITIONAL_REPRESENTATION('',(#6426),#14511);
#3757=DEFINITIONAL_REPRESENTATION('',(#6427),#14511);
#3758=DEFINITIONAL_REPRESENTATION('',(#6428),#14511);
#3759=DEFINITIONAL_REPRESENTATION('',(#6429),#14511);
#3760=DEFINITIONAL_REPRESENTATION('',(#6431),#14511);
#3761=DEFINITIONAL_REPRESENTATION('',(#4182),#14511);
#3762=DEFINITIONAL_REPRESENTATION('',(#6432),#14511);
#3763=DEFINITIONAL_REPRESENTATION('',(#6433),#14511);
#3764=DEFINITIONAL_REPRESENTATION('',(#4183),#14511);
#3765=DEFINITIONAL_REPRESENTATION('',(#6435),#14511);
#3766=DEFINITIONAL_REPRESENTATION('',(#6436),#14511);
#3767=DEFINITIONAL_REPRESENTATION('',(#6437),#14511);
#3768=DEFINITIONAL_REPRESENTATION('',(#6438),#14511);
#3769=DEFINITIONAL_REPRESENTATION('',(#6440),#14511);
#3770=DEFINITIONAL_REPRESENTATION('',(#6442),#14511);
#3771=DEFINITIONAL_REPRESENTATION('',(#6444),#14511);
#3772=DEFINITIONAL_REPRESENTATION('',(#6446),#14511);
#3773=DEFINITIONAL_REPRESENTATION('',(#6448),#14511);
#3774=DEFINITIONAL_REPRESENTATION('',(#6449),#14511);
#3775=DEFINITIONAL_REPRESENTATION('',(#4185),#14511);
#3776=DEFINITIONAL_REPRESENTATION('',(#6451),#14511);
#3777=DEFINITIONAL_REPRESENTATION('',(#4186),#14511);
#3778=DEFINITIONAL_REPRESENTATION('',(#6453),#14511);
#3779=DEFINITIONAL_REPRESENTATION('',(#4187),#14511);
#3780=DEFINITIONAL_REPRESENTATION('',(#6454),#14511);
#3781=DEFINITIONAL_REPRESENTATION('',(#6456),#14511);
#3782=DEFINITIONAL_REPRESENTATION('',(#6458),#14511);
#3783=DEFINITIONAL_REPRESENTATION('',(#6459),#14511);
#3784=DEFINITIONAL_REPRESENTATION('',(#6461),#14511);
#3785=DEFINITIONAL_REPRESENTATION('',(#6463),#14511);
#3786=DEFINITIONAL_REPRESENTATION('',(#6465),#14511);
#3787=DEFINITIONAL_REPRESENTATION('',(#6467),#14511);
#3788=DEFINITIONAL_REPRESENTATION('',(#6469),#14511);
#3789=DEFINITIONAL_REPRESENTATION('',(#6470),#14511);
#3790=DEFINITIONAL_REPRESENTATION('',(#6472),#14511);
#3791=DEFINITIONAL_REPRESENTATION('',(#6474),#14511);
#3792=DEFINITIONAL_REPRESENTATION('',(#6475),#14511);
#3793=DEFINITIONAL_REPRESENTATION('',(#6476),#14511);
#3794=DEFINITIONAL_REPRESENTATION('',(#6477),#14511);
#3795=DEFINITIONAL_REPRESENTATION('',(#6478),#14511);
#3796=DEFINITIONAL_REPRESENTATION('',(#6480),#14511);
#3797=DEFINITIONAL_REPRESENTATION('',(#6481),#14511);
#3798=DEFINITIONAL_REPRESENTATION('',(#4188),#14511);
#3799=DEFINITIONAL_REPRESENTATION('',(#6482),#14511);
#3800=DEFINITIONAL_REPRESENTATION('',(#6484),#14511);
#3801=DEFINITIONAL_REPRESENTATION('',(#6486),#14511);
#3802=DEFINITIONAL_REPRESENTATION('',(#6487),#14511);
#3803=DEFINITIONAL_REPRESENTATION('',(#6488),#14511);
#3804=DEFINITIONAL_REPRESENTATION('',(#6489),#14511);
#3805=DEFINITIONAL_REPRESENTATION('',(#6491),#14511);
#3806=DEFINITIONAL_REPRESENTATION('',(#6492),#14511);
#3807=DEFINITIONAL_REPRESENTATION('',(#6493),#14511);
#3808=DEFINITIONAL_REPRESENTATION('',(#6494),#14511);
#3809=DEFINITIONAL_REPRESENTATION('',(#6495),#14511);
#3810=DEFINITIONAL_REPRESENTATION('',(#6496),#14511);
#3811=DEFINITIONAL_REPRESENTATION('',(#6497),#14511);
#3812=DEFINITIONAL_REPRESENTATION('',(#6498),#14511);
#3813=DEFINITIONAL_REPRESENTATION('',(#6499),#14511);
#3814=DEFINITIONAL_REPRESENTATION('',(#6501),#14511);
#3815=DEFINITIONAL_REPRESENTATION('',(#6502),#14511);
#3816=DEFINITIONAL_REPRESENTATION('',(#6503),#14511);
#3817=DEFINITIONAL_REPRESENTATION('',(#6504),#14511);
#3818=DEFINITIONAL_REPRESENTATION('',(#6506),#14511);
#3819=DEFINITIONAL_REPRESENTATION('',(#6507),#14511);
#3820=DEFINITIONAL_REPRESENTATION('',(#6508),#14511);
#3821=DEFINITIONAL_REPRESENTATION('',(#6509),#14511);
#3822=DEFINITIONAL_REPRESENTATION('',(#6511),#14511);
#3823=DEFINITIONAL_REPRESENTATION('',(#6512),#14511);
#3824=DEFINITIONAL_REPRESENTATION('',(#6513),#14511);
#3825=DEFINITIONAL_REPRESENTATION('',(#6514),#14511);
#3826=DEFINITIONAL_REPRESENTATION('',(#6516),#14511);
#3827=DEFINITIONAL_REPRESENTATION('',(#6517),#14511);
#3828=DEFINITIONAL_REPRESENTATION('',(#4189),#14511);
#3829=DEFINITIONAL_REPRESENTATION('',(#6518),#14511);
#3830=DEFINITIONAL_REPRESENTATION('',(#4191),#14511);
#3831=DEFINITIONAL_REPRESENTATION('',(#6519),#14511);
#3832=DEFINITIONAL_REPRESENTATION('',(#6521),#14511);
#3833=DEFINITIONAL_REPRESENTATION('',(#6523),#14511);
#3834=DEFINITIONAL_REPRESENTATION('',(#6524),#14511);
#3835=DEFINITIONAL_REPRESENTATION('',(#6525),#14511);
#3836=DEFINITIONAL_REPRESENTATION('',(#6526),#14511);
#3837=DEFINITIONAL_REPRESENTATION('',(#6528),#14511);
#3838=DEFINITIONAL_REPRESENTATION('',(#6529),#14511);
#3839=DEFINITIONAL_REPRESENTATION('',(#6530),#14511);
#3840=DEFINITIONAL_REPRESENTATION('',(#6531),#14511);
#3841=DEFINITIONAL_REPRESENTATION('',(#6532),#14511);
#3842=DEFINITIONAL_REPRESENTATION('',(#6533),#14511);
#3843=DEFINITIONAL_REPRESENTATION('',(#6535),#14511);
#3844=DEFINITIONAL_REPRESENTATION('',(#6536),#14511);
#3845=DEFINITIONAL_REPRESENTATION('',(#6538),#14511);
#3846=DEFINITIONAL_REPRESENTATION('',(#6539),#14511);
#3847=DEFINITIONAL_REPRESENTATION('',(#6540),#14511);
#3848=DEFINITIONAL_REPRESENTATION('',(#6541),#14511);
#3849=DEFINITIONAL_REPRESENTATION('',(#6542),#14511);
#3850=DEFINITIONAL_REPRESENTATION('',(#6544),#14511);
#3851=DEFINITIONAL_REPRESENTATION('',(#6545),#14511);
#3852=DEFINITIONAL_REPRESENTATION('',(#6546),#14511);
#3853=DEFINITIONAL_REPRESENTATION('',(#4193),#14511);
#3854=DEFINITIONAL_REPRESENTATION('',(#6548),#14511);
#3855=DEFINITIONAL_REPRESENTATION('',(#4195),#14511);
#3856=DEFINITIONAL_REPRESENTATION('',(#6549),#14511);
#3857=DEFINITIONAL_REPRESENTATION('',(#6550),#14511);
#3858=DEFINITIONAL_REPRESENTATION('',(#6551),#14511);
#3859=DEFINITIONAL_REPRESENTATION('',(#6553),#14511);
#3860=DEFINITIONAL_REPRESENTATION('',(#6554),#14511);
#3861=DEFINITIONAL_REPRESENTATION('',(#4198),#14511);
#3862=DEFINITIONAL_REPRESENTATION('',(#6556),#14511);
#3863=DEFINITIONAL_REPRESENTATION('',(#4199),#14511);
#3864=DEFINITIONAL_REPRESENTATION('',(#6558),#14511);
#3865=DEFINITIONAL_REPRESENTATION('',(#6559),#14511);
#3866=DEFINITIONAL_REPRESENTATION('',(#6560),#14511);
#3867=DEFINITIONAL_REPRESENTATION('',(#6561),#14511);
#3868=DEFINITIONAL_REPRESENTATION('',(#6563),#14511);
#3869=DEFINITIONAL_REPRESENTATION('',(#6564),#14511);
#3870=DEFINITIONAL_REPRESENTATION('',(#6565),#14511);
#3871=DEFINITIONAL_REPRESENTATION('',(#6566),#14511);
#3872=DEFINITIONAL_REPRESENTATION('',(#6567),#14511);
#3873=DEFINITIONAL_REPRESENTATION('',(#6568),#14511);
#3874=DEFINITIONAL_REPRESENTATION('',(#6569),#14511);
#3875=DEFINITIONAL_REPRESENTATION('',(#6570),#14511);
#3876=DEFINITIONAL_REPRESENTATION('',(#6572),#14511);
#3877=DEFINITIONAL_REPRESENTATION('',(#6574),#14511);
#3878=DEFINITIONAL_REPRESENTATION('',(#6576),#14511);
#3879=DEFINITIONAL_REPRESENTATION('',(#6577),#14511);
#3880=DEFINITIONAL_REPRESENTATION('',(#6579),#14511);
#3881=DEFINITIONAL_REPRESENTATION('',(#6580),#14511);
#3882=DEFINITIONAL_REPRESENTATION('',(#6581),#14511);
#3883=DEFINITIONAL_REPRESENTATION('',(#6583),#14511);
#3884=DEFINITIONAL_REPRESENTATION('',(#6585),#14511);
#3885=DEFINITIONAL_REPRESENTATION('',(#6587),#14511);
#3886=DEFINITIONAL_REPRESENTATION('',(#6589),#14511);
#3887=DEFINITIONAL_REPRESENTATION('',(#6590),#14511);
#3888=DEFINITIONAL_REPRESENTATION('',(#6591),#14511);
#3889=DEFINITIONAL_REPRESENTATION('',(#6592),#14511);
#3890=DEFINITIONAL_REPRESENTATION('',(#6593),#14511);
#3891=DEFINITIONAL_REPRESENTATION('',(#6594),#14511);
#3892=DEFINITIONAL_REPRESENTATION('',(#6596),#14511);
#3893=DEFINITIONAL_REPRESENTATION('',(#6597),#14511);
#3894=DEFINITIONAL_REPRESENTATION('',(#6598),#14511);
#3895=DEFINITIONAL_REPRESENTATION('',(#6599),#14511);
#3896=DEFINITIONAL_REPRESENTATION('',(#6600),#14511);
#3897=DEFINITIONAL_REPRESENTATION('',(#6601),#14511);
#3898=DEFINITIONAL_REPRESENTATION('',(#6602),#14511);
#3899=DEFINITIONAL_REPRESENTATION('',(#6603),#14511);
#3900=DEFINITIONAL_REPRESENTATION('',(#6604),#14511);
#3901=DEFINITIONAL_REPRESENTATION('',(#6605),#14511);
#3902=DEFINITIONAL_REPRESENTATION('',(#6607),#14511);
#3903=DEFINITIONAL_REPRESENTATION('',(#6608),#14511);
#3904=DEFINITIONAL_REPRESENTATION('',(#6609),#14511);
#3905=DEFINITIONAL_REPRESENTATION('',(#6610),#14511);
#3906=DEFINITIONAL_REPRESENTATION('',(#6612),#14511);
#3907=DEFINITIONAL_REPRESENTATION('',(#6613),#14511);
#3908=DEFINITIONAL_REPRESENTATION('',(#6615),#14511);
#3909=DEFINITIONAL_REPRESENTATION('',(#6616),#14511);
#3910=DEFINITIONAL_REPRESENTATION('',(#6617),#14511);
#3911=DEFINITIONAL_REPRESENTATION('',(#6618),#14511);
#3912=DEFINITIONAL_REPRESENTATION('',(#6619),#14511);
#3913=DEFINITIONAL_REPRESENTATION('',(#6620),#14511);
#3914=DEFINITIONAL_REPRESENTATION('',(#6622),#14511);
#3915=DEFINITIONAL_REPRESENTATION('',(#6623),#14511);
#3916=DEFINITIONAL_REPRESENTATION('',(#6625),#14511);
#3917=DEFINITIONAL_REPRESENTATION('',(#6626),#14511);
#3918=DEFINITIONAL_REPRESENTATION('',(#6628),#14511);
#3919=DEFINITIONAL_REPRESENTATION('',(#6629),#14511);
#3920=DEFINITIONAL_REPRESENTATION('',(#6630),#14511);
#3921=DEFINITIONAL_REPRESENTATION('',(#6631),#14511);
#3922=DEFINITIONAL_REPRESENTATION('',(#6632),#14511);
#3923=DEFINITIONAL_REPRESENTATION('',(#6633),#14511);
#3924=DEFINITIONAL_REPRESENTATION('',(#6634),#14511);
#3925=DEFINITIONAL_REPRESENTATION('',(#6635),#14511);
#3926=DEFINITIONAL_REPRESENTATION('',(#6636),#14511);
#3927=DEFINITIONAL_REPRESENTATION('',(#6637),#14511);
#3928=DEFINITIONAL_REPRESENTATION('',(#6638),#14511);
#3929=DEFINITIONAL_REPRESENTATION('',(#6639),#14511);
#3930=DEFINITIONAL_REPRESENTATION('',(#6640),#14511);
#3931=DEFINITIONAL_REPRESENTATION('',(#6641),#14511);
#3932=DEFINITIONAL_REPRESENTATION('',(#6642),#14511);
#3933=DEFINITIONAL_REPRESENTATION('',(#6643),#14511);
#3934=(
BOUNDED_CURVE()
B_SPLINE_CURVE(2,(#9711,#9712,#9713),.UNSPECIFIED.,.F.,.F.)
B_SPLINE_CURVE_WITH_KNOTS((3,3),(-8.92935892382287,-6.18410791671684),
 .UNSPECIFIED.)
CURVE()
GEOMETRIC_REPRESENTATION_ITEM()
RATIONAL_B_SPLINE_CURVE((1.,1.,1.))
REPRESENTATION_ITEM('')
);
#3935=(
BOUNDED_CURVE()
B_SPLINE_CURVE(2,(#9716,#9717,#9718),.UNSPECIFIED.,.F.,.F.)
B_SPLINE_CURVE_WITH_KNOTS((3,3),(-6.18410791671684,-0.934081547690174),
 .UNSPECIFIED.)
CURVE()
GEOMETRIC_REPRESENTATION_ITEM()
RATIONAL_B_SPLINE_CURVE((1.,1.,1.))
REPRESENTATION_ITEM('')
);
#3936=(
BOUNDED_CURVE()
B_SPLINE_CURVE(2,(#9721,#9722,#9723),.UNSPECIFIED.,.F.,.F.)
B_SPLINE_CURVE_WITH_KNOTS((3,3),(0.419748992893968,1.365),.UNSPECIFIED.)
CURVE()
GEOMETRIC_REPRESENTATION_ITEM()
RATIONAL_B_SPLINE_CURVE((1.,1.,1.))
REPRESENTATION_ITEM('')
);
#3937=(
BOUNDED_CURVE()
B_SPLINE_CURVE(2,(#9724,#9725,#9726),.UNSPECIFIED.,.F.,.F.)
B_SPLINE_CURVE_WITH_KNOTS((3,3),(12.3905547522654,15.2179881404962),
 .UNSPECIFIED.)
CURVE()
GEOMETRIC_REPRESENTATION_ITEM()
RATIONAL_B_SPLINE_CURVE((1.,0.707106781186547,1.))
REPRESENTATION_ITEM('')
);
#3938=(
BOUNDED_CURVE()
B_SPLINE_CURVE(2,(#9727,#9728,#9729),.UNSPECIFIED.,.F.,.F.)
B_SPLINE_CURVE_WITH_KNOTS((3,3),(12.3905547522654,15.2179881404962),
 .UNSPECIFIED.)
CURVE()
GEOMETRIC_REPRESENTATION_ITEM()
RATIONAL_B_SPLINE_CURVE((1.,0.707106781186547,1.))
REPRESENTATION_ITEM('')
);
#3939=(
BOUNDED_CURVE()
B_SPLINE_CURVE(2,(#9732,#9733,#9734),.UNSPECIFIED.,.F.,.F.)
B_SPLINE_CURVE_WITH_KNOTS((3,3),(0.,3.45002636902667),.UNSPECIFIED.)
CURVE()
GEOMETRIC_REPRESENTATION_ITEM()
RATIONAL_B_SPLINE_CURVE((1.,1.,1.))
REPRESENTATION_ITEM('')
);
#3940=(
BOUNDED_CURVE()
B_SPLINE_CURVE(2,(#9781,#9782,#9783),.UNSPECIFIED.,.F.,.F.)
B_SPLINE_CURVE_WITH_KNOTS((3,3),(0.,0.975),.UNSPECIFIED.)
CURVE()
GEOMETRIC_REPRESENTATION_ITEM()
RATIONAL_B_SPLINE_CURVE((1.,1.,1.))
REPRESENTATION_ITEM('')
);
#3941=(
BOUNDED_CURVE()
B_SPLINE_CURVE(2,(#9784,#9785,#9786),.UNSPECIFIED.,.F.,.F.)
B_SPLINE_CURVE_WITH_KNOTS((3,3),(0.,0.471238898038469),.UNSPECIFIED.)
CURVE()
GEOMETRIC_REPRESENTATION_ITEM()
RATIONAL_B_SPLINE_CURVE((1.,0.707106781186543,1.))
REPRESENTATION_ITEM('')
);
#3942=(
BOUNDED_CURVE()
B_SPLINE_CURVE(2,(#9787,#9788,#9789),.UNSPECIFIED.,.F.,.F.)
B_SPLINE_CURVE_WITH_KNOTS((3,3),(0.,0.471238898038469),.UNSPECIFIED.)
CURVE()
GEOMETRIC_REPRESENTATION_ITEM()
RATIONAL_B_SPLINE_CURVE((1.,0.707106781186548,1.))
REPRESENTATION_ITEM('')
);
#3943=(
BOUNDED_CURVE()
B_SPLINE_CURVE(2,(#9792,#9793,#9794),.UNSPECIFIED.,.F.,.F.)
B_SPLINE_CURVE_WITH_KNOTS((3,3),(0.,4.63),.UNSPECIFIED.)
CURVE()
GEOMETRIC_REPRESENTATION_ITEM()
RATIONAL_B_SPLINE_CURVE((1.,1.,1.))
REPRESENTATION_ITEM('')
);
#3944=(
BOUNDED_CURVE()
B_SPLINE_CURVE(2,(#9795,#9796,#9797),.UNSPECIFIED.,.F.,.F.)
B_SPLINE_CURVE_WITH_KNOTS((3,3),(0.,3.0386488146709),.UNSPECIFIED.)
CURVE()
GEOMETRIC_REPRESENTATION_ITEM()
RATIONAL_B_SPLINE_CURVE((1.,0.806225774829875,1.))
REPRESENTATION_ITEM('')
);
#3945=(
BOUNDED_CURVE()
B_SPLINE_CURVE(2,(#9798,#9799,#9800),.UNSPECIFIED.,.F.,.F.)
B_SPLINE_CURVE_WITH_KNOTS((3,3),(0.,3.0386488146709),.UNSPECIFIED.)
CURVE()
GEOMETRIC_REPRESENTATION_ITEM()
RATIONAL_B_SPLINE_CURVE((1.,0.806225774829896,1.))
REPRESENTATION_ITEM('')
);
#3946=(
BOUNDED_CURVE()
B_SPLINE_CURVE(2,(#9801,#9802,#9803),.UNSPECIFIED.,.F.,.F.)
B_SPLINE_CURVE_WITH_KNOTS((3,3),(0.,0.379831101833824),.UNSPECIFIED.)
CURVE()
GEOMETRIC_REPRESENTATION_ITEM()
RATIONAL_B_SPLINE_CURVE((1.,0.806225774829953,1.))
REPRESENTATION_ITEM('')
);
#3947=(
BOUNDED_CURVE()
B_SPLINE_CURVE(2,(#9804,#9805,#9806),.UNSPECIFIED.,.F.,.F.)
B_SPLINE_CURVE_WITH_KNOTS((3,3),(0.,0.379831101833824),.UNSPECIFIED.)
CURVE()
GEOMETRIC_REPRESENTATION_ITEM()
RATIONAL_B_SPLINE_CURVE((1.,0.806225774829773,1.))
REPRESENTATION_ITEM('')
);
#3948=(
BOUNDED_CURVE()
B_SPLINE_CURVE(2,(#9809,#9810,#9811),.UNSPECIFIED.,.F.,.F.)
B_SPLINE_CURVE_WITH_KNOTS((3,3),(0.,2.994364156174),.UNSPECIFIED.)
CURVE()
GEOMETRIC_REPRESENTATION_ITEM()
RATIONAL_B_SPLINE_CURVE((1.,1.,1.))
REPRESENTATION_ITEM('')
);
#3949=(
BOUNDED_CURVE()
B_SPLINE_CURVE(2,(#9918,#9919,#9920),.UNSPECIFIED.,.F.,.F.)
B_SPLINE_CURVE_WITH_KNOTS((3,3),(0.,0.314159265358979),.UNSPECIFIED.)
CURVE()
GEOMETRIC_REPRESENTATION_ITEM()
RATIONAL_B_SPLINE_CURVE((1.,0.707106781186548,1.))
REPRESENTATION_ITEM('')
);
#3950=(
BOUNDED_CURVE()
B_SPLINE_CURVE(2,(#9921,#9922,#9923),.UNSPECIFIED.,.F.,.F.)
B_SPLINE_CURVE_WITH_KNOTS((3,3),(0.,0.314159265358979),.UNSPECIFIED.)
CURVE()
GEOMETRIC_REPRESENTATION_ITEM()
RATIONAL_B_SPLINE_CURVE((1.,0.707106781186547,1.))
REPRESENTATION_ITEM('')
);
#3951=(
BOUNDED_CURVE()
B_SPLINE_CURVE(2,(#9934,#9935,#9936),.UNSPECIFIED.,.F.,.F.)
B_SPLINE_CURVE_WITH_KNOTS((3,3),(-3.14159265358979,0.),.UNSPECIFIED.)
CURVE()
GEOMETRIC_REPRESENTATION_ITEM()
RATIONAL_B_SPLINE_CURVE((1.,0.707106781186548,1.))
REPRESENTATION_ITEM('')
);
#3952=(
BOUNDED_CURVE()
B_SPLINE_CURVE(2,(#9943,#9944,#9945),.UNSPECIFIED.,.F.,.F.)
B_SPLINE_CURVE_WITH_KNOTS((3,3),(-8.50000823676822,-5.67257484853741),
 .UNSPECIFIED.)
CURVE()
GEOMETRIC_REPRESENTATION_ITEM()
RATIONAL_B_SPLINE_CURVE((1.,0.707106781186547,1.))
REPRESENTATION_ITEM('')
);
#3953=(
BOUNDED_CURVE()
B_SPLINE_CURVE(2,(#9976,#9977,#9978),.UNSPECIFIED.,.F.,.F.)
B_SPLINE_CURVE_WITH_KNOTS((3,3),(0.,0.314159265358979),.UNSPECIFIED.)
CURVE()
GEOMETRIC_REPRESENTATION_ITEM()
RATIONAL_B_SPLINE_CURVE((1.,0.707106781186548,1.))
REPRESENTATION_ITEM('')
);
#3954=(
BOUNDED_CURVE()
B_SPLINE_CURVE(2,(#9983,#9984,#9985),.UNSPECIFIED.,.F.,.F.)
B_SPLINE_CURVE_WITH_KNOTS((3,3),(0.,0.314159265358979),.UNSPECIFIED.)
CURVE()
GEOMETRIC_REPRESENTATION_ITEM()
RATIONAL_B_SPLINE_CURVE((1.,0.707106781186221,1.))
REPRESENTATION_ITEM('')
);
#3955=(
BOUNDED_CURVE()
B_SPLINE_CURVE(2,(#9988,#9989,#9990),.UNSPECIFIED.,.F.,.F.)
B_SPLINE_CURVE_WITH_KNOTS((3,3),(0.,0.633051836572908),.UNSPECIFIED.)
CURVE()
GEOMETRIC_REPRESENTATION_ITEM()
RATIONAL_B_SPLINE_CURVE((1.,0.806225774789298,1.))
REPRESENTATION_ITEM('')
);
#3956=(
BOUNDED_CURVE()
B_SPLINE_CURVE(2,(#10001,#10002,#10003),.UNSPECIFIED.,.F.,.F.)
B_SPLINE_CURVE_WITH_KNOTS((3,3),(-0.633051836389907,0.),.UNSPECIFIED.)
CURVE()
GEOMETRIC_REPRESENTATION_ITEM()
RATIONAL_B_SPLINE_CURVE((1.,0.806225774829963,1.))
REPRESENTATION_ITEM('')
);
#3957=(
BOUNDED_CURVE()
B_SPLINE_CURVE(2,(#10026,#10027,#10028),.UNSPECIFIED.,.F.,.F.)
B_SPLINE_CURVE_WITH_KNOTS((3,3),(0.,0.314159265358979),.UNSPECIFIED.)
CURVE()
GEOMETRIC_REPRESENTATION_ITEM()
RATIONAL_B_SPLINE_CURVE((1.,0.707106781186548,1.))
REPRESENTATION_ITEM('')
);
#3958=(
BOUNDED_CURVE()
B_SPLINE_CURVE(2,(#10033,#10034,#10035),.UNSPECIFIED.,.F.,.F.)
B_SPLINE_CURVE_WITH_KNOTS((3,3),(-0.314159265358979,0.),.UNSPECIFIED.)
CURVE()
GEOMETRIC_REPRESENTATION_ITEM()
RATIONAL_B_SPLINE_CURVE((1.,0.707106781186546,1.))
REPRESENTATION_ITEM('')
);
#3959=(
BOUNDED_CURVE()
B_SPLINE_CURVE(2,(#10040,#10041,#10042),.UNSPECIFIED.,.F.,.F.)
B_SPLINE_CURVE_WITH_KNOTS((3,3),(0.,0.314159265358979),.UNSPECIFIED.)
CURVE()
GEOMETRIC_REPRESENTATION_ITEM()
RATIONAL_B_SPLINE_CURVE((1.,0.707106781186547,1.))
REPRESENTATION_ITEM('')
);
#3960=(
BOUNDED_CURVE()
B_SPLINE_CURVE(2,(#10045,#10046,#10047),.UNSPECIFIED.,.F.,.F.)
B_SPLINE_CURVE_WITH_KNOTS((3,3),(0.,0.785398163637448),.UNSPECIFIED.)
CURVE()
GEOMETRIC_REPRESENTATION_ITEM()
RATIONAL_B_SPLINE_CURVE((1.,0.707106781186546,1.))
REPRESENTATION_ITEM('')
);
#3961=(
BOUNDED_CURVE()
B_SPLINE_CURVE(2,(#10058,#10059,#10060),.UNSPECIFIED.,.F.,.F.)
B_SPLINE_CURVE_WITH_KNOTS((3,3),(-0.785398163397448,0.),.UNSPECIFIED.)
CURVE()
GEOMETRIC_REPRESENTATION_ITEM()
RATIONAL_B_SPLINE_CURVE((1.,0.707106781186548,1.))
REPRESENTATION_ITEM('')
);
#3962=(
BOUNDED_CURVE()
B_SPLINE_CURVE(2,(#10145,#10146,#10147),.UNSPECIFIED.,.F.,.F.)
B_SPLINE_CURVE_WITH_KNOTS((3,3),(-0.235619449019234,0.),.UNSPECIFIED.)
CURVE()
GEOMETRIC_REPRESENTATION_ITEM()
RATIONAL_B_SPLINE_CURVE((1.,0.70710678118655,1.))
REPRESENTATION_ITEM('')
);
#3963=(
BOUNDED_CURVE()
B_SPLINE_CURVE(2,(#10168,#10169,#10170),.UNSPECIFIED.,.F.,.F.)
B_SPLINE_CURVE_WITH_KNOTS((3,3),(-0.235619449019234,0.),.UNSPECIFIED.)
CURVE()
GEOMETRIC_REPRESENTATION_ITEM()
RATIONAL_B_SPLINE_CURVE((1.,0.707106781186541,1.))
REPRESENTATION_ITEM('')
);
#3964=(
BOUNDED_CURVE()
B_SPLINE_CURVE(2,(#10173,#10174,#10175),.UNSPECIFIED.,.F.,.F.)
B_SPLINE_CURVE_WITH_KNOTS((3,3),(0.219562372948107,0.331132052451829),
 .UNSPECIFIED.)
CURVE()
GEOMETRIC_REPRESENTATION_ITEM()
RATIONAL_B_SPLINE_CURVE((1.,0.989817296529473,1.))
REPRESENTATION_ITEM('')
);
#3965=(
BOUNDED_CURVE()
B_SPLINE_CURVE(2,(#10176,#10177,#10178),.UNSPECIFIED.,.F.,.F.)
B_SPLINE_CURVE_WITH_KNOTS((3,3),(0.219562372948107,0.331132052451829),
 .UNSPECIFIED.)
CURVE()
GEOMETRIC_REPRESENTATION_ITEM()
RATIONAL_B_SPLINE_CURVE((1.,0.989817296529473,1.))
REPRESENTATION_ITEM('')
);
#3966=(
BOUNDED_CURVE()
B_SPLINE_CURVE(2,(#10187,#10188,#10189),.UNSPECIFIED.,.F.,.F.)
B_SPLINE_CURVE_WITH_KNOTS((3,3),(0.956316559492037,1.06788623899576),
 .UNSPECIFIED.)
CURVE()
GEOMETRIC_REPRESENTATION_ITEM()
RATIONAL_B_SPLINE_CURVE((1.,0.989817296529473,1.))
REPRESENTATION_ITEM('')
);
#3967=(
BOUNDED_CURVE()
B_SPLINE_CURVE(2,(#10190,#10191,#10192),.UNSPECIFIED.,.F.,.F.)
B_SPLINE_CURVE_WITH_KNOTS((3,3),(0.956316559492037,1.06788623899576),
 .UNSPECIFIED.)
CURVE()
GEOMETRIC_REPRESENTATION_ITEM()
RATIONAL_B_SPLINE_CURVE((1.,0.989817296529473,1.))
REPRESENTATION_ITEM('')
);
#3968=(
BOUNDED_CURVE()
B_SPLINE_CURVE(2,(#10211,#10212,#10213),.UNSPECIFIED.,.F.,.F.)
B_SPLINE_CURVE_WITH_KNOTS((3,3),(0.,2.2776546738526),.UNSPECIFIED.)
CURVE()
GEOMETRIC_REPRESENTATION_ITEM()
RATIONAL_B_SPLINE_CURVE((1.,0.707106781186519,1.))
REPRESENTATION_ITEM('')
);
#3969=(
BOUNDED_CURVE()
B_SPLINE_CURVE(2,(#10220,#10221,#10222,#10223,#10224),.UNSPECIFIED.,.F.,
 .F.)
B_SPLINE_CURVE_WITH_KNOTS((3,2,3),(0.,1.97315321711954,3.94630643423907),
 .UNSPECIFIED.)
CURVE()
GEOMETRIC_REPRESENTATION_ITEM()
RATIONAL_B_SPLINE_CURVE((1.,0.707106781186548,1.,0.707106781186548,1.))
REPRESENTATION_ITEM('')
);
#3970=(
BOUNDED_CURVE()
B_SPLINE_CURVE(2,(#10231,#10232,#10233),.UNSPECIFIED.,.F.,.F.)
B_SPLINE_CURVE_WITH_KNOTS((3,3),(0.,2.2776546738526),.UNSPECIFIED.)
CURVE()
GEOMETRIC_REPRESENTATION_ITEM()
RATIONAL_B_SPLINE_CURVE((1.,0.707106781186491,1.))
REPRESENTATION_ITEM('')
);
#3971=(
BOUNDED_CURVE()
B_SPLINE_CURVE(2,(#10236,#10237,#10238),.UNSPECIFIED.,.F.,.F.)
B_SPLINE_CURVE_WITH_KNOTS((3,3),(-2.2776546738526,0.),.UNSPECIFIED.)
CURVE()
GEOMETRIC_REPRESENTATION_ITEM()
RATIONAL_B_SPLINE_CURVE((1.,0.707106781186605,1.))
REPRESENTATION_ITEM('')
);
#3972=(
BOUNDED_CURVE()
B_SPLINE_CURVE(2,(#10247,#10248,#10249,#10250,#10251),.UNSPECIFIED.,.F.,
 .F.)
B_SPLINE_CURVE_WITH_KNOTS((3,2,3),(0.,2.2776546738526,4.5553093477052),
 .UNSPECIFIED.)
CURVE()
GEOMETRIC_REPRESENTATION_ITEM()
RATIONAL_B_SPLINE_CURVE((1.,0.707106781186548,1.,0.707106781186548,1.))
REPRESENTATION_ITEM('')
);
#3973=(
BOUNDED_CURVE()
B_SPLINE_CURVE(2,(#10258,#10259,#10260,#10261,#10262),.UNSPECIFIED.,.F.,
 .F.)
B_SPLINE_CURVE_WITH_KNOTS((3,2,3),(0.,2.2776546738526,4.5553093477052),
 .UNSPECIFIED.)
CURVE()
GEOMETRIC_REPRESENTATION_ITEM()
RATIONAL_B_SPLINE_CURVE((1.,0.707106781186548,1.,0.707106781186548,1.))
REPRESENTATION_ITEM('')
);
#3974=(
BOUNDED_CURVE()
B_SPLINE_CURVE(2,(#10269,#10270,#10271),.UNSPECIFIED.,.F.,.F.)
B_SPLINE_CURVE_WITH_KNOTS((3,3),(-2.2776546738526,0.),.UNSPECIFIED.)
CURVE()
GEOMETRIC_REPRESENTATION_ITEM()
RATIONAL_B_SPLINE_CURVE((1.,0.707106781186576,1.))
REPRESENTATION_ITEM('')
);
#3975=(
BOUNDED_CURVE()
B_SPLINE_CURVE(2,(#10278,#10279,#10280,#10281,#10282),.UNSPECIFIED.,.F.,
 .F.)
B_SPLINE_CURVE_WITH_KNOTS((3,2,3),(-3.94630643423907,-1.97315321711954,
0.),.UNSPECIFIED.)
CURVE()
GEOMETRIC_REPRESENTATION_ITEM()
RATIONAL_B_SPLINE_CURVE((1.,0.707106781186547,1.,0.707106781186547,1.))
REPRESENTATION_ITEM('')
);
#3976=(
BOUNDED_CURVE()
B_SPLINE_CURVE(2,(#10291,#10292,#10293,#10294,#10295),.UNSPECIFIED.,.F.,
 .F.)
B_SPLINE_CURVE_WITH_KNOTS((3,2,3),(0.,1.97315321711954,3.94630643423907),
 .UNSPECIFIED.)
CURVE()
GEOMETRIC_REPRESENTATION_ITEM()
RATIONAL_B_SPLINE_CURVE((1.,0.707106781186548,1.,0.707106781186548,1.))
REPRESENTATION_ITEM('')
);
#3977=(
BOUNDED_CURVE()
B_SPLINE_CURVE(2,(#10296,#10297,#10298,#10299,#10300),.UNSPECIFIED.,.F.,
 .F.)
B_SPLINE_CURVE_WITH_KNOTS((3,2,3),(-3.94630643423907,-1.97315321711954,
0.),.UNSPECIFIED.)
CURVE()
GEOMETRIC_REPRESENTATION_ITEM()
RATIONAL_B_SPLINE_CURVE((1.,0.707106781186548,1.,0.707106781186548,1.))
REPRESENTATION_ITEM('')
);
#3978=(
BOUNDED_CURVE()
B_SPLINE_CURVE(2,(#10305,#10306,#10307,#10308,#10309),.UNSPECIFIED.,.F.,
 .F.)
B_SPLINE_CURVE_WITH_KNOTS((3,2,3),(2.35533485094028,2.57489719771386,2.79445959683584),
 .UNSPECIFIED.)
CURVE()
GEOMETRIC_REPRESENTATION_ITEM()
RATIONAL_B_SPLINE_CURVE((1.,0.965925843428298,1.,0.965925826289074,1.))
REPRESENTATION_ITEM('')
);
#3979=(
BOUNDED_CURVE()
B_SPLINE_CURVE(2,(#10310,#10311,#10312,#10313,#10314),.UNSPECIFIED.,.F.,
 .F.)
B_SPLINE_CURVE_WITH_KNOTS((3,2,3),(2.35533485094028,2.57489719771386,2.79445959683584),
 .UNSPECIFIED.)
CURVE()
GEOMETRIC_REPRESENTATION_ITEM()
RATIONAL_B_SPLINE_CURVE((1.,0.965925843428298,1.,0.965925826289074,1.))
REPRESENTATION_ITEM('')
);
#3980=(
BOUNDED_CURVE()
B_SPLINE_CURVE(2,(#10319,#10320,#10321,#10322,#10323),.UNSPECIFIED.,.F.,
 .F.)
B_SPLINE_CURVE_WITH_KNOTS((3,2,3),(1.06788623899577,1.28744858576999,1.50701098489181),
 .UNSPECIFIED.)
CURVE()
GEOMETRIC_REPRESENTATION_ITEM()
RATIONAL_B_SPLINE_CURVE((1.,0.965925843428087,1.,0.965925826289127,1.))
REPRESENTATION_ITEM('')
);
#3981=(
BOUNDED_CURVE()
B_SPLINE_CURVE(2,(#10324,#10325,#10326,#10327,#10328),.UNSPECIFIED.,.F.,
 .F.)
B_SPLINE_CURVE_WITH_KNOTS((3,2,3),(1.06788623899577,1.28744858576999,1.50701098489181),
 .UNSPECIFIED.)
CURVE()
GEOMETRIC_REPRESENTATION_ITEM()
RATIONAL_B_SPLINE_CURVE((1.,0.965925843428087,1.,0.965925826289127,1.))
REPRESENTATION_ITEM('')
);
#3982=(
BOUNDED_CURVE()
B_SPLINE_CURVE(2,(#10333,#10334,#10335,#10336,#10337),.UNSPECIFIED.,.F.,
 .F.)
B_SPLINE_CURVE_WITH_KNOTS((3,2,3),(1.06788623899576,1.28744863811774,1.50701098489196),
 .UNSPECIFIED.)
CURVE()
GEOMETRIC_REPRESENTATION_ITEM()
RATIONAL_B_SPLINE_CURVE((1.,0.965925826289074,1.,0.965925843428087,1.))
REPRESENTATION_ITEM('')
);
#3983=(
BOUNDED_CURVE()
B_SPLINE_CURVE(2,(#10338,#10339,#10340,#10341,#10342),.UNSPECIFIED.,.F.,
 .F.)
B_SPLINE_CURVE_WITH_KNOTS((3,2,3),(1.06788623899576,1.28744863811774,1.50701098489196),
 .UNSPECIFIED.)
CURVE()
GEOMETRIC_REPRESENTATION_ITEM()
RATIONAL_B_SPLINE_CURVE((1.,0.965925826289074,1.,0.965925843428087,1.))
REPRESENTATION_ITEM('')
);
#3984=(
BOUNDED_CURVE()
B_SPLINE_CURVE(2,(#10345,#10346,#10347,#10348,#10349),.UNSPECIFIED.,.F.,
 .F.)
B_SPLINE_CURVE_WITH_KNOTS((3,2,3),(2.35533485093963,2.57489722388773,2.79445959683587),
 .UNSPECIFIED.)
CURVE()
GEOMETRIC_REPRESENTATION_ITEM()
RATIONAL_B_SPLINE_CURVE((1.,0.965925843428083,1.,0.965925843428073,1.))
REPRESENTATION_ITEM('')
);
#3985=(
BOUNDED_CURVE()
B_SPLINE_CURVE(2,(#10350,#10351,#10352,#10353,#10354),.UNSPECIFIED.,.F.,
 .F.)
B_SPLINE_CURVE_WITH_KNOTS((3,2,3),(2.35533485093963,2.57489722388773,2.79445959683587),
 .UNSPECIFIED.)
CURVE()
GEOMETRIC_REPRESENTATION_ITEM()
RATIONAL_B_SPLINE_CURVE((1.,0.965925843428083,1.,0.965925843428073,1.))
REPRESENTATION_ITEM('')
);
#3986=(
BOUNDED_CURVE()
B_SPLINE_CURVE(2,(#10383,#10384,#10385),.UNSPECIFIED.,.F.,.F.)
B_SPLINE_CURVE_WITH_KNOTS((3,3),(-1.51991331952581,-1.50715976015228),
 .UNSPECIFIED.)
CURVE()
GEOMETRIC_REPRESENTATION_ITEM()
RATIONAL_B_SPLINE_CURVE((1.,0.999869317391392,1.))
REPRESENTATION_ITEM('')
);
#3987=(
BOUNDED_CURVE()
B_SPLINE_CURVE(2,(#10420,#10421,#10422),.UNSPECIFIED.,.F.,.F.)
B_SPLINE_CURVE_WITH_KNOTS((3,3),(1.05498390529861,1.06773747244275),
 .UNSPECIFIED.)
CURVE()
GEOMETRIC_REPRESENTATION_ITEM()
RATIONAL_B_SPLINE_CURVE((1.,0.999869317170362,1.))
REPRESENTATION_ITEM('')
);
#3988=(
BOUNDED_CURVE()
B_SPLINE_CURVE(2,(#10423,#10424,#10425),.UNSPECIFIED.,.F.,.F.)
B_SPLINE_CURVE_WITH_KNOTS((3,3),(1.05498390529861,1.06773747244275),
 .UNSPECIFIED.)
CURVE()
GEOMETRIC_REPRESENTATION_ITEM()
RATIONAL_B_SPLINE_CURVE((1.,0.999869317170362,1.))
REPRESENTATION_ITEM('')
);
#3989=(
BOUNDED_CURVE()
B_SPLINE_CURVE(2,(#10428,#10429,#10430),.UNSPECIFIED.,.F.,.F.)
B_SPLINE_CURVE_WITH_KNOTS((3,3),(-1.51991331952581,-1.50715976015228),
 .UNSPECIFIED.)
CURVE()
GEOMETRIC_REPRESENTATION_ITEM()
RATIONAL_B_SPLINE_CURVE((1.,0.999869317391392,1.))
REPRESENTATION_ITEM('')
);
#3990=(
BOUNDED_CURVE()
B_SPLINE_CURVE(2,(#10447,#10448,#10449),.UNSPECIFIED.,.F.,.F.)
B_SPLINE_CURVE_WITH_KNOTS((3,3),(-0.235619449019234,0.),.UNSPECIFIED.)
CURVE()
GEOMETRIC_REPRESENTATION_ITEM()
RATIONAL_B_SPLINE_CURVE((1.,0.70710678118655,1.))
REPRESENTATION_ITEM('')
);
#3991=(
BOUNDED_CURVE()
B_SPLINE_CURVE(2,(#10462,#10463,#10464),.UNSPECIFIED.,.F.,.F.)
B_SPLINE_CURVE_WITH_KNOTS((3,3),(-1.61858066439468,-1.50701098489144),
 .UNSPECIFIED.)
CURVE()
GEOMETRIC_REPRESENTATION_ITEM()
RATIONAL_B_SPLINE_CURVE((1.,0.989817296529563,1.))
REPRESENTATION_ITEM('')
);
#3992=(
BOUNDED_CURVE()
B_SPLINE_CURVE(2,(#10489,#10490,#10491),.UNSPECIFIED.,.F.,.F.)
B_SPLINE_CURVE_WITH_KNOTS((3,3),(-1.61858066439468,-1.50701098489144),
 .UNSPECIFIED.)
CURVE()
GEOMETRIC_REPRESENTATION_ITEM()
RATIONAL_B_SPLINE_CURVE((1.,0.989817296529563,1.))
REPRESENTATION_ITEM('')
);
#3993=(
BOUNDED_CURVE()
B_SPLINE_CURVE(2,(#10502,#10503,#10504),.UNSPECIFIED.,.F.,.F.)
B_SPLINE_CURVE_WITH_KNOTS((3,3),(2.24376517143621,2.3553348509398),
 .UNSPECIFIED.)
CURVE()
GEOMETRIC_REPRESENTATION_ITEM()
RATIONAL_B_SPLINE_CURVE((1.,0.98981730131928,1.))
REPRESENTATION_ITEM('')
);
#3994=(
BOUNDED_CURVE()
B_SPLINE_CURVE(2,(#10505,#10506,#10507),.UNSPECIFIED.,.F.,.F.)
B_SPLINE_CURVE_WITH_KNOTS((3,3),(2.24376517143621,2.3553348509398),
 .UNSPECIFIED.)
CURVE()
GEOMETRIC_REPRESENTATION_ITEM()
RATIONAL_B_SPLINE_CURVE((1.,0.98981730131928,1.))
REPRESENTATION_ITEM('')
);
#3995=(
BOUNDED_CURVE()
B_SPLINE_CURVE(2,(#10526,#10527,#10528),.UNSPECIFIED.,.F.,.F.)
B_SPLINE_CURVE_WITH_KNOTS((3,3),(-0.235619449019234,0.),.UNSPECIFIED.)
CURVE()
GEOMETRIC_REPRESENTATION_ITEM()
RATIONAL_B_SPLINE_CURVE((1.,0.707106781186551,1.))
REPRESENTATION_ITEM('')
);
#3996=(
BOUNDED_CURVE()
B_SPLINE_CURVE(2,(#10541,#10542,#10543),.UNSPECIFIED.,.F.,.F.)
B_SPLINE_CURVE_WITH_KNOTS((3,3),(-0.232464705655724,-0.219711148205548),
 .UNSPECIFIED.)
CURVE()
GEOMETRIC_REPRESENTATION_ITEM()
RATIONAL_B_SPLINE_CURVE((1.,0.999869317430884,1.))
REPRESENTATION_ITEM('')
);
#3997=(
BOUNDED_CURVE()
B_SPLINE_CURVE(2,(#10584,#10585,#10586),.UNSPECIFIED.,.F.,.F.)
B_SPLINE_CURVE_WITH_KNOTS((3,3),(-2.35518608438556,-2.34243251584971),
 .UNSPECIFIED.)
CURVE()
GEOMETRIC_REPRESENTATION_ITEM()
RATIONAL_B_SPLINE_CURVE((1.,0.999869317204221,1.))
REPRESENTATION_ITEM('')
);
#3998=(
BOUNDED_CURVE()
B_SPLINE_CURVE(2,(#10597,#10598,#10599),.UNSPECIFIED.,.F.,.F.)
B_SPLINE_CURVE_WITH_KNOTS((3,3),(-0.232464705655724,-0.219711148205548),
 .UNSPECIFIED.)
CURVE()
GEOMETRIC_REPRESENTATION_ITEM()
RATIONAL_B_SPLINE_CURVE((1.,0.999869317430884,1.))
REPRESENTATION_ITEM('')
);
#3999=(
BOUNDED_CURVE()
B_SPLINE_CURVE(2,(#10630,#10631,#10632),.UNSPECIFIED.,.F.,.F.)
B_SPLINE_CURVE_WITH_KNOTS((3,3),(-2.35518608438556,-2.34243251584971),
 .UNSPECIFIED.)
CURVE()
GEOMETRIC_REPRESENTATION_ITEM()
RATIONAL_B_SPLINE_CURVE((1.,0.999869317204221,1.))
REPRESENTATION_ITEM('')
);
#4000=(
BOUNDED_CURVE()
B_SPLINE_CURVE(2,(#10723,#10724,#10725),.UNSPECIFIED.,.F.,.F.)
B_SPLINE_CURVE_WITH_KNOTS((3,3),(-1.13767133876223,-1.04686805939334),
 .UNSPECIFIED.)
CURVE()
GEOMETRIC_REPRESENTATION_ITEM()
RATIONAL_B_SPLINE_CURVE((1.,0.97036166090628,1.))
REPRESENTATION_ITEM('')
);
#4001=(
BOUNDED_CURVE()
B_SPLINE_CURVE(2,(#10742,#10743,#10744),.UNSPECIFIED.,.F.,.F.)
B_SPLINE_CURVE_WITH_KNOTS((3,3),(-0.235619449019234,0.),.UNSPECIFIED.)
CURVE()
GEOMETRIC_REPRESENTATION_ITEM()
RATIONAL_B_SPLINE_CURVE((1.,0.707106781186551,1.))
REPRESENTATION_ITEM('')
);
#4002=(
BOUNDED_CURVE()
B_SPLINE_CURVE(2,(#10753,#10754,#10755),.UNSPECIFIED.,.F.,.F.)
B_SPLINE_CURVE_WITH_KNOTS((3,3),(0.863286678919959,1.06788623899575),
 .UNSPECIFIED.)
CURVE()
GEOMETRIC_REPRESENTATION_ITEM()
RATIONAL_B_SPLINE_CURVE((1.,0.965925842260048,1.))
REPRESENTATION_ITEM('')
);
#4003=(
BOUNDED_CURVE()
B_SPLINE_CURVE(2,(#10756,#10757,#10758),.UNSPECIFIED.,.F.,.F.)
B_SPLINE_CURVE_WITH_KNOTS((3,3),(0.863286678919959,1.06788623899575),
 .UNSPECIFIED.)
CURVE()
GEOMETRIC_REPRESENTATION_ITEM()
RATIONAL_B_SPLINE_CURVE((1.,0.965925842260048,1.))
REPRESENTATION_ITEM('')
);
#4004=(
BOUNDED_CURVE()
B_SPLINE_CURVE(2,(#10763,#10764,#10765),.UNSPECIFIED.,.F.,.F.)
B_SPLINE_CURVE_WITH_KNOTS((3,3),(0.219562372948109,0.424161933023904),
 .UNSPECIFIED.)
CURVE()
GEOMETRIC_REPRESENTATION_ITEM()
RATIONAL_B_SPLINE_CURVE((1.,0.965925842260047,1.))
REPRESENTATION_ITEM('')
);
#4005=(
BOUNDED_CURVE()
B_SPLINE_CURVE(2,(#10766,#10767,#10768),.UNSPECIFIED.,.F.,.F.)
B_SPLINE_CURVE_WITH_KNOTS((3,3),(0.219562372948109,0.424161933023904),
 .UNSPECIFIED.)
CURVE()
GEOMETRIC_REPRESENTATION_ITEM()
RATIONAL_B_SPLINE_CURVE((1.,0.965925858231054,1.))
REPRESENTATION_ITEM('')
);
#4006=(
BOUNDED_CURVE()
B_SPLINE_CURVE(2,(#10773,#10774,#10775),.UNSPECIFIED.,.F.,.F.)
B_SPLINE_CURVE_WITH_KNOTS((3,3),(-0.235619449019234,0.),.UNSPECIFIED.)
CURVE()
GEOMETRIC_REPRESENTATION_ITEM()
RATIONAL_B_SPLINE_CURVE((1.,0.707106781186546,1.))
REPRESENTATION_ITEM('')
);
#4007=(
BOUNDED_CURVE()
B_SPLINE_CURVE(2,(#10788,#10789,#10790),.UNSPECIFIED.,.F.,.F.)
B_SPLINE_CURVE_WITH_KNOTS((3,3),(-0.0908032793688771,0.),.UNSPECIFIED.)
CURVE()
GEOMETRIC_REPRESENTATION_ITEM()
RATIONAL_B_SPLINE_CURVE((1.,0.970361675810531,1.))
REPRESENTATION_ITEM('')
);
#4008=(
BOUNDED_CURVE()
B_SPLINE_CURVE(2,(#10837,#10838,#10839),.UNSPECIFIED.,.F.,.F.)
B_SPLINE_CURVE_WITH_KNOTS((3,3),(-1.13767133876223,-1.04686805939335),
 .UNSPECIFIED.)
CURVE()
GEOMETRIC_REPRESENTATION_ITEM()
RATIONAL_B_SPLINE_CURVE((1.,0.970361675810532,1.))
REPRESENTATION_ITEM('')
);
#4009=(
BOUNDED_CURVE()
B_SPLINE_CURVE(2,(#10856,#10857,#10858),.UNSPECIFIED.,.F.,.F.)
B_SPLINE_CURVE_WITH_KNOTS((3,3),(-0.235619449019234,0.),.UNSPECIFIED.)
CURVE()
GEOMETRIC_REPRESENTATION_ITEM()
RATIONAL_B_SPLINE_CURVE((1.,0.707106781186548,1.))
REPRESENTATION_ITEM('')
);
#4010=(
BOUNDED_CURVE()
B_SPLINE_CURVE(2,(#10865,#10866,#10867),.UNSPECIFIED.,.F.,.F.)
B_SPLINE_CURVE_WITH_KNOTS((3,3),(-0.235619449019234,0.),.UNSPECIFIED.)
CURVE()
GEOMETRIC_REPRESENTATION_ITEM()
RATIONAL_B_SPLINE_CURVE((1.,0.707106781186549,1.))
REPRESENTATION_ITEM('')
);
#4011=(
BOUNDED_CURVE()
B_SPLINE_CURVE(2,(#10870,#10871,#10872),.UNSPECIFIED.,.F.,.F.)
B_SPLINE_CURVE_WITH_KNOTS((3,3),(-0.235619449019234,0.),.UNSPECIFIED.)
CURVE()
GEOMETRIC_REPRESENTATION_ITEM()
RATIONAL_B_SPLINE_CURVE((1.,0.707106781186548,1.))
REPRESENTATION_ITEM('')
);
#4012=(
BOUNDED_CURVE()
B_SPLINE_CURVE(2,(#10879,#10880,#10881),.UNSPECIFIED.,.F.,.F.)
B_SPLINE_CURVE_WITH_KNOTS((3,3),(-0.235619449019234,0.),.UNSPECIFIED.)
CURVE()
GEOMETRIC_REPRESENTATION_ITEM()
RATIONAL_B_SPLINE_CURVE((1.,0.707106781186544,1.))
REPRESENTATION_ITEM('')
);
#4013=(
BOUNDED_CURVE()
B_SPLINE_CURVE(2,(#10884,#10885,#10886),.UNSPECIFIED.,.F.,.F.)
B_SPLINE_CURVE_WITH_KNOTS((3,3),(-0.235619449019234,0.),.UNSPECIFIED.)
CURVE()
GEOMETRIC_REPRESENTATION_ITEM()
RATIONAL_B_SPLINE_CURVE((1.,0.707106781186548,1.))
REPRESENTATION_ITEM('')
);
#4014=(
BOUNDED_CURVE()
B_SPLINE_CURVE(2,(#10889,#10890,#10891),.UNSPECIFIED.,.F.,.F.)
B_SPLINE_CURVE_WITH_KNOTS((3,3),(-0.235619449019234,0.),.UNSPECIFIED.)
CURVE()
GEOMETRIC_REPRESENTATION_ITEM()
RATIONAL_B_SPLINE_CURVE((1.,0.707106781186545,1.))
REPRESENTATION_ITEM('')
);
#4015=(
BOUNDED_CURVE()
B_SPLINE_CURVE(2,(#10898,#10899,#10900),.UNSPECIFIED.,.F.,.F.)
B_SPLINE_CURVE_WITH_KNOTS((3,3),(-0.235619449019234,0.),.UNSPECIFIED.)
CURVE()
GEOMETRIC_REPRESENTATION_ITEM()
RATIONAL_B_SPLINE_CURVE((1.,0.707106781186547,1.))
REPRESENTATION_ITEM('')
);
#4016=(
BOUNDED_CURVE()
B_SPLINE_CURVE(2,(#10903,#10904,#10905),.UNSPECIFIED.,.F.,.F.)
B_SPLINE_CURVE_WITH_KNOTS((3,3),(0.,0.235619449019234),.UNSPECIFIED.)
CURVE()
GEOMETRIC_REPRESENTATION_ITEM()
RATIONAL_B_SPLINE_CURVE((1.,0.707106781186547,1.))
REPRESENTATION_ITEM('')
);
#4017=(
BOUNDED_CURVE()
B_SPLINE_CURVE(2,(#10906,#10907,#10908),.UNSPECIFIED.,.F.,.F.)
B_SPLINE_CURVE_WITH_KNOTS((3,3),(0.,0.235619449019234),.UNSPECIFIED.)
CURVE()
GEOMETRIC_REPRESENTATION_ITEM()
RATIONAL_B_SPLINE_CURVE((1.,0.707106781186545,1.))
REPRESENTATION_ITEM('')
);
#4018=(
BOUNDED_CURVE()
B_SPLINE_CURVE(2,(#10915,#10916,#10917),.UNSPECIFIED.,.F.,.F.)
B_SPLINE_CURVE_WITH_KNOTS((3,3),(-0.235619449019234,0.),.UNSPECIFIED.)
CURVE()
GEOMETRIC_REPRESENTATION_ITEM()
RATIONAL_B_SPLINE_CURVE((1.,0.707106781186548,1.))
REPRESENTATION_ITEM('')
);
#4019=(
BOUNDED_CURVE()
B_SPLINE_CURVE(2,(#10936,#10937,#10938),.UNSPECIFIED.,.F.,.F.)
B_SPLINE_CURVE_WITH_KNOTS((3,3),(-0.0908032793688766,0.),.UNSPECIFIED.)
CURVE()
GEOMETRIC_REPRESENTATION_ITEM()
RATIONAL_B_SPLINE_CURVE((1.,0.970361660906284,1.))
REPRESENTATION_ITEM('')
);
#4020=(
BOUNDED_CURVE()
B_SPLINE_CURVE(2,(#10949,#10950,#10951),.UNSPECIFIED.,.F.,.F.)
B_SPLINE_CURVE_WITH_KNOTS((3,3),(0.863286678923322,1.06788623899791),
 .UNSPECIFIED.)
CURVE()
GEOMETRIC_REPRESENTATION_ITEM()
RATIONAL_B_SPLINE_CURVE((1.,0.965925842260443,1.))
REPRESENTATION_ITEM('')
);
#4021=(
BOUNDED_CURVE()
B_SPLINE_CURVE(2,(#10952,#10953,#10954),.UNSPECIFIED.,.F.,.F.)
B_SPLINE_CURVE_WITH_KNOTS((3,3),(0.863286678923322,1.06788623899791),
 .UNSPECIFIED.)
CURVE()
GEOMETRIC_REPRESENTATION_ITEM()
RATIONAL_B_SPLINE_CURVE((1.,0.965925842260443,1.))
REPRESENTATION_ITEM('')
);
#4022=(
BOUNDED_CURVE()
B_SPLINE_CURVE(2,(#10959,#10960,#10961),.UNSPECIFIED.,.F.,.F.)
B_SPLINE_CURVE_WITH_KNOTS((3,3),(0.219562372949722,0.424161933026423),
 .UNSPECIFIED.)
CURVE()
GEOMETRIC_REPRESENTATION_ITEM()
RATIONAL_B_SPLINE_CURVE((1.,0.965925858230758,1.))
REPRESENTATION_ITEM('')
);
#4023=(
BOUNDED_CURVE()
B_SPLINE_CURVE(2,(#10962,#10963,#10964),.UNSPECIFIED.,.F.,.F.)
B_SPLINE_CURVE_WITH_KNOTS((3,3),(0.219562372949722,0.424161933026423),
 .UNSPECIFIED.)
CURVE()
GEOMETRIC_REPRESENTATION_ITEM()
RATIONAL_B_SPLINE_CURVE((1.,0.965925842259751,1.))
REPRESENTATION_ITEM('')
);
#4024=(
BOUNDED_CURVE()
B_SPLINE_CURVE(2,(#10975,#10976,#10977,#10978,#10979),.UNSPECIFIED.,.F.,
 .F.)
B_SPLINE_CURVE_WITH_KNOTS((3,2,3),(-1.5070109848909,-1.28744861194387,-1.06788623899522),
 .UNSPECIFIED.)
CURVE()
GEOMETRIC_REPRESENTATION_ITEM()
RATIONAL_B_SPLINE_CURVE((1.,0.965925843428435,1.,0.965925843427907,1.))
REPRESENTATION_ITEM('')
);
#4025=(
BOUNDED_CURVE()
B_SPLINE_CURVE(2,(#11002,#11003,#11004),.UNSPECIFIED.,.F.,.F.)
B_SPLINE_CURVE_WITH_KNOTS((3,3),(-1.13767133876223,-1.04686805939334),
 .UNSPECIFIED.)
CURVE()
GEOMETRIC_REPRESENTATION_ITEM()
RATIONAL_B_SPLINE_CURVE((1.,0.97036166090628,1.))
REPRESENTATION_ITEM('')
);
#4026=(
BOUNDED_CURVE()
B_SPLINE_CURVE(2,(#11007,#11008,#11009),.UNSPECIFIED.,.F.,.F.)
B_SPLINE_CURVE_WITH_KNOTS((3,3),(-0.0908032793688766,0.),.UNSPECIFIED.)
CURVE()
GEOMETRIC_REPRESENTATION_ITEM()
RATIONAL_B_SPLINE_CURVE((1.,0.970361660906284,1.))
REPRESENTATION_ITEM('')
);
#4027=(
BOUNDED_CURVE()
B_SPLINE_CURVE(2,(#11028,#11029,#11030,#11031,#11032),.UNSPECIFIED.,.F.,
 .F.)
B_SPLINE_CURVE_WITH_KNOTS((3,2,3),(-2.79445959683638,-2.57489722388773,
-2.35533485093909),.UNSPECIFIED.)
CURVE()
GEOMETRIC_REPRESENTATION_ITEM()
RATIONAL_B_SPLINE_CURVE((1.,0.965925826288898,1.,0.965925826288899,1.))
REPRESENTATION_ITEM('')
);
#4028=(
BOUNDED_CURVE()
B_SPLINE_CURVE(2,(#11055,#11056,#11057,#11058,#11059),.UNSPECIFIED.,.F.,
 .F.)
B_SPLINE_CURVE_WITH_KNOTS((3,2,3),(-1.50701098489251,-1.28744861194387,
-1.06788623899522),.UNSPECIFIED.)
CURVE()
GEOMETRIC_REPRESENTATION_ITEM()
RATIONAL_B_SPLINE_CURVE((1.,0.965925826288898,1.,0.965925826288898,1.))
REPRESENTATION_ITEM('')
);
#4029=(
BOUNDED_CURVE()
B_SPLINE_CURVE(2,(#11074,#11075,#11076),.UNSPECIFIED.,.F.,.F.)
B_SPLINE_CURVE_WITH_KNOTS((3,3),(-1.13767133876223,-1.04686805939335),
 .UNSPECIFIED.)
CURVE()
GEOMETRIC_REPRESENTATION_ITEM()
RATIONAL_B_SPLINE_CURVE((1.,0.970361675810532,1.))
REPRESENTATION_ITEM('')
);
#4030=(
BOUNDED_CURVE()
B_SPLINE_CURVE(2,(#11079,#11080,#11081),.UNSPECIFIED.,.F.,.F.)
B_SPLINE_CURVE_WITH_KNOTS((3,3),(-0.0908032793688771,0.),.UNSPECIFIED.)
CURVE()
GEOMETRIC_REPRESENTATION_ITEM()
RATIONAL_B_SPLINE_CURVE((1.,0.970361675810531,1.))
REPRESENTATION_ITEM('')
);
#4031=(
BOUNDED_CURVE()
B_SPLINE_CURVE(2,(#11108,#11109,#11110,#11111,#11112),.UNSPECIFIED.,.F.,
 .F.)
B_SPLINE_CURVE_WITH_KNOTS((3,2,3),(-2.79445959683638,-2.57489722388773,
-2.35533485093694),.UNSPECIFIED.)
CURVE()
GEOMETRIC_REPRESENTATION_ITEM()
RATIONAL_B_SPLINE_CURVE((1.,0.965925826288898,1.,0.965925826288194,1.))
REPRESENTATION_ITEM('')
);
#4032=(
BOUNDED_CURVE()
B_SPLINE_CURVE(2,(#11127,#11128,#11129,#11130,#11131),.UNSPECIFIED.,.F.,
 .F.)
B_SPLINE_CURVE_WITH_KNOTS((3,2,3),(0.,1.97315321702843,3.94630643405686),
 .UNSPECIFIED.)
CURVE()
GEOMETRIC_REPRESENTATION_ITEM()
RATIONAL_B_SPLINE_CURVE((1.,0.707106781186548,1.,0.707106781186548,1.))
REPRESENTATION_ITEM('')
);
#4033=(
BOUNDED_CURVE()
B_SPLINE_CURVE(2,(#11132,#11133,#11134,#11135,#11136),.UNSPECIFIED.,.F.,
 .F.)
B_SPLINE_CURVE_WITH_KNOTS((3,2,3),(0.,1.97315321702843,3.94630643405686),
 .UNSPECIFIED.)
CURVE()
GEOMETRIC_REPRESENTATION_ITEM()
RATIONAL_B_SPLINE_CURVE((1.,0.707106781186548,1.,0.707106781186548,1.))
REPRESENTATION_ITEM('')
);
#4034=(
BOUNDED_CURVE()
B_SPLINE_CURVE(2,(#11137,#11138,#11139,#11140,#11141),.UNSPECIFIED.,.F.,
 .F.)
B_SPLINE_CURVE_WITH_KNOTS((3,2,3),(-3.94630643405686,-1.97315321702843,
0.),.UNSPECIFIED.)
CURVE()
GEOMETRIC_REPRESENTATION_ITEM()
RATIONAL_B_SPLINE_CURVE((1.,0.707106781186548,1.,0.707106781186548,1.))
REPRESENTATION_ITEM('')
);
#4035=(
BOUNDED_CURVE()
B_SPLINE_CURVE(2,(#11142,#11143,#11144,#11145,#11146),.UNSPECIFIED.,.F.,
 .F.)
B_SPLINE_CURVE_WITH_KNOTS((3,2,3),(-3.94630643405686,-1.97315321702843,
0.),.UNSPECIFIED.)
CURVE()
GEOMETRIC_REPRESENTATION_ITEM()
RATIONAL_B_SPLINE_CURVE((1.,0.707106781186548,1.,0.707106781186548,1.))
REPRESENTATION_ITEM('')
);
#4036=(
BOUNDED_CURVE()
B_SPLINE_CURVE(2,(#11147,#11148,#11149,#11150,#11151),.UNSPECIFIED.,.F.,
 .F.)
B_SPLINE_CURVE_WITH_KNOTS((3,2,3),(-2.79445959683638,-2.57489722388773,
-2.35533485093694),.UNSPECIFIED.)
CURVE()
GEOMETRIC_REPRESENTATION_ITEM()
RATIONAL_B_SPLINE_CURVE((1.,0.965925826288898,1.,0.965925826288194,1.))
REPRESENTATION_ITEM('')
);
#4037=(
BOUNDED_CURVE()
B_SPLINE_CURVE(2,(#11154,#11155,#11156,#11157,#11158),.UNSPECIFIED.,.F.,
 .F.)
B_SPLINE_CURVE_WITH_KNOTS((3,2,3),(-1.50701098489251,-1.28744861194387,
-1.06788623899522),.UNSPECIFIED.)
CURVE()
GEOMETRIC_REPRESENTATION_ITEM()
RATIONAL_B_SPLINE_CURVE((1.,0.965925826288898,1.,0.965925826288898,1.))
REPRESENTATION_ITEM('')
);
#4038=(
BOUNDED_CURVE()
B_SPLINE_CURVE(2,(#11161,#11162,#11163,#11164,#11165),.UNSPECIFIED.,.F.,
 .F.)
B_SPLINE_CURVE_WITH_KNOTS((3,2,3),(-2.79445959683638,-2.57489722388773,
-2.35533485093909),.UNSPECIFIED.)
CURVE()
GEOMETRIC_REPRESENTATION_ITEM()
RATIONAL_B_SPLINE_CURVE((1.,0.965925826288898,1.,0.965925826288899,1.))
REPRESENTATION_ITEM('')
);
#4039=(
BOUNDED_CURVE()
B_SPLINE_CURVE(2,(#11168,#11169,#11170,#11171,#11172),.UNSPECIFIED.,.F.,
 .F.)
B_SPLINE_CURVE_WITH_KNOTS((3,2,3),(-1.5070109848909,-1.28744861194387,-1.06788623899522),
 .UNSPECIFIED.)
CURVE()
GEOMETRIC_REPRESENTATION_ITEM()
RATIONAL_B_SPLINE_CURVE((1.,0.965925843428435,1.,0.965925843427907,1.))
REPRESENTATION_ITEM('')
);
#4040=(
BOUNDED_CURVE()
B_SPLINE_CURVE(2,(#11179,#11180,#11181,#11182,#11183),.UNSPECIFIED.,.F.,
 .F.)
B_SPLINE_CURVE_WITH_KNOTS((3,2,3),(0.,2.2776546738526,4.5553093477052),
 .UNSPECIFIED.)
CURVE()
GEOMETRIC_REPRESENTATION_ITEM()
RATIONAL_B_SPLINE_CURVE((1.,0.707106781186547,1.,0.707106781186547,1.))
REPRESENTATION_ITEM('')
);
#4041=(
BOUNDED_CURVE()
B_SPLINE_CURVE(2,(#11190,#11191,#11192),.UNSPECIFIED.,.F.,.F.)
B_SPLINE_CURVE_WITH_KNOTS((3,3),(-2.2776546738526,0.),.UNSPECIFIED.)
CURVE()
GEOMETRIC_REPRESENTATION_ITEM()
RATIONAL_B_SPLINE_CURVE((1.,0.707106781186493,1.))
REPRESENTATION_ITEM('')
);
#4042=(
BOUNDED_CURVE()
B_SPLINE_CURVE(2,(#11195,#11196,#11197),.UNSPECIFIED.,.F.,.F.)
B_SPLINE_CURVE_WITH_KNOTS((3,3),(-2.2776546738526,0.),.UNSPECIFIED.)
CURVE()
GEOMETRIC_REPRESENTATION_ITEM()
RATIONAL_B_SPLINE_CURVE((1.,0.707106781186521,1.))
REPRESENTATION_ITEM('')
);
#4043=(
BOUNDED_CURVE()
B_SPLINE_CURVE(2,(#11212,#11213,#11214),.UNSPECIFIED.,.F.,.F.)
B_SPLINE_CURVE_WITH_KNOTS((3,3),(0.,2.2776546738526),.UNSPECIFIED.)
CURVE()
GEOMETRIC_REPRESENTATION_ITEM()
RATIONAL_B_SPLINE_CURVE((1.,0.707106781186575,1.))
REPRESENTATION_ITEM('')
);
#4044=(
BOUNDED_CURVE()
B_SPLINE_CURVE(2,(#11225,#11226,#11227),.UNSPECIFIED.,.F.,.F.)
B_SPLINE_CURVE_WITH_KNOTS((3,3),(0.,2.2776546738526),.UNSPECIFIED.)
CURVE()
GEOMETRIC_REPRESENTATION_ITEM()
RATIONAL_B_SPLINE_CURVE((1.,0.707106781186603,1.))
REPRESENTATION_ITEM('')
);
#4045=(
BOUNDED_CURVE()
B_SPLINE_CURVE(2,(#11234,#11235,#11236,#11237,#11238),.UNSPECIFIED.,.F.,
 .F.)
B_SPLINE_CURVE_WITH_KNOTS((3,2,3),(0.,2.2776546738526,4.5553093477052),
 .UNSPECIFIED.)
CURVE()
GEOMETRIC_REPRESENTATION_ITEM()
RATIONAL_B_SPLINE_CURVE((1.,0.707106781186548,1.,0.707106781186548,1.))
REPRESENTATION_ITEM('')
);
#4046=(
BOUNDED_CURVE()
B_SPLINE_CURVE(2,(#11245,#11246,#11247),.UNSPECIFIED.,.F.,.F.)
B_SPLINE_CURVE_WITH_KNOTS((3,3),(0.,0.15707963267949),.UNSPECIFIED.)
CURVE()
GEOMETRIC_REPRESENTATION_ITEM()
RATIONAL_B_SPLINE_CURVE((1.,0.707106781186541,1.))
REPRESENTATION_ITEM('')
);
#4047=(
BOUNDED_CURVE()
B_SPLINE_CURVE(2,(#11250,#11251,#11252,#11253,#11254),.UNSPECIFIED.,.F.,
 .F.)
B_SPLINE_CURVE_WITH_KNOTS((3,2,3),(-0.785398163397448,-0.392699081698724,
0.),.UNSPECIFIED.)
CURVE()
GEOMETRIC_REPRESENTATION_ITEM()
RATIONAL_B_SPLINE_CURVE((1.,0.707106781186548,1.,0.707106781186548,1.))
REPRESENTATION_ITEM('')
);
#4048=(
BOUNDED_CURVE()
B_SPLINE_CURVE(2,(#11257,#11258,#11259),.UNSPECIFIED.,.F.,.F.)
B_SPLINE_CURVE_WITH_KNOTS((3,3),(0.,0.15707963267949),.UNSPECIFIED.)
CURVE()
GEOMETRIC_REPRESENTATION_ITEM()
RATIONAL_B_SPLINE_CURVE((1.,0.707106781186546,1.))
REPRESENTATION_ITEM('')
);
#4049=(
BOUNDED_CURVE()
B_SPLINE_CURVE(2,(#11262,#11263,#11264,#11265,#11266),.UNSPECIFIED.,.F.,
 .F.)
B_SPLINE_CURVE_WITH_KNOTS((3,2,3),(0.0139266486645903,0.406625730363315,
0.799324812062039),.UNSPECIFIED.)
CURVE()
GEOMETRIC_REPRESENTATION_ITEM()
RATIONAL_B_SPLINE_CURVE((1.,0.707106781186548,1.,0.707106781186548,1.))
REPRESENTATION_ITEM('')
);
#4050=(
BOUNDED_CURVE()
B_SPLINE_CURVE(2,(#11271,#11272,#11273,#11274,#11275),.UNSPECIFIED.,.F.,
 .F.)
B_SPLINE_CURVE_WITH_KNOTS((3,2,3),(-0.785398163397448,-0.392699081698724,
0.),.UNSPECIFIED.)
CURVE()
GEOMETRIC_REPRESENTATION_ITEM()
RATIONAL_B_SPLINE_CURVE((1.,0.707106781186547,1.,0.707106781186547,1.))
REPRESENTATION_ITEM('')
);
#4051=(
BOUNDED_CURVE()
B_SPLINE_CURVE(2,(#11280,#11281,#11282,#11283,#11284),.UNSPECIFIED.,.F.,
 .F.)
B_SPLINE_CURVE_WITH_KNOTS((3,2,3),(0.0139266486645903,0.406625730363315,
0.799324812062039),.UNSPECIFIED.)
CURVE()
GEOMETRIC_REPRESENTATION_ITEM()
RATIONAL_B_SPLINE_CURVE((1.,0.707106781186548,1.,0.707106781186548,1.))
REPRESENTATION_ITEM('')
);
#4052=(
BOUNDED_CURVE()
B_SPLINE_CURVE(2,(#11287,#11288,#11289),.UNSPECIFIED.,.F.,.F.)
B_SPLINE_CURVE_WITH_KNOTS((3,3),(-0.15707963267949,0.),.UNSPECIFIED.)
CURVE()
GEOMETRIC_REPRESENTATION_ITEM()
RATIONAL_B_SPLINE_CURVE((1.,0.707106781186548,1.))
REPRESENTATION_ITEM('')
);
#4053=(
BOUNDED_CURVE()
B_SPLINE_CURVE(2,(#11292,#11293,#11294,#11295,#11296),.UNSPECIFIED.,.F.,
 .F.)
B_SPLINE_CURVE_WITH_KNOTS((3,2,3),(-0.785398163397448,-0.392699081698724,
0.),.UNSPECIFIED.)
CURVE()
GEOMETRIC_REPRESENTATION_ITEM()
RATIONAL_B_SPLINE_CURVE((1.,0.707106781186548,1.,0.707106781186548,1.))
REPRESENTATION_ITEM('')
);
#4054=(
BOUNDED_CURVE()
B_SPLINE_CURVE(2,(#11299,#11300,#11301),.UNSPECIFIED.,.F.,.F.)
B_SPLINE_CURVE_WITH_KNOTS((3,3),(-0.15707963267949,0.),.UNSPECIFIED.)
CURVE()
GEOMETRIC_REPRESENTATION_ITEM()
RATIONAL_B_SPLINE_CURVE((1.,0.707106781186548,1.))
REPRESENTATION_ITEM('')
);
#4055=(
BOUNDED_CURVE()
B_SPLINE_CURVE(2,(#11304,#11305,#11306,#11307,#11308),.UNSPECIFIED.,.F.,
 .F.)
B_SPLINE_CURVE_WITH_KNOTS((3,2,3),(0.0139266486645898,0.406625730363314,
0.799324812062037),.UNSPECIFIED.)
CURVE()
GEOMETRIC_REPRESENTATION_ITEM()
RATIONAL_B_SPLINE_CURVE((1.,0.707106781186548,1.,0.707106781186548,1.))
REPRESENTATION_ITEM('')
);
#4056=(
BOUNDED_CURVE()
B_SPLINE_CURVE(2,(#11313,#11314,#11315,#11316,#11317),.UNSPECIFIED.,.F.,
 .F.)
B_SPLINE_CURVE_WITH_KNOTS((3,2,3),(-0.785398163397448,-0.392699081698724,
0.),.UNSPECIFIED.)
CURVE()
GEOMETRIC_REPRESENTATION_ITEM()
RATIONAL_B_SPLINE_CURVE((1.,0.707106781186548,1.,0.707106781186548,1.))
REPRESENTATION_ITEM('')
);
#4057=(
BOUNDED_CURVE()
B_SPLINE_CURVE(2,(#11322,#11323,#11324,#11325,#11326),.UNSPECIFIED.,.F.,
 .F.)
B_SPLINE_CURVE_WITH_KNOTS((3,2,3),(0.0139266486645898,0.406625730363314,
0.799324812062037),.UNSPECIFIED.)
CURVE()
GEOMETRIC_REPRESENTATION_ITEM()
RATIONAL_B_SPLINE_CURVE((1.,0.707106781186548,1.,0.707106781186548,1.))
REPRESENTATION_ITEM('')
);
#4058=(
BOUNDED_CURVE()
B_SPLINE_CURVE(2,(#11329,#11330,#11331),.UNSPECIFIED.,.F.,.F.)
B_SPLINE_CURVE_WITH_KNOTS((3,3),(0.,0.15707963267949),.UNSPECIFIED.)
CURVE()
GEOMETRIC_REPRESENTATION_ITEM()
RATIONAL_B_SPLINE_CURVE((1.,0.707106781186548,1.))
REPRESENTATION_ITEM('')
);
#4059=(
BOUNDED_CURVE()
B_SPLINE_CURVE(2,(#11334,#11335,#11336,#11337,#11338),.UNSPECIFIED.,.F.,
 .F.)
B_SPLINE_CURVE_WITH_KNOTS((3,2,3),(-0.785398163397448,-0.392699081698724,
0.),.UNSPECIFIED.)
CURVE()
GEOMETRIC_REPRESENTATION_ITEM()
RATIONAL_B_SPLINE_CURVE((1.,0.707106781186548,1.,0.707106781186548,1.))
REPRESENTATION_ITEM('')
);
#4060=(
BOUNDED_CURVE()
B_SPLINE_CURVE(2,(#11341,#11342,#11343),.UNSPECIFIED.,.F.,.F.)
B_SPLINE_CURVE_WITH_KNOTS((3,3),(0.,0.15707963267949),.UNSPECIFIED.)
CURVE()
GEOMETRIC_REPRESENTATION_ITEM()
RATIONAL_B_SPLINE_CURVE((1.,0.707106781186548,1.))
REPRESENTATION_ITEM('')
);
#4061=(
BOUNDED_CURVE()
B_SPLINE_CURVE(2,(#11346,#11347,#11348,#11349,#11350),.UNSPECIFIED.,.F.,
 .F.)
B_SPLINE_CURVE_WITH_KNOTS((3,2,3),(0.0139266486645901,0.406625730363314,
0.799324812062038),.UNSPECIFIED.)
CURVE()
GEOMETRIC_REPRESENTATION_ITEM()
RATIONAL_B_SPLINE_CURVE((1.,0.707106781186548,1.,0.707106781186548,1.))
REPRESENTATION_ITEM('')
);
#4062=(
BOUNDED_CURVE()
B_SPLINE_CURVE(2,(#11355,#11356,#11357,#11358,#11359),.UNSPECIFIED.,.F.,
 .F.)
B_SPLINE_CURVE_WITH_KNOTS((3,2,3),(-0.785398163397448,-0.392699081698724,
0.),.UNSPECIFIED.)
CURVE()
GEOMETRIC_REPRESENTATION_ITEM()
RATIONAL_B_SPLINE_CURVE((1.,0.707106781186548,1.,0.707106781186548,1.))
REPRESENTATION_ITEM('')
);
#4063=(
BOUNDED_CURVE()
B_SPLINE_CURVE(2,(#11364,#11365,#11366,#11367,#11368),.UNSPECIFIED.,.F.,
 .F.)
B_SPLINE_CURVE_WITH_KNOTS((3,2,3),(0.0139266486645901,0.406625730363314,
0.799324812062038),.UNSPECIFIED.)
CURVE()
GEOMETRIC_REPRESENTATION_ITEM()
RATIONAL_B_SPLINE_CURVE((1.,0.707106781186548,1.,0.707106781186548,1.))
REPRESENTATION_ITEM('')
);
#4064=(
BOUNDED_CURVE()
B_SPLINE_CURVE(2,(#11371,#11372,#11373,#11374,#11375),.UNSPECIFIED.,.F.,
 .F.)
B_SPLINE_CURVE_WITH_KNOTS((3,2,3),(-0.785398163397448,-0.392699081698724,
0.),.UNSPECIFIED.)
CURVE()
GEOMETRIC_REPRESENTATION_ITEM()
RATIONAL_B_SPLINE_CURVE((1.,0.707106781186548,1.,0.707106781186548,1.))
REPRESENTATION_ITEM('')
);
#4065=(
BOUNDED_CURVE()
B_SPLINE_CURVE(2,(#11376,#11377,#11378,#11379,#11380),.UNSPECIFIED.,.F.,
 .F.)
B_SPLINE_CURVE_WITH_KNOTS((3,2,3),(-0.785398163397448,-0.392699081698724,
0.),.UNSPECIFIED.)
CURVE()
GEOMETRIC_REPRESENTATION_ITEM()
RATIONAL_B_SPLINE_CURVE((1.,0.707106781186548,1.,0.707106781186548,1.))
REPRESENTATION_ITEM('')
);
#4066=(
BOUNDED_CURVE()
B_SPLINE_CURVE(2,(#11381,#11382,#11383,#11384,#11385),.UNSPECIFIED.,.F.,
 .F.)
B_SPLINE_CURVE_WITH_KNOTS((3,2,3),(0.,0.392699081698724,0.785398163397448),
 .UNSPECIFIED.)
CURVE()
GEOMETRIC_REPRESENTATION_ITEM()
RATIONAL_B_SPLINE_CURVE((1.,0.707106781186547,1.,0.707106781186547,1.))
REPRESENTATION_ITEM('')
);
#4067=(
BOUNDED_CURVE()
B_SPLINE_CURVE(2,(#11386,#11387,#11388,#11389,#11390),.UNSPECIFIED.,.F.,
 .F.)
B_SPLINE_CURVE_WITH_KNOTS((3,2,3),(0.,0.392699081698724,0.785398163397448),
 .UNSPECIFIED.)
CURVE()
GEOMETRIC_REPRESENTATION_ITEM()
RATIONAL_B_SPLINE_CURVE((1.,0.707106781186548,1.,0.707106781186548,1.))
REPRESENTATION_ITEM('')
);
#4068=(
BOUNDED_CURVE()
B_SPLINE_CURVE(2,(#11391,#11392,#11393,#11394,#11395),.UNSPECIFIED.,.F.,
 .F.)
B_SPLINE_CURVE_WITH_KNOTS((3,2,3),(0.,0.392699081698724,0.785398163397448),
 .UNSPECIFIED.)
CURVE()
GEOMETRIC_REPRESENTATION_ITEM()
RATIONAL_B_SPLINE_CURVE((1.,0.707106781186548,1.,0.707106781186548,1.))
REPRESENTATION_ITEM('')
);
#4069=(
BOUNDED_CURVE()
B_SPLINE_CURVE(2,(#11396,#11397,#11398,#11399,#11400),.UNSPECIFIED.,.F.,
 .F.)
B_SPLINE_CURVE_WITH_KNOTS((3,2,3),(0.,0.392699081698724,0.785398163397448),
 .UNSPECIFIED.)
CURVE()
GEOMETRIC_REPRESENTATION_ITEM()
RATIONAL_B_SPLINE_CURVE((1.,0.707106781186548,1.,0.707106781186548,1.))
REPRESENTATION_ITEM('')
);
#4070=(
BOUNDED_CURVE()
B_SPLINE_CURVE(2,(#11401,#11402,#11403,#11404,#11405),.UNSPECIFIED.,.F.,
 .F.)
B_SPLINE_CURVE_WITH_KNOTS((3,2,3),(-0.785398163397448,-0.392699081698724,
0.),.UNSPECIFIED.)
CURVE()
GEOMETRIC_REPRESENTATION_ITEM()
RATIONAL_B_SPLINE_CURVE((1.,0.707106781186548,1.,0.707106781186548,1.))
REPRESENTATION_ITEM('')
);
#4071=(
BOUNDED_CURVE()
B_SPLINE_CURVE(2,(#11406,#11407,#11408,#11409,#11410),.UNSPECIFIED.,.F.,
 .F.)
B_SPLINE_CURVE_WITH_KNOTS((3,2,3),(-0.785398163397448,-0.392699081698724,
0.),.UNSPECIFIED.)
CURVE()
GEOMETRIC_REPRESENTATION_ITEM()
RATIONAL_B_SPLINE_CURVE((1.,0.707106781186548,1.,0.707106781186548,1.))
REPRESENTATION_ITEM('')
);
#4072=(
BOUNDED_CURVE()
B_SPLINE_CURVE(2,(#11411,#11412,#11413,#11414,#11415),.UNSPECIFIED.,.F.,
 .F.)
B_SPLINE_CURVE_WITH_KNOTS((3,2,3),(-0.785398163397448,-0.392699081698724,
0.),.UNSPECIFIED.)
CURVE()
GEOMETRIC_REPRESENTATION_ITEM()
RATIONAL_B_SPLINE_CURVE((1.,0.707106781186548,1.,0.707106781186548,1.))
REPRESENTATION_ITEM('')
);
#4073=(
BOUNDED_CURVE()
B_SPLINE_CURVE(2,(#11416,#11417,#11418,#11419,#11420),.UNSPECIFIED.,.F.,
 .F.)
B_SPLINE_CURVE_WITH_KNOTS((3,2,3),(-0.785398163397448,-0.392699081698724,
0.),.UNSPECIFIED.)
CURVE()
GEOMETRIC_REPRESENTATION_ITEM()
RATIONAL_B_SPLINE_CURVE((1.,0.707106781186548,1.,0.707106781186548,1.))
REPRESENTATION_ITEM('')
);
#4074=(
BOUNDED_CURVE()
B_SPLINE_CURVE(2,(#11421,#11422,#11423),.UNSPECIFIED.,.F.,.F.)
B_SPLINE_CURVE_WITH_KNOTS((3,3),(-0.15707963267949,0.),.UNSPECIFIED.)
CURVE()
GEOMETRIC_REPRESENTATION_ITEM()
RATIONAL_B_SPLINE_CURVE((1.,0.707106781186554,1.))
REPRESENTATION_ITEM('')
);
#4075=(
BOUNDED_CURVE()
B_SPLINE_CURVE(2,(#11428,#11429,#11430),.UNSPECIFIED.,.F.,.F.)
B_SPLINE_CURVE_WITH_KNOTS((3,3),(-0.15707963267949,0.),.UNSPECIFIED.)
CURVE()
GEOMETRIC_REPRESENTATION_ITEM()
RATIONAL_B_SPLINE_CURVE((1.,0.707106781186548,1.))
REPRESENTATION_ITEM('')
);
#4076=(
BOUNDED_CURVE()
B_SPLINE_CURVE(2,(#11433,#11434,#11435,#11436,#11437),.UNSPECIFIED.,.F.,
 .F.)
B_SPLINE_CURVE_WITH_KNOTS((3,2,3),(0.0139266486645905,0.406625730363315,
0.799324812062039),.UNSPECIFIED.)
CURVE()
GEOMETRIC_REPRESENTATION_ITEM()
RATIONAL_B_SPLINE_CURVE((1.,0.707106781186548,1.,0.707106781186548,1.))
REPRESENTATION_ITEM('')
);
#4077=(
BOUNDED_CURVE()
B_SPLINE_CURVE(2,(#11446,#11447,#11448,#11449,#11450),.UNSPECIFIED.,.F.,
 .F.)
B_SPLINE_CURVE_WITH_KNOTS((3,2,3),(0.0139266486645905,0.406625730363315,
0.799324812062039),.UNSPECIFIED.)
CURVE()
GEOMETRIC_REPRESENTATION_ITEM()
RATIONAL_B_SPLINE_CURVE((1.,0.707106781186548,1.,0.707106781186548,1.))
REPRESENTATION_ITEM('')
);
#4078=(
BOUNDED_CURVE()
B_SPLINE_CURVE(2,(#11453,#11454,#11455),.UNSPECIFIED.,.F.,.F.)
B_SPLINE_CURVE_WITH_KNOTS((3,3),(0.,0.15707963267949),.UNSPECIFIED.)
CURVE()
GEOMETRIC_REPRESENTATION_ITEM()
RATIONAL_B_SPLINE_CURVE((1.,0.707106781186551,1.))
REPRESENTATION_ITEM('')
);
#4079=(
BOUNDED_CURVE()
B_SPLINE_CURVE(2,(#11458,#11459,#11460,#11461,#11462),.UNSPECIFIED.,.F.,
 .F.)
B_SPLINE_CURVE_WITH_KNOTS((3,2,3),(0.0131170904265059,0.327276355785485,
0.641435621144464),.UNSPECIFIED.)
CURVE()
GEOMETRIC_REPRESENTATION_ITEM()
RATIONAL_B_SPLINE_CURVE((1.,0.707106781186547,1.,0.707106781186547,1.))
REPRESENTATION_ITEM('')
);
#4080=(
BOUNDED_CURVE()
B_SPLINE_CURVE(2,(#11465,#11466,#11467),.UNSPECIFIED.,.F.,.F.)
B_SPLINE_CURVE_WITH_KNOTS((3,3),(0.,0.15707963267949),.UNSPECIFIED.)
CURVE()
GEOMETRIC_REPRESENTATION_ITEM()
RATIONAL_B_SPLINE_CURVE((1.,0.707106781186546,1.))
REPRESENTATION_ITEM('')
);
#4081=(
BOUNDED_CURVE()
B_SPLINE_CURVE(2,(#11470,#11471,#11472,#11473,#11474),.UNSPECIFIED.,.F.,
 .F.)
B_SPLINE_CURVE_WITH_KNOTS((3,2,3),(-0.628318530717959,-0.314159265358979,
0.),.UNSPECIFIED.)
CURVE()
GEOMETRIC_REPRESENTATION_ITEM()
RATIONAL_B_SPLINE_CURVE((1.,0.707106781186547,1.,0.707106781186547,1.))
REPRESENTATION_ITEM('')
);
#4082=(
BOUNDED_CURVE()
B_SPLINE_CURVE(2,(#11477,#11478,#11479),.UNSPECIFIED.,.F.,.F.)
B_SPLINE_CURVE_WITH_KNOTS((3,3),(0.,0.15707963267949),.UNSPECIFIED.)
CURVE()
GEOMETRIC_REPRESENTATION_ITEM()
RATIONAL_B_SPLINE_CURVE((1.,0.707106781186548,1.))
REPRESENTATION_ITEM('')
);
#4083=(
BOUNDED_CURVE()
B_SPLINE_CURVE(2,(#11482,#11483,#11484,#11485,#11486),.UNSPECIFIED.,.F.,
 .F.)
B_SPLINE_CURVE_WITH_KNOTS((3,2,3),(0.0131170904265059,0.327276355785485,
0.641435621144464),.UNSPECIFIED.)
CURVE()
GEOMETRIC_REPRESENTATION_ITEM()
RATIONAL_B_SPLINE_CURVE((1.,0.707106781186548,1.,0.707106781186548,1.))
REPRESENTATION_ITEM('')
);
#4084=(
BOUNDED_CURVE()
B_SPLINE_CURVE(2,(#11489,#11490,#11491),.UNSPECIFIED.,.F.,.F.)
B_SPLINE_CURVE_WITH_KNOTS((3,3),(0.,0.15707963267949),.UNSPECIFIED.)
CURVE()
GEOMETRIC_REPRESENTATION_ITEM()
RATIONAL_B_SPLINE_CURVE((1.,0.707106781186548,1.))
REPRESENTATION_ITEM('')
);
#4085=(
BOUNDED_CURVE()
B_SPLINE_CURVE(2,(#11494,#11495,#11496,#11497,#11498),.UNSPECIFIED.,.F.,
 .F.)
B_SPLINE_CURVE_WITH_KNOTS((3,2,3),(-0.628318530717959,-0.314159265358979,
0.),.UNSPECIFIED.)
CURVE()
GEOMETRIC_REPRESENTATION_ITEM()
RATIONAL_B_SPLINE_CURVE((1.,0.707106781186548,1.,0.707106781186548,1.))
REPRESENTATION_ITEM('')
);
#4086=(
BOUNDED_CURVE()
B_SPLINE_CURVE(2,(#11503,#11504,#11505,#11506,#11507),.UNSPECIFIED.,.F.,
 .F.)
B_SPLINE_CURVE_WITH_KNOTS((3,2,3),(0.0131170904265059,0.327276355785485,
0.641435621144464),.UNSPECIFIED.)
CURVE()
GEOMETRIC_REPRESENTATION_ITEM()
RATIONAL_B_SPLINE_CURVE((1.,0.707106781186548,1.,0.707106781186548,1.))
REPRESENTATION_ITEM('')
);
#4087=(
BOUNDED_CURVE()
B_SPLINE_CURVE(2,(#11512,#11513,#11514,#11515,#11516),.UNSPECIFIED.,.F.,
 .F.)
B_SPLINE_CURVE_WITH_KNOTS((3,2,3),(-0.628318530717959,-0.314159265358979,
0.),.UNSPECIFIED.)
CURVE()
GEOMETRIC_REPRESENTATION_ITEM()
RATIONAL_B_SPLINE_CURVE((1.,0.707106781186548,1.,0.707106781186548,1.))
REPRESENTATION_ITEM('')
);
#4088=(
BOUNDED_CURVE()
B_SPLINE_CURVE(2,(#11519,#11520,#11521,#11522,#11523),.UNSPECIFIED.,.F.,
 .F.)
B_SPLINE_CURVE_WITH_KNOTS((3,2,3),(-0.628318530717959,-0.314159265358979,
0.),.UNSPECIFIED.)
CURVE()
GEOMETRIC_REPRESENTATION_ITEM()
RATIONAL_B_SPLINE_CURVE((1.,0.707106781186548,1.,0.707106781186548,1.))
REPRESENTATION_ITEM('')
);
#4089=(
BOUNDED_CURVE()
B_SPLINE_CURVE(2,(#11524,#11525,#11526,#11527,#11528),.UNSPECIFIED.,.F.,
 .F.)
B_SPLINE_CURVE_WITH_KNOTS((3,2,3),(0.,0.314159265358979,0.628318530717959),
 .UNSPECIFIED.)
CURVE()
GEOMETRIC_REPRESENTATION_ITEM()
RATIONAL_B_SPLINE_CURVE((1.,0.707106781186548,1.,0.707106781186548,1.))
REPRESENTATION_ITEM('')
);
#4090=(
BOUNDED_CURVE()
B_SPLINE_CURVE(2,(#11529,#11530,#11531,#11532,#11533),.UNSPECIFIED.,.F.,
 .F.)
B_SPLINE_CURVE_WITH_KNOTS((3,2,3),(0.,0.314159265358979,0.628318530717959),
 .UNSPECIFIED.)
CURVE()
GEOMETRIC_REPRESENTATION_ITEM()
RATIONAL_B_SPLINE_CURVE((1.,0.707106781186548,1.,0.707106781186548,1.))
REPRESENTATION_ITEM('')
);
#4091=(
BOUNDED_CURVE()
B_SPLINE_CURVE(2,(#11534,#11535,#11536,#11537,#11538),.UNSPECIFIED.,.F.,
 .F.)
B_SPLINE_CURVE_WITH_KNOTS((3,2,3),(-0.628318530717959,-0.314159265358979,
0.),.UNSPECIFIED.)
CURVE()
GEOMETRIC_REPRESENTATION_ITEM()
RATIONAL_B_SPLINE_CURVE((1.,0.707106781186548,1.,0.707106781186548,1.))
REPRESENTATION_ITEM('')
);
#4092=(
BOUNDED_CURVE()
B_SPLINE_CURVE(2,(#11539,#11540,#11541,#11542,#11543),.UNSPECIFIED.,.F.,
 .F.)
B_SPLINE_CURVE_WITH_KNOTS((3,2,3),(-0.628318530717959,-0.314159265358979,
0.),.UNSPECIFIED.)
CURVE()
GEOMETRIC_REPRESENTATION_ITEM()
RATIONAL_B_SPLINE_CURVE((1.,0.707106781186548,1.,0.707106781186548,1.))
REPRESENTATION_ITEM('')
);
#4093=(
BOUNDED_CURVE()
B_SPLINE_CURVE(2,(#11546,#11547,#11548,#11549,#11550),.UNSPECIFIED.,.F.,
 .F.)
B_SPLINE_CURVE_WITH_KNOTS((3,2,3),(0.0131170904265059,0.327276355785485,
0.641435621144464),.UNSPECIFIED.)
CURVE()
GEOMETRIC_REPRESENTATION_ITEM()
RATIONAL_B_SPLINE_CURVE((1.,0.707106781186548,1.,0.707106781186548,1.))
REPRESENTATION_ITEM('')
);
#4094=(
BOUNDED_CURVE()
B_SPLINE_CURVE(2,(#11561,#11562,#11563),.UNSPECIFIED.,.F.,.F.)
B_SPLINE_CURVE_WITH_KNOTS((3,3),(-3.14159265358979,0.),.UNSPECIFIED.)
CURVE()
GEOMETRIC_REPRESENTATION_ITEM()
RATIONAL_B_SPLINE_CURVE((1.,0.707106781186548,1.))
REPRESENTATION_ITEM('')
);
#4095=(
BOUNDED_CURVE()
B_SPLINE_CURVE(2,(#11570,#11571,#11572),.UNSPECIFIED.,.F.,.F.)
B_SPLINE_CURVE_WITH_KNOTS((3,3),(-0.633051836389907,0.),.UNSPECIFIED.)
CURVE()
GEOMETRIC_REPRESENTATION_ITEM()
RATIONAL_B_SPLINE_CURVE((1.,0.806225774830167,1.))
REPRESENTATION_ITEM('')
);
#4096=(
BOUNDED_CURVE()
B_SPLINE_CURVE(2,(#11573,#11574,#11575),.UNSPECIFIED.,.F.,.F.)
B_SPLINE_CURVE_WITH_KNOTS((3,3),(0.,2.78542808011481),.UNSPECIFIED.)
CURVE()
GEOMETRIC_REPRESENTATION_ITEM()
RATIONAL_B_SPLINE_CURVE((1.,0.806225774829864,1.))
REPRESENTATION_ITEM('')
);
#4097=(
BOUNDED_CURVE()
B_SPLINE_CURVE(2,(#11576,#11577,#11578),.UNSPECIFIED.,.F.,.F.)
B_SPLINE_CURVE_WITH_KNOTS((3,3),(0.,2.78542808011481),.UNSPECIFIED.)
CURVE()
GEOMETRIC_REPRESENTATION_ITEM()
RATIONAL_B_SPLINE_CURVE((1.,0.806225774829818,1.))
REPRESENTATION_ITEM('')
);
#4098=(
BOUNDED_CURVE()
B_SPLINE_CURVE(2,(#11581,#11582,#11583),.UNSPECIFIED.,.F.,.F.)
B_SPLINE_CURVE_WITH_KNOTS((3,3),(-0.785398163397448,0.),.UNSPECIFIED.)
CURVE()
GEOMETRIC_REPRESENTATION_ITEM()
RATIONAL_B_SPLINE_CURVE((1.,0.707106781186548,1.))
REPRESENTATION_ITEM('')
);
#4099=(
BOUNDED_CURVE()
B_SPLINE_CURVE(2,(#11588,#11589,#11590,#11591,#11592),.UNSPECIFIED.,.F.,
 .F.)
B_SPLINE_CURVE_WITH_KNOTS((3,2,3),(0.0131170904265059,0.327276355785485,
0.641435621144464),.UNSPECIFIED.)
CURVE()
GEOMETRIC_REPRESENTATION_ITEM()
RATIONAL_B_SPLINE_CURVE((1.,0.707106781186548,1.,0.707106781186548,1.))
REPRESENTATION_ITEM('')
);
#4100=(
BOUNDED_CURVE()
B_SPLINE_CURVE(2,(#11593,#11594,#11595,#11596,#11597),.UNSPECIFIED.,.F.,
 .F.)
B_SPLINE_CURVE_WITH_KNOTS((3,2,3),(0.0131170904265059,0.327276355785485,
0.641435621144464),.UNSPECIFIED.)
CURVE()
GEOMETRIC_REPRESENTATION_ITEM()
RATIONAL_B_SPLINE_CURVE((1.,0.707106781186548,1.,0.707106781186548,1.))
REPRESENTATION_ITEM('')
);
#4101=(
BOUNDED_CURVE()
B_SPLINE_CURVE(2,(#11598,#11599,#11600,#11601,#11602),.UNSPECIFIED.,.F.,
 .F.)
B_SPLINE_CURVE_WITH_KNOTS((3,2,3),(0.0139266486645905,0.406625730363315,
0.799324812062039),.UNSPECIFIED.)
CURVE()
GEOMETRIC_REPRESENTATION_ITEM()
RATIONAL_B_SPLINE_CURVE((1.,0.707106781186548,1.,0.707106781186548,1.))
REPRESENTATION_ITEM('')
);
#4102=(
BOUNDED_CURVE()
B_SPLINE_CURVE(2,(#11603,#11604,#11605,#11606,#11607),.UNSPECIFIED.,.F.,
 .F.)
B_SPLINE_CURVE_WITH_KNOTS((3,2,3),(0.0139266486645905,0.406625730363315,
0.799324812062039),.UNSPECIFIED.)
CURVE()
GEOMETRIC_REPRESENTATION_ITEM()
RATIONAL_B_SPLINE_CURVE((1.,0.707106781186548,1.,0.707106781186548,1.))
REPRESENTATION_ITEM('')
);
#4103=(
BOUNDED_CURVE()
B_SPLINE_CURVE(2,(#11608,#11609,#11610,#11611,#11612),.UNSPECIFIED.,.F.,
 .F.)
B_SPLINE_CURVE_WITH_KNOTS((3,2,3),(0.0139266486645903,0.406625730363315,
0.799324812062039),.UNSPECIFIED.)
CURVE()
GEOMETRIC_REPRESENTATION_ITEM()
RATIONAL_B_SPLINE_CURVE((1.,0.707106781186548,1.,0.707106781186548,1.))
REPRESENTATION_ITEM('')
);
#4104=(
BOUNDED_CURVE()
B_SPLINE_CURVE(2,(#11613,#11614,#11615,#11616,#11617),.UNSPECIFIED.,.F.,
 .F.)
B_SPLINE_CURVE_WITH_KNOTS((3,2,3),(0.0139266486645903,0.406625730363315,
0.799324812062039),.UNSPECIFIED.)
CURVE()
GEOMETRIC_REPRESENTATION_ITEM()
RATIONAL_B_SPLINE_CURVE((1.,0.707106781186548,1.,0.707106781186548,1.))
REPRESENTATION_ITEM('')
);
#4105=(
BOUNDED_CURVE()
B_SPLINE_CURVE(2,(#11618,#11619,#11620,#11621,#11622),.UNSPECIFIED.,.F.,
 .F.)
B_SPLINE_CURVE_WITH_KNOTS((3,2,3),(0.0139266486645901,0.406625730363314,
0.799324812062038),.UNSPECIFIED.)
CURVE()
GEOMETRIC_REPRESENTATION_ITEM()
RATIONAL_B_SPLINE_CURVE((1.,0.707106781186548,1.,0.707106781186548,1.))
REPRESENTATION_ITEM('')
);
#4106=(
BOUNDED_CURVE()
B_SPLINE_CURVE(2,(#11623,#11624,#11625,#11626,#11627),.UNSPECIFIED.,.F.,
 .F.)
B_SPLINE_CURVE_WITH_KNOTS((3,2,3),(0.0139266486645901,0.406625730363314,
0.799324812062038),.UNSPECIFIED.)
CURVE()
GEOMETRIC_REPRESENTATION_ITEM()
RATIONAL_B_SPLINE_CURVE((1.,0.707106781186548,1.,0.707106781186548,1.))
REPRESENTATION_ITEM('')
);
#4107=(
BOUNDED_CURVE()
B_SPLINE_CURVE(2,(#11628,#11629,#11630,#11631,#11632),.UNSPECIFIED.,.F.,
 .F.)
B_SPLINE_CURVE_WITH_KNOTS((3,2,3),(0.0139266486645898,0.406625730363314,
0.799324812062037),.UNSPECIFIED.)
CURVE()
GEOMETRIC_REPRESENTATION_ITEM()
RATIONAL_B_SPLINE_CURVE((1.,0.707106781186548,1.,0.707106781186548,1.))
REPRESENTATION_ITEM('')
);
#4108=(
BOUNDED_CURVE()
B_SPLINE_CURVE(2,(#11633,#11634,#11635,#11636,#11637),.UNSPECIFIED.,.F.,
 .F.)
B_SPLINE_CURVE_WITH_KNOTS((3,2,3),(0.0139266486645898,0.406625730363314,
0.799324812062037),.UNSPECIFIED.)
CURVE()
GEOMETRIC_REPRESENTATION_ITEM()
RATIONAL_B_SPLINE_CURVE((1.,0.707106781186548,1.,0.707106781186548,1.))
REPRESENTATION_ITEM('')
);
#4109=(
BOUNDED_CURVE()
B_SPLINE_CURVE(2,(#11638,#11639,#11640,#11641,#11642),.UNSPECIFIED.,.F.,
 .F.)
B_SPLINE_CURVE_WITH_KNOTS((3,2,3),(0.,2.2776546738526,4.5553093477052),
 .UNSPECIFIED.)
CURVE()
GEOMETRIC_REPRESENTATION_ITEM()
RATIONAL_B_SPLINE_CURVE((1.,0.707106781186548,1.,0.707106781186548,1.))
REPRESENTATION_ITEM('')
);
#4110=(
BOUNDED_CURVE()
B_SPLINE_CURVE(2,(#11643,#11644,#11645,#11646,#11647),.UNSPECIFIED.,.F.,
 .F.)
B_SPLINE_CURVE_WITH_KNOTS((3,2,3),(0.,2.2776546738526,4.5553093477052),
 .UNSPECIFIED.)
CURVE()
GEOMETRIC_REPRESENTATION_ITEM()
RATIONAL_B_SPLINE_CURVE((1.,0.707106781186548,1.,0.707106781186548,1.))
REPRESENTATION_ITEM('')
);
#4111=(
BOUNDED_CURVE()
B_SPLINE_CURVE(2,(#11648,#11649,#11650,#11651,#11652),.UNSPECIFIED.,.F.,
 .F.)
B_SPLINE_CURVE_WITH_KNOTS((3,2,3),(0.,2.2776546738526,4.5553093477052),
 .UNSPECIFIED.)
CURVE()
GEOMETRIC_REPRESENTATION_ITEM()
RATIONAL_B_SPLINE_CURVE((1.,0.707106781186548,1.,0.707106781186548,1.))
REPRESENTATION_ITEM('')
);
#4112=(
BOUNDED_CURVE()
B_SPLINE_CURVE(2,(#11653,#11654,#11655,#11656,#11657),.UNSPECIFIED.,.F.,
 .F.)
B_SPLINE_CURVE_WITH_KNOTS((3,2,3),(0.,2.2776546738526,4.5553093477052),
 .UNSPECIFIED.)
CURVE()
GEOMETRIC_REPRESENTATION_ITEM()
RATIONAL_B_SPLINE_CURVE((1.,0.707106781186548,1.,0.707106781186548,1.))
REPRESENTATION_ITEM('')
);
#4113=(
BOUNDED_CURVE()
B_SPLINE_CURVE(2,(#11658,#11659,#11660,#11661,#11662),.UNSPECIFIED.,.F.,
 .F.)
B_SPLINE_CURVE_WITH_KNOTS((3,2,3),(0.0131170904265059,0.327276355785485,
0.641435621144464),.UNSPECIFIED.)
CURVE()
GEOMETRIC_REPRESENTATION_ITEM()
RATIONAL_B_SPLINE_CURVE((1.,0.707106781186548,1.,0.707106781186548,1.))
REPRESENTATION_ITEM('')
);
#4114=(
BOUNDED_CURVE()
B_SPLINE_CURVE(2,(#11663,#11664,#11665,#11666,#11667),.UNSPECIFIED.,.F.,
 .F.)
B_SPLINE_CURVE_WITH_KNOTS((3,2,3),(0.0131170904265059,0.327276355785485,
0.641435621144464),.UNSPECIFIED.)
CURVE()
GEOMETRIC_REPRESENTATION_ITEM()
RATIONAL_B_SPLINE_CURVE((1.,0.707106781186548,1.,0.707106781186548,1.))
REPRESENTATION_ITEM('')
);
#4115=(
BOUNDED_CURVE()
B_SPLINE_CURVE(2,(#11696,#11697,#11698),.UNSPECIFIED.,.F.,.F.)
B_SPLINE_CURVE_WITH_KNOTS((3,3),(0.,0.314159265358979),.UNSPECIFIED.)
CURVE()
GEOMETRIC_REPRESENTATION_ITEM()
RATIONAL_B_SPLINE_CURVE((1.,0.707106781186548,1.))
REPRESENTATION_ITEM('')
);
#4116=(
BOUNDED_CURVE()
B_SPLINE_CURVE(2,(#11701,#11702,#11703),.UNSPECIFIED.,.F.,.F.)
B_SPLINE_CURVE_WITH_KNOTS((3,3),(0.,0.314159265358979),.UNSPECIFIED.)
CURVE()
GEOMETRIC_REPRESENTATION_ITEM()
RATIONAL_B_SPLINE_CURVE((1.,0.707106781186548,1.))
REPRESENTATION_ITEM('')
);
#4117=(
BOUNDED_CURVE()
B_SPLINE_CURVE(2,(#11722,#11723,#11724),.UNSPECIFIED.,.F.,.F.)
B_SPLINE_CURVE_WITH_KNOTS((3,3),(0.,0.314159265358979),.UNSPECIFIED.)
CURVE()
GEOMETRIC_REPRESENTATION_ITEM()
RATIONAL_B_SPLINE_CURVE((1.,0.707106781186547,1.))
REPRESENTATION_ITEM('')
);
#4118=(
BOUNDED_CURVE()
B_SPLINE_CURVE(2,(#11741,#11742,#11743),.UNSPECIFIED.,.F.,.F.)
B_SPLINE_CURVE_WITH_KNOTS((3,3),(0.,0.314159265358979),.UNSPECIFIED.)
CURVE()
GEOMETRIC_REPRESENTATION_ITEM()
RATIONAL_B_SPLINE_CURVE((1.,0.707106781186547,1.))
REPRESENTATION_ITEM('')
);
#4119=(
BOUNDED_CURVE()
B_SPLINE_CURVE(2,(#11990,#11991,#11992),.UNSPECIFIED.,.F.,.F.)
B_SPLINE_CURVE_WITH_KNOTS((3,3),(0.,0.314159265358979),.UNSPECIFIED.)
CURVE()
GEOMETRIC_REPRESENTATION_ITEM()
RATIONAL_B_SPLINE_CURVE((1.,0.70710678118655,1.))
REPRESENTATION_ITEM('')
);
#4120=(
BOUNDED_CURVE()
B_SPLINE_CURVE(2,(#11993,#11994,#11995),.UNSPECIFIED.,.F.,.F.)
B_SPLINE_CURVE_WITH_KNOTS((3,3),(0.,0.314159265358979),.UNSPECIFIED.)
CURVE()
GEOMETRIC_REPRESENTATION_ITEM()
RATIONAL_B_SPLINE_CURVE((1.,0.707107019605075,1.))
REPRESENTATION_ITEM('')
);
#4121=(
BOUNDED_CURVE()
B_SPLINE_CURVE(2,(#12004,#12005,#12006),.UNSPECIFIED.,.F.,.F.)
B_SPLINE_CURVE_WITH_KNOTS((3,3),(-0.314159265358979,0.),.UNSPECIFIED.)
CURVE()
GEOMETRIC_REPRESENTATION_ITEM()
RATIONAL_B_SPLINE_CURVE((1.,0.707106781186544,1.))
REPRESENTATION_ITEM('')
);
#4122=(
BOUNDED_CURVE()
B_SPLINE_CURVE(2,(#12007,#12008,#12009),.UNSPECIFIED.,.F.,.F.)
B_SPLINE_CURVE_WITH_KNOTS((3,3),(-0.314159265358979,0.),.UNSPECIFIED.)
CURVE()
GEOMETRIC_REPRESENTATION_ITEM()
RATIONAL_B_SPLINE_CURVE((1.,0.707106900395835,1.))
REPRESENTATION_ITEM('')
);
#4123=(
BOUNDED_CURVE()
B_SPLINE_CURVE(2,(#12062,#12063,#12064),.UNSPECIFIED.,.F.,.F.)
B_SPLINE_CURVE_WITH_KNOTS((3,3),(0.,2.78542808011481),.UNSPECIFIED.)
CURVE()
GEOMETRIC_REPRESENTATION_ITEM()
RATIONAL_B_SPLINE_CURVE((1.,0.806225774829878,1.))
REPRESENTATION_ITEM('')
);
#4124=(
BOUNDED_CURVE()
B_SPLINE_CURVE(2,(#13239,#13240,#13241),.UNSPECIFIED.,.F.,.F.)
B_SPLINE_CURVE_WITH_KNOTS((3,3),(0.,0.231774928849636),.UNSPECIFIED.)
CURVE()
GEOMETRIC_REPRESENTATION_ITEM()
RATIONAL_B_SPLINE_CURVE((1.,0.716110092257964,1.))
REPRESENTATION_ITEM('')
);
#4125=(
BOUNDED_CURVE()
B_SPLINE_CURVE(2,(#13242,#13243,#13244),.UNSPECIFIED.,.F.,.F.)
B_SPLINE_CURVE_WITH_KNOTS((3,3),(0.,0.231774928849636),.UNSPECIFIED.)
CURVE()
GEOMETRIC_REPRESENTATION_ITEM()
RATIONAL_B_SPLINE_CURVE((1.,0.716110208412229,1.))
REPRESENTATION_ITEM('')
);
#4126=(
BOUNDED_CURVE()
B_SPLINE_CURVE(2,(#13257,#13258,#13259),.UNSPECIFIED.,.F.,.F.)
B_SPLINE_CURVE_WITH_KNOTS((3,3),(0.,0.471238898038469),.UNSPECIFIED.)
CURVE()
GEOMETRIC_REPRESENTATION_ITEM()
RATIONAL_B_SPLINE_CURVE((1.,0.707106781186546,1.))
REPRESENTATION_ITEM('')
);
#4127=(
BOUNDED_CURVE()
B_SPLINE_CURVE(2,(#13260,#13261,#13262),.UNSPECIFIED.,.F.,.F.)
B_SPLINE_CURVE_WITH_KNOTS((3,3),(0.,0.471238898038469),.UNSPECIFIED.)
CURVE()
GEOMETRIC_REPRESENTATION_ITEM()
RATIONAL_B_SPLINE_CURVE((1.,0.707106781186546,1.))
REPRESENTATION_ITEM('')
);
#4128=(
BOUNDED_CURVE()
B_SPLINE_CURVE(2,(#13283,#13284,#13285),.UNSPECIFIED.,.F.,.F.)
B_SPLINE_CURVE_WITH_KNOTS((3,3),(0.,0.314159265358979),.UNSPECIFIED.)
CURVE()
GEOMETRIC_REPRESENTATION_ITEM()
RATIONAL_B_SPLINE_CURVE((1.,0.707106781186547,1.))
REPRESENTATION_ITEM('')
);
#4129=(
BOUNDED_CURVE()
B_SPLINE_CURVE(2,(#13286,#13287,#13288),.UNSPECIFIED.,.F.,.F.)
B_SPLINE_CURVE_WITH_KNOTS((3,3),(0.,0.314159265358979),.UNSPECIFIED.)
CURVE()
GEOMETRIC_REPRESENTATION_ITEM()
RATIONAL_B_SPLINE_CURVE((1.,0.707106781186548,1.))
REPRESENTATION_ITEM('')
);
#4130=(
BOUNDED_CURVE()
B_SPLINE_CURVE(2,(#13301,#13302,#13303),.UNSPECIFIED.,.F.,.F.)
B_SPLINE_CURVE_WITH_KNOTS((3,3),(0.,0.314159265358979),.UNSPECIFIED.)
CURVE()
GEOMETRIC_REPRESENTATION_ITEM()
RATIONAL_B_SPLINE_CURVE((1.,0.707106781186547,1.))
REPRESENTATION_ITEM('')
);
#4131=(
BOUNDED_CURVE()
B_SPLINE_CURVE(2,(#13304,#13305,#13306),.UNSPECIFIED.,.F.,.F.)
B_SPLINE_CURVE_WITH_KNOTS((3,3),(0.,0.314159265358979),.UNSPECIFIED.)
CURVE()
GEOMETRIC_REPRESENTATION_ITEM()
RATIONAL_B_SPLINE_CURVE((1.,0.707106781186547,1.))
REPRESENTATION_ITEM('')
);
#4132=(
BOUNDED_CURVE()
B_SPLINE_CURVE(2,(#13311,#13312,#13313),.UNSPECIFIED.,.F.,.F.)
B_SPLINE_CURVE_WITH_KNOTS((3,3),(0.,0.235619449019234),.UNSPECIFIED.)
CURVE()
GEOMETRIC_REPRESENTATION_ITEM()
RATIONAL_B_SPLINE_CURVE((1.,0.707106781186547,1.))
REPRESENTATION_ITEM('')
);
#4133=(
BOUNDED_CURVE()
B_SPLINE_CURVE(2,(#13314,#13315,#13316),.UNSPECIFIED.,.F.,.F.)
B_SPLINE_CURVE_WITH_KNOTS((3,3),(0.,0.235619449019234),.UNSPECIFIED.)
CURVE()
GEOMETRIC_REPRESENTATION_ITEM()
RATIONAL_B_SPLINE_CURVE((1.,0.707106781186548,1.))
REPRESENTATION_ITEM('')
);
#4134=(
BOUNDED_CURVE()
B_SPLINE_CURVE(2,(#13329,#13330,#13331),.UNSPECIFIED.,.F.,.F.)
B_SPLINE_CURVE_WITH_KNOTS((3,3),(0.,0.235619449019234),.UNSPECIFIED.)
CURVE()
GEOMETRIC_REPRESENTATION_ITEM()
RATIONAL_B_SPLINE_CURVE((1.,0.707106781186549,1.))
REPRESENTATION_ITEM('')
);
#4135=(
BOUNDED_CURVE()
B_SPLINE_CURVE(2,(#13332,#13333,#13334),.UNSPECIFIED.,.F.,.F.)
B_SPLINE_CURVE_WITH_KNOTS((3,3),(0.,0.235619449019234),.UNSPECIFIED.)
CURVE()
GEOMETRIC_REPRESENTATION_ITEM()
RATIONAL_B_SPLINE_CURVE((1.,0.707106781186548,1.))
REPRESENTATION_ITEM('')
);
#4136=(
BOUNDED_CURVE()
B_SPLINE_CURVE(2,(#13339,#13340,#13341),.UNSPECIFIED.,.F.,.F.)
B_SPLINE_CURVE_WITH_KNOTS((3,3),(0.,0.471238898038469),.UNSPECIFIED.)
CURVE()
GEOMETRIC_REPRESENTATION_ITEM()
RATIONAL_B_SPLINE_CURVE((1.,0.707106781186546,1.))
REPRESENTATION_ITEM('')
);
#4137=(
BOUNDED_CURVE()
B_SPLINE_CURVE(2,(#13342,#13343,#13344),.UNSPECIFIED.,.F.,.F.)
B_SPLINE_CURVE_WITH_KNOTS((3,3),(0.,0.471238898038469),.UNSPECIFIED.)
CURVE()
GEOMETRIC_REPRESENTATION_ITEM()
RATIONAL_B_SPLINE_CURVE((1.,0.707106781186548,1.))
REPRESENTATION_ITEM('')
);
#4138=(
BOUNDED_CURVE()
B_SPLINE_CURVE(2,(#13357,#13358,#13359),.UNSPECIFIED.,.F.,.F.)
B_SPLINE_CURVE_WITH_KNOTS((3,3),(0.,0.231774928849636),.UNSPECIFIED.)
CURVE()
GEOMETRIC_REPRESENTATION_ITEM()
RATIONAL_B_SPLINE_CURVE((1.,0.716110092257965,1.))
REPRESENTATION_ITEM('')
);
#4139=(
BOUNDED_CURVE()
B_SPLINE_CURVE(2,(#13360,#13361,#13362),.UNSPECIFIED.,.F.,.F.)
B_SPLINE_CURVE_WITH_KNOTS((3,3),(0.,0.231774928849636),.UNSPECIFIED.)
CURVE()
GEOMETRIC_REPRESENTATION_ITEM()
RATIONAL_B_SPLINE_CURVE((1.,0.716110092257957,1.))
REPRESENTATION_ITEM('')
);
#4140=(
BOUNDED_CURVE()
B_SPLINE_CURVE(2,(#13383,#13384,#13385),.UNSPECIFIED.,.F.,.F.)
B_SPLINE_CURVE_WITH_KNOTS((3,3),(0.,0.314159265358979),.UNSPECIFIED.)
CURVE()
GEOMETRIC_REPRESENTATION_ITEM()
RATIONAL_B_SPLINE_CURVE((1.,0.707106781186548,1.))
REPRESENTATION_ITEM('')
);
#4141=(
BOUNDED_CURVE()
B_SPLINE_CURVE(2,(#13386,#13387,#13388),.UNSPECIFIED.,.F.,.F.)
B_SPLINE_CURVE_WITH_KNOTS((3,3),(0.,0.314159265358979),.UNSPECIFIED.)
CURVE()
GEOMETRIC_REPRESENTATION_ITEM()
RATIONAL_B_SPLINE_CURVE((1.,0.707106781186547,1.))
REPRESENTATION_ITEM('')
);
#4142=(
BOUNDED_CURVE()
B_SPLINE_CURVE(2,(#13409,#13410,#13411),.UNSPECIFIED.,.F.,.F.)
B_SPLINE_CURVE_WITH_KNOTS((3,3),(0.,0.471238898038469),.UNSPECIFIED.)
CURVE()
GEOMETRIC_REPRESENTATION_ITEM()
RATIONAL_B_SPLINE_CURVE((1.,0.707106781186547,1.))
REPRESENTATION_ITEM('')
);
#4143=(
BOUNDED_CURVE()
B_SPLINE_CURVE(2,(#13412,#13413,#13414),.UNSPECIFIED.,.F.,.F.)
B_SPLINE_CURVE_WITH_KNOTS((3,3),(0.,0.471238898038469),.UNSPECIFIED.)
CURVE()
GEOMETRIC_REPRESENTATION_ITEM()
RATIONAL_B_SPLINE_CURVE((1.,0.707106781186548,1.))
REPRESENTATION_ITEM('')
);
#4144=(
BOUNDED_CURVE()
B_SPLINE_CURVE(2,(#13427,#13428,#13429),.UNSPECIFIED.,.F.,.F.)
B_SPLINE_CURVE_WITH_KNOTS((3,3),(0.,0.231774928849616),.UNSPECIFIED.)
CURVE()
GEOMETRIC_REPRESENTATION_ITEM()
RATIONAL_B_SPLINE_CURVE((1.,0.716110092257998,1.))
REPRESENTATION_ITEM('')
);
#4145=(
BOUNDED_CURVE()
B_SPLINE_CURVE(2,(#13430,#13431,#13432),.UNSPECIFIED.,.F.,.F.)
B_SPLINE_CURVE_WITH_KNOTS((3,3),(0.,0.231774928849616),.UNSPECIFIED.)
CURVE()
GEOMETRIC_REPRESENTATION_ITEM()
RATIONAL_B_SPLINE_CURVE((1.,0.716110092258004,1.))
REPRESENTATION_ITEM('')
);
#4146=(
BOUNDED_CURVE()
B_SPLINE_CURVE(2,(#13461,#13462,#13463),.UNSPECIFIED.,.F.,.F.)
B_SPLINE_CURVE_WITH_KNOTS((3,3),(0.,0.231774928849616),.UNSPECIFIED.)
CURVE()
GEOMETRIC_REPRESENTATION_ITEM()
RATIONAL_B_SPLINE_CURVE((1.,0.716110092257998,1.))
REPRESENTATION_ITEM('')
);
#4147=(
BOUNDED_CURVE()
B_SPLINE_CURVE(2,(#13464,#13465,#13466),.UNSPECIFIED.,.F.,.F.)
B_SPLINE_CURVE_WITH_KNOTS((3,3),(0.,0.231774928849616),.UNSPECIFIED.)
CURVE()
GEOMETRIC_REPRESENTATION_ITEM()
RATIONAL_B_SPLINE_CURVE((1.,0.716110208412276,1.))
REPRESENTATION_ITEM('')
);
#4148=(
BOUNDED_CURVE()
B_SPLINE_CURVE(2,(#13479,#13480,#13481),.UNSPECIFIED.,.F.,.F.)
B_SPLINE_CURVE_WITH_KNOTS((3,3),(0.,0.471238898038469),.UNSPECIFIED.)
CURVE()
GEOMETRIC_REPRESENTATION_ITEM()
RATIONAL_B_SPLINE_CURVE((1.,0.707106781186547,1.))
REPRESENTATION_ITEM('')
);
#4149=(
BOUNDED_CURVE()
B_SPLINE_CURVE(2,(#13482,#13483,#13484),.UNSPECIFIED.,.F.,.F.)
B_SPLINE_CURVE_WITH_KNOTS((3,3),(0.,0.471238898038469),.UNSPECIFIED.)
CURVE()
GEOMETRIC_REPRESENTATION_ITEM()
RATIONAL_B_SPLINE_CURVE((1.,0.707106781186546,1.))
REPRESENTATION_ITEM('')
);
#4150=(
BOUNDED_CURVE()
B_SPLINE_CURVE(2,(#13489,#13490,#13491),.UNSPECIFIED.,.F.,.F.)
B_SPLINE_CURVE_WITH_KNOTS((3,3),(0.,0.235619449019234),.UNSPECIFIED.)
CURVE()
GEOMETRIC_REPRESENTATION_ITEM()
RATIONAL_B_SPLINE_CURVE((1.,0.707106781186546,1.))
REPRESENTATION_ITEM('')
);
#4151=(
BOUNDED_CURVE()
B_SPLINE_CURVE(2,(#13492,#13493,#13494),.UNSPECIFIED.,.F.,.F.)
B_SPLINE_CURVE_WITH_KNOTS((3,3),(0.,0.235619449019234),.UNSPECIFIED.)
CURVE()
GEOMETRIC_REPRESENTATION_ITEM()
RATIONAL_B_SPLINE_CURVE((1.,0.707106781186549,1.))
REPRESENTATION_ITEM('')
);
#4152=(
BOUNDED_CURVE()
B_SPLINE_CURVE(2,(#13507,#13508,#13509),.UNSPECIFIED.,.F.,.F.)
B_SPLINE_CURVE_WITH_KNOTS((3,3),(0.,0.235619449019234),.UNSPECIFIED.)
CURVE()
GEOMETRIC_REPRESENTATION_ITEM()
RATIONAL_B_SPLINE_CURVE((1.,0.707106781186548,1.))
REPRESENTATION_ITEM('')
);
#4153=(
BOUNDED_CURVE()
B_SPLINE_CURVE(2,(#13510,#13511,#13512),.UNSPECIFIED.,.F.,.F.)
B_SPLINE_CURVE_WITH_KNOTS((3,3),(0.,0.235619449019234),.UNSPECIFIED.)
CURVE()
GEOMETRIC_REPRESENTATION_ITEM()
RATIONAL_B_SPLINE_CURVE((1.,0.707106781186548,1.))
REPRESENTATION_ITEM('')
);
#4154=(
BOUNDED_CURVE()
B_SPLINE_CURVE(2,(#13517,#13518,#13519),.UNSPECIFIED.,.F.,.F.)
B_SPLINE_CURVE_WITH_KNOTS((3,3),(0.,0.314159265358979),.UNSPECIFIED.)
CURVE()
GEOMETRIC_REPRESENTATION_ITEM()
RATIONAL_B_SPLINE_CURVE((1.,0.707106781186548,1.))
REPRESENTATION_ITEM('')
);
#4155=(
BOUNDED_CURVE()
B_SPLINE_CURVE(2,(#13520,#13521,#13522),.UNSPECIFIED.,.F.,.F.)
B_SPLINE_CURVE_WITH_KNOTS((3,3),(0.,0.314159265358979),.UNSPECIFIED.)
CURVE()
GEOMETRIC_REPRESENTATION_ITEM()
RATIONAL_B_SPLINE_CURVE((1.,0.707106781186548,1.))
REPRESENTATION_ITEM('')
);
#4156=(
BOUNDED_CURVE()
B_SPLINE_CURVE(2,(#13591,#13592,#13593),.UNSPECIFIED.,.F.,.F.)
B_SPLINE_CURVE_WITH_KNOTS((3,3),(0.,0.231823804500403),.UNSPECIFIED.)
CURVE()
GEOMETRIC_REPRESENTATION_ITEM()
RATIONAL_B_SPLINE_CURVE((1.,0.894427190999916,1.))
REPRESENTATION_ITEM('')
);
#4157=(
BOUNDED_CURVE()
B_SPLINE_CURVE(2,(#13624,#13625,#13626),.UNSPECIFIED.,.F.,.F.)
B_SPLINE_CURVE_WITH_KNOTS((3,3),(-0.181484324302788,0.),.UNSPECIFIED.)
CURVE()
GEOMETRIC_REPRESENTATION_ITEM()
RATIONAL_B_SPLINE_CURVE((1.,0.934846922834964,1.))
REPRESENTATION_ITEM('')
);
#4158=(
BOUNDED_CURVE()
B_SPLINE_CURVE(2,(#13629,#13630,#13631),.UNSPECIFIED.,.F.,.F.)
B_SPLINE_CURVE_WITH_KNOTS((3,3),(-0.104719755119648,0.),.UNSPECIFIED.)
CURVE()
GEOMETRIC_REPRESENTATION_ITEM()
RATIONAL_B_SPLINE_CURVE((1.,0.866025403784454,1.))
REPRESENTATION_ITEM('')
);
#4159=(
BOUNDED_CURVE()
B_SPLINE_CURVE(2,(#13632,#13633,#13634),.UNSPECIFIED.,.F.,.F.)
B_SPLINE_CURVE_WITH_KNOTS((3,3),(-0.104719755119648,0.),.UNSPECIFIED.)
CURVE()
GEOMETRIC_REPRESENTATION_ITEM()
RATIONAL_B_SPLINE_CURVE((1.,0.866025403784468,1.))
REPRESENTATION_ITEM('')
);
#4160=(
BOUNDED_CURVE()
B_SPLINE_CURVE(2,(#13639,#13640,#13641),.UNSPECIFIED.,.F.,.F.)
B_SPLINE_CURVE_WITH_KNOTS((3,3),(-0.181484324302788,0.),.UNSPECIFIED.)
CURVE()
GEOMETRIC_REPRESENTATION_ITEM()
RATIONAL_B_SPLINE_CURVE((1.,0.934846922834974,1.))
REPRESENTATION_ITEM('')
);
#4161=(
BOUNDED_CURVE()
B_SPLINE_CURVE(2,(#13646,#13647,#13648),.UNSPECIFIED.,.F.,.F.)
B_SPLINE_CURVE_WITH_KNOTS((3,3),(-0.135508499350713,0.),.UNSPECIFIED.)
CURVE()
GEOMETRIC_REPRESENTATION_ITEM()
RATIONAL_B_SPLINE_CURVE((1.,0.899708543566876,1.))
REPRESENTATION_ITEM('')
);
#4162=(
BOUNDED_CURVE()
B_SPLINE_CURVE(2,(#13651,#13652,#13653),.UNSPECIFIED.,.F.,.F.)
B_SPLINE_CURVE_WITH_KNOTS((3,3),(-0.0509755364181217,0.),.UNSPECIFIED.)
CURVE()
GEOMETRIC_REPRESENTATION_ITEM()
RATIONAL_B_SPLINE_CURVE((1.,0.985598559653468,1.))
REPRESENTATION_ITEM('')
);
#4163=(
BOUNDED_CURVE()
B_SPLINE_CURVE(2,(#13660,#13661,#13662),.UNSPECIFIED.,.F.,.F.)
B_SPLINE_CURVE_WITH_KNOTS((3,3),(-0.0509755364181217,0.),.UNSPECIFIED.)
CURVE()
GEOMETRIC_REPRESENTATION_ITEM()
RATIONAL_B_SPLINE_CURVE((1.,0.985598559653469,1.))
REPRESENTATION_ITEM('')
);
#4164=(
BOUNDED_CURVE()
B_SPLINE_CURVE(2,(#13665,#13666,#13667),.UNSPECIFIED.,.F.,.F.)
B_SPLINE_CURVE_WITH_KNOTS((3,3),(-0.135508499350713,0.),.UNSPECIFIED.)
CURVE()
GEOMETRIC_REPRESENTATION_ITEM()
RATIONAL_B_SPLINE_CURVE((1.,0.899708543566876,1.))
REPRESENTATION_ITEM('')
);
#4165=(
BOUNDED_CURVE()
B_SPLINE_CURVE(2,(#13702,#13703,#13704),.UNSPECIFIED.,.F.,.F.)
B_SPLINE_CURVE_WITH_KNOTS((3,3),(-0.135508499350713,0.),.UNSPECIFIED.)
CURVE()
GEOMETRIC_REPRESENTATION_ITEM()
RATIONAL_B_SPLINE_CURVE((1.,0.915019341664425,1.))
REPRESENTATION_ITEM('')
);
#4166=(
BOUNDED_CURVE()
B_SPLINE_CURVE(2,(#13709,#13710,#13711),.UNSPECIFIED.,.F.,.F.)
B_SPLINE_CURVE_WITH_KNOTS((3,3),(0.,0.152050158235771),.UNSPECIFIED.)
CURVE()
GEOMETRIC_REPRESENTATION_ITEM()
RATIONAL_B_SPLINE_CURVE((1.,0.722683379582307,1.))
REPRESENTATION_ITEM('')
);
#4167=(
BOUNDED_CURVE()
B_SPLINE_CURVE(2,(#13712,#13713,#13714),.UNSPECIFIED.,.F.,.F.)
B_SPLINE_CURVE_WITH_KNOTS((3,3),(0.,0.152050158235771),.UNSPECIFIED.)
CURVE()
GEOMETRIC_REPRESENTATION_ITEM()
RATIONAL_B_SPLINE_CURVE((1.,0.722683379582307,1.))
REPRESENTATION_ITEM('')
);
#4168=(
BOUNDED_CURVE()
B_SPLINE_CURVE(2,(#13739,#13740,#13741),.UNSPECIFIED.,.F.,.F.)
B_SPLINE_CURVE_WITH_KNOTS((3,3),(0.,0.231823804500403),.UNSPECIFIED.)
CURVE()
GEOMETRIC_REPRESENTATION_ITEM()
RATIONAL_B_SPLINE_CURVE((1.,0.894427190999916,1.))
REPRESENTATION_ITEM('')
);
#4169=(
BOUNDED_CURVE()
B_SPLINE_CURVE(2,(#13748,#13749,#13750),.UNSPECIFIED.,.F.,.F.)
B_SPLINE_CURVE_WITH_KNOTS((3,3),(-0.226823470806755,0.),.UNSPECIFIED.)
CURVE()
GEOMETRIC_REPRESENTATION_ITEM()
RATIONAL_B_SPLINE_CURVE((1.,0.898854796925957,1.))
REPRESENTATION_ITEM('')
);
#4170=(
BOUNDED_CURVE()
B_SPLINE_CURVE(2,(#13779,#13780,#13781),.UNSPECIFIED.,.F.,.F.)
B_SPLINE_CURVE_WITH_KNOTS((3,3),(-0.15707963267949,0.),.UNSPECIFIED.)
CURVE()
GEOMETRIC_REPRESENTATION_ITEM()
RATIONAL_B_SPLINE_CURVE((1.,0.707106781186548,1.))
REPRESENTATION_ITEM('')
);
#4171=(
BOUNDED_CURVE()
B_SPLINE_CURVE(2,(#13786,#13787,#13788),.UNSPECIFIED.,.F.,.F.)
B_SPLINE_CURVE_WITH_KNOTS((3,3),(0.,0.15207753520641),.UNSPECIFIED.)
CURVE()
GEOMETRIC_REPRESENTATION_ITEM()
RATIONAL_B_SPLINE_CURVE((1.,0.724568024567741,1.))
REPRESENTATION_ITEM('')
);
#4172=(
BOUNDED_CURVE()
B_SPLINE_CURVE(2,(#13793,#13794,#13795),.UNSPECIFIED.,.F.,.F.)
B_SPLINE_CURVE_WITH_KNOTS((3,3),(-0.15707963267949,0.),.UNSPECIFIED.)
CURVE()
GEOMETRIC_REPRESENTATION_ITEM()
RATIONAL_B_SPLINE_CURVE((1.,0.707106781186548,1.))
REPRESENTATION_ITEM('')
);
#4173=(
BOUNDED_CURVE()
B_SPLINE_CURVE(2,(#13800,#13801,#13802),.UNSPECIFIED.,.F.,.F.)
B_SPLINE_CURVE_WITH_KNOTS((3,3),(0.,0.231823804500403),.UNSPECIFIED.)
CURVE()
GEOMETRIC_REPRESENTATION_ITEM()
RATIONAL_B_SPLINE_CURVE((1.,0.894427190999916,1.))
REPRESENTATION_ITEM('')
);
#4174=(
BOUNDED_CURVE()
B_SPLINE_CURVE(2,(#13859,#13860,#13861),.UNSPECIFIED.,.F.,.F.)
B_SPLINE_CURVE_WITH_KNOTS((3,3),(-0.235619449019234,0.),.UNSPECIFIED.)
CURVE()
GEOMETRIC_REPRESENTATION_ITEM()
RATIONAL_B_SPLINE_CURVE((1.,0.707106781186548,1.))
REPRESENTATION_ITEM('')
);
#4175=(
BOUNDED_CURVE()
B_SPLINE_CURVE(2,(#13862,#13863,#13864),.UNSPECIFIED.,.F.,.F.)
B_SPLINE_CURVE_WITH_KNOTS((3,3),(-0.235619449019234,0.),.UNSPECIFIED.)
CURVE()
GEOMETRIC_REPRESENTATION_ITEM()
RATIONAL_B_SPLINE_CURVE((1.,0.707106781186548,1.))
REPRESENTATION_ITEM('')
);
#4176=(
BOUNDED_CURVE()
B_SPLINE_CURVE(2,(#13867,#13868,#13869),.UNSPECIFIED.,.F.,.F.)
B_SPLINE_CURVE_WITH_KNOTS((3,3),(0.,0.471238898038469),.UNSPECIFIED.)
CURVE()
GEOMETRIC_REPRESENTATION_ITEM()
RATIONAL_B_SPLINE_CURVE((1.,0.707106781186547,1.))
REPRESENTATION_ITEM('')
);
#4177=(
BOUNDED_CURVE()
B_SPLINE_CURVE(2,(#13870,#13871,#13872),.UNSPECIFIED.,.F.,.F.)
B_SPLINE_CURVE_WITH_KNOTS((3,3),(0.,0.471238898038469),.UNSPECIFIED.)
CURVE()
GEOMETRIC_REPRESENTATION_ITEM()
RATIONAL_B_SPLINE_CURVE((1.,0.707106781186548,1.))
REPRESENTATION_ITEM('')
);
#4178=(
BOUNDED_CURVE()
B_SPLINE_CURVE(2,(#13879,#13880,#13881),.UNSPECIFIED.,.F.,.F.)
B_SPLINE_CURVE_WITH_KNOTS((3,3),(0.,0.471238898038469),.UNSPECIFIED.)
CURVE()
GEOMETRIC_REPRESENTATION_ITEM()
RATIONAL_B_SPLINE_CURVE((1.,0.707106781186547,1.))
REPRESENTATION_ITEM('')
);
#4179=(
BOUNDED_CURVE()
B_SPLINE_CURVE(2,(#13930,#13931,#13932),.UNSPECIFIED.,.F.,.F.)
B_SPLINE_CURVE_WITH_KNOTS((3,3),(-0.235619449019234,0.),.UNSPECIFIED.)
CURVE()
GEOMETRIC_REPRESENTATION_ITEM()
RATIONAL_B_SPLINE_CURVE((1.,0.707106781186548,1.))
REPRESENTATION_ITEM('')
);
#4180=(
BOUNDED_CURVE()
B_SPLINE_CURVE(2,(#13941,#13942,#13943),.UNSPECIFIED.,.F.,.F.)
B_SPLINE_CURVE_WITH_KNOTS((3,3),(-0.235619449019234,0.),.UNSPECIFIED.)
CURVE()
GEOMETRIC_REPRESENTATION_ITEM()
RATIONAL_B_SPLINE_CURVE((1.,0.707106781186548,1.))
REPRESENTATION_ITEM('')
);
#4181=(
BOUNDED_CURVE()
B_SPLINE_CURVE(2,(#13948,#13949,#13950),.UNSPECIFIED.,.F.,.F.)
B_SPLINE_CURVE_WITH_KNOTS((3,3),(0.,0.471238898038469),.UNSPECIFIED.)
CURVE()
GEOMETRIC_REPRESENTATION_ITEM()
RATIONAL_B_SPLINE_CURVE((1.,0.707106781186548,1.))
REPRESENTATION_ITEM('')
);
#4182=(
BOUNDED_CURVE()
B_SPLINE_CURVE(2,(#14023,#14024,#14025),.UNSPECIFIED.,.F.,.F.)
B_SPLINE_CURVE_WITH_KNOTS((3,3),(0.,0.15207753520641),.UNSPECIFIED.)
CURVE()
GEOMETRIC_REPRESENTATION_ITEM()
RATIONAL_B_SPLINE_CURVE((1.,0.724568024567741,1.))
REPRESENTATION_ITEM('')
);
#4183=(
BOUNDED_CURVE()
B_SPLINE_CURVE(2,(#14030,#14031,#14032),.UNSPECIFIED.,.F.,.F.)
B_SPLINE_CURVE_WITH_KNOTS((3,3),(-0.226823470806755,0.),.UNSPECIFIED.)
CURVE()
GEOMETRIC_REPRESENTATION_ITEM()
RATIONAL_B_SPLINE_CURVE((1.,0.898854796925957,1.))
REPRESENTATION_ITEM('')
);
#4184=(
BOUNDED_CURVE()
B_SPLINE_CURVE(2,(#14037,#14038,#14039),.UNSPECIFIED.,.F.,.F.)
B_SPLINE_CURVE_WITH_KNOTS((3,3),(-0.152050158235771,0.),.UNSPECIFIED.)
CURVE()
GEOMETRIC_REPRESENTATION_ITEM()
RATIONAL_B_SPLINE_CURVE((1.,0.722683379582307,1.))
REPRESENTATION_ITEM('')
);
#4185=(
BOUNDED_CURVE()
B_SPLINE_CURVE(2,(#14070,#14071,#14072),.UNSPECIFIED.,.F.,.F.)
B_SPLINE_CURVE_WITH_KNOTS((3,3),(-0.152050158235771,0.),.UNSPECIFIED.)
CURVE()
GEOMETRIC_REPRESENTATION_ITEM()
RATIONAL_B_SPLINE_CURVE((1.,0.722683379582307,1.))
REPRESENTATION_ITEM('')
);
#4186=(
BOUNDED_CURVE()
B_SPLINE_CURVE(2,(#14077,#14078,#14079),.UNSPECIFIED.,.F.,.F.)
B_SPLINE_CURVE_WITH_KNOTS((3,3),(-0.135508499350713,0.),.UNSPECIFIED.)
CURVE()
GEOMETRIC_REPRESENTATION_ITEM()
RATIONAL_B_SPLINE_CURVE((1.,0.915019341664425,1.))
REPRESENTATION_ITEM('')
);
#4187=(
BOUNDED_CURVE()
B_SPLINE_CURVE(2,(#14084,#14085,#14086),.UNSPECIFIED.,.F.,.F.)
B_SPLINE_CURVE_WITH_KNOTS((3,3),(-0.0509755364181217,0.),.UNSPECIFIED.)
CURVE()
GEOMETRIC_REPRESENTATION_ITEM()
RATIONAL_B_SPLINE_CURVE((1.,0.985598559653458,1.))
REPRESENTATION_ITEM('')
);
#4188=(
BOUNDED_CURVE()
B_SPLINE_CURVE(2,(#14143,#14144,#14145),.UNSPECIFIED.,.F.,.F.)
B_SPLINE_CURVE_WITH_KNOTS((3,3),(-0.0509755364181217,0.),.UNSPECIFIED.)
CURVE()
GEOMETRIC_REPRESENTATION_ITEM()
RATIONAL_B_SPLINE_CURVE((1.,0.985598559653457,1.))
REPRESENTATION_ITEM('')
);
#4189=(
BOUNDED_CURVE()
B_SPLINE_CURVE(2,(#14218,#14219,#14220),.UNSPECIFIED.,.F.,.F.)
B_SPLINE_CURVE_WITH_KNOTS((3,3),(0.,0.231823804500403),.UNSPECIFIED.)
CURVE()
GEOMETRIC_REPRESENTATION_ITEM()
RATIONAL_B_SPLINE_CURVE((1.,0.894427190999916,1.))
REPRESENTATION_ITEM('')
);
#4190=(
BOUNDED_CURVE()
B_SPLINE_CURVE(2,(#14223,#14224,#14225),.UNSPECIFIED.,.F.,.F.)
B_SPLINE_CURVE_WITH_KNOTS((3,3),(0.,0.15707963267949),.UNSPECIFIED.)
CURVE()
GEOMETRIC_REPRESENTATION_ITEM()
RATIONAL_B_SPLINE_CURVE((1.,0.707106781186547,1.))
REPRESENTATION_ITEM('')
);
#4191=(
BOUNDED_CURVE()
B_SPLINE_CURVE(2,(#14226,#14227,#14228),.UNSPECIFIED.,.F.,.F.)
B_SPLINE_CURVE_WITH_KNOTS((3,3),(0.,0.15707963267949),.UNSPECIFIED.)
CURVE()
GEOMETRIC_REPRESENTATION_ITEM()
RATIONAL_B_SPLINE_CURVE((1.,0.707106781186548,1.))
REPRESENTATION_ITEM('')
);
#4192=(
BOUNDED_CURVE()
B_SPLINE_CURVE(2,(#14289,#14290,#14291),.UNSPECIFIED.,.F.,.F.)
B_SPLINE_CURVE_WITH_KNOTS((3,3),(0.,0.235619449019234),.UNSPECIFIED.)
CURVE()
GEOMETRIC_REPRESENTATION_ITEM()
RATIONAL_B_SPLINE_CURVE((1.,0.707106781186548,1.))
REPRESENTATION_ITEM('')
);
#4193=(
BOUNDED_CURVE()
B_SPLINE_CURVE(2,(#14292,#14293,#14294),.UNSPECIFIED.,.F.,.F.)
B_SPLINE_CURVE_WITH_KNOTS((3,3),(0.,0.235619449019234),.UNSPECIFIED.)
CURVE()
GEOMETRIC_REPRESENTATION_ITEM()
RATIONAL_B_SPLINE_CURVE((1.,0.707106781186548,1.))
REPRESENTATION_ITEM('')
);
#4194=(
BOUNDED_CURVE()
B_SPLINE_CURVE(2,(#14299,#14300,#14301),.UNSPECIFIED.,.F.,.F.)
B_SPLINE_CURVE_WITH_KNOTS((3,3),(-0.471238898038469,0.),.UNSPECIFIED.)
CURVE()
GEOMETRIC_REPRESENTATION_ITEM()
RATIONAL_B_SPLINE_CURVE((1.,0.707106781186547,1.))
REPRESENTATION_ITEM('')
);
#4195=(
BOUNDED_CURVE()
B_SPLINE_CURVE(2,(#14302,#14303,#14304),.UNSPECIFIED.,.F.,.F.)
B_SPLINE_CURVE_WITH_KNOTS((3,3),(-0.471238898038469,0.),.UNSPECIFIED.)
CURVE()
GEOMETRIC_REPRESENTATION_ITEM()
RATIONAL_B_SPLINE_CURVE((1.,0.707106781186548,1.))
REPRESENTATION_ITEM('')
);
#4196=(
BOUNDED_CURVE()
B_SPLINE_CURVE(2,(#14315,#14316,#14317),.UNSPECIFIED.,.F.,.F.)
B_SPLINE_CURVE_WITH_KNOTS((3,3),(-0.471238898038469,0.),.UNSPECIFIED.)
CURVE()
GEOMETRIC_REPRESENTATION_ITEM()
RATIONAL_B_SPLINE_CURVE((1.,0.707106781186547,1.))
REPRESENTATION_ITEM('')
);
#4197=(
BOUNDED_CURVE()
B_SPLINE_CURVE(2,(#14320,#14321,#14322),.UNSPECIFIED.,.F.,.F.)
B_SPLINE_CURVE_WITH_KNOTS((3,3),(-0.235619449019234,0.),.UNSPECIFIED.)
CURVE()
GEOMETRIC_REPRESENTATION_ITEM()
RATIONAL_B_SPLINE_CURVE((1.,0.707106781186548,1.))
REPRESENTATION_ITEM('')
);
#4198=(
BOUNDED_CURVE()
B_SPLINE_CURVE(2,(#14323,#14324,#14325),.UNSPECIFIED.,.F.,.F.)
B_SPLINE_CURVE_WITH_KNOTS((3,3),(-0.235619449019234,0.),.UNSPECIFIED.)
CURVE()
GEOMETRIC_REPRESENTATION_ITEM()
RATIONAL_B_SPLINE_CURVE((1.,0.707106781186548,1.))
REPRESENTATION_ITEM('')
);
#4199=(
BOUNDED_CURVE()
B_SPLINE_CURVE(2,(#14330,#14331,#14332),.UNSPECIFIED.,.F.,.F.)
B_SPLINE_CURVE_WITH_KNOTS((3,3),(-0.471238898038469,0.),.UNSPECIFIED.)
CURVE()
GEOMETRIC_REPRESENTATION_ITEM()
RATIONAL_B_SPLINE_CURVE((1.,0.707106781186548,1.))
REPRESENTATION_ITEM('')
);
#4200=SURFACE_CURVE('',#5284,(#1766,#1772),.PCURVE_S1.);
#4201=SURFACE_CURVE('',#5285,(#1767,#1771),.PCURVE_S1.);
#4202=SURFACE_CURVE('',#5286,(#1768,#2260),.PCURVE_S1.);
#4203=SURFACE_CURVE('',#3937,(#1769,#2253),.PCURVE_S1.);
#4204=SURFACE_CURVE('',#5287,(#1770,#2248),.PCURVE_S1.);
#4205=SURFACE_CURVE('',#5290,(#1773,#2247),.PCURVE_S1.);
#4206=SURFACE_CURVE('',#5292,(#1774,#2368),.PCURVE_S1.);
#4207=SURFACE_CURVE('',#5294,(#1775,#2359),.PCURVE_S1.);
#4208=SURFACE_CURVE('',#5296,(#1776,#2383),.PCURVE_S1.);
#4209=SURFACE_CURVE('',#5298,(#1777,#2000),.PCURVE_S1.);
#4210=SURFACE_CURVE('',#5300,(#1778,#2038),.PCURVE_S1.);
#4211=SURFACE_CURVE('',#5302,(#1779,#2004),.PCURVE_S1.);
#4212=SURFACE_CURVE('',#5304,(#1780,#2375),.PCURVE_S1.);
#4213=SURFACE_CURVE('',#5306,(#1781,#2357),.PCURVE_S1.);
#4214=SURFACE_CURVE('',#5308,(#1782,#2366),.PCURVE_S1.);
#4215=SURFACE_CURVE('',#3941,(#1783,#1851),.PCURVE_S1.);
#4216=SURFACE_CURVE('',#5309,(#1784,#1847),.PCURVE_S1.);
#4217=SURFACE_CURVE('',#3944,(#1785,#2387),.PCURVE_S1.);
#4218=SURFACE_CURVE('',#3946,(#1786,#1835),.PCURVE_S1.);
#4219=SURFACE_CURVE('',#5310,(#1787,#1829),.PCURVE_S1.);
#4220=SURFACE_CURVE('',#5311,(#1788,#2254),.PCURVE_S1.);
#4221=SURFACE_CURVE('',#5313,(#1789,#2263),.PCURVE_S1.);
#4222=SURFACE_CURVE('',#5315,(#1790,#2301),.PCURVE_S1.);
#4223=SURFACE_CURVE('',#5317,(#1791,#1858),.PCURVE_S1.);
#4224=SURFACE_CURVE('',#5319,(#1792,#1987),.PCURVE_S1.);
#4225=SURFACE_CURVE('',#5321,(#1793,#1866),.PCURVE_S1.);
#4226=SURFACE_CURVE('',#5323,(#1794,#2305),.PCURVE_S1.);
#4227=SURFACE_CURVE('',#5325,(#1795,#1818),.PCURVE_S1.);
#4228=SURFACE_CURVE('',#5327,(#1796,#2261),.PCURVE_S1.);
#4229=SURFACE_CURVE('',#5329,(#1797,#1804),.PCURVE_S1.);
#4230=SURFACE_CURVE('',#5331,(#1798,#2344),.PCURVE_S1.);
#4231=SURFACE_CURVE('',#5333,(#1799,#1810),.PCURVE_S1.);
#4232=SURFACE_CURVE('',#5335,(#1800,#1806),.PCURVE_S1.);
#4233=SURFACE_CURVE('',#5337,(#1801,#2377),.PCURVE_S1.);
#4234=SURFACE_CURVE('',#5339,(#1802,#2322),.PCURVE_S1.);
#4235=SURFACE_CURVE('',#5341,(#1803,#2345),.PCURVE_S1.);
#4236=SURFACE_CURVE('',#5344,(#1805,#1809),.PCURVE_S1.);
#4237=SURFACE_CURVE('',#5347,(#1807,#1814),.PCURVE_S1.);
#4238=SURFACE_CURVE('',#5349,(#1808,#2378),.PCURVE_S1.);
#4239=SURFACE_CURVE('',#5353,(#1811,#2343),.PCURVE_S1.);
#4240=SURFACE_CURVE('',#5355,(#1812,#2324),.PCURVE_S1.);
#4241=SURFACE_CURVE('',#5357,(#1813,#2379),.PCURVE_S1.);
#4242=SURFACE_CURVE('',#5360,(#1815,#2326),.PCURVE_S1.);
#4243=SURFACE_CURVE('',#5362,(#1816,#2275),.PCURVE_S1.);
#4244=SURFACE_CURVE('',#3949,(#1817,#2262),.PCURVE_S1.);
#4245=SURFACE_CURVE('',#5365,(#1819,#2304),.PCURVE_S1.);
#4246=SURFACE_CURVE('',#5367,(#1820,#2273),.PCURVE_S1.);
#4247=SURFACE_CURVE('',#3951,(#1821,#2217),.PCURVE_S1.);
#4248=SURFACE_CURVE('',#5370,(#1822,#2242),.PCURVE_S1.);
#4249=SURFACE_CURVE('',#3952,(#1823,#2251),.PCURVE_S1.);
#4250=SURFACE_CURVE('',#5373,(#1824,#1838),.PCURVE_S1.);
#4251=SURFACE_CURVE('',#5375,(#1825,#2219),.PCURVE_S1.);
#4252=SURFACE_CURVE('',#5377,(#1826,#2271),.PCURVE_S1.);
#4253=SURFACE_CURVE('',#5379,(#1827,#1831),.PCURVE_S1.);
#4254=SURFACE_CURVE('',#5381,(#1828,#2255),.PCURVE_S1.);
#4255=SURFACE_CURVE('',#3953,(#1830,#1834),.PCURVE_S1.);
#4256=SURFACE_CURVE('',#3954,(#1832,#2386),.PCURVE_S1.);
#4257=SURFACE_CURVE('',#3955,(#1833,#1839),.PCURVE_S1.);
#4258=SURFACE_CURVE('',#5390,(#1836,#2389),.PCURVE_S1.);
#4259=SURFACE_CURVE('',#3956,(#1837,#2220),.PCURVE_S1.);
#4260=SURFACE_CURVE('',#5395,(#1840,#1854),.PCURVE_S1.);
#4261=SURFACE_CURVE('',#5397,(#1841,#2222),.PCURVE_S1.);
#4262=SURFACE_CURVE('',#5399,(#1842,#2391),.PCURVE_S1.);
#4263=SURFACE_CURVE('',#5401,(#1843,#1845),.PCURVE_S1.);
#4264=SURFACE_CURVE('',#3957,(#1844,#1850),.PCURVE_S1.);
#4265=SURFACE_CURVE('',#3958,(#1846,#2384),.PCURVE_S1.);
#4266=SURFACE_CURVE('',#3959,(#1848,#2365),.PCURVE_S1.);
#4267=SURFACE_CURVE('',#3960,(#1849,#1855),.PCURVE_S1.);
#4268=SURFACE_CURVE('',#5411,(#1852,#2351),.PCURVE_S1.);
#4269=SURFACE_CURVE('',#3961,(#1853,#2223),.PCURVE_S1.);
#4270=SURFACE_CURVE('',#5416,(#1856,#2334),.PCURVE_S1.);
#4271=SURFACE_CURVE('',#5418,(#1857,#1988),.PCURVE_S1.);
#4272=SURFACE_CURVE('',#5421,(#1859,#2300),.PCURVE_S1.);
#4273=SURFACE_CURVE('',#5423,(#1860,#1990),.PCURVE_S1.);
#4274=SURFACE_CURVE('',#5425,(#1861,#2332),.PCURVE_S1.);
#4275=SURFACE_CURVE('',#5427,(#1862,#1932),.PCURVE_S1.);
#4276=SURFACE_CURVE('',#5429,(#1863,#2057),.PCURVE_S1.);
#4277=SURFACE_CURVE('',#5431,(#1864,#2328),.PCURVE_S1.);
#4278=SURFACE_CURVE('',#5433,(#1865,#2302),.PCURVE_S1.);
#4279=SURFACE_CURVE('',#5436,(#1867,#1986),.PCURVE_S1.);
#4280=SURFACE_CURVE('',#5438,(#1868,#2051),.PCURVE_S1.);
#4281=SURFACE_CURVE('',#5440,(#1869,#1934),.PCURVE_S1.);
#4282=SURFACE_CURVE('',#5442,(#1870,#2330),.PCURVE_S1.);
#4283=SURFACE_CURVE('',#5444,(#1871,#1984),.PCURVE_S1.);
#4284=SURFACE_CURVE('',#5446,(#1872,#1881),.PCURVE_S1.);
#4285=SURFACE_CURVE('',#5448,(#1873,#1979),.PCURVE_S1.);
#4286=SURFACE_CURVE('',#5450,(#1874,#1992),.PCURVE_S1.);
#4287=SURFACE_CURVE('',#3962,(#1875,#2061),.PCURVE_S1.);
#4288=SURFACE_CURVE('',#5453,(#1876,#1930),.PCURVE_S1.);
#4289=SURFACE_CURVE('',#5455,(#1877,#1926),.PCURVE_S1.);
#4290=SURFACE_CURVE('',#5457,(#1878,#1883),.PCURVE_S1.);
#4291=SURFACE_CURVE('',#3963,(#1879,#2059),.PCURVE_S1.);
#4292=SURFACE_CURVE('',#3964,(#1880,#1974),.PCURVE_S1.);
#4293=SURFACE_CURVE('',#5461,(#1882,#2060),.PCURVE_S1.);
#4294=SURFACE_CURVE('',#3966,(#1884,#1925),.PCURVE_S1.);
#4295=SURFACE_CURVE('',#5464,(#1885,#1886),.PCURVE_S1.);
#4296=SURFACE_CURVE('',#5467,(#1887,#1924),.PCURVE_S1.);
#4297=SURFACE_CURVE('',#5469,(#1888,#1918),.PCURVE_S1.);
#4298=SURFACE_CURVE('',#5471,(#1889,#1975),.PCURVE_S1.);
#4299=SURFACE_CURVE('',#3968,(#1890,#1896),.PCURVE_S1.);
#4300=SURFACE_CURVE('',#5474,(#1891,#1907),.PCURVE_S1.);
#4301=SURFACE_CURVE('',#3969,(#1892,#1910),.PCURVE_S1.);
#4302=SURFACE_CURVE('',#5477,(#1893,#1905),.PCURVE_S1.);
#4303=SURFACE_CURVE('',#3970,(#1894,#1902),.PCURVE_S1.);
#4304=SURFACE_CURVE('',#3971,(#1895,#1908),.PCURVE_S1.);
#4305=SURFACE_CURVE('',#5482,(#1897,#1901),.PCURVE_S1.);
#4306=SURFACE_CURVE('',#3972,(#1898,#2238),.PCURVE_S1.);
#4307=SURFACE_CURVE('',#5485,(#1899,#1904),.PCURVE_S1.);
#4308=SURFACE_CURVE('',#3973,(#1900,#2237),.PCURVE_S1.);
#4309=SURFACE_CURVE('',#3974,(#1903,#1909),.PCURVE_S1.);
#4310=SURFACE_CURVE('',#3975,(#1906,#1911),.PCURVE_S1.);
#4311=SURFACE_CURVE('',#5497,(#1912,#1922),.PCURVE_S1.);
#4312=SURFACE_CURVE('',#3978,(#1913,#1949),.PCURVE_S1.);
#4313=SURFACE_CURVE('',#5499,(#1914,#1952),.PCURVE_S1.);
#4314=SURFACE_CURVE('',#3980,(#1915,#1969),.PCURVE_S1.);
#4315=SURFACE_CURVE('',#5501,(#1916,#1970),.PCURVE_S1.);
#4316=SURFACE_CURVE('',#3982,(#1917,#1976),.PCURVE_S1.);
#4317=SURFACE_CURVE('',#3984,(#1919,#1929),.PCURVE_S1.);
#4318=SURFACE_CURVE('',#5504,(#1920,#1938),.PCURVE_S1.);
#4319=SURFACE_CURVE('',#5506,(#1921,#1944),.PCURVE_S1.);
#4320=SURFACE_CURVE('',#5509,(#1923,#1928),.PCURVE_S1.);
#4321=SURFACE_CURVE('',#3986,(#1927,#1939),.PCURVE_S1.);
#4322=SURFACE_CURVE('',#5518,(#1931,#2058),.PCURVE_S1.);
#4323=SURFACE_CURVE('',#5521,(#1933,#2331),.PCURVE_S1.);
#4324=SURFACE_CURVE('',#5524,(#1935,#2056),.PCURVE_S1.);
#4325=SURFACE_CURVE('',#5526,(#1936,#1942),.PCURVE_S1.);
#4326=SURFACE_CURVE('',#3987,(#1937,#1945),.PCURVE_S1.);
#4327=SURFACE_CURVE('',#5529,(#1940,#1955),.PCURVE_S1.);
#4328=SURFACE_CURVE('',#5531,(#1941,#1946),.PCURVE_S1.);
#4329=SURFACE_CURVE('',#3990,(#1943,#2055),.PCURVE_S1.);
#4330=SURFACE_CURVE('',#3991,(#1947,#1954),.PCURVE_S1.);
#4331=SURFACE_CURVE('',#5539,(#1948,#1953),.PCURVE_S1.);
#4332=SURFACE_CURVE('',#5542,(#1950,#1959),.PCURVE_S1.);
#4333=SURFACE_CURVE('',#5544,(#1951,#1964),.PCURVE_S1.);
#4334=SURFACE_CURVE('',#5549,(#1956,#2054),.PCURVE_S1.);
#4335=SURFACE_CURVE('',#5551,(#1957,#1962),.PCURVE_S1.);
#4336=SURFACE_CURVE('',#3993,(#1958,#1965),.PCURVE_S1.);
#4337=SURFACE_CURVE('',#5554,(#1960,#1982),.PCURVE_S1.);
#4338=SURFACE_CURVE('',#5556,(#1961,#1966),.PCURVE_S1.);
#4339=SURFACE_CURVE('',#3995,(#1963,#2053),.PCURVE_S1.);
#4340=SURFACE_CURVE('',#3996,(#1967,#1981),.PCURVE_S1.);
#4341=SURFACE_CURVE('',#5564,(#1968,#1971),.PCURVE_S1.);
#4342=SURFACE_CURVE('',#5569,(#1972,#1980),.PCURVE_S1.);
#4343=SURFACE_CURVE('',#5571,(#1973,#1977),.PCURVE_S1.);
#4344=SURFACE_CURVE('',#3997,(#1978,#1993),.PCURVE_S1.);
#4345=SURFACE_CURVE('',#5581,(#1983,#2052),.PCURVE_S1.);
#4346=SURFACE_CURVE('',#5584,(#1985,#2329),.PCURVE_S1.);
#4347=SURFACE_CURVE('',#5589,(#1989,#2333),.PCURVE_S1.);
#4348=SURFACE_CURVE('',#5592,(#1991,#2062),.PCURVE_S1.);
#4349=SURFACE_CURVE('',#5595,(#1994,#2065),.PCURVE_S1.);
#4350=SURFACE_CURVE('',#5597,(#1995,#2041),.PCURVE_S1.);
#4351=SURFACE_CURVE('',#5599,(#1996,#2316),.PCURVE_S1.);
#4352=SURFACE_CURVE('',#5601,(#1997,#2013),.PCURVE_S1.);
#4353=SURFACE_CURVE('',#5603,(#1998,#2318),.PCURVE_S1.);
#4354=SURFACE_CURVE('',#5605,(#1999,#2039),.PCURVE_S1.);
#4355=SURFACE_CURVE('',#5608,(#2001,#2382),.PCURVE_S1.);
#4356=SURFACE_CURVE('',#5610,(#2002,#2312),.PCURVE_S1.);
#4357=SURFACE_CURVE('',#5612,(#2003,#2372),.PCURVE_S1.);
#4358=SURFACE_CURVE('',#5615,(#2005,#2037),.PCURVE_S1.);
#4359=SURFACE_CURVE('',#5617,(#2006,#2071),.PCURVE_S1.);
#4360=SURFACE_CURVE('',#5619,(#2007,#2015),.PCURVE_S1.);
#4361=SURFACE_CURVE('',#5621,(#2008,#2314),.PCURVE_S1.);
#4362=SURFACE_CURVE('',#5623,(#2009,#2035),.PCURVE_S1.);
#4363=SURFACE_CURVE('',#5625,(#2010,#2094),.PCURVE_S1.);
#4364=SURFACE_CURVE('',#5627,(#2011,#2018),.PCURVE_S1.);
#4365=SURFACE_CURVE('',#5629,(#2012,#2066),.PCURVE_S1.);
#4366=SURFACE_CURVE('',#5632,(#2014,#2315),.PCURVE_S1.);
#4367=SURFACE_CURVE('',#5635,(#2016,#2070),.PCURVE_S1.);
#4368=SURFACE_CURVE('',#5637,(#2017,#2079),.PCURVE_S1.);
#4369=SURFACE_CURVE('',#4000,(#2019,#2093),.PCURVE_S1.);
#4370=SURFACE_CURVE('',#5641,(#2020,#2099),.PCURVE_S1.);
#4371=SURFACE_CURVE('',#5643,(#2021,#2024),.PCURVE_S1.);
#4372=SURFACE_CURVE('',#4001,(#2022,#2067),.PCURVE_S1.);
#4373=SURFACE_CURVE('',#5646,(#2023,#2068),.PCURVE_S1.);
#4374=SURFACE_CURVE('',#4002,(#2025,#2098),.PCURVE_S1.);
#4375=SURFACE_CURVE('',#5649,(#2026,#2104),.PCURVE_S1.);
#4376=SURFACE_CURVE('',#4004,(#2027,#2106),.PCURVE_S1.);
#4377=SURFACE_CURVE('',#5651,(#2028,#2030),.PCURVE_S1.);
#4378=SURFACE_CURVE('',#4006,(#2029,#2063),.PCURVE_S1.);
#4379=SURFACE_CURVE('',#5655,(#2031,#2110),.PCURVE_S1.);
#4380=SURFACE_CURVE('',#4007,(#2032,#2113),.PCURVE_S1.);
#4381=SURFACE_CURVE('',#5658,(#2033,#2043),.PCURVE_S1.);
#4382=SURFACE_CURVE('',#5660,(#2034,#2072),.PCURVE_S1.);
#4383=SURFACE_CURVE('',#5663,(#2036,#2313),.PCURVE_S1.);
#4384=SURFACE_CURVE('',#5668,(#2040,#2317),.PCURVE_S1.);
#4385=SURFACE_CURVE('',#5671,(#2042,#2064),.PCURVE_S1.);
#4386=SURFACE_CURVE('',#5674,(#2044,#2112),.PCURVE_S1.);
#4387=SURFACE_CURVE('',#5676,(#2045,#2046),.PCURVE_S1.);
#4388=SURFACE_CURVE('',#4008,(#2047,#2111),.PCURVE_S1.);
#4389=SURFACE_CURVE('',#5680,(#2048,#2119),.PCURVE_S1.);
#4390=SURFACE_CURVE('',#5682,(#2049,#2081),.PCURVE_S1.);
#4391=SURFACE_CURVE('',#4009,(#2050,#2073),.PCURVE_S1.);
#4392=SURFACE_CURVE('',#4016,(#2069,#2075),.PCURVE_S1.);
#4393=SURFACE_CURVE('',#5700,(#2074,#2080),.PCURVE_S1.);
#4394=SURFACE_CURVE('',#5703,(#2076,#2085),.PCURVE_S1.);
#4395=SURFACE_CURVE('',#5705,(#2077,#2090),.PCURVE_S1.);
#4396=SURFACE_CURVE('',#4019,(#2078,#2095),.PCURVE_S1.);
#4397=SURFACE_CURVE('',#4020,(#2082,#2118),.PCURVE_S1.);
#4398=SURFACE_CURVE('',#5711,(#2083,#2124),.PCURVE_S1.);
#4399=SURFACE_CURVE('',#4022,(#2084,#2086),.PCURVE_S1.);
#4400=SURFACE_CURVE('',#5715,(#2087,#2123),.PCURVE_S1.);
#4401=SURFACE_CURVE('',#4024,(#2088,#2134),.PCURVE_S1.);
#4402=SURFACE_CURVE('',#5718,(#2089,#2096),.PCURVE_S1.);
#4403=SURFACE_CURVE('',#5721,(#2091,#2133),.PCURVE_S1.);
#4404=SURFACE_CURVE('',#5723,(#2092,#2100),.PCURVE_S1.);
#4405=SURFACE_CURVE('',#5727,(#2097,#2105),.PCURVE_S1.);
#4406=SURFACE_CURVE('',#4027,(#2101,#2132),.PCURVE_S1.);
#4407=SURFACE_CURVE('',#5733,(#2102,#2131),.PCURVE_S1.);
#4408=SURFACE_CURVE('',#5735,(#2103,#2107),.PCURVE_S1.);
#4409=SURFACE_CURVE('',#4028,(#2108,#2130),.PCURVE_S1.);
#4410=SURFACE_CURVE('',#5742,(#2109,#2114),.PCURVE_S1.);
#4411=SURFACE_CURVE('',#5747,(#2115,#2129),.PCURVE_S1.);
#4412=SURFACE_CURVE('',#5749,(#2116,#2120),.PCURVE_S1.);
#4413=SURFACE_CURVE('',#5751,(#2117,#2125),.PCURVE_S1.);
#4414=SURFACE_CURVE('',#4031,(#2121,#2128),.PCURVE_S1.);
#4415=SURFACE_CURVE('',#5757,(#2122,#2135),.PCURVE_S1.);
#4416=SURFACE_CURVE('',#4032,(#2126,#2142),.PCURVE_S1.);
#4417=SURFACE_CURVE('',#4034,(#2127,#2148),.PCURVE_S1.);
#4418=SURFACE_CURVE('',#5766,(#2136,#2154),.PCURVE_S1.);
#4419=SURFACE_CURVE('',#4040,(#2137,#2236),.PCURVE_S1.);
#4420=SURFACE_CURVE('',#5769,(#2138,#2152),.PCURVE_S1.);
#4421=SURFACE_CURVE('',#4041,(#2139,#2144),.PCURVE_S1.);
#4422=SURFACE_CURVE('',#4042,(#2140,#2146),.PCURVE_S1.);
#4423=SURFACE_CURVE('',#5773,(#2141,#2149),.PCURVE_S1.);
#4424=SURFACE_CURVE('',#5776,(#2143,#2147),.PCURVE_S1.);
#4425=SURFACE_CURVE('',#4043,(#2145,#2151),.PCURVE_S1.);
#4426=SURFACE_CURVE('',#4044,(#2150,#2155),.PCURVE_S1.);
#4427=SURFACE_CURVE('',#4045,(#2153,#2235),.PCURVE_S1.);
#4428=SURFACE_CURVE('',#4046,(#2156,#2162),.PCURVE_S1.);
#4429=SURFACE_CURVE('',#4047,(#2157,#2180),.PCURVE_S1.);
#4430=SURFACE_CURVE('',#4048,(#2158,#2160),.PCURVE_S1.);
#4431=SURFACE_CURVE('',#4049,(#2159,#2230),.PCURVE_S1.);
#4432=SURFACE_CURVE('',#4050,(#2161,#2181),.PCURVE_S1.);
#4433=SURFACE_CURVE('',#4051,(#2163,#2229),.PCURVE_S1.);
#4434=SURFACE_CURVE('',#4052,(#2164,#2170),.PCURVE_S1.);
#4435=SURFACE_CURVE('',#4053,(#2165,#2184),.PCURVE_S1.);
#4436=SURFACE_CURVE('',#4054,(#2166,#2168),.PCURVE_S1.);
#4437=SURFACE_CURVE('',#4055,(#2167,#2234),.PCURVE_S1.);
#4438=SURFACE_CURVE('',#4056,(#2169,#2185),.PCURVE_S1.);
#4439=SURFACE_CURVE('',#4057,(#2171,#2233),.PCURVE_S1.);
#4440=SURFACE_CURVE('',#4058,(#2172,#2178),.PCURVE_S1.);
#4441=SURFACE_CURVE('',#4059,(#2173,#2186),.PCURVE_S1.);
#4442=SURFACE_CURVE('',#4060,(#2174,#2176),.PCURVE_S1.);
#4443=SURFACE_CURVE('',#4061,(#2175,#2232),.PCURVE_S1.);
#4444=SURFACE_CURVE('',#4062,(#2177,#2187),.PCURVE_S1.);
#4445=SURFACE_CURVE('',#4063,(#2179,#2231),.PCURVE_S1.);
#4446=SURFACE_CURVE('',#4066,(#2182,#2189),.PCURVE_S1.);
#4447=SURFACE_CURVE('',#4068,(#2183,#2193),.PCURVE_S1.);
#4448=SURFACE_CURVE('',#4074,(#2188,#2194),.PCURVE_S1.);
#4449=SURFACE_CURVE('',#4075,(#2190,#2192),.PCURVE_S1.);
#4450=SURFACE_CURVE('',#4076,(#2191,#2228),.PCURVE_S1.);
#4451=SURFACE_CURVE('',#4077,(#2195,#2227),.PCURVE_S1.);
#4452=SURFACE_CURVE('',#4078,(#2196,#2214),.PCURVE_S1.);
#4453=SURFACE_CURVE('',#4079,(#2197,#2240),.PCURVE_S1.);
#4454=SURFACE_CURVE('',#4080,(#2198,#2212),.PCURVE_S1.);
#4455=SURFACE_CURVE('',#4081,(#2199,#2208),.PCURVE_S1.);
#4456=SURFACE_CURVE('',#4082,(#2200,#2206),.PCURVE_S1.);
#4457=SURFACE_CURVE('',#4083,(#2201,#2226),.PCURVE_S1.);
#4458=SURFACE_CURVE('',#4084,(#2202,#2204),.PCURVE_S1.);
#4459=SURFACE_CURVE('',#4085,(#2203,#2210),.PCURVE_S1.);
#4460=SURFACE_CURVE('',#4086,(#2205,#2225),.PCURVE_S1.);
#4461=SURFACE_CURVE('',#4087,(#2207,#2211),.PCURVE_S1.);
#4462=SURFACE_CURVE('',#4089,(#2209,#2215),.PCURVE_S1.);
#4463=SURFACE_CURVE('',#4093,(#2213,#2239),.PCURVE_S1.);
#4464=SURFACE_CURVE('',#5838,(#2216,#2243),.PCURVE_S1.);
#4465=SURFACE_CURVE('',#5840,(#2218,#2272),.PCURVE_S1.);
#4466=SURFACE_CURVE('',#4096,(#2221,#2388),.PCURVE_S1.);
#4467=SURFACE_CURVE('',#5844,(#2224,#2350),.PCURVE_S1.);
#4468=SURFACE_CURVE('',#5846,(#2241,#2245),.PCURVE_S1.);
#4469=SURFACE_CURVE('',#5850,(#2244,#2349),.PCURVE_S1.);
#4470=SURFACE_CURVE('',#5853,(#2246,#2369),.PCURVE_S1.);
#4471=SURFACE_CURVE('',#4115,(#2249,#2252),.PCURVE_S1.);
#4472=SURFACE_CURVE('',#4116,(#2250,#2259),.PCURVE_S1.);
#4473=SURFACE_CURVE('',#5864,(#2256,#2270),.PCURVE_S1.);
#4474=SURFACE_CURVE('',#4117,(#2257,#2264),.PCURVE_S1.);
#4475=SURFACE_CURVE('',#5867,(#2258,#2274),.PCURVE_S1.);
#4476=SURFACE_CURVE('',#5874,(#2265,#2269),.PCURVE_S1.);
#4477=SURFACE_CURVE('',#5876,(#2266,#2336),.PCURVE_S1.);
#4478=SURFACE_CURVE('',#5878,(#2267,#2298),.PCURVE_S1.);
#4479=SURFACE_CURVE('',#5880,(#2268,#2337),.PCURVE_S1.);
#4480=SURFACE_CURVE('',#5889,(#2276,#2341),.PCURVE_S1.);
#4481=SURFACE_CURVE('',#5891,(#2277,#2281),.PCURVE_S1.);
#4482=SURFACE_CURVE('',#5893,(#2278,#2286),.PCURVE_S1.);
#4483=SURFACE_CURVE('',#5895,(#2279,#2291),.PCURVE_S1.);
#4484=SURFACE_CURVE('',#5897,(#2280,#2287),.PCURVE_S1.);
#4485=SURFACE_CURVE('',#5900,(#2282,#2340),.PCURVE_S1.);
#4486=SURFACE_CURVE('',#5902,(#2283,#2309),.PCURVE_S1.);
#4487=SURFACE_CURVE('',#5904,(#2284,#2295),.PCURVE_S1.);
#4488=SURFACE_CURVE('',#5906,(#2285,#2292),.PCURVE_S1.);
#4489=SURFACE_CURVE('',#5910,(#2288,#2294),.PCURVE_S1.);
#4490=SURFACE_CURVE('',#5912,(#2289,#2307),.PCURVE_S1.);
#4491=SURFACE_CURVE('',#5914,(#2290,#2338),.PCURVE_S1.);
#4492=SURFACE_CURVE('',#5918,(#2293,#2297),.PCURVE_S1.);
#4493=SURFACE_CURVE('',#5922,(#2296,#2308),.PCURVE_S1.);
#4494=SURFACE_CURVE('',#5926,(#2299,#2335),.PCURVE_S1.);
#4495=SURFACE_CURVE('',#5931,(#2303,#2327),.PCURVE_S1.);
#4496=SURFACE_CURVE('',#5935,(#2306,#2339),.PCURVE_S1.);
#4497=SURFACE_CURVE('',#5940,(#2310,#2354),.PCURVE_S1.);
#4498=SURFACE_CURVE('',#5942,(#2311,#2373),.PCURVE_S1.);
#4499=SURFACE_CURVE('',#5951,(#2319,#2381),.PCURVE_S1.);
#4500=SURFACE_CURVE('',#5953,(#2320,#2362),.PCURVE_S1.);
#4501=SURFACE_CURVE('',#5955,(#2321,#2346),.PCURVE_S1.);
#4502=SURFACE_CURVE('',#5958,(#2323,#2376),.PCURVE_S1.);
#4503=SURFACE_CURVE('',#5961,(#2325,#2342),.PCURVE_S1.);
#4504=SURFACE_CURVE('',#5984,(#2347,#2361),.PCURVE_S1.);
#4505=SURFACE_CURVE('',#5986,(#2348,#2370),.PCURVE_S1.);
#4506=SURFACE_CURVE('',#5991,(#2352,#2364),.PCURVE_S1.);
#4507=SURFACE_CURVE('',#5993,(#2353,#2355),.PCURVE_S1.);
#4508=SURFACE_CURVE('',#4119,(#2356,#2367),.PCURVE_S1.);
#4509=SURFACE_CURVE('',#5998,(#2358,#2374),.PCURVE_S1.);
#4510=SURFACE_CURVE('',#4121,(#2360,#2371),.PCURVE_S1.);
#4511=SURFACE_CURVE('',#6003,(#2363,#2380),.PCURVE_S1.);
#4512=SURFACE_CURVE('',#4123,(#2385,#2390),.PCURVE_S1.);
#4513=SURFACE_CURVE('',#6033,(#2392,#2408),.PCURVE_S1.);
#4514=SURFACE_CURVE('',#6035,(#2393,#2407),.PCURVE_S1.);
#4515=SURFACE_CURVE('',#6037,(#2394,#2401),.PCURVE_S1.);
#4516=SURFACE_CURVE('',#6039,(#2395,#2398),.PCURVE_S1.);
#4517=SURFACE_CURVE('',#6041,(#2396,#2426),.PCURVE_S1.);
#4518=SURFACE_CURVE('',#6043,(#2397,#2409),.PCURVE_S1.);
#4519=SURFACE_CURVE('',#6046,(#2399,#2400),.PCURVE_S1.);
#4520=SURFACE_CURVE('',#6050,(#2402,#2406),.PCURVE_S1.);
#4521=SURFACE_CURVE('',#6052,(#2403,#2422),.PCURVE_S1.);
#4522=SURFACE_CURVE('',#6054,(#2404,#2411),.PCURVE_S1.);
#4523=SURFACE_CURVE('',#6056,(#2405,#2418),.PCURVE_S1.);
#4524=SURFACE_CURVE('',#6062,(#2410,#2414),.PCURVE_S1.);
#4525=SURFACE_CURVE('',#6065,(#2412,#2430),.PCURVE_S1.);
#4526=SURFACE_CURVE('',#6067,(#2413,#2419),.PCURVE_S1.);
#4527=SURFACE_CURVE('',#6070,(#2415,#2425),.PCURVE_S1.);
#4528=SURFACE_CURVE('',#6072,(#2416,#2429),.PCURVE_S1.);
#4529=SURFACE_CURVE('',#6074,(#2417,#2423),.PCURVE_S1.);
#4530=SURFACE_CURVE('',#6078,(#2420,#2428),.PCURVE_S1.);
#4531=SURFACE_CURVE('',#6080,(#2421,#2427),.PCURVE_S1.);
#4532=SURFACE_CURVE('',#6084,(#2424,#2431),.PCURVE_S1.);
#4533=SURFACE_CURVE('',#6093,(#2432,#2444),.PCURVE_S1.);
#4534=SURFACE_CURVE('',#6095,(#2433,#2439),.PCURVE_S1.);
#4535=SURFACE_CURVE('',#6097,(#2434,#2441),.PCURVE_S1.);
#4536=SURFACE_CURVE('',#6099,(#2435,#2450),.PCURVE_S1.);
#4537=SURFACE_CURVE('',#6101,(#2436,#2447),.PCURVE_S1.);
#4538=SURFACE_CURVE('',#6103,(#2437,#2466),.PCURVE_S1.);
#4539=SURFACE_CURVE('',#6105,(#2438,#2442),.PCURVE_S1.);
#4540=SURFACE_CURVE('',#6108,(#2440,#2451),.PCURVE_S1.);
#4541=SURFACE_CURVE('',#6112,(#2443,#2462),.PCURVE_S1.);
#4542=SURFACE_CURVE('',#6115,(#2445,#2449),.PCURVE_S1.);
#4543=SURFACE_CURVE('',#6117,(#2446,#2458),.PCURVE_S1.);
#4544=SURFACE_CURVE('',#6120,(#2448,#2454),.PCURVE_S1.);
#4545=SURFACE_CURVE('',#6125,(#2452,#2468),.PCURVE_S1.);
#4546=SURFACE_CURVE('',#6127,(#2453,#2459),.PCURVE_S1.);
#4547=SURFACE_CURVE('',#6130,(#2455,#2461),.PCURVE_S1.);
#4548=SURFACE_CURVE('',#6132,(#2456,#2471),.PCURVE_S1.);
#4549=SURFACE_CURVE('',#6134,(#2457,#2467),.PCURVE_S1.);
#4550=SURFACE_CURVE('',#6138,(#2460,#2469),.PCURVE_S1.);
#4551=SURFACE_CURVE('',#6142,(#2463,#2465),.PCURVE_S1.);
#4552=SURFACE_CURVE('',#6144,(#2464,#2470),.PCURVE_S1.);
#4553=SURFACE_CURVE('',#6153,(#2472,#2849),.PCURVE_S1.);
#4554=SURFACE_CURVE('',#6155,(#2473,#2825),.PCURVE_S1.);
#4555=SURFACE_CURVE('',#6157,(#2474,#2829),.PCURVE_S1.);
#4556=SURFACE_CURVE('',#6159,(#2475,#2821),.PCURVE_S1.);
#4557=SURFACE_CURVE('',#4124,(#2476,#2546),.PCURVE_S1.);
#4558=SURFACE_CURVE('',#6161,(#2477,#2767),.PCURVE_S1.);
#4559=SURFACE_CURVE('',#6163,(#2478,#2773),.PCURVE_S1.);
#4560=SURFACE_CURVE('',#6165,(#2479,#2781),.PCURVE_S1.);
#4561=SURFACE_CURVE('',#4126,(#2480,#2788),.PCURVE_S1.);
#4562=SURFACE_CURVE('',#6167,(#2481,#2548),.PCURVE_S1.);
#4563=SURFACE_CURVE('',#6169,(#2482,#2562),.PCURVE_S1.);
#4564=SURFACE_CURVE('',#6171,(#2483,#2561),.PCURVE_S1.);
#4565=SURFACE_CURVE('',#6173,(#2484,#2560),.PCURVE_S1.);
#4566=SURFACE_CURVE('',#6175,(#2485,#2754),.PCURVE_S1.);
#4567=SURFACE_CURVE('',#4128,(#2486,#2760),.PCURVE_S1.);
#4568=SURFACE_CURVE('',#6177,(#2487,#2762),.PCURVE_S1.);
#4569=SURFACE_CURVE('',#6179,(#2488,#2847),.PCURVE_S1.);
#4570=SURFACE_CURVE('',#6181,(#2489,#2764),.PCURVE_S1.);
#4571=SURFACE_CURVE('',#4130,(#2490,#2758),.PCURVE_S1.);
#4572=SURFACE_CURVE('',#6183,(#2491,#2756),.PCURVE_S1.);
#4573=SURFACE_CURVE('',#4132,(#2492,#2752),.PCURVE_S1.);
#4574=SURFACE_CURVE('',#6185,(#2493,#2747),.PCURVE_S1.);
#4575=SURFACE_CURVE('',#6187,(#2494,#2817),.PCURVE_S1.);
#4576=SURFACE_CURVE('',#6189,(#2495,#2569),.PCURVE_S1.);
#4577=SURFACE_CURVE('',#4134,(#2496,#2555),.PCURVE_S1.);
#4578=SURFACE_CURVE('',#6191,(#2497,#2550),.PCURVE_S1.);
#4579=SURFACE_CURVE('',#4136,(#2498,#2786),.PCURVE_S1.);
#4580=SURFACE_CURVE('',#6193,(#2499,#2783),.PCURVE_S1.);
#4581=SURFACE_CURVE('',#6195,(#2500,#2790),.PCURVE_S1.);
#4582=SURFACE_CURVE('',#6197,(#2501,#2765),.PCURVE_S1.);
#4583=SURFACE_CURVE('',#4138,(#2502,#2544),.PCURVE_S1.);
#4584=SURFACE_CURVE('',#6199,(#2503,#2819),.PCURVE_S1.);
#4585=SURFACE_CURVE('',#6201,(#2504,#2827),.PCURVE_S1.);
#4586=SURFACE_CURVE('',#6203,(#2505,#2823),.PCURVE_S1.);
#4587=SURFACE_CURVE('',#6205,(#2506,#2845),.PCURVE_S1.);
#4588=SURFACE_CURVE('',#6207,(#2507,#2619),.PCURVE_S1.);
#4589=SURFACE_CURVE('',#4140,(#2508,#2615),.PCURVE_S1.);
#4590=SURFACE_CURVE('',#6209,(#2509,#2608),.PCURVE_S1.);
#4591=SURFACE_CURVE('',#6211,(#2510,#2587),.PCURVE_S1.);
#4592=SURFACE_CURVE('',#6213,(#2511,#2594),.PCURVE_S1.);
#4593=SURFACE_CURVE('',#6215,(#2512,#2593),.PCURVE_S1.);
#4594=SURFACE_CURVE('',#6217,(#2513,#2670),.PCURVE_S1.);
#4595=SURFACE_CURVE('',#4142,(#2514,#2665),.PCURVE_S1.);
#4596=SURFACE_CURVE('',#6219,(#2515,#2662),.PCURVE_S1.);
#4597=SURFACE_CURVE('',#6221,(#2516,#2628),.PCURVE_S1.);
#4598=SURFACE_CURVE('',#6223,(#2517,#2620),.PCURVE_S1.);
#4599=SURFACE_CURVE('',#4144,(#2518,#2540),.PCURVE_S1.);
#4600=SURFACE_CURVE('',#6225,(#2519,#2841),.PCURVE_S1.);
#4601=SURFACE_CURVE('',#6227,(#2520,#2833),.PCURVE_S1.);
#4602=SURFACE_CURVE('',#6229,(#2521,#2835),.PCURVE_S1.);
#4603=SURFACE_CURVE('',#6231,(#2522,#2843),.PCURVE_S1.);
#4604=SURFACE_CURVE('',#6233,(#2523,#2837),.PCURVE_S1.);
#4605=SURFACE_CURVE('',#6235,(#2524,#2831),.PCURVE_S1.);
#4606=SURFACE_CURVE('',#6237,(#2525,#2839),.PCURVE_S1.);
#4607=SURFACE_CURVE('',#4146,(#2526,#2542),.PCURVE_S1.);
#4608=SURFACE_CURVE('',#6239,(#2527,#2622),.PCURVE_S1.);
#4609=SURFACE_CURVE('',#6241,(#2528,#2645),.PCURVE_S1.);
#4610=SURFACE_CURVE('',#6243,(#2529,#2660),.PCURVE_S1.);
#4611=SURFACE_CURVE('',#4148,(#2530,#2667),.PCURVE_S1.);
#4612=SURFACE_CURVE('',#6245,(#2531,#2668),.PCURVE_S1.);
#4613=SURFACE_CURVE('',#4150,(#2532,#2673),.PCURVE_S1.);
#4614=SURFACE_CURVE('',#6247,(#2533,#2678),.PCURVE_S1.);
#4615=SURFACE_CURVE('',#6249,(#2534,#2597),.PCURVE_S1.);
#4616=SURFACE_CURVE('',#6251,(#2535,#2599),.PCURVE_S1.);
#4617=SURFACE_CURVE('',#4152,(#2536,#2607),.PCURVE_S1.);
#4618=SURFACE_CURVE('',#6253,(#2537,#2610),.PCURVE_S1.);
#4619=SURFACE_CURVE('',#4154,(#2538,#2613),.PCURVE_S1.);
#4620=SURFACE_CURVE('',#6255,(#2539,#2617),.PCURVE_S1.);
#4621=SURFACE_CURVE('',#6258,(#2541,#2623),.PCURVE_S1.);
#4622=SURFACE_CURVE('',#6261,(#2543,#2838),.PCURVE_S1.);
#4623=SURFACE_CURVE('',#6264,(#2545,#2768),.PCURVE_S1.);
#4624=SURFACE_CURVE('',#6267,(#2547,#2820),.PCURVE_S1.);
#4625=SURFACE_CURVE('',#6270,(#2549,#2787),.PCURVE_S1.);
#4626=SURFACE_CURVE('',#6273,(#2551,#2554),.PCURVE_S1.);
#4627=SURFACE_CURVE('',#6275,(#2552,#2568),.PCURVE_S1.);
#4628=SURFACE_CURVE('',#6277,(#2553,#2563),.PCURVE_S1.);
#4629=SURFACE_CURVE('',#6281,(#2556,#2575),.PCURVE_S1.);
#4630=SURFACE_CURVE('',#6283,(#2557,#2582),.PCURVE_S1.);
#4631=SURFACE_CURVE('',#4156,(#2558,#2744),.PCURVE_S1.);
#4632=SURFACE_CURVE('',#6286,(#2559,#2750),.PCURVE_S1.);
#4633=SURFACE_CURVE('',#4157,(#2564,#2567),.PCURVE_S1.);
#4634=SURFACE_CURVE('',#4158,(#2565,#2816),.PCURVE_S1.);
#4635=SURFACE_CURVE('',#6293,(#2566,#2576),.PCURVE_S1.);
#4636=SURFACE_CURVE('',#4161,(#2570,#2693),.PCURVE_S1.);
#4637=SURFACE_CURVE('',#4162,(#2571,#2695),.PCURVE_S1.);
#4638=SURFACE_CURVE('',#6299,(#2572,#2708),.PCURVE_S1.);
#4639=SURFACE_CURVE('',#4163,(#2573,#2714),.PCURVE_S1.);
#4640=SURFACE_CURVE('',#4164,(#2574,#2583),.PCURVE_S1.);
#4641=SURFACE_CURVE('',#6305,(#2577,#2815),.PCURVE_S1.);
#4642=SURFACE_CURVE('',#6307,(#2578,#2731),.PCURVE_S1.);
#4643=SURFACE_CURVE('',#6309,(#2579,#2735),.PCURVE_S1.);
#4644=SURFACE_CURVE('',#6311,(#2580,#2739),.PCURVE_S1.);
#4645=SURFACE_CURVE('',#6313,(#2581,#2743),.PCURVE_S1.);
#4646=SURFACE_CURVE('',#6316,(#2584,#2713),.PCURVE_S1.);
#4647=SURFACE_CURVE('',#4166,(#2585,#2684),.PCURVE_S1.);
#4648=SURFACE_CURVE('',#6318,(#2586,#2590),.PCURVE_S1.);
#4649=SURFACE_CURVE('',#6321,(#2588,#2605),.PCURVE_S1.);
#4650=SURFACE_CURVE('',#4168,(#2589,#2602),.PCURVE_S1.);
#4651=SURFACE_CURVE('',#4169,(#2591,#2680),.PCURVE_S1.);
#4652=SURFACE_CURVE('',#6326,(#2592,#2675),.PCURVE_S1.);
#4653=SURFACE_CURVE('',#6330,(#2595,#2690),.PCURVE_S1.);
#4654=SURFACE_CURVE('',#4170,(#2596,#2600),.PCURVE_S1.);
#4655=SURFACE_CURVE('',#4171,(#2598,#2677),.PCURVE_S1.);
#4656=SURFACE_CURVE('',#6336,(#2601,#2728),.PCURVE_S1.);
#4657=SURFACE_CURVE('',#6338,(#2603,#2604),.PCURVE_S1.);
#4658=SURFACE_CURVE('',#6342,(#2606,#2611),.PCURVE_S1.);
#4659=SURFACE_CURVE('',#6346,(#2609,#2614),.PCURVE_S1.);
#4660=SURFACE_CURVE('',#6350,(#2612,#2618),.PCURVE_S1.);
#4661=SURFACE_CURVE('',#6355,(#2616,#2844),.PCURVE_S1.);
#4662=SURFACE_CURVE('',#6361,(#2621,#2625),.PCURVE_S1.);
#4663=SURFACE_CURVE('',#4174,(#2624,#2646),.PCURVE_S1.);
#4664=SURFACE_CURVE('',#4176,(#2626,#2631),.PCURVE_S1.);
#4665=SURFACE_CURVE('',#6366,(#2627,#2637),.PCURVE_S1.);
#4666=SURFACE_CURVE('',#4178,(#2629,#2650),.PCURVE_S1.);
#4667=SURFACE_CURVE('',#6370,(#2630,#2635),.PCURVE_S1.);
#4668=SURFACE_CURVE('',#6373,(#2632,#2654),.PCURVE_S1.);
#4669=SURFACE_CURVE('',#6375,(#2633,#2658),.PCURVE_S1.);
#4670=SURFACE_CURVE('',#6377,(#2634,#2638),.PCURVE_S1.);
#4671=SURFACE_CURVE('',#6380,(#2636,#2643),.PCURVE_S1.);
#4672=SURFACE_CURVE('',#6384,(#2639,#2657),.PCURVE_S1.);
#4673=SURFACE_CURVE('',#6386,(#2640,#2656),.PCURVE_S1.);
#4674=SURFACE_CURVE('',#6388,(#2641,#2652),.PCURVE_S1.);
#4675=SURFACE_CURVE('',#6390,(#2642,#2647),.PCURVE_S1.);
#4676=SURFACE_CURVE('',#4179,(#2644,#2648),.PCURVE_S1.);
#4677=SURFACE_CURVE('',#6397,(#2649,#2655),.PCURVE_S1.);
#4678=SURFACE_CURVE('',#6399,(#2651,#2661),.PCURVE_S1.);
#4679=SURFACE_CURVE('',#6402,(#2653,#2659),.PCURVE_S1.);
#4680=SURFACE_CURVE('',#6413,(#2663,#2664),.PCURVE_S1.);
#4681=SURFACE_CURVE('',#6417,(#2666,#2669),.PCURVE_S1.);
#4682=SURFACE_CURVE('',#6423,(#2671,#2674),.PCURVE_S1.);
#4683=SURFACE_CURVE('',#6425,(#2672,#2679),.PCURVE_S1.);
#4684=SURFACE_CURVE('',#6430,(#2676,#2683),.PCURVE_S1.);
#4685=SURFACE_CURVE('',#6434,(#2681,#2723),.PCURVE_S1.);
#4686=SURFACE_CURVE('',#4184,(#2682,#2691),.PCURVE_S1.);
#4687=SURFACE_CURVE('',#6439,(#2685,#2814),.PCURVE_S1.);
#4688=SURFACE_CURVE('',#6441,(#2686,#2741),.PCURVE_S1.);
#4689=SURFACE_CURVE('',#6443,(#2687,#2737),.PCURVE_S1.);
#4690=SURFACE_CURVE('',#6445,(#2688,#2733),.PCURVE_S1.);
#4691=SURFACE_CURVE('',#6447,(#2689,#2729),.PCURVE_S1.);
#4692=SURFACE_CURVE('',#6450,(#2692,#2696),.PCURVE_S1.);
#4693=SURFACE_CURVE('',#6452,(#2694,#2709),.PCURVE_S1.);
#4694=SURFACE_CURVE('',#6455,(#2697,#2722),.PCURVE_S1.);
#4695=SURFACE_CURVE('',#6457,(#2698,#2699),.PCURVE_S1.);
#4696=SURFACE_CURVE('',#6460,(#2700,#2727),.PCURVE_S1.);
#4697=SURFACE_CURVE('',#6462,(#2701,#2705),.PCURVE_S1.);
#4698=SURFACE_CURVE('',#6464,(#2702,#2710),.PCURVE_S1.);
#4699=SURFACE_CURVE('',#6466,(#2703,#2720),.PCURVE_S1.);
#4700=SURFACE_CURVE('',#6468,(#2704,#2711),.PCURVE_S1.);
#4701=SURFACE_CURVE('',#6471,(#2706,#2726),.PCURVE_S1.);
#4702=SURFACE_CURVE('',#6473,(#2707,#2715),.PCURVE_S1.);
#4703=SURFACE_CURVE('',#6479,(#2712,#2719),.PCURVE_S1.);
#4704=SURFACE_CURVE('',#6483,(#2716,#2718),.PCURVE_S1.);
#4705=SURFACE_CURVE('',#6485,(#2717,#2724),.PCURVE_S1.);
#4706=SURFACE_CURVE('',#6490,(#2721,#2725),.PCURVE_S1.);
#4707=SURFACE_CURVE('',#6500,(#2730,#2732),.PCURVE_S1.);
#4708=SURFACE_CURVE('',#6505,(#2734,#2736),.PCURVE_S1.);
#4709=SURFACE_CURVE('',#6510,(#2738,#2740),.PCURVE_S1.);
#4710=SURFACE_CURVE('',#6515,(#2742,#2745),.PCURVE_S1.);
#4711=SURFACE_CURVE('',#4190,(#2746,#2813),.PCURVE_S1.);
#4712=SURFACE_CURVE('',#6520,(#2748,#2751),.PCURVE_S1.);
#4713=SURFACE_CURVE('',#6522,(#2749,#2755),.PCURVE_S1.);
#4714=SURFACE_CURVE('',#6527,(#2753,#2757),.PCURVE_S1.);
#4715=SURFACE_CURVE('',#6534,(#2759,#2763),.PCURVE_S1.);
#4716=SURFACE_CURVE('',#6537,(#2761,#2846),.PCURVE_S1.);
#4717=SURFACE_CURVE('',#6543,(#2766,#2772),.PCURVE_S1.);
#4718=SURFACE_CURVE('',#4192,(#2769,#2789),.PCURVE_S1.);
#4719=SURFACE_CURVE('',#6547,(#2770,#2812),.PCURVE_S1.);
#4720=SURFACE_CURVE('',#4194,(#2771,#2774),.PCURVE_S1.);
#4721=SURFACE_CURVE('',#6552,(#2775,#2804),.PCURVE_S1.);
#4722=SURFACE_CURVE('',#4196,(#2776,#2779),.PCURVE_S1.);
#4723=SURFACE_CURVE('',#4197,(#2777,#2791),.PCURVE_S1.);
#4724=SURFACE_CURVE('',#6555,(#2778,#2782),.PCURVE_S1.);
#4725=SURFACE_CURVE('',#6557,(#2780,#2798),.PCURVE_S1.);
#4726=SURFACE_CURVE('',#6562,(#2784,#2785),.PCURVE_S1.);
#4727=SURFACE_CURVE('',#6571,(#2792,#2795),.PCURVE_S1.);
#4728=SURFACE_CURVE('',#6573,(#2793,#2805),.PCURVE_S1.);
#4729=SURFACE_CURVE('',#6575,(#2794,#2809),.PCURVE_S1.);
#4730=SURFACE_CURVE('',#6578,(#2796,#2797),.PCURVE_S1.);
#4731=SURFACE_CURVE('',#6582,(#2799,#2803),.PCURVE_S1.);
#4732=SURFACE_CURVE('',#6584,(#2800,#2806),.PCURVE_S1.);
#4733=SURFACE_CURVE('',#6586,(#2801,#2811),.PCURVE_S1.);
#4734=SURFACE_CURVE('',#6588,(#2802,#2807),.PCURVE_S1.);
#4735=SURFACE_CURVE('',#6595,(#2808,#2810),.PCURVE_S1.);
#4736=SURFACE_CURVE('',#6606,(#2818,#2828),.PCURVE_S1.);
#4737=SURFACE_CURVE('',#6611,(#2822,#2848),.PCURVE_S1.);
#4738=SURFACE_CURVE('',#6614,(#2824,#2826),.PCURVE_S1.);
#4739=SURFACE_CURVE('',#6621,(#2830,#2840),.PCURVE_S1.);
#4740=SURFACE_CURVE('',#6624,(#2832,#2836),.PCURVE_S1.);
#4741=SURFACE_CURVE('',#6627,(#2834,#2842),.PCURVE_S1.);
#4742=EDGE_CURVE('',#6644,#6646,#4200,.T.);
#4743=EDGE_CURVE('',#6646,#6645,#4201,.T.);
#4744=EDGE_CURVE('',#6645,#6830,#4202,.T.);
#4745=EDGE_CURVE('',#6830,#6829,#4203,.T.);
#4746=EDGE_CURVE('',#6829,#6644,#4204,.T.);
#4747=EDGE_CURVE('',#6644,#6658,#4205,.T.);
#4748=EDGE_CURVE('',#6658,#6659,#4206,.T.);
#4749=EDGE_CURVE('',#6659,#6660,#4207,.T.);
#4750=EDGE_CURVE('',#6660,#6661,#4208,.T.);
#4751=EDGE_CURVE('',#6661,#6662,#4209,.T.);
#4752=EDGE_CURVE('',#6662,#6663,#4210,.T.);
#4753=EDGE_CURVE('',#6663,#6664,#4211,.T.);
#4754=EDGE_CURVE('',#6664,#6647,#4212,.T.);
#4755=EDGE_CURVE('',#6647,#6648,#4213,.T.);
#4756=EDGE_CURVE('',#6648,#6696,#4214,.T.);
#4757=EDGE_CURVE('',#6696,#6695,#4215,.T.);
#4758=EDGE_CURVE('',#6695,#6694,#4216,.T.);
#4759=EDGE_CURVE('',#6694,#6688,#4217,.T.);
#4760=EDGE_CURVE('',#6688,#6686,#4218,.T.);
#4761=EDGE_CURVE('',#6686,#6649,#4219,.T.);
#4762=EDGE_CURVE('',#6649,#6650,#4220,.T.);
#4763=EDGE_CURVE('',#6650,#6651,#4221,.T.);
#4764=EDGE_CURVE('',#6651,#6652,#4222,.T.);
#4765=EDGE_CURVE('',#6652,#6653,#4223,.T.);
#4766=EDGE_CURVE('',#6653,#6654,#4224,.T.);
#4767=EDGE_CURVE('',#6654,#6655,#4225,.T.);
#4768=EDGE_CURVE('',#6655,#6656,#4226,.T.);
#4769=EDGE_CURVE('',#6656,#6657,#4227,.T.);
#4770=EDGE_CURVE('',#6657,#6645,#4228,.T.);
#4771=EDGE_CURVE('',#6668,#6666,#4229,.T.);
#4772=EDGE_CURVE('',#6666,#6665,#4230,.T.);
#4773=EDGE_CURVE('',#6665,#6667,#4231,.T.);
#4774=EDGE_CURVE('',#6667,#6668,#4232,.T.);
#4775=EDGE_CURVE('',#6670,#6669,#4233,.T.);
#4776=EDGE_CURVE('',#6669,#6671,#4234,.T.);
#4777=EDGE_CURVE('',#6671,#6666,#4235,.T.);
#4778=EDGE_CURVE('',#6668,#6670,#4236,.T.);
#4779=EDGE_CURVE('',#6667,#6672,#4237,.T.);
#4780=EDGE_CURVE('',#6672,#6670,#4238,.T.);
#4781=EDGE_CURVE('',#6665,#6674,#4239,.T.);
#4782=EDGE_CURVE('',#6674,#6673,#4240,.T.);
#4783=EDGE_CURVE('',#6673,#6672,#4241,.T.);
#4784=EDGE_CURVE('',#6676,#6675,#4242,.T.);
#4785=EDGE_CURVE('',#6675,#6677,#4243,.T.);
#4786=EDGE_CURVE('',#6677,#6657,#4244,.T.);
#4787=EDGE_CURVE('',#6656,#6676,#4245,.T.);
#4788=EDGE_CURVE('',#6679,#6678,#4246,.T.);
#4789=EDGE_CURVE('',#6678,#6681,#4247,.T.);
#4790=EDGE_CURVE('',#6681,#6680,#4248,.T.);
#4791=EDGE_CURVE('',#6680,#6679,#4249,.T.);
#4792=EDGE_CURVE('',#6685,#6684,#4250,.T.);
#4793=EDGE_CURVE('',#6684,#6683,#4251,.T.);
#4794=EDGE_CURVE('',#6683,#6682,#4252,.T.);
#4795=EDGE_CURVE('',#6682,#6685,#4253,.T.);
#4796=EDGE_CURVE('',#6682,#6649,#4254,.T.);
#4797=EDGE_CURVE('',#6686,#6685,#4255,.T.);
#4798=EDGE_CURVE('',#6688,#6687,#4256,.T.);
#4799=EDGE_CURVE('',#6687,#6685,#4257,.T.);
#4800=EDGE_CURVE('',#6687,#6689,#4258,.T.);
#4801=EDGE_CURVE('',#6689,#6684,#4259,.T.);
#4802=EDGE_CURVE('',#6693,#6692,#4260,.T.);
#4803=EDGE_CURVE('',#6692,#6690,#4261,.T.);
#4804=EDGE_CURVE('',#6690,#6691,#4262,.T.);
#4805=EDGE_CURVE('',#6691,#6693,#4263,.T.);
#4806=EDGE_CURVE('',#6695,#6693,#4264,.T.);
#4807=EDGE_CURVE('',#6691,#6694,#4265,.T.);
#4808=EDGE_CURVE('',#6696,#6697,#4266,.T.);
#4809=EDGE_CURVE('',#6697,#6693,#4267,.T.);
#4810=EDGE_CURVE('',#6697,#6698,#4268,.T.);
#4811=EDGE_CURVE('',#6698,#6692,#4269,.T.);
#4812=EDGE_CURVE('',#6700,#6699,#4270,.T.);
#4813=EDGE_CURVE('',#6699,#6653,#4271,.T.);
#4814=EDGE_CURVE('',#6652,#6700,#4272,.T.);
#4815=EDGE_CURVE('',#6703,#6702,#4273,.T.);
#4816=EDGE_CURVE('',#6702,#6701,#4274,.T.);
#4817=EDGE_CURVE('',#6701,#6704,#4275,.T.);
#4818=EDGE_CURVE('',#6704,#6703,#4276,.T.);
#4819=EDGE_CURVE('',#6706,#6705,#4277,.T.);
#4820=EDGE_CURVE('',#6705,#6655,#4278,.T.);
#4821=EDGE_CURVE('',#6654,#6706,#4279,.T.);
#4822=EDGE_CURVE('',#6710,#6709,#4280,.T.);
#4823=EDGE_CURVE('',#6709,#6708,#4281,.T.);
#4824=EDGE_CURVE('',#6708,#6707,#4282,.T.);
#4825=EDGE_CURVE('',#6707,#6710,#4283,.T.);
#4826=EDGE_CURVE('',#6711,#6714,#4284,.T.);
#4827=EDGE_CURVE('',#6714,#6713,#4285,.T.);
#4828=EDGE_CURVE('',#6713,#6712,#4286,.T.);
#4829=EDGE_CURVE('',#6712,#6711,#4287,.T.);
#4830=EDGE_CURVE('',#6715,#6717,#4288,.T.);
#4831=EDGE_CURVE('',#6717,#6718,#4289,.T.);
#4832=EDGE_CURVE('',#6718,#6716,#4290,.T.);
#4833=EDGE_CURVE('',#6716,#6715,#4291,.T.);
#4834=EDGE_CURVE('',#6719,#6714,#4292,.T.);
#4835=EDGE_CURVE('',#6711,#6716,#4293,.T.);
#4836=EDGE_CURVE('',#6718,#6720,#4294,.T.);
#4837=EDGE_CURVE('',#6720,#6719,#4295,.T.);
#4838=EDGE_CURVE('',#6720,#6722,#4296,.T.);
#4839=EDGE_CURVE('',#6722,#6721,#4297,.T.);
#4840=EDGE_CURVE('',#6721,#6719,#4298,.T.);
#4841=EDGE_CURVE('',#6727,#6726,#4299,.T.);
#4842=EDGE_CURVE('',#6726,#6724,#4300,.T.);
#4843=EDGE_CURVE('',#6724,#6723,#4301,.T.);
#4844=EDGE_CURVE('',#6723,#6725,#4302,.T.);
#4845=EDGE_CURVE('',#6725,#6727,#4303,.T.);
#4846=EDGE_CURVE('',#6730,#6726,#4304,.T.);
#4847=EDGE_CURVE('',#6727,#6729,#4305,.T.);
#4848=EDGE_CURVE('',#6729,#6728,#4306,.T.);
#4849=EDGE_CURVE('',#6728,#6730,#4307,.T.);
#4850=EDGE_CURVE('',#6728,#6729,#4308,.T.);
#4851=EDGE_CURVE('',#6725,#6730,#4309,.T.);
#4852=EDGE_CURVE('',#6723,#6724,#4310,.T.);
#4853=EDGE_CURVE('',#6736,#6735,#4311,.T.);
#4854=EDGE_CURVE('',#6735,#6734,#4312,.T.);
#4855=EDGE_CURVE('',#6734,#6733,#4313,.T.);
#4856=EDGE_CURVE('',#6733,#6732,#4314,.T.);
#4857=EDGE_CURVE('',#6732,#6731,#4315,.T.);
#4858=EDGE_CURVE('',#6731,#6721,#4316,.T.);
#4859=EDGE_CURVE('',#6722,#6736,#4317,.T.);
#4860=EDGE_CURVE('',#6738,#6737,#4318,.T.);
#4861=EDGE_CURVE('',#6737,#6735,#4319,.T.);
#4862=EDGE_CURVE('',#6736,#6738,#4320,.T.);
#4863=EDGE_CURVE('',#6717,#6738,#4321,.T.);
#4864=EDGE_CURVE('',#6715,#6704,#4322,.T.);
#4865=EDGE_CURVE('',#6701,#6708,#4323,.T.);
#4866=EDGE_CURVE('',#6709,#6739,#4324,.T.);
#4867=EDGE_CURVE('',#6739,#6740,#4325,.T.);
#4868=EDGE_CURVE('',#6740,#6737,#4326,.T.);
#4869=EDGE_CURVE('',#6741,#6742,#4327,.T.);
#4870=EDGE_CURVE('',#6742,#6740,#4328,.T.);
#4871=EDGE_CURVE('',#6739,#6741,#4329,.T.);
#4872=EDGE_CURVE('',#6742,#6743,#4330,.T.);
#4873=EDGE_CURVE('',#6743,#6734,#4331,.T.);
#4874=EDGE_CURVE('',#6743,#6744,#4332,.T.);
#4875=EDGE_CURVE('',#6744,#6733,#4333,.T.);
#4876=EDGE_CURVE('',#6741,#6745,#4334,.T.);
#4877=EDGE_CURVE('',#6745,#6746,#4335,.T.);
#4878=EDGE_CURVE('',#6746,#6744,#4336,.T.);
#4879=EDGE_CURVE('',#6747,#6748,#4337,.T.);
#4880=EDGE_CURVE('',#6748,#6746,#4338,.T.);
#4881=EDGE_CURVE('',#6745,#6747,#4339,.T.);
#4882=EDGE_CURVE('',#6748,#6749,#4340,.T.);
#4883=EDGE_CURVE('',#6749,#6732,#4341,.T.);
#4884=EDGE_CURVE('',#6749,#6750,#4342,.T.);
#4885=EDGE_CURVE('',#6750,#6731,#4343,.T.);
#4886=EDGE_CURVE('',#6750,#6713,#4344,.T.);
#4887=EDGE_CURVE('',#6747,#6710,#4345,.T.);
#4888=EDGE_CURVE('',#6707,#6706,#4346,.T.);
#4889=EDGE_CURVE('',#6699,#6702,#4347,.T.);
#4890=EDGE_CURVE('',#6703,#6712,#4348,.T.);
#4891=EDGE_CURVE('',#6754,#6753,#4349,.T.);
#4892=EDGE_CURVE('',#6753,#6752,#4350,.T.);
#4893=EDGE_CURVE('',#6752,#6751,#4351,.T.);
#4894=EDGE_CURVE('',#6751,#6754,#4352,.T.);
#4895=EDGE_CURVE('',#6755,#6756,#4353,.T.);
#4896=EDGE_CURVE('',#6756,#6662,#4354,.T.);
#4897=EDGE_CURVE('',#6661,#6755,#4355,.T.);
#4898=EDGE_CURVE('',#6758,#6757,#4356,.T.);
#4899=EDGE_CURVE('',#6757,#6664,#4357,.T.);
#4900=EDGE_CURVE('',#6663,#6758,#4358,.T.);
#4901=EDGE_CURVE('',#6762,#6761,#4359,.T.);
#4902=EDGE_CURVE('',#6761,#6760,#4360,.T.);
#4903=EDGE_CURVE('',#6760,#6759,#4361,.T.);
#4904=EDGE_CURVE('',#6759,#6762,#4362,.T.);
#4905=EDGE_CURVE('',#6764,#6763,#4363,.T.);
#4906=EDGE_CURVE('',#6763,#6766,#4364,.T.);
#4907=EDGE_CURVE('',#6766,#6754,#4365,.T.);
#4908=EDGE_CURVE('',#6751,#6760,#4366,.T.);
#4909=EDGE_CURVE('',#6761,#6765,#4367,.T.);
#4910=EDGE_CURVE('',#6765,#6764,#4368,.T.);
#4911=EDGE_CURVE('',#6763,#6768,#4369,.T.);
#4912=EDGE_CURVE('',#6768,#6767,#4370,.T.);
#4913=EDGE_CURVE('',#6767,#6769,#4371,.T.);
#4914=EDGE_CURVE('',#6769,#6766,#4372,.T.);
#4915=EDGE_CURVE('',#6773,#6769,#4373,.T.);
#4916=EDGE_CURVE('',#6767,#6772,#4374,.T.);
#4917=EDGE_CURVE('',#6772,#6771,#4375,.T.);
#4918=EDGE_CURVE('',#6771,#6770,#4376,.T.);
#4919=EDGE_CURVE('',#6770,#6773,#4377,.T.);
#4920=EDGE_CURVE('',#6776,#6773,#4378,.T.);
#4921=EDGE_CURVE('',#6770,#6775,#4379,.T.);
#4922=EDGE_CURVE('',#6775,#6774,#4380,.T.);
#4923=EDGE_CURVE('',#6774,#6776,#4381,.T.);
#4924=EDGE_CURVE('',#6778,#6762,#4382,.T.);
#4925=EDGE_CURVE('',#6759,#6758,#4383,.T.);
#4926=EDGE_CURVE('',#6756,#6752,#4384,.T.);
#4927=EDGE_CURVE('',#6753,#6776,#4385,.T.);
#4928=EDGE_CURVE('',#6774,#6777,#4386,.T.);
#4929=EDGE_CURVE('',#6777,#6778,#4387,.T.);
#4930=EDGE_CURVE('',#6777,#6780,#4388,.T.);
#4931=EDGE_CURVE('',#6780,#6779,#4389,.T.);
#4932=EDGE_CURVE('',#6779,#6781,#4390,.T.);
#4933=EDGE_CURVE('',#6781,#6778,#4391,.T.);
#4934=EDGE_CURVE('',#6782,#6765,#4392,.T.);
#4935=EDGE_CURVE('',#6781,#6782,#4393,.T.);
#4936=EDGE_CURVE('',#6782,#6784,#4394,.T.);
#4937=EDGE_CURVE('',#6784,#6783,#4395,.T.);
#4938=EDGE_CURVE('',#6783,#6764,#4396,.T.);
#4939=EDGE_CURVE('',#6779,#6786,#4397,.T.);
#4940=EDGE_CURVE('',#6786,#6785,#4398,.T.);
#4941=EDGE_CURVE('',#6785,#6784,#4399,.T.);
#4942=EDGE_CURVE('',#6785,#6788,#4400,.T.);
#4943=EDGE_CURVE('',#6788,#6787,#4401,.T.);
#4944=EDGE_CURVE('',#6787,#6783,#4402,.T.);
#4945=EDGE_CURVE('',#6787,#6789,#4403,.T.);
#4946=EDGE_CURVE('',#6789,#6768,#4404,.T.);
#4947=EDGE_CURVE('',#6790,#6772,#4405,.T.);
#4948=EDGE_CURVE('',#6789,#6790,#4406,.T.);
#4949=EDGE_CURVE('',#6790,#6791,#4407,.T.);
#4950=EDGE_CURVE('',#6791,#6771,#4408,.T.);
#4951=EDGE_CURVE('',#6791,#6792,#4409,.T.);
#4952=EDGE_CURVE('',#6792,#6775,#4410,.T.);
#4953=EDGE_CURVE('',#6792,#6793,#4411,.T.);
#4954=EDGE_CURVE('',#6793,#6780,#4412,.T.);
#4955=EDGE_CURVE('',#6794,#6786,#4413,.T.);
#4956=EDGE_CURVE('',#6793,#6794,#4414,.T.);
#4957=EDGE_CURVE('',#6794,#6788,#4415,.T.);
#4958=EDGE_CURVE('',#6795,#6796,#4416,.T.);
#4959=EDGE_CURVE('',#6796,#6795,#4417,.T.);
#4960=EDGE_CURVE('',#6800,#6798,#4418,.T.);
#4961=EDGE_CURVE('',#6798,#6797,#4419,.T.);
#4962=EDGE_CURVE('',#6797,#6799,#4420,.T.);
#4963=EDGE_CURVE('',#6799,#6801,#4421,.T.);
#4964=EDGE_CURVE('',#6801,#6800,#4422,.T.);
#4965=EDGE_CURVE('',#6802,#6796,#4423,.T.);
#4966=EDGE_CURVE('',#6795,#6801,#4424,.T.);
#4967=EDGE_CURVE('',#6799,#6802,#4425,.T.);
#4968=EDGE_CURVE('',#6802,#6800,#4426,.T.);
#4969=EDGE_CURVE('',#6797,#6798,#4427,.T.);
#4970=EDGE_CURVE('',#6803,#6806,#4428,.T.);
#4971=EDGE_CURVE('',#6806,#6805,#4429,.T.);
#4972=EDGE_CURVE('',#6805,#6804,#4430,.T.);
#4973=EDGE_CURVE('',#6804,#6803,#4431,.T.);
#4974=EDGE_CURVE('',#6805,#6806,#4432,.T.);
#4975=EDGE_CURVE('',#6803,#6804,#4433,.T.);
#4976=EDGE_CURVE('',#6807,#6810,#4434,.T.);
#4977=EDGE_CURVE('',#6810,#6809,#4435,.T.);
#4978=EDGE_CURVE('',#6809,#6808,#4436,.T.);
#4979=EDGE_CURVE('',#6808,#6807,#4437,.T.);
#4980=EDGE_CURVE('',#6809,#6810,#4438,.T.);
#4981=EDGE_CURVE('',#6807,#6808,#4439,.T.);
#4982=EDGE_CURVE('',#6811,#6814,#4440,.T.);
#4983=EDGE_CURVE('',#6814,#6813,#4441,.T.);
#4984=EDGE_CURVE('',#6813,#6812,#4442,.T.);
#4985=EDGE_CURVE('',#6812,#6811,#4443,.T.);
#4986=EDGE_CURVE('',#6813,#6814,#4444,.T.);
#4987=EDGE_CURVE('',#6811,#6812,#4445,.T.);
#4988=EDGE_CURVE('',#6815,#6816,#4446,.T.);
#4989=EDGE_CURVE('',#6816,#6815,#4447,.T.);
#4990=EDGE_CURVE('',#6817,#6816,#4448,.T.);
#4991=EDGE_CURVE('',#6815,#6818,#4449,.T.);
#4992=EDGE_CURVE('',#6818,#6817,#4450,.T.);
#4993=EDGE_CURVE('',#6817,#6818,#4451,.T.);
#4994=EDGE_CURVE('',#6822,#6820,#4452,.T.);
#4995=EDGE_CURVE('',#6820,#6819,#4453,.T.);
#4996=EDGE_CURVE('',#6819,#6821,#4454,.T.);
#4997=EDGE_CURVE('',#6821,#6822,#4455,.T.);
#4998=EDGE_CURVE('',#6825,#6824,#4456,.T.);
#4999=EDGE_CURVE('',#6824,#6823,#4457,.T.);
#5000=EDGE_CURVE('',#6823,#6826,#4458,.T.);
#5001=EDGE_CURVE('',#6826,#6825,#4459,.T.);
#5002=EDGE_CURVE('',#6823,#6824,#4460,.T.);
#5003=EDGE_CURVE('',#6825,#6826,#4461,.T.);
#5004=EDGE_CURVE('',#6821,#6822,#4462,.T.);
#5005=EDGE_CURVE('',#6819,#6820,#4463,.T.);
#5006=EDGE_CURVE('',#6827,#6681,#4464,.T.);
#5007=EDGE_CURVE('',#6678,#6683,#4465,.T.);
#5008=EDGE_CURVE('',#6689,#6690,#4466,.T.);
#5009=EDGE_CURVE('',#6698,#6827,#4467,.T.);
#5010=EDGE_CURVE('',#6828,#6680,#4468,.T.);
#5011=EDGE_CURVE('',#6827,#6828,#4469,.T.);
#5012=EDGE_CURVE('',#6828,#6658,#4470,.T.);
#5013=EDGE_CURVE('',#6829,#6680,#4471,.T.);
#5014=EDGE_CURVE('',#6830,#6679,#4472,.T.);
#5015=EDGE_CURVE('',#6682,#6831,#4473,.T.);
#5016=EDGE_CURVE('',#6831,#6650,#4474,.T.);
#5017=EDGE_CURVE('',#6677,#6679,#4475,.T.);
#5018=EDGE_CURVE('',#6831,#6833,#4476,.T.);
#5019=EDGE_CURVE('',#6833,#6832,#4477,.T.);
#5020=EDGE_CURVE('',#6832,#6651,#4478,.T.);
#5021=EDGE_CURVE('',#6834,#6833,#4479,.T.);
#5022=EDGE_CURVE('',#6675,#6835,#4480,.T.);
#5023=EDGE_CURVE('',#6835,#6837,#4481,.T.);
#5024=EDGE_CURVE('',#6837,#6836,#4482,.T.);
#5025=EDGE_CURVE('',#6836,#6834,#4483,.T.);
#5026=EDGE_CURVE('',#6840,#6837,#4484,.T.);
#5027=EDGE_CURVE('',#6835,#6838,#4485,.T.);
#5028=EDGE_CURVE('',#6838,#6839,#4486,.T.);
#5029=EDGE_CURVE('',#6839,#6840,#4487,.T.);
#5030=EDGE_CURVE('',#6841,#6836,#4488,.T.);
#5031=EDGE_CURVE('',#6840,#6841,#4489,.T.);
#5032=EDGE_CURVE('',#6843,#6842,#4490,.T.);
#5033=EDGE_CURVE('',#6842,#6834,#4491,.T.);
#5034=EDGE_CURVE('',#6841,#6843,#4492,.T.);
#5035=EDGE_CURVE('',#6839,#6843,#4493,.T.);
#5036=EDGE_CURVE('',#6832,#6700,#4494,.T.);
#5037=EDGE_CURVE('',#6705,#6676,#4495,.T.);
#5038=EDGE_CURVE('',#6838,#6842,#4496,.T.);
#5039=EDGE_CURVE('',#6847,#6845,#4497,.T.);
#5040=EDGE_CURVE('',#6845,#6757,#4498,.T.);
#5041=EDGE_CURVE('',#6755,#6844,#4499,.T.);
#5042=EDGE_CURVE('',#6844,#6846,#4500,.T.);
#5043=EDGE_CURVE('',#6846,#6671,#4501,.T.);
#5044=EDGE_CURVE('',#6669,#6673,#4502,.T.);
#5045=EDGE_CURVE('',#6674,#6847,#4503,.T.);
#5046=EDGE_CURVE('',#6846,#6848,#4504,.T.);
#5047=EDGE_CURVE('',#6848,#6828,#4505,.T.);
#5048=EDGE_CURVE('',#6697,#6849,#4506,.T.);
#5049=EDGE_CURVE('',#6849,#6847,#4507,.T.);
#5050=EDGE_CURVE('',#6849,#6648,#4508,.T.);
#5051=EDGE_CURVE('',#6647,#6845,#4509,.T.);
#5052=EDGE_CURVE('',#6659,#6848,#4510,.T.);
#5053=EDGE_CURVE('',#6844,#6660,#4511,.T.);
#5054=EDGE_CURVE('',#6691,#6687,#4512,.T.);
#5055=EDGE_CURVE('',#6850,#6852,#4513,.T.);
#5056=EDGE_CURVE('',#6852,#6853,#4514,.T.);
#5057=EDGE_CURVE('',#6853,#6851,#4515,.T.);
#5058=EDGE_CURVE('',#6851,#6850,#4516,.T.);
#5059=EDGE_CURVE('',#6854,#6855,#4517,.T.);
#5060=EDGE_CURVE('',#6855,#6850,#4518,.T.);
#5061=EDGE_CURVE('',#6851,#6854,#4519,.T.);
#5062=EDGE_CURVE('',#6853,#6856,#4520,.T.);
#5063=EDGE_CURVE('',#6856,#6854,#4521,.T.);
#5064=EDGE_CURVE('',#6852,#6857,#4522,.T.);
#5065=EDGE_CURVE('',#6857,#6856,#4523,.T.);
#5066=EDGE_CURVE('',#6855,#6857,#4524,.T.);
#5067=EDGE_CURVE('',#6858,#6859,#4525,.T.);
#5068=EDGE_CURVE('',#6859,#6857,#4526,.T.);
#5069=EDGE_CURVE('',#6855,#6858,#4527,.T.);
#5070=EDGE_CURVE('',#6859,#6860,#4528,.T.);
#5071=EDGE_CURVE('',#6860,#6856,#4529,.T.);
#5072=EDGE_CURVE('',#6860,#6861,#4530,.T.);
#5073=EDGE_CURVE('',#6861,#6854,#4531,.T.);
#5074=EDGE_CURVE('',#6861,#6858,#4532,.T.);
#5075=EDGE_CURVE('',#6862,#6864,#4533,.T.);
#5076=EDGE_CURVE('',#6864,#6865,#4534,.T.);
#5077=EDGE_CURVE('',#6865,#6863,#4535,.T.);
#5078=EDGE_CURVE('',#6863,#6862,#4536,.T.);
#5079=EDGE_CURVE('',#6864,#6866,#4537,.T.);
#5080=EDGE_CURVE('',#6866,#6867,#4538,.T.);
#5081=EDGE_CURVE('',#6867,#6865,#4539,.T.);
#5082=EDGE_CURVE('',#6868,#6863,#4540,.T.);
#5083=EDGE_CURVE('',#6867,#6868,#4541,.T.);
#5084=EDGE_CURVE('',#6862,#6869,#4542,.T.);
#5085=EDGE_CURVE('',#6869,#6866,#4543,.T.);
#5086=EDGE_CURVE('',#6868,#6869,#4544,.T.);
#5087=EDGE_CURVE('',#6870,#6871,#4545,.T.);
#5088=EDGE_CURVE('',#6871,#6869,#4546,.T.);
#5089=EDGE_CURVE('',#6868,#6870,#4547,.T.);
#5090=EDGE_CURVE('',#6871,#6872,#4548,.T.);
#5091=EDGE_CURVE('',#6872,#6866,#4549,.T.);
#5092=EDGE_CURVE('',#6873,#6870,#4550,.T.);
#5093=EDGE_CURVE('',#6867,#6873,#4551,.T.);
#5094=EDGE_CURVE('',#6872,#6873,#4552,.T.);
#5095=EDGE_CURVE('',#6874,#6875,#4553,.T.);
#5096=EDGE_CURVE('',#6875,#6876,#4554,.T.);
#5097=EDGE_CURVE('',#6876,#6877,#4555,.T.);
#5098=EDGE_CURVE('',#6877,#6878,#4556,.T.);
#5099=EDGE_CURVE('',#6878,#6879,#4557,.T.);
#5100=EDGE_CURVE('',#6879,#6880,#4558,.T.);
#5101=EDGE_CURVE('',#6880,#6881,#4559,.T.);
#5102=EDGE_CURVE('',#6881,#6882,#4560,.T.);
#5103=EDGE_CURVE('',#6882,#6883,#4561,.T.);
#5104=EDGE_CURVE('',#6883,#6884,#4562,.T.);
#5105=EDGE_CURVE('',#6884,#6885,#4563,.T.);
#5106=EDGE_CURVE('',#6885,#6886,#4564,.T.);
#5107=EDGE_CURVE('',#6886,#6887,#4565,.T.);
#5108=EDGE_CURVE('',#6887,#6888,#4566,.T.);
#5109=EDGE_CURVE('',#6888,#6889,#4567,.T.);
#5110=EDGE_CURVE('',#6889,#6874,#4568,.T.);
#5111=EDGE_CURVE('',#6890,#6892,#4569,.T.);
#5112=EDGE_CURVE('',#6892,#6893,#4570,.T.);
#5113=EDGE_CURVE('',#6893,#6894,#4571,.T.);
#5114=EDGE_CURVE('',#6894,#6895,#4572,.T.);
#5115=EDGE_CURVE('',#6895,#6896,#4573,.T.);
#5116=EDGE_CURVE('',#6896,#6897,#4574,.T.);
#5117=EDGE_CURVE('',#6897,#6898,#4575,.T.);
#5118=EDGE_CURVE('',#6898,#6899,#4576,.T.);
#5119=EDGE_CURVE('',#6899,#6900,#4577,.T.);
#5120=EDGE_CURVE('',#6900,#6901,#4578,.T.);
#5121=EDGE_CURVE('',#6901,#6902,#4579,.T.);
#5122=EDGE_CURVE('',#6902,#6903,#4580,.T.);
#5123=EDGE_CURVE('',#6903,#6904,#4581,.T.);
#5124=EDGE_CURVE('',#6904,#6905,#4582,.T.);
#5125=EDGE_CURVE('',#6905,#6906,#4583,.T.);
#5126=EDGE_CURVE('',#6906,#6907,#4584,.T.);
#5127=EDGE_CURVE('',#6907,#6891,#4585,.T.);
#5128=EDGE_CURVE('',#6891,#6890,#4586,.T.);
#5129=EDGE_CURVE('',#6908,#6909,#4587,.T.);
#5130=EDGE_CURVE('',#6909,#6910,#4588,.T.);
#5131=EDGE_CURVE('',#6910,#6911,#4589,.T.);
#5132=EDGE_CURVE('',#6911,#6912,#4590,.T.);
#5133=EDGE_CURVE('',#6912,#6913,#4591,.T.);
#5134=EDGE_CURVE('',#6913,#6914,#4592,.T.);
#5135=EDGE_CURVE('',#6914,#6915,#4593,.T.);
#5136=EDGE_CURVE('',#6915,#6916,#4594,.T.);
#5137=EDGE_CURVE('',#6916,#6917,#4595,.T.);
#5138=EDGE_CURVE('',#6917,#6918,#4596,.T.);
#5139=EDGE_CURVE('',#6918,#6919,#4597,.T.);
#5140=EDGE_CURVE('',#6919,#6920,#4598,.T.);
#5141=EDGE_CURVE('',#6920,#6921,#4599,.T.);
#5142=EDGE_CURVE('',#6921,#6922,#4600,.T.);
#5143=EDGE_CURVE('',#6922,#6923,#4601,.T.);
#5144=EDGE_CURVE('',#6923,#6908,#4602,.T.);
#5145=EDGE_CURVE('',#6924,#6926,#4603,.T.);
#5146=EDGE_CURVE('',#6926,#6927,#4604,.T.);
#5147=EDGE_CURVE('',#6927,#6928,#4605,.T.);
#5148=EDGE_CURVE('',#6928,#6929,#4606,.T.);
#5149=EDGE_CURVE('',#6929,#6930,#4607,.T.);
#5150=EDGE_CURVE('',#6930,#6931,#4608,.T.);
#5151=EDGE_CURVE('',#6931,#6932,#4609,.T.);
#5152=EDGE_CURVE('',#6932,#6933,#4610,.T.);
#5153=EDGE_CURVE('',#6933,#6934,#4611,.T.);
#5154=EDGE_CURVE('',#6934,#6935,#4612,.T.);
#5155=EDGE_CURVE('',#6935,#6936,#4613,.T.);
#5156=EDGE_CURVE('',#6936,#6937,#4614,.T.);
#5157=EDGE_CURVE('',#6937,#6938,#4615,.T.);
#5158=EDGE_CURVE('',#6938,#6939,#4616,.T.);
#5159=EDGE_CURVE('',#6939,#6940,#4617,.T.);
#5160=EDGE_CURVE('',#6940,#6941,#4618,.T.);
#5161=EDGE_CURVE('',#6941,#6925,#4619,.T.);
#5162=EDGE_CURVE('',#6925,#6924,#4620,.T.);
#5163=EDGE_CURVE('',#6920,#6930,#4621,.T.);
#5164=EDGE_CURVE('',#6929,#6921,#4622,.T.);
#5165=EDGE_CURVE('',#6905,#6879,#4623,.T.);
#5166=EDGE_CURVE('',#6878,#6906,#4624,.T.);
#5167=EDGE_CURVE('',#6883,#6901,#4625,.T.);
#5168=EDGE_CURVE('',#6900,#6884,#4626,.T.);
#5169=EDGE_CURVE('',#6899,#6942,#4627,.T.);
#5170=EDGE_CURVE('',#6942,#6884,#4628,.T.);
#5171=EDGE_CURVE('',#6943,#6944,#4629,.T.);
#5172=EDGE_CURVE('',#6944,#6945,#4630,.T.);
#5173=EDGE_CURVE('',#6945,#6946,#4631,.T.);
#5174=EDGE_CURVE('',#6946,#6887,#4632,.T.);
#5175=EDGE_CURVE('',#6942,#6943,#4633,.T.);
#5176=EDGE_CURVE('',#6898,#6947,#4634,.T.);
#5177=EDGE_CURVE('',#6947,#6943,#4635,.T.);
#5178=EDGE_CURVE('',#6948,#6949,#4636,.T.);
#5179=EDGE_CURVE('',#6949,#6950,#4637,.T.);
#5180=EDGE_CURVE('',#6950,#6951,#4638,.T.);
#5181=EDGE_CURVE('',#6951,#6952,#4639,.T.);
#5182=EDGE_CURVE('',#6952,#6944,#4640,.T.);
#5183=EDGE_CURVE('',#6947,#6948,#4641,.T.);
#5184=EDGE_CURVE('',#6953,#6954,#4642,.T.);
#5185=EDGE_CURVE('',#6954,#6955,#4643,.T.);
#5186=EDGE_CURVE('',#6955,#6956,#4644,.T.);
#5187=EDGE_CURVE('',#6956,#6945,#4645,.T.);
#5188=EDGE_CURVE('',#6952,#6957,#4646,.T.);
#5189=EDGE_CURVE('',#6957,#6958,#4647,.T.);
#5190=EDGE_CURVE('',#6958,#6953,#4648,.T.);
#5191=EDGE_CURVE('',#6912,#6959,#4649,.T.);
#5192=EDGE_CURVE('',#6959,#6953,#4650,.T.);
#5193=EDGE_CURVE('',#6958,#6960,#4651,.T.);
#5194=EDGE_CURVE('',#6960,#6915,#4652,.T.);
#5195=EDGE_CURVE('',#6961,#6962,#4653,.T.);
#5196=EDGE_CURVE('',#6962,#6938,#4654,.T.);
#5197=EDGE_CURVE('',#6937,#6961,#4655,.T.);
#5198=EDGE_CURVE('',#6962,#6953,#4656,.T.);
#5199=EDGE_CURVE('',#6959,#6939,#4657,.T.);
#5200=EDGE_CURVE('',#6912,#6940,#4658,.T.);
#5201=EDGE_CURVE('',#6911,#6941,#4659,.T.);
#5202=EDGE_CURVE('',#6910,#6925,#4660,.T.);
#5203=EDGE_CURVE('',#6909,#6924,#4661,.T.);
#5204=EDGE_CURVE('',#6919,#6931,#4662,.T.);
#5205=EDGE_CURVE('',#6963,#6931,#4663,.T.);
#5206=EDGE_CURVE('',#6919,#6964,#4664,.T.);
#5207=EDGE_CURVE('',#6964,#6963,#4665,.T.);
#5208=EDGE_CURVE('',#6918,#6965,#4666,.T.);
#5209=EDGE_CURVE('',#6965,#6964,#4667,.T.);
#5210=EDGE_CURVE('',#6965,#6966,#4668,.T.);
#5211=EDGE_CURVE('',#6966,#6967,#4669,.T.);
#5212=EDGE_CURVE('',#6967,#6964,#4670,.T.);
#5213=EDGE_CURVE('',#6968,#6963,#4671,.T.);
#5214=EDGE_CURVE('',#6967,#6968,#4672,.T.);
#5215=EDGE_CURVE('',#6968,#6969,#4673,.T.);
#5216=EDGE_CURVE('',#6969,#6970,#4674,.T.);
#5217=EDGE_CURVE('',#6970,#6963,#4675,.T.);
#5218=EDGE_CURVE('',#6970,#6932,#4676,.T.);
#5219=EDGE_CURVE('',#6970,#6965,#4677,.T.);
#5220=EDGE_CURVE('',#6918,#6932,#4678,.T.);
#5221=EDGE_CURVE('',#6969,#6966,#4679,.T.);
#5222=EDGE_CURVE('',#6917,#6933,#4680,.T.);
#5223=EDGE_CURVE('',#6916,#6934,#4681,.T.);
#5224=EDGE_CURVE('',#6915,#6935,#4682,.T.);
#5225=EDGE_CURVE('',#6960,#6936,#4683,.T.);
#5226=EDGE_CURVE('',#6958,#6961,#4684,.T.);
#5227=EDGE_CURVE('',#6957,#6971,#4685,.T.);
#5228=EDGE_CURVE('',#6971,#6961,#4686,.T.);
#5229=EDGE_CURVE('',#6948,#6972,#4687,.T.);
#5230=EDGE_CURVE('',#6972,#6973,#4688,.T.);
#5231=EDGE_CURVE('',#6973,#6974,#4689,.T.);
#5232=EDGE_CURVE('',#6974,#6975,#4690,.T.);
#5233=EDGE_CURVE('',#6975,#6962,#4691,.T.);
#5234=EDGE_CURVE('',#6971,#6949,#4692,.T.);
#5235=EDGE_CURVE('',#6976,#6950,#4693,.T.);
#5236=EDGE_CURVE('',#6971,#6977,#4694,.T.);
#5237=EDGE_CURVE('',#6977,#6976,#4695,.T.);
#5238=EDGE_CURVE('',#6977,#6979,#4696,.T.);
#5239=EDGE_CURVE('',#6979,#6978,#4697,.T.);
#5240=EDGE_CURVE('',#6978,#6976,#4698,.T.);
#5241=EDGE_CURVE('',#6980,#6981,#4699,.T.);
#5242=EDGE_CURVE('',#6981,#6978,#4700,.T.);
#5243=EDGE_CURVE('',#6979,#6980,#4701,.T.);
#5244=EDGE_CURVE('',#6982,#6951,#4702,.T.);
#5245=EDGE_CURVE('',#6981,#6982,#4703,.T.);
#5246=EDGE_CURVE('',#6982,#6983,#4704,.T.);
#5247=EDGE_CURVE('',#6983,#6957,#4705,.T.);
#5248=EDGE_CURVE('',#6980,#6983,#4706,.T.);
#5249=EDGE_CURVE('',#6975,#6954,#4707,.T.);
#5250=EDGE_CURVE('',#6974,#6955,#4708,.T.);
#5251=EDGE_CURVE('',#6973,#6956,#4709,.T.);
#5252=EDGE_CURVE('',#6972,#6945,#4710,.T.);
#5253=EDGE_CURVE('',#6972,#6897,#4711,.T.);
#5254=EDGE_CURVE('',#6896,#6946,#4712,.T.);
#5255=EDGE_CURVE('',#6895,#6887,#4713,.T.);
#5256=EDGE_CURVE('',#6894,#6888,#4714,.T.);
#5257=EDGE_CURVE('',#6893,#6889,#4715,.T.);
#5258=EDGE_CURVE('',#6892,#6874,#4716,.T.);
#5259=EDGE_CURVE('',#6904,#6880,#4717,.T.);
#5260=EDGE_CURVE('',#6904,#6984,#4718,.T.);
#5261=EDGE_CURVE('',#6984,#6985,#4719,.T.);
#5262=EDGE_CURVE('',#6985,#6880,#4720,.T.);
#5263=EDGE_CURVE('',#6985,#6986,#4721,.T.);
#5264=EDGE_CURVE('',#6986,#6881,#4722,.T.);
#5265=EDGE_CURVE('',#6987,#6903,#4723,.T.);
#5266=EDGE_CURVE('',#6903,#6881,#4724,.T.);
#5267=EDGE_CURVE('',#6986,#6987,#4725,.T.);
#5268=EDGE_CURVE('',#6902,#6882,#4726,.T.);
#5269=EDGE_CURVE('',#6987,#6984,#4727,.T.);
#5270=EDGE_CURVE('',#6988,#6989,#4728,.T.);
#5271=EDGE_CURVE('',#6989,#6984,#4729,.T.);
#5272=EDGE_CURVE('',#6987,#6988,#4730,.T.);
#5273=EDGE_CURVE('',#6986,#6990,#4731,.T.);
#5274=EDGE_CURVE('',#6990,#6988,#4732,.T.);
#5275=EDGE_CURVE('',#6985,#6991,#4733,.T.);
#5276=EDGE_CURVE('',#6991,#6990,#4734,.T.);
#5277=EDGE_CURVE('',#6991,#6989,#4735,.T.);
#5278=EDGE_CURVE('',#6877,#6907,#4736,.T.);
#5279=EDGE_CURVE('',#6875,#6890,#4737,.T.);
#5280=EDGE_CURVE('',#6891,#6876,#4738,.T.);
#5281=EDGE_CURVE('',#6922,#6928,#4739,.T.);
#5282=EDGE_CURVE('',#6927,#6923,#4740,.T.);
#5283=EDGE_CURVE('',#6926,#6908,#4741,.T.);
#5284=B_SPLINE_CURVE_WITH_KNOTS('',1,(#9709,#9710),.UNSPECIFIED.,.F.,.F.,
(2,2),(-8.92935892382287,-6.18410791671684),.UNSPECIFIED.);
#5285=B_SPLINE_CURVE_WITH_KNOTS('',1,(#9714,#9715),.UNSPECIFIED.,.F.,.F.,
(2,2),(-6.18410791671684,-0.934081547690174),.UNSPECIFIED.);
#5286=B_SPLINE_CURVE_WITH_KNOTS('',1,(#9719,#9720),.UNSPECIFIED.,.F.,.F.,
(2,2),(0.419748992893968,1.365),.UNSPECIFIED.);
#5287=B_SPLINE_CURVE_WITH_KNOTS('',1,(#9730,#9731),.UNSPECIFIED.,.F.,.F.,
(2,2),(0.,3.45002636902667),.UNSPECIFIED.);
#5288=B_SPLINE_CURVE_WITH_KNOTS('',3,(#9735,#9736,#9737,#9738),
 .UNSPECIFIED.,.F.,.F.,(4,4),(-6.18410791671684,-0.934081547690174),
 .UNSPECIFIED.);
#5289=B_SPLINE_CURVE_WITH_KNOTS('',3,(#9739,#9740,#9741,#9742),
 .UNSPECIFIED.,.F.,.F.,(4,4),(-8.92935892382287,-6.18410791671684),
 .UNSPECIFIED.);
#5290=B_SPLINE_CURVE_WITH_KNOTS('',1,(#9743,#9744),.UNSPECIFIED.,.F.,.F.,
(2,2),(3.45002636902667,8.7),.UNSPECIFIED.);
#5291=B_SPLINE_CURVE_WITH_KNOTS('',1,(#9745,#9746),.UNSPECIFIED.,.F.,.F.,
(2,2),(3.45002636902667,8.7),.UNSPECIFIED.);
#5292=B_SPLINE_CURVE_WITH_KNOTS('',1,(#9747,#9748),.UNSPECIFIED.,.F.,.F.,
(2,2),(0.,0.625),.UNSPECIFIED.);
#5293=B_SPLINE_CURVE_WITH_KNOTS('',1,(#9749,#9750),.UNSPECIFIED.,.F.,.F.,
(2,2),(0.,0.625),.UNSPECIFIED.);
#5294=B_SPLINE_CURVE_WITH_KNOTS('',1,(#9751,#9752),.UNSPECIFIED.,.F.,.F.,
(2,2),(0.,1.325),.UNSPECIFIED.);
#5295=B_SPLINE_CURVE_WITH_KNOTS('',1,(#9753,#9754),.UNSPECIFIED.,.F.,.F.,
(2,2),(0.,1.325),.UNSPECIFIED.);
#5296=B_SPLINE_CURVE_WITH_KNOTS('',1,(#9755,#9756),.UNSPECIFIED.,.F.,.F.,
(2,2),(0.,0.2),.UNSPECIFIED.);
#5297=B_SPLINE_CURVE_WITH_KNOTS('',1,(#9757,#9758),.UNSPECIFIED.,.F.,.F.,
(2,2),(0.,0.2),.UNSPECIFIED.);
#5298=B_SPLINE_CURVE_WITH_KNOTS('',1,(#9759,#9760),.UNSPECIFIED.,.F.,.F.,
(2,2),(0.,1.35),.UNSPECIFIED.);
#5299=B_SPLINE_CURVE_WITH_KNOTS('',1,(#9761,#9762),.UNSPECIFIED.,.F.,.F.,
(2,2),(0.,1.35),.UNSPECIFIED.);
#5300=B_SPLINE_CURVE_WITH_KNOTS('',1,(#9763,#9764),.UNSPECIFIED.,.F.,.F.,
(2,2),(0.,2.1),.UNSPECIFIED.);
#5301=B_SPLINE_CURVE_WITH_KNOTS('',1,(#9765,#9766),.UNSPECIFIED.,.F.,.F.,
(2,2),(0.,2.1),.UNSPECIFIED.);
#5302=B_SPLINE_CURVE_WITH_KNOTS('',1,(#9767,#9768),.UNSPECIFIED.,.F.,.F.,
(2,2),(-1.35,0.),.UNSPECIFIED.);
#5303=B_SPLINE_CURVE_WITH_KNOTS('',1,(#9769,#9770),.UNSPECIFIED.,.F.,.F.,
(2,2),(-1.35,0.),.UNSPECIFIED.);
#5304=B_SPLINE_CURVE_WITH_KNOTS('',1,(#9771,#9772),.UNSPECIFIED.,.F.,.F.,
(2,2),(-0.2,0.),.UNSPECIFIED.);
#5305=B_SPLINE_CURVE_WITH_KNOTS('',1,(#9773,#9774),.UNSPECIFIED.,.F.,.F.,
(2,2),(-0.2,0.),.UNSPECIFIED.);
#5306=B_SPLINE_CURVE_WITH_KNOTS('',1,(#9775,#9776),.UNSPECIFIED.,.F.,.F.,
(2,2),(-1.325,0.),.UNSPECIFIED.);
#5307=B_SPLINE_CURVE_WITH_KNOTS('',1,(#9777,#9778),.UNSPECIFIED.,.F.,.F.,
(2,2),(-1.325,0.),.UNSPECIFIED.);
#5308=B_SPLINE_CURVE_WITH_KNOTS('',1,(#9779,#9780),.UNSPECIFIED.,.F.,.F.,
(2,2),(0.,0.975),.UNSPECIFIED.);
#5309=B_SPLINE_CURVE_WITH_KNOTS('',1,(#9790,#9791),.UNSPECIFIED.,.F.,.F.,
(2,2),(0.,4.63),.UNSPECIFIED.);
#5310=B_SPLINE_CURVE_WITH_KNOTS('',1,(#9807,#9808),.UNSPECIFIED.,.F.,.F.,
(2,2),(0.,2.994364156174),.UNSPECIFIED.);
#5311=B_SPLINE_CURVE_WITH_KNOTS('',1,(#9812,#9813),.UNSPECIFIED.,.F.,.F.,
(2,2),(0.,0.625),.UNSPECIFIED.);
#5312=B_SPLINE_CURVE_WITH_KNOTS('',1,(#9814,#9815),.UNSPECIFIED.,.F.,.F.,
(2,2),(0.,0.625),.UNSPECIFIED.);
#5313=B_SPLINE_CURVE_WITH_KNOTS('',1,(#9816,#9817),.UNSPECIFIED.,.F.,.F.,
(2,2),(0.,1.325),.UNSPECIFIED.);
#5314=B_SPLINE_CURVE_WITH_KNOTS('',1,(#9818,#9819),.UNSPECIFIED.,.F.,.F.,
(2,2),(0.,1.325),.UNSPECIFIED.);
#5315=B_SPLINE_CURVE_WITH_KNOTS('',1,(#9820,#9821),.UNSPECIFIED.,.F.,.F.,
(2,2),(0.,0.199999999999999),.UNSPECIFIED.);
#5316=B_SPLINE_CURVE_WITH_KNOTS('',1,(#9822,#9823),.UNSPECIFIED.,.F.,.F.,
(2,2),(0.,0.199999999999999),.UNSPECIFIED.);
#5317=B_SPLINE_CURVE_WITH_KNOTS('',1,(#9824,#9825),.UNSPECIFIED.,.F.,.F.,
(2,2),(0.,1.35),.UNSPECIFIED.);
#5318=B_SPLINE_CURVE_WITH_KNOTS('',1,(#9826,#9827),.UNSPECIFIED.,.F.,.F.,
(2,2),(0.,1.35),.UNSPECIFIED.);
#5319=B_SPLINE_CURVE_WITH_KNOTS('',1,(#9828,#9829),.UNSPECIFIED.,.F.,.F.,
(2,2),(0.,2.1),.UNSPECIFIED.);
#5320=B_SPLINE_CURVE_WITH_KNOTS('',1,(#9830,#9831),.UNSPECIFIED.,.F.,.F.,
(2,2),(0.,2.1),.UNSPECIFIED.);
#5321=B_SPLINE_CURVE_WITH_KNOTS('',1,(#9832,#9833),.UNSPECIFIED.,.F.,.F.,
(2,2),(-1.35,0.),.UNSPECIFIED.);
#5322=B_SPLINE_CURVE_WITH_KNOTS('',1,(#9834,#9835),.UNSPECIFIED.,.F.,.F.,
(2,2),(-1.35,0.),.UNSPECIFIED.);
#5323=B_SPLINE_CURVE_WITH_KNOTS('',1,(#9836,#9837),.UNSPECIFIED.,.F.,.F.,
(2,2),(-0.2,0.),.UNSPECIFIED.);
#5324=B_SPLINE_CURVE_WITH_KNOTS('',1,(#9838,#9839),.UNSPECIFIED.,.F.,.F.,
(2,2),(-0.2,0.),.UNSPECIFIED.);
#5325=B_SPLINE_CURVE_WITH_KNOTS('',1,(#9840,#9841),.UNSPECIFIED.,.F.,.F.,
(2,2),(-1.325,0.),.UNSPECIFIED.);
#5326=B_SPLINE_CURVE_WITH_KNOTS('',1,(#9842,#9843),.UNSPECIFIED.,.F.,.F.,
(2,2),(-1.325,0.),.UNSPECIFIED.);
#5327=B_SPLINE_CURVE_WITH_KNOTS('',1,(#9844,#9845),.UNSPECIFIED.,.F.,.F.,
(2,2),(0.,0.419748992893968),.UNSPECIFIED.);
#5328=B_SPLINE_CURVE_WITH_KNOTS('',1,(#9846,#9847),.UNSPECIFIED.,.F.,.F.,
(2,2),(0.,0.419748992893968),.UNSPECIFIED.);
#5329=B_SPLINE_CURVE_WITH_KNOTS('',1,(#9848,#9849),.UNSPECIFIED.,.F.,.F.,
(2,2),(-1.365,0.),.UNSPECIFIED.);
#5330=B_SPLINE_CURVE_WITH_KNOTS('',1,(#9850,#9851),.UNSPECIFIED.,.F.,.F.,
(2,2),(-1.365,0.),.UNSPECIFIED.);
#5331=B_SPLINE_CURVE_WITH_KNOTS('',1,(#9852,#9853),.UNSPECIFIED.,.F.,.F.,
(2,2),(-0.68021029607826,0.),.UNSPECIFIED.);
#5332=B_SPLINE_CURVE_WITH_KNOTS('',1,(#9854,#9855),.UNSPECIFIED.,.F.,.F.,
(2,2),(-0.68021029607826,0.),.UNSPECIFIED.);
#5333=B_SPLINE_CURVE_WITH_KNOTS('',1,(#9856,#9857),.UNSPECIFIED.,.F.,.F.,
(2,2),(0.,1.365),.UNSPECIFIED.);
#5334=B_SPLINE_CURVE_WITH_KNOTS('',1,(#9858,#9859),.UNSPECIFIED.,.F.,.F.,
(2,2),(0.,1.365),.UNSPECIFIED.);
#5335=B_SPLINE_CURVE_WITH_KNOTS('',1,(#9860,#9861),.UNSPECIFIED.,.F.,.F.,
(2,2),(0.,0.68021029607826),.UNSPECIFIED.);
#5336=B_SPLINE_CURVE_WITH_KNOTS('',1,(#9862,#9863),.UNSPECIFIED.,.F.,.F.,
(2,2),(0.,0.68021029607826),.UNSPECIFIED.);
#5337=B_SPLINE_CURVE_WITH_KNOTS('',1,(#9864,#9865),.UNSPECIFIED.,.F.,.F.,
(2,2),(0.,0.74),.UNSPECIFIED.);
#5338=B_SPLINE_CURVE_WITH_KNOTS('',1,(#9866,#9867),.UNSPECIFIED.,.F.,.F.,
(2,2),(0.,0.74),.UNSPECIFIED.);
#5339=B_SPLINE_CURVE_WITH_KNOTS('',1,(#9868,#9869),.UNSPECIFIED.,.F.,.F.,
(2,2),(-1.525,0.),.UNSPECIFIED.);
#5340=B_SPLINE_CURVE_WITH_KNOTS('',1,(#9870,#9871),.UNSPECIFIED.,.F.,.F.,
(2,2),(-1.525,0.),.UNSPECIFIED.);
#5341=B_SPLINE_CURVE_WITH_KNOTS('',1,(#9872,#9873),.UNSPECIFIED.,.F.,.F.,
(2,2),(-0.9,0.),.UNSPECIFIED.);
#5342=B_SPLINE_CURVE_WITH_KNOTS('',1,(#9874,#9875),.UNSPECIFIED.,.F.,.F.,
(2,2),(-0.9,0.),.UNSPECIFIED.);
#5343=B_SPLINE_CURVE_WITH_KNOTS('',1,(#9876,#9877),.UNSPECIFIED.,.F.,.F.,
(2,2),(-1.365,0.),.UNSPECIFIED.);
#5344=B_SPLINE_CURVE_WITH_KNOTS('',1,(#9878,#9879),.UNSPECIFIED.,.F.,.F.,
(2,2),(0.,0.226274169979695),.UNSPECIFIED.);
#5345=B_SPLINE_CURVE_WITH_KNOTS('',1,(#9880,#9881),.UNSPECIFIED.,.F.,.F.,
(2,2),(0.,0.226274169979695),.UNSPECIFIED.);
#5346=B_SPLINE_CURVE_WITH_KNOTS('',1,(#9882,#9883),.UNSPECIFIED.,.F.,.F.,
(2,2),(0.,0.68021029607826),.UNSPECIFIED.);
#5347=B_SPLINE_CURVE_WITH_KNOTS('',1,(#9884,#9885),.UNSPECIFIED.,.F.,.F.,
(2,2),(-0.226274169979695,0.),.UNSPECIFIED.);
#5348=B_SPLINE_CURVE_WITH_KNOTS('',1,(#9886,#9887),.UNSPECIFIED.,.F.,.F.,
(2,2),(-0.226274169979695,0.),.UNSPECIFIED.);
#5349=B_SPLINE_CURVE_WITH_KNOTS('',1,(#9888,#9889),.UNSPECIFIED.,.F.,.F.,
(2,2),(0.,0.68021029607826),.UNSPECIFIED.);
#5350=B_SPLINE_CURVE_WITH_KNOTS('',1,(#9890,#9891),.UNSPECIFIED.,.F.,.F.,
(2,2),(0.,0.68021029607826),.UNSPECIFIED.);
#5351=B_SPLINE_CURVE_WITH_KNOTS('',1,(#9892,#9893),.UNSPECIFIED.,.F.,.F.,
(2,2),(0.,0.226274169979695),.UNSPECIFIED.);
#5352=B_SPLINE_CURVE_WITH_KNOTS('',1,(#9894,#9895),.UNSPECIFIED.,.F.,.F.,
(2,2),(0.,1.365),.UNSPECIFIED.);
#5353=B_SPLINE_CURVE_WITH_KNOTS('',1,(#9896,#9897),.UNSPECIFIED.,.F.,.F.,
(2,2),(-0.9,0.),.UNSPECIFIED.);
#5354=B_SPLINE_CURVE_WITH_KNOTS('',1,(#9898,#9899),.UNSPECIFIED.,.F.,.F.,
(2,2),(-0.9,0.),.UNSPECIFIED.);
#5355=B_SPLINE_CURVE_WITH_KNOTS('',1,(#9900,#9901),.UNSPECIFIED.,.F.,.F.,
(2,2),(0.,1.525),.UNSPECIFIED.);
#5356=B_SPLINE_CURVE_WITH_KNOTS('',1,(#9902,#9903),.UNSPECIFIED.,.F.,.F.,
(2,2),(0.,1.525),.UNSPECIFIED.);
#5357=B_SPLINE_CURVE_WITH_KNOTS('',1,(#9904,#9905),.UNSPECIFIED.,.F.,.F.,
(2,2),(0.,0.74),.UNSPECIFIED.);
#5358=B_SPLINE_CURVE_WITH_KNOTS('',1,(#9906,#9907),.UNSPECIFIED.,.F.,.F.,
(2,2),(0.,0.74),.UNSPECIFIED.);
#5359=B_SPLINE_CURVE_WITH_KNOTS('',1,(#9908,#9909),.UNSPECIFIED.,.F.,.F.,
(2,2),(-0.226274169979695,0.),.UNSPECIFIED.);
#5360=B_SPLINE_CURVE_WITH_KNOTS('',1,(#9910,#9911),.UNSPECIFIED.,.F.,.F.,
(2,2),(0.,1.525),.UNSPECIFIED.);
#5361=B_SPLINE_CURVE_WITH_KNOTS('',1,(#9912,#9913),.UNSPECIFIED.,.F.,.F.,
(2,2),(0.,1.525),.UNSPECIFIED.);
#5362=B_SPLINE_CURVE_WITH_KNOTS('',1,(#9914,#9915),.UNSPECIFIED.,.F.,.F.,
(2,2),(-1.,0.),.UNSPECIFIED.);
#5363=B_SPLINE_CURVE_WITH_KNOTS('',1,(#9916,#9917),.UNSPECIFIED.,.F.,.F.,
(2,2),(-1.,0.),.UNSPECIFIED.);
#5364=B_SPLINE_CURVE_WITH_KNOTS('',1,(#9924,#9925),.UNSPECIFIED.,.F.,.F.,
(2,2),(-1.325,0.),.UNSPECIFIED.);
#5365=B_SPLINE_CURVE_WITH_KNOTS('',1,(#9926,#9927),.UNSPECIFIED.,.F.,.F.,
(2,2),(-1.2,0.),.UNSPECIFIED.);
#5366=B_SPLINE_CURVE_WITH_KNOTS('',1,(#9928,#9929),.UNSPECIFIED.,.F.,.F.,
(2,2),(-1.2,0.),.UNSPECIFIED.);
#5367=B_SPLINE_CURVE_WITH_KNOTS('',1,(#9930,#9931),.UNSPECIFIED.,.F.,.F.,
(2,2),(-1.5,0.),.UNSPECIFIED.);
#5368=B_SPLINE_CURVE_WITH_KNOTS('',1,(#9932,#9933),.UNSPECIFIED.,.F.,.F.,
(2,2),(-1.5,0.),.UNSPECIFIED.);
#5369=B_SPLINE_CURVE_WITH_KNOTS('',1,(#9937,#9938),.UNSPECIFIED.,.F.,.F.,
(2,2),(-3.14159265358979,0.),.UNSPECIFIED.);
#5370=B_SPLINE_CURVE_WITH_KNOTS('',1,(#9939,#9940),.UNSPECIFIED.,.F.,.F.,
(2,2),(0.,1.5),.UNSPECIFIED.);
#5371=B_SPLINE_CURVE_WITH_KNOTS('',1,(#9941,#9942),.UNSPECIFIED.,.F.,.F.,
(2,2),(0.,1.5),.UNSPECIFIED.);
#5372=B_SPLINE_CURVE_WITH_KNOTS('',1,(#9946,#9947),.UNSPECIFIED.,.F.,.F.,
(2,2),(-8.50000823676822,-5.67257484853741),.UNSPECIFIED.);
#5373=B_SPLINE_CURVE_WITH_KNOTS('',1,(#9948,#9949),.UNSPECIFIED.,.F.,.F.,
(2,2),(-1.5,0.),.UNSPECIFIED.);
#5374=B_SPLINE_CURVE_WITH_KNOTS('',1,(#9950,#9951),.UNSPECIFIED.,.F.,.F.,
(2,2),(-1.5,0.),.UNSPECIFIED.);
#5375=B_SPLINE_CURVE_WITH_KNOTS('',1,(#9952,#9953),.UNSPECIFIED.,.F.,.F.,
(2,2),(-3.194364156174,0.),.UNSPECIFIED.);
#5376=B_SPLINE_CURVE_WITH_KNOTS('',1,(#9954,#9955),.UNSPECIFIED.,.F.,.F.,
(2,2),(-3.194364156174,0.),.UNSPECIFIED.);
#5377=B_SPLINE_CURVE_WITH_KNOTS('',1,(#9956,#9957),.UNSPECIFIED.,.F.,.F.,
(2,2),(0.,1.5),.UNSPECIFIED.);
#5378=B_SPLINE_CURVE_WITH_KNOTS('',1,(#9958,#9959),.UNSPECIFIED.,.F.,.F.,
(2,2),(0.,1.5),.UNSPECIFIED.);
#5379=B_SPLINE_CURVE_WITH_KNOTS('',1,(#9960,#9961),.UNSPECIFIED.,.F.,.F.,
(2,2),(-3.194364155991,0.),.UNSPECIFIED.);
#5380=B_SPLINE_CURVE_WITH_KNOTS('',1,(#9962,#9963),.UNSPECIFIED.,.F.,.F.,
(2,2),(-3.194364155991,0.),.UNSPECIFIED.);
#5381=B_SPLINE_CURVE_WITH_KNOTS('',3,(#9964,#9965,#9966,#9967,#9968,#9969),
 .UNSPECIFIED.,.F.,.F.,(4,2,4),(-1.,-0.50083635565132,0.),.UNSPECIFIED.);
#5382=B_SPLINE_CURVE_WITH_KNOTS('',3,(#9970,#9971,#9972,#9973),
 .UNSPECIFIED.,.F.,.F.,(4,4),(-1.,0.),.UNSPECIFIED.);
#5383=B_SPLINE_CURVE_WITH_KNOTS('',1,(#9974,#9975),.UNSPECIFIED.,.F.,.F.,
(2,2),(0.,2.994364156174),.UNSPECIFIED.);
#5384=B_SPLINE_CURVE_WITH_KNOTS('',1,(#9979,#9980),.UNSPECIFIED.,.F.,.F.,
(2,2),(0.,0.314159265358979),.UNSPECIFIED.);
#5385=B_SPLINE_CURVE_WITH_KNOTS('',1,(#9981,#9982),.UNSPECIFIED.,.F.,.F.,
(2,2),(-3.194364155991,0.),.UNSPECIFIED.);
#5386=B_SPLINE_CURVE_WITH_KNOTS('',1,(#9986,#9987),.UNSPECIFIED.,.F.,.F.,
(2,2),(0.,0.314159265358979),.UNSPECIFIED.);
#5387=B_SPLINE_CURVE_WITH_KNOTS('',1,(#9991,#9992),.UNSPECIFIED.,.F.,.F.,
(2,2),(0.,0.633051836572908),.UNSPECIFIED.);
#5388=B_SPLINE_CURVE_WITH_KNOTS('',1,(#9993,#9994),.UNSPECIFIED.,.F.,.F.,
(2,2),(0.,0.314159265358979),.UNSPECIFIED.);
#5389=B_SPLINE_CURVE_WITH_KNOTS('',1,(#9995,#9996),.UNSPECIFIED.,.F.,.F.,
(2,2),(0.,0.379831101833824),.UNSPECIFIED.);
#5390=B_SPLINE_CURVE_WITH_KNOTS('',1,(#9997,#9998),.UNSPECIFIED.,.F.,.F.,
(2,2),(-1.5,0.),.UNSPECIFIED.);
#5391=B_SPLINE_CURVE_WITH_KNOTS('',1,(#9999,#10000),.UNSPECIFIED.,.F.,.F.,
(2,2),(-1.5,0.),.UNSPECIFIED.);
#5392=B_SPLINE_CURVE_WITH_KNOTS('',1,(#10004,#10005),.UNSPECIFIED.,.F.,
 .F.,(2,2),(-0.633051836389907,0.),.UNSPECIFIED.);
#5393=B_SPLINE_CURVE_WITH_KNOTS('',1,(#10006,#10007),.UNSPECIFIED.,.F.,
 .F.,(2,2),(-1.5,0.),.UNSPECIFIED.);
#5394=B_SPLINE_CURVE_WITH_KNOTS('',1,(#10008,#10009),.UNSPECIFIED.,.F.,
 .F.,(2,2),(0.,0.633051836572908),.UNSPECIFIED.);
#5395=B_SPLINE_CURVE_WITH_KNOTS('',1,(#10010,#10011),.UNSPECIFIED.,.F.,
 .F.,(2,2),(-1.5,0.),.UNSPECIFIED.);
#5396=B_SPLINE_CURVE_WITH_KNOTS('',1,(#10012,#10013),.UNSPECIFIED.,.F.,
 .F.,(2,2),(-1.5,0.),.UNSPECIFIED.);
#5397=B_SPLINE_CURVE_WITH_KNOTS('',1,(#10014,#10015),.UNSPECIFIED.,.F.,
 .F.,(2,2),(-4.63,0.),.UNSPECIFIED.);
#5398=B_SPLINE_CURVE_WITH_KNOTS('',1,(#10016,#10017),.UNSPECIFIED.,.F.,
 .F.,(2,2),(-4.63,0.),.UNSPECIFIED.);
#5399=B_SPLINE_CURVE_WITH_KNOTS('',1,(#10018,#10019),.UNSPECIFIED.,.F.,
 .F.,(2,2),(0.,1.5),.UNSPECIFIED.);
#5400=B_SPLINE_CURVE_WITH_KNOTS('',1,(#10020,#10021),.UNSPECIFIED.,.F.,
 .F.,(2,2),(0.,1.5),.UNSPECIFIED.);
#5401=B_SPLINE_CURVE_WITH_KNOTS('',1,(#10022,#10023),.UNSPECIFIED.,.F.,
 .F.,(2,2),(-4.62999999976,0.),.UNSPECIFIED.);
#5402=B_SPLINE_CURVE_WITH_KNOTS('',1,(#10024,#10025),.UNSPECIFIED.,.F.,
 .F.,(2,2),(-4.62999999976,0.),.UNSPECIFIED.);
#5403=B_SPLINE_CURVE_WITH_KNOTS('',1,(#10029,#10030),.UNSPECIFIED.,.F.,
 .F.,(2,2),(0.,0.314159265358979),.UNSPECIFIED.);
#5404=B_SPLINE_CURVE_WITH_KNOTS('',1,(#10031,#10032),.UNSPECIFIED.,.F.,
 .F.,(2,2),(-4.62999999976,0.),.UNSPECIFIED.);
#5405=B_SPLINE_CURVE_WITH_KNOTS('',1,(#10036,#10037),.UNSPECIFIED.,.F.,
 .F.,(2,2),(-0.314159265358979,0.),.UNSPECIFIED.);
#5406=B_SPLINE_CURVE_WITH_KNOTS('',1,(#10038,#10039),.UNSPECIFIED.,.F.,
 .F.,(2,2),(0.,4.63),.UNSPECIFIED.);
#5407=B_SPLINE_CURVE_WITH_KNOTS('',1,(#10043,#10044),.UNSPECIFIED.,.F.,
 .F.,(2,2),(0.,0.314159265358979),.UNSPECIFIED.);
#5408=B_SPLINE_CURVE_WITH_KNOTS('',1,(#10048,#10049),.UNSPECIFIED.,.F.,
 .F.,(2,2),(0.,0.785398163637448),.UNSPECIFIED.);
#5409=B_SPLINE_CURVE_WITH_KNOTS('',1,(#10050,#10051),.UNSPECIFIED.,.F.,
 .F.,(2,2),(0.,0.314159265358979),.UNSPECIFIED.);
#5410=B_SPLINE_CURVE_WITH_KNOTS('',1,(#10052,#10053),.UNSPECIFIED.,.F.,
 .F.,(2,2),(0.,0.471238898038469),.UNSPECIFIED.);
#5411=B_SPLINE_CURVE_WITH_KNOTS('',1,(#10054,#10055),.UNSPECIFIED.,.F.,
 .F.,(2,2),(-1.5,0.),.UNSPECIFIED.);
#5412=B_SPLINE_CURVE_WITH_KNOTS('',1,(#10056,#10057),.UNSPECIFIED.,.F.,
 .F.,(2,2),(-1.5,0.),.UNSPECIFIED.);
#5413=B_SPLINE_CURVE_WITH_KNOTS('',1,(#10061,#10062),.UNSPECIFIED.,.F.,
 .F.,(2,2),(-0.785398163397448,0.),.UNSPECIFIED.);
#5414=B_SPLINE_CURVE_WITH_KNOTS('',1,(#10063,#10064),.UNSPECIFIED.,.F.,
 .F.,(2,2),(-1.5,0.),.UNSPECIFIED.);
#5415=B_SPLINE_CURVE_WITH_KNOTS('',1,(#10065,#10066),.UNSPECIFIED.,.F.,
 .F.,(2,2),(0.,0.785398163637448),.UNSPECIFIED.);
#5416=B_SPLINE_CURVE_WITH_KNOTS('',1,(#10067,#10068),.UNSPECIFIED.,.F.,
 .F.,(2,2),(-1.35,0.),.UNSPECIFIED.);
#5417=B_SPLINE_CURVE_WITH_KNOTS('',1,(#10069,#10070),.UNSPECIFIED.,.F.,
 .F.,(2,2),(-1.35,0.),.UNSPECIFIED.);
#5418=B_SPLINE_CURVE_WITH_KNOTS('',1,(#10071,#10072),.UNSPECIFIED.,.F.,
 .F.,(2,2),(-1.2,0.),.UNSPECIFIED.);
#5419=B_SPLINE_CURVE_WITH_KNOTS('',1,(#10073,#10074),.UNSPECIFIED.,.F.,
 .F.,(2,2),(-1.2,0.),.UNSPECIFIED.);
#5420=B_SPLINE_CURVE_WITH_KNOTS('',1,(#10075,#10076),.UNSPECIFIED.,.F.,
 .F.,(2,2),(0.,1.35),.UNSPECIFIED.);
#5421=B_SPLINE_CURVE_WITH_KNOTS('',1,(#10077,#10078),.UNSPECIFIED.,.F.,
 .F.,(2,2),(0.,1.2),.UNSPECIFIED.);
#5422=B_SPLINE_CURVE_WITH_KNOTS('',1,(#10079,#10080),.UNSPECIFIED.,.F.,
 .F.,(2,2),(0.,1.2),.UNSPECIFIED.);
#5423=B_SPLINE_CURVE_WITH_KNOTS('',1,(#10081,#10082),.UNSPECIFIED.,.F.,
 .F.,(2,2),(-1.3,0.),.UNSPECIFIED.);
#5424=B_SPLINE_CURVE_WITH_KNOTS('',1,(#10083,#10084),.UNSPECIFIED.,.F.,
 .F.,(2,2),(-1.3,0.),.UNSPECIFIED.);
#5425=B_SPLINE_CURVE_WITH_KNOTS('',1,(#10085,#10086),.UNSPECIFIED.,.F.,
 .F.,(2,2),(-1.2,0.),.UNSPECIFIED.);
#5426=B_SPLINE_CURVE_WITH_KNOTS('',1,(#10087,#10088),.UNSPECIFIED.,.F.,
 .F.,(2,2),(-1.2,0.),.UNSPECIFIED.);
#5427=B_SPLINE_CURVE_WITH_KNOTS('',1,(#10089,#10090),.UNSPECIFIED.,.F.,
 .F.,(2,2),(0.,1.3),.UNSPECIFIED.);
#5428=B_SPLINE_CURVE_WITH_KNOTS('',1,(#10091,#10092),.UNSPECIFIED.,.F.,
 .F.,(2,2),(0.,1.3),.UNSPECIFIED.);
#5429=B_SPLINE_CURVE_WITH_KNOTS('',1,(#10093,#10094),.UNSPECIFIED.,.F.,
 .F.,(2,2),(-1.2,0.),.UNSPECIFIED.);
#5430=B_SPLINE_CURVE_WITH_KNOTS('',1,(#10095,#10096),.UNSPECIFIED.,.F.,
 .F.,(2,2),(-1.2,0.),.UNSPECIFIED.);
#5431=B_SPLINE_CURVE_WITH_KNOTS('',1,(#10097,#10098),.UNSPECIFIED.,.F.,
 .F.,(2,2),(0.,1.35),.UNSPECIFIED.);
#5432=B_SPLINE_CURVE_WITH_KNOTS('',1,(#10099,#10100),.UNSPECIFIED.,.F.,
 .F.,(2,2),(0.,1.35),.UNSPECIFIED.);
#5433=B_SPLINE_CURVE_WITH_KNOTS('',1,(#10101,#10102),.UNSPECIFIED.,.F.,
 .F.,(2,2),(-1.2,0.),.UNSPECIFIED.);
#5434=B_SPLINE_CURVE_WITH_KNOTS('',1,(#10103,#10104),.UNSPECIFIED.,.F.,
 .F.,(2,2),(-1.2,0.),.UNSPECIFIED.);
#5435=B_SPLINE_CURVE_WITH_KNOTS('',1,(#10105,#10106),.UNSPECIFIED.,.F.,
 .F.,(2,2),(-1.35,0.),.UNSPECIFIED.);
#5436=B_SPLINE_CURVE_WITH_KNOTS('',1,(#10107,#10108),.UNSPECIFIED.,.F.,
 .F.,(2,2),(0.,1.2),.UNSPECIFIED.);
#5437=B_SPLINE_CURVE_WITH_KNOTS('',1,(#10109,#10110),.UNSPECIFIED.,.F.,
 .F.,(2,2),(0.,1.2),.UNSPECIFIED.);
#5438=B_SPLINE_CURVE_WITH_KNOTS('',1,(#10111,#10112),.UNSPECIFIED.,.F.,
 .F.,(2,2),(-1.2,0.),.UNSPECIFIED.);
#5439=B_SPLINE_CURVE_WITH_KNOTS('',1,(#10113,#10114),.UNSPECIFIED.,.F.,
 .F.,(2,2),(-1.2,0.),.UNSPECIFIED.);
#5440=B_SPLINE_CURVE_WITH_KNOTS('',1,(#10115,#10116),.UNSPECIFIED.,.F.,
 .F.,(2,2),(-1.3,0.),.UNSPECIFIED.);
#5441=B_SPLINE_CURVE_WITH_KNOTS('',1,(#10117,#10118),.UNSPECIFIED.,.F.,
 .F.,(2,2),(-1.3,0.),.UNSPECIFIED.);
#5442=B_SPLINE_CURVE_WITH_KNOTS('',1,(#10119,#10120),.UNSPECIFIED.,.F.,
 .F.,(2,2),(-1.2,0.),.UNSPECIFIED.);
#5443=B_SPLINE_CURVE_WITH_KNOTS('',1,(#10121,#10122),.UNSPECIFIED.,.F.,
 .F.,(2,2),(-1.2,0.),.UNSPECIFIED.);
#5444=B_SPLINE_CURVE_WITH_KNOTS('',1,(#10123,#10124),.UNSPECIFIED.,.F.,
 .F.,(2,2),(0.,1.3),.UNSPECIFIED.);
#5445=B_SPLINE_CURVE_WITH_KNOTS('',1,(#10125,#10126),.UNSPECIFIED.,.F.,
 .F.,(2,2),(0.,1.3),.UNSPECIFIED.);
#5446=B_SPLINE_CURVE_WITH_KNOTS('',1,(#10127,#10128),.UNSPECIFIED.,.F.,
 .F.,(2,2),(-0.26719264728487,0.),.UNSPECIFIED.);
#5447=B_SPLINE_CURVE_WITH_KNOTS('',1,(#10129,#10130),.UNSPECIFIED.,.F.,
 .F.,(2,2),(-0.26719264728487,0.),.UNSPECIFIED.);
#5448=B_SPLINE_CURVE_WITH_KNOTS('',3,(#10131,#10132,#10133,#10134,#10135,
#10136),.UNSPECIFIED.,.F.,.F.,(4,2,4),(0.,0.499337510831801,1.),
 .UNSPECIFIED.);
#5449=B_SPLINE_CURVE_WITH_KNOTS('',3,(#10137,#10138,#10139,#10140),
 .UNSPECIFIED.,.F.,.F.,(4,4),(0.,1.),.UNSPECIFIED.);
#5450=B_SPLINE_CURVE_WITH_KNOTS('',1,(#10141,#10142),.UNSPECIFIED.,.F.,
 .F.,(2,2),(-0.300226954161095,0.),.UNSPECIFIED.);
#5451=B_SPLINE_CURVE_WITH_KNOTS('',1,(#10143,#10144),.UNSPECIFIED.,.F.,
 .F.,(2,2),(-0.300226954161095,0.),.UNSPECIFIED.);
#5452=B_SPLINE_CURVE_WITH_KNOTS('',1,(#10148,#10149),.UNSPECIFIED.,.F.,
 .F.,(2,2),(-0.235619449019234,0.),.UNSPECIFIED.);
#5453=B_SPLINE_CURVE_WITH_KNOTS('',1,(#10150,#10151),.UNSPECIFIED.,.F.,
 .F.,(2,2),(0.,0.300226954145018),.UNSPECIFIED.);
#5454=B_SPLINE_CURVE_WITH_KNOTS('',1,(#10152,#10153),.UNSPECIFIED.,.F.,
 .F.,(2,2),(0.,0.300226954145018),.UNSPECIFIED.);
#5455=B_SPLINE_CURVE_WITH_KNOTS('',3,(#10154,#10155,#10156,#10157,#10158,
#10159),.UNSPECIFIED.,.F.,.F.,(4,2,4),(0.,0.500616499470504,1.),
 .UNSPECIFIED.);
#5456=B_SPLINE_CURVE_WITH_KNOTS('',3,(#10160,#10161,#10162,#10163),
 .UNSPECIFIED.,.F.,.F.,(4,4),(0.,1.),.UNSPECIFIED.);
#5457=B_SPLINE_CURVE_WITH_KNOTS('',1,(#10164,#10165),.UNSPECIFIED.,.F.,
 .F.,(2,2),(-0.26719264728487,0.),.UNSPECIFIED.);
#5458=B_SPLINE_CURVE_WITH_KNOTS('',1,(#10166,#10167),.UNSPECIFIED.,.F.,
 .F.,(2,2),(-0.26719264728487,0.),.UNSPECIFIED.);
#5459=B_SPLINE_CURVE_WITH_KNOTS('',1,(#10171,#10172),.UNSPECIFIED.,.F.,
 .F.,(2,2),(-0.235619449019234,0.),.UNSPECIFIED.);
#5460=B_SPLINE_CURVE_WITH_KNOTS('',1,(#10179,#10180),.UNSPECIFIED.,.F.,
 .F.,(2,2),(-0.26719264728487,0.),.UNSPECIFIED.);
#5461=B_SPLINE_CURVE_WITH_KNOTS('',1,(#10181,#10182),.UNSPECIFIED.,.F.,
 .F.,(2,2),(0.,0.9),.UNSPECIFIED.);
#5462=B_SPLINE_CURVE_WITH_KNOTS('',1,(#10183,#10184),.UNSPECIFIED.,.F.,
 .F.,(2,2),(0.,0.9),.UNSPECIFIED.);
#5463=B_SPLINE_CURVE_WITH_KNOTS('',1,(#10185,#10186),.UNSPECIFIED.,.F.,
 .F.,(2,2),(-0.26719264728487,0.),.UNSPECIFIED.);
#5464=B_SPLINE_CURVE_WITH_KNOTS('',1,(#10193,#10194),.UNSPECIFIED.,.F.,
 .F.,(2,2),(0.,0.67573593128804),.UNSPECIFIED.);
#5465=B_SPLINE_CURVE_WITH_KNOTS('',1,(#10195,#10196),.UNSPECIFIED.,.F.,
 .F.,(2,2),(0.,0.67573593128804),.UNSPECIFIED.);
#5466=B_SPLINE_CURVE_WITH_KNOTS('',1,(#10197,#10198),.UNSPECIFIED.,.F.,
 .F.,(2,2),(0.,0.67573593128804),.UNSPECIFIED.);
#5467=B_SPLINE_CURVE_WITH_KNOTS('',1,(#10199,#10200),.UNSPECIFIED.,.F.,
 .F.,(2,2),(0.,0.519615242270618),.UNSPECIFIED.);
#5468=B_SPLINE_CURVE_WITH_KNOTS('',1,(#10201,#10202),.UNSPECIFIED.,.F.,
 .F.,(2,2),(0.,0.519615242270618),.UNSPECIFIED.);
#5469=B_SPLINE_CURVE_WITH_KNOTS('',1,(#10203,#10204),.UNSPECIFIED.,.F.,
 .F.,(2,2),(0.,1.27573593128797),.UNSPECIFIED.);
#5470=B_SPLINE_CURVE_WITH_KNOTS('',1,(#10205,#10206),.UNSPECIFIED.,.F.,
 .F.,(2,2),(0.,1.27573593128797),.UNSPECIFIED.);
#5471=B_SPLINE_CURVE_WITH_KNOTS('',1,(#10207,#10208),.UNSPECIFIED.,.F.,
 .F.,(2,2),(0.,0.519615242270623),.UNSPECIFIED.);
#5472=B_SPLINE_CURVE_WITH_KNOTS('',1,(#10209,#10210),.UNSPECIFIED.,.F.,
 .F.,(2,2),(0.,0.519615242270623),.UNSPECIFIED.);
#5473=B_SPLINE_CURVE_WITH_KNOTS('',1,(#10214,#10215),.UNSPECIFIED.,.F.,
 .F.,(2,2),(0.,2.2776546738526),.UNSPECIFIED.);
#5474=B_SPLINE_CURVE_WITH_KNOTS('',1,(#10216,#10217),.UNSPECIFIED.,.F.,
 .F.,(2,2),(-0.521961536498951,0.),.UNSPECIFIED.);
#5475=B_SPLINE_CURVE_WITH_KNOTS('',1,(#10218,#10219),.UNSPECIFIED.,.F.,
 .F.,(2,2),(-0.521961536498951,0.),.UNSPECIFIED.);
#5476=B_SPLINE_CURVE_WITH_KNOTS('',1,(#10225,#10226),.UNSPECIFIED.,.F.,
 .F.,(2,2),(0.,3.94630643423907),.UNSPECIFIED.);
#5477=B_SPLINE_CURVE_WITH_KNOTS('',1,(#10227,#10228),.UNSPECIFIED.,.F.,
 .F.,(2,2),(-0.521961536498951,0.),.UNSPECIFIED.);
#5478=B_SPLINE_CURVE_WITH_KNOTS('',1,(#10229,#10230),.UNSPECIFIED.,.F.,
 .F.,(2,2),(-0.521961536498951,0.),.UNSPECIFIED.);
#5479=B_SPLINE_CURVE_WITH_KNOTS('',1,(#10234,#10235),.UNSPECIFIED.,.F.,
 .F.,(2,2),(0.,2.2776546738526),.UNSPECIFIED.);
#5480=B_SPLINE_CURVE_WITH_KNOTS('',1,(#10239,#10240),.UNSPECIFIED.,.F.,
 .F.,(2,2),(-2.2776546738526,0.),.UNSPECIFIED.);
#5481=B_SPLINE_CURVE_WITH_KNOTS('',1,(#10241,#10242),.UNSPECIFIED.,.F.,
 .F.,(2,2),(0.,2.2776546738526),.UNSPECIFIED.);
#5482=B_SPLINE_CURVE_WITH_KNOTS('',1,(#10243,#10244),.UNSPECIFIED.,.F.,
 .F.,(2,2),(0.,0.865370879822),.UNSPECIFIED.);
#5483=B_SPLINE_CURVE_WITH_KNOTS('',1,(#10245,#10246),.UNSPECIFIED.,.F.,
 .F.,(2,2),(0.,0.865370879822),.UNSPECIFIED.);
#5484=B_SPLINE_CURVE_WITH_KNOTS('',1,(#10252,#10253),.UNSPECIFIED.,.F.,
 .F.,(2,2),(0.,4.5553093477052),.UNSPECIFIED.);
#5485=B_SPLINE_CURVE_WITH_KNOTS('',1,(#10254,#10255),.UNSPECIFIED.,.F.,
 .F.,(2,2),(0.,0.865370879822),.UNSPECIFIED.);
#5486=B_SPLINE_CURVE_WITH_KNOTS('',1,(#10256,#10257),.UNSPECIFIED.,.F.,
 .F.,(2,2),(0.,0.865370879822),.UNSPECIFIED.);
#5487=B_SPLINE_CURVE_WITH_KNOTS('',1,(#10263,#10264),.UNSPECIFIED.,.F.,
 .F.,(2,2),(0.,4.5553093477052),.UNSPECIFIED.);
#5488=B_SPLINE_CURVE_WITH_KNOTS('',1,(#10265,#10266),.UNSPECIFIED.,.F.,
 .F.,(2,2),(0.,0.865370879822),.UNSPECIFIED.);
#5489=B_SPLINE_CURVE_WITH_KNOTS('',1,(#10267,#10268),.UNSPECIFIED.,.F.,
 .F.,(2,2),(0.,2.2776546738526),.UNSPECIFIED.);
#5490=B_SPLINE_CURVE_WITH_KNOTS('',1,(#10272,#10273),.UNSPECIFIED.,.F.,
 .F.,(2,2),(-2.2776546738526,0.),.UNSPECIFIED.);
#5491=B_SPLINE_CURVE_WITH_KNOTS('',1,(#10274,#10275),.UNSPECIFIED.,.F.,
 .F.,(2,2),(0.,0.865370879822),.UNSPECIFIED.);
#5492=B_SPLINE_CURVE_WITH_KNOTS('',1,(#10276,#10277),.UNSPECIFIED.,.F.,
 .F.,(2,2),(-0.521961536498951,0.),.UNSPECIFIED.);
#5493=B_SPLINE_CURVE_WITH_KNOTS('',1,(#10283,#10284),.UNSPECIFIED.,.F.,
 .F.,(2,2),(-3.94630643423907,0.),.UNSPECIFIED.);
#5494=B_SPLINE_CURVE_WITH_KNOTS('',1,(#10285,#10286),.UNSPECIFIED.,.F.,
 .F.,(2,2),(-0.521961536498951,0.),.UNSPECIFIED.);
#5495=B_SPLINE_CURVE_WITH_KNOTS('',1,(#10287,#10288),.UNSPECIFIED.,.F.,
 .F.,(2,2),(-2.2776546738526,0.),.UNSPECIFIED.);
#5496=B_SPLINE_CURVE_WITH_KNOTS('',1,(#10289,#10290),.UNSPECIFIED.,.F.,
 .F.,(2,2),(-2.2776546738526,0.),.UNSPECIFIED.);
#5497=B_SPLINE_CURVE_WITH_KNOTS('',1,(#10301,#10302),.UNSPECIFIED.,.F.,
 .F.,(2,2),(0.,0.77573593128754),.UNSPECIFIED.);
#5498=B_SPLINE_CURVE_WITH_KNOTS('',1,(#10303,#10304),.UNSPECIFIED.,.F.,
 .F.,(2,2),(0.,0.77573593128754),.UNSPECIFIED.);
#5499=B_SPLINE_CURVE_WITH_KNOTS('',1,(#10315,#10316),.UNSPECIFIED.,.F.,
 .F.,(2,2),(-1.27573593128797,0.),.UNSPECIFIED.);
#5500=B_SPLINE_CURVE_WITH_KNOTS('',1,(#10317,#10318),.UNSPECIFIED.,.F.,
 .F.,(2,2),(-1.27573593128797,0.),.UNSPECIFIED.);
#5501=B_SPLINE_CURVE_WITH_KNOTS('',1,(#10329,#10330),.UNSPECIFIED.,.F.,
 .F.,(2,2),(0.,0.7757359312878),.UNSPECIFIED.);
#5502=B_SPLINE_CURVE_WITH_KNOTS('',1,(#10331,#10332),.UNSPECIFIED.,.F.,
 .F.,(2,2),(0.,0.7757359312878),.UNSPECIFIED.);
#5503=B_SPLINE_CURVE_WITH_KNOTS('',1,(#10343,#10344),.UNSPECIFIED.,.F.,
 .F.,(2,2),(0.,1.27573593128797),.UNSPECIFIED.);
#5504=B_SPLINE_CURVE_WITH_KNOTS('',1,(#10355,#10356),.UNSPECIFIED.,.F.,
 .F.,(2,2),(0.,0.276012765809024),.UNSPECIFIED.);
#5505=B_SPLINE_CURVE_WITH_KNOTS('',1,(#10357,#10358),.UNSPECIFIED.,.F.,
 .F.,(2,2),(0.,0.276012765809024),.UNSPECIFIED.);
#5506=B_SPLINE_CURVE_WITH_KNOTS('',1,(#10359,#10360),.UNSPECIFIED.,.F.,
 .F.,(2,2),(0.,0.433173917133085),.UNSPECIFIED.);
#5507=B_SPLINE_CURVE_WITH_KNOTS('',1,(#10361,#10362),.UNSPECIFIED.,.F.,
 .F.,(2,2),(0.,0.433173917133085),.UNSPECIFIED.);
#5508=B_SPLINE_CURVE_WITH_KNOTS('',1,(#10363,#10364),.UNSPECIFIED.,.F.,
 .F.,(2,2),(0.,0.77573593128754),.UNSPECIFIED.);
#5509=B_SPLINE_CURVE_WITH_KNOTS('',3,(#10365,#10366,#10367,#10368),
 .UNSPECIFIED.,.F.,.F.,(4,4),(-1.,0.),.UNSPECIFIED.);
#5510=B_SPLINE_CURVE_WITH_KNOTS('',3,(#10369,#10370,#10371,#10372),
 .UNSPECIFIED.,.F.,.F.,(4,4),(-1.,0.),.UNSPECIFIED.);
#5511=B_SPLINE_CURVE_WITH_KNOTS('',1,(#10373,#10374),.UNSPECIFIED.,.F.,
 .F.,(2,2),(0.,0.519615242270618),.UNSPECIFIED.);
#5512=B_SPLINE_CURVE_WITH_KNOTS('',3,(#10375,#10376,#10377,#10378),
 .UNSPECIFIED.,.F.,.F.,(4,4),(0.956316559492037,1.06788623899576),
 .UNSPECIFIED.);
#5513=B_SPLINE_CURVE_WITH_KNOTS('',3,(#10379,#10380,#10381,#10382),
 .UNSPECIFIED.,.F.,.F.,(4,4),(0.,1.),.UNSPECIFIED.);
#5514=B_SPLINE_CURVE_WITH_KNOTS('',3,(#10386,#10387,#10388,#10389),
 .UNSPECIFIED.,.F.,.F.,(4,4),(-1.51991331952581,-1.50715976015228),
 .UNSPECIFIED.);
#5515=B_SPLINE_CURVE_WITH_KNOTS('',1,(#10390,#10391),.UNSPECIFIED.,.F.,
 .F.,(2,2),(-1.,0.),.UNSPECIFIED.);
#5516=B_SPLINE_CURVE_WITH_KNOTS('',3,(#10392,#10393,#10394,#10395),
 .UNSPECIFIED.,.F.,.F.,(4,4),(2.35533485093963,2.79445959683587),
 .UNSPECIFIED.);
#5517=B_SPLINE_CURVE_WITH_KNOTS('',1,(#10396,#10397),.UNSPECIFIED.,.F.,
 .F.,(2,2),(0.,0.300226954145018),.UNSPECIFIED.);
#5518=B_SPLINE_CURVE_WITH_KNOTS('',1,(#10398,#10399),.UNSPECIFIED.,.F.,
 .F.,(2,2),(0.,0.325),.UNSPECIFIED.);
#5519=B_SPLINE_CURVE_WITH_KNOTS('',1,(#10400,#10401),.UNSPECIFIED.,.F.,
 .F.,(2,2),(0.,0.325),.UNSPECIFIED.);
#5520=B_SPLINE_CURVE_WITH_KNOTS('',1,(#10402,#10403),.UNSPECIFIED.,.F.,
 .F.,(2,2),(0.,1.3),.UNSPECIFIED.);
#5521=B_SPLINE_CURVE_WITH_KNOTS('',1,(#10404,#10405),.UNSPECIFIED.,.F.,
 .F.,(2,2),(-0.95,0.),.UNSPECIFIED.);
#5522=B_SPLINE_CURVE_WITH_KNOTS('',1,(#10406,#10407),.UNSPECIFIED.,.F.,
 .F.,(2,2),(-0.95,0.),.UNSPECIFIED.);
#5523=B_SPLINE_CURVE_WITH_KNOTS('',1,(#10408,#10409),.UNSPECIFIED.,.F.,
 .F.,(2,2),(-1.3,0.),.UNSPECIFIED.);
#5524=B_SPLINE_CURVE_WITH_KNOTS('',1,(#10410,#10411),.UNSPECIFIED.,.F.,
 .F.,(2,2),(0.,0.325),.UNSPECIFIED.);
#5525=B_SPLINE_CURVE_WITH_KNOTS('',1,(#10412,#10413),.UNSPECIFIED.,.F.,
 .F.,(2,2),(0.,0.325),.UNSPECIFIED.);
#5526=B_SPLINE_CURVE_WITH_KNOTS('',3,(#10414,#10415,#10416,#10417),
 .UNSPECIFIED.,.F.,.F.,(4,4),(0.,0.300226954111995),.UNSPECIFIED.);
#5527=B_SPLINE_CURVE_WITH_KNOTS('',1,(#10418,#10419),.UNSPECIFIED.,.F.,
 .F.,(2,2),(0.,0.300226954111995),.UNSPECIFIED.);
#5528=B_SPLINE_CURVE_WITH_KNOTS('',1,(#10426,#10427),.UNSPECIFIED.,.F.,
 .F.,(2,2),(0.,0.276012765809024),.UNSPECIFIED.);
#5529=B_SPLINE_CURVE_WITH_KNOTS('',1,(#10431,#10432),.UNSPECIFIED.,.F.,
 .F.,(2,2),(-0.26719264728528,0.),.UNSPECIFIED.);
#5530=B_SPLINE_CURVE_WITH_KNOTS('',1,(#10433,#10434),.UNSPECIFIED.,.F.,
 .F.,(2,2),(-0.26719264728528,0.),.UNSPECIFIED.);
#5531=B_SPLINE_CURVE_WITH_KNOTS('',3,(#10435,#10436,#10437,#10438,#10439,
#10440),.UNSPECIFIED.,.F.,.F.,(4,2,4),(0.,0.499337510877093,1.),
 .UNSPECIFIED.);
#5532=B_SPLINE_CURVE_WITH_KNOTS('',3,(#10441,#10442,#10443,#10444),
 .UNSPECIFIED.,.F.,.F.,(4,4),(0.,1.),.UNSPECIFIED.);
#5533=B_SPLINE_CURVE_WITH_KNOTS('',1,(#10445,#10446),.UNSPECIFIED.,.F.,
 .F.,(2,2),(0.,0.300226954111995),.UNSPECIFIED.);
#5534=B_SPLINE_CURVE_WITH_KNOTS('',1,(#10450,#10451),.UNSPECIFIED.,.F.,
 .F.,(2,2),(-0.235619449019234,0.),.UNSPECIFIED.);
#5535=B_SPLINE_CURVE_WITH_KNOTS('',1,(#10452,#10453),.UNSPECIFIED.,.F.,
 .F.,(2,2),(0.,0.433173917133085),.UNSPECIFIED.);
#5536=B_SPLINE_CURVE_WITH_KNOTS('',3,(#10454,#10455,#10456,#10457),
 .UNSPECIFIED.,.F.,.F.,(4,4),(1.05498390529861,1.06773747244275),
 .UNSPECIFIED.);
#5537=B_SPLINE_CURVE_WITH_KNOTS('',3,(#10458,#10459,#10460,#10461),
 .UNSPECIFIED.,.F.,.F.,(4,4),(0.,1.),.UNSPECIFIED.);
#5538=B_SPLINE_CURVE_WITH_KNOTS('',3,(#10465,#10466,#10467,#10468),
 .UNSPECIFIED.,.F.,.F.,(4,4),(-1.61858066439468,-1.50701098489144),
 .UNSPECIFIED.);
#5539=B_SPLINE_CURVE_WITH_KNOTS('',1,(#10469,#10470),.UNSPECIFIED.,.F.,
 .F.,(2,2),(0.,0.519615242269728),.UNSPECIFIED.);
#5540=B_SPLINE_CURVE_WITH_KNOTS('',1,(#10471,#10472),.UNSPECIFIED.,.F.,
 .F.,(2,2),(0.,0.519615242269728),.UNSPECIFIED.);
#5541=B_SPLINE_CURVE_WITH_KNOTS('',3,(#10473,#10474,#10475,#10476),
 .UNSPECIFIED.,.F.,.F.,(4,4),(2.35533485094028,2.79445959683584),
 .UNSPECIFIED.);
#5542=B_SPLINE_CURVE_WITH_KNOTS('',1,(#10477,#10478),.UNSPECIFIED.,.F.,
 .F.,(2,2),(-0.67573593128869,0.),.UNSPECIFIED.);
#5543=B_SPLINE_CURVE_WITH_KNOTS('',1,(#10479,#10480),.UNSPECIFIED.,.F.,
 .F.,(2,2),(-0.67573593128869,0.),.UNSPECIFIED.);
#5544=B_SPLINE_CURVE_WITH_KNOTS('',1,(#10481,#10482),.UNSPECIFIED.,.F.,
 .F.,(2,2),(-0.51961524227034,0.),.UNSPECIFIED.);
#5545=B_SPLINE_CURVE_WITH_KNOTS('',1,(#10483,#10484),.UNSPECIFIED.,.F.,
 .F.,(2,2),(-0.51961524227034,0.),.UNSPECIFIED.);
#5546=B_SPLINE_CURVE_WITH_KNOTS('',1,(#10485,#10486),.UNSPECIFIED.,.F.,
 .F.,(2,2),(-1.27573593128797,0.),.UNSPECIFIED.);
#5547=B_SPLINE_CURVE_WITH_KNOTS('',1,(#10487,#10488),.UNSPECIFIED.,.F.,
 .F.,(2,2),(0.,0.519615242269728),.UNSPECIFIED.);
#5548=B_SPLINE_CURVE_WITH_KNOTS('',1,(#10492,#10493),.UNSPECIFIED.,.F.,
 .F.,(2,2),(-0.26719264728528,0.),.UNSPECIFIED.);
#5549=B_SPLINE_CURVE_WITH_KNOTS('',1,(#10494,#10495),.UNSPECIFIED.,.F.,
 .F.,(2,2),(0.,0.9),.UNSPECIFIED.);
#5550=B_SPLINE_CURVE_WITH_KNOTS('',1,(#10496,#10497),.UNSPECIFIED.,.F.,
 .F.,(2,2),(0.,0.9),.UNSPECIFIED.);
#5551=B_SPLINE_CURVE_WITH_KNOTS('',1,(#10498,#10499),.UNSPECIFIED.,.F.,
 .F.,(2,2),(-0.26719264728504,0.),.UNSPECIFIED.);
#5552=B_SPLINE_CURVE_WITH_KNOTS('',1,(#10500,#10501),.UNSPECIFIED.,.F.,
 .F.,(2,2),(-0.26719264728504,0.),.UNSPECIFIED.);
#5553=B_SPLINE_CURVE_WITH_KNOTS('',1,(#10508,#10509),.UNSPECIFIED.,.F.,
 .F.,(2,2),(-0.67573593128869,0.),.UNSPECIFIED.);
#5554=B_SPLINE_CURVE_WITH_KNOTS('',1,(#10510,#10511),.UNSPECIFIED.,.F.,
 .F.,(2,2),(0.,0.300226954077101),.UNSPECIFIED.);
#5555=B_SPLINE_CURVE_WITH_KNOTS('',1,(#10512,#10513),.UNSPECIFIED.,.F.,
 .F.,(2,2),(0.,0.300226954077101),.UNSPECIFIED.);
#5556=B_SPLINE_CURVE_WITH_KNOTS('',3,(#10514,#10515,#10516,#10517,#10518,
#10519),.UNSPECIFIED.,.F.,.F.,(4,2,4),(0.,0.500616559013748,1.),
 .UNSPECIFIED.);
#5557=B_SPLINE_CURVE_WITH_KNOTS('',3,(#10520,#10521,#10522,#10523),
 .UNSPECIFIED.,.F.,.F.,(4,4),(0.,1.),.UNSPECIFIED.);
#5558=B_SPLINE_CURVE_WITH_KNOTS('',1,(#10524,#10525),.UNSPECIFIED.,.F.,
 .F.,(2,2),(-0.26719264728504,0.),.UNSPECIFIED.);
#5559=B_SPLINE_CURVE_WITH_KNOTS('',1,(#10529,#10530),.UNSPECIFIED.,.F.,
 .F.,(2,2),(-0.235619449019234,0.),.UNSPECIFIED.);
#5560=B_SPLINE_CURVE_WITH_KNOTS('',1,(#10531,#10532),.UNSPECIFIED.,.F.,
 .F.,(2,2),(-0.51961524227034,0.),.UNSPECIFIED.);
#5561=B_SPLINE_CURVE_WITH_KNOTS('',3,(#10533,#10534,#10535,#10536),
 .UNSPECIFIED.,.F.,.F.,(4,4),(2.24376517143621,2.3553348509398),
 .UNSPECIFIED.);
#5562=B_SPLINE_CURVE_WITH_KNOTS('',3,(#10537,#10538,#10539,#10540),
 .UNSPECIFIED.,.F.,.F.,(4,4),(0.,1.),.UNSPECIFIED.);
#5563=B_SPLINE_CURVE_WITH_KNOTS('',3,(#10544,#10545,#10546,#10547),
 .UNSPECIFIED.,.F.,.F.,(4,4),(-0.232464705655724,-0.219711148205548),
 .UNSPECIFIED.);
#5564=B_SPLINE_CURVE_WITH_KNOTS('',1,(#10548,#10549),.UNSPECIFIED.,.F.,
 .F.,(2,2),(-0.433173978343928,0.),.UNSPECIFIED.);
#5565=B_SPLINE_CURVE_WITH_KNOTS('',1,(#10550,#10551),.UNSPECIFIED.,.F.,
 .F.,(2,2),(-0.433173978343928,0.),.UNSPECIFIED.);
#5566=B_SPLINE_CURVE_WITH_KNOTS('',3,(#10552,#10553,#10554,#10555),
 .UNSPECIFIED.,.F.,.F.,(4,4),(1.06788623899577,1.50701098489181),
 .UNSPECIFIED.);
#5567=B_SPLINE_CURVE_WITH_KNOTS('',1,(#10556,#10557),.UNSPECIFIED.,.F.,
 .F.,(2,2),(0.,0.7757359312878),.UNSPECIFIED.);
#5568=B_SPLINE_CURVE_WITH_KNOTS('',1,(#10558,#10559),.UNSPECIFIED.,.F.,
 .F.,(2,2),(-0.433173978343928,0.),.UNSPECIFIED.);
#5569=B_SPLINE_CURVE_WITH_KNOTS('',1,(#10560,#10561),.UNSPECIFIED.,.F.,
 .F.,(2,2),(-0.276012765808023,0.),.UNSPECIFIED.);
#5570=B_SPLINE_CURVE_WITH_KNOTS('',1,(#10562,#10563),.UNSPECIFIED.,.F.,
 .F.,(2,2),(-0.276012765808023,0.),.UNSPECIFIED.);
#5571=B_SPLINE_CURVE_WITH_KNOTS('',3,(#10564,#10565,#10566,#10567),
 .UNSPECIFIED.,.F.,.F.,(4,4),(-1.,0.),.UNSPECIFIED.);
#5572=B_SPLINE_CURVE_WITH_KNOTS('',3,(#10568,#10569,#10570,#10571),
 .UNSPECIFIED.,.F.,.F.,(4,4),(-1.,0.),.UNSPECIFIED.);
#5573=B_SPLINE_CURVE_WITH_KNOTS('',3,(#10572,#10573,#10574,#10575),
 .UNSPECIFIED.,.F.,.F.,(4,4),(0.219562372948107,0.331132052451829),
 .UNSPECIFIED.);
#5574=B_SPLINE_CURVE_WITH_KNOTS('',1,(#10576,#10577),.UNSPECIFIED.,.F.,
 .F.,(2,2),(0.,0.519615242270623),.UNSPECIFIED.);
#5575=B_SPLINE_CURVE_WITH_KNOTS('',3,(#10578,#10579,#10580,#10581),
 .UNSPECIFIED.,.F.,.F.,(4,4),(1.06788623899576,1.50701098489196),
 .UNSPECIFIED.);
#5576=B_SPLINE_CURVE_WITH_KNOTS('',1,(#10582,#10583),.UNSPECIFIED.,.F.,
 .F.,(2,2),(-1.,0.),.UNSPECIFIED.);
#5577=B_SPLINE_CURVE_WITH_KNOTS('',3,(#10587,#10588,#10589,#10590),
 .UNSPECIFIED.,.F.,.F.,(4,4),(-2.35518608438556,-2.34243251584971),
 .UNSPECIFIED.);
#5578=B_SPLINE_CURVE_WITH_KNOTS('',3,(#10591,#10592,#10593,#10594),
 .UNSPECIFIED.,.F.,.F.,(4,4),(0.,1.),.UNSPECIFIED.);
#5579=B_SPLINE_CURVE_WITH_KNOTS('',1,(#10595,#10596),.UNSPECIFIED.,.F.,
 .F.,(2,2),(-0.276012765808023,0.),.UNSPECIFIED.);
#5580=B_SPLINE_CURVE_WITH_KNOTS('',1,(#10600,#10601),.UNSPECIFIED.,.F.,
 .F.,(2,2),(0.,0.300226954077101),.UNSPECIFIED.);
#5581=B_SPLINE_CURVE_WITH_KNOTS('',1,(#10602,#10603),.UNSPECIFIED.,.F.,
 .F.,(2,2),(0.,0.325),.UNSPECIFIED.);
#5582=B_SPLINE_CURVE_WITH_KNOTS('',1,(#10604,#10605),.UNSPECIFIED.,.F.,
 .F.,(2,2),(0.,0.325),.UNSPECIFIED.);
#5583=B_SPLINE_CURVE_WITH_KNOTS('',1,(#10606,#10607),.UNSPECIFIED.,.F.,
 .F.,(2,2),(0.,1.3),.UNSPECIFIED.);
#5584=B_SPLINE_CURVE_WITH_KNOTS('',1,(#10608,#10609),.UNSPECIFIED.,.F.,
 .F.,(2,2),(0.,0.575),.UNSPECIFIED.);
#5585=B_SPLINE_CURVE_WITH_KNOTS('',1,(#10610,#10611),.UNSPECIFIED.,.F.,
 .F.,(2,2),(0.,0.575),.UNSPECIFIED.);
#5586=B_SPLINE_CURVE_WITH_KNOTS('',1,(#10612,#10613),.UNSPECIFIED.,.F.,
 .F.,(2,2),(0.,1.2),.UNSPECIFIED.);
#5587=B_SPLINE_CURVE_WITH_KNOTS('',1,(#10614,#10615),.UNSPECIFIED.,.F.,
 .F.,(2,2),(0.,2.1),.UNSPECIFIED.);
#5588=B_SPLINE_CURVE_WITH_KNOTS('',1,(#10616,#10617),.UNSPECIFIED.,.F.,
 .F.,(2,2),(-1.2,0.),.UNSPECIFIED.);
#5589=B_SPLINE_CURVE_WITH_KNOTS('',1,(#10618,#10619),.UNSPECIFIED.,.F.,
 .F.,(2,2),(0.,0.574999999999999),.UNSPECIFIED.);
#5590=B_SPLINE_CURVE_WITH_KNOTS('',1,(#10620,#10621),.UNSPECIFIED.,.F.,
 .F.,(2,2),(0.,0.574999999999999),.UNSPECIFIED.);
#5591=B_SPLINE_CURVE_WITH_KNOTS('',1,(#10622,#10623),.UNSPECIFIED.,.F.,
 .F.,(2,2),(-1.3,0.),.UNSPECIFIED.);
#5592=B_SPLINE_CURVE_WITH_KNOTS('',1,(#10624,#10625),.UNSPECIFIED.,.F.,
 .F.,(2,2),(0.,0.325),.UNSPECIFIED.);
#5593=B_SPLINE_CURVE_WITH_KNOTS('',1,(#10626,#10627),.UNSPECIFIED.,.F.,
 .F.,(2,2),(0.,0.325),.UNSPECIFIED.);
#5594=B_SPLINE_CURVE_WITH_KNOTS('',1,(#10628,#10629),.UNSPECIFIED.,.F.,
 .F.,(2,2),(-0.300226954161095,0.),.UNSPECIFIED.);
#5595=B_SPLINE_CURVE_WITH_KNOTS('',1,(#10633,#10634),.UNSPECIFIED.,.F.,
 .F.,(2,2),(-1.2,0.),.UNSPECIFIED.);
#5596=B_SPLINE_CURVE_WITH_KNOTS('',1,(#10635,#10636),.UNSPECIFIED.,.F.,
 .F.,(2,2),(-1.2,0.),.UNSPECIFIED.);
#5597=B_SPLINE_CURVE_WITH_KNOTS('',1,(#10637,#10638),.UNSPECIFIED.,.F.,
 .F.,(2,2),(-1.3,0.),.UNSPECIFIED.);
#5598=B_SPLINE_CURVE_WITH_KNOTS('',1,(#10639,#10640),.UNSPECIFIED.,.F.,
 .F.,(2,2),(-1.3,0.),.UNSPECIFIED.);
#5599=B_SPLINE_CURVE_WITH_KNOTS('',1,(#10641,#10642),.UNSPECIFIED.,.F.,
 .F.,(2,2),(-1.2,0.),.UNSPECIFIED.);
#5600=B_SPLINE_CURVE_WITH_KNOTS('',1,(#10643,#10644),.UNSPECIFIED.,.F.,
 .F.,(2,2),(-1.2,0.),.UNSPECIFIED.);
#5601=B_SPLINE_CURVE_WITH_KNOTS('',1,(#10645,#10646),.UNSPECIFIED.,.F.,
 .F.,(2,2),(0.,1.3),.UNSPECIFIED.);
#5602=B_SPLINE_CURVE_WITH_KNOTS('',1,(#10647,#10648),.UNSPECIFIED.,.F.,
 .F.,(2,2),(0.,1.3),.UNSPECIFIED.);
#5603=B_SPLINE_CURVE_WITH_KNOTS('',1,(#10649,#10650),.UNSPECIFIED.,.F.,
 .F.,(2,2),(-1.35,0.),.UNSPECIFIED.);
#5604=B_SPLINE_CURVE_WITH_KNOTS('',1,(#10651,#10652),.UNSPECIFIED.,.F.,
 .F.,(2,2),(-1.35,0.),.UNSPECIFIED.);
#5605=B_SPLINE_CURVE_WITH_KNOTS('',1,(#10653,#10654),.UNSPECIFIED.,.F.,
 .F.,(2,2),(-1.2,0.),.UNSPECIFIED.);
#5606=B_SPLINE_CURVE_WITH_KNOTS('',1,(#10655,#10656),.UNSPECIFIED.,.F.,
 .F.,(2,2),(-1.2,0.),.UNSPECIFIED.);
#5607=B_SPLINE_CURVE_WITH_KNOTS('',1,(#10657,#10658),.UNSPECIFIED.,.F.,
 .F.,(2,2),(0.,1.35),.UNSPECIFIED.);
#5608=B_SPLINE_CURVE_WITH_KNOTS('',1,(#10659,#10660),.UNSPECIFIED.,.F.,
 .F.,(2,2),(0.,1.2),.UNSPECIFIED.);
#5609=B_SPLINE_CURVE_WITH_KNOTS('',1,(#10661,#10662),.UNSPECIFIED.,.F.,
 .F.,(2,2),(0.,1.2),.UNSPECIFIED.);
#5610=B_SPLINE_CURVE_WITH_KNOTS('',1,(#10663,#10664),.UNSPECIFIED.,.F.,
 .F.,(2,2),(0.,1.35),.UNSPECIFIED.);
#5611=B_SPLINE_CURVE_WITH_KNOTS('',1,(#10665,#10666),.UNSPECIFIED.,.F.,
 .F.,(2,2),(0.,1.35),.UNSPECIFIED.);
#5612=B_SPLINE_CURVE_WITH_KNOTS('',1,(#10667,#10668),.UNSPECIFIED.,.F.,
 .F.,(2,2),(-1.2,0.),.UNSPECIFIED.);
#5613=B_SPLINE_CURVE_WITH_KNOTS('',1,(#10669,#10670),.UNSPECIFIED.,.F.,
 .F.,(2,2),(-1.2,0.),.UNSPECIFIED.);
#5614=B_SPLINE_CURVE_WITH_KNOTS('',1,(#10671,#10672),.UNSPECIFIED.,.F.,
 .F.,(2,2),(-1.35,0.),.UNSPECIFIED.);
#5615=B_SPLINE_CURVE_WITH_KNOTS('',1,(#10673,#10674),.UNSPECIFIED.,.F.,
 .F.,(2,2),(0.,1.2),.UNSPECIFIED.);
#5616=B_SPLINE_CURVE_WITH_KNOTS('',1,(#10675,#10676),.UNSPECIFIED.,.F.,
 .F.,(2,2),(0.,1.2),.UNSPECIFIED.);
#5617=B_SPLINE_CURVE_WITH_KNOTS('',1,(#10677,#10678),.UNSPECIFIED.,.F.,
 .F.,(2,2),(-1.2,0.),.UNSPECIFIED.);
#5618=B_SPLINE_CURVE_WITH_KNOTS('',1,(#10679,#10680),.UNSPECIFIED.,.F.,
 .F.,(2,2),(-1.2,0.),.UNSPECIFIED.);
#5619=B_SPLINE_CURVE_WITH_KNOTS('',1,(#10681,#10682),.UNSPECIFIED.,.F.,
 .F.,(2,2),(-1.3,0.),.UNSPECIFIED.);
#5620=B_SPLINE_CURVE_WITH_KNOTS('',1,(#10683,#10684),.UNSPECIFIED.,.F.,
 .F.,(2,2),(-1.3,0.),.UNSPECIFIED.);
#5621=B_SPLINE_CURVE_WITH_KNOTS('',1,(#10685,#10686),.UNSPECIFIED.,.F.,
 .F.,(2,2),(-1.2,0.),.UNSPECIFIED.);
#5622=B_SPLINE_CURVE_WITH_KNOTS('',1,(#10687,#10688),.UNSPECIFIED.,.F.,
 .F.,(2,2),(-1.2,0.),.UNSPECIFIED.);
#5623=B_SPLINE_CURVE_WITH_KNOTS('',1,(#10689,#10690),.UNSPECIFIED.,.F.,
 .F.,(2,2),(0.,1.3),.UNSPECIFIED.);
#5624=B_SPLINE_CURVE_WITH_KNOTS('',1,(#10691,#10692),.UNSPECIFIED.,.F.,
 .F.,(2,2),(0.,1.3),.UNSPECIFIED.);
#5625=B_SPLINE_CURVE_WITH_KNOTS('',1,(#10693,#10694),.UNSPECIFIED.,.F.,
 .F.,(2,2),(-0.1,0.),.UNSPECIFIED.);
#5626=B_SPLINE_CURVE_WITH_KNOTS('',1,(#10695,#10696),.UNSPECIFIED.,.F.,
 .F.,(2,2),(-0.1,0.),.UNSPECIFIED.);
#5627=B_SPLINE_CURVE_WITH_KNOTS('',1,(#10697,#10698),.UNSPECIFIED.,.F.,
 .F.,(2,2),(-0.300000000144,0.),.UNSPECIFIED.);
#5628=B_SPLINE_CURVE_WITH_KNOTS('',1,(#10699,#10700),.UNSPECIFIED.,.F.,
 .F.,(2,2),(-0.300000000144,0.),.UNSPECIFIED.);
#5629=B_SPLINE_CURVE_WITH_KNOTS('',1,(#10701,#10702),.UNSPECIFIED.,.F.,
 .F.,(2,2),(0.,0.3),.UNSPECIFIED.);
#5630=B_SPLINE_CURVE_WITH_KNOTS('',1,(#10703,#10704),.UNSPECIFIED.,.F.,
 .F.,(2,2),(0.,0.3),.UNSPECIFIED.);
#5631=B_SPLINE_CURVE_WITH_KNOTS('',1,(#10705,#10706),.UNSPECIFIED.,.F.,
 .F.,(2,2),(0.,1.3),.UNSPECIFIED.);
#5632=B_SPLINE_CURVE_WITH_KNOTS('',1,(#10707,#10708),.UNSPECIFIED.,.F.,
 .F.,(2,2),(-0.7,0.),.UNSPECIFIED.);
#5633=B_SPLINE_CURVE_WITH_KNOTS('',1,(#10709,#10710),.UNSPECIFIED.,.F.,
 .F.,(2,2),(-0.7,0.),.UNSPECIFIED.);
#5634=B_SPLINE_CURVE_WITH_KNOTS('',1,(#10711,#10712),.UNSPECIFIED.,.F.,
 .F.,(2,2),(-1.3,0.),.UNSPECIFIED.);
#5635=B_SPLINE_CURVE_WITH_KNOTS('',1,(#10713,#10714),.UNSPECIFIED.,.F.,
 .F.,(2,2),(0.,0.3),.UNSPECIFIED.);
#5636=B_SPLINE_CURVE_WITH_KNOTS('',1,(#10715,#10716),.UNSPECIFIED.,.F.,
 .F.,(2,2),(0.,0.3),.UNSPECIFIED.);
#5637=B_SPLINE_CURVE_WITH_KNOTS('',1,(#10717,#10718),.UNSPECIFIED.,.F.,
 .F.,(2,2),(0.,0.300000000144),.UNSPECIFIED.);
#5638=B_SPLINE_CURVE_WITH_KNOTS('',1,(#10719,#10720),.UNSPECIFIED.,.F.,
 .F.,(2,2),(0.,0.300000000144),.UNSPECIFIED.);
#5639=B_SPLINE_CURVE_WITH_KNOTS('',1,(#10721,#10722),.UNSPECIFIED.,.F.,
 .F.,(2,2),(-0.300000000144,0.),.UNSPECIFIED.);
#5640=B_SPLINE_CURVE_WITH_KNOTS('',3,(#10726,#10727,#10728,#10729),
 .UNSPECIFIED.,.F.,.F.,(4,4),(-1.13767133876223,-1.04686805939334),
 .UNSPECIFIED.);
#5641=B_SPLINE_CURVE_WITH_KNOTS('',3,(#10730,#10731,#10732,#10733),
 .UNSPECIFIED.,.F.,.F.,(4,4),(0.,1.),.UNSPECIFIED.);
#5642=B_SPLINE_CURVE_WITH_KNOTS('',3,(#10734,#10735,#10736,#10737),
 .UNSPECIFIED.,.F.,.F.,(4,4),(0.,1.),.UNSPECIFIED.);
#5643=B_SPLINE_CURVE_WITH_KNOTS('',1,(#10738,#10739),.UNSPECIFIED.,.F.,
 .F.,(2,2),(-0.20684060743757,0.),.UNSPECIFIED.);
#5644=B_SPLINE_CURVE_WITH_KNOTS('',1,(#10740,#10741),.UNSPECIFIED.,.F.,
 .F.,(2,2),(-0.20684060743757,0.),.UNSPECIFIED.);
#5645=B_SPLINE_CURVE_WITH_KNOTS('',1,(#10745,#10746),.UNSPECIFIED.,.F.,
 .F.,(2,2),(-0.235619449019234,0.),.UNSPECIFIED.);
#5646=B_SPLINE_CURVE_WITH_KNOTS('',1,(#10747,#10748),.UNSPECIFIED.,.F.,
 .F.,(2,2),(0.,0.899999999999999),.UNSPECIFIED.);
#5647=B_SPLINE_CURVE_WITH_KNOTS('',1,(#10749,#10750),.UNSPECIFIED.,.F.,
 .F.,(2,2),(0.,0.899999999999999),.UNSPECIFIED.);
#5648=B_SPLINE_CURVE_WITH_KNOTS('',1,(#10751,#10752),.UNSPECIFIED.,.F.,
 .F.,(2,2),(-0.20684060743757,0.),.UNSPECIFIED.);
#5649=B_SPLINE_CURVE_WITH_KNOTS('',1,(#10759,#10760),.UNSPECIFIED.,.F.,
 .F.,(2,2),(0.,0.475735931288039),.UNSPECIFIED.);
#5650=B_SPLINE_CURVE_WITH_KNOTS('',1,(#10761,#10762),.UNSPECIFIED.,.F.,
 .F.,(2,2),(0.,0.475735931288039),.UNSPECIFIED.);
#5651=B_SPLINE_CURVE_WITH_KNOTS('',1,(#10769,#10770),.UNSPECIFIED.,.F.,
 .F.,(2,2),(0.,0.20684060743776),.UNSPECIFIED.);
#5652=B_SPLINE_CURVE_WITH_KNOTS('',1,(#10771,#10772),.UNSPECIFIED.,.F.,
 .F.,(2,2),(0.,0.20684060743776),.UNSPECIFIED.);
#5653=B_SPLINE_CURVE_WITH_KNOTS('',1,(#10776,#10777),.UNSPECIFIED.,.F.,
 .F.,(2,2),(-0.235619449019234,0.),.UNSPECIFIED.);
#5654=B_SPLINE_CURVE_WITH_KNOTS('',1,(#10778,#10779),.UNSPECIFIED.,.F.,
 .F.,(2,2),(0.,0.20684060743776),.UNSPECIFIED.);
#5655=B_SPLINE_CURVE_WITH_KNOTS('',3,(#10780,#10781,#10782,#10783),
 .UNSPECIFIED.,.F.,.F.,(4,4),(0.,1.),.UNSPECIFIED.);
#5656=B_SPLINE_CURVE_WITH_KNOTS('',3,(#10784,#10785,#10786,#10787),
 .UNSPECIFIED.,.F.,.F.,(4,4),(0.,1.),.UNSPECIFIED.);
#5657=B_SPLINE_CURVE_WITH_KNOTS('',3,(#10791,#10792,#10793,#10794),
 .UNSPECIFIED.,.F.,.F.,(4,4),(-0.0908032793688771,0.),.UNSPECIFIED.);
#5658=B_SPLINE_CURVE_WITH_KNOTS('',1,(#10795,#10796),.UNSPECIFIED.,.F.,
 .F.,(2,2),(-0.300000000144,0.),.UNSPECIFIED.);
#5659=B_SPLINE_CURVE_WITH_KNOTS('',1,(#10797,#10798),.UNSPECIFIED.,.F.,
 .F.,(2,2),(-0.300000000144,0.),.UNSPECIFIED.);
#5660=B_SPLINE_CURVE_WITH_KNOTS('',1,(#10799,#10800),.UNSPECIFIED.,.F.,
 .F.,(2,2),(0.,0.3),.UNSPECIFIED.);
#5661=B_SPLINE_CURVE_WITH_KNOTS('',1,(#10801,#10802),.UNSPECIFIED.,.F.,
 .F.,(2,2),(0.,0.3),.UNSPECIFIED.);
#5662=B_SPLINE_CURVE_WITH_KNOTS('',1,(#10803,#10804),.UNSPECIFIED.,.F.,
 .F.,(2,2),(0.,1.3),.UNSPECIFIED.);
#5663=B_SPLINE_CURVE_WITH_KNOTS('',1,(#10805,#10806),.UNSPECIFIED.,.F.,
 .F.,(2,2),(0.,0.7),.UNSPECIFIED.);
#5664=B_SPLINE_CURVE_WITH_KNOTS('',1,(#10807,#10808),.UNSPECIFIED.,.F.,
 .F.,(2,2),(0.,0.7),.UNSPECIFIED.);
#5665=B_SPLINE_CURVE_WITH_KNOTS('',1,(#10809,#10810),.UNSPECIFIED.,.F.,
 .F.,(2,2),(0.,1.2),.UNSPECIFIED.);
#5666=B_SPLINE_CURVE_WITH_KNOTS('',1,(#10811,#10812),.UNSPECIFIED.,.F.,
 .F.,(2,2),(0.,2.1),.UNSPECIFIED.);
#5667=B_SPLINE_CURVE_WITH_KNOTS('',1,(#10813,#10814),.UNSPECIFIED.,.F.,
 .F.,(2,2),(-1.2,0.),.UNSPECIFIED.);
#5668=B_SPLINE_CURVE_WITH_KNOTS('',1,(#10815,#10816),.UNSPECIFIED.,.F.,
 .F.,(2,2),(0.,0.7),.UNSPECIFIED.);
#5669=B_SPLINE_CURVE_WITH_KNOTS('',1,(#10817,#10818),.UNSPECIFIED.,.F.,
 .F.,(2,2),(0.,0.7),.UNSPECIFIED.);
#5670=B_SPLINE_CURVE_WITH_KNOTS('',1,(#10819,#10820),.UNSPECIFIED.,.F.,
 .F.,(2,2),(-1.3,0.),.UNSPECIFIED.);
#5671=B_SPLINE_CURVE_WITH_KNOTS('',1,(#10821,#10822),.UNSPECIFIED.,.F.,
 .F.,(2,2),(0.,0.3),.UNSPECIFIED.);
#5672=B_SPLINE_CURVE_WITH_KNOTS('',1,(#10823,#10824),.UNSPECIFIED.,.F.,
 .F.,(2,2),(0.,0.3),.UNSPECIFIED.);
#5673=B_SPLINE_CURVE_WITH_KNOTS('',1,(#10825,#10826),.UNSPECIFIED.,.F.,
 .F.,(2,2),(-0.300000000144,0.),.UNSPECIFIED.);
#5674=B_SPLINE_CURVE_WITH_KNOTS('',1,(#10827,#10828),.UNSPECIFIED.,.F.,
 .F.,(2,2),(0.,0.1),.UNSPECIFIED.);
#5675=B_SPLINE_CURVE_WITH_KNOTS('',1,(#10829,#10830),.UNSPECIFIED.,.F.,
 .F.,(2,2),(0.,0.1),.UNSPECIFIED.);
#5676=B_SPLINE_CURVE_WITH_KNOTS('',1,(#10831,#10832),.UNSPECIFIED.,.F.,
 .F.,(2,2),(-0.300000000144,0.),.UNSPECIFIED.);
#5677=B_SPLINE_CURVE_WITH_KNOTS('',1,(#10833,#10834),.UNSPECIFIED.,.F.,
 .F.,(2,2),(-0.300000000144,0.),.UNSPECIFIED.);
#5678=B_SPLINE_CURVE_WITH_KNOTS('',1,(#10835,#10836),.UNSPECIFIED.,.F.,
 .F.,(2,2),(-0.300000000144,0.),.UNSPECIFIED.);
#5679=B_SPLINE_CURVE_WITH_KNOTS('',3,(#10840,#10841,#10842,#10843),
 .UNSPECIFIED.,.F.,.F.,(4,4),(-1.13767133876223,-1.04686805939335),
 .UNSPECIFIED.);
#5680=B_SPLINE_CURVE_WITH_KNOTS('',3,(#10844,#10845,#10846,#10847),
 .UNSPECIFIED.,.F.,.F.,(4,4),(0.,1.),.UNSPECIFIED.);
#5681=B_SPLINE_CURVE_WITH_KNOTS('',3,(#10848,#10849,#10850,#10851),
 .UNSPECIFIED.,.F.,.F.,(4,4),(0.,1.),.UNSPECIFIED.);
#5682=B_SPLINE_CURVE_WITH_KNOTS('',1,(#10852,#10853),.UNSPECIFIED.,.F.,
 .F.,(2,2),(0.,0.20684060743577),.UNSPECIFIED.);
#5683=B_SPLINE_CURVE_WITH_KNOTS('',1,(#10854,#10855),.UNSPECIFIED.,.F.,
 .F.,(2,2),(0.,0.20684060743577),.UNSPECIFIED.);
#5684=B_SPLINE_CURVE_WITH_KNOTS('',1,(#10859,#10860),.UNSPECIFIED.,.F.,
 .F.,(2,2),(-0.235619449019234,0.),.UNSPECIFIED.);
#5685=B_SPLINE_CURVE_WITH_KNOTS('',1,(#10861,#10862),.UNSPECIFIED.,.F.,
 .F.,(2,2),(-1.2,0.),.UNSPECIFIED.);
#5686=B_SPLINE_CURVE_WITH_KNOTS('',1,(#10863,#10864),.UNSPECIFIED.,.F.,
 .F.,(2,2),(0.,0.325),.UNSPECIFIED.);
#5687=B_SPLINE_CURVE_WITH_KNOTS('',1,(#10868,#10869),.UNSPECIFIED.,.F.,
 .F.,(2,2),(0.,0.9),.UNSPECIFIED.);
#5688=B_SPLINE_CURVE_WITH_KNOTS('',1,(#10873,#10874),.UNSPECIFIED.,.F.,
 .F.,(2,2),(0.,0.325),.UNSPECIFIED.);
#5689=B_SPLINE_CURVE_WITH_KNOTS('',1,(#10875,#10876),.UNSPECIFIED.,.F.,
 .F.,(2,2),(-1.2,0.),.UNSPECIFIED.);
#5690=B_SPLINE_CURVE_WITH_KNOTS('',1,(#10877,#10878),.UNSPECIFIED.,.F.,
 .F.,(2,2),(0.,0.325),.UNSPECIFIED.);
#5691=B_SPLINE_CURVE_WITH_KNOTS('',1,(#10882,#10883),.UNSPECIFIED.,.F.,
 .F.,(2,2),(0.,0.9),.UNSPECIFIED.);
#5692=B_SPLINE_CURVE_WITH_KNOTS('',1,(#10887,#10888),.UNSPECIFIED.,.F.,
 .F.,(2,2),(0.,0.325),.UNSPECIFIED.);
#5693=B_SPLINE_CURVE_WITH_KNOTS('',1,(#10892,#10893),.UNSPECIFIED.,.F.,
 .F.,(2,2),(0.,0.3),.UNSPECIFIED.);
#5694=B_SPLINE_CURVE_WITH_KNOTS('',1,(#10894,#10895),.UNSPECIFIED.,.F.,
 .F.,(2,2),(-1.2,0.),.UNSPECIFIED.);
#5695=B_SPLINE_CURVE_WITH_KNOTS('',1,(#10896,#10897),.UNSPECIFIED.,.F.,
 .F.,(2,2),(0.,0.3),.UNSPECIFIED.);
#5696=B_SPLINE_CURVE_WITH_KNOTS('',1,(#10901,#10902),.UNSPECIFIED.,.F.,
 .F.,(2,2),(0.,0.899999999999999),.UNSPECIFIED.);
#5697=B_SPLINE_CURVE_WITH_KNOTS('',1,(#10909,#10910),.UNSPECIFIED.,.F.,
 .F.,(2,2),(0.,0.3),.UNSPECIFIED.);
#5698=B_SPLINE_CURVE_WITH_KNOTS('',1,(#10911,#10912),.UNSPECIFIED.,.F.,
 .F.,(2,2),(-1.2,0.),.UNSPECIFIED.);
#5699=B_SPLINE_CURVE_WITH_KNOTS('',1,(#10913,#10914),.UNSPECIFIED.,.F.,
 .F.,(2,2),(0.,0.3),.UNSPECIFIED.);
#5700=B_SPLINE_CURVE_WITH_KNOTS('',1,(#10918,#10919),.UNSPECIFIED.,.F.,
 .F.,(2,2),(-0.899999999999999,0.),.UNSPECIFIED.);
#5701=B_SPLINE_CURVE_WITH_KNOTS('',1,(#10920,#10921),.UNSPECIFIED.,.F.,
 .F.,(2,2),(-0.899999999999999,0.),.UNSPECIFIED.);
#5702=B_SPLINE_CURVE_WITH_KNOTS('',1,(#10922,#10923),.UNSPECIFIED.,.F.,
 .F.,(2,2),(0.,0.235619449019234),.UNSPECIFIED.);
#5703=B_SPLINE_CURVE_WITH_KNOTS('',1,(#10924,#10925),.UNSPECIFIED.,.F.,
 .F.,(2,2),(-0.20684060743892,0.),.UNSPECIFIED.);
#5704=B_SPLINE_CURVE_WITH_KNOTS('',1,(#10926,#10927),.UNSPECIFIED.,.F.,
 .F.,(2,2),(-0.20684060743892,0.),.UNSPECIFIED.);
#5705=B_SPLINE_CURVE_WITH_KNOTS('',3,(#10928,#10929,#10930,#10931),
 .UNSPECIFIED.,.F.,.F.,(4,4),(0.,1.),.UNSPECIFIED.);
#5706=B_SPLINE_CURVE_WITH_KNOTS('',3,(#10932,#10933,#10934,#10935),
 .UNSPECIFIED.,.F.,.F.,(4,4),(0.,1.),.UNSPECIFIED.);
#5707=B_SPLINE_CURVE_WITH_KNOTS('',3,(#10939,#10940,#10941,#10942),
 .UNSPECIFIED.,.F.,.F.,(4,4),(-0.0908032793688766,0.),.UNSPECIFIED.);
#5708=B_SPLINE_CURVE_WITH_KNOTS('',1,(#10943,#10944),.UNSPECIFIED.,.F.,
 .F.,(2,2),(0.,0.300000000144),.UNSPECIFIED.);
#5709=B_SPLINE_CURVE_WITH_KNOTS('',1,(#10945,#10946),.UNSPECIFIED.,.F.,
 .F.,(2,2),(-0.899999999999999,0.),.UNSPECIFIED.);
#5710=B_SPLINE_CURVE_WITH_KNOTS('',1,(#10947,#10948),.UNSPECIFIED.,.F.,
 .F.,(2,2),(0.,0.20684060743577),.UNSPECIFIED.);
#5711=B_SPLINE_CURVE_WITH_KNOTS('',1,(#10955,#10956),.UNSPECIFIED.,.F.,
 .F.,(2,2),(0.,0.47573593128854),.UNSPECIFIED.);
#5712=B_SPLINE_CURVE_WITH_KNOTS('',1,(#10957,#10958),.UNSPECIFIED.,.F.,
 .F.,(2,2),(0.,0.47573593128854),.UNSPECIFIED.);
#5713=B_SPLINE_CURVE_WITH_KNOTS('',1,(#10965,#10966),.UNSPECIFIED.,.F.,
 .F.,(2,2),(-0.20684060743892,0.),.UNSPECIFIED.);
#5714=B_SPLINE_CURVE_WITH_KNOTS('',3,(#10967,#10968,#10969,#10970),
 .UNSPECIFIED.,.F.,.F.,(4,4),(0.219562372949722,0.424161933026423),
 .UNSPECIFIED.);
#5715=B_SPLINE_CURVE_WITH_KNOTS('',1,(#10971,#10972),.UNSPECIFIED.,.F.,
 .F.,(2,2),(-0.692820323028348,0.),.UNSPECIFIED.);
#5716=B_SPLINE_CURVE_WITH_KNOTS('',1,(#10973,#10974),.UNSPECIFIED.,.F.,
 .F.,(2,2),(-0.692820323028348,0.),.UNSPECIFIED.);
#5717=B_SPLINE_CURVE_WITH_KNOTS('',3,(#10980,#10981,#10982,#10983),
 .UNSPECIFIED.,.F.,.F.,(4,4),(-1.5070109848909,-1.06788623899522),
 .UNSPECIFIED.);
#5718=B_SPLINE_CURVE_WITH_KNOTS('',1,(#10984,#10985),.UNSPECIFIED.,.F.,
 .F.,(2,2),(0.,0.463357321177466),.UNSPECIFIED.);
#5719=B_SPLINE_CURVE_WITH_KNOTS('',1,(#10986,#10987),.UNSPECIFIED.,.F.,
 .F.,(2,2),(0.,0.463357321177466),.UNSPECIFIED.);
#5720=B_SPLINE_CURVE_WITH_KNOTS('',3,(#10988,#10989,#10990,#10991,#10992,
#10993),.UNSPECIFIED.,.F.,.F.,(4,2,4),(0.,0.440031889540742,1.),
 .UNSPECIFIED.);
#5721=B_SPLINE_CURVE_WITH_KNOTS('',1,(#10994,#10995),.UNSPECIFIED.,.F.,
 .F.,(2,2),(-0.77573593128896,0.),.UNSPECIFIED.);
#5722=B_SPLINE_CURVE_WITH_KNOTS('',1,(#10996,#10997),.UNSPECIFIED.,.F.,
 .F.,(2,2),(-0.77573593128896,0.),.UNSPECIFIED.);
#5723=B_SPLINE_CURVE_WITH_KNOTS('',1,(#10998,#10999),.UNSPECIFIED.,.F.,
 .F.,(2,2),(-0.463357321178562,0.),.UNSPECIFIED.);
#5724=B_SPLINE_CURVE_WITH_KNOTS('',1,(#11000,#11001),.UNSPECIFIED.,.F.,
 .F.,(2,2),(-0.463357321178562,0.),.UNSPECIFIED.);
#5725=B_SPLINE_CURVE_WITH_KNOTS('',1,(#11005,#11006),.UNSPECIFIED.,.F.,
 .F.,(2,2),(-0.1,0.),.UNSPECIFIED.);
#5726=B_SPLINE_CURVE_WITH_KNOTS('',1,(#11010,#11011),.UNSPECIFIED.,.F.,
 .F.,(2,2),(0.,0.463357321177466),.UNSPECIFIED.);
#5727=B_SPLINE_CURVE_WITH_KNOTS('',1,(#11012,#11013),.UNSPECIFIED.,.F.,
 .F.,(2,2),(-0.692820323028348,0.),.UNSPECIFIED.);
#5728=B_SPLINE_CURVE_WITH_KNOTS('',1,(#11014,#11015),.UNSPECIFIED.,.F.,
 .F.,(2,2),(-0.692820323028348,0.),.UNSPECIFIED.);
#5729=B_SPLINE_CURVE_WITH_KNOTS('',3,(#11016,#11017,#11018,#11019),
 .UNSPECIFIED.,.F.,.F.,(4,4),(0.863286678919959,1.06788623899575),
 .UNSPECIFIED.);
#5730=B_SPLINE_CURVE_WITH_KNOTS('',3,(#11020,#11021,#11022,#11023,#11024,
#11025),.UNSPECIFIED.,.F.,.F.,(4,2,4),(0.,0.559968199665976,1.),
 .UNSPECIFIED.);
#5731=B_SPLINE_CURVE_WITH_KNOTS('',1,(#11026,#11027),.UNSPECIFIED.,.F.,
 .F.,(2,2),(-0.463357321178562,0.),.UNSPECIFIED.);
#5732=B_SPLINE_CURVE_WITH_KNOTS('',3,(#11033,#11034,#11035,#11036),
 .UNSPECIFIED.,.F.,.F.,(4,4),(-2.79445959683638,-2.35533485093909),
 .UNSPECIFIED.);
#5733=B_SPLINE_CURVE_WITH_KNOTS('',1,(#11037,#11038),.UNSPECIFIED.,.F.,
 .F.,(2,2),(0.,1.27573593128896),.UNSPECIFIED.);
#5734=B_SPLINE_CURVE_WITH_KNOTS('',1,(#11039,#11040),.UNSPECIFIED.,.F.,
 .F.,(2,2),(0.,1.27573593128896),.UNSPECIFIED.);
#5735=B_SPLINE_CURVE_WITH_KNOTS('',1,(#11041,#11042),.UNSPECIFIED.,.F.,
 .F.,(2,2),(0.,0.692820323028348),.UNSPECIFIED.);
#5736=B_SPLINE_CURVE_WITH_KNOTS('',1,(#11043,#11044),.UNSPECIFIED.,.F.,
 .F.,(2,2),(0.,0.692820323028348),.UNSPECIFIED.);
#5737=B_SPLINE_CURVE_WITH_KNOTS('',1,(#11045,#11046),.UNSPECIFIED.,.F.,
 .F.,(2,2),(0.,0.475735931288039),.UNSPECIFIED.);
#5738=B_SPLINE_CURVE_WITH_KNOTS('',1,(#11047,#11048),.UNSPECIFIED.,.F.,
 .F.,(2,2),(-0.692820323028348,0.),.UNSPECIFIED.);
#5739=B_SPLINE_CURVE_WITH_KNOTS('',3,(#11049,#11050,#11051,#11052),
 .UNSPECIFIED.,.F.,.F.,(4,4),(0.219562372948109,0.424161933023904),
 .UNSPECIFIED.);
#5740=B_SPLINE_CURVE_WITH_KNOTS('',1,(#11053,#11054),.UNSPECIFIED.,.F.,
 .F.,(2,2),(0.,0.692820323028348),.UNSPECIFIED.);
#5741=B_SPLINE_CURVE_WITH_KNOTS('',3,(#11060,#11061,#11062,#11063),
 .UNSPECIFIED.,.F.,.F.,(4,4),(-1.50701098489251,-1.06788623899522),
 .UNSPECIFIED.);
#5742=B_SPLINE_CURVE_WITH_KNOTS('',1,(#11064,#11065),.UNSPECIFIED.,.F.,
 .F.,(2,2),(0.,0.463357321178331),.UNSPECIFIED.);
#5743=B_SPLINE_CURVE_WITH_KNOTS('',1,(#11066,#11067),.UNSPECIFIED.,.F.,
 .F.,(2,2),(0.,0.463357321178331),.UNSPECIFIED.);
#5744=B_SPLINE_CURVE_WITH_KNOTS('',3,(#11068,#11069,#11070,#11071,#11072,
#11073),.UNSPECIFIED.,.F.,.F.,(4,2,4),(0.,0.440031889541761,1.),
 .UNSPECIFIED.);
#5745=B_SPLINE_CURVE_WITH_KNOTS('',1,(#11077,#11078),.UNSPECIFIED.,.F.,
 .F.,(2,2),(0.,0.1),.UNSPECIFIED.);
#5746=B_SPLINE_CURVE_WITH_KNOTS('',1,(#11082,#11083),.UNSPECIFIED.,.F.,
 .F.,(2,2),(0.,0.463357321178331),.UNSPECIFIED.);
#5747=B_SPLINE_CURVE_WITH_KNOTS('',1,(#11084,#11085),.UNSPECIFIED.,.F.,
 .F.,(2,2),(-0.77573593128896,0.),.UNSPECIFIED.);
#5748=B_SPLINE_CURVE_WITH_KNOTS('',1,(#11086,#11087),.UNSPECIFIED.,.F.,
 .F.,(2,2),(-0.77573593128896,0.),.UNSPECIFIED.);
#5749=B_SPLINE_CURVE_WITH_KNOTS('',1,(#11088,#11089),.UNSPECIFIED.,.F.,
 .F.,(2,2),(-0.463357321180849,0.),.UNSPECIFIED.);
#5750=B_SPLINE_CURVE_WITH_KNOTS('',1,(#11090,#11091),.UNSPECIFIED.,.F.,
 .F.,(2,2),(-0.463357321180849,0.),.UNSPECIFIED.);
#5751=B_SPLINE_CURVE_WITH_KNOTS('',1,(#11092,#11093),.UNSPECIFIED.,.F.,
 .F.,(2,2),(-0.692820323028348,0.),.UNSPECIFIED.);
#5752=B_SPLINE_CURVE_WITH_KNOTS('',1,(#11094,#11095),.UNSPECIFIED.,.F.,
 .F.,(2,2),(-0.692820323028348,0.),.UNSPECIFIED.);
#5753=B_SPLINE_CURVE_WITH_KNOTS('',3,(#11096,#11097,#11098,#11099),
 .UNSPECIFIED.,.F.,.F.,(4,4),(0.863286678923322,1.06788623899791),
 .UNSPECIFIED.);
#5754=B_SPLINE_CURVE_WITH_KNOTS('',3,(#11100,#11101,#11102,#11103,#11104,
#11105),.UNSPECIFIED.,.F.,.F.,(4,2,4),(0.,0.559968199666619,1.),
 .UNSPECIFIED.);
#5755=B_SPLINE_CURVE_WITH_KNOTS('',1,(#11106,#11107),.UNSPECIFIED.,.F.,
 .F.,(2,2),(-0.463357321180849,0.),.UNSPECIFIED.);
#5756=B_SPLINE_CURVE_WITH_KNOTS('',3,(#11113,#11114,#11115,#11116),
 .UNSPECIFIED.,.F.,.F.,(4,4),(-2.79445959683638,-2.35533485093694),
 .UNSPECIFIED.);
#5757=B_SPLINE_CURVE_WITH_KNOTS('',1,(#11117,#11118),.UNSPECIFIED.,.F.,
 .F.,(2,2),(0.,1.27573593128946),.UNSPECIFIED.);
#5758=B_SPLINE_CURVE_WITH_KNOTS('',1,(#11119,#11120),.UNSPECIFIED.,.F.,
 .F.,(2,2),(0.,1.27573593128946),.UNSPECIFIED.);
#5759=B_SPLINE_CURVE_WITH_KNOTS('',1,(#11121,#11122),.UNSPECIFIED.,.F.,
 .F.,(2,2),(-0.692820323028348,0.),.UNSPECIFIED.);
#5760=B_SPLINE_CURVE_WITH_KNOTS('',1,(#11123,#11124),.UNSPECIFIED.,.F.,
 .F.,(2,2),(0.,0.47573593128854),.UNSPECIFIED.);
#5761=B_SPLINE_CURVE_WITH_KNOTS('',1,(#11125,#11126),.UNSPECIFIED.,.F.,
 .F.,(2,2),(-0.692820323028348,0.),.UNSPECIFIED.);
#5762=B_SPLINE_CURVE_WITH_KNOTS('',1,(#11152,#11153),.UNSPECIFIED.,.F.,
 .F.,(2,2),(-0.77573593128896,0.),.UNSPECIFIED.);
#5763=B_SPLINE_CURVE_WITH_KNOTS('',1,(#11159,#11160),.UNSPECIFIED.,.F.,
 .F.,(2,2),(0.,1.27573593128896),.UNSPECIFIED.);
#5764=B_SPLINE_CURVE_WITH_KNOTS('',1,(#11166,#11167),.UNSPECIFIED.,.F.,
 .F.,(2,2),(-0.77573593128896,0.),.UNSPECIFIED.);
#5765=B_SPLINE_CURVE_WITH_KNOTS('',1,(#11173,#11174),.UNSPECIFIED.,.F.,
 .F.,(2,2),(0.,1.27573593128946),.UNSPECIFIED.);
#5766=B_SPLINE_CURVE_WITH_KNOTS('',1,(#11175,#11176),.UNSPECIFIED.,.F.,
 .F.,(2,2),(0.,0.865370879822),.UNSPECIFIED.);
#5767=B_SPLINE_CURVE_WITH_KNOTS('',1,(#11177,#11178),.UNSPECIFIED.,.F.,
 .F.,(2,2),(0.,0.865370879822),.UNSPECIFIED.);
#5768=B_SPLINE_CURVE_WITH_KNOTS('',1,(#11184,#11185),.UNSPECIFIED.,.F.,
 .F.,(2,2),(0.,4.5553093477052),.UNSPECIFIED.);
#5769=B_SPLINE_CURVE_WITH_KNOTS('',1,(#11186,#11187),.UNSPECIFIED.,.F.,
 .F.,(2,2),(0.,0.865370879822),.UNSPECIFIED.);
#5770=B_SPLINE_CURVE_WITH_KNOTS('',1,(#11188,#11189),.UNSPECIFIED.,.F.,
 .F.,(2,2),(0.,0.865370879822),.UNSPECIFIED.);
#5771=B_SPLINE_CURVE_WITH_KNOTS('',1,(#11193,#11194),.UNSPECIFIED.,.F.,
 .F.,(2,2),(-2.2776546738526,0.),.UNSPECIFIED.);
#5772=B_SPLINE_CURVE_WITH_KNOTS('',1,(#11198,#11199),.UNSPECIFIED.,.F.,
 .F.,(2,2),(-2.2776546738526,0.),.UNSPECIFIED.);
#5773=B_SPLINE_CURVE_WITH_KNOTS('',1,(#11200,#11201),.UNSPECIFIED.,.F.,
 .F.,(2,2),(0.,0.521961536654192),.UNSPECIFIED.);
#5774=B_SPLINE_CURVE_WITH_KNOTS('',1,(#11202,#11203),.UNSPECIFIED.,.F.,
 .F.,(2,2),(0.,0.521961536654192),.UNSPECIFIED.);
#5775=B_SPLINE_CURVE_WITH_KNOTS('',1,(#11204,#11205),.UNSPECIFIED.,.F.,
 .F.,(2,2),(0.,3.94630643405686),.UNSPECIFIED.);
#5776=B_SPLINE_CURVE_WITH_KNOTS('',1,(#11206,#11207),.UNSPECIFIED.,.F.,
 .F.,(2,2),(0.,0.521961536654118),.UNSPECIFIED.);
#5777=B_SPLINE_CURVE_WITH_KNOTS('',1,(#11208,#11209),.UNSPECIFIED.,.F.,
 .F.,(2,2),(0.,0.521961536654118),.UNSPECIFIED.);
#5778=B_SPLINE_CURVE_WITH_KNOTS('',1,(#11210,#11211),.UNSPECIFIED.,.F.,
 .F.,(2,2),(-2.2776546738526,0.),.UNSPECIFIED.);
#5779=B_SPLINE_CURVE_WITH_KNOTS('',1,(#11215,#11216),.UNSPECIFIED.,.F.,
 .F.,(2,2),(0.,2.2776546738526),.UNSPECIFIED.);
#5780=B_SPLINE_CURVE_WITH_KNOTS('',1,(#11217,#11218),.UNSPECIFIED.,.F.,
 .F.,(2,2),(-2.2776546738526,0.),.UNSPECIFIED.);
#5781=B_SPLINE_CURVE_WITH_KNOTS('',1,(#11219,#11220),.UNSPECIFIED.,.F.,
 .F.,(2,2),(0.,0.521961536654118),.UNSPECIFIED.);
#5782=B_SPLINE_CURVE_WITH_KNOTS('',1,(#11221,#11222),.UNSPECIFIED.,.F.,
 .F.,(2,2),(-3.94630643405686,0.),.UNSPECIFIED.);
#5783=B_SPLINE_CURVE_WITH_KNOTS('',1,(#11223,#11224),.UNSPECIFIED.,.F.,
 .F.,(2,2),(0.,0.521961536654192),.UNSPECIFIED.);
#5784=B_SPLINE_CURVE_WITH_KNOTS('',1,(#11228,#11229),.UNSPECIFIED.,.F.,
 .F.,(2,2),(0.,2.2776546738526),.UNSPECIFIED.);
#5785=B_SPLINE_CURVE_WITH_KNOTS('',1,(#11230,#11231),.UNSPECIFIED.,.F.,
 .F.,(2,2),(0.,2.2776546738526),.UNSPECIFIED.);
#5786=B_SPLINE_CURVE_WITH_KNOTS('',1,(#11232,#11233),.UNSPECIFIED.,.F.,
 .F.,(2,2),(0.,0.865370879822),.UNSPECIFIED.);
#5787=B_SPLINE_CURVE_WITH_KNOTS('',1,(#11239,#11240),.UNSPECIFIED.,.F.,
 .F.,(2,2),(0.,4.5553093477052),.UNSPECIFIED.);
#5788=B_SPLINE_CURVE_WITH_KNOTS('',1,(#11241,#11242),.UNSPECIFIED.,.F.,
 .F.,(2,2),(0.,0.865370879822),.UNSPECIFIED.);
#5789=B_SPLINE_CURVE_WITH_KNOTS('',1,(#11243,#11244),.UNSPECIFIED.,.F.,
 .F.,(2,2),(0.,2.2776546738526),.UNSPECIFIED.);
#5790=B_SPLINE_CURVE_WITH_KNOTS('',1,(#11248,#11249),.UNSPECIFIED.,.F.,
 .F.,(2,2),(0.,0.15707963267949),.UNSPECIFIED.);
#5791=B_SPLINE_CURVE_WITH_KNOTS('',1,(#11255,#11256),.UNSPECIFIED.,.F.,
 .F.,(2,2),(-0.785398163397448,0.),.UNSPECIFIED.);
#5792=B_SPLINE_CURVE_WITH_KNOTS('',1,(#11260,#11261),.UNSPECIFIED.,.F.,
 .F.,(2,2),(0.,0.15707963267949),.UNSPECIFIED.);
#5793=B_SPLINE_CURVE_WITH_KNOTS('',1,(#11267,#11268),.UNSPECIFIED.,.F.,
 .F.,(2,2),(0.0139266486645903,0.799324812062039),.UNSPECIFIED.);
#5794=B_SPLINE_CURVE_WITH_KNOTS('',1,(#11269,#11270),.UNSPECIFIED.,.F.,
 .F.,(2,2),(0.,0.15707963267949),.UNSPECIFIED.);
#5795=B_SPLINE_CURVE_WITH_KNOTS('',1,(#11276,#11277),.UNSPECIFIED.,.F.,
 .F.,(2,2),(-0.785398163397448,0.),.UNSPECIFIED.);
#5796=B_SPLINE_CURVE_WITH_KNOTS('',1,(#11278,#11279),.UNSPECIFIED.,.F.,
 .F.,(2,2),(0.,0.15707963267949),.UNSPECIFIED.);
#5797=B_SPLINE_CURVE_WITH_KNOTS('',1,(#11285,#11286),.UNSPECIFIED.,.F.,
 .F.,(2,2),(0.0139266486645903,0.799324812062039),.UNSPECIFIED.);
#5798=B_SPLINE_CURVE_WITH_KNOTS('',1,(#11290,#11291),.UNSPECIFIED.,.F.,
 .F.,(2,2),(-0.15707963267949,0.),.UNSPECIFIED.);
#5799=B_SPLINE_CURVE_WITH_KNOTS('',1,(#11297,#11298),.UNSPECIFIED.,.F.,
 .F.,(2,2),(-0.785398163397448,0.),.UNSPECIFIED.);
#5800=B_SPLINE_CURVE_WITH_KNOTS('',1,(#11302,#11303),.UNSPECIFIED.,.F.,
 .F.,(2,2),(-0.15707963267949,0.),.UNSPECIFIED.);
#5801=B_SPLINE_CURVE_WITH_KNOTS('',1,(#11309,#11310),.UNSPECIFIED.,.F.,
 .F.,(2,2),(0.0139266486645898,0.799324812062037),.UNSPECIFIED.);
#5802=B_SPLINE_CURVE_WITH_KNOTS('',1,(#11311,#11312),.UNSPECIFIED.,.F.,
 .F.,(2,2),(-0.15707963267949,0.),.UNSPECIFIED.);
#5803=B_SPLINE_CURVE_WITH_KNOTS('',1,(#11318,#11319),.UNSPECIFIED.,.F.,
 .F.,(2,2),(-0.785398163397448,0.),.UNSPECIFIED.);
#5804=B_SPLINE_CURVE_WITH_KNOTS('',1,(#11320,#11321),.UNSPECIFIED.,.F.,
 .F.,(2,2),(-0.15707963267949,0.),.UNSPECIFIED.);
#5805=B_SPLINE_CURVE_WITH_KNOTS('',1,(#11327,#11328),.UNSPECIFIED.,.F.,
 .F.,(2,2),(0.0139266486645898,0.799324812062037),.UNSPECIFIED.);
#5806=B_SPLINE_CURVE_WITH_KNOTS('',1,(#11332,#11333),.UNSPECIFIED.,.F.,
 .F.,(2,2),(0.,0.15707963267949),.UNSPECIFIED.);
#5807=B_SPLINE_CURVE_WITH_KNOTS('',1,(#11339,#11340),.UNSPECIFIED.,.F.,
 .F.,(2,2),(-0.785398163397448,0.),.UNSPECIFIED.);
#5808=B_SPLINE_CURVE_WITH_KNOTS('',1,(#11344,#11345),.UNSPECIFIED.,.F.,
 .F.,(2,2),(0.,0.15707963267949),.UNSPECIFIED.);
#5809=B_SPLINE_CURVE_WITH_KNOTS('',1,(#11351,#11352),.UNSPECIFIED.,.F.,
 .F.,(2,2),(0.0139266486645901,0.799324812062038),.UNSPECIFIED.);
#5810=B_SPLINE_CURVE_WITH_KNOTS('',1,(#11353,#11354),.UNSPECIFIED.,.F.,
 .F.,(2,2),(0.,0.15707963267949),.UNSPECIFIED.);
#5811=B_SPLINE_CURVE_WITH_KNOTS('',1,(#11360,#11361),.UNSPECIFIED.,.F.,
 .F.,(2,2),(-0.785398163397448,0.),.UNSPECIFIED.);
#5812=B_SPLINE_CURVE_WITH_KNOTS('',1,(#11362,#11363),.UNSPECIFIED.,.F.,
 .F.,(2,2),(0.,0.15707963267949),.UNSPECIFIED.);
#5813=B_SPLINE_CURVE_WITH_KNOTS('',1,(#11369,#11370),.UNSPECIFIED.,.F.,
 .F.,(2,2),(0.0139266486645901,0.799324812062038),.UNSPECIFIED.);
#5814=B_SPLINE_CURVE_WITH_KNOTS('',1,(#11424,#11425),.UNSPECIFIED.,.F.,
 .F.,(2,2),(-0.15707963267949,0.),.UNSPECIFIED.);
#5815=B_SPLINE_CURVE_WITH_KNOTS('',1,(#11426,#11427),.UNSPECIFIED.,.F.,
 .F.,(2,2),(0.,0.785398163397448),.UNSPECIFIED.);
#5816=B_SPLINE_CURVE_WITH_KNOTS('',1,(#11431,#11432),.UNSPECIFIED.,.F.,
 .F.,(2,2),(-0.15707963267949,0.),.UNSPECIFIED.);
#5817=B_SPLINE_CURVE_WITH_KNOTS('',1,(#11438,#11439),.UNSPECIFIED.,.F.,
 .F.,(2,2),(0.0139266486645905,0.799324812062039),.UNSPECIFIED.);
#5818=B_SPLINE_CURVE_WITH_KNOTS('',1,(#11440,#11441),.UNSPECIFIED.,.F.,
 .F.,(2,2),(-0.15707963267949,0.),.UNSPECIFIED.);
#5819=B_SPLINE_CURVE_WITH_KNOTS('',1,(#11442,#11443),.UNSPECIFIED.,.F.,
 .F.,(2,2),(0.,0.785398163397448),.UNSPECIFIED.);
#5820=B_SPLINE_CURVE_WITH_KNOTS('',1,(#11444,#11445),.UNSPECIFIED.,.F.,
 .F.,(2,2),(-0.15707963267949,0.),.UNSPECIFIED.);
#5821=B_SPLINE_CURVE_WITH_KNOTS('',1,(#11451,#11452),.UNSPECIFIED.,.F.,
 .F.,(2,2),(0.0139266486645905,0.799324812062039),.UNSPECIFIED.);
#5822=B_SPLINE_CURVE_WITH_KNOTS('',1,(#11456,#11457),.UNSPECIFIED.,.F.,
 .F.,(2,2),(0.,0.15707963267949),.UNSPECIFIED.);
#5823=B_SPLINE_CURVE_WITH_KNOTS('',1,(#11463,#11464),.UNSPECIFIED.,.F.,
 .F.,(2,2),(0.0131170904265059,0.641435621144464),.UNSPECIFIED.);
#5824=B_SPLINE_CURVE_WITH_KNOTS('',1,(#11468,#11469),.UNSPECIFIED.,.F.,
 .F.,(2,2),(0.,0.15707963267949),.UNSPECIFIED.);
#5825=B_SPLINE_CURVE_WITH_KNOTS('',1,(#11475,#11476),.UNSPECIFIED.,.F.,
 .F.,(2,2),(-0.628318530717959,0.),.UNSPECIFIED.);
#5826=B_SPLINE_CURVE_WITH_KNOTS('',1,(#11480,#11481),.UNSPECIFIED.,.F.,
 .F.,(2,2),(0.,0.15707963267949),.UNSPECIFIED.);
#5827=B_SPLINE_CURVE_WITH_KNOTS('',1,(#11487,#11488),.UNSPECIFIED.,.F.,
 .F.,(2,2),(0.0131170904265059,0.641435621144464),.UNSPECIFIED.);
#5828=B_SPLINE_CURVE_WITH_KNOTS('',1,(#11492,#11493),.UNSPECIFIED.,.F.,
 .F.,(2,2),(0.,0.15707963267949),.UNSPECIFIED.);
#5829=B_SPLINE_CURVE_WITH_KNOTS('',1,(#11499,#11500),.UNSPECIFIED.,.F.,
 .F.,(2,2),(-0.628318530717959,0.),.UNSPECIFIED.);
#5830=B_SPLINE_CURVE_WITH_KNOTS('',1,(#11501,#11502),.UNSPECIFIED.,.F.,
 .F.,(2,2),(0.,0.15707963267949),.UNSPECIFIED.);
#5831=B_SPLINE_CURVE_WITH_KNOTS('',1,(#11508,#11509),.UNSPECIFIED.,.F.,
 .F.,(2,2),(0.0131170904265059,0.641435621144464),.UNSPECIFIED.);
#5832=B_SPLINE_CURVE_WITH_KNOTS('',1,(#11510,#11511),.UNSPECIFIED.,.F.,
 .F.,(2,2),(0.,0.15707963267949),.UNSPECIFIED.);
#5833=B_SPLINE_CURVE_WITH_KNOTS('',1,(#11517,#11518),.UNSPECIFIED.,.F.,
 .F.,(2,2),(-0.628318530717959,0.),.UNSPECIFIED.);
#5834=B_SPLINE_CURVE_WITH_KNOTS('',1,(#11544,#11545),.UNSPECIFIED.,.F.,
 .F.,(2,2),(0.,0.15707963267949),.UNSPECIFIED.);
#5835=B_SPLINE_CURVE_WITH_KNOTS('',1,(#11551,#11552),.UNSPECIFIED.,.F.,
 .F.,(2,2),(0.0131170904265059,0.641435621144464),.UNSPECIFIED.);
#5836=B_SPLINE_CURVE_WITH_KNOTS('',1,(#11553,#11554),.UNSPECIFIED.,.F.,
 .F.,(2,2),(0.,0.15707963267949),.UNSPECIFIED.);
#5837=B_SPLINE_CURVE_WITH_KNOTS('',1,(#11555,#11556),.UNSPECIFIED.,.F.,
 .F.,(2,2),(0.,0.628318530717959),.UNSPECIFIED.);
#5838=B_SPLINE_CURVE_WITH_KNOTS('',1,(#11557,#11558),.UNSPECIFIED.,.F.,
 .F.,(2,2),(0.,8.9),.UNSPECIFIED.);
#5839=B_SPLINE_CURVE_WITH_KNOTS('',1,(#11559,#11560),.UNSPECIFIED.,.F.,
 .F.,(2,2),(0.,8.9),.UNSPECIFIED.);
#5840=B_SPLINE_CURVE_WITH_KNOTS('',1,(#11564,#11565),.UNSPECIFIED.,.F.,
 .F.,(2,2),(0.,3.89),.UNSPECIFIED.);
#5841=B_SPLINE_CURVE_WITH_KNOTS('',1,(#11566,#11567),.UNSPECIFIED.,.F.,
 .F.,(2,2),(0.,3.89),.UNSPECIFIED.);
#5842=B_SPLINE_CURVE_WITH_KNOTS('',1,(#11568,#11569),.UNSPECIFIED.,.F.,
 .F.,(2,2),(-3.194364156174,0.),.UNSPECIFIED.);
#5843=B_SPLINE_CURVE_WITH_KNOTS('',1,(#11579,#11580),.UNSPECIFIED.,.F.,
 .F.,(2,2),(-4.63,0.),.UNSPECIFIED.);
#5844=B_SPLINE_CURVE_WITH_KNOTS('',1,(#11584,#11585),.UNSPECIFIED.,.F.,
 .F.,(2,2),(0.,3.5),.UNSPECIFIED.);
#5845=B_SPLINE_CURVE_WITH_KNOTS('',1,(#11586,#11587),.UNSPECIFIED.,.F.,
 .F.,(2,2),(0.,3.5),.UNSPECIFIED.);
#5846=B_SPLINE_CURVE_WITH_KNOTS('',1,(#11668,#11669),.UNSPECIFIED.,.F.,
 .F.,(2,2),(-8.9,0.),.UNSPECIFIED.);
#5847=B_SPLINE_CURVE_WITH_KNOTS('',1,(#11670,#11671),.UNSPECIFIED.,.F.,
 .F.,(2,2),(-8.9,0.),.UNSPECIFIED.);
#5848=B_SPLINE_CURVE_WITH_KNOTS('',1,(#11672,#11673),.UNSPECIFIED.,.F.,
 .F.,(2,2),(0.,1.5),.UNSPECIFIED.);
#5849=B_SPLINE_CURVE_WITH_KNOTS('',1,(#11674,#11675),.UNSPECIFIED.,.F.,
 .F.,(2,2),(0.,8.9),.UNSPECIFIED.);
#5850=B_SPLINE_CURVE_WITH_KNOTS('',1,(#11676,#11677),.UNSPECIFIED.,.F.,
 .F.,(2,2),(-1.5,0.),.UNSPECIFIED.);
#5851=B_SPLINE_CURVE_WITH_KNOTS('',1,(#11678,#11679),.UNSPECIFIED.,.F.,
 .F.,(2,2),(-1.5,0.),.UNSPECIFIED.);
#5852=B_SPLINE_CURVE_WITH_KNOTS('',1,(#11680,#11681),.UNSPECIFIED.,.F.,
 .F.,(2,2),(-8.9,0.),.UNSPECIFIED.);
#5853=B_SPLINE_CURVE_WITH_KNOTS('',3,(#11682,#11683,#11684,#11685,#11686,
#11687),.UNSPECIFIED.,.F.,.F.,(4,2,4),(-1.,-0.500836355651156,0.),
 .UNSPECIFIED.);
#5854=B_SPLINE_CURVE_WITH_KNOTS('',3,(#11688,#11689,#11690,#11691),
 .UNSPECIFIED.,.F.,.F.,(4,4),(-1.,0.),.UNSPECIFIED.);
#5855=B_SPLINE_CURVE_WITH_KNOTS('',1,(#11692,#11693),.UNSPECIFIED.,.F.,
 .F.,(2,2),(3.45002636902667,8.7),.UNSPECIFIED.);
#5856=B_SPLINE_CURVE_WITH_KNOTS('',1,(#11694,#11695),.UNSPECIFIED.,.F.,
 .F.,(2,2),(0.,3.45002636902667),.UNSPECIFIED.);
#5857=B_SPLINE_CURVE_WITH_KNOTS('',1,(#11699,#11700),.UNSPECIFIED.,.F.,
 .F.,(2,2),(0.,0.314159265358979),.UNSPECIFIED.);
#5858=B_SPLINE_CURVE_WITH_KNOTS('',1,(#11704,#11705),.UNSPECIFIED.,.F.,
 .F.,(2,2),(0.,0.314159265358979),.UNSPECIFIED.);
#5859=B_SPLINE_CURVE_WITH_KNOTS('',1,(#11706,#11707),.UNSPECIFIED.,.F.,
 .F.,(2,2),(-8.50000823676822,-5.67257484853741),.UNSPECIFIED.);
#5860=B_SPLINE_CURVE_WITH_KNOTS('',1,(#11708,#11709),.UNSPECIFIED.,.F.,
 .F.,(2,2),(0.,0.314159265358979),.UNSPECIFIED.);
#5861=B_SPLINE_CURVE_WITH_KNOTS('',1,(#11710,#11711),.UNSPECIFIED.,.F.,
 .F.,(2,2),(12.3905547522654,15.2179881404962),.UNSPECIFIED.);
#5862=B_SPLINE_CURVE_WITH_KNOTS('',1,(#11712,#11713),.UNSPECIFIED.,.F.,
 .F.,(2,2),(0.,0.625),.UNSPECIFIED.);
#5863=B_SPLINE_CURVE_WITH_KNOTS('',3,(#11714,#11715,#11716,#11717),
 .UNSPECIFIED.,.F.,.F.,(4,4),(-1.,0.),.UNSPECIFIED.);
#5864=B_SPLINE_CURVE_WITH_KNOTS('',1,(#11718,#11719),.UNSPECIFIED.,.F.,
 .F.,(2,2),(0.,0.824999999999999),.UNSPECIFIED.);
#5865=B_SPLINE_CURVE_WITH_KNOTS('',1,(#11720,#11721),.UNSPECIFIED.,.F.,
 .F.,(2,2),(0.,0.824999999999999),.UNSPECIFIED.);
#5866=B_SPLINE_CURVE_WITH_KNOTS('',1,(#11725,#11726),.UNSPECIFIED.,.F.,
 .F.,(2,2),(0.,0.314159265358979),.UNSPECIFIED.);
#5867=B_SPLINE_CURVE_WITH_KNOTS('',1,(#11727,#11728),.UNSPECIFIED.,.F.,
 .F.,(2,2),(0.,1.365),.UNSPECIFIED.);
#5868=B_SPLINE_CURVE_WITH_KNOTS('',1,(#11729,#11730),.UNSPECIFIED.,.F.,
 .F.,(2,2),(0.,1.365),.UNSPECIFIED.);
#5869=B_SPLINE_CURVE_WITH_KNOTS('',1,(#11731,#11732),.UNSPECIFIED.,.F.,
 .F.,(2,2),(0.,0.314159265358979),.UNSPECIFIED.);
#5870=B_SPLINE_CURVE_WITH_KNOTS('',1,(#11733,#11734),.UNSPECIFIED.,.F.,
 .F.,(2,2),(0.419748992893968,1.365),.UNSPECIFIED.);
#5871=B_SPLINE_CURVE_WITH_KNOTS('',1,(#11735,#11736),.UNSPECIFIED.,.F.,
 .F.,(2,2),(0.,0.419748992893968),.UNSPECIFIED.);
#5872=B_SPLINE_CURVE_WITH_KNOTS('',1,(#11737,#11738),.UNSPECIFIED.,.F.,
 .F.,(2,2),(0.,0.314159265358979),.UNSPECIFIED.);
#5873=B_SPLINE_CURVE_WITH_KNOTS('',1,(#11739,#11740),.UNSPECIFIED.,.F.,
 .F.,(2,2),(0.,1.325),.UNSPECIFIED.);
#5874=B_SPLINE_CURVE_WITH_KNOTS('',1,(#11744,#11745),.UNSPECIFIED.,.F.,
 .F.,(2,2),(-1.,0.),.UNSPECIFIED.);
#5875=B_SPLINE_CURVE_WITH_KNOTS('',1,(#11746,#11747),.UNSPECIFIED.,.F.,
 .F.,(2,2),(-1.,0.),.UNSPECIFIED.);
#5876=B_SPLINE_CURVE_WITH_KNOTS('',1,(#11748,#11749),.UNSPECIFIED.,.F.,
 .F.,(2,2),(0.,1.525),.UNSPECIFIED.);
#5877=B_SPLINE_CURVE_WITH_KNOTS('',1,(#11750,#11751),.UNSPECIFIED.,.F.,
 .F.,(2,2),(0.,1.525),.UNSPECIFIED.);
#5878=B_SPLINE_CURVE_WITH_KNOTS('',1,(#11752,#11753),.UNSPECIFIED.,.F.,
 .F.,(2,2),(-1.2,0.),.UNSPECIFIED.);
#5879=B_SPLINE_CURVE_WITH_KNOTS('',1,(#11754,#11755),.UNSPECIFIED.,.F.,
 .F.,(2,2),(-1.2,0.),.UNSPECIFIED.);
#5880=B_SPLINE_CURVE_WITH_KNOTS('',1,(#11756,#11757),.UNSPECIFIED.,.F.,
 .F.,(2,2),(0.,0.509894851961),.UNSPECIFIED.);
#5881=B_SPLINE_CURVE_WITH_KNOTS('',1,(#11758,#11759),.UNSPECIFIED.,.F.,
 .F.,(2,2),(0.,0.509894851961),.UNSPECIFIED.);
#5882=B_SPLINE_CURVE_WITH_KNOTS('',1,(#11760,#11761),.UNSPECIFIED.,.F.,
 .F.,(2,2),(-1.,0.),.UNSPECIFIED.);
#5883=B_SPLINE_CURVE_WITH_KNOTS('',1,(#11762,#11763),.UNSPECIFIED.,.F.,
 .F.,(2,2),(0.,0.824999999999999),.UNSPECIFIED.);
#5884=B_SPLINE_CURVE_WITH_KNOTS('',1,(#11764,#11765),.UNSPECIFIED.,.F.,
 .F.,(2,2),(0.,1.5),.UNSPECIFIED.);
#5885=B_SPLINE_CURVE_WITH_KNOTS('',1,(#11766,#11767),.UNSPECIFIED.,.F.,
 .F.,(2,2),(0.,3.89),.UNSPECIFIED.);
#5886=B_SPLINE_CURVE_WITH_KNOTS('',1,(#11768,#11769),.UNSPECIFIED.,.F.,
 .F.,(2,2),(-1.5,0.),.UNSPECIFIED.);
#5887=B_SPLINE_CURVE_WITH_KNOTS('',1,(#11770,#11771),.UNSPECIFIED.,.F.,
 .F.,(2,2),(0.,1.365),.UNSPECIFIED.);
#5888=B_SPLINE_CURVE_WITH_KNOTS('',1,(#11772,#11773),.UNSPECIFIED.,.F.,
 .F.,(2,2),(-1.,0.),.UNSPECIFIED.);
#5889=B_SPLINE_CURVE_WITH_KNOTS('',1,(#11774,#11775),.UNSPECIFIED.,.F.,
 .F.,(2,2),(0.,0.50989485196075),.UNSPECIFIED.);
#5890=B_SPLINE_CURVE_WITH_KNOTS('',1,(#11776,#11777),.UNSPECIFIED.,.F.,
 .F.,(2,2),(0.,0.50989485196075),.UNSPECIFIED.);
#5891=B_SPLINE_CURVE_WITH_KNOTS('',1,(#11778,#11779),.UNSPECIFIED.,.F.,
 .F.,(2,2),(0.,0.9),.UNSPECIFIED.);
#5892=B_SPLINE_CURVE_WITH_KNOTS('',1,(#11780,#11781),.UNSPECIFIED.,.F.,
 .F.,(2,2),(0.,0.9),.UNSPECIFIED.);
#5893=B_SPLINE_CURVE_WITH_KNOTS('',1,(#11782,#11783),.UNSPECIFIED.,.F.,
 .F.,(2,2),(0.,0.68021029607825),.UNSPECIFIED.);
#5894=B_SPLINE_CURVE_WITH_KNOTS('',1,(#11784,#11785),.UNSPECIFIED.,.F.,
 .F.,(2,2),(0.,0.68021029607825),.UNSPECIFIED.);
#5895=B_SPLINE_CURVE_WITH_KNOTS('',1,(#11786,#11787),.UNSPECIFIED.,.F.,
 .F.,(2,2),(0.,0.9),.UNSPECIFIED.);
#5896=B_SPLINE_CURVE_WITH_KNOTS('',1,(#11788,#11789),.UNSPECIFIED.,.F.,
 .F.,(2,2),(0.,0.9),.UNSPECIFIED.);
#5897=B_SPLINE_CURVE_WITH_KNOTS('',1,(#11790,#11791),.UNSPECIFIED.,.F.,
 .F.,(2,2),(-1.365,0.),.UNSPECIFIED.);
#5898=B_SPLINE_CURVE_WITH_KNOTS('',1,(#11792,#11793),.UNSPECIFIED.,.F.,
 .F.,(2,2),(-1.365,0.),.UNSPECIFIED.);
#5899=B_SPLINE_CURVE_WITH_KNOTS('',1,(#11794,#11795),.UNSPECIFIED.,.F.,
 .F.,(2,2),(0.,0.9),.UNSPECIFIED.);
#5900=B_SPLINE_CURVE_WITH_KNOTS('',1,(#11796,#11797),.UNSPECIFIED.,.F.,
 .F.,(2,2),(0.,1.525),.UNSPECIFIED.);
#5901=B_SPLINE_CURVE_WITH_KNOTS('',1,(#11798,#11799),.UNSPECIFIED.,.F.,
 .F.,(2,2),(0.,1.525),.UNSPECIFIED.);
#5902=B_SPLINE_CURVE_WITH_KNOTS('',1,(#11800,#11801),.UNSPECIFIED.,.F.,
 .F.,(2,2),(0.,0.74),.UNSPECIFIED.);
#5903=B_SPLINE_CURVE_WITH_KNOTS('',1,(#11802,#11803),.UNSPECIFIED.,.F.,
 .F.,(2,2),(0.,0.74),.UNSPECIFIED.);
#5904=B_SPLINE_CURVE_WITH_KNOTS('',1,(#11804,#11805),.UNSPECIFIED.,.F.,
 .F.,(2,2),(0.,0.226274169979695),.UNSPECIFIED.);
#5905=B_SPLINE_CURVE_WITH_KNOTS('',1,(#11806,#11807),.UNSPECIFIED.,.F.,
 .F.,(2,2),(0.,0.226274169979695),.UNSPECIFIED.);
#5906=B_SPLINE_CURVE_WITH_KNOTS('',1,(#11808,#11809),.UNSPECIFIED.,.F.,
 .F.,(2,2),(-1.365,0.),.UNSPECIFIED.);
#5907=B_SPLINE_CURVE_WITH_KNOTS('',1,(#11810,#11811),.UNSPECIFIED.,.F.,
 .F.,(2,2),(-1.365,0.),.UNSPECIFIED.);
#5908=B_SPLINE_CURVE_WITH_KNOTS('',1,(#11812,#11813),.UNSPECIFIED.,.F.,
 .F.,(2,2),(0.,0.68021029607825),.UNSPECIFIED.);
#5909=B_SPLINE_CURVE_WITH_KNOTS('',1,(#11814,#11815),.UNSPECIFIED.,.F.,
 .F.,(2,2),(-1.365,0.),.UNSPECIFIED.);
#5910=B_SPLINE_CURVE_WITH_KNOTS('',1,(#11816,#11817),.UNSPECIFIED.,.F.,
 .F.,(2,2),(0.,0.68021029607825),.UNSPECIFIED.);
#5911=B_SPLINE_CURVE_WITH_KNOTS('',1,(#11818,#11819),.UNSPECIFIED.,.F.,
 .F.,(2,2),(0.,0.68021029607825),.UNSPECIFIED.);
#5912=B_SPLINE_CURVE_WITH_KNOTS('',1,(#11820,#11821),.UNSPECIFIED.,.F.,
 .F.,(2,2),(0.,0.74),.UNSPECIFIED.);
#5913=B_SPLINE_CURVE_WITH_KNOTS('',1,(#11822,#11823),.UNSPECIFIED.,.F.,
 .F.,(2,2),(0.,0.74),.UNSPECIFIED.);
#5914=B_SPLINE_CURVE_WITH_KNOTS('',1,(#11824,#11825),.UNSPECIFIED.,.F.,
 .F.,(2,2),(-1.525,0.),.UNSPECIFIED.);
#5915=B_SPLINE_CURVE_WITH_KNOTS('',1,(#11826,#11827),.UNSPECIFIED.,.F.,
 .F.,(2,2),(-1.525,0.),.UNSPECIFIED.);
#5916=B_SPLINE_CURVE_WITH_KNOTS('',1,(#11828,#11829),.UNSPECIFIED.,.F.,
 .F.,(2,2),(0.,0.9),.UNSPECIFIED.);
#5917=B_SPLINE_CURVE_WITH_KNOTS('',1,(#11830,#11831),.UNSPECIFIED.,.F.,
 .F.,(2,2),(-1.365,0.),.UNSPECIFIED.);
#5918=B_SPLINE_CURVE_WITH_KNOTS('',1,(#11832,#11833),.UNSPECIFIED.,.F.,
 .F.,(2,2),(0.,0.226274169979695),.UNSPECIFIED.);
#5919=B_SPLINE_CURVE_WITH_KNOTS('',1,(#11834,#11835),.UNSPECIFIED.,.F.,
 .F.,(2,2),(0.,0.226274169979695),.UNSPECIFIED.);
#5920=B_SPLINE_CURVE_WITH_KNOTS('',1,(#11836,#11837),.UNSPECIFIED.,.F.,
 .F.,(2,2),(0.,0.68021029607825),.UNSPECIFIED.);
#5921=B_SPLINE_CURVE_WITH_KNOTS('',1,(#11838,#11839),.UNSPECIFIED.,.F.,
 .F.,(2,2),(0.,0.226274169979695),.UNSPECIFIED.);
#5922=B_SPLINE_CURVE_WITH_KNOTS('',1,(#11840,#11841),.UNSPECIFIED.,.F.,
 .F.,(2,2),(0.,0.68021029607825),.UNSPECIFIED.);
#5923=B_SPLINE_CURVE_WITH_KNOTS('',1,(#11842,#11843),.UNSPECIFIED.,.F.,
 .F.,(2,2),(0.,0.68021029607825),.UNSPECIFIED.);
#5924=B_SPLINE_CURVE_WITH_KNOTS('',1,(#11844,#11845),.UNSPECIFIED.,.F.,
 .F.,(2,2),(0.,0.226274169979695),.UNSPECIFIED.);
#5925=B_SPLINE_CURVE_WITH_KNOTS('',1,(#11846,#11847),.UNSPECIFIED.,.F.,
 .F.,(2,2),(-1.2,0.),.UNSPECIFIED.);
#5926=B_SPLINE_CURVE_WITH_KNOTS('',1,(#11848,#11849),.UNSPECIFIED.,.F.,
 .F.,(2,2),(-0.199999999999999,0.),.UNSPECIFIED.);
#5927=B_SPLINE_CURVE_WITH_KNOTS('',1,(#11850,#11851),.UNSPECIFIED.,.F.,
 .F.,(2,2),(-0.199999999999999,0.),.UNSPECIFIED.);
#5928=B_SPLINE_CURVE_WITH_KNOTS('',1,(#11852,#11853),.UNSPECIFIED.,.F.,
 .F.,(2,2),(0.,1.2),.UNSPECIFIED.);
#5929=B_SPLINE_CURVE_WITH_KNOTS('',1,(#11854,#11855),.UNSPECIFIED.,.F.,
 .F.,(2,2),(0.,0.199999999999999),.UNSPECIFIED.);
#5930=B_SPLINE_CURVE_WITH_KNOTS('',1,(#11856,#11857),.UNSPECIFIED.,.F.,
 .F.,(2,2),(-1.2,0.),.UNSPECIFIED.);
#5931=B_SPLINE_CURVE_WITH_KNOTS('',1,(#11858,#11859),.UNSPECIFIED.,.F.,
 .F.,(2,2),(-0.2,0.),.UNSPECIFIED.);
#5932=B_SPLINE_CURVE_WITH_KNOTS('',1,(#11860,#11861),.UNSPECIFIED.,.F.,
 .F.,(2,2),(-0.2,0.),.UNSPECIFIED.);
#5933=B_SPLINE_CURVE_WITH_KNOTS('',1,(#11862,#11863),.UNSPECIFIED.,.F.,
 .F.,(2,2),(-1.2,0.),.UNSPECIFIED.);
#5934=B_SPLINE_CURVE_WITH_KNOTS('',1,(#11864,#11865),.UNSPECIFIED.,.F.,
 .F.,(2,2),(-0.2,0.),.UNSPECIFIED.);
#5935=B_SPLINE_CURVE_WITH_KNOTS('',1,(#11866,#11867),.UNSPECIFIED.,.F.,
 .F.,(2,2),(0.,0.68021029607825),.UNSPECIFIED.);
#5936=B_SPLINE_CURVE_WITH_KNOTS('',1,(#11868,#11869),.UNSPECIFIED.,.F.,
 .F.,(2,2),(0.,0.68021029607825),.UNSPECIFIED.);
#5937=B_SPLINE_CURVE_WITH_KNOTS('',1,(#11870,#11871),.UNSPECIFIED.,.F.,
 .F.,(2,2),(0.,0.74),.UNSPECIFIED.);
#5938=B_SPLINE_CURVE_WITH_KNOTS('',1,(#11872,#11873),.UNSPECIFIED.,.F.,
 .F.,(2,2),(0.,0.68021029607825),.UNSPECIFIED.);
#5939=B_SPLINE_CURVE_WITH_KNOTS('',1,(#11874,#11875),.UNSPECIFIED.,.F.,
 .F.,(2,2),(0.,0.74),.UNSPECIFIED.);
#5940=B_SPLINE_CURVE_WITH_KNOTS('',1,(#11876,#11877),.UNSPECIFIED.,.F.,
 .F.,(2,2),(-1.525,0.),.UNSPECIFIED.);
#5941=B_SPLINE_CURVE_WITH_KNOTS('',1,(#11878,#11879),.UNSPECIFIED.,.F.,
 .F.,(2,2),(-1.525,0.),.UNSPECIFIED.);
#5942=B_SPLINE_CURVE_WITH_KNOTS('',1,(#11880,#11881),.UNSPECIFIED.,.F.,
 .F.,(2,2),(0.,0.2),.UNSPECIFIED.);
#5943=B_SPLINE_CURVE_WITH_KNOTS('',1,(#11882,#11883),.UNSPECIFIED.,.F.,
 .F.,(2,2),(0.,0.2),.UNSPECIFIED.);
#5944=B_SPLINE_CURVE_WITH_KNOTS('',1,(#11884,#11885),.UNSPECIFIED.,.F.,
 .F.,(2,2),(0.,1.35),.UNSPECIFIED.);
#5945=B_SPLINE_CURVE_WITH_KNOTS('',1,(#11886,#11887),.UNSPECIFIED.,.F.,
 .F.,(2,2),(0.,0.7),.UNSPECIFIED.);
#5946=B_SPLINE_CURVE_WITH_KNOTS('',1,(#11888,#11889),.UNSPECIFIED.,.F.,
 .F.,(2,2),(-1.2,0.),.UNSPECIFIED.);
#5947=B_SPLINE_CURVE_WITH_KNOTS('',1,(#11890,#11891),.UNSPECIFIED.,.F.,
 .F.,(2,2),(-0.7,0.),.UNSPECIFIED.);
#5948=B_SPLINE_CURVE_WITH_KNOTS('',1,(#11892,#11893),.UNSPECIFIED.,.F.,
 .F.,(2,2),(-1.2,0.),.UNSPECIFIED.);
#5949=B_SPLINE_CURVE_WITH_KNOTS('',1,(#11894,#11895),.UNSPECIFIED.,.F.,
 .F.,(2,2),(0.,0.7),.UNSPECIFIED.);
#5950=B_SPLINE_CURVE_WITH_KNOTS('',1,(#11896,#11897),.UNSPECIFIED.,.F.,
 .F.,(2,2),(-1.35,0.),.UNSPECIFIED.);
#5951=B_SPLINE_CURVE_WITH_KNOTS('',1,(#11898,#11899),.UNSPECIFIED.,.F.,
 .F.,(2,2),(0.,0.2),.UNSPECIFIED.);
#5952=B_SPLINE_CURVE_WITH_KNOTS('',1,(#11900,#11901),.UNSPECIFIED.,.F.,
 .F.,(2,2),(0.,0.2),.UNSPECIFIED.);
#5953=B_SPLINE_CURVE_WITH_KNOTS('',1,(#11902,#11903),.UNSPECIFIED.,.F.,
 .F.,(2,2),(-1.525,0.),.UNSPECIFIED.);
#5954=B_SPLINE_CURVE_WITH_KNOTS('',1,(#11904,#11905),.UNSPECIFIED.,.F.,
 .F.,(2,2),(-1.525,0.),.UNSPECIFIED.);
#5955=B_SPLINE_CURVE_WITH_KNOTS('',1,(#11906,#11907),.UNSPECIFIED.,.F.,
 .F.,(2,2),(-0.509894851961,0.),.UNSPECIFIED.);
#5956=B_SPLINE_CURVE_WITH_KNOTS('',1,(#11908,#11909),.UNSPECIFIED.,.F.,
 .F.,(2,2),(-0.509894851961,0.),.UNSPECIFIED.);
#5957=B_SPLINE_CURVE_WITH_KNOTS('',1,(#11910,#11911),.UNSPECIFIED.,.F.,
 .F.,(2,2),(-1.525,0.),.UNSPECIFIED.);
#5958=B_SPLINE_CURVE_WITH_KNOTS('',1,(#11912,#11913),.UNSPECIFIED.,.F.,
 .F.,(2,2),(-0.68021029607826,0.),.UNSPECIFIED.);
#5959=B_SPLINE_CURVE_WITH_KNOTS('',1,(#11914,#11915),.UNSPECIFIED.,.F.,
 .F.,(2,2),(-0.68021029607826,0.),.UNSPECIFIED.);
#5960=B_SPLINE_CURVE_WITH_KNOTS('',1,(#11916,#11917),.UNSPECIFIED.,.F.,
 .F.,(2,2),(0.,1.525),.UNSPECIFIED.);
#5961=B_SPLINE_CURVE_WITH_KNOTS('',1,(#11918,#11919),.UNSPECIFIED.,.F.,
 .F.,(2,2),(-0.50989485196074,0.),.UNSPECIFIED.);
#5962=B_SPLINE_CURVE_WITH_KNOTS('',1,(#11920,#11921),.UNSPECIFIED.,.F.,
 .F.,(2,2),(-0.50989485196074,0.),.UNSPECIFIED.);
#5963=B_SPLINE_CURVE_WITH_KNOTS('',1,(#11922,#11923),.UNSPECIFIED.,.F.,
 .F.,(2,2),(0.,1.525),.UNSPECIFIED.);
#5964=B_SPLINE_CURVE_WITH_KNOTS('',1,(#11924,#11925),.UNSPECIFIED.,.F.,
 .F.,(2,2),(-0.2,0.),.UNSPECIFIED.);
#5965=B_SPLINE_CURVE_WITH_KNOTS('',1,(#11926,#11927),.UNSPECIFIED.,.F.,
 .F.,(2,2),(0.,1.35),.UNSPECIFIED.);
#5966=B_SPLINE_CURVE_WITH_KNOTS('',1,(#11928,#11929),.UNSPECIFIED.,.F.,
 .F.,(2,2),(0.,0.575),.UNSPECIFIED.);
#5967=B_SPLINE_CURVE_WITH_KNOTS('',1,(#11930,#11931),.UNSPECIFIED.,.F.,
 .F.,(2,2),(-1.2,0.),.UNSPECIFIED.);
#5968=B_SPLINE_CURVE_WITH_KNOTS('',1,(#11932,#11933),.UNSPECIFIED.,.F.,
 .F.,(2,2),(-0.95,0.),.UNSPECIFIED.);
#5969=B_SPLINE_CURVE_WITH_KNOTS('',1,(#11934,#11935),.UNSPECIFIED.,.F.,
 .F.,(2,2),(-1.2,0.),.UNSPECIFIED.);
#5970=B_SPLINE_CURVE_WITH_KNOTS('',1,(#11936,#11937),.UNSPECIFIED.,.F.,
 .F.,(2,2),(0.,0.574999999999999),.UNSPECIFIED.);
#5971=B_SPLINE_CURVE_WITH_KNOTS('',1,(#11938,#11939),.UNSPECIFIED.,.F.,
 .F.,(2,2),(-1.35,0.),.UNSPECIFIED.);
#5972=B_SPLINE_CURVE_WITH_KNOTS('',1,(#11940,#11941),.UNSPECIFIED.,.F.,
 .F.,(2,2),(-0.199999999999999,0.),.UNSPECIFIED.);
#5973=B_SPLINE_CURVE_WITH_KNOTS('',1,(#11942,#11943),.UNSPECIFIED.,.F.,
 .F.,(2,2),(0.,1.525),.UNSPECIFIED.);
#5974=B_SPLINE_CURVE_WITH_KNOTS('',1,(#11944,#11945),.UNSPECIFIED.,.F.,
 .F.,(2,2),(0.,0.509894851961),.UNSPECIFIED.);
#5975=B_SPLINE_CURVE_WITH_KNOTS('',1,(#11946,#11947),.UNSPECIFIED.,.F.,
 .F.,(2,2),(-1.525,0.),.UNSPECIFIED.);
#5976=B_SPLINE_CURVE_WITH_KNOTS('',1,(#11948,#11949),.UNSPECIFIED.,.F.,
 .F.,(2,2),(0.,0.68021029607825),.UNSPECIFIED.);
#5977=B_SPLINE_CURVE_WITH_KNOTS('',1,(#11950,#11951),.UNSPECIFIED.,.F.,
 .F.,(2,2),(0.,1.525),.UNSPECIFIED.);
#5978=B_SPLINE_CURVE_WITH_KNOTS('',1,(#11952,#11953),.UNSPECIFIED.,.F.,
 .F.,(2,2),(0.,0.50989485196075),.UNSPECIFIED.);
#5979=B_SPLINE_CURVE_WITH_KNOTS('',1,(#11954,#11955),.UNSPECIFIED.,.F.,
 .F.,(2,2),(-0.50989485196074,0.),.UNSPECIFIED.);
#5980=B_SPLINE_CURVE_WITH_KNOTS('',1,(#11956,#11957),.UNSPECIFIED.,.F.,
 .F.,(2,2),(-0.9,0.),.UNSPECIFIED.);
#5981=B_SPLINE_CURVE_WITH_KNOTS('',1,(#11958,#11959),.UNSPECIFIED.,.F.,
 .F.,(2,2),(-0.68021029607826,0.),.UNSPECIFIED.);
#5982=B_SPLINE_CURVE_WITH_KNOTS('',1,(#11960,#11961),.UNSPECIFIED.,.F.,
 .F.,(2,2),(-0.9,0.),.UNSPECIFIED.);
#5983=B_SPLINE_CURVE_WITH_KNOTS('',1,(#11962,#11963),.UNSPECIFIED.,.F.,
 .F.,(2,2),(-0.509894851961,0.),.UNSPECIFIED.);
#5984=B_SPLINE_CURVE_WITH_KNOTS('',1,(#11964,#11965),.UNSPECIFIED.,.F.,
 .F.,(2,2),(-1.,0.),.UNSPECIFIED.);
#5985=B_SPLINE_CURVE_WITH_KNOTS('',1,(#11966,#11967),.UNSPECIFIED.,.F.,
 .F.,(2,2),(-1.,0.),.UNSPECIFIED.);
#5986=B_SPLINE_CURVE_WITH_KNOTS('',1,(#11968,#11969),.UNSPECIFIED.,.F.,
 .F.,(2,2),(-0.825,0.),.UNSPECIFIED.);
#5987=B_SPLINE_CURVE_WITH_KNOTS('',1,(#11970,#11971),.UNSPECIFIED.,.F.,
 .F.,(2,2),(-0.825,0.),.UNSPECIFIED.);
#5988=B_SPLINE_CURVE_WITH_KNOTS('',1,(#11972,#11973),.UNSPECIFIED.,.F.,
 .F.,(2,2),(-1.5,0.),.UNSPECIFIED.);
#5989=B_SPLINE_CURVE_WITH_KNOTS('',1,(#11974,#11975),.UNSPECIFIED.,.F.,
 .F.,(2,2),(0.,3.5),.UNSPECIFIED.);
#5990=B_SPLINE_CURVE_WITH_KNOTS('',1,(#11976,#11977),.UNSPECIFIED.,.F.,
 .F.,(2,2),(-1.5,0.),.UNSPECIFIED.);
#5991=B_SPLINE_CURVE_WITH_KNOTS('',1,(#11978,#11979),.UNSPECIFIED.,.F.,
 .F.,(2,2),(-0.975,0.),.UNSPECIFIED.);
#5992=B_SPLINE_CURVE_WITH_KNOTS('',1,(#11980,#11981),.UNSPECIFIED.,.F.,
 .F.,(2,2),(-0.975,0.),.UNSPECIFIED.);
#5993=B_SPLINE_CURVE_WITH_KNOTS('',1,(#11982,#11983),.UNSPECIFIED.,.F.,
 .F.,(2,2),(0.,1.),.UNSPECIFIED.);
#5994=B_SPLINE_CURVE_WITH_KNOTS('',1,(#11984,#11985),.UNSPECIFIED.,.F.,
 .F.,(2,2),(0.,1.),.UNSPECIFIED.);
#5995=B_SPLINE_CURVE_WITH_KNOTS('',1,(#11986,#11987),.UNSPECIFIED.,.F.,
 .F.,(2,2),(-1.525,0.),.UNSPECIFIED.);
#5996=B_SPLINE_CURVE_WITH_KNOTS('',1,(#11988,#11989),.UNSPECIFIED.,.F.,
 .F.,(2,2),(0.,1.),.UNSPECIFIED.);
#5997=B_SPLINE_CURVE_WITH_KNOTS('',1,(#11996,#11997),.UNSPECIFIED.,.F.,
 .F.,(2,2),(-1.325,0.),.UNSPECIFIED.);
#5998=B_SPLINE_CURVE_WITH_KNOTS('',1,(#11998,#11999),.UNSPECIFIED.,.F.,
 .F.,(2,2),(-1.2,0.),.UNSPECIFIED.);
#5999=B_SPLINE_CURVE_WITH_KNOTS('',1,(#12000,#12001),.UNSPECIFIED.,.F.,
 .F.,(2,2),(-1.2,0.),.UNSPECIFIED.);
#6000=B_SPLINE_CURVE_WITH_KNOTS('',1,(#12002,#12003),.UNSPECIFIED.,.F.,
 .F.,(2,2),(0.,1.325),.UNSPECIFIED.);
#6001=B_SPLINE_CURVE_WITH_KNOTS('',1,(#12010,#12011),.UNSPECIFIED.,.F.,
 .F.,(2,2),(-1.,0.),.UNSPECIFIED.);
#6002=B_SPLINE_CURVE_WITH_KNOTS('',1,(#12012,#12013),.UNSPECIFIED.,.F.,
 .F.,(2,2),(-1.525,0.),.UNSPECIFIED.);
#6003=B_SPLINE_CURVE_WITH_KNOTS('',1,(#12014,#12015),.UNSPECIFIED.,.F.,
 .F.,(2,2),(0.,1.2),.UNSPECIFIED.);
#6004=B_SPLINE_CURVE_WITH_KNOTS('',1,(#12016,#12017),.UNSPECIFIED.,.F.,
 .F.,(2,2),(0.,1.2),.UNSPECIFIED.);
#6005=B_SPLINE_CURVE_WITH_KNOTS('',1,(#12018,#12019),.UNSPECIFIED.,.F.,
 .F.,(2,2),(-0.975,0.),.UNSPECIFIED.);
#6006=B_SPLINE_CURVE_WITH_KNOTS('',1,(#12020,#12021),.UNSPECIFIED.,.F.,
 .F.,(2,2),(0.,0.314159265358979),.UNSPECIFIED.);
#6007=B_SPLINE_CURVE_WITH_KNOTS('',1,(#12022,#12023),.UNSPECIFIED.,.F.,
 .F.,(2,2),(0.,0.975),.UNSPECIFIED.);
#6008=B_SPLINE_CURVE_WITH_KNOTS('',1,(#12024,#12025),.UNSPECIFIED.,.F.,
 .F.,(2,2),(0.,0.314159265358979),.UNSPECIFIED.);
#6009=B_SPLINE_CURVE_WITH_KNOTS('',1,(#12026,#12027),.UNSPECIFIED.,.F.,
 .F.,(2,2),(0.,0.625),.UNSPECIFIED.);
#6010=B_SPLINE_CURVE_WITH_KNOTS('',3,(#12028,#12029,#12030,#12031),
 .UNSPECIFIED.,.F.,.F.,(4,4),(-1.,0.),.UNSPECIFIED.);
#6011=B_SPLINE_CURVE_WITH_KNOTS('',1,(#12032,#12033),.UNSPECIFIED.,.F.,
 .F.,(2,2),(-0.825,0.),.UNSPECIFIED.);
#6012=B_SPLINE_CURVE_WITH_KNOTS('',1,(#12034,#12035),.UNSPECIFIED.,.F.,
 .F.,(2,2),(-0.314159265358979,0.),.UNSPECIFIED.);
#6013=B_SPLINE_CURVE_WITH_KNOTS('',1,(#12036,#12037),.UNSPECIFIED.,.F.,
 .F.,(2,2),(-1.2,0.),.UNSPECIFIED.);
#6014=B_SPLINE_CURVE_WITH_KNOTS('',1,(#12038,#12039),.UNSPECIFIED.,.F.,
 .F.,(2,2),(0.,0.2),.UNSPECIFIED.);
#6015=B_SPLINE_CURVE_WITH_KNOTS('',1,(#12040,#12041),.UNSPECIFIED.,.F.,
 .F.,(2,2),(-1.2,0.),.UNSPECIFIED.);
#6016=B_SPLINE_CURVE_WITH_KNOTS('',1,(#12042,#12043),.UNSPECIFIED.,.F.,
 .F.,(2,2),(-0.2,0.),.UNSPECIFIED.);
#6017=B_SPLINE_CURVE_WITH_KNOTS('',1,(#12044,#12045),.UNSPECIFIED.,.F.,
 .F.,(2,2),(-0.68021029607826,0.),.UNSPECIFIED.);
#6018=B_SPLINE_CURVE_WITH_KNOTS('',1,(#12046,#12047),.UNSPECIFIED.,.F.,
 .F.,(2,2),(0.,0.74),.UNSPECIFIED.);
#6019=B_SPLINE_CURVE_WITH_KNOTS('',1,(#12048,#12049),.UNSPECIFIED.,.F.,
 .F.,(2,2),(0.,0.68021029607826),.UNSPECIFIED.);
#6020=B_SPLINE_CURVE_WITH_KNOTS('',1,(#12050,#12051),.UNSPECIFIED.,.F.,
 .F.,(2,2),(0.,0.74),.UNSPECIFIED.);
#6021=B_SPLINE_CURVE_WITH_KNOTS('',1,(#12052,#12053),.UNSPECIFIED.,.F.,
 .F.,(2,2),(0.,1.2),.UNSPECIFIED.);
#6022=B_SPLINE_CURVE_WITH_KNOTS('',1,(#12054,#12055),.UNSPECIFIED.,.F.,
 .F.,(2,2),(0.,0.2),.UNSPECIFIED.);
#6023=B_SPLINE_CURVE_WITH_KNOTS('',1,(#12056,#12057),.UNSPECIFIED.,.F.,
 .F.,(2,2),(0.,1.2),.UNSPECIFIED.);
#6024=B_SPLINE_CURVE_WITH_KNOTS('',1,(#12058,#12059),.UNSPECIFIED.,.F.,
 .F.,(2,2),(0.,0.2),.UNSPECIFIED.);
#6025=B_SPLINE_CURVE_WITH_KNOTS('',1,(#12060,#12061),.UNSPECIFIED.,.F.,
 .F.,(2,2),(-0.314159265358979,0.),.UNSPECIFIED.);
#6026=B_SPLINE_CURVE_WITH_KNOTS('',1,(#12065,#12066),.UNSPECIFIED.,.F.,
 .F.,(2,2),(0.,2.78542808011481),.UNSPECIFIED.);
#6027=B_SPLINE_CURVE_WITH_KNOTS('',1,(#12067,#12068),.UNSPECIFIED.,.F.,
 .F.,(2,2),(0.,0.314159265358979),.UNSPECIFIED.);
#6028=B_SPLINE_CURVE_WITH_KNOTS('',1,(#12069,#12070),.UNSPECIFIED.,.F.,
 .F.,(2,2),(0.,3.0386488146709),.UNSPECIFIED.);
#6029=B_SPLINE_CURVE_WITH_KNOTS('',1,(#12071,#12072),.UNSPECIFIED.,.F.,
 .F.,(2,2),(0.,2.78542808011481),.UNSPECIFIED.);
#6030=B_SPLINE_CURVE_WITH_KNOTS('',1,(#12073,#12074),.UNSPECIFIED.,.F.,
 .F.,(2,2),(-1.5,0.),.UNSPECIFIED.);
#6031=B_SPLINE_CURVE_WITH_KNOTS('',1,(#12075,#12076),.UNSPECIFIED.,.F.,
 .F.,(2,2),(0.,2.78542808011481),.UNSPECIFIED.);
#6032=B_SPLINE_CURVE_WITH_KNOTS('',1,(#12077,#12078),.UNSPECIFIED.,.F.,
 .F.,(2,2),(0.,1.5),.UNSPECIFIED.);
#6033=B_SPLINE_CURVE_WITH_KNOTS('',1,(#12206,#12207),.UNSPECIFIED.,.F.,
 .F.,(2,2),(-0.8,0.),.UNSPECIFIED.);
#6034=B_SPLINE_CURVE_WITH_KNOTS('',1,(#12208,#12209),.UNSPECIFIED.,.F.,
 .F.,(2,2),(-0.8,0.),.UNSPECIFIED.);
#6035=B_SPLINE_CURVE_WITH_KNOTS('',1,(#12210,#12211),.UNSPECIFIED.,.F.,
 .F.,(2,2),(-0.15,0.),.UNSPECIFIED.);
#6036=B_SPLINE_CURVE_WITH_KNOTS('',1,(#12212,#12213),.UNSPECIFIED.,.F.,
 .F.,(2,2),(-0.15,0.),.UNSPECIFIED.);
#6037=B_SPLINE_CURVE_WITH_KNOTS('',1,(#12214,#12215),.UNSPECIFIED.,.F.,
 .F.,(2,2),(0.,0.8),.UNSPECIFIED.);
#6038=B_SPLINE_CURVE_WITH_KNOTS('',1,(#12216,#12217),.UNSPECIFIED.,.F.,
 .F.,(2,2),(0.,0.8),.UNSPECIFIED.);
#6039=B_SPLINE_CURVE_WITH_KNOTS('',1,(#12218,#12219),.UNSPECIFIED.,.F.,
 .F.,(2,2),(0.,0.15),.UNSPECIFIED.);
#6040=B_SPLINE_CURVE_WITH_KNOTS('',1,(#12220,#12221),.UNSPECIFIED.,.F.,
 .F.,(2,2),(0.,0.15),.UNSPECIFIED.);
#6041=B_SPLINE_CURVE_WITH_KNOTS('',1,(#12222,#12223),.UNSPECIFIED.,.F.,
 .F.,(2,2),(0.,0.15),.UNSPECIFIED.);
#6042=B_SPLINE_CURVE_WITH_KNOTS('',1,(#12224,#12225),.UNSPECIFIED.,.F.,
 .F.,(2,2),(0.,0.15),.UNSPECIFIED.);
#6043=B_SPLINE_CURVE_WITH_KNOTS('',1,(#12226,#12227),.UNSPECIFIED.,.F.,
 .F.,(2,2),(0.,0.401386485959742),.UNSPECIFIED.);
#6044=B_SPLINE_CURVE_WITH_KNOTS('',1,(#12228,#12229),.UNSPECIFIED.,.F.,
 .F.,(2,2),(0.,0.401386485959742),.UNSPECIFIED.);
#6045=B_SPLINE_CURVE_WITH_KNOTS('',1,(#12230,#12231),.UNSPECIFIED.,.F.,
 .F.,(2,2),(0.,0.15),.UNSPECIFIED.);
#6046=B_SPLINE_CURVE_WITH_KNOTS('',1,(#12232,#12233),.UNSPECIFIED.,.F.,
 .F.,(2,2),(-0.401386485959742,0.),.UNSPECIFIED.);
#6047=B_SPLINE_CURVE_WITH_KNOTS('',1,(#12234,#12235),.UNSPECIFIED.,.F.,
 .F.,(2,2),(-0.401386485959742,0.),.UNSPECIFIED.);
#6048=B_SPLINE_CURVE_WITH_KNOTS('',1,(#12236,#12237),.UNSPECIFIED.,.F.,
 .F.,(2,2),(-0.401386485959742,0.),.UNSPECIFIED.);
#6049=B_SPLINE_CURVE_WITH_KNOTS('',1,(#12238,#12239),.UNSPECIFIED.,.F.,
 .F.,(2,2),(0.,0.8),.UNSPECIFIED.);
#6050=B_SPLINE_CURVE_WITH_KNOTS('',1,(#12240,#12241),.UNSPECIFIED.,.F.,
 .F.,(2,2),(-0.401386485959742,0.),.UNSPECIFIED.);
#6051=B_SPLINE_CURVE_WITH_KNOTS('',1,(#12242,#12243),.UNSPECIFIED.,.F.,
 .F.,(2,2),(-0.401386485959742,0.),.UNSPECIFIED.);
#6052=B_SPLINE_CURVE_WITH_KNOTS('',1,(#12244,#12245),.UNSPECIFIED.,.F.,
 .F.,(2,2),(0.,0.866666666666637),.UNSPECIFIED.);
#6053=B_SPLINE_CURVE_WITH_KNOTS('',1,(#12246,#12247),.UNSPECIFIED.,.F.,
 .F.,(2,2),(0.,0.866666666666637),.UNSPECIFIED.);
#6054=B_SPLINE_CURVE_WITH_KNOTS('',1,(#12248,#12249),.UNSPECIFIED.,.F.,
 .F.,(2,2),(-0.401386485959742,0.),.UNSPECIFIED.);
#6055=B_SPLINE_CURVE_WITH_KNOTS('',1,(#12250,#12251),.UNSPECIFIED.,.F.,
 .F.,(2,2),(-0.401386485959742,0.),.UNSPECIFIED.);
#6056=B_SPLINE_CURVE_WITH_KNOTS('',1,(#12252,#12253),.UNSPECIFIED.,.F.,
 .F.,(2,2),(-0.15,0.),.UNSPECIFIED.);
#6057=B_SPLINE_CURVE_WITH_KNOTS('',1,(#12254,#12255),.UNSPECIFIED.,.F.,
 .F.,(2,2),(-0.15,0.),.UNSPECIFIED.);
#6058=B_SPLINE_CURVE_WITH_KNOTS('',1,(#12256,#12257),.UNSPECIFIED.,.F.,
 .F.,(2,2),(-0.401386485959742,0.),.UNSPECIFIED.);
#6059=B_SPLINE_CURVE_WITH_KNOTS('',1,(#12258,#12259),.UNSPECIFIED.,.F.,
 .F.,(2,2),(-0.15,0.),.UNSPECIFIED.);
#6060=B_SPLINE_CURVE_WITH_KNOTS('',1,(#12260,#12261),.UNSPECIFIED.,.F.,
 .F.,(2,2),(-0.8,0.),.UNSPECIFIED.);
#6061=B_SPLINE_CURVE_WITH_KNOTS('',1,(#12262,#12263),.UNSPECIFIED.,.F.,
 .F.,(2,2),(0.,0.401386485959742),.UNSPECIFIED.);
#6062=B_SPLINE_CURVE_WITH_KNOTS('',1,(#12264,#12265),.UNSPECIFIED.,.F.,
 .F.,(2,2),(-0.866666666666634,0.),.UNSPECIFIED.);
#6063=B_SPLINE_CURVE_WITH_KNOTS('',1,(#12266,#12267),.UNSPECIFIED.,.F.,
 .F.,(2,2),(-0.866666666666634,0.),.UNSPECIFIED.);
#6064=B_SPLINE_CURVE_WITH_KNOTS('',1,(#12268,#12269),.UNSPECIFIED.,.F.,
 .F.,(2,2),(-0.401386485959742,0.),.UNSPECIFIED.);
#6065=B_SPLINE_CURVE_WITH_KNOTS('',1,(#12270,#12271),.UNSPECIFIED.,.F.,
 .F.,(2,2),(0.,0.924198254081081),.UNSPECIFIED.);
#6066=B_SPLINE_CURVE_WITH_KNOTS('',1,(#12272,#12273),.UNSPECIFIED.,.F.,
 .F.,(2,2),(0.,0.924198254081081),.UNSPECIFIED.);
#6067=B_SPLINE_CURVE_WITH_KNOTS('',3,(#12274,#12275,#12276,#12277,#12278,
#12279),.UNSPECIFIED.,.F.,.F.,(4,2,4),(0.,0.500000059604652,1.),
 .UNSPECIFIED.);
#6068=B_SPLINE_CURVE_WITH_KNOTS('',3,(#12280,#12281,#12282,#12283),
 .UNSPECIFIED.,.F.,.F.,(4,4),(0.,1.),.UNSPECIFIED.);
#6069=B_SPLINE_CURVE_WITH_KNOTS('',1,(#12284,#12285),.UNSPECIFIED.,.F.,
 .F.,(2,2),(-0.866666666666634,0.),.UNSPECIFIED.);
#6070=B_SPLINE_CURVE_WITH_KNOTS('',3,(#12286,#12287,#12288,#12289,#12290,
#12291),.UNSPECIFIED.,.F.,.F.,(4,2,4),(-1.,-0.500000059604652,0.),
 .UNSPECIFIED.);
#6071=B_SPLINE_CURVE_WITH_KNOTS('',3,(#12292,#12293,#12294,#12295),
 .UNSPECIFIED.,.F.,.F.,(4,4),(-1.,0.),.UNSPECIFIED.);
#6072=B_SPLINE_CURVE_WITH_KNOTS('',3,(#12296,#12297,#12298,#12299,#12300,
#12301,#12302,#12303,#12304,#12305),.UNSPECIFIED.,.F.,.F.,(4,3,3,4),(0.,
0.264872116943443,0.538070754632463,1.),.UNSPECIFIED.);
#6073=B_SPLINE_CURVE_WITH_KNOTS('',3,(#12306,#12307,#12308,#12309),
 .UNSPECIFIED.,.F.,.F.,(4,4),(0.,1.),.UNSPECIFIED.);
#6074=B_SPLINE_CURVE_WITH_KNOTS('',3,(#12310,#12311,#12312,#12313,#12314,
#12315),.UNSPECIFIED.,.F.,.F.,(4,2,4),(0.,0.5,1.),.UNSPECIFIED.);
#6075=B_SPLINE_CURVE_WITH_KNOTS('',1,(#12316,#12317),.UNSPECIFIED.,.F.,
 .F.,(2,2),(0.,1.),.UNSPECIFIED.);
#6076=B_SPLINE_CURVE_WITH_KNOTS('',1,(#12318,#12319),.UNSPECIFIED.,.F.,
 .F.,(2,2),(-0.15,0.),.UNSPECIFIED.);
#6077=B_SPLINE_CURVE_WITH_KNOTS('',1,(#12320,#12321),.UNSPECIFIED.,.F.,
 .F.,(2,2),(0.,1.),.UNSPECIFIED.);
#6078=B_SPLINE_CURVE_WITH_KNOTS('',1,(#12322,#12323),.UNSPECIFIED.,.F.,
 .F.,(2,2),(-0.932066310067152,0.),.UNSPECIFIED.);
#6079=B_SPLINE_CURVE_WITH_KNOTS('',1,(#12324,#12325),.UNSPECIFIED.,.F.,
 .F.,(2,2),(-0.932066310067152,0.),.UNSPECIFIED.);
#6080=B_SPLINE_CURVE_WITH_KNOTS('',3,(#12326,#12327,#12328,#12329,#12330,
#12331),.UNSPECIFIED.,.F.,.F.,(4,2,4),(0.,0.5,1.),.UNSPECIFIED.);
#6081=B_SPLINE_CURVE_WITH_KNOTS('',3,(#12332,#12333,#12334,#12335),
 .UNSPECIFIED.,.F.,.F.,(4,4),(0.,1.),.UNSPECIFIED.);
#6082=B_SPLINE_CURVE_WITH_KNOTS('',1,(#12336,#12337),.UNSPECIFIED.,.F.,
 .F.,(2,2),(0.,0.866666666666637),.UNSPECIFIED.);
#6083=B_SPLINE_CURVE_WITH_KNOTS('',3,(#12338,#12339,#12340,#12341),
 .UNSPECIFIED.,.F.,.F.,(4,4),(0.,1.),.UNSPECIFIED.);
#6084=B_SPLINE_CURVE_WITH_KNOTS('',3,(#12342,#12343,#12344,#12345,#12346,
#12347,#12348,#12349,#12350,#12351),.UNSPECIFIED.,.F.,.F.,(4,3,3,4),(-1.,
-0.538070754629984,-0.264872116942228,0.),.UNSPECIFIED.);
#6085=B_SPLINE_CURVE_WITH_KNOTS('',3,(#12352,#12353,#12354,#12355),
 .UNSPECIFIED.,.F.,.F.,(4,4),(-1.,0.),.UNSPECIFIED.);
#6086=B_SPLINE_CURVE_WITH_KNOTS('',1,(#12356,#12357),.UNSPECIFIED.,.F.,
 .F.,(2,2),(-1.,0.),.UNSPECIFIED.);
#6087=B_SPLINE_CURVE_WITH_KNOTS('',1,(#12358,#12359),.UNSPECIFIED.,.F.,
 .F.,(2,2),(0.,0.15),.UNSPECIFIED.);
#6088=B_SPLINE_CURVE_WITH_KNOTS('',1,(#12360,#12361),.UNSPECIFIED.,.F.,
 .F.,(2,2),(0.,1.),.UNSPECIFIED.);
#6089=B_SPLINE_CURVE_WITH_KNOTS('',1,(#12362,#12363),.UNSPECIFIED.,.F.,
 .F.,(2,2),(-0.932066310067152,0.),.UNSPECIFIED.);
#6090=B_SPLINE_CURVE_WITH_KNOTS('',3,(#12364,#12365,#12366,#12367,#12368,
#12369,#12370,#12371,#12372,#12373),.UNSPECIFIED.,.F.,.F.,(4,3,3,4),(0.,
0.264872116943443,0.538070754632463,1.),.UNSPECIFIED.);
#6091=B_SPLINE_CURVE_WITH_KNOTS('',1,(#12374,#12375),.UNSPECIFIED.,.F.,
 .F.,(2,2),(0.,0.924198254081081),.UNSPECIFIED.);
#6092=B_SPLINE_CURVE_WITH_KNOTS('',3,(#12376,#12377,#12378,#12379,#12380,
#12381,#12382,#12383,#12384,#12385),.UNSPECIFIED.,.F.,.F.,(4,3,3,4),(-1.,
-0.538070754629984,-0.264872116942228,0.),.UNSPECIFIED.);
#6093=B_SPLINE_CURVE_WITH_KNOTS('',1,(#12512,#12513),.UNSPECIFIED.,.F.,
 .F.,(2,2),(-0.8,0.),.UNSPECIFIED.);
#6094=B_SPLINE_CURVE_WITH_KNOTS('',1,(#12514,#12515),.UNSPECIFIED.,.F.,
 .F.,(2,2),(-0.8,0.),.UNSPECIFIED.);
#6095=B_SPLINE_CURVE_WITH_KNOTS('',1,(#12516,#12517),.UNSPECIFIED.,.F.,
 .F.,(2,2),(-0.15,0.),.UNSPECIFIED.);
#6096=B_SPLINE_CURVE_WITH_KNOTS('',1,(#12518,#12519),.UNSPECIFIED.,.F.,
 .F.,(2,2),(-0.15,0.),.UNSPECIFIED.);
#6097=B_SPLINE_CURVE_WITH_KNOTS('',1,(#12520,#12521),.UNSPECIFIED.,.F.,
 .F.,(2,2),(0.,0.8),.UNSPECIFIED.);
#6098=B_SPLINE_CURVE_WITH_KNOTS('',1,(#12522,#12523),.UNSPECIFIED.,.F.,
 .F.,(2,2),(0.,0.8),.UNSPECIFIED.);
#6099=B_SPLINE_CURVE_WITH_KNOTS('',1,(#12524,#12525),.UNSPECIFIED.,.F.,
 .F.,(2,2),(0.,0.15),.UNSPECIFIED.);
#6100=B_SPLINE_CURVE_WITH_KNOTS('',1,(#12526,#12527),.UNSPECIFIED.,.F.,
 .F.,(2,2),(0.,0.15),.UNSPECIFIED.);
#6101=B_SPLINE_CURVE_WITH_KNOTS('',1,(#12528,#12529),.UNSPECIFIED.,.F.,
 .F.,(2,2),(-0.401386485959742,0.),.UNSPECIFIED.);
#6102=B_SPLINE_CURVE_WITH_KNOTS('',1,(#12530,#12531),.UNSPECIFIED.,.F.,
 .F.,(2,2),(-0.401386485959742,0.),.UNSPECIFIED.);
#6103=B_SPLINE_CURVE_WITH_KNOTS('',1,(#12532,#12533),.UNSPECIFIED.,.F.,
 .F.,(2,2),(-0.15,0.),.UNSPECIFIED.);
#6104=B_SPLINE_CURVE_WITH_KNOTS('',1,(#12534,#12535),.UNSPECIFIED.,.F.,
 .F.,(2,2),(-0.15,0.),.UNSPECIFIED.);
#6105=B_SPLINE_CURVE_WITH_KNOTS('',1,(#12536,#12537),.UNSPECIFIED.,.F.,
 .F.,(2,2),(0.,0.401386485959742),.UNSPECIFIED.);
#6106=B_SPLINE_CURVE_WITH_KNOTS('',1,(#12538,#12539),.UNSPECIFIED.,.F.,
 .F.,(2,2),(0.,0.401386485959742),.UNSPECIFIED.);
#6107=B_SPLINE_CURVE_WITH_KNOTS('',1,(#12540,#12541),.UNSPECIFIED.,.F.,
 .F.,(2,2),(-0.15,0.),.UNSPECIFIED.);
#6108=B_SPLINE_CURVE_WITH_KNOTS('',1,(#12542,#12543),.UNSPECIFIED.,.F.,
 .F.,(2,2),(0.,0.401386485959742),.UNSPECIFIED.);
#6109=B_SPLINE_CURVE_WITH_KNOTS('',1,(#12544,#12545),.UNSPECIFIED.,.F.,
 .F.,(2,2),(0.,0.401386485959742),.UNSPECIFIED.);
#6110=B_SPLINE_CURVE_WITH_KNOTS('',1,(#12546,#12547),.UNSPECIFIED.,.F.,
 .F.,(2,2),(0.,0.8),.UNSPECIFIED.);
#6111=B_SPLINE_CURVE_WITH_KNOTS('',1,(#12548,#12549),.UNSPECIFIED.,.F.,
 .F.,(2,2),(0.,0.401386485959742),.UNSPECIFIED.);
#6112=B_SPLINE_CURVE_WITH_KNOTS('',1,(#12550,#12551),.UNSPECIFIED.,.F.,
 .F.,(2,2),(0.,0.866666666666637),.UNSPECIFIED.);
#6113=B_SPLINE_CURVE_WITH_KNOTS('',1,(#12552,#12553),.UNSPECIFIED.,.F.,
 .F.,(2,2),(0.,0.866666666666637),.UNSPECIFIED.);
#6114=B_SPLINE_CURVE_WITH_KNOTS('',1,(#12554,#12555),.UNSPECIFIED.,.F.,
 .F.,(2,2),(-0.8,0.),.UNSPECIFIED.);
#6115=B_SPLINE_CURVE_WITH_KNOTS('',1,(#12556,#12557),.UNSPECIFIED.,.F.,
 .F.,(2,2),(-0.401386485959742,0.),.UNSPECIFIED.);
#6116=B_SPLINE_CURVE_WITH_KNOTS('',1,(#12558,#12559),.UNSPECIFIED.,.F.,
 .F.,(2,2),(-0.401386485959742,0.),.UNSPECIFIED.);
#6117=B_SPLINE_CURVE_WITH_KNOTS('',1,(#12560,#12561),.UNSPECIFIED.,.F.,
 .F.,(2,2),(-0.866666666666634,0.),.UNSPECIFIED.);
#6118=B_SPLINE_CURVE_WITH_KNOTS('',1,(#12562,#12563),.UNSPECIFIED.,.F.,
 .F.,(2,2),(-0.866666666666634,0.),.UNSPECIFIED.);
#6119=B_SPLINE_CURVE_WITH_KNOTS('',1,(#12564,#12565),.UNSPECIFIED.,.F.,
 .F.,(2,2),(-0.401386485959742,0.),.UNSPECIFIED.);
#6120=B_SPLINE_CURVE_WITH_KNOTS('',1,(#12566,#12567),.UNSPECIFIED.,.F.,
 .F.,(2,2),(0.,0.15),.UNSPECIFIED.);
#6121=B_SPLINE_CURVE_WITH_KNOTS('',1,(#12568,#12569),.UNSPECIFIED.,.F.,
 .F.,(2,2),(0.,0.15),.UNSPECIFIED.);
#6122=B_SPLINE_CURVE_WITH_KNOTS('',1,(#12570,#12571),.UNSPECIFIED.,.F.,
 .F.,(2,2),(-0.401386485959742,0.),.UNSPECIFIED.);
#6123=B_SPLINE_CURVE_WITH_KNOTS('',1,(#12572,#12573),.UNSPECIFIED.,.F.,
 .F.,(2,2),(0.,0.15),.UNSPECIFIED.);
#6124=B_SPLINE_CURVE_WITH_KNOTS('',1,(#12574,#12575),.UNSPECIFIED.,.F.,
 .F.,(2,2),(0.,0.401386485959742),.UNSPECIFIED.);
#6125=B_SPLINE_CURVE_WITH_KNOTS('',3,(#12576,#12577,#12578,#12579,#12580,
#12581,#12582,#12583,#12584,#12585),.UNSPECIFIED.,.F.,.F.,(4,3,3,4),(-1.,
-0.752726677372961,-0.49911123419355,0.),.UNSPECIFIED.);
#6126=B_SPLINE_CURVE_WITH_KNOTS('',3,(#12586,#12587,#12588,#12589),
 .UNSPECIFIED.,.F.,.F.,(4,4),(-1.,0.),.UNSPECIFIED.);
#6127=B_SPLINE_CURVE_WITH_KNOTS('',3,(#12590,#12591,#12592,#12593,#12594,
#12595),.UNSPECIFIED.,.F.,.F.,(4,2,4),(0.,0.500000059604652,1.),
 .UNSPECIFIED.);
#6128=B_SPLINE_CURVE_WITH_KNOTS('',1,(#12596,#12597),.UNSPECIFIED.,.F.,
 .F.,(2,2),(0.,1.),.UNSPECIFIED.);
#6129=B_SPLINE_CURVE_WITH_KNOTS('',1,(#12598,#12599),.UNSPECIFIED.,.F.,
 .F.,(2,2),(0.,0.15),.UNSPECIFIED.);
#6130=B_SPLINE_CURVE_WITH_KNOTS('',3,(#12600,#12601,#12602,#12603,#12604,
#12605),.UNSPECIFIED.,.F.,.F.,(4,2,4),(-1.,-0.499999999853217,0.),
 .UNSPECIFIED.);
#6131=B_SPLINE_CURVE_WITH_KNOTS('',1,(#12606,#12607),.UNSPECIFIED.,.F.,
 .F.,(2,2),(-1.,0.),.UNSPECIFIED.);
#6132=B_SPLINE_CURVE_WITH_KNOTS('',1,(#12608,#12609),.UNSPECIFIED.,.F.,
 .F.,(2,2),(0.,0.917493153576967),.UNSPECIFIED.);
#6133=B_SPLINE_CURVE_WITH_KNOTS('',1,(#12610,#12611),.UNSPECIFIED.,.F.,
 .F.,(2,2),(0.,0.917493153576967),.UNSPECIFIED.);
#6134=B_SPLINE_CURVE_WITH_KNOTS('',3,(#12612,#12613,#12614,#12615,#12616,
#12617),.UNSPECIFIED.,.F.,.F.,(4,2,4),(0.,0.500000059604652,1.),
 .UNSPECIFIED.);
#6135=B_SPLINE_CURVE_WITH_KNOTS('',3,(#12618,#12619,#12620,#12621),
 .UNSPECIFIED.,.F.,.F.,(4,4),(0.,1.),.UNSPECIFIED.);
#6136=B_SPLINE_CURVE_WITH_KNOTS('',1,(#12622,#12623),.UNSPECIFIED.,.F.,
 .F.,(2,2),(-0.866666666666634,0.),.UNSPECIFIED.);
#6137=B_SPLINE_CURVE_WITH_KNOTS('',3,(#12624,#12625,#12626,#12627),
 .UNSPECIFIED.,.F.,.F.,(4,4),(0.,1.),.UNSPECIFIED.);
#6138=B_SPLINE_CURVE_WITH_KNOTS('',1,(#12628,#12629),.UNSPECIFIED.,.F.,
 .F.,(2,2),(-0.928185071515877,0.),.UNSPECIFIED.);
#6139=B_SPLINE_CURVE_WITH_KNOTS('',1,(#12630,#12631),.UNSPECIFIED.,.F.,
 .F.,(2,2),(-0.928185071515877,0.),.UNSPECIFIED.);
#6140=B_SPLINE_CURVE_WITH_KNOTS('',3,(#12632,#12633,#12634,#12635),
 .UNSPECIFIED.,.F.,.F.,(4,4),(-1.,0.),.UNSPECIFIED.);
#6141=B_SPLINE_CURVE_WITH_KNOTS('',1,(#12636,#12637),.UNSPECIFIED.,.F.,
 .F.,(2,2),(0.,0.866666666666637),.UNSPECIFIED.);
#6142=B_SPLINE_CURVE_WITH_KNOTS('',3,(#12638,#12639,#12640,#12641,#12642,
#12643),.UNSPECIFIED.,.F.,.F.,(4,2,4),(-1.,-0.499999940330498,0.),
 .UNSPECIFIED.);
#6143=B_SPLINE_CURVE_WITH_KNOTS('',3,(#12644,#12645,#12646,#12647),
 .UNSPECIFIED.,.F.,.F.,(4,4),(-1.,0.),.UNSPECIFIED.);
#6144=B_SPLINE_CURVE_WITH_KNOTS('',3,(#12648,#12649,#12650,#12651,#12652,
#12653,#12654,#12655,#12656,#12657),.UNSPECIFIED.,.F.,.F.,(4,3,3,4),(0.,
0.499111234190511,0.752726677368255,1.),.UNSPECIFIED.);
#6145=B_SPLINE_CURVE_WITH_KNOTS('',3,(#12658,#12659,#12660,#12661),
 .UNSPECIFIED.,.F.,.F.,(4,4),(0.,1.),.UNSPECIFIED.);
#6146=B_SPLINE_CURVE_WITH_KNOTS('',1,(#12662,#12663),.UNSPECIFIED.,.F.,
 .F.,(2,2),(-1.,0.),.UNSPECIFIED.);
#6147=B_SPLINE_CURVE_WITH_KNOTS('',1,(#12664,#12665),.UNSPECIFIED.,.F.,
 .F.,(2,2),(-0.15,0.),.UNSPECIFIED.);
#6148=B_SPLINE_CURVE_WITH_KNOTS('',1,(#12666,#12667),.UNSPECIFIED.,.F.,
 .F.,(2,2),(0.,1.),.UNSPECIFIED.);
#6149=B_SPLINE_CURVE_WITH_KNOTS('',3,(#12668,#12669,#12670,#12671,#12672,
#12673,#12674,#12675,#12676,#12677),.UNSPECIFIED.,.F.,.F.,(4,3,3,4),(-1.,
-0.752726677372961,-0.49911123419355,0.),.UNSPECIFIED.);
#6150=B_SPLINE_CURVE_WITH_KNOTS('',1,(#12678,#12679),.UNSPECIFIED.,.F.,
 .F.,(2,2),(-0.928185071515877,0.),.UNSPECIFIED.);
#6151=B_SPLINE_CURVE_WITH_KNOTS('',3,(#12680,#12681,#12682,#12683,#12684,
#12685,#12686,#12687,#12688,#12689),.UNSPECIFIED.,.F.,.F.,(4,3,3,4),(0.,
0.499111234190511,0.752726677368255,1.),.UNSPECIFIED.);
#6152=B_SPLINE_CURVE_WITH_KNOTS('',1,(#12690,#12691),.UNSPECIFIED.,.F.,
 .F.,(2,2),(0.,0.917493153576967),.UNSPECIFIED.);
#6153=B_SPLINE_CURVE_WITH_KNOTS('',1,(#13223,#13224),.UNSPECIFIED.,.F.,
 .F.,(2,2),(-1.12,0.),.UNSPECIFIED.);
#6154=B_SPLINE_CURVE_WITH_KNOTS('',1,(#13225,#13226),.UNSPECIFIED.,.F.,
 .F.,(2,2),(-1.12,0.),.UNSPECIFIED.);
#6155=B_SPLINE_CURVE_WITH_KNOTS('',1,(#13227,#13228),.UNSPECIFIED.,.F.,
 .F.,(2,2),(0.,0.450000000000001),.UNSPECIFIED.);
#6156=B_SPLINE_CURVE_WITH_KNOTS('',1,(#13229,#13230),.UNSPECIFIED.,.F.,
 .F.,(2,2),(0.,0.450000000000001),.UNSPECIFIED.);
#6157=B_SPLINE_CURVE_WITH_KNOTS('',1,(#13231,#13232),.UNSPECIFIED.,.F.,
 .F.,(2,2),(0.,1.73384409927012),.UNSPECIFIED.);
#6158=B_SPLINE_CURVE_WITH_KNOTS('',1,(#13233,#13234),.UNSPECIFIED.,.F.,
 .F.,(2,2),(0.,1.73384409927012),.UNSPECIFIED.);
#6159=B_SPLINE_CURVE_WITH_KNOTS('',1,(#13235,#13236),.UNSPECIFIED.,.F.,
 .F.,(2,2),(0.,0.650049265087491),.UNSPECIFIED.);
#6160=B_SPLINE_CURVE_WITH_KNOTS('',1,(#13237,#13238),.UNSPECIFIED.,.F.,
 .F.,(2,2),(0.,0.650049265087491),.UNSPECIFIED.);
#6161=B_SPLINE_CURVE_WITH_KNOTS('',1,(#13245,#13246),.UNSPECIFIED.,.F.,
 .F.,(2,2),(0.,0.2),.UNSPECIFIED.);
#6162=B_SPLINE_CURVE_WITH_KNOTS('',1,(#13247,#13248),.UNSPECIFIED.,.F.,
 .F.,(2,2),(0.,0.2),.UNSPECIFIED.);
#6163=B_SPLINE_CURVE_WITH_KNOTS('',1,(#13249,#13250),.UNSPECIFIED.,.F.,
 .F.,(2,2),(-1.6,0.),.UNSPECIFIED.);
#6164=B_SPLINE_CURVE_WITH_KNOTS('',1,(#13251,#13252),.UNSPECIFIED.,.F.,
 .F.,(2,2),(-1.6,0.),.UNSPECIFIED.);
#6165=B_SPLINE_CURVE_WITH_KNOTS('',1,(#13253,#13254),.UNSPECIFIED.,.F.,
 .F.,(2,2),(0.,0.9),.UNSPECIFIED.);
#6166=B_SPLINE_CURVE_WITH_KNOTS('',1,(#13255,#13256),.UNSPECIFIED.,.F.,
 .F.,(2,2),(0.,0.9),.UNSPECIFIED.);
#6167=B_SPLINE_CURVE_WITH_KNOTS('',1,(#13263,#13264),.UNSPECIFIED.,.F.,
 .F.,(2,2),(0.,1.35000129298684),.UNSPECIFIED.);
#6168=B_SPLINE_CURVE_WITH_KNOTS('',1,(#13265,#13266),.UNSPECIFIED.,.F.,
 .F.,(2,2),(0.,1.35000129298684),.UNSPECIFIED.);
#6169=B_SPLINE_CURVE_WITH_KNOTS('',1,(#13267,#13268),.UNSPECIFIED.,.F.,
 .F.,(2,2),(-0.14999870701316,0.),.UNSPECIFIED.);
#6170=B_SPLINE_CURVE_WITH_KNOTS('',1,(#13269,#13270),.UNSPECIFIED.,.F.,
 .F.,(2,2),(-0.14999870701316,0.),.UNSPECIFIED.);
#6171=B_SPLINE_CURVE_WITH_KNOTS('',1,(#13271,#13272),.UNSPECIFIED.,.F.,
 .F.,(2,2),(-1.6,0.),.UNSPECIFIED.);
#6172=B_SPLINE_CURVE_WITH_KNOTS('',1,(#13273,#13274),.UNSPECIFIED.,.F.,
 .F.,(2,2),(-1.6,0.),.UNSPECIFIED.);
#6173=B_SPLINE_CURVE_WITH_KNOTS('',1,(#13275,#13276),.UNSPECIFIED.,.F.,
 .F.,(2,2),(-0.1499987054555,0.),.UNSPECIFIED.);
#6174=B_SPLINE_CURVE_WITH_KNOTS('',1,(#13277,#13278),.UNSPECIFIED.,.F.,
 .F.,(2,2),(-0.1499987054555,0.),.UNSPECIFIED.);
#6175=B_SPLINE_CURVE_WITH_KNOTS('',1,(#13279,#13280),.UNSPECIFIED.,.F.,
 .F.,(2,2),(-0.8500012945445,0.),.UNSPECIFIED.);
#6176=B_SPLINE_CURVE_WITH_KNOTS('',1,(#13281,#13282),.UNSPECIFIED.,.F.,
 .F.,(2,2),(-0.8500012945445,0.),.UNSPECIFIED.);
#6177=B_SPLINE_CURVE_WITH_KNOTS('',1,(#13289,#13290),.UNSPECIFIED.,.F.,
 .F.,(2,2),(0.,0.45),.UNSPECIFIED.);
#6178=B_SPLINE_CURVE_WITH_KNOTS('',1,(#13291,#13292),.UNSPECIFIED.,.F.,
 .F.,(2,2),(0.,0.45),.UNSPECIFIED.);
#6179=B_SPLINE_CURVE_WITH_KNOTS('',1,(#13293,#13294),.UNSPECIFIED.,.F.,
 .F.,(2,2),(0.,1.12),.UNSPECIFIED.);
#6180=B_SPLINE_CURVE_WITH_KNOTS('',1,(#13295,#13296),.UNSPECIFIED.,.F.,
 .F.,(2,2),(0.,1.12),.UNSPECIFIED.);
#6181=B_SPLINE_CURVE_WITH_KNOTS('',1,(#13297,#13298),.UNSPECIFIED.,.F.,
 .F.,(2,2),(-0.45,0.),.UNSPECIFIED.);
#6182=B_SPLINE_CURVE_WITH_KNOTS('',1,(#13299,#13300),.UNSPECIFIED.,.F.,
 .F.,(2,2),(-0.45,0.),.UNSPECIFIED.);
#6183=B_SPLINE_CURVE_WITH_KNOTS('',1,(#13307,#13308),.UNSPECIFIED.,.F.,
 .F.,(2,2),(0.,0.85),.UNSPECIFIED.);
#6184=B_SPLINE_CURVE_WITH_KNOTS('',1,(#13309,#13310),.UNSPECIFIED.,.F.,
 .F.,(2,2),(0.,0.85),.UNSPECIFIED.);
#6185=B_SPLINE_CURVE_WITH_KNOTS('',1,(#13317,#13318),.UNSPECIFIED.,.F.,
 .F.,(2,2),(0.,0.15),.UNSPECIFIED.);
#6186=B_SPLINE_CURVE_WITH_KNOTS('',1,(#13319,#13320),.UNSPECIFIED.,.F.,
 .F.,(2,2),(0.,0.15),.UNSPECIFIED.);
#6187=B_SPLINE_CURVE_WITH_KNOTS('',1,(#13321,#13322),.UNSPECIFIED.,.F.,
 .F.,(2,2),(0.,1.6),.UNSPECIFIED.);
#6188=B_SPLINE_CURVE_WITH_KNOTS('',1,(#13323,#13324),.UNSPECIFIED.,.F.,
 .F.,(2,2),(0.,1.6),.UNSPECIFIED.);
#6189=B_SPLINE_CURVE_WITH_KNOTS('',1,(#13325,#13326),.UNSPECIFIED.,.F.,
 .F.,(2,2),(-0.15,0.),.UNSPECIFIED.);
#6190=B_SPLINE_CURVE_WITH_KNOTS('',1,(#13327,#13328),.UNSPECIFIED.,.F.,
 .F.,(2,2),(-0.15,0.),.UNSPECIFIED.);
#6191=B_SPLINE_CURVE_WITH_KNOTS('',1,(#13335,#13336),.UNSPECIFIED.,.F.,
 .F.,(2,2),(-1.35,0.),.UNSPECIFIED.);
#6192=B_SPLINE_CURVE_WITH_KNOTS('',1,(#13337,#13338),.UNSPECIFIED.,.F.,
 .F.,(2,2),(-1.35,0.),.UNSPECIFIED.);
#6193=B_SPLINE_CURVE_WITH_KNOTS('',1,(#13345,#13346),.UNSPECIFIED.,.F.,
 .F.,(2,2),(-0.9,0.),.UNSPECIFIED.);
#6194=B_SPLINE_CURVE_WITH_KNOTS('',1,(#13347,#13348),.UNSPECIFIED.,.F.,
 .F.,(2,2),(-0.9,0.),.UNSPECIFIED.);
#6195=B_SPLINE_CURVE_WITH_KNOTS('',1,(#13349,#13350),.UNSPECIFIED.,.F.,
 .F.,(2,2),(0.,1.6),.UNSPECIFIED.);
#6196=B_SPLINE_CURVE_WITH_KNOTS('',1,(#13351,#13352),.UNSPECIFIED.,.F.,
 .F.,(2,2),(0.,1.6),.UNSPECIFIED.);
#6197=B_SPLINE_CURVE_WITH_KNOTS('',1,(#13353,#13354),.UNSPECIFIED.,.F.,
 .F.,(2,2),(-0.2,0.),.UNSPECIFIED.);
#6198=B_SPLINE_CURVE_WITH_KNOTS('',1,(#13355,#13356),.UNSPECIFIED.,.F.,
 .F.,(2,2),(-0.2,0.),.UNSPECIFIED.);
#6199=B_SPLINE_CURVE_WITH_KNOTS('',1,(#13363,#13364),.UNSPECIFIED.,.F.,
 .F.,(2,2),(-0.650049265087491,0.),.UNSPECIFIED.);
#6200=B_SPLINE_CURVE_WITH_KNOTS('',1,(#13365,#13366),.UNSPECIFIED.,.F.,
 .F.,(2,2),(-0.650049265087491,0.),.UNSPECIFIED.);
#6201=B_SPLINE_CURVE_WITH_KNOTS('',1,(#13367,#13368),.UNSPECIFIED.,.F.,
 .F.,(2,2),(-1.73384409927012,0.),.UNSPECIFIED.);
#6202=B_SPLINE_CURVE_WITH_KNOTS('',1,(#13369,#13370),.UNSPECIFIED.,.F.,
 .F.,(2,2),(-1.73384409927012,0.),.UNSPECIFIED.);
#6203=B_SPLINE_CURVE_WITH_KNOTS('',1,(#13371,#13372),.UNSPECIFIED.,.F.,
 .F.,(2,2),(-0.450000000000001,0.),.UNSPECIFIED.);
#6204=B_SPLINE_CURVE_WITH_KNOTS('',1,(#13373,#13374),.UNSPECIFIED.,.F.,
 .F.,(2,2),(-0.450000000000001,0.),.UNSPECIFIED.);
#6205=B_SPLINE_CURVE_WITH_KNOTS('',1,(#13375,#13376),.UNSPECIFIED.,.F.,
 .F.,(2,2),(-1.12,0.),.UNSPECIFIED.);
#6206=B_SPLINE_CURVE_WITH_KNOTS('',1,(#13377,#13378),.UNSPECIFIED.,.F.,
 .F.,(2,2),(-1.12,0.),.UNSPECIFIED.);
#6207=B_SPLINE_CURVE_WITH_KNOTS('',1,(#13379,#13380),.UNSPECIFIED.,.F.,
 .F.,(2,2),(0.,0.25),.UNSPECIFIED.);
#6208=B_SPLINE_CURVE_WITH_KNOTS('',1,(#13381,#13382),.UNSPECIFIED.,.F.,
 .F.,(2,2),(0.,0.25),.UNSPECIFIED.);
#6209=B_SPLINE_CURVE_WITH_KNOTS('',1,(#13389,#13390),.UNSPECIFIED.,.F.,
 .F.,(2,2),(0.,0.8500012929805),.UNSPECIFIED.);
#6210=B_SPLINE_CURVE_WITH_KNOTS('',1,(#13391,#13392),.UNSPECIFIED.,.F.,
 .F.,(2,2),(0.,0.8500012929805),.UNSPECIFIED.);
#6211=B_SPLINE_CURVE_WITH_KNOTS('',1,(#13393,#13394),.UNSPECIFIED.,.F.,
 .F.,(2,2),(0.,0.1499987070195),.UNSPECIFIED.);
#6212=B_SPLINE_CURVE_WITH_KNOTS('',1,(#13395,#13396),.UNSPECIFIED.,.F.,
 .F.,(2,2),(0.,0.1499987070195),.UNSPECIFIED.);
#6213=B_SPLINE_CURVE_WITH_KNOTS('',1,(#13397,#13398),.UNSPECIFIED.,.F.,
 .F.,(2,2),(0.,1.6),.UNSPECIFIED.);
#6214=B_SPLINE_CURVE_WITH_KNOTS('',1,(#13399,#13400),.UNSPECIFIED.,.F.,
 .F.,(2,2),(0.,1.6),.UNSPECIFIED.);
#6215=B_SPLINE_CURVE_WITH_KNOTS('',1,(#13401,#13402),.UNSPECIFIED.,.F.,
 .F.,(2,2),(0.,0.149998705491001),.UNSPECIFIED.);
#6216=B_SPLINE_CURVE_WITH_KNOTS('',1,(#13403,#13404),.UNSPECIFIED.,.F.,
 .F.,(2,2),(0.,0.149998705491001),.UNSPECIFIED.);
#6217=B_SPLINE_CURVE_WITH_KNOTS('',1,(#13405,#13406),.UNSPECIFIED.,.F.,
 .F.,(2,2),(-1.350001294509,0.),.UNSPECIFIED.);
#6218=B_SPLINE_CURVE_WITH_KNOTS('',1,(#13407,#13408),.UNSPECIFIED.,.F.,
 .F.,(2,2),(-1.350001294509,0.),.UNSPECIFIED.);
#6219=B_SPLINE_CURVE_WITH_KNOTS('',1,(#13415,#13416),.UNSPECIFIED.,.F.,
 .F.,(2,2),(0.,0.9),.UNSPECIFIED.);
#6220=B_SPLINE_CURVE_WITH_KNOTS('',1,(#13417,#13418),.UNSPECIFIED.,.F.,
 .F.,(2,2),(0.,0.9),.UNSPECIFIED.);
#6221=B_SPLINE_CURVE_WITH_KNOTS('',1,(#13419,#13420),.UNSPECIFIED.,.F.,
 .F.,(2,2),(-1.6,0.),.UNSPECIFIED.);
#6222=B_SPLINE_CURVE_WITH_KNOTS('',1,(#13421,#13422),.UNSPECIFIED.,.F.,
 .F.,(2,2),(-1.6,0.),.UNSPECIFIED.);
#6223=B_SPLINE_CURVE_WITH_KNOTS('',1,(#13423,#13424),.UNSPECIFIED.,.F.,
 .F.,(2,2),(0.,0.2),.UNSPECIFIED.);
#6224=B_SPLINE_CURVE_WITH_KNOTS('',1,(#13425,#13426),.UNSPECIFIED.,.F.,
 .F.,(2,2),(0.,0.2),.UNSPECIFIED.);
#6225=B_SPLINE_CURVE_WITH_KNOTS('',1,(#13433,#13434),.UNSPECIFIED.,.F.,
 .F.,(2,2),(0.,0.650049265087491),.UNSPECIFIED.);
#6226=B_SPLINE_CURVE_WITH_KNOTS('',1,(#13435,#13436),.UNSPECIFIED.,.F.,
 .F.,(2,2),(0.,0.650049265087491),.UNSPECIFIED.);
#6227=B_SPLINE_CURVE_WITH_KNOTS('',1,(#13437,#13438),.UNSPECIFIED.,.F.,
 .F.,(2,2),(0.,1.73384409927012),.UNSPECIFIED.);
#6228=B_SPLINE_CURVE_WITH_KNOTS('',1,(#13439,#13440),.UNSPECIFIED.,.F.,
 .F.,(2,2),(0.,1.73384409927012),.UNSPECIFIED.);
#6229=B_SPLINE_CURVE_WITH_KNOTS('',1,(#13441,#13442),.UNSPECIFIED.,.F.,
 .F.,(2,2),(0.,0.249999999999999),.UNSPECIFIED.);
#6230=B_SPLINE_CURVE_WITH_KNOTS('',1,(#13443,#13444),.UNSPECIFIED.,.F.,
 .F.,(2,2),(0.,0.249999999999999),.UNSPECIFIED.);
#6231=B_SPLINE_CURVE_WITH_KNOTS('',1,(#13445,#13446),.UNSPECIFIED.,.F.,
 .F.,(2,2),(0.,1.12),.UNSPECIFIED.);
#6232=B_SPLINE_CURVE_WITH_KNOTS('',1,(#13447,#13448),.UNSPECIFIED.,.F.,
 .F.,(2,2),(0.,1.12),.UNSPECIFIED.);
#6233=B_SPLINE_CURVE_WITH_KNOTS('',1,(#13449,#13450),.UNSPECIFIED.,.F.,
 .F.,(2,2),(-0.249999999999999,0.),.UNSPECIFIED.);
#6234=B_SPLINE_CURVE_WITH_KNOTS('',1,(#13451,#13452),.UNSPECIFIED.,.F.,
 .F.,(2,2),(-0.249999999999999,0.),.UNSPECIFIED.);
#6235=B_SPLINE_CURVE_WITH_KNOTS('',1,(#13453,#13454),.UNSPECIFIED.,.F.,
 .F.,(2,2),(-1.73384409927012,0.),.UNSPECIFIED.);
#6236=B_SPLINE_CURVE_WITH_KNOTS('',1,(#13455,#13456),.UNSPECIFIED.,.F.,
 .F.,(2,2),(-1.73384409927012,0.),.UNSPECIFIED.);
#6237=B_SPLINE_CURVE_WITH_KNOTS('',1,(#13457,#13458),.UNSPECIFIED.,.F.,
 .F.,(2,2),(-0.650049265087491,0.),.UNSPECIFIED.);
#6238=B_SPLINE_CURVE_WITH_KNOTS('',1,(#13459,#13460),.UNSPECIFIED.,.F.,
 .F.,(2,2),(-0.650049265087491,0.),.UNSPECIFIED.);
#6239=B_SPLINE_CURVE_WITH_KNOTS('',1,(#13467,#13468),.UNSPECIFIED.,.F.,
 .F.,(2,2),(-0.2,0.),.UNSPECIFIED.);
#6240=B_SPLINE_CURVE_WITH_KNOTS('',1,(#13469,#13470),.UNSPECIFIED.,.F.,
 .F.,(2,2),(-0.2,0.),.UNSPECIFIED.);
#6241=B_SPLINE_CURVE_WITH_KNOTS('',1,(#13471,#13472),.UNSPECIFIED.,.F.,
 .F.,(2,2),(0.,1.6),.UNSPECIFIED.);
#6242=B_SPLINE_CURVE_WITH_KNOTS('',1,(#13473,#13474),.UNSPECIFIED.,.F.,
 .F.,(2,2),(0.,1.6),.UNSPECIFIED.);
#6243=B_SPLINE_CURVE_WITH_KNOTS('',1,(#13475,#13476),.UNSPECIFIED.,.F.,
 .F.,(2,2),(0.,0.9),.UNSPECIFIED.);
#6244=B_SPLINE_CURVE_WITH_KNOTS('',1,(#13477,#13478),.UNSPECIFIED.,.F.,
 .F.,(2,2),(0.,0.9),.UNSPECIFIED.);
#6245=B_SPLINE_CURVE_WITH_KNOTS('',1,(#13485,#13486),.UNSPECIFIED.,.F.,
 .F.,(2,2),(0.,1.35),.UNSPECIFIED.);
#6246=B_SPLINE_CURVE_WITH_KNOTS('',1,(#13487,#13488),.UNSPECIFIED.,.F.,
 .F.,(2,2),(0.,1.35),.UNSPECIFIED.);
#6247=B_SPLINE_CURVE_WITH_KNOTS('',1,(#13495,#13496),.UNSPECIFIED.,.F.,
 .F.,(2,2),(0.,0.15),.UNSPECIFIED.);
#6248=B_SPLINE_CURVE_WITH_KNOTS('',1,(#13497,#13498),.UNSPECIFIED.,.F.,
 .F.,(2,2),(0.,0.15),.UNSPECIFIED.);
#6249=B_SPLINE_CURVE_WITH_KNOTS('',1,(#13499,#13500),.UNSPECIFIED.,.F.,
 .F.,(2,2),(-1.6,0.),.UNSPECIFIED.);
#6250=B_SPLINE_CURVE_WITH_KNOTS('',1,(#13501,#13502),.UNSPECIFIED.,.F.,
 .F.,(2,2),(-1.6,0.),.UNSPECIFIED.);
#6251=B_SPLINE_CURVE_WITH_KNOTS('',1,(#13503,#13504),.UNSPECIFIED.,.F.,
 .F.,(2,2),(-0.15,0.),.UNSPECIFIED.);
#6252=B_SPLINE_CURVE_WITH_KNOTS('',1,(#13505,#13506),.UNSPECIFIED.,.F.,
 .F.,(2,2),(-0.15,0.),.UNSPECIFIED.);
#6253=B_SPLINE_CURVE_WITH_KNOTS('',1,(#13513,#13514),.UNSPECIFIED.,.F.,
 .F.,(2,2),(-0.85,0.),.UNSPECIFIED.);
#6254=B_SPLINE_CURVE_WITH_KNOTS('',1,(#13515,#13516),.UNSPECIFIED.,.F.,
 .F.,(2,2),(-0.85,0.),.UNSPECIFIED.);
#6255=B_SPLINE_CURVE_WITH_KNOTS('',1,(#13523,#13524),.UNSPECIFIED.,.F.,
 .F.,(2,2),(-0.25,0.),.UNSPECIFIED.);
#6256=B_SPLINE_CURVE_WITH_KNOTS('',1,(#13525,#13526),.UNSPECIFIED.,.F.,
 .F.,(2,2),(-0.25,0.),.UNSPECIFIED.);
#6257=B_SPLINE_CURVE_WITH_KNOTS('',1,(#13527,#13528),.UNSPECIFIED.,.F.,
 .F.,(2,2),(0.,0.231774928849616),.UNSPECIFIED.);
#6258=B_SPLINE_CURVE_WITH_KNOTS('',1,(#13529,#13530),.UNSPECIFIED.,.F.,
 .F.,(2,2),(0.,0.15),.UNSPECIFIED.);
#6259=B_SPLINE_CURVE_WITH_KNOTS('',1,(#13531,#13532),.UNSPECIFIED.,.F.,
 .F.,(2,2),(0.,0.15),.UNSPECIFIED.);
#6260=B_SPLINE_CURVE_WITH_KNOTS('',1,(#13533,#13534),.UNSPECIFIED.,.F.,
 .F.,(2,2),(0.,0.231774928849616),.UNSPECIFIED.);
#6261=B_SPLINE_CURVE_WITH_KNOTS('',1,(#13535,#13536),.UNSPECIFIED.,.F.,
 .F.,(2,2),(-0.149999999999997,0.),.UNSPECIFIED.);
#6262=B_SPLINE_CURVE_WITH_KNOTS('',1,(#13537,#13538),.UNSPECIFIED.,.F.,
 .F.,(2,2),(-0.149999999999997,0.),.UNSPECIFIED.);
#6263=B_SPLINE_CURVE_WITH_KNOTS('',1,(#13539,#13540),.UNSPECIFIED.,.F.,
 .F.,(2,2),(0.,0.231774928849636),.UNSPECIFIED.);
#6264=B_SPLINE_CURVE_WITH_KNOTS('',1,(#13541,#13542),.UNSPECIFIED.,.F.,
 .F.,(2,2),(-0.15,0.),.UNSPECIFIED.);
#6265=B_SPLINE_CURVE_WITH_KNOTS('',1,(#13543,#13544),.UNSPECIFIED.,.F.,
 .F.,(2,2),(-0.15,0.),.UNSPECIFIED.);
#6266=B_SPLINE_CURVE_WITH_KNOTS('',1,(#13545,#13546),.UNSPECIFIED.,.F.,
 .F.,(2,2),(0.,0.231774928849636),.UNSPECIFIED.);
#6267=B_SPLINE_CURVE_WITH_KNOTS('',1,(#13547,#13548),.UNSPECIFIED.,.F.,
 .F.,(2,2),(-0.149999999999997,0.),.UNSPECIFIED.);
#6268=B_SPLINE_CURVE_WITH_KNOTS('',1,(#13549,#13550),.UNSPECIFIED.,.F.,
 .F.,(2,2),(-0.149999999999997,0.),.UNSPECIFIED.);
#6269=B_SPLINE_CURVE_WITH_KNOTS('',1,(#13551,#13552),.UNSPECIFIED.,.F.,
 .F.,(2,2),(0.,1.35000129298684),.UNSPECIFIED.);
#6270=B_SPLINE_CURVE_WITH_KNOTS('',1,(#13553,#13554),.UNSPECIFIED.,.F.,
 .F.,(2,2),(-0.15,0.),.UNSPECIFIED.);
#6271=B_SPLINE_CURVE_WITH_KNOTS('',1,(#13555,#13556),.UNSPECIFIED.,.F.,
 .F.,(2,2),(-0.15,0.),.UNSPECIFIED.);
#6272=B_SPLINE_CURVE_WITH_KNOTS('',1,(#13557,#13558),.UNSPECIFIED.,.F.,
 .F.,(2,2),(-1.35,0.),.UNSPECIFIED.);
#6273=B_SPLINE_CURVE_WITH_KNOTS('',1,(#13559,#13560),.UNSPECIFIED.,.F.,
 .F.,(2,2),(-0.15000000939248,0.),.UNSPECIFIED.);
#6274=B_SPLINE_CURVE_WITH_KNOTS('',1,(#13561,#13562),.UNSPECIFIED.,.F.,
 .F.,(2,2),(-0.15000000939248,0.),.UNSPECIFIED.);
#6275=B_SPLINE_CURVE_WITH_KNOTS('',1,(#13563,#13564),.UNSPECIFIED.,.F.,
 .F.,(2,2),(-0.1,0.),.UNSPECIFIED.);
#6276=B_SPLINE_CURVE_WITH_KNOTS('',1,(#13565,#13566),.UNSPECIFIED.,.F.,
 .F.,(2,2),(-0.1,0.),.UNSPECIFIED.);
#6277=B_SPLINE_CURVE_WITH_KNOTS('',3,(#13567,#13568,#13569,#13570,#13571,
#13572),.UNSPECIFIED.,.F.,.F.,(4,2,4),(-1.,-0.500401893706789,0.),
 .UNSPECIFIED.);
#6278=B_SPLINE_CURVE_WITH_KNOTS('',3,(#13573,#13574,#13575,#13576),
 .UNSPECIFIED.,.F.,.F.,(4,4),(-1.,0.),.UNSPECIFIED.);
#6279=B_SPLINE_CURVE_WITH_KNOTS('',1,(#13577,#13578),.UNSPECIFIED.,.F.,
 .F.,(2,2),(-0.15000000939248,0.),.UNSPECIFIED.);
#6280=B_SPLINE_CURVE_WITH_KNOTS('',1,(#13579,#13580),.UNSPECIFIED.,.F.,
 .F.,(2,2),(0.,0.235619449019234),.UNSPECIFIED.);
#6281=B_SPLINE_CURVE_WITH_KNOTS('',3,(#13581,#13582,#13583,#13584),
 .UNSPECIFIED.,.F.,.F.,(4,4),(0.,1.),.UNSPECIFIED.);
#6282=B_SPLINE_CURVE_WITH_KNOTS('',1,(#13585,#13586),.UNSPECIFIED.,.F.,
 .F.,(2,2),(0.,1.),.UNSPECIFIED.);
#6283=B_SPLINE_CURVE_WITH_KNOTS('',1,(#13587,#13588),.UNSPECIFIED.,.F.,
 .F.,(2,2),(-1.602859547921,0.),.UNSPECIFIED.);
#6284=B_SPLINE_CURVE_WITH_KNOTS('',1,(#13589,#13590),.UNSPECIFIED.,.F.,
 .F.,(2,2),(-1.602859547921,0.),.UNSPECIFIED.);
#6285=B_SPLINE_CURVE_WITH_KNOTS('',1,(#13594,#13595),.UNSPECIFIED.,.F.,
 .F.,(2,2),(0.,0.231823804500403),.UNSPECIFIED.);
#6286=B_SPLINE_CURVE_WITH_KNOTS('',3,(#13596,#13597,#13598,#13599,#13600,
#13601),.UNSPECIFIED.,.F.,.F.,(4,2,4),(0.,0.499596185407464,1.),
 .UNSPECIFIED.);
#6287=B_SPLINE_CURVE_WITH_KNOTS('',3,(#13602,#13603,#13604,#13605,#13606,
#13607,#13608,#13609),.UNSPECIFIED.,.F.,.F.,(4,2,2,4),(0.,0.679907464935739,
0.906093721638281,1.),.UNSPECIFIED.);
#6288=B_SPLINE_CURVE_WITH_KNOTS('',1,(#13610,#13611),.UNSPECIFIED.,.F.,
 .F.,(2,2),(-0.1499987054555,0.),.UNSPECIFIED.);
#6289=B_SPLINE_CURVE_WITH_KNOTS('',1,(#13612,#13613),.UNSPECIFIED.,.F.,
 .F.,(2,2),(-1.6,0.),.UNSPECIFIED.);
#6290=B_SPLINE_CURVE_WITH_KNOTS('',1,(#13614,#13615),.UNSPECIFIED.,.F.,
 .F.,(2,2),(-0.14999870701316,0.),.UNSPECIFIED.);
#6291=B_SPLINE_CURVE_WITH_KNOTS('',3,(#13616,#13617,#13618,#13619,#13620,
#13621,#13622,#13623),.UNSPECIFIED.,.F.,.F.,(4,2,2,4),(-1.,-0.320123984971582,
-0.0938941968319274,0.),.UNSPECIFIED.);
#6292=B_SPLINE_CURVE_WITH_KNOTS('',1,(#13627,#13628),.UNSPECIFIED.,.F.,
 .F.,(2,2),(-0.181484324302788,0.),.UNSPECIFIED.);
#6293=B_SPLINE_CURVE_WITH_KNOTS('',1,(#13635,#13636),.UNSPECIFIED.,.F.,
 .F.,(2,2),(0.,0.158346433899872),.UNSPECIFIED.);
#6294=B_SPLINE_CURVE_WITH_KNOTS('',1,(#13637,#13638),.UNSPECIFIED.,.F.,
 .F.,(2,2),(0.,0.158346433899872),.UNSPECIFIED.);
#6295=B_SPLINE_CURVE_WITH_KNOTS('',1,(#13642,#13643),.UNSPECIFIED.,.F.,
 .F.,(2,2),(-0.1,0.),.UNSPECIFIED.);
#6296=B_SPLINE_CURVE_WITH_KNOTS('',1,(#13644,#13645),.UNSPECIFIED.,.F.,
 .F.,(2,2),(-0.15,0.),.UNSPECIFIED.);
#6297=B_SPLINE_CURVE_WITH_KNOTS('',1,(#13649,#13650),.UNSPECIFIED.,.F.,
 .F.,(2,2),(-0.135508499350713,0.),.UNSPECIFIED.);
#6298=B_SPLINE_CURVE_WITH_KNOTS('',1,(#13654,#13655),.UNSPECIFIED.,.F.,
 .F.,(2,2),(-0.0509755364181217,0.),.UNSPECIFIED.);
#6299=B_SPLINE_CURVE_WITH_KNOTS('',1,(#13656,#13657),.UNSPECIFIED.,.F.,
 .F.,(2,2),(0.,0.15),.UNSPECIFIED.);
#6300=B_SPLINE_CURVE_WITH_KNOTS('',1,(#13658,#13659),.UNSPECIFIED.,.F.,
 .F.,(2,2),(0.,0.15),.UNSPECIFIED.);
#6301=B_SPLINE_CURVE_WITH_KNOTS('',1,(#13663,#13664),.UNSPECIFIED.,.F.,
 .F.,(2,2),(-0.0509755364181217,0.),.UNSPECIFIED.);
#6302=B_SPLINE_CURVE_WITH_KNOTS('',1,(#13668,#13669),.UNSPECIFIED.,.F.,
 .F.,(2,2),(-0.135508499350713,0.),.UNSPECIFIED.);
#6303=B_SPLINE_CURVE_WITH_KNOTS('',3,(#13670,#13671,#13672,#13673),
 .UNSPECIFIED.,.F.,.F.,(4,4),(0.,1.),.UNSPECIFIED.);
#6304=B_SPLINE_CURVE_WITH_KNOTS('',1,(#13674,#13675),.UNSPECIFIED.,.F.,
 .F.,(2,2),(0.,0.158346433899872),.UNSPECIFIED.);
#6305=B_SPLINE_CURVE_WITH_KNOTS('',3,(#13676,#13677,#13678,#13679),
 .UNSPECIFIED.,.F.,.F.,(4,4),(-1.,0.),.UNSPECIFIED.);
#6306=B_SPLINE_CURVE_WITH_KNOTS('',3,(#13680,#13681,#13682,#13683),
 .UNSPECIFIED.,.F.,.F.,(4,4),(-1.,0.),.UNSPECIFIED.);
#6307=B_SPLINE_CURVE_WITH_KNOTS('',1,(#13684,#13685),.UNSPECIFIED.,.F.,
 .F.,(2,2),(0.,0.34),.UNSPECIFIED.);
#6308=B_SPLINE_CURVE_WITH_KNOTS('',1,(#13686,#13687),.UNSPECIFIED.,.F.,
 .F.,(2,2),(0.,0.34),.UNSPECIFIED.);
#6309=B_SPLINE_CURVE_WITH_KNOTS('',1,(#13688,#13689),.UNSPECIFIED.,.F.,
 .F.,(2,2),(0.,0.25),.UNSPECIFIED.);
#6310=B_SPLINE_CURVE_WITH_KNOTS('',1,(#13690,#13691),.UNSPECIFIED.,.F.,
 .F.,(2,2),(0.,0.25),.UNSPECIFIED.);
#6311=B_SPLINE_CURVE_WITH_KNOTS('',1,(#13692,#13693),.UNSPECIFIED.,.F.,
 .F.,(2,2),(0.,0.25),.UNSPECIFIED.);
#6312=B_SPLINE_CURVE_WITH_KNOTS('',1,(#13694,#13695),.UNSPECIFIED.,.F.,
 .F.,(2,2),(0.,0.25),.UNSPECIFIED.);
#6313=B_SPLINE_CURVE_WITH_KNOTS('',1,(#13696,#13697),.UNSPECIFIED.,.F.,
 .F.,(2,2),(0.,0.34),.UNSPECIFIED.);
#6314=B_SPLINE_CURVE_WITH_KNOTS('',1,(#13698,#13699),.UNSPECIFIED.,.F.,
 .F.,(2,2),(0.,0.34),.UNSPECIFIED.);
#6315=B_SPLINE_CURVE_WITH_KNOTS('',1,(#13700,#13701),.UNSPECIFIED.,.F.,
 .F.,(2,2),(-1.602859547921,0.),.UNSPECIFIED.);
#6316=B_SPLINE_CURVE_WITH_KNOTS('',1,(#13705,#13706),.UNSPECIFIED.,.F.,
 .F.,(2,2),(-0.9985786437627,0.),.UNSPECIFIED.);
#6317=B_SPLINE_CURVE_WITH_KNOTS('',1,(#13707,#13708),.UNSPECIFIED.,.F.,
 .F.,(2,2),(-0.9985786437627,0.),.UNSPECIFIED.);
#6318=B_SPLINE_CURVE_WITH_KNOTS('',3,(#13715,#13716,#13717,#13718),
 .UNSPECIFIED.,.F.,.F.,(4,4),(-1.,0.),.UNSPECIFIED.);
#6319=B_SPLINE_CURVE_WITH_KNOTS('',3,(#13719,#13720,#13721,#13722),
 .UNSPECIFIED.,.F.,.F.,(4,4),(-1.,0.),.UNSPECIFIED.);
#6320=B_SPLINE_CURVE_WITH_KNOTS('',1,(#13723,#13724),.UNSPECIFIED.,.F.,
 .F.,(2,2),(0.,0.1499987070195),.UNSPECIFIED.);
#6321=B_SPLINE_CURVE_WITH_KNOTS('',3,(#13725,#13726,#13727,#13728,#13729,
#13730),.UNSPECIFIED.,.F.,.F.,(4,2,4),(0.,0.50040189370679,1.),
 .UNSPECIFIED.);
#6322=B_SPLINE_CURVE_WITH_KNOTS('',3,(#13731,#13732,#13733,#13734,#13735,
#13736,#13737,#13738),.UNSPECIFIED.,.F.,.F.,(4,2,2,4),(0.,0.093894196767134,
0.320123984919366,1.),.UNSPECIFIED.);
#6323=B_SPLINE_CURVE_WITH_KNOTS('',1,(#13742,#13743),.UNSPECIFIED.,.F.,
 .F.,(2,2),(0.,0.231823804500403),.UNSPECIFIED.);
#6324=B_SPLINE_CURVE_WITH_KNOTS('',3,(#13744,#13745,#13746,#13747),
 .UNSPECIFIED.,.F.,.F.,(4,4),(-1.,0.),.UNSPECIFIED.);
#6325=B_SPLINE_CURVE_WITH_KNOTS('',1,(#13751,#13752),.UNSPECIFIED.,.F.,
 .F.,(2,2),(-0.226823470806755,0.),.UNSPECIFIED.);
#6326=B_SPLINE_CURVE_WITH_KNOTS('',3,(#13753,#13754,#13755,#13756,#13757,
#13758),.UNSPECIFIED.,.F.,.F.,(4,2,4),(0.,0.4995961854032,1.),
 .UNSPECIFIED.);
#6327=B_SPLINE_CURVE_WITH_KNOTS('',3,(#13759,#13760,#13761,#13762,#13763,
#13764,#13765,#13766),.UNSPECIFIED.,.F.,.F.,(4,2,2,4),(0.,0.679907464912549,
0.906093721165759,1.),.UNSPECIFIED.);
#6328=B_SPLINE_CURVE_WITH_KNOTS('',1,(#13767,#13768),.UNSPECIFIED.,.F.,
 .F.,(2,2),(0.,0.149998705491001),.UNSPECIFIED.);
#6329=B_SPLINE_CURVE_WITH_KNOTS('',1,(#13769,#13770),.UNSPECIFIED.,.F.,
 .F.,(2,2),(0.,1.6),.UNSPECIFIED.);
#6330=B_SPLINE_CURVE_WITH_KNOTS('',3,(#13771,#13772,#13773,#13774),
 .UNSPECIFIED.,.F.,.F.,(4,4),(-1.,0.),.UNSPECIFIED.);
#6331=B_SPLINE_CURVE_WITH_KNOTS('',3,(#13775,#13776,#13777,#13778),
 .UNSPECIFIED.,.F.,.F.,(4,4),(-1.,0.),.UNSPECIFIED.);
#6332=B_SPLINE_CURVE_WITH_KNOTS('',1,(#13782,#13783),.UNSPECIFIED.,.F.,
 .F.,(2,2),(-0.15707963267949,0.),.UNSPECIFIED.);
#6333=B_SPLINE_CURVE_WITH_KNOTS('',1,(#13784,#13785),.UNSPECIFIED.,.F.,
 .F.,(2,2),(-1.6,0.),.UNSPECIFIED.);
#6334=B_SPLINE_CURVE_WITH_KNOTS('',1,(#13789,#13790),.UNSPECIFIED.,.F.,
 .F.,(2,2),(0.,0.15207753520641),.UNSPECIFIED.);
#6335=B_SPLINE_CURVE_WITH_KNOTS('',1,(#13791,#13792),.UNSPECIFIED.,.F.,
 .F.,(2,2),(-0.15,0.),.UNSPECIFIED.);
#6336=B_SPLINE_CURVE_WITH_KNOTS('',1,(#13796,#13797),.UNSPECIFIED.,.F.,
 .F.,(2,2),(-0.15,0.),.UNSPECIFIED.);
#6337=B_SPLINE_CURVE_WITH_KNOTS('',1,(#13798,#13799),.UNSPECIFIED.,.F.,
 .F.,(2,2),(-0.15,0.),.UNSPECIFIED.);
#6338=B_SPLINE_CURVE_WITH_KNOTS('',1,(#13803,#13804),.UNSPECIFIED.,.F.,
 .F.,(2,2),(0.,0.1),.UNSPECIFIED.);
#6339=B_SPLINE_CURVE_WITH_KNOTS('',1,(#13805,#13806),.UNSPECIFIED.,.F.,
 .F.,(2,2),(0.,0.1),.UNSPECIFIED.);
#6340=B_SPLINE_CURVE_WITH_KNOTS('',1,(#13807,#13808),.UNSPECIFIED.,.F.,
 .F.,(2,2),(0.,0.1),.UNSPECIFIED.);
#6341=B_SPLINE_CURVE_WITH_KNOTS('',3,(#13809,#13810,#13811,#13812),
 .UNSPECIFIED.,.F.,.F.,(4,4),(0.,1.),.UNSPECIFIED.);
#6342=B_SPLINE_CURVE_WITH_KNOTS('',1,(#13813,#13814),.UNSPECIFIED.,.F.,
 .F.,(2,2),(0.,0.150000009392485),.UNSPECIFIED.);
#6343=B_SPLINE_CURVE_WITH_KNOTS('',1,(#13815,#13816),.UNSPECIFIED.,.F.,
 .F.,(2,2),(0.,0.150000009392485),.UNSPECIFIED.);
#6344=B_SPLINE_CURVE_WITH_KNOTS('',1,(#13817,#13818),.UNSPECIFIED.,.F.,
 .F.,(2,2),(0.,0.235619449019234),.UNSPECIFIED.);
#6345=B_SPLINE_CURVE_WITH_KNOTS('',1,(#13819,#13820),.UNSPECIFIED.,.F.,
 .F.,(2,2),(0.,0.8500012929805),.UNSPECIFIED.);
#6346=B_SPLINE_CURVE_WITH_KNOTS('',1,(#13821,#13822),.UNSPECIFIED.,.F.,
 .F.,(2,2),(-0.15,0.),.UNSPECIFIED.);
#6347=B_SPLINE_CURVE_WITH_KNOTS('',1,(#13823,#13824),.UNSPECIFIED.,.F.,
 .F.,(2,2),(-0.15,0.),.UNSPECIFIED.);
#6348=B_SPLINE_CURVE_WITH_KNOTS('',1,(#13825,#13826),.UNSPECIFIED.,.F.,
 .F.,(2,2),(-0.85,0.),.UNSPECIFIED.);
#6349=B_SPLINE_CURVE_WITH_KNOTS('',1,(#13827,#13828),.UNSPECIFIED.,.F.,
 .F.,(2,2),(0.,0.150000009392485),.UNSPECIFIED.);
#6350=B_SPLINE_CURVE_WITH_KNOTS('',1,(#13829,#13830),.UNSPECIFIED.,.F.,
 .F.,(2,2),(-0.15,0.),.UNSPECIFIED.);
#6351=B_SPLINE_CURVE_WITH_KNOTS('',1,(#13831,#13832),.UNSPECIFIED.,.F.,
 .F.,(2,2),(-0.15,0.),.UNSPECIFIED.);
#6352=B_SPLINE_CURVE_WITH_KNOTS('',1,(#13833,#13834),.UNSPECIFIED.,.F.,
 .F.,(2,2),(0.,0.314159265358979),.UNSPECIFIED.);
#6353=B_SPLINE_CURVE_WITH_KNOTS('',1,(#13835,#13836),.UNSPECIFIED.,.F.,
 .F.,(2,2),(-0.15,0.),.UNSPECIFIED.);
#6354=B_SPLINE_CURVE_WITH_KNOTS('',1,(#13837,#13838),.UNSPECIFIED.,.F.,
 .F.,(2,2),(0.,0.314159265358979),.UNSPECIFIED.);
#6355=B_SPLINE_CURVE_WITH_KNOTS('',1,(#13839,#13840),.UNSPECIFIED.,.F.,
 .F.,(2,2),(-0.15,0.),.UNSPECIFIED.);
#6356=B_SPLINE_CURVE_WITH_KNOTS('',1,(#13841,#13842),.UNSPECIFIED.,.F.,
 .F.,(2,2),(-0.15,0.),.UNSPECIFIED.);
#6357=B_SPLINE_CURVE_WITH_KNOTS('',1,(#13843,#13844),.UNSPECIFIED.,.F.,
 .F.,(2,2),(-0.25,0.),.UNSPECIFIED.);
#6358=B_SPLINE_CURVE_WITH_KNOTS('',1,(#13845,#13846),.UNSPECIFIED.,.F.,
 .F.,(2,2),(-0.15,0.),.UNSPECIFIED.);
#6359=B_SPLINE_CURVE_WITH_KNOTS('',1,(#13847,#13848),.UNSPECIFIED.,.F.,
 .F.,(2,2),(0.,0.25),.UNSPECIFIED.);
#6360=B_SPLINE_CURVE_WITH_KNOTS('',1,(#13849,#13850),.UNSPECIFIED.,.F.,
 .F.,(2,2),(0.,0.2),.UNSPECIFIED.);
#6361=B_SPLINE_CURVE_WITH_KNOTS('',1,(#13851,#13852),.UNSPECIFIED.,.F.,
 .F.,(2,2),(0.,0.15),.UNSPECIFIED.);
#6362=B_SPLINE_CURVE_WITH_KNOTS('',1,(#13853,#13854),.UNSPECIFIED.,.F.,
 .F.,(2,2),(0.,0.15),.UNSPECIFIED.);
#6363=B_SPLINE_CURVE_WITH_KNOTS('',1,(#13855,#13856),.UNSPECIFIED.,.F.,
 .F.,(2,2),(-0.2,0.),.UNSPECIFIED.);
#6364=B_SPLINE_CURVE_WITH_KNOTS('',1,(#13857,#13858),.UNSPECIFIED.,.F.,
 .F.,(2,2),(0.,0.15),.UNSPECIFIED.);
#6365=B_SPLINE_CURVE_WITH_KNOTS('',1,(#13865,#13866),.UNSPECIFIED.,.F.,
 .F.,(2,2),(0.,0.15),.UNSPECIFIED.);
#6366=B_SPLINE_CURVE_WITH_KNOTS('',1,(#13873,#13874),.UNSPECIFIED.,.F.,
 .F.,(2,2),(0.,0.15),.UNSPECIFIED.);
#6367=B_SPLINE_CURVE_WITH_KNOTS('',1,(#13875,#13876),.UNSPECIFIED.,.F.,
 .F.,(2,2),(0.,0.15),.UNSPECIFIED.);
#6368=B_SPLINE_CURVE_WITH_KNOTS('',1,(#13877,#13878),.UNSPECIFIED.,.F.,
 .F.,(2,2),(-1.6,0.),.UNSPECIFIED.);
#6369=B_SPLINE_CURVE_WITH_KNOTS('',1,(#13882,#13883),.UNSPECIFIED.,.F.,
 .F.,(2,2),(0.,0.471238898038469),.UNSPECIFIED.);
#6370=B_SPLINE_CURVE_WITH_KNOTS('',1,(#13884,#13885),.UNSPECIFIED.,.F.,
 .F.,(2,2),(-1.6,0.),.UNSPECIFIED.);
#6371=B_SPLINE_CURVE_WITH_KNOTS('',1,(#13886,#13887),.UNSPECIFIED.,.F.,
 .F.,(2,2),(-1.6,0.),.UNSPECIFIED.);
#6372=B_SPLINE_CURVE_WITH_KNOTS('',1,(#13888,#13889),.UNSPECIFIED.,.F.,
 .F.,(2,2),(0.,0.471238898038469),.UNSPECIFIED.);
#6373=B_SPLINE_CURVE_WITH_KNOTS('',1,(#13890,#13891),.UNSPECIFIED.,.F.,
 .F.,(2,2),(0.,0.46),.UNSPECIFIED.);
#6374=B_SPLINE_CURVE_WITH_KNOTS('',1,(#13892,#13893),.UNSPECIFIED.,.F.,
 .F.,(2,2),(0.,0.46),.UNSPECIFIED.);
#6375=B_SPLINE_CURVE_WITH_KNOTS('',1,(#13894,#13895),.UNSPECIFIED.,.F.,
 .F.,(2,2),(-1.6,0.),.UNSPECIFIED.);
#6376=B_SPLINE_CURVE_WITH_KNOTS('',1,(#13896,#13897),.UNSPECIFIED.,.F.,
 .F.,(2,2),(-1.6,0.),.UNSPECIFIED.);
#6377=B_SPLINE_CURVE_WITH_KNOTS('',1,(#13898,#13899),.UNSPECIFIED.,.F.,
 .F.,(2,2),(-0.46,0.),.UNSPECIFIED.);
#6378=B_SPLINE_CURVE_WITH_KNOTS('',1,(#13900,#13901),.UNSPECIFIED.,.F.,
 .F.,(2,2),(-0.46,0.),.UNSPECIFIED.);
#6379=B_SPLINE_CURVE_WITH_KNOTS('',1,(#13902,#13903),.UNSPECIFIED.,.F.,
 .F.,(2,2),(-1.6,0.),.UNSPECIFIED.);
#6380=B_SPLINE_CURVE_WITH_KNOTS('',1,(#13904,#13905),.UNSPECIFIED.,.F.,
 .F.,(2,2),(-0.46,0.),.UNSPECIFIED.);
#6381=B_SPLINE_CURVE_WITH_KNOTS('',1,(#13906,#13907),.UNSPECIFIED.,.F.,
 .F.,(2,2),(-0.46,0.),.UNSPECIFIED.);
#6382=B_SPLINE_CURVE_WITH_KNOTS('',1,(#13908,#13909),.UNSPECIFIED.,.F.,
 .F.,(2,2),(0.,0.15),.UNSPECIFIED.);
#6383=B_SPLINE_CURVE_WITH_KNOTS('',1,(#13910,#13911),.UNSPECIFIED.,.F.,
 .F.,(2,2),(-0.46,0.),.UNSPECIFIED.);
#6384=B_SPLINE_CURVE_WITH_KNOTS('',1,(#13912,#13913),.UNSPECIFIED.,.F.,
 .F.,(2,2),(0.,0.15),.UNSPECIFIED.);
#6385=B_SPLINE_CURVE_WITH_KNOTS('',1,(#13914,#13915),.UNSPECIFIED.,.F.,
 .F.,(2,2),(0.,0.15),.UNSPECIFIED.);
#6386=B_SPLINE_CURVE_WITH_KNOTS('',1,(#13916,#13917),.UNSPECIFIED.,.F.,
 .F.,(2,2),(0.,1.6),.UNSPECIFIED.);
#6387=B_SPLINE_CURVE_WITH_KNOTS('',1,(#13918,#13919),.UNSPECIFIED.,.F.,
 .F.,(2,2),(0.,1.6),.UNSPECIFIED.);
#6388=B_SPLINE_CURVE_WITH_KNOTS('',1,(#13920,#13921),.UNSPECIFIED.,.F.,
 .F.,(2,2),(-0.46,0.),.UNSPECIFIED.);
#6389=B_SPLINE_CURVE_WITH_KNOTS('',1,(#13922,#13923),.UNSPECIFIED.,.F.,
 .F.,(2,2),(-0.46,0.),.UNSPECIFIED.);
#6390=B_SPLINE_CURVE_WITH_KNOTS('',1,(#13924,#13925),.UNSPECIFIED.,.F.,
 .F.,(2,2),(-1.6,0.),.UNSPECIFIED.);
#6391=B_SPLINE_CURVE_WITH_KNOTS('',1,(#13926,#13927),.UNSPECIFIED.,.F.,
 .F.,(2,2),(-1.6,0.),.UNSPECIFIED.);
#6392=B_SPLINE_CURVE_WITH_KNOTS('',1,(#13928,#13929),.UNSPECIFIED.,.F.,
 .F.,(2,2),(-0.46,0.),.UNSPECIFIED.);
#6393=B_SPLINE_CURVE_WITH_KNOTS('',1,(#13933,#13934),.UNSPECIFIED.,.F.,
 .F.,(2,2),(-0.235619449019234,0.),.UNSPECIFIED.);
#6394=B_SPLINE_CURVE_WITH_KNOTS('',1,(#13935,#13936),.UNSPECIFIED.,.F.,
 .F.,(2,2),(0.,1.6),.UNSPECIFIED.);
#6395=B_SPLINE_CURVE_WITH_KNOTS('',1,(#13937,#13938),.UNSPECIFIED.,.F.,
 .F.,(2,2),(-0.235619449019234,0.),.UNSPECIFIED.);
#6396=B_SPLINE_CURVE_WITH_KNOTS('',1,(#13939,#13940),.UNSPECIFIED.,.F.,
 .F.,(2,2),(-1.6,0.),.UNSPECIFIED.);
#6397=B_SPLINE_CURVE_WITH_KNOTS('',1,(#13944,#13945),.UNSPECIFIED.,.F.,
 .F.,(2,2),(-0.15,0.),.UNSPECIFIED.);
#6398=B_SPLINE_CURVE_WITH_KNOTS('',1,(#13946,#13947),.UNSPECIFIED.,.F.,
 .F.,(2,2),(-0.15,0.),.UNSPECIFIED.);
#6399=B_SPLINE_CURVE_WITH_KNOTS('',1,(#13951,#13952),.UNSPECIFIED.,.F.,
 .F.,(2,2),(0.,0.15),.UNSPECIFIED.);
#6400=B_SPLINE_CURVE_WITH_KNOTS('',1,(#13953,#13954),.UNSPECIFIED.,.F.,
 .F.,(2,2),(0.,0.15),.UNSPECIFIED.);
#6401=B_SPLINE_CURVE_WITH_KNOTS('',1,(#13955,#13956),.UNSPECIFIED.,.F.,
 .F.,(2,2),(-0.46,0.),.UNSPECIFIED.);
#6402=B_SPLINE_CURVE_WITH_KNOTS('',1,(#13957,#13958),.UNSPECIFIED.,.F.,
 .F.,(2,2),(-0.15,0.),.UNSPECIFIED.);
#6403=B_SPLINE_CURVE_WITH_KNOTS('',1,(#13959,#13960),.UNSPECIFIED.,.F.,
 .F.,(2,2),(-0.15,0.),.UNSPECIFIED.);
#6404=B_SPLINE_CURVE_WITH_KNOTS('',1,(#13961,#13962),.UNSPECIFIED.,.F.,
 .F.,(2,2),(0.,0.46),.UNSPECIFIED.);
#6405=B_SPLINE_CURVE_WITH_KNOTS('',1,(#13963,#13964),.UNSPECIFIED.,.F.,
 .F.,(2,2),(-0.15,0.),.UNSPECIFIED.);
#6406=B_SPLINE_CURVE_WITH_KNOTS('',1,(#13965,#13966),.UNSPECIFIED.,.F.,
 .F.,(2,2),(0.,1.6),.UNSPECIFIED.);
#6407=B_SPLINE_CURVE_WITH_KNOTS('',1,(#13967,#13968),.UNSPECIFIED.,.F.,
 .F.,(2,2),(0.,0.15),.UNSPECIFIED.);
#6408=B_SPLINE_CURVE_WITH_KNOTS('',1,(#13969,#13970),.UNSPECIFIED.,.F.,
 .F.,(2,2),(-1.6,0.),.UNSPECIFIED.);
#6409=B_SPLINE_CURVE_WITH_KNOTS('',1,(#13971,#13972),.UNSPECIFIED.,.F.,
 .F.,(2,2),(-0.15,0.),.UNSPECIFIED.);
#6410=B_SPLINE_CURVE_WITH_KNOTS('',1,(#13973,#13974),.UNSPECIFIED.,.F.,
 .F.,(2,2),(0.,0.9),.UNSPECIFIED.);
#6411=B_SPLINE_CURVE_WITH_KNOTS('',1,(#13975,#13976),.UNSPECIFIED.,.F.,
 .F.,(2,2),(0.,0.15),.UNSPECIFIED.);
#6412=B_SPLINE_CURVE_WITH_KNOTS('',1,(#13977,#13978),.UNSPECIFIED.,.F.,
 .F.,(2,2),(0.,0.9),.UNSPECIFIED.);
#6413=B_SPLINE_CURVE_WITH_KNOTS('',1,(#13979,#13980),.UNSPECIFIED.,.F.,
 .F.,(2,2),(0.,0.15),.UNSPECIFIED.);
#6414=B_SPLINE_CURVE_WITH_KNOTS('',1,(#13981,#13982),.UNSPECIFIED.,.F.,
 .F.,(2,2),(0.,0.15),.UNSPECIFIED.);
#6415=B_SPLINE_CURVE_WITH_KNOTS('',1,(#13983,#13984),.UNSPECIFIED.,.F.,
 .F.,(2,2),(0.,0.15),.UNSPECIFIED.);
#6416=B_SPLINE_CURVE_WITH_KNOTS('',1,(#13985,#13986),.UNSPECIFIED.,.F.,
 .F.,(2,2),(0.,0.471238898038469),.UNSPECIFIED.);
#6417=B_SPLINE_CURVE_WITH_KNOTS('',1,(#13987,#13988),.UNSPECIFIED.,.F.,
 .F.,(2,2),(0.,0.15),.UNSPECIFIED.);
#6418=B_SPLINE_CURVE_WITH_KNOTS('',1,(#13989,#13990),.UNSPECIFIED.,.F.,
 .F.,(2,2),(0.,0.15),.UNSPECIFIED.);
#6419=B_SPLINE_CURVE_WITH_KNOTS('',1,(#13991,#13992),.UNSPECIFIED.,.F.,
 .F.,(2,2),(0.,0.471238898038469),.UNSPECIFIED.);
#6420=B_SPLINE_CURVE_WITH_KNOTS('',1,(#13993,#13994),.UNSPECIFIED.,.F.,
 .F.,(2,2),(0.,1.35),.UNSPECIFIED.);
#6421=B_SPLINE_CURVE_WITH_KNOTS('',1,(#13995,#13996),.UNSPECIFIED.,.F.,
 .F.,(2,2),(0.,0.15),.UNSPECIFIED.);
#6422=B_SPLINE_CURVE_WITH_KNOTS('',1,(#13997,#13998),.UNSPECIFIED.,.F.,
 .F.,(2,2),(-1.350001294509,0.),.UNSPECIFIED.);
#6423=B_SPLINE_CURVE_WITH_KNOTS('',3,(#13999,#14000,#14001,#14002),
 .UNSPECIFIED.,.F.,.F.,(4,4),(-0.150000009403576,0.),.UNSPECIFIED.);
#6424=B_SPLINE_CURVE_WITH_KNOTS('',1,(#14003,#14004),.UNSPECIFIED.,.F.,
 .F.,(2,2),(-0.150000009403576,0.),.UNSPECIFIED.);
#6425=B_SPLINE_CURVE_WITH_KNOTS('',1,(#14005,#14006),.UNSPECIFIED.,.F.,
 .F.,(2,2),(-0.1,0.),.UNSPECIFIED.);
#6426=B_SPLINE_CURVE_WITH_KNOTS('',1,(#14007,#14008),.UNSPECIFIED.,.F.,
 .F.,(2,2),(-0.1,0.),.UNSPECIFIED.);
#6427=B_SPLINE_CURVE_WITH_KNOTS('',1,(#14009,#14010),.UNSPECIFIED.,.F.,
 .F.,(2,2),(0.,0.235619449019234),.UNSPECIFIED.);
#6428=B_SPLINE_CURVE_WITH_KNOTS('',1,(#14011,#14012),.UNSPECIFIED.,.F.,
 .F.,(2,2),(-0.150000009403576,0.),.UNSPECIFIED.);
#6429=B_SPLINE_CURVE_WITH_KNOTS('',3,(#14013,#14014,#14015,#14016),
 .UNSPECIFIED.,.F.,.F.,(4,4),(0.,1.),.UNSPECIFIED.);
#6430=B_SPLINE_CURVE_WITH_KNOTS('',1,(#14017,#14018),.UNSPECIFIED.,.F.,
 .F.,(2,2),(-1.,-2.3259172365897E-14),.UNSPECIFIED.);
#6431=B_SPLINE_CURVE_WITH_KNOTS('',3,(#14019,#14020,#14021,#14022),
 .UNSPECIFIED.,.F.,.F.,(4,4),(-1.,-2.3259172365897E-14),.UNSPECIFIED.);
#6432=B_SPLINE_CURVE_WITH_KNOTS('',1,(#14026,#14027),.UNSPECIFIED.,.F.,
 .F.,(2,2),(0.,0.15),.UNSPECIFIED.);
#6433=B_SPLINE_CURVE_WITH_KNOTS('',1,(#14028,#14029),.UNSPECIFIED.,.F.,
 .F.,(2,2),(-0.1,0.),.UNSPECIFIED.);
#6434=B_SPLINE_CURVE_WITH_KNOTS('',1,(#14033,#14034),.UNSPECIFIED.,.F.,
 .F.,(2,2),(-0.15,0.),.UNSPECIFIED.);
#6435=B_SPLINE_CURVE_WITH_KNOTS('',1,(#14035,#14036),.UNSPECIFIED.,.F.,
 .F.,(2,2),(-0.15,0.),.UNSPECIFIED.);
#6436=B_SPLINE_CURVE_WITH_KNOTS('',1,(#14040,#14041),.UNSPECIFIED.,.F.,
 .F.,(2,2),(-0.152050158235771,0.),.UNSPECIFIED.);
#6437=B_SPLINE_CURVE_WITH_KNOTS('',1,(#14042,#14043),.UNSPECIFIED.,.F.,
 .F.,(2,2),(-1.,-2.3259172365897E-14),.UNSPECIFIED.);
#6438=B_SPLINE_CURVE_WITH_KNOTS('',1,(#14044,#14045),.UNSPECIFIED.,.F.,
 .F.,(2,2),(0.,0.152050158235771),.UNSPECIFIED.);
#6439=B_SPLINE_CURVE_WITH_KNOTS('',1,(#14046,#14047),.UNSPECIFIED.,.F.,
 .F.,(2,2),(-1.602859547921,0.),.UNSPECIFIED.);
#6440=B_SPLINE_CURVE_WITH_KNOTS('',1,(#14048,#14049),.UNSPECIFIED.,.F.,
 .F.,(2,2),(-1.602859547921,0.),.UNSPECIFIED.);
#6441=B_SPLINE_CURVE_WITH_KNOTS('',1,(#14050,#14051),.UNSPECIFIED.,.F.,
 .F.,(2,2),(-0.34,0.),.UNSPECIFIED.);
#6442=B_SPLINE_CURVE_WITH_KNOTS('',1,(#14052,#14053),.UNSPECIFIED.,.F.,
 .F.,(2,2),(-0.34,0.),.UNSPECIFIED.);
#6443=B_SPLINE_CURVE_WITH_KNOTS('',1,(#14054,#14055),.UNSPECIFIED.,.F.,
 .F.,(2,2),(-0.25,0.),.UNSPECIFIED.);
#6444=B_SPLINE_CURVE_WITH_KNOTS('',1,(#14056,#14057),.UNSPECIFIED.,.F.,
 .F.,(2,2),(-0.25,0.),.UNSPECIFIED.);
#6445=B_SPLINE_CURVE_WITH_KNOTS('',1,(#14058,#14059),.UNSPECIFIED.,.F.,
 .F.,(2,2),(-0.25,0.),.UNSPECIFIED.);
#6446=B_SPLINE_CURVE_WITH_KNOTS('',1,(#14060,#14061),.UNSPECIFIED.,.F.,
 .F.,(2,2),(-0.25,0.),.UNSPECIFIED.);
#6447=B_SPLINE_CURVE_WITH_KNOTS('',1,(#14062,#14063),.UNSPECIFIED.,.F.,
 .F.,(2,2),(-0.34,0.),.UNSPECIFIED.);
#6448=B_SPLINE_CURVE_WITH_KNOTS('',1,(#14064,#14065),.UNSPECIFIED.,.F.,
 .F.,(2,2),(-0.34,0.),.UNSPECIFIED.);
#6449=B_SPLINE_CURVE_WITH_KNOTS('',3,(#14066,#14067,#14068,#14069),
 .UNSPECIFIED.,.F.,.F.,(4,4),(-1.,0.),.UNSPECIFIED.);
#6450=B_SPLINE_CURVE_WITH_KNOTS('',1,(#14073,#14074),.UNSPECIFIED.,.F.,
 .F.,(2,2),(0.,0.9985786437627),.UNSPECIFIED.);
#6451=B_SPLINE_CURVE_WITH_KNOTS('',1,(#14075,#14076),.UNSPECIFIED.,.F.,
 .F.,(2,2),(0.,0.9985786437627),.UNSPECIFIED.);
#6452=B_SPLINE_CURVE_WITH_KNOTS('',1,(#14080,#14081),.UNSPECIFIED.,.F.,
 .F.,(2,2),(-0.0999999999999996,0.),.UNSPECIFIED.);
#6453=B_SPLINE_CURVE_WITH_KNOTS('',1,(#14082,#14083),.UNSPECIFIED.,.F.,
 .F.,(2,2),(-0.0999999999999996,0.),.UNSPECIFIED.);
#6454=B_SPLINE_CURVE_WITH_KNOTS('',1,(#14087,#14088),.UNSPECIFIED.,.F.,
 .F.,(2,2),(0.,0.9985786437627),.UNSPECIFIED.);
#6455=B_SPLINE_CURVE_WITH_KNOTS('',1,(#14089,#14090),.UNSPECIFIED.,.F.,
 .F.,(2,2),(0.,0.15),.UNSPECIFIED.);
#6456=B_SPLINE_CURVE_WITH_KNOTS('',1,(#14091,#14092),.UNSPECIFIED.,.F.,
 .F.,(2,2),(0.,0.15),.UNSPECIFIED.);
#6457=B_SPLINE_CURVE_WITH_KNOTS('',1,(#14093,#14094),.UNSPECIFIED.,.F.,
 .F.,(2,2),(0.,0.99),.UNSPECIFIED.);
#6458=B_SPLINE_CURVE_WITH_KNOTS('',1,(#14095,#14096),.UNSPECIFIED.,.F.,
 .F.,(2,2),(0.,0.99),.UNSPECIFIED.);
#6459=B_SPLINE_CURVE_WITH_KNOTS('',1,(#14097,#14098),.UNSPECIFIED.,.F.,
 .F.,(2,2),(0.,0.99),.UNSPECIFIED.);
#6460=B_SPLINE_CURVE_WITH_KNOTS('',1,(#14099,#14100),.UNSPECIFIED.,.F.,
 .F.,(2,2),(-0.042426406871193,0.),.UNSPECIFIED.);
#6461=B_SPLINE_CURVE_WITH_KNOTS('',1,(#14101,#14102),.UNSPECIFIED.,.F.,
 .F.,(2,2),(-0.042426406871193,0.),.UNSPECIFIED.);
#6462=B_SPLINE_CURVE_WITH_KNOTS('',1,(#14103,#14104),.UNSPECIFIED.,.F.,
 .F.,(2,2),(0.,0.99),.UNSPECIFIED.);
#6463=B_SPLINE_CURVE_WITH_KNOTS('',1,(#14105,#14106),.UNSPECIFIED.,.F.,
 .F.,(2,2),(0.,0.99),.UNSPECIFIED.);
#6464=B_SPLINE_CURVE_WITH_KNOTS('',1,(#14107,#14108),.UNSPECIFIED.,.F.,
 .F.,(2,2),(0.,0.042426406871193),.UNSPECIFIED.);
#6465=B_SPLINE_CURVE_WITH_KNOTS('',1,(#14109,#14110),.UNSPECIFIED.,.F.,
 .F.,(2,2),(0.,0.042426406871193),.UNSPECIFIED.);
#6466=B_SPLINE_CURVE_WITH_KNOTS('',1,(#14111,#14112),.UNSPECIFIED.,.F.,
 .F.,(2,2),(0.,0.99),.UNSPECIFIED.);
#6467=B_SPLINE_CURVE_WITH_KNOTS('',1,(#14113,#14114),.UNSPECIFIED.,.F.,
 .F.,(2,2),(0.,0.99),.UNSPECIFIED.);
#6468=B_SPLINE_CURVE_WITH_KNOTS('',1,(#14115,#14116),.UNSPECIFIED.,.F.,
 .F.,(2,2),(-0.0900000000000001,0.),.UNSPECIFIED.);
#6469=B_SPLINE_CURVE_WITH_KNOTS('',1,(#14117,#14118),.UNSPECIFIED.,.F.,
 .F.,(2,2),(-0.0900000000000001,0.),.UNSPECIFIED.);
#6470=B_SPLINE_CURVE_WITH_KNOTS('',1,(#14119,#14120),.UNSPECIFIED.,.F.,
 .F.,(2,2),(0.,0.99),.UNSPECIFIED.);
#6471=B_SPLINE_CURVE_WITH_KNOTS('',1,(#14121,#14122),.UNSPECIFIED.,.F.,
 .F.,(2,2),(0.,0.0900000000000001),.UNSPECIFIED.);
#6472=B_SPLINE_CURVE_WITH_KNOTS('',1,(#14123,#14124),.UNSPECIFIED.,.F.,
 .F.,(2,2),(0.,0.0900000000000001),.UNSPECIFIED.);
#6473=B_SPLINE_CURVE_WITH_KNOTS('',1,(#14125,#14126),.UNSPECIFIED.,.F.,
 .F.,(2,2),(-0.0999999999999996,0.),.UNSPECIFIED.);
#6474=B_SPLINE_CURVE_WITH_KNOTS('',1,(#14127,#14128),.UNSPECIFIED.,.F.,
 .F.,(2,2),(-0.0999999999999996,0.),.UNSPECIFIED.);
#6475=B_SPLINE_CURVE_WITH_KNOTS('',1,(#14129,#14130),.UNSPECIFIED.,.F.,
 .F.,(2,2),(0.,0.15),.UNSPECIFIED.);
#6476=B_SPLINE_CURVE_WITH_KNOTS('',1,(#14131,#14132),.UNSPECIFIED.,.F.,
 .F.,(2,2),(-0.0999999999999996,0.),.UNSPECIFIED.);
#6477=B_SPLINE_CURVE_WITH_KNOTS('',1,(#14133,#14134),.UNSPECIFIED.,.F.,
 .F.,(2,2),(0.,0.042426406871193),.UNSPECIFIED.);
#6478=B_SPLINE_CURVE_WITH_KNOTS('',1,(#14135,#14136),.UNSPECIFIED.,.F.,
 .F.,(2,2),(-0.0900000000000001,0.),.UNSPECIFIED.);
#6479=B_SPLINE_CURVE_WITH_KNOTS('',1,(#14137,#14138),.UNSPECIFIED.,.F.,
 .F.,(2,2),(-0.042426406871193,0.),.UNSPECIFIED.);
#6480=B_SPLINE_CURVE_WITH_KNOTS('',1,(#14139,#14140),.UNSPECIFIED.,.F.,
 .F.,(2,2),(-0.042426406871193,0.),.UNSPECIFIED.);
#6481=B_SPLINE_CURVE_WITH_KNOTS('',1,(#14141,#14142),.UNSPECIFIED.,.F.,
 .F.,(2,2),(-0.9985786437627,0.),.UNSPECIFIED.);
#6482=B_SPLINE_CURVE_WITH_KNOTS('',1,(#14146,#14147),.UNSPECIFIED.,.F.,
 .F.,(2,2),(-0.0999999999999996,0.),.UNSPECIFIED.);
#6483=B_SPLINE_CURVE_WITH_KNOTS('',1,(#14148,#14149),.UNSPECIFIED.,.F.,
 .F.,(2,2),(-0.99,0.),.UNSPECIFIED.);
#6484=B_SPLINE_CURVE_WITH_KNOTS('',1,(#14150,#14151),.UNSPECIFIED.,.F.,
 .F.,(2,2),(-0.99,0.),.UNSPECIFIED.);
#6485=B_SPLINE_CURVE_WITH_KNOTS('',1,(#14152,#14153),.UNSPECIFIED.,.F.,
 .F.,(2,2),(-0.15,0.),.UNSPECIFIED.);
#6486=B_SPLINE_CURVE_WITH_KNOTS('',1,(#14154,#14155),.UNSPECIFIED.,.F.,
 .F.,(2,2),(-0.15,0.),.UNSPECIFIED.);
#6487=B_SPLINE_CURVE_WITH_KNOTS('',1,(#14156,#14157),.UNSPECIFIED.,.F.,
 .F.,(2,2),(-0.99,0.),.UNSPECIFIED.);
#6488=B_SPLINE_CURVE_WITH_KNOTS('',1,(#14158,#14159),.UNSPECIFIED.,.F.,
 .F.,(2,2),(-0.042426406871193,0.),.UNSPECIFIED.);
#6489=B_SPLINE_CURVE_WITH_KNOTS('',1,(#14160,#14161),.UNSPECIFIED.,.F.,
 .F.,(2,2),(0.,0.99),.UNSPECIFIED.);
#6490=B_SPLINE_CURVE_WITH_KNOTS('',1,(#14162,#14163),.UNSPECIFIED.,.F.,
 .F.,(2,2),(-0.042426406871193,0.),.UNSPECIFIED.);
#6491=B_SPLINE_CURVE_WITH_KNOTS('',1,(#14164,#14165),.UNSPECIFIED.,.F.,
 .F.,(2,2),(-0.042426406871193,0.),.UNSPECIFIED.);
#6492=B_SPLINE_CURVE_WITH_KNOTS('',1,(#14166,#14167),.UNSPECIFIED.,.F.,
 .F.,(2,2),(0.,0.15),.UNSPECIFIED.);
#6493=B_SPLINE_CURVE_WITH_KNOTS('',1,(#14168,#14169),.UNSPECIFIED.,.F.,
 .F.,(2,2),(-0.15,0.),.UNSPECIFIED.);
#6494=B_SPLINE_CURVE_WITH_KNOTS('',1,(#14170,#14171),.UNSPECIFIED.,.F.,
 .F.,(2,2),(-0.15,0.),.UNSPECIFIED.);
#6495=B_SPLINE_CURVE_WITH_KNOTS('',1,(#14172,#14173),.UNSPECIFIED.,.F.,
 .F.,(2,2),(-0.042426406871193,0.),.UNSPECIFIED.);
#6496=B_SPLINE_CURVE_WITH_KNOTS('',1,(#14174,#14175),.UNSPECIFIED.,.F.,
 .F.,(2,2),(0.,0.0900000000000001),.UNSPECIFIED.);
#6497=B_SPLINE_CURVE_WITH_KNOTS('',1,(#14176,#14177),.UNSPECIFIED.,.F.,
 .F.,(2,2),(-0.042426406871193,0.),.UNSPECIFIED.);
#6498=B_SPLINE_CURVE_WITH_KNOTS('',1,(#14178,#14179),.UNSPECIFIED.,.F.,
 .F.,(2,2),(-0.15,0.),.UNSPECIFIED.);
#6499=B_SPLINE_CURVE_WITH_KNOTS('',1,(#14180,#14181),.UNSPECIFIED.,.F.,
 .F.,(2,2),(-0.34,0.),.UNSPECIFIED.);
#6500=B_SPLINE_CURVE_WITH_KNOTS('',1,(#14182,#14183),.UNSPECIFIED.,.F.,
 .F.,(2,2),(-0.15,0.),.UNSPECIFIED.);
#6501=B_SPLINE_CURVE_WITH_KNOTS('',1,(#14184,#14185),.UNSPECIFIED.,.F.,
 .F.,(2,2),(-0.15,0.),.UNSPECIFIED.);
#6502=B_SPLINE_CURVE_WITH_KNOTS('',1,(#14186,#14187),.UNSPECIFIED.,.F.,
 .F.,(2,2),(0.,0.34),.UNSPECIFIED.);
#6503=B_SPLINE_CURVE_WITH_KNOTS('',1,(#14188,#14189),.UNSPECIFIED.,.F.,
 .F.,(2,2),(-0.15,0.),.UNSPECIFIED.);
#6504=B_SPLINE_CURVE_WITH_KNOTS('',1,(#14190,#14191),.UNSPECIFIED.,.F.,
 .F.,(2,2),(-0.25,0.),.UNSPECIFIED.);
#6505=B_SPLINE_CURVE_WITH_KNOTS('',1,(#14192,#14193),.UNSPECIFIED.,.F.,
 .F.,(2,2),(-0.15,0.),.UNSPECIFIED.);
#6506=B_SPLINE_CURVE_WITH_KNOTS('',1,(#14194,#14195),.UNSPECIFIED.,.F.,
 .F.,(2,2),(-0.15,0.),.UNSPECIFIED.);
#6507=B_SPLINE_CURVE_WITH_KNOTS('',1,(#14196,#14197),.UNSPECIFIED.,.F.,
 .F.,(2,2),(0.,0.25),.UNSPECIFIED.);
#6508=B_SPLINE_CURVE_WITH_KNOTS('',1,(#14198,#14199),.UNSPECIFIED.,.F.,
 .F.,(2,2),(-0.15,0.),.UNSPECIFIED.);
#6509=B_SPLINE_CURVE_WITH_KNOTS('',1,(#14200,#14201),.UNSPECIFIED.,.F.,
 .F.,(2,2),(-0.25,0.),.UNSPECIFIED.);
#6510=B_SPLINE_CURVE_WITH_KNOTS('',1,(#14202,#14203),.UNSPECIFIED.,.F.,
 .F.,(2,2),(-0.15,0.),.UNSPECIFIED.);
#6511=B_SPLINE_CURVE_WITH_KNOTS('',1,(#14204,#14205),.UNSPECIFIED.,.F.,
 .F.,(2,2),(-0.15,0.),.UNSPECIFIED.);
#6512=B_SPLINE_CURVE_WITH_KNOTS('',1,(#14206,#14207),.UNSPECIFIED.,.F.,
 .F.,(2,2),(0.,0.25),.UNSPECIFIED.);
#6513=B_SPLINE_CURVE_WITH_KNOTS('',1,(#14208,#14209),.UNSPECIFIED.,.F.,
 .F.,(2,2),(-0.15,0.),.UNSPECIFIED.);
#6514=B_SPLINE_CURVE_WITH_KNOTS('',1,(#14210,#14211),.UNSPECIFIED.,.F.,
 .F.,(2,2),(-0.34,0.),.UNSPECIFIED.);
#6515=B_SPLINE_CURVE_WITH_KNOTS('',1,(#14212,#14213),.UNSPECIFIED.,.F.,
 .F.,(2,2),(-0.15,0.),.UNSPECIFIED.);
#6516=B_SPLINE_CURVE_WITH_KNOTS('',1,(#14214,#14215),.UNSPECIFIED.,.F.,
 .F.,(2,2),(-0.15,0.),.UNSPECIFIED.);
#6517=B_SPLINE_CURVE_WITH_KNOTS('',1,(#14216,#14217),.UNSPECIFIED.,.F.,
 .F.,(2,2),(0.,0.34),.UNSPECIFIED.);
#6518=B_SPLINE_CURVE_WITH_KNOTS('',1,(#14221,#14222),.UNSPECIFIED.,.F.,
 .F.,(2,2),(-0.15,0.),.UNSPECIFIED.);
#6519=B_SPLINE_CURVE_WITH_KNOTS('',1,(#14229,#14230),.UNSPECIFIED.,.F.,
 .F.,(2,2),(0.,0.15),.UNSPECIFIED.);
#6520=B_SPLINE_CURVE_WITH_KNOTS('',1,(#14231,#14232),.UNSPECIFIED.,.F.,
 .F.,(2,2),(-0.1,0.),.UNSPECIFIED.);
#6521=B_SPLINE_CURVE_WITH_KNOTS('',1,(#14233,#14234),.UNSPECIFIED.,.F.,
 .F.,(2,2),(-0.1,0.),.UNSPECIFIED.);
#6522=B_SPLINE_CURVE_WITH_KNOTS('',3,(#14235,#14236,#14237,#14238),
 .UNSPECIFIED.,.F.,.F.,(4,4),(-0.150000009640252,0.),.UNSPECIFIED.);
#6523=B_SPLINE_CURVE_WITH_KNOTS('',1,(#14239,#14240),.UNSPECIFIED.,.F.,
 .F.,(2,2),(-0.150000009640252,0.),.UNSPECIFIED.);
#6524=B_SPLINE_CURVE_WITH_KNOTS('',3,(#14241,#14242,#14243,#14244),
 .UNSPECIFIED.,.F.,.F.,(4,4),(0.,1.),.UNSPECIFIED.);
#6525=B_SPLINE_CURVE_WITH_KNOTS('',1,(#14245,#14246),.UNSPECIFIED.,.F.,
 .F.,(2,2),(-0.1,0.),.UNSPECIFIED.);
#6526=B_SPLINE_CURVE_WITH_KNOTS('',1,(#14247,#14248),.UNSPECIFIED.,.F.,
 .F.,(2,2),(0.,0.235619449019234),.UNSPECIFIED.);
#6527=B_SPLINE_CURVE_WITH_KNOTS('',1,(#14249,#14250),.UNSPECIFIED.,.F.,
 .F.,(2,2),(0.,0.15),.UNSPECIFIED.);
#6528=B_SPLINE_CURVE_WITH_KNOTS('',1,(#14251,#14252),.UNSPECIFIED.,.F.,
 .F.,(2,2),(0.,0.15),.UNSPECIFIED.);
#6529=B_SPLINE_CURVE_WITH_KNOTS('',1,(#14253,#14254),.UNSPECIFIED.,.F.,
 .F.,(2,2),(-0.8500012945445,0.),.UNSPECIFIED.);
#6530=B_SPLINE_CURVE_WITH_KNOTS('',1,(#14255,#14256),.UNSPECIFIED.,.F.,
 .F.,(2,2),(-0.150000009640252,0.),.UNSPECIFIED.);
#6531=B_SPLINE_CURVE_WITH_KNOTS('',1,(#14257,#14258),.UNSPECIFIED.,.F.,
 .F.,(2,2),(0.,0.85),.UNSPECIFIED.);
#6532=B_SPLINE_CURVE_WITH_KNOTS('',1,(#14259,#14260),.UNSPECIFIED.,.F.,
 .F.,(2,2),(0.,0.15),.UNSPECIFIED.);
#6533=B_SPLINE_CURVE_WITH_KNOTS('',1,(#14261,#14262),.UNSPECIFIED.,.F.,
 .F.,(2,2),(0.,0.314159265358979),.UNSPECIFIED.);
#6534=B_SPLINE_CURVE_WITH_KNOTS('',1,(#14263,#14264),.UNSPECIFIED.,.F.,
 .F.,(2,2),(0.,0.15),.UNSPECIFIED.);
#6535=B_SPLINE_CURVE_WITH_KNOTS('',1,(#14265,#14266),.UNSPECIFIED.,.F.,
 .F.,(2,2),(0.,0.15),.UNSPECIFIED.);
#6536=B_SPLINE_CURVE_WITH_KNOTS('',1,(#14267,#14268),.UNSPECIFIED.,.F.,
 .F.,(2,2),(0.,0.314159265358979),.UNSPECIFIED.);
#6537=B_SPLINE_CURVE_WITH_KNOTS('',1,(#14269,#14270),.UNSPECIFIED.,.F.,
 .F.,(2,2),(-0.15,0.),.UNSPECIFIED.);
#6538=B_SPLINE_CURVE_WITH_KNOTS('',1,(#14271,#14272),.UNSPECIFIED.,.F.,
 .F.,(2,2),(-0.15,0.),.UNSPECIFIED.);
#6539=B_SPLINE_CURVE_WITH_KNOTS('',1,(#14273,#14274),.UNSPECIFIED.,.F.,
 .F.,(2,2),(0.,0.45),.UNSPECIFIED.);
#6540=B_SPLINE_CURVE_WITH_KNOTS('',1,(#14275,#14276),.UNSPECIFIED.,.F.,
 .F.,(2,2),(0.,0.15),.UNSPECIFIED.);
#6541=B_SPLINE_CURVE_WITH_KNOTS('',1,(#14277,#14278),.UNSPECIFIED.,.F.,
 .F.,(2,2),(-0.45,0.),.UNSPECIFIED.);
#6542=B_SPLINE_CURVE_WITH_KNOTS('',1,(#14279,#14280),.UNSPECIFIED.,.F.,
 .F.,(2,2),(-0.2,0.),.UNSPECIFIED.);
#6543=B_SPLINE_CURVE_WITH_KNOTS('',1,(#14281,#14282),.UNSPECIFIED.,.F.,
 .F.,(2,2),(-0.15,0.),.UNSPECIFIED.);
#6544=B_SPLINE_CURVE_WITH_KNOTS('',1,(#14283,#14284),.UNSPECIFIED.,.F.,
 .F.,(2,2),(-0.15,0.),.UNSPECIFIED.);
#6545=B_SPLINE_CURVE_WITH_KNOTS('',1,(#14285,#14286),.UNSPECIFIED.,.F.,
 .F.,(2,2),(0.,0.2),.UNSPECIFIED.);
#6546=B_SPLINE_CURVE_WITH_KNOTS('',1,(#14287,#14288),.UNSPECIFIED.,.F.,
 .F.,(2,2),(-0.15,0.),.UNSPECIFIED.);
#6547=B_SPLINE_CURVE_WITH_KNOTS('',1,(#14295,#14296),.UNSPECIFIED.,.F.,
 .F.,(2,2),(-0.15,0.),.UNSPECIFIED.);
#6548=B_SPLINE_CURVE_WITH_KNOTS('',1,(#14297,#14298),.UNSPECIFIED.,.F.,
 .F.,(2,2),(-0.15,0.),.UNSPECIFIED.);
#6549=B_SPLINE_CURVE_WITH_KNOTS('',1,(#14305,#14306),.UNSPECIFIED.,.F.,
 .F.,(2,2),(-0.15,0.),.UNSPECIFIED.);
#6550=B_SPLINE_CURVE_WITH_KNOTS('',1,(#14307,#14308),.UNSPECIFIED.,.F.,
 .F.,(2,2),(-1.6,0.),.UNSPECIFIED.);
#6551=B_SPLINE_CURVE_WITH_KNOTS('',1,(#14309,#14310),.UNSPECIFIED.,.F.,
 .F.,(2,2),(-0.471238898038469,0.),.UNSPECIFIED.);
#6552=B_SPLINE_CURVE_WITH_KNOTS('',1,(#14311,#14312),.UNSPECIFIED.,.F.,
 .F.,(2,2),(-1.6,0.),.UNSPECIFIED.);
#6553=B_SPLINE_CURVE_WITH_KNOTS('',1,(#14313,#14314),.UNSPECIFIED.,.F.,
 .F.,(2,2),(-1.6,0.),.UNSPECIFIED.);
#6554=B_SPLINE_CURVE_WITH_KNOTS('',1,(#14318,#14319),.UNSPECIFIED.,.F.,
 .F.,(2,2),(-0.471238898038469,0.),.UNSPECIFIED.);
#6555=B_SPLINE_CURVE_WITH_KNOTS('',1,(#14326,#14327),.UNSPECIFIED.,.F.,
 .F.,(2,2),(-0.15,0.),.UNSPECIFIED.);
#6556=B_SPLINE_CURVE_WITH_KNOTS('',1,(#14328,#14329),.UNSPECIFIED.,.F.,
 .F.,(2,2),(-0.15,0.),.UNSPECIFIED.);
#6557=B_SPLINE_CURVE_WITH_KNOTS('',1,(#14333,#14334),.UNSPECIFIED.,.F.,
 .F.,(2,2),(0.,0.15),.UNSPECIFIED.);
#6558=B_SPLINE_CURVE_WITH_KNOTS('',1,(#14335,#14336),.UNSPECIFIED.,.F.,
 .F.,(2,2),(0.,0.15),.UNSPECIFIED.);
#6559=B_SPLINE_CURVE_WITH_KNOTS('',1,(#14337,#14338),.UNSPECIFIED.,.F.,
 .F.,(2,2),(0.,0.9),.UNSPECIFIED.);
#6560=B_SPLINE_CURVE_WITH_KNOTS('',1,(#14339,#14340),.UNSPECIFIED.,.F.,
 .F.,(2,2),(-0.15,0.),.UNSPECIFIED.);
#6561=B_SPLINE_CURVE_WITH_KNOTS('',1,(#14341,#14342),.UNSPECIFIED.,.F.,
 .F.,(2,2),(-0.9,0.),.UNSPECIFIED.);
#6562=B_SPLINE_CURVE_WITH_KNOTS('',1,(#14343,#14344),.UNSPECIFIED.,.F.,
 .F.,(2,2),(0.,0.15),.UNSPECIFIED.);
#6563=B_SPLINE_CURVE_WITH_KNOTS('',1,(#14345,#14346),.UNSPECIFIED.,.F.,
 .F.,(2,2),(0.,0.15),.UNSPECIFIED.);
#6564=B_SPLINE_CURVE_WITH_KNOTS('',1,(#14347,#14348),.UNSPECIFIED.,.F.,
 .F.,(2,2),(0.,0.15),.UNSPECIFIED.);
#6565=B_SPLINE_CURVE_WITH_KNOTS('',1,(#14349,#14350),.UNSPECIFIED.,.F.,
 .F.,(2,2),(0.,0.471238898038469),.UNSPECIFIED.);
#6566=B_SPLINE_CURVE_WITH_KNOTS('',1,(#14351,#14352),.UNSPECIFIED.,.F.,
 .F.,(2,2),(-0.15,0.),.UNSPECIFIED.);
#6567=B_SPLINE_CURVE_WITH_KNOTS('',1,(#14353,#14354),.UNSPECIFIED.,.F.,
 .F.,(2,2),(0.,0.471238898038469),.UNSPECIFIED.);
#6568=B_SPLINE_CURVE_WITH_KNOTS('',1,(#14355,#14356),.UNSPECIFIED.,.F.,
 .F.,(2,2),(0.,0.235619449019234),.UNSPECIFIED.);
#6569=B_SPLINE_CURVE_WITH_KNOTS('',1,(#14357,#14358),.UNSPECIFIED.,.F.,
 .F.,(2,2),(0.,1.6),.UNSPECIFIED.);
#6570=B_SPLINE_CURVE_WITH_KNOTS('',1,(#14359,#14360),.UNSPECIFIED.,.F.,
 .F.,(2,2),(-0.235619449019234,0.),.UNSPECIFIED.);
#6571=B_SPLINE_CURVE_WITH_KNOTS('',1,(#14361,#14362),.UNSPECIFIED.,.F.,
 .F.,(2,2),(0.,1.6),.UNSPECIFIED.);
#6572=B_SPLINE_CURVE_WITH_KNOTS('',1,(#14363,#14364),.UNSPECIFIED.,.F.,
 .F.,(2,2),(0.,1.6),.UNSPECIFIED.);
#6573=B_SPLINE_CURVE_WITH_KNOTS('',1,(#14365,#14366),.UNSPECIFIED.,.F.,
 .F.,(2,2),(0.,1.6),.UNSPECIFIED.);
#6574=B_SPLINE_CURVE_WITH_KNOTS('',1,(#14367,#14368),.UNSPECIFIED.,.F.,
 .F.,(2,2),(0.,1.6),.UNSPECIFIED.);
#6575=B_SPLINE_CURVE_WITH_KNOTS('',1,(#14369,#14370),.UNSPECIFIED.,.F.,
 .F.,(2,2),(-0.46,0.),.UNSPECIFIED.);
#6576=B_SPLINE_CURVE_WITH_KNOTS('',1,(#14371,#14372),.UNSPECIFIED.,.F.,
 .F.,(2,2),(-0.46,0.),.UNSPECIFIED.);
#6577=B_SPLINE_CURVE_WITH_KNOTS('',1,(#14373,#14374),.UNSPECIFIED.,.F.,
 .F.,(2,2),(0.,1.6),.UNSPECIFIED.);
#6578=B_SPLINE_CURVE_WITH_KNOTS('',1,(#14375,#14376),.UNSPECIFIED.,.F.,
 .F.,(2,2),(0.,0.46),.UNSPECIFIED.);
#6579=B_SPLINE_CURVE_WITH_KNOTS('',1,(#14377,#14378),.UNSPECIFIED.,.F.,
 .F.,(2,2),(0.,0.46),.UNSPECIFIED.);
#6580=B_SPLINE_CURVE_WITH_KNOTS('',1,(#14379,#14380),.UNSPECIFIED.,.F.,
 .F.,(2,2),(0.,0.46),.UNSPECIFIED.);
#6581=B_SPLINE_CURVE_WITH_KNOTS('',1,(#14381,#14382),.UNSPECIFIED.,.F.,
 .F.,(2,2),(0.,0.15),.UNSPECIFIED.);
#6582=B_SPLINE_CURVE_WITH_KNOTS('',1,(#14383,#14384),.UNSPECIFIED.,.F.,
 .F.,(2,2),(0.,0.46),.UNSPECIFIED.);
#6583=B_SPLINE_CURVE_WITH_KNOTS('',1,(#14385,#14386),.UNSPECIFIED.,.F.,
 .F.,(2,2),(0.,0.46),.UNSPECIFIED.);
#6584=B_SPLINE_CURVE_WITH_KNOTS('',1,(#14387,#14388),.UNSPECIFIED.,.F.,
 .F.,(2,2),(0.,0.15),.UNSPECIFIED.);
#6585=B_SPLINE_CURVE_WITH_KNOTS('',1,(#14389,#14390),.UNSPECIFIED.,.F.,
 .F.,(2,2),(0.,0.15),.UNSPECIFIED.);
#6586=B_SPLINE_CURVE_WITH_KNOTS('',1,(#14391,#14392),.UNSPECIFIED.,.F.,
 .F.,(2,2),(0.,0.46),.UNSPECIFIED.);
#6587=B_SPLINE_CURVE_WITH_KNOTS('',1,(#14393,#14394),.UNSPECIFIED.,.F.,
 .F.,(2,2),(0.,0.46),.UNSPECIFIED.);
#6588=B_SPLINE_CURVE_WITH_KNOTS('',1,(#14395,#14396),.UNSPECIFIED.,.F.,
 .F.,(2,2),(-1.6,0.),.UNSPECIFIED.);
#6589=B_SPLINE_CURVE_WITH_KNOTS('',1,(#14397,#14398),.UNSPECIFIED.,.F.,
 .F.,(2,2),(-1.6,0.),.UNSPECIFIED.);
#6590=B_SPLINE_CURVE_WITH_KNOTS('',1,(#14399,#14400),.UNSPECIFIED.,.F.,
 .F.,(2,2),(0.,0.46),.UNSPECIFIED.);
#6591=B_SPLINE_CURVE_WITH_KNOTS('',1,(#14401,#14402),.UNSPECIFIED.,.F.,
 .F.,(2,2),(-1.6,0.),.UNSPECIFIED.);
#6592=B_SPLINE_CURVE_WITH_KNOTS('',1,(#14403,#14404),.UNSPECIFIED.,.F.,
 .F.,(2,2),(0.,1.6),.UNSPECIFIED.);
#6593=B_SPLINE_CURVE_WITH_KNOTS('',1,(#14405,#14406),.UNSPECIFIED.,.F.,
 .F.,(2,2),(0.,0.15),.UNSPECIFIED.);
#6594=B_SPLINE_CURVE_WITH_KNOTS('',1,(#14407,#14408),.UNSPECIFIED.,.F.,
 .F.,(2,2),(-1.6,0.),.UNSPECIFIED.);
#6595=B_SPLINE_CURVE_WITH_KNOTS('',1,(#14409,#14410),.UNSPECIFIED.,.F.,
 .F.,(2,2),(0.,0.15),.UNSPECIFIED.);
#6596=B_SPLINE_CURVE_WITH_KNOTS('',1,(#14411,#14412),.UNSPECIFIED.,.F.,
 .F.,(2,2),(0.,0.15),.UNSPECIFIED.);
#6597=B_SPLINE_CURVE_WITH_KNOTS('',1,(#14413,#14414),.UNSPECIFIED.,.F.,
 .F.,(2,2),(-0.46,0.),.UNSPECIFIED.);
#6598=B_SPLINE_CURVE_WITH_KNOTS('',1,(#14415,#14416),.UNSPECIFIED.,.F.,
 .F.,(2,2),(0.,0.15),.UNSPECIFIED.);
#6599=B_SPLINE_CURVE_WITH_KNOTS('',1,(#14417,#14418),.UNSPECIFIED.,.F.,
 .F.,(2,2),(0.,0.46),.UNSPECIFIED.);
#6600=B_SPLINE_CURVE_WITH_KNOTS('',1,(#14419,#14420),.UNSPECIFIED.,.F.,
 .F.,(2,2),(-0.15,0.),.UNSPECIFIED.);
#6601=B_SPLINE_CURVE_WITH_KNOTS('',1,(#14421,#14422),.UNSPECIFIED.,.F.,
 .F.,(2,2),(0.,0.15707963267949),.UNSPECIFIED.);
#6602=B_SPLINE_CURVE_WITH_KNOTS('',1,(#14423,#14424),.UNSPECIFIED.,.F.,
 .F.,(2,2),(-1.602859547921,0.),.UNSPECIFIED.);
#6603=B_SPLINE_CURVE_WITH_KNOTS('',1,(#14425,#14426),.UNSPECIFIED.,.F.,
 .F.,(2,2),(-1.,0.),.UNSPECIFIED.);
#6604=B_SPLINE_CURVE_WITH_KNOTS('',1,(#14427,#14428),.UNSPECIFIED.,.F.,
 .F.,(2,2),(-0.104719755119648,0.),.UNSPECIFIED.);
#6605=B_SPLINE_CURVE_WITH_KNOTS('',1,(#14429,#14430),.UNSPECIFIED.,.F.,
 .F.,(2,2),(0.,1.6),.UNSPECIFIED.);
#6606=B_SPLINE_CURVE_WITH_KNOTS('',1,(#14431,#14432),.UNSPECIFIED.,.F.,
 .F.,(2,2),(0.,0.15),.UNSPECIFIED.);
#6607=B_SPLINE_CURVE_WITH_KNOTS('',1,(#14433,#14434),.UNSPECIFIED.,.F.,
 .F.,(2,2),(0.,0.15),.UNSPECIFIED.);
#6608=B_SPLINE_CURVE_WITH_KNOTS('',1,(#14435,#14436),.UNSPECIFIED.,.F.,
 .F.,(2,2),(-0.650049265087491,0.),.UNSPECIFIED.);
#6609=B_SPLINE_CURVE_WITH_KNOTS('',1,(#14437,#14438),.UNSPECIFIED.,.F.,
 .F.,(2,2),(-0.149999999999997,0.),.UNSPECIFIED.);
#6610=B_SPLINE_CURVE_WITH_KNOTS('',1,(#14439,#14440),.UNSPECIFIED.,.F.,
 .F.,(2,2),(0.,0.650049265087491),.UNSPECIFIED.);
#6611=B_SPLINE_CURVE_WITH_KNOTS('',1,(#14441,#14442),.UNSPECIFIED.,.F.,
 .F.,(2,2),(-0.15,0.),.UNSPECIFIED.);
#6612=B_SPLINE_CURVE_WITH_KNOTS('',1,(#14443,#14444),.UNSPECIFIED.,.F.,
 .F.,(2,2),(-0.15,0.),.UNSPECIFIED.);
#6613=B_SPLINE_CURVE_WITH_KNOTS('',1,(#14445,#14446),.UNSPECIFIED.,.F.,
 .F.,(2,2),(-0.450000000000001,0.),.UNSPECIFIED.);
#6614=B_SPLINE_CURVE_WITH_KNOTS('',1,(#14447,#14448),.UNSPECIFIED.,.F.,
 .F.,(2,2),(0.,0.15),.UNSPECIFIED.);
#6615=B_SPLINE_CURVE_WITH_KNOTS('',1,(#14449,#14450),.UNSPECIFIED.,.F.,
 .F.,(2,2),(0.,0.15),.UNSPECIFIED.);
#6616=B_SPLINE_CURVE_WITH_KNOTS('',1,(#14451,#14452),.UNSPECIFIED.,.F.,
 .F.,(2,2),(0.,0.450000000000001),.UNSPECIFIED.);
#6617=B_SPLINE_CURVE_WITH_KNOTS('',1,(#14453,#14454),.UNSPECIFIED.,.F.,
 .F.,(2,2),(0.,0.15),.UNSPECIFIED.);
#6618=B_SPLINE_CURVE_WITH_KNOTS('',1,(#14455,#14456),.UNSPECIFIED.,.F.,
 .F.,(2,2),(-1.73384409927012,0.),.UNSPECIFIED.);
#6619=B_SPLINE_CURVE_WITH_KNOTS('',1,(#14457,#14458),.UNSPECIFIED.,.F.,
 .F.,(2,2),(0.,0.15),.UNSPECIFIED.);
#6620=B_SPLINE_CURVE_WITH_KNOTS('',1,(#14459,#14460),.UNSPECIFIED.,.F.,
 .F.,(2,2),(0.,1.73384409927012),.UNSPECIFIED.);
#6621=B_SPLINE_CURVE_WITH_KNOTS('',1,(#14461,#14462),.UNSPECIFIED.,.F.,
 .F.,(2,2),(-0.15,0.),.UNSPECIFIED.);
#6622=B_SPLINE_CURVE_WITH_KNOTS('',1,(#14463,#14464),.UNSPECIFIED.,.F.,
 .F.,(2,2),(-0.15,0.),.UNSPECIFIED.);
#6623=B_SPLINE_CURVE_WITH_KNOTS('',1,(#14465,#14466),.UNSPECIFIED.,.F.,
 .F.,(2,2),(-1.73384409927012,0.),.UNSPECIFIED.);
#6624=B_SPLINE_CURVE_WITH_KNOTS('',1,(#14467,#14468),.UNSPECIFIED.,.F.,
 .F.,(2,2),(-0.15,0.),.UNSPECIFIED.);
#6625=B_SPLINE_CURVE_WITH_KNOTS('',1,(#14469,#14470),.UNSPECIFIED.,.F.,
 .F.,(2,2),(-0.15,0.),.UNSPECIFIED.);
#6626=B_SPLINE_CURVE_WITH_KNOTS('',1,(#14471,#14472),.UNSPECIFIED.,.F.,
 .F.,(2,2),(0.,1.73384409927012),.UNSPECIFIED.);
#6627=B_SPLINE_CURVE_WITH_KNOTS('',1,(#14473,#14474),.UNSPECIFIED.,.F.,
 .F.,(2,2),(-0.15,0.),.UNSPECIFIED.);
#6628=B_SPLINE_CURVE_WITH_KNOTS('',1,(#14475,#14476),.UNSPECIFIED.,.F.,
 .F.,(2,2),(-0.15,0.),.UNSPECIFIED.);
#6629=B_SPLINE_CURVE_WITH_KNOTS('',1,(#14477,#14478),.UNSPECIFIED.,.F.,
 .F.,(2,2),(0.,0.249999999999999),.UNSPECIFIED.);
#6630=B_SPLINE_CURVE_WITH_KNOTS('',1,(#14479,#14480),.UNSPECIFIED.,.F.,
 .F.,(2,2),(-0.15,0.),.UNSPECIFIED.);
#6631=B_SPLINE_CURVE_WITH_KNOTS('',1,(#14481,#14482),.UNSPECIFIED.,.F.,
 .F.,(2,2),(-0.249999999999999,0.),.UNSPECIFIED.);
#6632=B_SPLINE_CURVE_WITH_KNOTS('',1,(#14483,#14484),.UNSPECIFIED.,.F.,
 .F.,(2,2),(-0.149999999999997,0.),.UNSPECIFIED.);
#6633=B_SPLINE_CURVE_WITH_KNOTS('',1,(#14485,#14486),.UNSPECIFIED.,.F.,
 .F.,(2,2),(-0.650049265087491,0.),.UNSPECIFIED.);
#6634=B_SPLINE_CURVE_WITH_KNOTS('',1,(#14487,#14488),.UNSPECIFIED.,.F.,
 .F.,(2,2),(-0.15,0.),.UNSPECIFIED.);
#6635=B_SPLINE_CURVE_WITH_KNOTS('',1,(#14489,#14490),.UNSPECIFIED.,.F.,
 .F.,(2,2),(0.,0.650049265087491),.UNSPECIFIED.);
#6636=B_SPLINE_CURVE_WITH_KNOTS('',1,(#14491,#14492),.UNSPECIFIED.,.F.,
 .F.,(2,2),(-0.15,0.),.UNSPECIFIED.);
#6637=B_SPLINE_CURVE_WITH_KNOTS('',1,(#14493,#14494),.UNSPECIFIED.,.F.,
 .F.,(2,2),(0.,1.12),.UNSPECIFIED.);
#6638=B_SPLINE_CURVE_WITH_KNOTS('',1,(#14495,#14496),.UNSPECIFIED.,.F.,
 .F.,(2,2),(-0.15,0.),.UNSPECIFIED.);
#6639=B_SPLINE_CURVE_WITH_KNOTS('',1,(#14497,#14498),.UNSPECIFIED.,.F.,
 .F.,(2,2),(-1.12,0.),.UNSPECIFIED.);
#6640=B_SPLINE_CURVE_WITH_KNOTS('',1,(#14499,#14500),.UNSPECIFIED.,.F.,
 .F.,(2,2),(-0.15,0.),.UNSPECIFIED.);
#6641=B_SPLINE_CURVE_WITH_KNOTS('',1,(#14501,#14502),.UNSPECIFIED.,.F.,
 .F.,(2,2),(0.,1.12),.UNSPECIFIED.);
#6642=B_SPLINE_CURVE_WITH_KNOTS('',1,(#14503,#14504),.UNSPECIFIED.,.F.,
 .F.,(2,2),(-0.15,0.),.UNSPECIFIED.);
#6643=B_SPLINE_CURVE_WITH_KNOTS('',1,(#14505,#14506),.UNSPECIFIED.,.F.,
 .F.,(2,2),(-1.12,0.),.UNSPECIFIED.);
#6644=VERTEX_POINT('',#9503);
#6645=VERTEX_POINT('',#9504);
#6646=VERTEX_POINT('',#9505);
#6647=VERTEX_POINT('',#9506);
#6648=VERTEX_POINT('',#9507);
#6649=VERTEX_POINT('',#9508);
#6650=VERTEX_POINT('',#9509);
#6651=VERTEX_POINT('',#9510);
#6652=VERTEX_POINT('',#9511);
#6653=VERTEX_POINT('',#9512);
#6654=VERTEX_POINT('',#9513);
#6655=VERTEX_POINT('',#9514);
#6656=VERTEX_POINT('',#9515);
#6657=VERTEX_POINT('',#9516);
#6658=VERTEX_POINT('',#9517);
#6659=VERTEX_POINT('',#9518);
#6660=VERTEX_POINT('',#9519);
#6661=VERTEX_POINT('',#9520);
#6662=VERTEX_POINT('',#9521);
#6663=VERTEX_POINT('',#9522);
#6664=VERTEX_POINT('',#9523);
#6665=VERTEX_POINT('',#9524);
#6666=VERTEX_POINT('',#9525);
#6667=VERTEX_POINT('',#9526);
#6668=VERTEX_POINT('',#9527);
#6669=VERTEX_POINT('',#9528);
#6670=VERTEX_POINT('',#9529);
#6671=VERTEX_POINT('',#9530);
#6672=VERTEX_POINT('',#9531);
#6673=VERTEX_POINT('',#9532);
#6674=VERTEX_POINT('',#9533);
#6675=VERTEX_POINT('',#9534);
#6676=VERTEX_POINT('',#9535);
#6677=VERTEX_POINT('',#9536);
#6678=VERTEX_POINT('',#9537);
#6679=VERTEX_POINT('',#9538);
#6680=VERTEX_POINT('',#9539);
#6681=VERTEX_POINT('',#9540);
#6682=VERTEX_POINT('',#9541);
#6683=VERTEX_POINT('',#9542);
#6684=VERTEX_POINT('',#9543);
#6685=VERTEX_POINT('',#9544);
#6686=VERTEX_POINT('',#9545);
#6687=VERTEX_POINT('',#9546);
#6688=VERTEX_POINT('',#9547);
#6689=VERTEX_POINT('',#9548);
#6690=VERTEX_POINT('',#9549);
#6691=VERTEX_POINT('',#9550);
#6692=VERTEX_POINT('',#9551);
#6693=VERTEX_POINT('',#9552);
#6694=VERTEX_POINT('',#9553);
#6695=VERTEX_POINT('',#9554);
#6696=VERTEX_POINT('',#9555);
#6697=VERTEX_POINT('',#9556);
#6698=VERTEX_POINT('',#9557);
#6699=VERTEX_POINT('',#9558);
#6700=VERTEX_POINT('',#9559);
#6701=VERTEX_POINT('',#9560);
#6702=VERTEX_POINT('',#9561);
#6703=VERTEX_POINT('',#9562);
#6704=VERTEX_POINT('',#9563);
#6705=VERTEX_POINT('',#9564);
#6706=VERTEX_POINT('',#9565);
#6707=VERTEX_POINT('',#9566);
#6708=VERTEX_POINT('',#9567);
#6709=VERTEX_POINT('',#9568);
#6710=VERTEX_POINT('',#9569);
#6711=VERTEX_POINT('',#9570);
#6712=VERTEX_POINT('',#9571);
#6713=VERTEX_POINT('',#9572);
#6714=VERTEX_POINT('',#9573);
#6715=VERTEX_POINT('',#9574);
#6716=VERTEX_POINT('',#9575);
#6717=VERTEX_POINT('',#9576);
#6718=VERTEX_POINT('',#9577);
#6719=VERTEX_POINT('',#9578);
#6720=VERTEX_POINT('',#9579);
#6721=VERTEX_POINT('',#9580);
#6722=VERTEX_POINT('',#9581);
#6723=VERTEX_POINT('',#9582);
#6724=VERTEX_POINT('',#9583);
#6725=VERTEX_POINT('',#9584);
#6726=VERTEX_POINT('',#9585);
#6727=VERTEX_POINT('',#9586);
#6728=VERTEX_POINT('',#9587);
#6729=VERTEX_POINT('',#9588);
#6730=VERTEX_POINT('',#9589);
#6731=VERTEX_POINT('',#9590);
#6732=VERTEX_POINT('',#9591);
#6733=VERTEX_POINT('',#9592);
#6734=VERTEX_POINT('',#9593);
#6735=VERTEX_POINT('',#9594);
#6736=VERTEX_POINT('',#9595);
#6737=VERTEX_POINT('',#9596);
#6738=VERTEX_POINT('',#9597);
#6739=VERTEX_POINT('',#9598);
#6740=VERTEX_POINT('',#9599);
#6741=VERTEX_POINT('',#9600);
#6742=VERTEX_POINT('',#9601);
#6743=VERTEX_POINT('',#9602);
#6744=VERTEX_POINT('',#9603);
#6745=VERTEX_POINT('',#9604);
#6746=VERTEX_POINT('',#9605);
#6747=VERTEX_POINT('',#9606);
#6748=VERTEX_POINT('',#9607);
#6749=VERTEX_POINT('',#9608);
#6750=VERTEX_POINT('',#9609);
#6751=VERTEX_POINT('',#9610);
#6752=VERTEX_POINT('',#9611);
#6753=VERTEX_POINT('',#9612);
#6754=VERTEX_POINT('',#9613);
#6755=VERTEX_POINT('',#9614);
#6756=VERTEX_POINT('',#9615);
#6757=VERTEX_POINT('',#9616);
#6758=VERTEX_POINT('',#9617);
#6759=VERTEX_POINT('',#9618);
#6760=VERTEX_POINT('',#9619);
#6761=VERTEX_POINT('',#9620);
#6762=VERTEX_POINT('',#9621);
#6763=VERTEX_POINT('',#9622);
#6764=VERTEX_POINT('',#9623);
#6765=VERTEX_POINT('',#9624);
#6766=VERTEX_POINT('',#9625);
#6767=VERTEX_POINT('',#9626);
#6768=VERTEX_POINT('',#9627);
#6769=VERTEX_POINT('',#9628);
#6770=VERTEX_POINT('',#9629);
#6771=VERTEX_POINT('',#9630);
#6772=VERTEX_POINT('',#9631);
#6773=VERTEX_POINT('',#9632);
#6774=VERTEX_POINT('',#9633);
#6775=VERTEX_POINT('',#9634);
#6776=VERTEX_POINT('',#9635);
#6777=VERTEX_POINT('',#9636);
#6778=VERTEX_POINT('',#9637);
#6779=VERTEX_POINT('',#9638);
#6780=VERTEX_POINT('',#9639);
#6781=VERTEX_POINT('',#9640);
#6782=VERTEX_POINT('',#9641);
#6783=VERTEX_POINT('',#9642);
#6784=VERTEX_POINT('',#9643);
#6785=VERTEX_POINT('',#9644);
#6786=VERTEX_POINT('',#9645);
#6787=VERTEX_POINT('',#9646);
#6788=VERTEX_POINT('',#9647);
#6789=VERTEX_POINT('',#9648);
#6790=VERTEX_POINT('',#9649);
#6791=VERTEX_POINT('',#9650);
#6792=VERTEX_POINT('',#9651);
#6793=VERTEX_POINT('',#9652);
#6794=VERTEX_POINT('',#9653);
#6795=VERTEX_POINT('',#9654);
#6796=VERTEX_POINT('',#9655);
#6797=VERTEX_POINT('',#9656);
#6798=VERTEX_POINT('',#9657);
#6799=VERTEX_POINT('',#9658);
#6800=VERTEX_POINT('',#9659);
#6801=VERTEX_POINT('',#9660);
#6802=VERTEX_POINT('',#9661);
#6803=VERTEX_POINT('',#9662);
#6804=VERTEX_POINT('',#9663);
#6805=VERTEX_POINT('',#9664);
#6806=VERTEX_POINT('',#9665);
#6807=VERTEX_POINT('',#9666);
#6808=VERTEX_POINT('',#9667);
#6809=VERTEX_POINT('',#9668);
#6810=VERTEX_POINT('',#9669);
#6811=VERTEX_POINT('',#9670);
#6812=VERTEX_POINT('',#9671);
#6813=VERTEX_POINT('',#9672);
#6814=VERTEX_POINT('',#9673);
#6815=VERTEX_POINT('',#9674);
#6816=VERTEX_POINT('',#9675);
#6817=VERTEX_POINT('',#9676);
#6818=VERTEX_POINT('',#9677);
#6819=VERTEX_POINT('',#9678);
#6820=VERTEX_POINT('',#9679);
#6821=VERTEX_POINT('',#9680);
#6822=VERTEX_POINT('',#9681);
#6823=VERTEX_POINT('',#9682);
#6824=VERTEX_POINT('',#9683);
#6825=VERTEX_POINT('',#9684);
#6826=VERTEX_POINT('',#9685);
#6827=VERTEX_POINT('',#9686);
#6828=VERTEX_POINT('',#9687);
#6829=VERTEX_POINT('',#9688);
#6830=VERTEX_POINT('',#9689);
#6831=VERTEX_POINT('',#9690);
#6832=VERTEX_POINT('',#9691);
#6833=VERTEX_POINT('',#9692);
#6834=VERTEX_POINT('',#9693);
#6835=VERTEX_POINT('',#9694);
#6836=VERTEX_POINT('',#9695);
#6837=VERTEX_POINT('',#9696);
#6838=VERTEX_POINT('',#9697);
#6839=VERTEX_POINT('',#9698);
#6840=VERTEX_POINT('',#9699);
#6841=VERTEX_POINT('',#9700);
#6842=VERTEX_POINT('',#9701);
#6843=VERTEX_POINT('',#9702);
#6844=VERTEX_POINT('',#9703);
#6845=VERTEX_POINT('',#9704);
#6846=VERTEX_POINT('',#9705);
#6847=VERTEX_POINT('',#9706);
#6848=VERTEX_POINT('',#9707);
#6849=VERTEX_POINT('',#9708);
#6850=VERTEX_POINT('',#12194);
#6851=VERTEX_POINT('',#12195);
#6852=VERTEX_POINT('',#12196);
#6853=VERTEX_POINT('',#12197);
#6854=VERTEX_POINT('',#12198);
#6855=VERTEX_POINT('',#12199);
#6856=VERTEX_POINT('',#12200);
#6857=VERTEX_POINT('',#12201);
#6858=VERTEX_POINT('',#12202);
#6859=VERTEX_POINT('',#12203);
#6860=VERTEX_POINT('',#12204);
#6861=VERTEX_POINT('',#12205);
#6862=VERTEX_POINT('',#12500);
#6863=VERTEX_POINT('',#12501);
#6864=VERTEX_POINT('',#12502);
#6865=VERTEX_POINT('',#12503);
#6866=VERTEX_POINT('',#12504);
#6867=VERTEX_POINT('',#12505);
#6868=VERTEX_POINT('',#12506);
#6869=VERTEX_POINT('',#12507);
#6870=VERTEX_POINT('',#12508);
#6871=VERTEX_POINT('',#12509);
#6872=VERTEX_POINT('',#12510);
#6873=VERTEX_POINT('',#12511);
#6874=VERTEX_POINT('',#13105);
#6875=VERTEX_POINT('',#13106);
#6876=VERTEX_POINT('',#13107);
#6877=VERTEX_POINT('',#13108);
#6878=VERTEX_POINT('',#13109);
#6879=VERTEX_POINT('',#13110);
#6880=VERTEX_POINT('',#13111);
#6881=VERTEX_POINT('',#13112);
#6882=VERTEX_POINT('',#13113);
#6883=VERTEX_POINT('',#13114);
#6884=VERTEX_POINT('',#13115);
#6885=VERTEX_POINT('',#13116);
#6886=VERTEX_POINT('',#13117);
#6887=VERTEX_POINT('',#13118);
#6888=VERTEX_POINT('',#13119);
#6889=VERTEX_POINT('',#13120);
#6890=VERTEX_POINT('',#13121);
#6891=VERTEX_POINT('',#13122);
#6892=VERTEX_POINT('',#13123);
#6893=VERTEX_POINT('',#13124);
#6894=VERTEX_POINT('',#13125);
#6895=VERTEX_POINT('',#13126);
#6896=VERTEX_POINT('',#13127);
#6897=VERTEX_POINT('',#13128);
#6898=VERTEX_POINT('',#13129);
#6899=VERTEX_POINT('',#13130);
#6900=VERTEX_POINT('',#13131);
#6901=VERTEX_POINT('',#13132);
#6902=VERTEX_POINT('',#13133);
#6903=VERTEX_POINT('',#13134);
#6904=VERTEX_POINT('',#13135);
#6905=VERTEX_POINT('',#13136);
#6906=VERTEX_POINT('',#13137);
#6907=VERTEX_POINT('',#13138);
#6908=VERTEX_POINT('',#13139);
#6909=VERTEX_POINT('',#13140);
#6910=VERTEX_POINT('',#13141);
#6911=VERTEX_POINT('',#13142);
#6912=VERTEX_POINT('',#13143);
#6913=VERTEX_POINT('',#13144);
#6914=VERTEX_POINT('',#13145);
#6915=VERTEX_POINT('',#13146);
#6916=VERTEX_POINT('',#13147);
#6917=VERTEX_POINT('',#13148);
#6918=VERTEX_POINT('',#13149);
#6919=VERTEX_POINT('',#13150);
#6920=VERTEX_POINT('',#13151);
#6921=VERTEX_POINT('',#13152);
#6922=VERTEX_POINT('',#13153);
#6923=VERTEX_POINT('',#13154);
#6924=VERTEX_POINT('',#13155);
#6925=VERTEX_POINT('',#13156);
#6926=VERTEX_POINT('',#13157);
#6927=VERTEX_POINT('',#13158);
#6928=VERTEX_POINT('',#13159);
#6929=VERTEX_POINT('',#13160);
#6930=VERTEX_POINT('',#13161);
#6931=VERTEX_POINT('',#13162);
#6932=VERTEX_POINT('',#13163);
#6933=VERTEX_POINT('',#13164);
#6934=VERTEX_POINT('',#13165);
#6935=VERTEX_POINT('',#13166);
#6936=VERTEX_POINT('',#13167);
#6937=VERTEX_POINT('',#13168);
#6938=VERTEX_POINT('',#13169);
#6939=VERTEX_POINT('',#13170);
#6940=VERTEX_POINT('',#13171);
#6941=VERTEX_POINT('',#13172);
#6942=VERTEX_POINT('',#13173);
#6943=VERTEX_POINT('',#13174);
#6944=VERTEX_POINT('',#13175);
#6945=VERTEX_POINT('',#13176);
#6946=VERTEX_POINT('',#13177);
#6947=VERTEX_POINT('',#13178);
#6948=VERTEX_POINT('',#13179);
#6949=VERTEX_POINT('',#13180);
#6950=VERTEX_POINT('',#13181);
#6951=VERTEX_POINT('',#13182);
#6952=VERTEX_POINT('',#13183);
#6953=VERTEX_POINT('',#13184);
#6954=VERTEX_POINT('',#13185);
#6955=VERTEX_POINT('',#13186);
#6956=VERTEX_POINT('',#13187);
#6957=VERTEX_POINT('',#13188);
#6958=VERTEX_POINT('',#13189);
#6959=VERTEX_POINT('',#13190);
#6960=VERTEX_POINT('',#13191);
#6961=VERTEX_POINT('',#13192);
#6962=VERTEX_POINT('',#13193);
#6963=VERTEX_POINT('',#13194);
#6964=VERTEX_POINT('',#13195);
#6965=VERTEX_POINT('',#13196);
#6966=VERTEX_POINT('',#13197);
#6967=VERTEX_POINT('',#13198);
#6968=VERTEX_POINT('',#13199);
#6969=VERTEX_POINT('',#13200);
#6970=VERTEX_POINT('',#13201);
#6971=VERTEX_POINT('',#13202);
#6972=VERTEX_POINT('',#13203);
#6973=VERTEX_POINT('',#13204);
#6974=VERTEX_POINT('',#13205);
#6975=VERTEX_POINT('',#13206);
#6976=VERTEX_POINT('',#13207);
#6977=VERTEX_POINT('',#13208);
#6978=VERTEX_POINT('',#13209);
#6979=VERTEX_POINT('',#13210);
#6980=VERTEX_POINT('',#13211);
#6981=VERTEX_POINT('',#13212);
#6982=VERTEX_POINT('',#13213);
#6983=VERTEX_POINT('',#13214);
#6984=VERTEX_POINT('',#13215);
#6985=VERTEX_POINT('',#13216);
#6986=VERTEX_POINT('',#13217);
#6987=VERTEX_POINT('',#13218);
#6988=VERTEX_POINT('',#13219);
#6989=VERTEX_POINT('',#13220);
#6990=VERTEX_POINT('',#13221);
#6991=VERTEX_POINT('',#13222);
#6992=(
BOUNDED_SURFACE()
B_SPLINE_SURFACE(2,1,((#7520,#7521),(#7522,#7523),(#7524,#7525),(#7526,
#7527),(#7528,#7529),(#7530,#7531),(#7532,#7533),(#7534,#7535),(#7536,#7537)),
 .UNSPECIFIED.,.T.,.F.,.F.)
B_SPLINE_SURFACE_WITH_KNOTS((3,2,2,2,3),(2,2),(0.,1.5707963267949,3.14159265358979,
4.71238898038469,6.28318530717959),(0.,3.0192),.UNSPECIFIED.)
GEOMETRIC_REPRESENTATION_ITEM()
RATIONAL_B_SPLINE_SURFACE(((1.,1.),(0.707106781186548,0.707106781186548),
(1.,1.),(0.707106781186548,0.707106781186548),(1.,1.),(0.707106781186548,
0.707106781186548),(1.,1.),(0.707106781186548,0.707106781186548),(1.,1.)))
REPRESENTATION_ITEM('')
SURFACE()
);
#6993=(
BOUNDED_SURFACE()
B_SPLINE_SURFACE(2,1,((#7539,#7540),(#7541,#7542),(#7543,#7544),(#7545,
#7546),(#7547,#7548),(#7549,#7550),(#7551,#7552),(#7553,#7554),(#7555,#7556)),
 .UNSPECIFIED.,.T.,.F.,.F.)
B_SPLINE_SURFACE_WITH_KNOTS((3,2,2,2,3),(2,2),(0.,1.5707963267949,3.14159265358979,
4.71238898038469,6.28318530717959),(0.,5.0524369874088),.UNSPECIFIED.)
GEOMETRIC_REPRESENTATION_ITEM()
RATIONAL_B_SPLINE_SURFACE(((1.,1.),(0.707106781186548,0.707106781186548),
(1.,1.),(0.707106781186548,0.707106781186548),(1.,1.),(0.707106781186548,
0.707106781186548),(1.,1.),(0.707106781186548,0.707106781186548),(1.,1.)))
REPRESENTATION_ITEM('')
SURFACE()
);
#6994=(
BOUNDED_SURFACE()
B_SPLINE_SURFACE(2,2,((#7557,#7558,#7559,#7560,#7561,#7562,#7563,#7564,
#7565),(#7566,#7567,#7568,#7569,#7570,#7571,#7572,#7573,#7574),(#7575,#7576,
#7577,#7578,#7579,#7580,#7581,#7582,#7583),(#7584,#7585,#7586,#7587,#7588,
#7589,#7590,#7591,#7592),(#7593,#7594,#7595,#7596,#7597,#7598,#7599,#7600,
#7601),(#7602,#7603,#7604,#7605,#7606,#7607,#7608,#7609,#7610),(#7611,#7612,
#7613,#7614,#7615,#7616,#7617,#7618,#7619),(#7620,#7621,#7622,#7623,#7624,
#7625,#7626,#7627,#7628),(#7629,#7630,#7631,#7632,#7633,#7634,#7635,#7636,
#7637)),.UNSPECIFIED.,.T.,.F.,.F.)
B_SPLINE_SURFACE_WITH_KNOTS((3,2,2,2,3),(3,2,2,2,3),(0.,0.471238898038469,
0.942477796076938,1.41371669411541,1.88495559215388),(0.,0.314159265358979,
0.628318530717959,0.942477796076938,1.25663706143592),.UNSPECIFIED.)
GEOMETRIC_REPRESENTATION_ITEM()
RATIONAL_B_SPLINE_SURFACE(((1.,0.707106781186548,1.,0.707106781186548,1.,
0.707106781186548,1.,0.707106781186548,1.),(0.707106781186548,0.5,0.707106781186548,
0.5,0.707106781186548,0.5,0.707106781186548,0.5,0.707106781186548),(1.,
0.707106781186548,1.,0.707106781186548,1.,0.707106781186548,1.,0.707106781186548,
1.),(0.707106781186548,0.5,0.707106781186548,0.5,0.707106781186548,0.5,
0.707106781186548,0.5,0.707106781186548),(1.,0.707106781186548,1.,0.707106781186548,
1.,0.707106781186548,1.,0.707106781186548,1.),(0.707106781186548,0.5,0.707106781186548,
0.5,0.707106781186548,0.5,0.707106781186548,0.5,0.707106781186548),(1.,
0.707106781186548,1.,0.707106781186548,1.,0.707106781186548,1.,0.707106781186548,
1.),(0.707106781186548,0.5,0.707106781186548,0.5,0.707106781186548,0.5,
0.707106781186548,0.5,0.707106781186548),(1.,0.707106781186548,1.,0.707106781186548,
1.,0.707106781186548,1.,0.707106781186548,1.)))
REPRESENTATION_ITEM('')
SURFACE()
);
#6995=(
BOUNDED_SURFACE()
B_SPLINE_SURFACE(2,1,((#7638,#7639),(#7640,#7641),(#7642,#7643),(#7644,
#7645),(#7646,#7647),(#7648,#7649),(#7650,#7651),(#7652,#7653),(#7654,#7655)),
 .UNSPECIFIED.,.T.,.F.,.F.)
B_SPLINE_SURFACE_WITH_KNOTS((3,2,2,2,3),(2,2),(0.,1.5707963267949,3.14159265358979,
4.71238898038469,6.28318530717959),(0.,3.0192),.UNSPECIFIED.)
GEOMETRIC_REPRESENTATION_ITEM()
RATIONAL_B_SPLINE_SURFACE(((1.,1.),(0.707106781186548,0.707106781186548),
(1.,1.),(0.707106781186548,0.707106781186548),(1.,1.),(0.707106781186548,
0.707106781186548),(1.,1.),(0.707106781186548,0.707106781186548),(1.,1.)))
REPRESENTATION_ITEM('')
SURFACE()
);
#6996=(
BOUNDED_SURFACE()
B_SPLINE_SURFACE(2,1,((#7657,#7658),(#7659,#7660),(#7661,#7662),(#7663,
#7664),(#7665,#7666),(#7667,#7668),(#7669,#7670),(#7671,#7672),(#7673,#7674)),
 .UNSPECIFIED.,.T.,.F.,.F.)
B_SPLINE_SURFACE_WITH_KNOTS((3,2,2,2,3),(2,2),(0.,1.5707963267949,3.14159265358979,
4.71238898038469,6.28318530717959),(0.,6.7752),.UNSPECIFIED.)
GEOMETRIC_REPRESENTATION_ITEM()
RATIONAL_B_SPLINE_SURFACE(((1.,1.),(0.707106781186548,0.707106781186548),
(1.,1.),(0.707106781186548,0.707106781186548),(1.,1.),(0.707106781186548,
0.707106781186548),(1.,1.),(0.707106781186548,0.707106781186548),(1.,1.)))
REPRESENTATION_ITEM('')
SURFACE()
);
#6997=(
BOUNDED_SURFACE()
B_SPLINE_SURFACE(2,2,((#7675,#7676,#7677,#7678,#7679,#7680,#7681,#7682,
#7683),(#7684,#7685,#7686,#7687,#7688,#7689,#7690,#7691,#7692),(#7693,#7694,
#7695,#7696,#7697,#7698,#7699,#7700,#7701),(#7702,#7703,#7704,#7705,#7706,
#7707,#7708,#7709,#7710),(#7711,#7712,#7713,#7714,#7715,#7716,#7717,#7718,
#7719),(#7720,#7721,#7722,#7723,#7724,#7725,#7726,#7727,#7728),(#7729,#7730,
#7731,#7732,#7733,#7734,#7735,#7736,#7737),(#7738,#7739,#7740,#7741,#7742,
#7743,#7744,#7745,#7746),(#7747,#7748,#7749,#7750,#7751,#7752,#7753,#7754,
#7755)),.UNSPECIFIED.,.T.,.F.,.F.)
B_SPLINE_SURFACE_WITH_KNOTS((3,2,2,2,3),(3,2,2,2,3),(0.,0.471238898038469,
0.942477796076938,1.41371669411541,1.88495559215388),(0.,0.314159265358979,
0.628318530717959,0.942477796076938,1.25663706143592),.UNSPECIFIED.)
GEOMETRIC_REPRESENTATION_ITEM()
RATIONAL_B_SPLINE_SURFACE(((1.,0.707106781186548,1.,0.707106781186548,1.,
0.707106781186548,1.,0.707106781186548,1.),(0.707106781186548,0.5,0.707106781186548,
0.5,0.707106781186548,0.5,0.707106781186548,0.5,0.707106781186548),(1.,
0.707106781186548,1.,0.707106781186548,1.,0.707106781186548,1.,0.707106781186548,
1.),(0.707106781186548,0.5,0.707106781186548,0.5,0.707106781186548,0.5,
0.707106781186548,0.5,0.707106781186548),(1.,0.707106781186548,1.,0.707106781186548,
1.,0.707106781186548,1.,0.707106781186548,1.),(0.707106781186548,0.5,0.707106781186548,
0.5,0.707106781186548,0.5,0.707106781186548,0.5,0.707106781186548),(1.,
0.707106781186548,1.,0.707106781186548,1.,0.707106781186548,1.,0.707106781186548,
1.),(0.707106781186548,0.5,0.707106781186548,0.5,0.707106781186548,0.5,
0.707106781186548,0.5,0.707106781186548),(1.,0.707106781186548,1.,0.707106781186548,
1.,0.707106781186548,1.,0.707106781186548,1.)))
REPRESENTATION_ITEM('')
SURFACE()
);
#6998=(
BOUNDED_SURFACE()
B_SPLINE_SURFACE(2,1,((#7756,#7757),(#7758,#7759),(#7760,#7761),(#7762,
#7763),(#7764,#7765),(#7766,#7767),(#7768,#7769),(#7770,#7771),(#7772,#7773)),
 .UNSPECIFIED.,.T.,.F.,.F.)
B_SPLINE_SURFACE_WITH_KNOTS((3,2,2,2,3),(2,2),(0.,1.5707963267949,3.14159265358979,
4.71238898038469,6.28318530717959),(0.,3.0192),.UNSPECIFIED.)
GEOMETRIC_REPRESENTATION_ITEM()
RATIONAL_B_SPLINE_SURFACE(((1.,1.),(0.707106781186548,0.707106781186548),
(1.,1.),(0.707106781186548,0.707106781186548),(1.,1.),(0.707106781186548,
0.707106781186548),(1.,1.),(0.707106781186548,0.707106781186548),(1.,1.)))
REPRESENTATION_ITEM('')
SURFACE()
);
#6999=(
BOUNDED_SURFACE()
B_SPLINE_SURFACE(1,2,((#7778,#7779,#7780,#7781,#7782,#7783,#7784,#7785,
#7786),(#7787,#7788,#7789,#7790,#7791,#7792,#7793,#7794,#7795)),
 .UNSPECIFIED.,.F.,.F.,.F.)
B_SPLINE_SURFACE_WITH_KNOTS((2,2),(3,2,2,2,3),(0.,1.57994138027136),(0.,
1.5707963267949,3.14159265358979,4.71238898038469,6.28318530717959),
 .UNSPECIFIED.)
GEOMETRIC_REPRESENTATION_ITEM()
RATIONAL_B_SPLINE_SURFACE(((1.,0.707106781186548,1.,0.707106781186548,1.,
0.707106781186548,1.,0.707106781186548,1.),(1.,0.707106781186548,1.,0.707106781186548,
1.,0.707106781186548,1.,0.707106781186548,1.)))
REPRESENTATION_ITEM('')
SURFACE()
);
#7000=(
BOUNDED_SURFACE()
B_SPLINE_SURFACE(1,2,((#7796,#7797,#7798,#7799,#7800,#7801,#7802,#7803,
#7804),(#7805,#7806,#7807,#7808,#7809,#7810,#7811,#7812,#7813)),
 .UNSPECIFIED.,.F.,.F.,.F.)
B_SPLINE_SURFACE_WITH_KNOTS((2,2),(3,2,2,2,3),(0.,1.58019021254352),(0.,
1.5707963267949,3.14159265358979,4.71238898038469,6.28318530717959),
 .UNSPECIFIED.)
GEOMETRIC_REPRESENTATION_ITEM()
RATIONAL_B_SPLINE_SURFACE(((1.,0.707106781186548,1.,0.707106781186548,1.,
0.707106781186548,1.,0.707106781186548,1.),(1.,0.707106781186548,1.,0.707106781186548,
1.,0.707106781186548,1.,0.707106781186548,1.)))
REPRESENTATION_ITEM('')
SURFACE()
);
#7001=(
BOUNDED_SURFACE()
B_SPLINE_SURFACE(2,1,((#7816,#7817),(#7818,#7819),(#7820,#7821),(#7822,
#7823),(#7824,#7825),(#7826,#7827),(#7828,#7829),(#7830,#7831),(#7832,#7833)),
 .UNSPECIFIED.,.T.,.F.,.F.)
B_SPLINE_SURFACE_WITH_KNOTS((3,2,2,2,3),(2,2),(0.,1.5707963267949,3.14159265358979,
4.71238898038469,6.28318530717959),(0.,4.95122822697473),.UNSPECIFIED.)
GEOMETRIC_REPRESENTATION_ITEM()
RATIONAL_B_SPLINE_SURFACE(((1.,1.),(0.707106781186548,0.707106781186548),
(1.,1.),(0.707106781186548,0.707106781186548),(1.,1.),(0.707106781186548,
0.707106781186548),(1.,1.),(0.707106781186548,0.707106781186548),(1.,1.)))
REPRESENTATION_ITEM('')
SURFACE()
);
#7002=(
BOUNDED_SURFACE()
B_SPLINE_SURFACE(2,1,((#7834,#7835),(#7836,#7837),(#7838,#7839),(#7840,
#7841),(#7842,#7843),(#7844,#7845),(#7846,#7847),(#7848,#7849),(#7850,#7851)),
 .UNSPECIFIED.,.T.,.F.,.F.)
B_SPLINE_SURFACE_WITH_KNOTS((3,2,2,2,3),(2,2),(0.,1.5707963267949,3.14159265358979,
4.71238898038469,6.28318530717959),(0.,2.2576450557864),.UNSPECIFIED.)
GEOMETRIC_REPRESENTATION_ITEM()
RATIONAL_B_SPLINE_SURFACE(((1.,1.),(0.707106781186548,0.707106781186548),
(1.,1.),(0.707106781186548,0.707106781186548),(1.,1.),(0.707106781186548,
0.707106781186548),(1.,1.),(0.707106781186548,0.707106781186548),(1.,1.)))
REPRESENTATION_ITEM('')
SURFACE()
);
#7003=(
BOUNDED_SURFACE()
B_SPLINE_SURFACE(2,1,((#7852,#7853),(#7854,#7855),(#7856,#7857),(#7858,
#7859),(#7860,#7861),(#7862,#7863),(#7864,#7865),(#7866,#7867),(#7868,#7869)),
 .UNSPECIFIED.,.T.,.F.,.F.)
B_SPLINE_SURFACE_WITH_KNOTS((3,2,2,2,3),(2,2),(0.,1.5707963267949,3.14159265358979,
4.71238898038469,6.28318530717959),(0.,2.2576450557864),.UNSPECIFIED.)
GEOMETRIC_REPRESENTATION_ITEM()
RATIONAL_B_SPLINE_SURFACE(((1.,1.),(0.707106781186548,0.707106781186548),
(1.,1.),(0.707106781186548,0.707106781186548),(1.,1.),(0.707106781186548,
0.707106781186548),(1.,1.),(0.707106781186548,0.707106781186548),(1.,1.)))
REPRESENTATION_ITEM('')
SURFACE()
);
#7004=(
BOUNDED_SURFACE()
B_SPLINE_SURFACE(2,1,((#7870,#7871),(#7872,#7873),(#7874,#7875),(#7876,
#7877),(#7878,#7879),(#7880,#7881),(#7882,#7883),(#7884,#7885),(#7886,#7887)),
 .UNSPECIFIED.,.T.,.F.,.F.)
B_SPLINE_SURFACE_WITH_KNOTS((3,2,2,2,3),(2,2),(0.,1.5707963267949,3.14159265358979,
4.71238898038469,6.28318530717959),(0.,4.95122822697473),.UNSPECIFIED.)
GEOMETRIC_REPRESENTATION_ITEM()
RATIONAL_B_SPLINE_SURFACE(((1.,1.),(0.707106781186548,0.707106781186548),
(1.,1.),(0.707106781186548,0.707106781186548),(1.,1.),(0.707106781186548,
0.707106781186548),(1.,1.),(0.707106781186548,0.707106781186548),(1.,1.)))
REPRESENTATION_ITEM('')
SURFACE()
);
#7005=(
BOUNDED_SURFACE()
B_SPLINE_SURFACE(1,2,((#7890,#7891,#7892,#7893,#7894,#7895,#7896,#7897,
#7898),(#7899,#7900,#7901,#7902,#7903,#7904,#7905,#7906,#7907)),
 .UNSPECIFIED.,.F.,.F.,.F.)
B_SPLINE_SURFACE_WITH_KNOTS((2,2),(3,2,2,2,3),(0.,2.99445655913435),(0.,
1.5707963267949,3.14159265358979,4.71238898038469,6.28318530717959),
 .UNSPECIFIED.)
GEOMETRIC_REPRESENTATION_ITEM()
RATIONAL_B_SPLINE_SURFACE(((1.,0.707106781186548,1.,0.707106781186548,1.,
0.707106781186548,1.,0.707106781186548,1.),(1.,0.707106781186548,1.,0.707106781186548,
1.,0.707106781186548,1.,0.707106781186548,1.)))
REPRESENTATION_ITEM('')
SURFACE()
);
#7006=(
BOUNDED_SURFACE()
B_SPLINE_SURFACE(1,2,((#7909,#7910,#7911,#7912,#7913,#7914,#7915,#7916,
#7917),(#7918,#7919,#7920,#7921,#7922,#7923,#7924,#7925,#7926)),
 .UNSPECIFIED.,.F.,.F.,.F.)
B_SPLINE_SURFACE_WITH_KNOTS((2,2),(3,2,2,2,3),(0.,1.57994138028959),(0.,
1.5707963267949,3.14159265358979,4.71238898038469,6.28318530717959),
 .UNSPECIFIED.)
GEOMETRIC_REPRESENTATION_ITEM()
RATIONAL_B_SPLINE_SURFACE(((1.,0.707106781186548,1.,0.707106781186548,1.,
0.707106781186548,1.,0.707106781186548,1.),(1.,0.707106781186548,1.,0.707106781186548,
1.,0.707106781186548,1.,0.707106781186548,1.)))
REPRESENTATION_ITEM('')
SURFACE()
);
#7007=(
BOUNDED_SURFACE()
B_SPLINE_SURFACE(1,2,((#7927,#7928,#7929,#7930,#7931,#7932,#7933,#7934,
#7935),(#7936,#7937,#7938,#7939,#7940,#7941,#7942,#7943,#7944)),
 .UNSPECIFIED.,.F.,.F.,.F.)
B_SPLINE_SURFACE_WITH_KNOTS((2,2),(3,2,2,2,3),(0.,2.99445656474326),(0.,
1.5707963267949,3.14159265358979,4.71238898038469,6.28318530717959),
 .UNSPECIFIED.)
GEOMETRIC_REPRESENTATION_ITEM()
RATIONAL_B_SPLINE_SURFACE(((1.,0.707106781186548,1.,0.707106781186548,1.,
0.707106781186548,1.,0.707106781186548,1.),(1.,0.707106781186548,1.,0.707106781186548,
1.,0.707106781186548,1.,0.707106781186548,1.)))
REPRESENTATION_ITEM('')
SURFACE()
);
#7008=(
BOUNDED_SURFACE()
B_SPLINE_SURFACE(1,2,((#7947,#7948,#7949,#7950,#7951,#7952,#7953,#7954,
#7955),(#7956,#7957,#7958,#7959,#7960,#7961,#7962,#7963,#7964)),
 .UNSPECIFIED.,.F.,.F.,.F.)
B_SPLINE_SURFACE_WITH_KNOTS((2,2),(3,2,2,2,3),(0.,1.58019021255318),(0.,
1.5707963267949,3.14159265358979,4.71238898038469,6.28318530717959),
 .UNSPECIFIED.)
GEOMETRIC_REPRESENTATION_ITEM()
RATIONAL_B_SPLINE_SURFACE(((1.,0.707106781186548,1.,0.707106781186548,1.,
0.707106781186548,1.,0.707106781186548,1.),(1.,0.707106781186548,1.,0.707106781186548,
1.,0.707106781186548,1.,0.707106781186548,1.)))
REPRESENTATION_ITEM('')
SURFACE()
);
#7009=(
BOUNDED_SURFACE()
B_SPLINE_SURFACE(1,2,((#7965,#7966,#7967,#7968,#7969,#7970,#7971,#7972,
#7973),(#7974,#7975,#7976,#7977,#7978,#7979,#7980,#7981,#7982)),
 .UNSPECIFIED.,.F.,.F.,.F.)
B_SPLINE_SURFACE_WITH_KNOTS((2,2),(3,2,2,2,3),(0.,2.99445655913605),(0.,
1.5707963267949,3.14159265358979,4.71238898038469,6.28318530717959),
 .UNSPECIFIED.)
GEOMETRIC_REPRESENTATION_ITEM()
RATIONAL_B_SPLINE_SURFACE(((1.,0.707106781186548,1.,0.707106781186548,1.,
0.707106781186548,1.,0.707106781186548,1.),(1.,0.707106781186548,1.,0.707106781186548,
1.,0.707106781186548,1.,0.707106781186548,1.)))
REPRESENTATION_ITEM('')
SURFACE()
);
#7010=(
BOUNDED_SURFACE()
B_SPLINE_SURFACE(1,2,((#7984,#7985,#7986,#7987,#7988,#7989,#7990,#7991,
#7992),(#7993,#7994,#7995,#7996,#7997,#7998,#7999,#8000,#8001)),
 .UNSPECIFIED.,.F.,.F.,.F.)
B_SPLINE_SURFACE_WITH_KNOTS((2,2),(3,2,2,2,3),(0.,2.99445656474294),(0.,
1.5707963267949,3.14159265358979,4.71238898038469,6.28318530717959),
 .UNSPECIFIED.)
GEOMETRIC_REPRESENTATION_ITEM()
RATIONAL_B_SPLINE_SURFACE(((1.,0.707106781186548,1.,0.707106781186548,1.,
0.707106781186548,1.,0.707106781186548,1.),(1.,0.707106781186548,1.,0.707106781186548,
1.,0.707106781186548,1.,0.707106781186548,1.)))
REPRESENTATION_ITEM('')
SURFACE()
);
#7011=(
BOUNDED_SURFACE()
B_SPLINE_SURFACE(1,2,((#8008,#8009,#8010,#8011,#8012,#8013,#8014,#8015,
#8016),(#8017,#8018,#8019,#8020,#8021,#8022,#8023,#8024,#8025)),
 .UNSPECIFIED.,.F.,.F.,.F.)
B_SPLINE_SURFACE_WITH_KNOTS((2,2),(3,2,2,2,3),(0.,1.5792000001728),(0.,
1.5707963267949,3.14159265358979,4.71238898038469,6.28318530717959),
 .UNSPECIFIED.)
GEOMETRIC_REPRESENTATION_ITEM()
RATIONAL_B_SPLINE_SURFACE(((1.,0.707106781186548,1.,0.707106781186548,1.,
0.707106781186548,1.,0.707106781186548,1.),(1.,0.707106781186548,1.,0.707106781186548,
1.,0.707106781186548,1.,0.707106781186548,1.)))
REPRESENTATION_ITEM('')
SURFACE()
);
#7012=(
BOUNDED_SURFACE()
B_SPLINE_SURFACE(1,2,((#8027,#8028,#8029,#8030,#8031,#8032,#8033,#8034,
#8035),(#8036,#8037,#8038,#8039,#8040,#8041,#8042,#8043,#8044)),
 .UNSPECIFIED.,.F.,.F.,.F.)
B_SPLINE_SURFACE_WITH_KNOTS((2,2),(3,2,2,2,3),(0.,1.5792000001728),(0.,
1.5707963267949,3.14159265358979,4.71238898038469,6.28318530717959),
 .UNSPECIFIED.)
GEOMETRIC_REPRESENTATION_ITEM()
RATIONAL_B_SPLINE_SURFACE(((1.,0.707106781186548,1.,0.707106781186548,1.,
0.707106781186548,1.,0.707106781186548,1.),(1.,0.707106781186548,1.,0.707106781186548,
1.,0.707106781186548,1.,0.707106781186548,1.)))
REPRESENTATION_ITEM('')
SURFACE()
);
#7013=(
BOUNDED_SURFACE()
B_SPLINE_SURFACE(1,2,((#8046,#8047,#8048,#8049,#8050,#8051,#8052,#8053,
#8054),(#8055,#8056,#8057,#8058,#8059,#8060,#8061,#8062,#8063)),
 .UNSPECIFIED.,.F.,.F.,.F.)
B_SPLINE_SURFACE_WITH_KNOTS((2,2),(3,2,2,2,3),(0.,1.5792000001728),(0.,
1.5707963267949,3.14159265358979,4.71238898038469,6.28318530717959),
 .UNSPECIFIED.)
GEOMETRIC_REPRESENTATION_ITEM()
RATIONAL_B_SPLINE_SURFACE(((1.,0.707106781186548,1.,0.707106781186548,1.,
0.707106781186548,1.,0.707106781186548,1.),(1.,0.707106781186548,1.,0.707106781186548,
1.,0.707106781186548,1.,0.707106781186548,1.)))
REPRESENTATION_ITEM('')
SURFACE()
);
#7014=(
BOUNDED_SURFACE()
B_SPLINE_SURFACE(1,2,((#8068,#8069,#8070,#8071,#8072,#8073,#8074,#8075,
#8076),(#8077,#8078,#8079,#8080,#8081,#8082,#8083,#8084,#8085)),
 .UNSPECIFIED.,.F.,.F.,.F.)
B_SPLINE_SURFACE_WITH_KNOTS((2,2),(3,2,2,2,3),(0.,1.5792000001728),(0.,
1.5707963267949,3.14159265358979,4.71238898038469,6.28318530717959),
 .UNSPECIFIED.)
GEOMETRIC_REPRESENTATION_ITEM()
RATIONAL_B_SPLINE_SURFACE(((1.,0.707106781186548,1.,0.707106781186548,1.,
0.707106781186548,1.,0.707106781186548,1.),(1.,0.707106781186548,1.,0.707106781186548,
1.,0.707106781186548,1.,0.707106781186548,1.)))
REPRESENTATION_ITEM('')
SURFACE()
);
#7015=(
BOUNDED_SURFACE()
B_SPLINE_SURFACE(1,2,((#8087,#8088,#8089,#8090,#8091,#8092,#8093,#8094,
#8095),(#8096,#8097,#8098,#8099,#8100,#8101,#8102,#8103,#8104)),
 .UNSPECIFIED.,.F.,.F.,.F.)
B_SPLINE_SURFACE_WITH_KNOTS((2,2),(3,2,2,2,3),(0.,3.14525430061676),(0.,
1.5707963267949,3.14159265358979,4.71238898038469,6.28318530717959),
 .UNSPECIFIED.)
GEOMETRIC_REPRESENTATION_ITEM()
RATIONAL_B_SPLINE_SURFACE(((1.,0.707106781186548,1.,0.707106781186548,1.,
0.707106781186548,1.,0.707106781186548,1.),(1.,0.707106781186548,1.,0.707106781186548,
1.,0.707106781186548,1.,0.707106781186548,1.)))
REPRESENTATION_ITEM('')
SURFACE()
);
#7016=(
BOUNDED_SURFACE()
B_SPLINE_SURFACE(1,2,((#8106,#8107,#8108,#8109,#8110,#8111,#8112,#8113,
#8114),(#8115,#8116,#8117,#8118,#8119,#8120,#8121,#8122,#8123)),
 .UNSPECIFIED.,.F.,.F.,.F.)
B_SPLINE_SURFACE_WITH_KNOTS((2,2),(3,2,2,2,3),(0.,3.14525430061738),(0.,
1.5707963267949,3.14159265358979,4.71238898038469,6.28318530717959),
 .UNSPECIFIED.)
GEOMETRIC_REPRESENTATION_ITEM()
RATIONAL_B_SPLINE_SURFACE(((1.,0.707106781186548,1.,0.707106781186548,1.,
0.707106781186548,1.,0.707106781186548,1.),(1.,0.707106781186548,1.,0.707106781186548,
1.,0.707106781186548,1.,0.707106781186548,1.)))
REPRESENTATION_ITEM('')
SURFACE()
);
#7017=(
BOUNDED_SURFACE()
B_SPLINE_SURFACE(1,2,((#8125,#8126,#8127,#8128,#8129,#8130,#8131,#8132,
#8133),(#8134,#8135,#8136,#8137,#8138,#8139,#8140,#8141,#8142)),
 .UNSPECIFIED.,.F.,.F.,.F.)
B_SPLINE_SURFACE_WITH_KNOTS((2,2),(3,2,2,2,3),(0.,3.14525430061729),(0.,
1.5707963267949,3.14159265358979,4.71238898038469,6.28318530717959),
 .UNSPECIFIED.)
GEOMETRIC_REPRESENTATION_ITEM()
RATIONAL_B_SPLINE_SURFACE(((1.,0.707106781186548,1.,0.707106781186548,1.,
0.707106781186548,1.,0.707106781186548,1.),(1.,0.707106781186548,1.,0.707106781186548,
1.,0.707106781186548,1.,0.707106781186548,1.)))
REPRESENTATION_ITEM('')
SURFACE()
);
#7018=(
BOUNDED_SURFACE()
B_SPLINE_SURFACE(1,2,((#8144,#8145,#8146,#8147,#8148,#8149,#8150,#8151,
#8152),(#8153,#8154,#8155,#8156,#8157,#8158,#8159,#8160,#8161)),
 .UNSPECIFIED.,.F.,.F.,.F.)
B_SPLINE_SURFACE_WITH_KNOTS((2,2),(3,2,2,2,3),(0.,3.1452543006201),(0.,
1.5707963267949,3.14159265358979,4.71238898038469,6.28318530717959),
 .UNSPECIFIED.)
GEOMETRIC_REPRESENTATION_ITEM()
RATIONAL_B_SPLINE_SURFACE(((1.,0.707106781186548,1.,0.707106781186548,1.,
0.707106781186548,1.,0.707106781186548,1.),(1.,0.707106781186548,1.,0.707106781186548,
1.,0.707106781186548,1.,0.707106781186548,1.)))
REPRESENTATION_ITEM('')
SURFACE()
);
#7019=(
BOUNDED_SURFACE()
B_SPLINE_SURFACE(2,1,((#8164,#8165),(#8166,#8167),(#8168,#8169),(#8170,
#8171),(#8172,#8173),(#8174,#8175),(#8176,#8177),(#8178,#8179),(#8180,#8181)),
 .UNSPECIFIED.,.T.,.F.,.F.)
B_SPLINE_SURFACE_WITH_KNOTS((3,2,2,2,3),(2,2),(0.,1.5707963267949,3.14159265358979,
4.71238898038469,6.28318530717959),(0.,2.2576450557864),.UNSPECIFIED.)
GEOMETRIC_REPRESENTATION_ITEM()
RATIONAL_B_SPLINE_SURFACE(((1.,1.),(0.707106781186548,0.707106781186548),
(1.,1.),(0.707106781186548,0.707106781186548),(1.,1.),(0.707106781186548,
0.707106781186548),(1.,1.),(0.707106781186548,0.707106781186548),(1.,1.)))
REPRESENTATION_ITEM('')
SURFACE()
);
#7020=(
BOUNDED_SURFACE()
B_SPLINE_SURFACE(2,1,((#8182,#8183),(#8184,#8185),(#8186,#8187),(#8188,
#8189),(#8190,#8191),(#8192,#8193),(#8194,#8195),(#8196,#8197),(#8198,#8199)),
 .UNSPECIFIED.,.T.,.F.,.F.)
B_SPLINE_SURFACE_WITH_KNOTS((3,2,2,2,3),(2,2),(0.,1.5707963267949,3.14159265358979,
4.71238898038469,6.28318530717959),(0.,4.9512282269771),.UNSPECIFIED.)
GEOMETRIC_REPRESENTATION_ITEM()
RATIONAL_B_SPLINE_SURFACE(((1.,1.),(0.707106781186548,0.707106781186548),
(1.,1.),(0.707106781186548,0.707106781186548),(1.,1.),(0.707106781186548,
0.707106781186548),(1.,1.),(0.707106781186548,0.707106781186548),(1.,1.)))
REPRESENTATION_ITEM('')
SURFACE()
);
#7021=(
BOUNDED_SURFACE()
B_SPLINE_SURFACE(2,1,((#8200,#8201),(#8202,#8203),(#8204,#8205),(#8206,
#8207),(#8208,#8209),(#8210,#8211),(#8212,#8213),(#8214,#8215),(#8216,#8217)),
 .UNSPECIFIED.,.T.,.F.,.F.)
B_SPLINE_SURFACE_WITH_KNOTS((3,2,2,2,3),(2,2),(0.,1.5707963267949,3.14159265358979,
4.71238898038469,6.28318530717959),(0.,4.9512282269771),.UNSPECIFIED.)
GEOMETRIC_REPRESENTATION_ITEM()
RATIONAL_B_SPLINE_SURFACE(((1.,1.),(0.707106781186548,0.707106781186548),
(1.,1.),(0.707106781186548,0.707106781186548),(1.,1.),(0.707106781186548,
0.707106781186548),(1.,1.),(0.707106781186548,0.707106781186548),(1.,1.)))
REPRESENTATION_ITEM('')
SURFACE()
);
#7022=(
BOUNDED_SURFACE()
B_SPLINE_SURFACE(2,1,((#8218,#8219),(#8220,#8221),(#8222,#8223),(#8224,
#8225),(#8226,#8227),(#8228,#8229),(#8230,#8231),(#8232,#8233),(#8234,#8235)),
 .UNSPECIFIED.,.T.,.F.,.F.)
B_SPLINE_SURFACE_WITH_KNOTS((3,2,2,2,3),(2,2),(0.,1.5707963267949,3.14159265358979,
4.71238898038469,6.28318530717959),(0.,2.2576450557864),.UNSPECIFIED.)
GEOMETRIC_REPRESENTATION_ITEM()
RATIONAL_B_SPLINE_SURFACE(((1.,1.),(0.707106781186548,0.707106781186548),
(1.,1.),(0.707106781186548,0.707106781186548),(1.,1.),(0.707106781186548,
0.707106781186548),(1.,1.),(0.707106781186548,0.707106781186548),(1.,1.)))
REPRESENTATION_ITEM('')
SURFACE()
);
#7023=(
BOUNDED_SURFACE()
B_SPLINE_SURFACE(2,2,((#8236,#8237,#8238,#8239,#8240,#8241,#8242,#8243,
#8244),(#8245,#8246,#8247,#8248,#8249,#8250,#8251,#8252,#8253),(#8254,#8255,
#8256,#8257,#8258,#8259,#8260,#8261,#8262),(#8263,#8264,#8265,#8266,#8267,
#8268,#8269,#8270,#8271),(#8272,#8273,#8274,#8275,#8276,#8277,#8278,#8279,
#8280),(#8281,#8282,#8283,#8284,#8285,#8286,#8287,#8288,#8289),(#8290,#8291,
#8292,#8293,#8294,#8295,#8296,#8297,#8298),(#8299,#8300,#8301,#8302,#8303,
#8304,#8305,#8306,#8307),(#8308,#8309,#8310,#8311,#8312,#8313,#8314,#8315,
#8316)),.UNSPECIFIED.,.T.,.F.,.F.)
B_SPLINE_SURFACE_WITH_KNOTS((3,2,2,2,3),(3,2,2,2,3),(0.,0.392699081698724,
0.785398163397448,1.17809724509617,1.5707963267949),(0.,0.15707963267949,
0.314159265358979,0.471238898038469,0.628318530717959),.UNSPECIFIED.)
GEOMETRIC_REPRESENTATION_ITEM()
RATIONAL_B_SPLINE_SURFACE(((1.,0.707106781186548,1.,0.707106781186548,1.,
0.707106781186548,1.,0.707106781186548,1.),(0.707106781186548,0.5,0.707106781186548,
0.5,0.707106781186548,0.5,0.707106781186548,0.5,0.707106781186548),(1.,
0.707106781186548,1.,0.707106781186548,1.,0.707106781186548,1.,0.707106781186548,
1.),(0.707106781186548,0.5,0.707106781186548,0.5,0.707106781186548,0.5,
0.707106781186548,0.5,0.707106781186548),(1.,0.707106781186548,1.,0.707106781186548,
1.,0.707106781186548,1.,0.707106781186548,1.),(0.707106781186548,0.5,0.707106781186548,
0.5,0.707106781186548,0.5,0.707106781186548,0.5,0.707106781186548),(1.,
0.707106781186548,1.,0.707106781186548,1.,0.707106781186548,1.,0.707106781186548,
1.),(0.707106781186548,0.5,0.707106781186548,0.5,0.707106781186548,0.5,
0.707106781186548,0.5,0.707106781186548),(1.,0.707106781186548,1.,0.707106781186548,
1.,0.707106781186548,1.,0.707106781186548,1.)))
REPRESENTATION_ITEM('')
SURFACE()
);
#7024=(
BOUNDED_SURFACE()
B_SPLINE_SURFACE(2,2,((#8317,#8318,#8319,#8320,#8321,#8322,#8323,#8324,
#8325),(#8326,#8327,#8328,#8329,#8330,#8331,#8332,#8333,#8334),(#8335,#8336,
#8337,#8338,#8339,#8340,#8341,#8342,#8343),(#8344,#8345,#8346,#8347,#8348,
#8349,#8350,#8351,#8352),(#8353,#8354,#8355,#8356,#8357,#8358,#8359,#8360,
#8361),(#8362,#8363,#8364,#8365,#8366,#8367,#8368,#8369,#8370),(#8371,#8372,
#8373,#8374,#8375,#8376,#8377,#8378,#8379),(#8380,#8381,#8382,#8383,#8384,
#8385,#8386,#8387,#8388),(#8389,#8390,#8391,#8392,#8393,#8394,#8395,#8396,
#8397)),.UNSPECIFIED.,.T.,.F.,.F.)
B_SPLINE_SURFACE_WITH_KNOTS((3,2,2,2,3),(3,2,2,2,3),(0.,0.392699081698724,
0.785398163397448,1.17809724509617,1.5707963267949),(0.,0.15707963267949,
0.314159265358979,0.471238898038469,0.628318530717959),.UNSPECIFIED.)
GEOMETRIC_REPRESENTATION_ITEM()
RATIONAL_B_SPLINE_SURFACE(((1.,0.707106781186548,1.,0.707106781186548,1.,
0.707106781186548,1.,0.707106781186548,1.),(0.707106781186548,0.5,0.707106781186548,
0.5,0.707106781186548,0.5,0.707106781186548,0.5,0.707106781186548),(1.,
0.707106781186548,1.,0.707106781186548,1.,0.707106781186548,1.,0.707106781186548,
1.),(0.707106781186548,0.5,0.707106781186548,0.5,0.707106781186548,0.5,
0.707106781186548,0.5,0.707106781186548),(1.,0.707106781186548,1.,0.707106781186548,
1.,0.707106781186548,1.,0.707106781186548,1.),(0.707106781186548,0.5,0.707106781186548,
0.5,0.707106781186548,0.5,0.707106781186548,0.5,0.707106781186548),(1.,
0.707106781186548,1.,0.707106781186548,1.,0.707106781186548,1.,0.707106781186548,
1.),(0.707106781186548,0.5,0.707106781186548,0.5,0.707106781186548,0.5,
0.707106781186548,0.5,0.707106781186548),(1.,0.707106781186548,1.,0.707106781186548,
1.,0.707106781186548,1.,0.707106781186548,1.)))
REPRESENTATION_ITEM('')
SURFACE()
);
#7025=(
BOUNDED_SURFACE()
B_SPLINE_SURFACE(2,2,((#8398,#8399,#8400,#8401,#8402,#8403,#8404,#8405,
#8406),(#8407,#8408,#8409,#8410,#8411,#8412,#8413,#8414,#8415),(#8416,#8417,
#8418,#8419,#8420,#8421,#8422,#8423,#8424),(#8425,#8426,#8427,#8428,#8429,
#8430,#8431,#8432,#8433),(#8434,#8435,#8436,#8437,#8438,#8439,#8440,#8441,
#8442),(#8443,#8444,#8445,#8446,#8447,#8448,#8449,#8450,#8451),(#8452,#8453,
#8454,#8455,#8456,#8457,#8458,#8459,#8460),(#8461,#8462,#8463,#8464,#8465,
#8466,#8467,#8468,#8469),(#8470,#8471,#8472,#8473,#8474,#8475,#8476,#8477,
#8478)),.UNSPECIFIED.,.T.,.F.,.F.)
B_SPLINE_SURFACE_WITH_KNOTS((3,2,2,2,3),(3,2,2,2,3),(0.,0.392699081698724,
0.785398163397448,1.17809724509617,1.5707963267949),(0.,0.15707963267949,
0.314159265358979,0.471238898038469,0.628318530717959),.UNSPECIFIED.)
GEOMETRIC_REPRESENTATION_ITEM()
RATIONAL_B_SPLINE_SURFACE(((1.,0.707106781186548,1.,0.707106781186548,1.,
0.707106781186548,1.,0.707106781186548,1.),(0.707106781186548,0.5,0.707106781186548,
0.5,0.707106781186548,0.5,0.707106781186548,0.5,0.707106781186548),(1.,
0.707106781186548,1.,0.707106781186548,1.,0.707106781186548,1.,0.707106781186548,
1.),(0.707106781186548,0.5,0.707106781186548,0.5,0.707106781186548,0.5,
0.707106781186548,0.5,0.707106781186548),(1.,0.707106781186548,1.,0.707106781186548,
1.,0.707106781186548,1.,0.707106781186548,1.),(0.707106781186548,0.5,0.707106781186548,
0.5,0.707106781186548,0.5,0.707106781186548,0.5,0.707106781186548),(1.,
0.707106781186548,1.,0.707106781186548,1.,0.707106781186548,1.,0.707106781186548,
1.),(0.707106781186548,0.5,0.707106781186548,0.5,0.707106781186548,0.5,
0.707106781186548,0.5,0.707106781186548),(1.,0.707106781186548,1.,0.707106781186548,
1.,0.707106781186548,1.,0.707106781186548,1.)))
REPRESENTATION_ITEM('')
SURFACE()
);
#7026=(
BOUNDED_SURFACE()
B_SPLINE_SURFACE(2,2,((#8479,#8480,#8481,#8482,#8483,#8484,#8485,#8486,
#8487),(#8488,#8489,#8490,#8491,#8492,#8493,#8494,#8495,#8496),(#8497,#8498,
#8499,#8500,#8501,#8502,#8503,#8504,#8505),(#8506,#8507,#8508,#8509,#8510,
#8511,#8512,#8513,#8514),(#8515,#8516,#8517,#8518,#8519,#8520,#8521,#8522,
#8523),(#8524,#8525,#8526,#8527,#8528,#8529,#8530,#8531,#8532),(#8533,#8534,
#8535,#8536,#8537,#8538,#8539,#8540,#8541),(#8542,#8543,#8544,#8545,#8546,
#8547,#8548,#8549,#8550),(#8551,#8552,#8553,#8554,#8555,#8556,#8557,#8558,
#8559)),.UNSPECIFIED.,.T.,.F.,.F.)
B_SPLINE_SURFACE_WITH_KNOTS((3,2,2,2,3),(3,2,2,2,3),(0.,0.392699081698724,
0.785398163397448,1.17809724509617,1.5707963267949),(0.,0.15707963267949,
0.314159265358979,0.471238898038469,0.628318530717959),.UNSPECIFIED.)
GEOMETRIC_REPRESENTATION_ITEM()
RATIONAL_B_SPLINE_SURFACE(((1.,0.707106781186548,1.,0.707106781186548,1.,
0.707106781186548,1.,0.707106781186548,1.),(0.707106781186548,0.5,0.707106781186548,
0.5,0.707106781186548,0.5,0.707106781186548,0.5,0.707106781186548),(1.,
0.707106781186548,1.,0.707106781186548,1.,0.707106781186548,1.,0.707106781186548,
1.),(0.707106781186548,0.5,0.707106781186548,0.5,0.707106781186548,0.5,
0.707106781186548,0.5,0.707106781186548),(1.,0.707106781186548,1.,0.707106781186548,
1.,0.707106781186548,1.,0.707106781186548,1.),(0.707106781186548,0.5,0.707106781186548,
0.5,0.707106781186548,0.5,0.707106781186548,0.5,0.707106781186548),(1.,
0.707106781186548,1.,0.707106781186548,1.,0.707106781186548,1.,0.707106781186548,
1.),(0.707106781186548,0.5,0.707106781186548,0.5,0.707106781186548,0.5,
0.707106781186548,0.5,0.707106781186548),(1.,0.707106781186548,1.,0.707106781186548,
1.,0.707106781186548,1.,0.707106781186548,1.)))
REPRESENTATION_ITEM('')
SURFACE()
);
#7027=(
BOUNDED_SURFACE()
B_SPLINE_SURFACE(2,2,((#8560,#8561,#8562,#8563,#8564,#8565,#8566,#8567,
#8568),(#8569,#8570,#8571,#8572,#8573,#8574,#8575,#8576,#8577),(#8578,#8579,
#8580,#8581,#8582,#8583,#8584,#8585,#8586),(#8587,#8588,#8589,#8590,#8591,
#8592,#8593,#8594,#8595),(#8596,#8597,#8598,#8599,#8600,#8601,#8602,#8603,
#8604),(#8605,#8606,#8607,#8608,#8609,#8610,#8611,#8612,#8613),(#8614,#8615,
#8616,#8617,#8618,#8619,#8620,#8621,#8622),(#8623,#8624,#8625,#8626,#8627,
#8628,#8629,#8630,#8631),(#8632,#8633,#8634,#8635,#8636,#8637,#8638,#8639,
#8640)),.UNSPECIFIED.,.T.,.F.,.F.)
B_SPLINE_SURFACE_WITH_KNOTS((3,2,2,2,3),(3,2,2,2,3),(0.,0.392699081698724,
0.785398163397448,1.17809724509617,1.5707963267949),(0.,0.15707963267949,
0.314159265358979,0.471238898038469,0.628318530717959),.UNSPECIFIED.)
GEOMETRIC_REPRESENTATION_ITEM()
RATIONAL_B_SPLINE_SURFACE(((1.,0.707106781186548,1.,0.707106781186548,1.,
0.707106781186548,1.,0.707106781186548,1.),(0.707106781186548,0.5,0.707106781186548,
0.5,0.707106781186548,0.5,0.707106781186548,0.5,0.707106781186548),(1.,
0.707106781186548,1.,0.707106781186548,1.,0.707106781186548,1.,0.707106781186548,
1.),(0.707106781186548,0.5,0.707106781186548,0.5,0.707106781186548,0.5,
0.707106781186548,0.5,0.707106781186548),(1.,0.707106781186548,1.,0.707106781186548,
1.,0.707106781186548,1.,0.707106781186548,1.),(0.707106781186548,0.5,0.707106781186548,
0.5,0.707106781186548,0.5,0.707106781186548,0.5,0.707106781186548),(1.,
0.707106781186548,1.,0.707106781186548,1.,0.707106781186548,1.,0.707106781186548,
1.),(0.707106781186548,0.5,0.707106781186548,0.5,0.707106781186548,0.5,
0.707106781186548,0.5,0.707106781186548),(1.,0.707106781186548,1.,0.707106781186548,
1.,0.707106781186548,1.,0.707106781186548,1.)))
REPRESENTATION_ITEM('')
SURFACE()
);
#7028=(
BOUNDED_SURFACE()
B_SPLINE_SURFACE(2,2,((#8641,#8642,#8643,#8644,#8645,#8646,#8647,#8648,
#8649),(#8650,#8651,#8652,#8653,#8654,#8655,#8656,#8657,#8658),(#8659,#8660,
#8661,#8662,#8663,#8664,#8665,#8666,#8667),(#8668,#8669,#8670,#8671,#8672,
#8673,#8674,#8675,#8676),(#8677,#8678,#8679,#8680,#8681,#8682,#8683,#8684,
#8685),(#8686,#8687,#8688,#8689,#8690,#8691,#8692,#8693,#8694),(#8695,#8696,
#8697,#8698,#8699,#8700,#8701,#8702,#8703),(#8704,#8705,#8706,#8707,#8708,
#8709,#8710,#8711,#8712),(#8713,#8714,#8715,#8716,#8717,#8718,#8719,#8720,
#8721)),.UNSPECIFIED.,.T.,.F.,.F.)
B_SPLINE_SURFACE_WITH_KNOTS((3,2,2,2,3),(3,2,2,2,3),(0.,0.392699081698724,
0.785398163397448,1.17809724509617,1.5707963267949),(0.,0.15707963267949,
0.314159265358979,0.471238898038469,0.628318530717959),.UNSPECIFIED.)
GEOMETRIC_REPRESENTATION_ITEM()
RATIONAL_B_SPLINE_SURFACE(((1.,0.707106781186548,1.,0.707106781186548,1.,
0.707106781186548,1.,0.707106781186548,1.),(0.707106781186548,0.5,0.707106781186548,
0.5,0.707106781186548,0.5,0.707106781186548,0.5,0.707106781186548),(1.,
0.707106781186548,1.,0.707106781186548,1.,0.707106781186548,1.,0.707106781186548,
1.),(0.707106781186548,0.5,0.707106781186548,0.5,0.707106781186548,0.5,
0.707106781186548,0.5,0.707106781186548),(1.,0.707106781186548,1.,0.707106781186548,
1.,0.707106781186548,1.,0.707106781186548,1.),(0.707106781186548,0.5,0.707106781186548,
0.5,0.707106781186548,0.5,0.707106781186548,0.5,0.707106781186548),(1.,
0.707106781186548,1.,0.707106781186548,1.,0.707106781186548,1.,0.707106781186548,
1.),(0.707106781186548,0.5,0.707106781186548,0.5,0.707106781186548,0.5,
0.707106781186548,0.5,0.707106781186548),(1.,0.707106781186548,1.,0.707106781186548,
1.,0.707106781186548,1.,0.707106781186548,1.)))
REPRESENTATION_ITEM('')
SURFACE()
);
#7029=(
BOUNDED_SURFACE()
B_SPLINE_SURFACE(2,2,((#8726,#8727,#8728,#8729,#8730,#8731,#8732,#8733,
#8734),(#8735,#8736,#8737,#8738,#8739,#8740,#8741,#8742,#8743),(#8744,#8745,
#8746,#8747,#8748,#8749,#8750,#8751,#8752),(#8753,#8754,#8755,#8756,#8757,
#8758,#8759,#8760,#8761),(#8762,#8763,#8764,#8765,#8766,#8767,#8768,#8769,
#8770),(#8771,#8772,#8773,#8774,#8775,#8776,#8777,#8778,#8779),(#8780,#8781,
#8782,#8783,#8784,#8785,#8786,#8787,#8788),(#8789,#8790,#8791,#8792,#8793,
#8794,#8795,#8796,#8797),(#8798,#8799,#8800,#8801,#8802,#8803,#8804,#8805,
#8806)),.UNSPECIFIED.,.T.,.F.,.F.)
B_SPLINE_SURFACE_WITH_KNOTS((3,2,2,2,3),(3,2,2,2,3),(0.,0.392699081698724,
0.785398163397448,1.17809724509617,1.5707963267949),(0.,0.15707963267949,
0.314159265358979,0.471238898038469,0.628318530717959),.UNSPECIFIED.)
GEOMETRIC_REPRESENTATION_ITEM()
RATIONAL_B_SPLINE_SURFACE(((1.,0.707106781186548,1.,0.707106781186548,1.,
0.707106781186548,1.,0.707106781186548,1.),(0.707106781186548,0.5,0.707106781186548,
0.5,0.707106781186548,0.5,0.707106781186548,0.5,0.707106781186548),(1.,
0.707106781186548,1.,0.707106781186548,1.,0.707106781186548,1.,0.707106781186548,
1.),(0.707106781186548,0.5,0.707106781186548,0.5,0.707106781186548,0.5,
0.707106781186548,0.5,0.707106781186548),(1.,0.707106781186548,1.,0.707106781186548,
1.,0.707106781186548,1.,0.707106781186548,1.),(0.707106781186548,0.5,0.707106781186548,
0.5,0.707106781186548,0.5,0.707106781186548,0.5,0.707106781186548),(1.,
0.707106781186548,1.,0.707106781186548,1.,0.707106781186548,1.,0.707106781186548,
1.),(0.707106781186548,0.5,0.707106781186548,0.5,0.707106781186548,0.5,
0.707106781186548,0.5,0.707106781186548),(1.,0.707106781186548,1.,0.707106781186548,
1.,0.707106781186548,1.,0.707106781186548,1.)))
REPRESENTATION_ITEM('')
SURFACE()
);
#7030=(
BOUNDED_SURFACE()
B_SPLINE_SURFACE(2,2,((#8807,#8808,#8809,#8810,#8811,#8812,#8813,#8814,
#8815),(#8816,#8817,#8818,#8819,#8820,#8821,#8822,#8823,#8824),(#8825,#8826,
#8827,#8828,#8829,#8830,#8831,#8832,#8833),(#8834,#8835,#8836,#8837,#8838,
#8839,#8840,#8841,#8842),(#8843,#8844,#8845,#8846,#8847,#8848,#8849,#8850,
#8851),(#8852,#8853,#8854,#8855,#8856,#8857,#8858,#8859,#8860),(#8861,#8862,
#8863,#8864,#8865,#8866,#8867,#8868,#8869),(#8870,#8871,#8872,#8873,#8874,
#8875,#8876,#8877,#8878),(#8879,#8880,#8881,#8882,#8883,#8884,#8885,#8886,
#8887)),.UNSPECIFIED.,.T.,.F.,.F.)
B_SPLINE_SURFACE_WITH_KNOTS((3,2,2,2,3),(3,2,2,2,3),(0.,0.392699081698724,
0.785398163397448,1.17809724509617,1.5707963267949),(0.,0.15707963267949,
0.314159265358979,0.471238898038469,0.628318530717959),.UNSPECIFIED.)
GEOMETRIC_REPRESENTATION_ITEM()
RATIONAL_B_SPLINE_SURFACE(((1.,0.707106781186548,1.,0.707106781186548,1.,
0.707106781186548,1.,0.707106781186548,1.),(0.707106781186548,0.5,0.707106781186548,
0.5,0.707106781186548,0.5,0.707106781186548,0.5,0.707106781186548),(1.,
0.707106781186548,1.,0.707106781186548,1.,0.707106781186548,1.,0.707106781186548,
1.),(0.707106781186548,0.5,0.707106781186548,0.5,0.707106781186548,0.5,
0.707106781186548,0.5,0.707106781186548),(1.,0.707106781186548,1.,0.707106781186548,
1.,0.707106781186548,1.,0.707106781186548,1.),(0.707106781186548,0.5,0.707106781186548,
0.5,0.707106781186548,0.5,0.707106781186548,0.5,0.707106781186548),(1.,
0.707106781186548,1.,0.707106781186548,1.,0.707106781186548,1.,0.707106781186548,
1.),(0.707106781186548,0.5,0.707106781186548,0.5,0.707106781186548,0.5,
0.707106781186548,0.5,0.707106781186548),(1.,0.707106781186548,1.,0.707106781186548,
1.,0.707106781186548,1.,0.707106781186548,1.)))
REPRESENTATION_ITEM('')
SURFACE()
);
#7031=(
BOUNDED_SURFACE()
B_SPLINE_SURFACE(2,2,((#8888,#8889,#8890,#8891,#8892,#8893,#8894,#8895,
#8896),(#8897,#8898,#8899,#8900,#8901,#8902,#8903,#8904,#8905),(#8906,#8907,
#8908,#8909,#8910,#8911,#8912,#8913,#8914),(#8915,#8916,#8917,#8918,#8919,
#8920,#8921,#8922,#8923),(#8924,#8925,#8926,#8927,#8928,#8929,#8930,#8931,
#8932),(#8933,#8934,#8935,#8936,#8937,#8938,#8939,#8940,#8941),(#8942,#8943,
#8944,#8945,#8946,#8947,#8948,#8949,#8950),(#8951,#8952,#8953,#8954,#8955,
#8956,#8957,#8958,#8959),(#8960,#8961,#8962,#8963,#8964,#8965,#8966,#8967,
#8968)),.UNSPECIFIED.,.T.,.F.,.F.)
B_SPLINE_SURFACE_WITH_KNOTS((3,2,2,2,3),(3,2,2,2,3),(0.,0.314159265358979,
0.628318530717959,0.942477796076938,1.25663706143592),(0.,0.15707963267949,
0.314159265358979,0.471238898038469,0.628318530717959),.UNSPECIFIED.)
GEOMETRIC_REPRESENTATION_ITEM()
RATIONAL_B_SPLINE_SURFACE(((1.,0.707106781186548,1.,0.707106781186548,1.,
0.707106781186548,1.,0.707106781186548,1.),(0.707106781186548,0.5,0.707106781186548,
0.5,0.707106781186548,0.5,0.707106781186548,0.5,0.707106781186548),(1.,
0.707106781186548,1.,0.707106781186548,1.,0.707106781186548,1.,0.707106781186548,
1.),(0.707106781186548,0.5,0.707106781186548,0.5,0.707106781186548,0.5,
0.707106781186548,0.5,0.707106781186548),(1.,0.707106781186548,1.,0.707106781186548,
1.,0.707106781186548,1.,0.707106781186548,1.),(0.707106781186548,0.5,0.707106781186548,
0.5,0.707106781186548,0.5,0.707106781186548,0.5,0.707106781186548),(1.,
0.707106781186548,1.,0.707106781186548,1.,0.707106781186548,1.,0.707106781186548,
1.),(0.707106781186548,0.5,0.707106781186548,0.5,0.707106781186548,0.5,
0.707106781186548,0.5,0.707106781186548),(1.,0.707106781186548,1.,0.707106781186548,
1.,0.707106781186548,1.,0.707106781186548,1.)))
REPRESENTATION_ITEM('')
SURFACE()
);
#7032=(
BOUNDED_SURFACE()
B_SPLINE_SURFACE(2,2,((#8969,#8970,#8971,#8972,#8973,#8974,#8975,#8976,
#8977),(#8978,#8979,#8980,#8981,#8982,#8983,#8984,#8985,#8986),(#8987,#8988,
#8989,#8990,#8991,#8992,#8993,#8994,#8995),(#8996,#8997,#8998,#8999,#9000,
#9001,#9002,#9003,#9004),(#9005,#9006,#9007,#9008,#9009,#9010,#9011,#9012,
#9013),(#9014,#9015,#9016,#9017,#9018,#9019,#9020,#9021,#9022),(#9023,#9024,
#9025,#9026,#9027,#9028,#9029,#9030,#9031),(#9032,#9033,#9034,#9035,#9036,
#9037,#9038,#9039,#9040),(#9041,#9042,#9043,#9044,#9045,#9046,#9047,#9048,
#9049)),.UNSPECIFIED.,.T.,.F.,.F.)
B_SPLINE_SURFACE_WITH_KNOTS((3,2,2,2,3),(3,2,2,2,3),(0.,0.314159265358979,
0.628318530717959,0.942477796076938,1.25663706143592),(0.,0.15707963267949,
0.314159265358979,0.471238898038469,0.628318530717959),.UNSPECIFIED.)
GEOMETRIC_REPRESENTATION_ITEM()
RATIONAL_B_SPLINE_SURFACE(((1.,0.707106781186548,1.,0.707106781186548,1.,
0.707106781186548,1.,0.707106781186548,1.),(0.707106781186548,0.5,0.707106781186548,
0.5,0.707106781186548,0.5,0.707106781186548,0.5,0.707106781186548),(1.,
0.707106781186548,1.,0.707106781186548,1.,0.707106781186548,1.,0.707106781186548,
1.),(0.707106781186548,0.5,0.707106781186548,0.5,0.707106781186548,0.5,
0.707106781186548,0.5,0.707106781186548),(1.,0.707106781186548,1.,0.707106781186548,
1.,0.707106781186548,1.,0.707106781186548,1.),(0.707106781186548,0.5,0.707106781186548,
0.5,0.707106781186548,0.5,0.707106781186548,0.5,0.707106781186548),(1.,
0.707106781186548,1.,0.707106781186548,1.,0.707106781186548,1.,0.707106781186548,
1.),(0.707106781186548,0.5,0.707106781186548,0.5,0.707106781186548,0.5,
0.707106781186548,0.5,0.707106781186548),(1.,0.707106781186548,1.,0.707106781186548,
1.,0.707106781186548,1.,0.707106781186548,1.)))
REPRESENTATION_ITEM('')
SURFACE()
);
#7033=(
BOUNDED_SURFACE()
B_SPLINE_SURFACE(2,2,((#9050,#9051,#9052,#9053,#9054,#9055,#9056,#9057,
#9058),(#9059,#9060,#9061,#9062,#9063,#9064,#9065,#9066,#9067),(#9068,#9069,
#9070,#9071,#9072,#9073,#9074,#9075,#9076),(#9077,#9078,#9079,#9080,#9081,
#9082,#9083,#9084,#9085),(#9086,#9087,#9088,#9089,#9090,#9091,#9092,#9093,
#9094),(#9095,#9096,#9097,#9098,#9099,#9100,#9101,#9102,#9103),(#9104,#9105,
#9106,#9107,#9108,#9109,#9110,#9111,#9112),(#9113,#9114,#9115,#9116,#9117,
#9118,#9119,#9120,#9121),(#9122,#9123,#9124,#9125,#9126,#9127,#9128,#9129,
#9130)),.UNSPECIFIED.,.T.,.F.,.F.)
B_SPLINE_SURFACE_WITH_KNOTS((3,2,2,2,3),(3,2,2,2,3),(0.,0.314159265358979,
0.628318530717959,0.942477796076938,1.25663706143592),(0.,0.15707963267949,
0.314159265358979,0.471238898038469,0.628318530717959),.UNSPECIFIED.)
GEOMETRIC_REPRESENTATION_ITEM()
RATIONAL_B_SPLINE_SURFACE(((1.,0.707106781186548,1.,0.707106781186548,1.,
0.707106781186548,1.,0.707106781186548,1.),(0.707106781186548,0.5,0.707106781186548,
0.5,0.707106781186548,0.5,0.707106781186548,0.5,0.707106781186548),(1.,
0.707106781186548,1.,0.707106781186548,1.,0.707106781186548,1.,0.707106781186548,
1.),(0.707106781186548,0.5,0.707106781186548,0.5,0.707106781186548,0.5,
0.707106781186548,0.5,0.707106781186548),(1.,0.707106781186548,1.,0.707106781186548,
1.,0.707106781186548,1.,0.707106781186548,1.),(0.707106781186548,0.5,0.707106781186548,
0.5,0.707106781186548,0.5,0.707106781186548,0.5,0.707106781186548),(1.,
0.707106781186548,1.,0.707106781186548,1.,0.707106781186548,1.,0.707106781186548,
1.),(0.707106781186548,0.5,0.707106781186548,0.5,0.707106781186548,0.5,
0.707106781186548,0.5,0.707106781186548),(1.,0.707106781186548,1.,0.707106781186548,
1.,0.707106781186548,1.,0.707106781186548,1.)))
REPRESENTATION_ITEM('')
SURFACE()
);
#7034=(
BOUNDED_SURFACE()
B_SPLINE_SURFACE(2,2,((#9133,#9134,#9135,#9136,#9137,#9138,#9139,#9140,
#9141),(#9142,#9143,#9144,#9145,#9146,#9147,#9148,#9149,#9150),(#9151,#9152,
#9153,#9154,#9155,#9156,#9157,#9158,#9159),(#9160,#9161,#9162,#9163,#9164,
#9165,#9166,#9167,#9168),(#9169,#9170,#9171,#9172,#9173,#9174,#9175,#9176,
#9177),(#9178,#9179,#9180,#9181,#9182,#9183,#9184,#9185,#9186),(#9187,#9188,
#9189,#9190,#9191,#9192,#9193,#9194,#9195),(#9196,#9197,#9198,#9199,#9200,
#9201,#9202,#9203,#9204),(#9205,#9206,#9207,#9208,#9209,#9210,#9211,#9212,
#9213)),.UNSPECIFIED.,.T.,.F.,.F.)
B_SPLINE_SURFACE_WITH_KNOTS((3,2,2,2,3),(3,2,2,2,3),(0.,0.314159265358979,
0.628318530717959,0.942477796076938,1.25663706143592),(0.,0.15707963267949,
0.314159265358979,0.471238898038469,0.628318530717959),.UNSPECIFIED.)
GEOMETRIC_REPRESENTATION_ITEM()
RATIONAL_B_SPLINE_SURFACE(((1.,0.707106781186548,1.,0.707106781186548,1.,
0.707106781186548,1.,0.707106781186548,1.),(0.707106781186548,0.5,0.707106781186548,
0.5,0.707106781186548,0.5,0.707106781186548,0.5,0.707106781186548),(1.,
0.707106781186548,1.,0.707106781186548,1.,0.707106781186548,1.,0.707106781186548,
1.),(0.707106781186548,0.5,0.707106781186548,0.5,0.707106781186548,0.5,
0.707106781186548,0.5,0.707106781186548),(1.,0.707106781186548,1.,0.707106781186548,
1.,0.707106781186548,1.,0.707106781186548,1.),(0.707106781186548,0.5,0.707106781186548,
0.5,0.707106781186548,0.5,0.707106781186548,0.5,0.707106781186548),(1.,
0.707106781186548,1.,0.707106781186548,1.,0.707106781186548,1.,0.707106781186548,
1.),(0.707106781186548,0.5,0.707106781186548,0.5,0.707106781186548,0.5,
0.707106781186548,0.5,0.707106781186548),(1.,0.707106781186548,1.,0.707106781186548,
1.,0.707106781186548,1.,0.707106781186548,1.)))
REPRESENTATION_ITEM('')
SURFACE()
);
#7035=(
BOUNDED_SURFACE()
B_SPLINE_SURFACE(2,1,((#9216,#9217),(#9218,#9219),(#9220,#9221),(#9222,
#9223),(#9224,#9225),(#9226,#9227),(#9228,#9229),(#9230,#9231),(#9232,#9233)),
 .UNSPECIFIED.,.T.,.F.,.F.)
B_SPLINE_SURFACE_WITH_KNOTS((3,2,2,2,3),(2,2),(0.,1.5707963267949,3.14159265358979,
4.71238898038469,6.28318530717959),(0.,11.8992),.UNSPECIFIED.)
GEOMETRIC_REPRESENTATION_ITEM()
RATIONAL_B_SPLINE_SURFACE(((1.,1.),(0.707106781186548,0.707106781186548),
(1.,1.),(0.707106781186548,0.707106781186548),(1.,1.),(0.707106781186548,
0.707106781186548),(1.,1.),(0.707106781186548,0.707106781186548),(1.,1.)))
REPRESENTATION_ITEM('')
SURFACE()
);
#7036=(
BOUNDED_SURFACE()
B_SPLINE_SURFACE(2,2,((#9234,#9235,#9236,#9237,#9238,#9239,#9240,#9241,
#9242),(#9243,#9244,#9245,#9246,#9247,#9248,#9249,#9250,#9251),(#9252,#9253,
#9254,#9255,#9256,#9257,#9258,#9259,#9260),(#9261,#9262,#9263,#9264,#9265,
#9266,#9267,#9268,#9269),(#9270,#9271,#9272,#9273,#9274,#9275,#9276,#9277,
#9278),(#9279,#9280,#9281,#9282,#9283,#9284,#9285,#9286,#9287),(#9288,#9289,
#9290,#9291,#9292,#9293,#9294,#9295,#9296),(#9297,#9298,#9299,#9300,#9301,
#9302,#9303,#9304,#9305),(#9306,#9307,#9308,#9309,#9310,#9311,#9312,#9313,
#9314)),.UNSPECIFIED.,.T.,.F.,.F.)
B_SPLINE_SURFACE_WITH_KNOTS((3,2,2,2,3),(3,2,2,2,3),(0.,2.82743338823081,
5.65486677646163,8.48230016469244,11.3097335529233),(0.,0.314159265358979,
0.628318530717959,0.942477796076938,1.25663706143592),.UNSPECIFIED.)
GEOMETRIC_REPRESENTATION_ITEM()
RATIONAL_B_SPLINE_SURFACE(((1.,0.707106781186548,1.,0.707106781186548,1.,
0.707106781186548,1.,0.707106781186548,1.),(0.707106781186548,0.5,0.707106781186548,
0.5,0.707106781186548,0.5,0.707106781186548,0.5,0.707106781186548),(1.,
0.707106781186548,1.,0.707106781186548,1.,0.707106781186548,1.,0.707106781186548,
1.),(0.707106781186548,0.5,0.707106781186548,0.5,0.707106781186548,0.5,
0.707106781186548,0.5,0.707106781186548),(1.,0.707106781186548,1.,0.707106781186548,
1.,0.707106781186548,1.,0.707106781186548,1.),(0.707106781186548,0.5,0.707106781186548,
0.5,0.707106781186548,0.5,0.707106781186548,0.5,0.707106781186548),(1.,
0.707106781186548,1.,0.707106781186548,1.,0.707106781186548,1.,0.707106781186548,
1.),(0.707106781186548,0.5,0.707106781186548,0.5,0.707106781186548,0.5,
0.707106781186548,0.5,0.707106781186548),(1.,0.707106781186548,1.,0.707106781186548,
1.,0.707106781186548,1.,0.707106781186548,1.)))
REPRESENTATION_ITEM('')
SURFACE()
);
#7037=(
BOUNDED_SURFACE()
B_SPLINE_SURFACE(2,1,((#9315,#9316),(#9317,#9318),(#9319,#9320),(#9321,
#9322),(#9323,#9324),(#9325,#9326),(#9327,#9328),(#9329,#9330),(#9331,#9332)),
 .UNSPECIFIED.,.T.,.F.,.F.)
B_SPLINE_SURFACE_WITH_KNOTS((3,2,2,2,3),(2,2),(0.,1.5707963267949,3.14159265358979,
4.71238898038469,6.28318530717959),(0.,2.2092),.UNSPECIFIED.)
GEOMETRIC_REPRESENTATION_ITEM()
RATIONAL_B_SPLINE_SURFACE(((1.,1.),(0.707106781186548,0.707106781186548),
(1.,1.),(0.707106781186548,0.707106781186548),(1.,1.),(0.707106781186548,
0.707106781186548),(1.,1.),(0.707106781186548,0.707106781186548),(1.,1.)))
REPRESENTATION_ITEM('')
SURFACE()
);
#7038=(
BOUNDED_SURFACE()
B_SPLINE_SURFACE(2,1,((#9333,#9334),(#9335,#9336),(#9337,#9338),(#9339,
#9340),(#9341,#9342),(#9343,#9344),(#9345,#9346),(#9347,#9348),(#9349,#9350)),
 .UNSPECIFIED.,.T.,.F.,.F.)
B_SPLINE_SURFACE_WITH_KNOTS((3,2,2,2,3),(2,2),(0.,1.5707963267949,3.14159265358979,
4.71238898038469,6.28318530717959),(0.,2.8572),.UNSPECIFIED.)
GEOMETRIC_REPRESENTATION_ITEM()
RATIONAL_B_SPLINE_SURFACE(((1.,1.),(0.707106781186548,0.707106781186548),
(1.,1.),(0.707106781186548,0.707106781186548),(1.,1.),(0.707106781186548,
0.707106781186548),(1.,1.),(0.707106781186548,0.707106781186548),(1.,1.)))
REPRESENTATION_ITEM('')
SURFACE()
);
#7039=(
BOUNDED_SURFACE()
B_SPLINE_SURFACE(2,1,((#9365,#9366),(#9367,#9368),(#9369,#9370),(#9371,
#9372),(#9373,#9374),(#9375,#9376),(#9377,#9378),(#9379,#9380),(#9381,#9382)),
 .UNSPECIFIED.,.T.,.F.,.F.)
B_SPLINE_SURFACE_WITH_KNOTS((3,2,2,2,3),(2,2),(0.,1.5707963267949,3.14159265358979,
4.71238898038469,6.28318530717959),(0.,2.3892),.UNSPECIFIED.)
GEOMETRIC_REPRESENTATION_ITEM()
RATIONAL_B_SPLINE_SURFACE(((1.,1.),(0.707106781186548,0.707106781186548),
(1.,1.),(0.707106781186548,0.707106781186548),(1.,1.),(0.707106781186548,
0.707106781186548),(1.,1.),(0.707106781186548,0.707106781186548),(1.,1.)))
REPRESENTATION_ITEM('')
SURFACE()
);
#7040=(
BOUNDED_SURFACE()
B_SPLINE_SURFACE(2,1,((#9383,#9384),(#9385,#9386),(#9387,#9388),(#9389,
#9390),(#9391,#9392),(#9393,#9394),(#9395,#9396),(#9397,#9398),(#9399,#9400)),
 .UNSPECIFIED.,.T.,.F.,.F.)
B_SPLINE_SURFACE_WITH_KNOTS((3,2,2,2,3),(2,2),(0.,1.5707963267949,3.14159265358979,
4.71238898038469,6.28318530717959),(0.,2.2092),.UNSPECIFIED.)
GEOMETRIC_REPRESENTATION_ITEM()
RATIONAL_B_SPLINE_SURFACE(((1.,1.),(0.707106781186548,0.707106781186548),
(1.,1.),(0.707106781186548,0.707106781186548),(1.,1.),(0.707106781186548,
0.707106781186548),(1.,1.),(0.707106781186548,0.707106781186548),(1.,1.)))
REPRESENTATION_ITEM('')
SURFACE()
);
#7041=(
BOUNDED_SURFACE()
B_SPLINE_SURFACE(2,2,((#9404,#9405,#9406,#9407,#9408,#9409,#9410,#9411,
#9412),(#9413,#9414,#9415,#9416,#9417,#9418,#9419,#9420,#9421),(#9422,#9423,
#9424,#9425,#9426,#9427,#9428,#9429,#9430),(#9431,#9432,#9433,#9434,#9435,
#9436,#9437,#9438,#9439),(#9440,#9441,#9442,#9443,#9444,#9445,#9446,#9447,
#9448),(#9449,#9450,#9451,#9452,#9453,#9454,#9455,#9456,#9457),(#9458,#9459,
#9460,#9461,#9462,#9463,#9464,#9465,#9466),(#9467,#9468,#9469,#9470,#9471,
#9472,#9473,#9474,#9475),(#9476,#9477,#9478,#9479,#9480,#9481,#9482,#9483,
#9484)),.UNSPECIFIED.,.T.,.F.,.F.)
B_SPLINE_SURFACE_WITH_KNOTS((3,2,2,2,3),(3,2,2,2,3),(0.,3.76991118430775,
7.5398223686155,11.3097335529233,15.079644737231),(0.,0.314159265358979,
0.628318530717959,0.942477796076938,1.25663706143592),.UNSPECIFIED.)
GEOMETRIC_REPRESENTATION_ITEM()
RATIONAL_B_SPLINE_SURFACE(((1.,0.707106781186548,1.,0.707106781186548,1.,
0.707106781186548,1.,0.707106781186548,1.),(0.707106781186548,0.5,0.707106781186548,
0.5,0.707106781186548,0.5,0.707106781186548,0.5,0.707106781186548),(1.,
0.707106781186548,1.,0.707106781186548,1.,0.707106781186548,1.,0.707106781186548,
1.),(0.707106781186548,0.5,0.707106781186548,0.5,0.707106781186548,0.5,
0.707106781186548,0.5,0.707106781186548),(1.,0.707106781186548,1.,0.707106781186548,
1.,0.707106781186548,1.,0.707106781186548,1.),(0.707106781186548,0.5,0.707106781186548,
0.5,0.707106781186548,0.5,0.707106781186548,0.5,0.707106781186548),(1.,
0.707106781186548,1.,0.707106781186548,1.,0.707106781186548,1.,0.707106781186548,
1.),(0.707106781186548,0.5,0.707106781186548,0.5,0.707106781186548,0.5,
0.707106781186548,0.5,0.707106781186548),(1.,0.707106781186548,1.,0.707106781186548,
1.,0.707106781186548,1.,0.707106781186548,1.)))
REPRESENTATION_ITEM('')
SURFACE()
);
#7042=(
BOUNDED_SURFACE()
B_SPLINE_SURFACE(1,2,((#9485,#9486,#9487,#9488,#9489,#9490,#9491,#9492,
#9493),(#9494,#9495,#9496,#9497,#9498,#9499,#9500,#9501,#9502)),
 .UNSPECIFIED.,.F.,.F.,.F.)
B_SPLINE_SURFACE_WITH_KNOTS((2,2),(3,2,2,2,3),(0.,3.0192),(0.,1.5707963267949,
3.14159265358979,4.71238898038469,6.28318530717959),.UNSPECIFIED.)
GEOMETRIC_REPRESENTATION_ITEM()
RATIONAL_B_SPLINE_SURFACE(((1.,0.707106781186548,1.,0.707106781186548,1.,
0.707106781186548,1.,0.707106781186548,1.),(1.,0.707106781186548,1.,0.707106781186548,
1.,0.707106781186548,1.,0.707106781186548,1.)))
REPRESENTATION_ITEM('')
SURFACE()
);
#7043=(
BOUNDED_SURFACE()
B_SPLINE_SURFACE(1,2,((#12085,#12086,#12087,#12088,#12089,#12090,#12091,
#12092,#12093),(#12094,#12095,#12096,#12097,#12098,#12099,#12100,#12101,
#12102)),.UNSPECIFIED.,.F.,.F.,.F.)
B_SPLINE_SURFACE_WITH_KNOTS((2,2),(3,2,2,2,3),(0.,2.3282379048973),(0.,
1.5707963267949,3.14159265358979,4.71238898038469,6.28318530717959),
 .UNSPECIFIED.)
GEOMETRIC_REPRESENTATION_ITEM()
RATIONAL_B_SPLINE_SURFACE(((1.,0.707106781186548,1.,0.707106781186548,1.,
0.707106781186548,1.,0.707106781186548,1.),(1.,0.707106781186548,1.,0.707106781186548,
1.,0.707106781186548,1.,0.707106781186548,1.)))
REPRESENTATION_ITEM('')
SURFACE()
);
#7044=(
BOUNDED_SURFACE()
B_SPLINE_SURFACE(2,1,((#12139,#12140),(#12141,#12142),(#12143,#12144),(#12145,
#12146),(#12147,#12148),(#12149,#12150),(#12151,#12152),(#12153,#12154),
(#12155,#12156)),.UNSPECIFIED.,.T.,.F.,.F.)
B_SPLINE_SURFACE_WITH_KNOTS((3,2,2,2,3),(2,2),(0.,1.5707963267949,3.14159265358979,
4.71238898038469,6.28318530717959),(0.,2.33767957208058),.UNSPECIFIED.)
GEOMETRIC_REPRESENTATION_ITEM()
RATIONAL_B_SPLINE_SURFACE(((1.,1.),(0.707106781186548,0.707106781186548),
(1.,1.),(0.707106781186548,0.707106781186548),(1.,1.),(0.707106781186548,
0.707106781186548),(1.,1.),(0.707106781186548,0.707106781186548),(1.,1.)))
REPRESENTATION_ITEM('')
SURFACE()
);
#7045=(
BOUNDED_SURFACE()
B_SPLINE_SURFACE(1,2,((#12427,#12428,#12429,#12430,#12431,#12432,#12433,
#12434,#12435),(#12436,#12437,#12438,#12439,#12440,#12441,#12442,#12443,
#12444)),.UNSPECIFIED.,.F.,.F.,.F.)
B_SPLINE_SURFACE_WITH_KNOTS((2,2),(3,2,2,2,3),(0.,2.32019178429236),(0.,
1.5707963267949,3.14159265358979,4.71238898038469,6.28318530717959),
 .UNSPECIFIED.)
GEOMETRIC_REPRESENTATION_ITEM()
RATIONAL_B_SPLINE_SURFACE(((1.,0.707106781186548,1.,0.707106781186548,1.,
0.707106781186548,1.,0.707106781186548,1.),(1.,0.707106781186548,1.,0.707106781186548,
1.,0.707106781186548,1.,0.707106781186548,1.)))
REPRESENTATION_ITEM('')
SURFACE()
);
#7046=(
BOUNDED_SURFACE()
B_SPLINE_SURFACE(2,1,((#12445,#12446),(#12447,#12448),(#12449,#12450),(#12451,
#12452),(#12453,#12454),(#12455,#12456),(#12457,#12458),(#12459,#12460),
(#12461,#12462)),.UNSPECIFIED.,.T.,.F.,.F.)
B_SPLINE_SURFACE_WITH_KNOTS((3,2,2,2,3),(2,2),(0.,1.5707963267949,3.14159265358979,
4.71238898038469,6.28318530717959),(0.,2.33302208581905),.UNSPECIFIED.)
GEOMETRIC_REPRESENTATION_ITEM()
RATIONAL_B_SPLINE_SURFACE(((1.,1.),(0.707106781186548,0.707106781186548),
(1.,1.),(0.707106781186548,0.707106781186548),(1.,1.),(0.707106781186548,
0.707106781186548),(1.,1.),(0.707106781186548,0.707106781186548),(1.,1.)))
REPRESENTATION_ITEM('')
SURFACE()
);
#7047=(
BOUNDED_SURFACE()
B_SPLINE_SURFACE(1,2,((#12696,#12697,#12698,#12699,#12700,#12701,#12702,
#12703,#12704),(#12705,#12706,#12707,#12708,#12709,#12710,#12711,#12712,
#12713)),.UNSPECIFIED.,.F.,.F.,.F.)
B_SPLINE_SURFACE_WITH_KNOTS((2,2),(3,2,2,2,3),(0.,1.3992),(0.,1.5707963267949,
3.14159265358979,4.71238898038469,6.28318530717959),.UNSPECIFIED.)
GEOMETRIC_REPRESENTATION_ITEM()
RATIONAL_B_SPLINE_SURFACE(((1.,0.707106781186548,1.,0.707106781186548,1.,
0.707106781186548,1.,0.707106781186548,1.),(1.,0.707106781186548,1.,0.707106781186548,
1.,0.707106781186548,1.,0.707106781186548,1.)))
REPRESENTATION_ITEM('')
SURFACE()
);
#7048=(
BOUNDED_SURFACE()
B_SPLINE_SURFACE(1,2,((#12714,#12715,#12716,#12717,#12718,#12719,#12720,
#12721,#12722),(#12723,#12724,#12725,#12726,#12727,#12728,#12729,#12730,
#12731)),.UNSPECIFIED.,.F.,.F.,.F.)
B_SPLINE_SURFACE_WITH_KNOTS((2,2),(3,2,2,2,3),(0.,1.3992),(0.,1.5707963267949,
3.14159265358979,4.71238898038469,6.28318530717959),.UNSPECIFIED.)
GEOMETRIC_REPRESENTATION_ITEM()
RATIONAL_B_SPLINE_SURFACE(((1.,0.707106781186548,1.,0.707106781186548,1.,
0.707106781186548,1.,0.707106781186548,1.),(1.,0.707106781186548,1.,0.707106781186548,
1.,0.707106781186548,1.,0.707106781186548,1.)))
REPRESENTATION_ITEM('')
SURFACE()
);
#7049=(
BOUNDED_SURFACE()
B_SPLINE_SURFACE(1,2,((#12733,#12734,#12735,#12736,#12737,#12738,#12739,
#12740,#12741),(#12742,#12743,#12744,#12745,#12746,#12747,#12748,#12749,
#12750)),.UNSPECIFIED.,.F.,.F.,.F.)
B_SPLINE_SURFACE_WITH_KNOTS((2,2),(3,2,2,2,3),(0.,1.39925335183129),(0.,
1.5707963267949,3.14159265358979,4.71238898038469,6.28318530717959),
 .UNSPECIFIED.)
GEOMETRIC_REPRESENTATION_ITEM()
RATIONAL_B_SPLINE_SURFACE(((1.,0.707106781186548,1.,0.707106781186548,1.,
0.707106781186548,1.,0.707106781186548,1.),(1.,0.707106781186548,1.,0.707106781186548,
1.,0.707106781186548,1.,0.707106781186548,1.)))
REPRESENTATION_ITEM('')
SURFACE()
);
#7050=(
BOUNDED_SURFACE()
B_SPLINE_SURFACE(2,1,((#12751,#12752),(#12753,#12754),(#12755,#12756),(#12757,
#12758),(#12759,#12760),(#12761,#12762),(#12763,#12764),(#12765,#12766),
(#12767,#12768)),.UNSPECIFIED.,.T.,.F.,.F.)
B_SPLINE_SURFACE_WITH_KNOTS((3,2,2,2,3),(2,2),(0.,1.5707963267949,3.14159265358979,
4.71238898038469,6.28318530717959),(0.,3.49919689496239),.UNSPECIFIED.)
GEOMETRIC_REPRESENTATION_ITEM()
RATIONAL_B_SPLINE_SURFACE(((1.,1.),(0.707106781186548,0.707106781186548),
(1.,1.),(0.707106781186548,0.707106781186548),(1.,1.),(0.707106781186548,
0.707106781186548),(1.,1.),(0.707106781186548,0.707106781186548),(1.,1.)))
REPRESENTATION_ITEM('')
SURFACE()
);
#7051=(
BOUNDED_SURFACE()
B_SPLINE_SURFACE(1,2,((#12770,#12771,#12772,#12773,#12774,#12775,#12776,
#12777,#12778),(#12779,#12780,#12781,#12782,#12783,#12784,#12785,#12786,
#12787)),.UNSPECIFIED.,.F.,.F.,.F.)
B_SPLINE_SURFACE_WITH_KNOTS((2,2),(3,2,2,2,3),(0.,1.41527695154587),(0.,
1.5707963267949,3.14159265358979,4.71238898038469,6.28318530717959),
 .UNSPECIFIED.)
GEOMETRIC_REPRESENTATION_ITEM()
RATIONAL_B_SPLINE_SURFACE(((1.,0.707106781186548,1.,0.707106781186548,1.,
0.707106781186548,1.,0.707106781186548,1.),(1.,0.707106781186548,1.,0.707106781186548,
1.,0.707106781186548,1.,0.707106781186548,1.)))
REPRESENTATION_ITEM('')
SURFACE()
);
#7052=(
BOUNDED_SURFACE()
B_SPLINE_SURFACE(2,1,((#12789,#12790),(#12791,#12792),(#12793,#12794),(#12795,
#12796),(#12797,#12798),(#12799,#12800),(#12801,#12802),(#12803,#12804),
(#12805,#12806)),.UNSPECIFIED.,.T.,.F.,.F.)
B_SPLINE_SURFACE_WITH_KNOTS((3,2,2,2,3),(2,2),(0.,1.5707963267949,3.14159265358979,
4.71238898038469,6.28318530717959),(0.,3.4991968950126),.UNSPECIFIED.)
GEOMETRIC_REPRESENTATION_ITEM()
RATIONAL_B_SPLINE_SURFACE(((1.,1.),(0.707106781186548,0.707106781186548),
(1.,1.),(0.707106781186548,0.707106781186548),(1.,1.),(0.707106781186548,
0.707106781186548),(1.,1.),(0.707106781186548,0.707106781186548),(1.,1.)))
REPRESENTATION_ITEM('')
SURFACE()
);
#7053=(
BOUNDED_SURFACE()
B_SPLINE_SURFACE(1,2,((#12807,#12808,#12809,#12810,#12811,#12812,#12813,
#12814,#12815),(#12816,#12817,#12818,#12819,#12820,#12821,#12822,#12823,
#12824)),.UNSPECIFIED.,.F.,.F.,.F.)
B_SPLINE_SURFACE_WITH_KNOTS((2,2),(3,2,2,2,3),(0.,3.1400038475772),(0.,
1.5707963267949,3.14159265358979,4.71238898038469,6.28318530717959),
 .UNSPECIFIED.)
GEOMETRIC_REPRESENTATION_ITEM()
RATIONAL_B_SPLINE_SURFACE(((1.,0.707106781186548,1.,0.707106781186548,1.,
0.707106781186548,1.,0.707106781186548,1.),(1.,0.707106781186548,1.,0.707106781186548,
1.,0.707106781186548,1.,0.707106781186548,1.)))
REPRESENTATION_ITEM('')
SURFACE()
);
#7054=(
BOUNDED_SURFACE()
B_SPLINE_SURFACE(1,2,((#12826,#12827,#12828,#12829,#12830,#12831,#12832,
#12833,#12834),(#12835,#12836,#12837,#12838,#12839,#12840,#12841,#12842,
#12843)),.UNSPECIFIED.,.F.,.F.,.F.)
B_SPLINE_SURFACE_WITH_KNOTS((2,2),(3,2,2,2,3),(0.,1.39925335183126),(0.,
1.5707963267949,3.14159265358979,4.71238898038469,6.28318530717959),
 .UNSPECIFIED.)
GEOMETRIC_REPRESENTATION_ITEM()
RATIONAL_B_SPLINE_SURFACE(((1.,0.707106781186548,1.,0.707106781186548,1.,
0.707106781186548,1.,0.707106781186548,1.),(1.,0.707106781186548,1.,0.707106781186548,
1.,0.707106781186548,1.,0.707106781186548,1.)))
REPRESENTATION_ITEM('')
SURFACE()
);
#7055=(
BOUNDED_SURFACE()
B_SPLINE_SURFACE(2,1,((#12845,#12846),(#12847,#12848),(#12849,#12850),(#12851,
#12852),(#12853,#12854),(#12855,#12856),(#12857,#12858),(#12859,#12860),
(#12861,#12862)),.UNSPECIFIED.,.T.,.F.,.F.)
B_SPLINE_SURFACE_WITH_KNOTS((3,2,2,2,3),(2,2),(0.,1.5707963267949,3.14159265358979,
4.71238898038469,6.28318530717959),(0.,1.3992),.UNSPECIFIED.)
GEOMETRIC_REPRESENTATION_ITEM()
RATIONAL_B_SPLINE_SURFACE(((1.,1.),(0.707106781186548,0.707106781186548),
(1.,1.),(0.707106781186548,0.707106781186548),(1.,1.),(0.707106781186548,
0.707106781186548),(1.,1.),(0.707106781186548,0.707106781186548),(1.,1.)))
REPRESENTATION_ITEM('')
SURFACE()
);
#7056=(
BOUNDED_SURFACE()
B_SPLINE_SURFACE(2,1,((#12866,#12867),(#12868,#12869),(#12870,#12871),(#12872,
#12873),(#12874,#12875),(#12876,#12877),(#12878,#12879),(#12880,#12881),
(#12882,#12883)),.UNSPECIFIED.,.T.,.F.,.F.)
B_SPLINE_SURFACE_WITH_KNOTS((3,2,2,2,3),(2,2),(0.,1.5707963267949,3.14159265358979,
4.71238898038469,6.28318530717959),(0.,3.1392),.UNSPECIFIED.)
GEOMETRIC_REPRESENTATION_ITEM()
RATIONAL_B_SPLINE_SURFACE(((1.,1.),(0.707106781186548,0.707106781186548),
(1.,1.),(0.707106781186548,0.707106781186548),(1.,1.),(0.707106781186548,
0.707106781186548),(1.,1.),(0.707106781186548,0.707106781186548),(1.,1.)))
REPRESENTATION_ITEM('')
SURFACE()
);
#7057=(
BOUNDED_SURFACE()
B_SPLINE_SURFACE(1,2,((#12887,#12888,#12889,#12890,#12891,#12892,#12893,
#12894,#12895),(#12896,#12897,#12898,#12899,#12900,#12901,#12902,#12903,
#12904)),.UNSPECIFIED.,.F.,.F.,.F.)
B_SPLINE_SURFACE_WITH_KNOTS((2,2),(3,2,2,2,3),(0.,3.1392),(0.,1.5707963267949,
3.14159265358979,4.71238898038469,6.28318530717959),.UNSPECIFIED.)
GEOMETRIC_REPRESENTATION_ITEM()
RATIONAL_B_SPLINE_SURFACE(((1.,0.707106781186548,1.,0.707106781186548,1.,
0.707106781186548,1.,0.707106781186548,1.),(1.,0.707106781186548,1.,0.707106781186548,
1.,0.707106781186548,1.,0.707106781186548,1.)))
REPRESENTATION_ITEM('')
SURFACE()
);
#7058=(
BOUNDED_SURFACE()
B_SPLINE_SURFACE(2,1,((#12909,#12910),(#12911,#12912),(#12913,#12914),(#12915,
#12916),(#12917,#12918),(#12919,#12920),(#12921,#12922),(#12923,#12924),
(#12925,#12926)),.UNSPECIFIED.,.T.,.F.,.F.)
B_SPLINE_SURFACE_WITH_KNOTS((3,2,2,2,3),(2,2),(0.,1.5707963267949,3.14159265358979,
4.71238898038469,6.28318530717959),(0.,1.3992),.UNSPECIFIED.)
GEOMETRIC_REPRESENTATION_ITEM()
RATIONAL_B_SPLINE_SURFACE(((1.,1.),(0.707106781186548,0.707106781186548),
(1.,1.),(0.707106781186548,0.707106781186548),(1.,1.),(0.707106781186548,
0.707106781186548),(1.,1.),(0.707106781186548,0.707106781186548),(1.,1.)))
REPRESENTATION_ITEM('')
SURFACE()
);
#7059=(
BOUNDED_SURFACE()
B_SPLINE_SURFACE(1,2,((#12928,#12929,#12930,#12931,#12932,#12933,#12934,
#12935,#12936),(#12937,#12938,#12939,#12940,#12941,#12942,#12943,#12944,
#12945)),.UNSPECIFIED.,.F.,.F.,.F.)
B_SPLINE_SURFACE_WITH_KNOTS((2,2),(3,2,2,2,3),(0.,1.39926370157971),(0.,
1.5707963267949,3.14159265358979,4.71238898038469,6.28318530717959),
 .UNSPECIFIED.)
GEOMETRIC_REPRESENTATION_ITEM()
RATIONAL_B_SPLINE_SURFACE(((1.,0.707106781186548,1.,0.707106781186548,1.,
0.707106781186548,1.,0.707106781186548,1.),(1.,0.707106781186548,1.,0.707106781186548,
1.,0.707106781186548,1.,0.707106781186548,1.)))
REPRESENTATION_ITEM('')
SURFACE()
);
#7060=(
BOUNDED_SURFACE()
B_SPLINE_SURFACE(1,2,((#12947,#12948,#12949,#12950,#12951,#12952,#12953,
#12954,#12955),(#12956,#12957,#12958,#12959,#12960,#12961,#12962,#12963,
#12964)),.UNSPECIFIED.,.F.,.F.,.F.)
B_SPLINE_SURFACE_WITH_KNOTS((2,2),(3,2,2,2,3),(0.,1.39935037688676),(0.,
1.5707963267949,3.14159265358979,4.71238898038469,6.28318530717959),
 .UNSPECIFIED.)
GEOMETRIC_REPRESENTATION_ITEM()
RATIONAL_B_SPLINE_SURFACE(((1.,0.707106781186548,1.,0.707106781186548,1.,
0.707106781186548,1.,0.707106781186548,1.),(1.,0.707106781186548,1.,0.707106781186548,
1.,0.707106781186548,1.,0.707106781186548,1.)))
REPRESENTATION_ITEM('')
SURFACE()
);
#7061=(
BOUNDED_SURFACE()
B_SPLINE_SURFACE(1,2,((#12978,#12979,#12980,#12981,#12982,#12983,#12984,
#12985,#12986),(#12987,#12988,#12989,#12990,#12991,#12992,#12993,#12994,
#12995)),.UNSPECIFIED.,.F.,.F.,.F.)
B_SPLINE_SURFACE_WITH_KNOTS((2,2),(3,2,2,2,3),(0.,1.39926370157954),(0.,
1.5707963267949,3.14159265358979,4.71238898038469,6.28318530717959),
 .UNSPECIFIED.)
GEOMETRIC_REPRESENTATION_ITEM()
RATIONAL_B_SPLINE_SURFACE(((1.,0.707106781186548,1.,0.707106781186548,1.,
0.707106781186548,1.,0.707106781186548,1.),(1.,0.707106781186548,1.,0.707106781186548,
1.,0.707106781186548,1.,0.707106781186548,1.)))
REPRESENTATION_ITEM('')
SURFACE()
);
#7062=(
BOUNDED_SURFACE()
B_SPLINE_SURFACE(2,1,((#12997,#12998),(#12999,#13000),(#13001,#13002),(#13003,
#13004),(#13005,#13006),(#13007,#13008),(#13009,#13010),(#13011,#13012),
(#13013,#13014)),.UNSPECIFIED.,.T.,.F.,.F.)
B_SPLINE_SURFACE_WITH_KNOTS((3,2,2,2,3),(2,2),(0.,1.5707963267949,3.14159265358979,
4.71238898038469,6.28318530717959),(0.,1.3992),.UNSPECIFIED.)
GEOMETRIC_REPRESENTATION_ITEM()
RATIONAL_B_SPLINE_SURFACE(((1.,1.),(0.707106781186548,0.707106781186548),
(1.,1.),(0.707106781186548,0.707106781186548),(1.,1.),(0.707106781186548,
0.707106781186548),(1.,1.),(0.707106781186548,0.707106781186548),(1.,1.)))
REPRESENTATION_ITEM('')
SURFACE()
);
#7063=(
BOUNDED_SURFACE()
B_SPLINE_SURFACE(2,1,((#13018,#13019),(#13020,#13021),(#13022,#13023),(#13024,
#13025),(#13026,#13027),(#13028,#13029),(#13030,#13031),(#13032,#13033),
(#13034,#13035)),.UNSPECIFIED.,.T.,.F.,.F.)
B_SPLINE_SURFACE_WITH_KNOTS((3,2,2,2,3),(2,2),(0.,1.5707963267949,3.14159265358979,
4.71238898038469,6.28318530717959),(0.,3.1392),.UNSPECIFIED.)
GEOMETRIC_REPRESENTATION_ITEM()
RATIONAL_B_SPLINE_SURFACE(((1.,1.),(0.707106781186548,0.707106781186548),
(1.,1.),(0.707106781186548,0.707106781186548),(1.,1.),(0.707106781186548,
0.707106781186548),(1.,1.),(0.707106781186548,0.707106781186548),(1.,1.)))
REPRESENTATION_ITEM('')
SURFACE()
);
#7064=(
BOUNDED_SURFACE()
B_SPLINE_SURFACE(2,1,((#13038,#13039),(#13040,#13041),(#13042,#13043),(#13044,
#13045),(#13046,#13047),(#13048,#13049),(#13050,#13051),(#13052,#13053),
(#13054,#13055)),.UNSPECIFIED.,.T.,.F.,.F.)
B_SPLINE_SURFACE_WITH_KNOTS((3,2,2,2,3),(2,2),(0.,1.5707963267949,3.14159265358979,
4.71238898038469,6.28318530717959),(0.,1.3992),.UNSPECIFIED.)
GEOMETRIC_REPRESENTATION_ITEM()
RATIONAL_B_SPLINE_SURFACE(((1.,1.),(0.707106781186548,0.707106781186548),
(1.,1.),(0.707106781186548,0.707106781186548),(1.,1.),(0.707106781186548,
0.707106781186548),(1.,1.),(0.707106781186548,0.707106781186548),(1.,1.)))
REPRESENTATION_ITEM('')
SURFACE()
);
#7065=(
BOUNDED_SURFACE()
B_SPLINE_SURFACE(1,2,((#13056,#13057,#13058,#13059,#13060,#13061,#13062,
#13063,#13064),(#13065,#13066,#13067,#13068,#13069,#13070,#13071,#13072,
#13073)),.UNSPECIFIED.,.F.,.F.,.F.)
B_SPLINE_SURFACE_WITH_KNOTS((2,2),(3,2,2,2,3),(0.,3.1392),(0.,1.5707963267949,
3.14159265358979,4.71238898038469,6.28318530717959),.UNSPECIFIED.)
GEOMETRIC_REPRESENTATION_ITEM()
RATIONAL_B_SPLINE_SURFACE(((1.,0.707106781186548,1.,0.707106781186548,1.,
0.707106781186548,1.,0.707106781186548,1.),(1.,0.707106781186548,1.,0.707106781186548,
1.,0.707106781186548,1.,0.707106781186548,1.)))
REPRESENTATION_ITEM('')
SURFACE()
);
#7066=(
BOUNDED_SURFACE()
B_SPLINE_SURFACE(1,2,((#13079,#13080,#13081,#13082,#13083,#13084,#13085,
#13086,#13087),(#13088,#13089,#13090,#13091,#13092,#13093,#13094,#13095,
#13096)),.UNSPECIFIED.,.F.,.F.,.F.)
B_SPLINE_SURFACE_WITH_KNOTS((2,2),(3,2,2,2,3),(0.,3.1426314575052),(0.,
1.5707963267949,3.14159265358979,4.71238898038469,6.28318530717959),
 .UNSPECIFIED.)
GEOMETRIC_REPRESENTATION_ITEM()
RATIONAL_B_SPLINE_SURFACE(((1.,0.707106781186548,1.,0.707106781186548,1.,
0.707106781186548,1.,0.707106781186548,1.),(1.,0.707106781186548,1.,0.707106781186548,
1.,0.707106781186548,1.,0.707106781186548,1.)))
REPRESENTATION_ITEM('')
SURFACE()
);
#7067=PLANE('',#7237);
#7068=PLANE('',#7238);
#7069=PLANE('',#7239);
#7070=PLANE('',#7240);
#7071=PLANE('',#7241);
#7072=PLANE('',#7242);
#7073=PLANE('',#7243);
#7074=PLANE('',#7244);
#7075=PLANE('',#7245);
#7076=PLANE('',#7246);
#7077=PLANE('',#7247);
#7078=PLANE('',#7248);
#7079=PLANE('',#7249);
#7080=PLANE('',#7250);
#7081=PLANE('',#7251);
#7082=PLANE('',#7252);
#7083=PLANE('',#7253);
#7084=PLANE('',#7254);
#7085=PLANE('',#7255);
#7086=PLANE('',#7256);
#7087=PLANE('',#7257);
#7088=PLANE('',#7258);
#7089=PLANE('',#7259);
#7090=PLANE('',#7260);
#7091=PLANE('',#7261);
#7092=PLANE('',#7262);
#7093=PLANE('',#7263);
#7094=PLANE('',#7264);
#7095=PLANE('',#7265);
#7096=PLANE('',#7266);
#7097=PLANE('',#7267);
#7098=PLANE('',#7268);
#7099=PLANE('',#7269);
#7100=PLANE('',#7270);
#7101=PLANE('',#7271);
#7102=PLANE('',#7272);
#7103=PLANE('',#7273);
#7104=PLANE('',#7274);
#7105=PLANE('',#7275);
#7106=PLANE('',#7276);
#7107=PLANE('',#7277);
#7108=PLANE('',#7278);
#7109=PLANE('',#7279);
#7110=PLANE('',#7280);
#7111=PLANE('',#7281);
#7112=PLANE('',#7282);
#7113=PLANE('',#7283);
#7114=PLANE('',#7284);
#7115=PLANE('',#7285);
#7116=PLANE('',#7286);
#7117=PLANE('',#7287);
#7118=PLANE('',#7288);
#7119=PLANE('',#7289);
#7120=PLANE('',#7290);
#7121=PLANE('',#7291);
#7122=PLANE('',#7292);
#7123=PLANE('',#7293);
#7124=PLANE('',#7294);
#7125=PLANE('',#7295);
#7126=PLANE('',#7296);
#7127=PLANE('',#7297);
#7128=PLANE('',#7298);
#7129=PLANE('',#7299);
#7130=PLANE('',#7300);
#7131=PLANE('',#7302);
#7132=PLANE('',#7303);
#7133=PLANE('',#7304);
#7134=PLANE('',#7305);
#7135=PLANE('',#7306);
#7136=PLANE('',#7307);
#7137=PLANE('',#7308);
#7138=PLANE('',#7309);
#7139=PLANE('',#7310);
#7140=PLANE('',#7311);
#7141=PLANE('',#7312);
#7142=PLANE('',#7313);
#7143=PLANE('',#7314);
#7144=PLANE('',#7315);
#7145=PLANE('',#7316);
#7146=PLANE('',#7317);
#7147=PLANE('',#7318);
#7148=PLANE('',#7319);
#7149=PLANE('',#7320);
#7150=PLANE('',#7321);
#7151=PLANE('',#7322);
#7152=PLANE('',#7323);
#7153=PLANE('',#7324);
#7154=PLANE('',#7325);
#7155=PLANE('',#7326);
#7156=PLANE('',#7327);
#7157=PLANE('',#7328);
#7158=PLANE('',#7329);
#7159=PLANE('',#7330);
#7160=PLANE('',#7331);
#7161=PLANE('',#7332);
#7162=PLANE('',#7333);
#7163=PLANE('',#7334);
#7164=PLANE('',#7335);
#7165=PLANE('',#7336);
#7166=PLANE('',#7337);
#7167=PLANE('',#7338);
#7168=PLANE('',#7339);
#7169=PLANE('',#7340);
#7170=PLANE('',#7341);
#7171=PLANE('',#7342);
#7172=PLANE('',#7343);
#7173=PLANE('',#7344);
#7174=PLANE('',#7345);
#7175=PLANE('',#7346);
#7176=PLANE('',#7347);
#7177=PLANE('',#7348);
#7178=PLANE('',#7349);
#7179=PLANE('',#7350);
#7180=PLANE('',#7351);
#7181=PLANE('',#7352);
#7182=PLANE('',#7353);
#7183=PLANE('',#7354);
#7184=PLANE('',#7355);
#7185=PLANE('',#7356);
#7186=PLANE('',#7357);
#7187=PLANE('',#7358);
#7188=PLANE('',#7359);
#7189=PLANE('',#7360);
#7190=PLANE('',#7361);
#7191=PLANE('',#7362);
#7192=PLANE('',#7363);
#7193=PLANE('',#7364);
#7194=PLANE('',#7365);
#7195=PLANE('',#7366);
#7196=SHAPE_DEFINITION_REPRESENTATION(#7198,#7234);
#7197=SHAPE_DEFINITION_REPRESENTATION(#7199,#7235);
#7198=PRODUCT_DEFINITION_SHAPE('Document','',#7204);
#7199=PRODUCT_DEFINITION_SHAPE('CPG151101S11_id11_x_t','',#7205);
#7200=PRODUCT_DEFINITION_SHAPE('','',#16);
#7201=PRODUCT_DEFINITION_SHAPE('','',#17);
#7202=PRODUCT_DEFINITION_CONTEXT('3D Mechanical Parts',#7212,'design');
#7203=PRODUCT_DEFINITION_CONTEXT('3D Mechanical Parts',#7213,'design');
#7204=PRODUCT_DEFINITION('A','First version',#7206,#7202);
#7205=PRODUCT_DEFINITION('A','First version',#7207,#7203);
#7206=PRODUCT_DEFINITION_FORMATION_WITH_SPECIFIED_SOURCE('A',
'First version',#7216,.MADE.);
#7207=PRODUCT_DEFINITION_FORMATION_WITH_SPECIFIED_SOURCE('A',
'First version',#7217,.MADE.);
#7208=PRODUCT_RELATED_PRODUCT_CATEGORY('tool','tool',(#7216));
#7209=PRODUCT_RELATED_PRODUCT_CATEGORY('tool','tool',(#7217));
#7210=APPLICATION_PROTOCOL_DEFINITION('Draft International Standard',
'automotive_design',1999,#7212);
#7211=APPLICATION_PROTOCOL_DEFINITION('Draft International Standard',
'automotive_design',1999,#7213);
#7212=APPLICATION_CONTEXT(
'data for automotive mechanical design processes');
#7213=APPLICATION_CONTEXT(
'data for automotive mechanical design processes');
#7214=PRODUCT_CONTEXT('3D Mechanical Parts',#7212,'mechanical');
#7215=PRODUCT_CONTEXT('3D Mechanical Parts',#7213,'mechanical');
#7216=PRODUCT('Document','Document','Rhino converted to STEP',(#7214));
#7217=PRODUCT('CPG151101S11_id11_x_t','CPG151101S11_id11_x_t',
'Rhino converted to STEP',(#7215));
#7218=(
LENGTH_UNIT()
NAMED_UNIT(*)
SI_UNIT(.MILLI.,.METRE.)
);
#7219=(
LENGTH_UNIT()
NAMED_UNIT(*)
SI_UNIT(.MILLI.,.METRE.)
);
#7220=(
NAMED_UNIT(*)
PLANE_ANGLE_UNIT()
SI_UNIT($,.RADIAN.)
);
#7221=(
NAMED_UNIT(*)
PLANE_ANGLE_UNIT()
SI_UNIT($,.RADIAN.)
);
#7222=DIMENSIONAL_EXPONENTS(0.,0.,0.,0.,0.,0.,0.);
#7223=DIMENSIONAL_EXPONENTS(0.,0.,0.,0.,0.,0.,0.);
#7224=PLANE_ANGLE_MEASURE_WITH_UNIT(PLANE_ANGLE_MEASURE(0.01745329252),
#7220);
#7225=PLANE_ANGLE_MEASURE_WITH_UNIT(PLANE_ANGLE_MEASURE(0.01745329252),
#7221);
#7226=(
CONVERSION_BASED_UNIT('DEGREES',#7224)
NAMED_UNIT(#7222)
PLANE_ANGLE_UNIT()
);
#7227=(
CONVERSION_BASED_UNIT('DEGREES',#7225)
NAMED_UNIT(#7223)
PLANE_ANGLE_UNIT()
);
#7228=(
NAMED_UNIT(*)
SI_UNIT($,.STERADIAN.)
SOLID_ANGLE_UNIT()
);
#7229=(
NAMED_UNIT(*)
SI_UNIT($,.STERADIAN.)
SOLID_ANGLE_UNIT()
);
#7230=UNCERTAINTY_MEASURE_WITH_UNIT(LENGTH_MEASURE(0.0001),#7218,
'DISTANCE_ACCURACY_VALUE',
'Maximum model space distance between geometric entities at asserted c
onnectivities');
#7231=UNCERTAINTY_MEASURE_WITH_UNIT(LENGTH_MEASURE(0.0001),#7219,
'DISTANCE_ACCURACY_VALUE',
'Maximum model space distance between geometric entities at asserted c
onnectivities');
#7232=(
GEOMETRIC_REPRESENTATION_CONTEXT(3)
GLOBAL_UNCERTAINTY_ASSIGNED_CONTEXT((#7230))
GLOBAL_UNIT_ASSIGNED_CONTEXT((#7228,#7226,#7218))
REPRESENTATION_CONTEXT('ID1','3D')
);
#7233=(
GEOMETRIC_REPRESENTATION_CONTEXT(3)
GLOBAL_UNCERTAINTY_ASSIGNED_CONTEXT((#7231))
GLOBAL_UNIT_ASSIGNED_CONTEXT((#7229,#7227,#7219))
REPRESENTATION_CONTEXT('ID1','3D')
);
#7234=SHAPE_REPRESENTATION('Document',(#7236,#7368,#7369,#7370),#7232);
#7235=SHAPE_REPRESENTATION('CPG151101S11_id11_x_t',(#7301,#7367),#7233);
#7236=AXIS2_PLACEMENT_3D('',#7512,#7371,#7372);
#7237=AXIS2_PLACEMENT_3D('',#7513,#7373,$);
#7238=AXIS2_PLACEMENT_3D('',#7514,#7374,$);
#7239=AXIS2_PLACEMENT_3D('',#7515,#7375,$);
#7240=AXIS2_PLACEMENT_3D('',#7516,#7376,$);
#7241=AXIS2_PLACEMENT_3D('',#7517,#7377,$);
#7242=AXIS2_PLACEMENT_3D('',#7518,#7378,$);
#7243=AXIS2_PLACEMENT_3D('',#7519,#7379,$);
#7244=AXIS2_PLACEMENT_3D('',#7538,#7380,$);
#7245=AXIS2_PLACEMENT_3D('',#7656,#7381,$);
#7246=AXIS2_PLACEMENT_3D('',#7774,#7382,$);
#7247=AXIS2_PLACEMENT_3D('',#7775,#7383,$);
#7248=AXIS2_PLACEMENT_3D('',#7776,#7384,$);
#7249=AXIS2_PLACEMENT_3D('',#7777,#7385,$);
#7250=AXIS2_PLACEMENT_3D('',#7814,#7386,$);
#7251=AXIS2_PLACEMENT_3D('',#7815,#7387,$);
#7252=AXIS2_PLACEMENT_3D('',#7888,#7388,$);
#7253=AXIS2_PLACEMENT_3D('',#7889,#7389,$);
#7254=AXIS2_PLACEMENT_3D('',#7908,#7390,$);
#7255=AXIS2_PLACEMENT_3D('',#7945,#7391,$);
#7256=AXIS2_PLACEMENT_3D('',#7946,#7392,$);
#7257=AXIS2_PLACEMENT_3D('',#7983,#7393,$);
#7258=AXIS2_PLACEMENT_3D('',#8002,#7394,$);
#7259=AXIS2_PLACEMENT_3D('',#8003,#7395,$);
#7260=AXIS2_PLACEMENT_3D('',#8004,#7396,$);
#7261=AXIS2_PLACEMENT_3D('',#8005,#7397,$);
#7262=AXIS2_PLACEMENT_3D('',#8006,#7398,$);
#7263=AXIS2_PLACEMENT_3D('',#8007,#7399,$);
#7264=AXIS2_PLACEMENT_3D('',#8026,#7400,$);
#7265=AXIS2_PLACEMENT_3D('',#8045,#7401,$);
#7266=AXIS2_PLACEMENT_3D('',#8064,#7402,$);
#7267=AXIS2_PLACEMENT_3D('',#8065,#7403,$);
#7268=AXIS2_PLACEMENT_3D('',#8066,#7404,$);
#7269=AXIS2_PLACEMENT_3D('',#8067,#7405,$);
#7270=AXIS2_PLACEMENT_3D('',#8086,#7406,$);
#7271=AXIS2_PLACEMENT_3D('',#8105,#7407,$);
#7272=AXIS2_PLACEMENT_3D('',#8124,#7408,$);
#7273=AXIS2_PLACEMENT_3D('',#8143,#7409,$);
#7274=AXIS2_PLACEMENT_3D('',#8162,#7410,$);
#7275=AXIS2_PLACEMENT_3D('',#8163,#7411,$);
#7276=AXIS2_PLACEMENT_3D('',#8722,#7412,$);
#7277=AXIS2_PLACEMENT_3D('',#8723,#7413,$);
#7278=AXIS2_PLACEMENT_3D('',#8724,#7414,$);
#7279=AXIS2_PLACEMENT_3D('',#8725,#7415,$);
#7280=AXIS2_PLACEMENT_3D('',#9131,#7416,$);
#7281=AXIS2_PLACEMENT_3D('',#9132,#7417,$);
#7282=AXIS2_PLACEMENT_3D('',#9214,#7418,$);
#7283=AXIS2_PLACEMENT_3D('',#9215,#7419,$);
#7284=AXIS2_PLACEMENT_3D('',#9351,#7420,$);
#7285=AXIS2_PLACEMENT_3D('',#9352,#7421,$);
#7286=AXIS2_PLACEMENT_3D('',#9353,#7422,$);
#7287=AXIS2_PLACEMENT_3D('',#9354,#7423,$);
#7288=AXIS2_PLACEMENT_3D('',#9355,#7424,$);
#7289=AXIS2_PLACEMENT_3D('',#9356,#7425,$);
#7290=AXIS2_PLACEMENT_3D('',#9357,#7426,$);
#7291=AXIS2_PLACEMENT_3D('',#9358,#7427,$);
#7292=AXIS2_PLACEMENT_3D('',#9359,#7428,$);
#7293=AXIS2_PLACEMENT_3D('',#9360,#7429,$);
#7294=AXIS2_PLACEMENT_3D('',#9361,#7430,$);
#7295=AXIS2_PLACEMENT_3D('',#9362,#7431,$);
#7296=AXIS2_PLACEMENT_3D('',#9363,#7432,$);
#7297=AXIS2_PLACEMENT_3D('',#9364,#7433,$);
#7298=AXIS2_PLACEMENT_3D('',#9401,#7434,$);
#7299=AXIS2_PLACEMENT_3D('',#9402,#7435,$);
#7300=AXIS2_PLACEMENT_3D('',#9403,#7436,$);
#7301=AXIS2_PLACEMENT_3D('',#12079,#7437,#7438);
#7302=AXIS2_PLACEMENT_3D('',#12080,#7439,$);
#7303=AXIS2_PLACEMENT_3D('',#12081,#7440,$);
#7304=AXIS2_PLACEMENT_3D('',#12082,#7441,$);
#7305=AXIS2_PLACEMENT_3D('',#12083,#7442,$);
#7306=AXIS2_PLACEMENT_3D('',#12084,#7443,$);
#7307=AXIS2_PLACEMENT_3D('',#12193,#7444,$);
#7308=AXIS2_PLACEMENT_3D('',#12386,#7445,$);
#7309=AXIS2_PLACEMENT_3D('',#12387,#7446,$);
#7310=AXIS2_PLACEMENT_3D('',#12388,#7447,$);
#7311=AXIS2_PLACEMENT_3D('',#12389,#7448,$);
#7312=AXIS2_PLACEMENT_3D('',#12390,#7449,$);
#7313=AXIS2_PLACEMENT_3D('',#12499,#7450,$);
#7314=AXIS2_PLACEMENT_3D('',#12692,#7451,$);
#7315=AXIS2_PLACEMENT_3D('',#12693,#7452,$);
#7316=AXIS2_PLACEMENT_3D('',#12694,#7453,$);
#7317=AXIS2_PLACEMENT_3D('',#12695,#7454,$);
#7318=AXIS2_PLACEMENT_3D('',#12732,#7455,$);
#7319=AXIS2_PLACEMENT_3D('',#12769,#7456,$);
#7320=AXIS2_PLACEMENT_3D('',#12788,#7457,$);
#7321=AXIS2_PLACEMENT_3D('',#12825,#7458,$);
#7322=AXIS2_PLACEMENT_3D('',#12844,#7459,$);
#7323=AXIS2_PLACEMENT_3D('',#12863,#7460,$);
#7324=AXIS2_PLACEMENT_3D('',#12864,#7461,$);
#7325=AXIS2_PLACEMENT_3D('',#12865,#7462,$);
#7326=AXIS2_PLACEMENT_3D('',#12884,#7463,$);
#7327=AXIS2_PLACEMENT_3D('',#12885,#7464,$);
#7328=AXIS2_PLACEMENT_3D('',#12886,#7465,$);
#7329=AXIS2_PLACEMENT_3D('',#12905,#7466,$);
#7330=AXIS2_PLACEMENT_3D('',#12906,#7467,$);
#7331=AXIS2_PLACEMENT_3D('',#12907,#7468,$);
#7332=AXIS2_PLACEMENT_3D('',#12908,#7469,$);
#7333=AXIS2_PLACEMENT_3D('',#12927,#7470,$);
#7334=AXIS2_PLACEMENT_3D('',#12946,#7471,$);
#7335=AXIS2_PLACEMENT_3D('',#12965,#7472,$);
#7336=AXIS2_PLACEMENT_3D('',#12966,#7473,$);
#7337=AXIS2_PLACEMENT_3D('',#12967,#7474,$);
#7338=AXIS2_PLACEMENT_3D('',#12968,#7475,$);
#7339=AXIS2_PLACEMENT_3D('',#12969,#7476,$);
#7340=AXIS2_PLACEMENT_3D('',#12970,#7477,$);
#7341=AXIS2_PLACEMENT_3D('',#12971,#7478,$);
#7342=AXIS2_PLACEMENT_3D('',#12972,#7479,$);
#7343=AXIS2_PLACEMENT_3D('',#12973,#7480,$);
#7344=AXIS2_PLACEMENT_3D('',#12974,#7481,$);
#7345=AXIS2_PLACEMENT_3D('',#12975,#7482,$);
#7346=AXIS2_PLACEMENT_3D('',#12976,#7483,$);
#7347=AXIS2_PLACEMENT_3D('',#12977,#7484,$);
#7348=AXIS2_PLACEMENT_3D('',#12996,#7485,$);
#7349=AXIS2_PLACEMENT_3D('',#13015,#7486,$);
#7350=AXIS2_PLACEMENT_3D('',#13016,#7487,$);
#7351=AXIS2_PLACEMENT_3D('',#13017,#7488,$);
#7352=AXIS2_PLACEMENT_3D('',#13036,#7489,$);
#7353=AXIS2_PLACEMENT_3D('',#13037,#7490,$);
#7354=AXIS2_PLACEMENT_3D('',#13074,#7491,$);
#7355=AXIS2_PLACEMENT_3D('',#13075,#7492,$);
#7356=AXIS2_PLACEMENT_3D('',#13076,#7493,$);
#7357=AXIS2_PLACEMENT_3D('',#13077,#7494,$);
#7358=AXIS2_PLACEMENT_3D('',#13078,#7495,$);
#7359=AXIS2_PLACEMENT_3D('',#13097,#7496,$);
#7360=AXIS2_PLACEMENT_3D('',#13098,#7497,$);
#7361=AXIS2_PLACEMENT_3D('',#13099,#7498,$);
#7362=AXIS2_PLACEMENT_3D('',#13100,#7499,$);
#7363=AXIS2_PLACEMENT_3D('',#13101,#7500,$);
#7364=AXIS2_PLACEMENT_3D('',#13102,#7501,$);
#7365=AXIS2_PLACEMENT_3D('',#13103,#7502,$);
#7366=AXIS2_PLACEMENT_3D('',#13104,#7503,$);
#7367=AXIS2_PLACEMENT_3D('',#14507,#7504,#7505);
#7368=AXIS2_PLACEMENT_3D('',#14508,#7506,#7507);
#7369=AXIS2_PLACEMENT_3D('',#14509,#7508,#7509);
#7370=AXIS2_PLACEMENT_3D('',#14510,#7510,#7511);
#7371=DIRECTION('',(0.,0.,1.));
#7372=DIRECTION('',(1.,0.,0.));
#7373=DIRECTION('',(-1.,0.,0.));
#7374=DIRECTION('',(-1.,0.,0.));
#7375=DIRECTION('',(-1.,0.,0.));
#7376=DIRECTION('',(0.,0.,1.));
#7377=DIRECTION('',(-0.707106781186547,-0.707106781186548,0.));
#7378=DIRECTION('',(0.,0.,-1.));
#7379=DIRECTION('',(0.,0.,-1.));
#7380=DIRECTION('',(0.,0.,-1.));
#7381=DIRECTION('',(0.,0.,-1.));
#7382=DIRECTION('',(0.,0.,1.));
#7383=DIRECTION('',(0.,0.,1.));
#7384=DIRECTION('',(0.,0.,-1.));
#7385=DIRECTION('',(0.,0.,-1.));
#7386=DIRECTION('',(0.,0.,1.));
#7387=DIRECTION('',(0.707106781186548,0.,0.707106781186547));
#7388=DIRECTION('',(1.,0.,0.));
#7389=DIRECTION('',(0.707106781186547,0.707106781186547,0.));
#7390=DIRECTION('',(0.,1.,0.));
#7391=DIRECTION('',(0.707106781186547,0.,-0.707106781186547));
#7392=DIRECTION('',(0.,0.,-1.));
#7393=DIRECTION('',(0.707106781186548,-0.707106781186547,0.));
#7394=DIRECTION('',(0.,-1.,0.));
#7395=DIRECTION('',(0.,0.,-1.));
#7396=DIRECTION('',(0.,0.,-1.));
#7397=DIRECTION('',(0.,0.,1.));
#7398=DIRECTION('',(0.,0.,1.));
#7399=DIRECTION('',(0.,-1.,0.));
#7400=DIRECTION('',(0.,0.,-1.));
#7401=DIRECTION('',(0.,1.,0.));
#7402=DIRECTION('',(-1.,0.,0.));
#7403=DIRECTION('',(-1.,0.,0.));
#7404=DIRECTION('',(-1.,0.,0.));
#7405=DIRECTION('',(-1.,0.,0.));
#7406=DIRECTION('',(0.,0.,1.));
#7407=DIRECTION('',(0.707106781186548,-0.707106781186547,0.));
#7408=DIRECTION('',(0.707106781186547,0.,-0.707106781186547));
#7409=DIRECTION('',(0.707106781186547,0.707106781186547,0.));
#7410=DIRECTION('',(0.707106781186547,0.,0.707106781186547));
#7411=DIRECTION('',(1.,0.,0.));
#7412=DIRECTION('',(1.,0.,0.));
#7413=DIRECTION('',(1.,0.,0.));
#7414=DIRECTION('',(1.,0.,0.));
#7415=DIRECTION('',(1.,0.,0.));
#7416=DIRECTION('',(1.,0.,0.));
#7417=DIRECTION('',(1.,0.,0.));
#7418=DIRECTION('',(1.,0.,0.));
#7419=DIRECTION('',(0.,0.,1.));
#7420=DIRECTION('',(0.,0.,1.));
#7421=DIRECTION('',(0.,-1.,0.));
#7422=DIRECTION('',(0.,0.,1.));
#7423=DIRECTION('',(-1.,0.,0.));
#7424=DIRECTION('',(0.,0.,-1.));
#7425=DIRECTION('',(-0.707106781186547,0.707106781186548,0.));
#7426=DIRECTION('',(0.,1.,0.));
#7427=DIRECTION('',(0.,1.,0.));
#7428=DIRECTION('',(0.,1.,0.));
#7429=DIRECTION('',(-1.,0.,0.));
#7430=DIRECTION('',(-1.,0.,0.));
#7431=DIRECTION('',(0.,1.,0.));
#7432=DIRECTION('',(0.,0.,1.));
#7433=DIRECTION('',(0.,0.,-1.));
#7434=DIRECTION('',(0.,-1.,0.));
#7435=DIRECTION('',(0.,-1.,0.));
#7436=DIRECTION('',(0.,-1.,0.));
#7437=DIRECTION('',(0.,0.,1.));
#7438=DIRECTION('',(1.,0.,0.));
#7439=DIRECTION('',(0.,0.,-1.));
#7440=DIRECTION('',(-0.99654575824488,0.,-0.0830454798537383));
#7441=DIRECTION('',(0.,-1.,0.));
#7442=DIRECTION('',(0.99654575824488,-5.53194022948E-17,-0.0830454798537383));
#7443=DIRECTION('',(0.,1.,0.));
#7444=DIRECTION('',(0.,1.,0.));
#7445=DIRECTION('',(0.,0.,-1.));
#7446=DIRECTION('',(-0.99654575824488,6.91492528685E-18,-0.0830454798537383));
#7447=DIRECTION('',(0.,1.,0.));
#7448=DIRECTION('',(0.,-1.,0.));
#7449=DIRECTION('',(0.99654575824488,0.,-0.0830454798537383));
#7450=DIRECTION('',(0.,-1.,0.));
#7451=DIRECTION('',(0.,1.,0.));
#7452=DIRECTION('',(0.,-1.,0.));
#7453=DIRECTION('',(0.,-1.,0.));
#7454=DIRECTION('',(0.,1.,0.));
#7455=DIRECTION('',(0.,0.,-1.));
#7456=DIRECTION('',(1.,0.,0.));
#7457=DIRECTION('',(0.,0.,-1.));
#7458=DIRECTION('',(-1.,0.,0.));
#7459=DIRECTION('',(0.,0.,-1.));
#7460=DIRECTION('',(-1.,0.,0.));
#7461=DIRECTION('',(-1.,0.,0.));
#7462=DIRECTION('',(-1.,0.,0.));
#7463=DIRECTION('',(0.,0.,1.));
#7464=DIRECTION('',(-1.,0.,0.));
#7465=DIRECTION('',(0.,0.,-1.));
#7466=DIRECTION('',(1.,0.,0.));
#7467=DIRECTION('',(1.,0.,0.));
#7468=DIRECTION('',(0.,1.,0.));
#7469=DIRECTION('',(1.,0.,0.));
#7470=DIRECTION('',(0.,0.,-1.));
#7471=DIRECTION('',(1.,0.,0.));
#7472=DIRECTION('',(0.,0.,1.));
#7473=DIRECTION('',(0.,0.,1.));
#7474=DIRECTION('',(0.707106781186598,7.85046229341943E-17,0.707106781186498));
#7475=DIRECTION('',(1.,0.,0.));
#7476=DIRECTION('',(0.,1.,0.));
#7477=DIRECTION('',(0.,0.,-1.));
#7478=DIRECTION('',(0.707106781186597,-7.85046229341943E-17,-0.707106781186498));
#7479=DIRECTION('',(0.,-1.,0.));
#7480=DIRECTION('',(-1.,0.,0.));
#7481=DIRECTION('',(-1.,0.,0.));
#7482=DIRECTION('',(-1.,0.,0.));
#7483=DIRECTION('',(-1.,0.,0.));
#7484=DIRECTION('',(-1.,0.,0.));
#7485=DIRECTION('',(0.,0.,-1.));
#7486=DIRECTION('',(-1.,0.,0.));
#7487=DIRECTION('',(-1.,0.,0.));
#7488=DIRECTION('',(-1.,0.,0.));
#7489=DIRECTION('',(1.,0.,0.));
#7490=DIRECTION('',(1.,0.,0.));
#7491=DIRECTION('',(0.,0.,-1.));
#7492=DIRECTION('',(1.,0.,0.));
#7493=DIRECTION('',(0.,0.,1.));
#7494=DIRECTION('',(0.,-1.,0.));
#7495=DIRECTION('',(-1.,0.,0.));
#7496=DIRECTION('',(-1.,0.,0.));
#7497=DIRECTION('',(1.,0.,0.));
#7498=DIRECTION('',(0.,0.,1.));
#7499=DIRECTION('',(0.,0.,1.));
#7500=DIRECTION('',(1.,0.,0.));
#7501=DIRECTION('',(-1.,0.,0.));
#7502=DIRECTION('',(0.,0.,1.));
#7503=DIRECTION('',(0.,0.,1.));
#7504=DIRECTION('',(0.,0.,1.));
#7505=DIRECTION('',(1.,0.,0.));
#7506=DIRECTION('',(1.,0.,0.));
#7507=DIRECTION('',(0.,-1.,0.));
#7508=DIRECTION('',(1.,0.,0.));
#7509=DIRECTION('',(0.,1.,0.));
#7510=DIRECTION('',(0.,0.,1.));
#7511=DIRECTION('',(1.,0.,0.));
#7512=CARTESIAN_POINT('',(0.,0.,0.));
#7513=CARTESIAN_POINT('',(-0.6,0.147499736309732,-0.17254748992894));
#7514=CARTESIAN_POINT('',(-0.6,-1.4596,0.9586));
#7515=CARTESIAN_POINT('',(-0.3,11.6461,-0.657273822353174));
#7516=CARTESIAN_POINT('',(-0.9996,8.6129,-1.334894851961));
#7517=CARTESIAN_POINT('',(0.485599999999999,8.7494,-0.657273822353174));
#7518=CARTESIAN_POINT('',(1.2996,8.6129,-2.01510514803926));
#7519=CARTESIAN_POINT('',(-1.3296,2.2871,-3.365));
#7520=CARTESIAN_POINT('',(1.8596,4.,-2.));
#7521=CARTESIAN_POINT('',(-1.1596,4.,-2.));
#7522=CARTESIAN_POINT('',(1.8596,4.,-4.));
#7523=CARTESIAN_POINT('',(-1.1596,4.,-4.));
#7524=CARTESIAN_POINT('',(1.8596,2.,-4.));
#7525=CARTESIAN_POINT('',(-1.1596,2.,-4.));
#7526=CARTESIAN_POINT('',(1.8596,4.44089209850063E-16,-4.));
#7527=CARTESIAN_POINT('',(-1.1596,4.44089209850063E-16,-4.));
#7528=CARTESIAN_POINT('',(1.8596,0.,-2.));
#7529=CARTESIAN_POINT('',(-1.1596,0.,-2.));
#7530=CARTESIAN_POINT('',(1.8596,0.,-4.44089209850063E-16));
#7531=CARTESIAN_POINT('',(-1.1596,0.,-4.44089209850063E-16));
#7532=CARTESIAN_POINT('',(1.8596,2.,0.));
#7533=CARTESIAN_POINT('',(-1.1596,2.,0.));
#7534=CARTESIAN_POINT('',(1.8596,4.,0.));
#7535=CARTESIAN_POINT('',(-1.1596,4.,0.));
#7536=CARTESIAN_POINT('',(1.8596,4.,-2.));
#7537=CARTESIAN_POINT('',(-1.1596,4.,-2.));
#7538=CARTESIAN_POINT('',(1.8596,4.1234005717914,-5.89));
#7539=CARTESIAN_POINT('',(-0.4,4.1234005717914,-5.49));
#7540=CARTESIAN_POINT('',(-0.4,-0.9290364156174,-5.49));
#7541=CARTESIAN_POINT('',(-0.6,4.1234005717914,-5.49));
#7542=CARTESIAN_POINT('',(-0.6,-0.9290364156174,-5.49));
#7543=CARTESIAN_POINT('',(-0.6,4.1234005717914,-5.69));
#7544=CARTESIAN_POINT('',(-0.6,-0.9290364156174,-5.69));
#7545=CARTESIAN_POINT('',(-0.6,4.1234005717914,-5.89));
#7546=CARTESIAN_POINT('',(-0.6,-0.9290364156174,-5.89));
#7547=CARTESIAN_POINT('',(-0.4,4.1234005717914,-5.89));
#7548=CARTESIAN_POINT('',(-0.4,-0.9290364156174,-5.89));
#7549=CARTESIAN_POINT('',(-0.2,4.1234005717914,-5.89));
#7550=CARTESIAN_POINT('',(-0.2,-0.9290364156174,-5.89));
#7551=CARTESIAN_POINT('',(-0.2,4.1234005717914,-5.69));
#7552=CARTESIAN_POINT('',(-0.2,-0.9290364156174,-5.69));
#7553=CARTESIAN_POINT('',(-0.2,4.1234005717914,-5.49));
#7554=CARTESIAN_POINT('',(-0.2,-0.9290364156174,-5.49));
#7555=CARTESIAN_POINT('',(-0.4,4.1234005717914,-5.49));
#7556=CARTESIAN_POINT('',(-0.4,-0.9290364156174,-5.49));
#7557=CARTESIAN_POINT('',(-0.4,2.71186263950221,-5.25888064060015));
#7558=CARTESIAN_POINT('',(-0.6,2.71186263950221,-5.25888064060015));
#7559=CARTESIAN_POINT('',(-0.6,2.90486324617093,-5.31132838436009));
#7560=CARTESIAN_POINT('',(-0.6,3.09786385283964,-5.36377612812003));
#7561=CARTESIAN_POINT('',(-0.4,3.09786385283964,-5.36377612812003));
#7562=CARTESIAN_POINT('',(-0.2,3.09786385283964,-5.36377612812003));
#7563=CARTESIAN_POINT('',(-0.2,2.90486324617093,-5.31132838436009));
#7564=CARTESIAN_POINT('',(-0.2,2.71186263950221,-5.25888064060015));
#7565=CARTESIAN_POINT('',(-0.4,2.71186263950221,-5.25888064060015));
#7566=CARTESIAN_POINT('',(-0.4,2.84298199890206,-4.77637912392837));
#7567=CARTESIAN_POINT('',(-0.6,2.84298199890206,-4.77637912392837));
#7568=CARTESIAN_POINT('',(-0.6,2.98353486181084,-5.02182747435702));
#7569=CARTESIAN_POINT('',(-0.6,3.12408772471961,-5.26727582478567));
#7570=CARTESIAN_POINT('',(-0.4,3.12408772471961,-5.26727582478567));
#7571=CARTESIAN_POINT('',(-0.2,3.12408772471961,-5.26727582478567));
#7572=CARTESIAN_POINT('',(-0.2,2.98353486181084,-5.02182747435702));
#7573=CARTESIAN_POINT('',(-0.2,2.84298199890206,-4.77637912392837));
#7574=CARTESIAN_POINT('',(-0.4,2.84298199890206,-4.77637912392837));
#7575=CARTESIAN_POINT('',(-0.4,3.32548351557385,-4.90749848332821));
#7576=CARTESIAN_POINT('',(-0.6,3.32548351557385,-4.90749848332821));
#7577=CARTESIAN_POINT('',(-0.6,3.27303577181391,-5.10049908999693));
#7578=CARTESIAN_POINT('',(-0.6,3.22058802805397,-5.29349969666564));
#7579=CARTESIAN_POINT('',(-0.4,3.22058802805397,-5.29349969666564));
#7580=CARTESIAN_POINT('',(-0.2,3.22058802805397,-5.29349969666564));
#7581=CARTESIAN_POINT('',(-0.2,3.27303577181391,-5.10049908999693));
#7582=CARTESIAN_POINT('',(-0.2,3.32548351557385,-4.90749848332821));
#7583=CARTESIAN_POINT('',(-0.4,3.32548351557385,-4.90749848332821));
#7584=CARTESIAN_POINT('',(-0.4,3.80798503224563,-5.03861784272806));
#7585=CARTESIAN_POINT('',(-0.6,3.80798503224563,-5.03861784272806));
#7586=CARTESIAN_POINT('',(-0.6,3.56253668181698,-5.17917070563684));
#7587=CARTESIAN_POINT('',(-0.6,3.31708833138833,-5.31972356854561));
#7588=CARTESIAN_POINT('',(-0.4,3.31708833138833,-5.31972356854561));
#7589=CARTESIAN_POINT('',(-0.2,3.31708833138833,-5.31972356854561));
#7590=CARTESIAN_POINT('',(-0.2,3.56253668181698,-5.17917070563684));
#7591=CARTESIAN_POINT('',(-0.2,3.80798503224563,-5.03861784272806));
#7592=CARTESIAN_POINT('',(-0.4,3.80798503224563,-5.03861784272806));
#7593=CARTESIAN_POINT('',(-0.4,3.67686567284579,-5.52111935939985));
#7594=CARTESIAN_POINT('',(-0.6,3.67686567284579,-5.52111935939985));
#7595=CARTESIAN_POINT('',(-0.6,3.48386506617707,-5.46867161563991));
#7596=CARTESIAN_POINT('',(-0.6,3.29086445950836,-5.41622387187997));
#7597=CARTESIAN_POINT('',(-0.4,3.29086445950836,-5.41622387187997));
#7598=CARTESIAN_POINT('',(-0.2,3.29086445950836,-5.41622387187997));
#7599=CARTESIAN_POINT('',(-0.2,3.48386506617707,-5.46867161563991));
#7600=CARTESIAN_POINT('',(-0.2,3.67686567284579,-5.52111935939985));
#7601=CARTESIAN_POINT('',(-0.4,3.67686567284579,-5.52111935939985));
#7602=CARTESIAN_POINT('',(-0.4,3.54574631344594,-6.00362087607163));
#7603=CARTESIAN_POINT('',(-0.6,3.54574631344594,-6.00362087607163));
#7604=CARTESIAN_POINT('',(-0.6,3.40519345053716,-5.75817252564298));
#7605=CARTESIAN_POINT('',(-0.6,3.26464058762839,-5.51272417521433));
#7606=CARTESIAN_POINT('',(-0.4,3.26464058762839,-5.51272417521433));
#7607=CARTESIAN_POINT('',(-0.2,3.26464058762839,-5.51272417521433));
#7608=CARTESIAN_POINT('',(-0.2,3.40519345053716,-5.75817252564298));
#7609=CARTESIAN_POINT('',(-0.2,3.54574631344594,-6.00362087607163));
#7610=CARTESIAN_POINT('',(-0.4,3.54574631344594,-6.00362087607163));
#7611=CARTESIAN_POINT('',(-0.4,3.06324479677415,-5.87250151667179));
#7612=CARTESIAN_POINT('',(-0.6,3.06324479677415,-5.87250151667179));
#7613=CARTESIAN_POINT('',(-0.6,3.11569254053409,-5.67950091000307));
#7614=CARTESIAN_POINT('',(-0.6,3.16814028429403,-5.48650030333436));
#7615=CARTESIAN_POINT('',(-0.4,3.16814028429403,-5.48650030333436));
#7616=CARTESIAN_POINT('',(-0.2,3.16814028429403,-5.48650030333436));
#7617=CARTESIAN_POINT('',(-0.2,3.11569254053409,-5.67950091000307));
#7618=CARTESIAN_POINT('',(-0.2,3.06324479677415,-5.87250151667179));
#7619=CARTESIAN_POINT('',(-0.4,3.06324479677415,-5.87250151667179));
#7620=CARTESIAN_POINT('',(-0.4,2.58074328010237,-5.74138215727194));
#7621=CARTESIAN_POINT('',(-0.6,2.58074328010237,-5.74138215727194));
#7622=CARTESIAN_POINT('',(-0.6,2.82619163053102,-5.60082929436316));
#7623=CARTESIAN_POINT('',(-0.6,3.07163998095967,-5.46027643145439));
#7624=CARTESIAN_POINT('',(-0.4,3.07163998095967,-5.46027643145439));
#7625=CARTESIAN_POINT('',(-0.2,3.07163998095967,-5.46027643145439));
#7626=CARTESIAN_POINT('',(-0.2,2.82619163053102,-5.60082929436316));
#7627=CARTESIAN_POINT('',(-0.2,2.58074328010237,-5.74138215727194));
#7628=CARTESIAN_POINT('',(-0.4,2.58074328010237,-5.74138215727194));
#7629=CARTESIAN_POINT('',(-0.4,2.71186263950221,-5.25888064060015));
#7630=CARTESIAN_POINT('',(-0.6,2.71186263950221,-5.25888064060015));
#7631=CARTESIAN_POINT('',(-0.6,2.90486324617093,-5.31132838436009));
#7632=CARTESIAN_POINT('',(-0.6,3.09786385283964,-5.36377612812003));
#7633=CARTESIAN_POINT('',(-0.4,3.09786385283964,-5.36377612812003));
#7634=CARTESIAN_POINT('',(-0.2,3.09786385283964,-5.36377612812003));
#7635=CARTESIAN_POINT('',(-0.2,2.90486324617093,-5.31132838436009));
#7636=CARTESIAN_POINT('',(-0.2,2.71186263950221,-5.25888064060015));
#7637=CARTESIAN_POINT('',(-0.4,2.71186263950221,-5.25888064060015));
#7638=CARTESIAN_POINT('',(1.8596,2.694364156174,-5.39));
#7639=CARTESIAN_POINT('',(-1.1596,2.694364156174,-5.39));
#7640=CARTESIAN_POINT('',(1.8596,2.694364156174,-4.89));
#7641=CARTESIAN_POINT('',(-1.1596,2.694364156174,-4.89));
#7642=CARTESIAN_POINT('',(1.8596,3.194364156174,-4.89));
#7643=CARTESIAN_POINT('',(-1.1596,3.194364156174,-4.89));
#7644=CARTESIAN_POINT('',(1.8596,3.694364156174,-4.89));
#7645=CARTESIAN_POINT('',(-1.1596,3.694364156174,-4.89));
#7646=CARTESIAN_POINT('',(1.8596,3.694364156174,-5.39));
#7647=CARTESIAN_POINT('',(-1.1596,3.694364156174,-5.39));
#7648=CARTESIAN_POINT('',(1.8596,3.694364156174,-5.89));
#7649=CARTESIAN_POINT('',(-1.1596,3.694364156174,-5.89));
#7650=CARTESIAN_POINT('',(1.8596,3.194364156174,-5.89));
#7651=CARTESIAN_POINT('',(-1.1596,3.194364156174,-5.89));
#7652=CARTESIAN_POINT('',(1.8596,2.694364156174,-5.89));
#7653=CARTESIAN_POINT('',(-1.1596,2.694364156174,-5.89));
#7654=CARTESIAN_POINT('',(1.8596,2.694364156174,-5.39));
#7655=CARTESIAN_POINT('',(-1.1596,2.694364156174,-5.39));
#7656=CARTESIAN_POINT('',(1.8596,11.4726,-4.));
#7657=CARTESIAN_POINT('',(-0.4,11.4726,-3.6));
#7658=CARTESIAN_POINT('',(-0.4,4.6974,-3.6));
#7659=CARTESIAN_POINT('',(-0.6,11.4726,-3.6));
#7660=CARTESIAN_POINT('',(-0.6,4.6974,-3.6));
#7661=CARTESIAN_POINT('',(-0.6,11.4726,-3.8));
#7662=CARTESIAN_POINT('',(-0.6,4.6974,-3.8));
#7663=CARTESIAN_POINT('',(-0.6,11.4726,-4.));
#7664=CARTESIAN_POINT('',(-0.6,4.6974,-4.));
#7665=CARTESIAN_POINT('',(-0.4,11.4726,-4.));
#7666=CARTESIAN_POINT('',(-0.4,4.6974,-4.));
#7667=CARTESIAN_POINT('',(-0.2,11.4726,-4.));
#7668=CARTESIAN_POINT('',(-0.2,4.6974,-4.));
#7669=CARTESIAN_POINT('',(-0.2,11.4726,-3.8));
#7670=CARTESIAN_POINT('',(-0.2,4.6974,-3.8));
#7671=CARTESIAN_POINT('',(-0.2,11.4726,-3.6));
#7672=CARTESIAN_POINT('',(-0.2,4.6974,-3.6));
#7673=CARTESIAN_POINT('',(-0.4,11.4726,-3.6));
#7674=CARTESIAN_POINT('',(-0.4,4.6974,-3.6));
#7675=CARTESIAN_POINT('',(-0.4,9.9003870806837,-3.51967055800533));
#7676=CARTESIAN_POINT('',(-0.6,9.9003870806837,-3.51967055800533));
#7677=CARTESIAN_POINT('',(-0.6,10.1002322484102,-3.5118023348032));
#7678=CARTESIAN_POINT('',(-0.6,10.3000774161367,-3.50393411160107));
#7679=CARTESIAN_POINT('',(-0.4,10.3000774161367,-3.50393411160107));
#7680=CARTESIAN_POINT('',(-0.2,10.3000774161367,-3.50393411160107));
#7681=CARTESIAN_POINT('',(-0.2,10.1002322484102,-3.5118023348032));
#7682=CARTESIAN_POINT('',(-0.2,9.9003870806837,-3.51967055800533));
#7683=CARTESIAN_POINT('',(-0.4,9.9003870806837,-3.51967055800533));
#7684=CARTESIAN_POINT('',(-0.4,9.88071652267836,-3.02005763868903));
#7685=CARTESIAN_POINT('',(-0.6,9.88071652267836,-3.02005763868903));
#7686=CARTESIAN_POINT('',(-0.6,10.088429913607,-3.21203458321342));
#7687=CARTESIAN_POINT('',(-0.6,10.2961433045357,-3.40401152773781));
#7688=CARTESIAN_POINT('',(-0.4,10.2961433045357,-3.40401152773781));
#7689=CARTESIAN_POINT('',(-0.2,10.2961433045357,-3.40401152773781));
#7690=CARTESIAN_POINT('',(-0.2,10.088429913607,-3.21203458321342));
#7691=CARTESIAN_POINT('',(-0.2,9.88071652267836,-3.02005763868903));
#7692=CARTESIAN_POINT('',(-0.4,9.88071652267836,-3.02005763868903));
#7693=CARTESIAN_POINT('',(-0.4,10.3803294419947,-3.0003870806837));
#7694=CARTESIAN_POINT('',(-0.6,10.3803294419947,-3.0003870806837));
#7695=CARTESIAN_POINT('',(-0.6,10.3881976651968,-3.20023224841022));
#7696=CARTESIAN_POINT('',(-0.6,10.3960658883989,-3.40007741613674));
#7697=CARTESIAN_POINT('',(-0.4,10.3960658883989,-3.40007741613674));
#7698=CARTESIAN_POINT('',(-0.2,10.3960658883989,-3.40007741613674));
#7699=CARTESIAN_POINT('',(-0.2,10.3881976651968,-3.20023224841022));
#7700=CARTESIAN_POINT('',(-0.2,10.3803294419947,-3.0003870806837));
#7701=CARTESIAN_POINT('',(-0.4,10.3803294419947,-3.0003870806837));
#7702=CARTESIAN_POINT('',(-0.4,10.879942361311,-2.98071652267836));
#7703=CARTESIAN_POINT('',(-0.6,10.879942361311,-2.98071652267836));
#7704=CARTESIAN_POINT('',(-0.6,10.6879654167866,-3.18842991360702));
#7705=CARTESIAN_POINT('',(-0.6,10.4959884722622,-3.39614330453567));
#7706=CARTESIAN_POINT('',(-0.4,10.4959884722622,-3.39614330453567));
#7707=CARTESIAN_POINT('',(-0.2,10.4959884722622,-3.39614330453567));
#7708=CARTESIAN_POINT('',(-0.2,10.6879654167866,-3.18842991360702));
#7709=CARTESIAN_POINT('',(-0.2,10.879942361311,-2.98071652267836));
#7710=CARTESIAN_POINT('',(-0.4,10.879942361311,-2.98071652267836));
#7711=CARTESIAN_POINT('',(-0.4,10.8996129193163,-3.48032944199467));
#7712=CARTESIAN_POINT('',(-0.6,10.8996129193163,-3.48032944199467));
#7713=CARTESIAN_POINT('',(-0.6,10.6997677515898,-3.4881976651968));
#7714=CARTESIAN_POINT('',(-0.6,10.4999225838633,-3.49606588839893));
#7715=CARTESIAN_POINT('',(-0.4,10.4999225838633,-3.49606588839893));
#7716=CARTESIAN_POINT('',(-0.2,10.4999225838633,-3.49606588839893));
#7717=CARTESIAN_POINT('',(-0.2,10.6997677515898,-3.4881976651968));
#7718=CARTESIAN_POINT('',(-0.2,10.8996129193163,-3.48032944199467));
#7719=CARTESIAN_POINT('',(-0.4,10.8996129193163,-3.48032944199467));
#7720=CARTESIAN_POINT('',(-0.4,10.9192834773216,-3.97994236131097));
#7721=CARTESIAN_POINT('',(-0.6,10.9192834773216,-3.97994236131097));
#7722=CARTESIAN_POINT('',(-0.6,10.711570086393,-3.78796541678658));
#7723=CARTESIAN_POINT('',(-0.6,10.5038566954643,-3.59598847226219));
#7724=CARTESIAN_POINT('',(-0.4,10.5038566954643,-3.59598847226219));
#7725=CARTESIAN_POINT('',(-0.2,10.5038566954643,-3.59598847226219));
#7726=CARTESIAN_POINT('',(-0.2,10.711570086393,-3.78796541678658));
#7727=CARTESIAN_POINT('',(-0.2,10.9192834773216,-3.97994236131097));
#7728=CARTESIAN_POINT('',(-0.4,10.9192834773216,-3.97994236131097));
#7729=CARTESIAN_POINT('',(-0.4,10.4196705580053,-3.9996129193163));
#7730=CARTESIAN_POINT('',(-0.6,10.4196705580053,-3.9996129193163));
#7731=CARTESIAN_POINT('',(-0.6,10.4118023348032,-3.79976775158978));
#7732=CARTESIAN_POINT('',(-0.6,10.4039341116011,-3.59992258386326));
#7733=CARTESIAN_POINT('',(-0.4,10.4039341116011,-3.59992258386326));
#7734=CARTESIAN_POINT('',(-0.2,10.4039341116011,-3.59992258386326));
#7735=CARTESIAN_POINT('',(-0.2,10.4118023348032,-3.79976775158978));
#7736=CARTESIAN_POINT('',(-0.2,10.4196705580053,-3.9996129193163));
#7737=CARTESIAN_POINT('',(-0.4,10.4196705580053,-3.9996129193163));
#7738=CARTESIAN_POINT('',(-0.4,9.92005763868903,-4.01928347732164));
#7739=CARTESIAN_POINT('',(-0.6,9.92005763868903,-4.01928347732164));
#7740=CARTESIAN_POINT('',(-0.6,10.1120345832134,-3.81157008639298));
#7741=CARTESIAN_POINT('',(-0.6,10.3040115277378,-3.60385669546433));
#7742=CARTESIAN_POINT('',(-0.4,10.3040115277378,-3.60385669546433));
#7743=CARTESIAN_POINT('',(-0.2,10.3040115277378,-3.60385669546433));
#7744=CARTESIAN_POINT('',(-0.2,10.1120345832134,-3.81157008639298));
#7745=CARTESIAN_POINT('',(-0.2,9.92005763868903,-4.01928347732164));
#7746=CARTESIAN_POINT('',(-0.4,9.92005763868903,-4.01928347732164));
#7747=CARTESIAN_POINT('',(-0.4,9.9003870806837,-3.51967055800533));
#7748=CARTESIAN_POINT('',(-0.6,9.9003870806837,-3.51967055800533));
#7749=CARTESIAN_POINT('',(-0.6,10.1002322484102,-3.5118023348032));
#7750=CARTESIAN_POINT('',(-0.6,10.3000774161367,-3.50393411160107));
#7751=CARTESIAN_POINT('',(-0.4,10.3000774161367,-3.50393411160107));
#7752=CARTESIAN_POINT('',(-0.2,10.3000774161367,-3.50393411160107));
#7753=CARTESIAN_POINT('',(-0.2,10.1002322484102,-3.5118023348032));
#7754=CARTESIAN_POINT('',(-0.2,9.9003870806837,-3.51967055800533));
#7755=CARTESIAN_POINT('',(-0.4,9.9003870806837,-3.51967055800533));
#7756=CARTESIAN_POINT('',(1.8596,9.9,-3.5));
#7757=CARTESIAN_POINT('',(-1.1596,9.9,-3.5));
#7758=CARTESIAN_POINT('',(1.8596,9.9,-3.));
#7759=CARTESIAN_POINT('',(-1.1596,9.9,-3.));
#7760=CARTESIAN_POINT('',(1.8596,10.4,-3.));
#7761=CARTESIAN_POINT('',(-1.1596,10.4,-3.));
#7762=CARTESIAN_POINT('',(1.8596,10.9,-3.));
#7763=CARTESIAN_POINT('',(-1.1596,10.9,-3.));
#7764=CARTESIAN_POINT('',(1.8596,10.9,-3.5));
#7765=CARTESIAN_POINT('',(-1.1596,10.9,-3.5));
#7766=CARTESIAN_POINT('',(1.8596,10.9,-4.));
#7767=CARTESIAN_POINT('',(-1.1596,10.9,-4.));
#7768=CARTESIAN_POINT('',(1.8596,10.4,-4.));
#7769=CARTESIAN_POINT('',(-1.1596,10.4,-4.));
#7770=CARTESIAN_POINT('',(1.8596,9.9,-4.));
#7771=CARTESIAN_POINT('',(-1.1596,9.9,-4.));
#7772=CARTESIAN_POINT('',(1.8596,9.9,-3.5));
#7773=CARTESIAN_POINT('',(-1.1596,9.9,-3.5));
#7774=CARTESIAN_POINT('',(-1.3296,0.7804,-5.265));
#7775=CARTESIAN_POINT('',(-0.1396,0.9454,-4.69));
#7776=CARTESIAN_POINT('',(-1.3296,3.6196,-3.165));
#7777=CARTESIAN_POINT('',(-0.1396,3.6046,-3.74));
#7778=CARTESIAN_POINT('',(1.26033821831072,2.575,-4.365));
#7779=CARTESIAN_POINT('',(1.26033821831072,2.575,-4.515));
#7780=CARTESIAN_POINT('',(1.26033821831072,2.725,-4.515));
#7781=CARTESIAN_POINT('',(1.26033821831072,2.875,-4.515));
#7782=CARTESIAN_POINT('',(1.26033821831072,2.875,-4.365));
#7783=CARTESIAN_POINT('',(1.26033821831072,2.875,-4.215));
#7784=CARTESIAN_POINT('',(1.26033821831072,2.725,-4.215));
#7785=CARTESIAN_POINT('',(1.26033821831072,2.575,-4.215));
#7786=CARTESIAN_POINT('',(1.26033821831072,2.575,-4.365));
#7787=CARTESIAN_POINT('',(2.84027959858208,2.575,-4.365));
#7788=CARTESIAN_POINT('',(2.84027959858208,2.575,-4.515));
#7789=CARTESIAN_POINT('',(2.84027959858208,2.725,-4.515));
#7790=CARTESIAN_POINT('',(2.84027959858208,2.875,-4.515));
#7791=CARTESIAN_POINT('',(2.84027959858208,2.875,-4.365));
#7792=CARTESIAN_POINT('',(2.84027959858208,2.875,-4.215));
#7793=CARTESIAN_POINT('',(2.84027959858208,2.725,-4.215));
#7794=CARTESIAN_POINT('',(2.84027959858208,2.575,-4.215));
#7795=CARTESIAN_POINT('',(2.84027959858208,2.575,-4.365));
#7796=CARTESIAN_POINT('',(1.26031748228804,1.975,-4.365));
#7797=CARTESIAN_POINT('',(1.26031748228804,1.975,-4.215));
#7798=CARTESIAN_POINT('',(1.26031748228804,1.825,-4.215));
#7799=CARTESIAN_POINT('',(1.26031748228804,1.675,-4.215));
#7800=CARTESIAN_POINT('',(1.26031748228804,1.675,-4.365));
#7801=CARTESIAN_POINT('',(1.26031748228804,1.675,-4.515));
#7802=CARTESIAN_POINT('',(1.26031748228804,1.825,-4.515));
#7803=CARTESIAN_POINT('',(1.26031748228804,1.975,-4.515));
#7804=CARTESIAN_POINT('',(1.26031748228804,1.975,-4.365));
#7805=CARTESIAN_POINT('',(2.84050769483156,1.975,-4.365));
#7806=CARTESIAN_POINT('',(2.84050769483156,1.975,-4.215));
#7807=CARTESIAN_POINT('',(2.84050769483156,1.825,-4.215));
#7808=CARTESIAN_POINT('',(2.84050769483156,1.675,-4.215));
#7809=CARTESIAN_POINT('',(2.84050769483156,1.675,-4.365));
#7810=CARTESIAN_POINT('',(2.84050769483156,1.675,-4.515));
#7811=CARTESIAN_POINT('',(2.84050769483156,1.825,-4.515));
#7812=CARTESIAN_POINT('',(2.84050769483156,1.975,-4.515));
#7813=CARTESIAN_POINT('',(2.84050769483156,1.975,-4.365));
#7814=CARTESIAN_POINT('',(2.80351191201338,1.12539999999985,-4.515));
#7815=CARTESIAN_POINT('',(3.0896,3.65004155877279,-5.4546));
#7816=CARTESIAN_POINT('',(5.59037087982131,2.275,-4.215));
#7817=CARTESIAN_POINT('',(0.993270879822069,0.436160000000473,-4.215));
#7818=CARTESIAN_POINT('',(5.59037087982131,2.275,-4.215));
#7819=CARTESIAN_POINT('',(0.993270879822069,0.436160000000473,-2.37616000000047));
#7820=CARTESIAN_POINT('',(5.59037087982131,2.275,-4.215));
#7821=CARTESIAN_POINT('',(0.993270879822069,2.275,-2.37616000000047));
#7822=CARTESIAN_POINT('',(5.59037087982131,2.275,-4.215));
#7823=CARTESIAN_POINT('',(0.993270879822069,4.11383999999953,-2.37616000000047));
#7824=CARTESIAN_POINT('',(5.59037087982131,2.275,-4.215));
#7825=CARTESIAN_POINT('',(0.993270879822069,4.11383999999953,-4.215));
#7826=CARTESIAN_POINT('',(5.59037087982131,2.275,-4.215));
#7827=CARTESIAN_POINT('',(0.993270879822069,4.11383999999953,-6.05383999999953));
#7828=CARTESIAN_POINT('',(5.59037087982131,2.275,-4.215));
#7829=CARTESIAN_POINT('',(0.993270879822069,2.275,-6.05383999999953));
#7830=CARTESIAN_POINT('',(5.59037087982131,2.275,-4.215));
#7831=CARTESIAN_POINT('',(0.993270879822069,0.436160000000473,-6.05383999999953));
#7832=CARTESIAN_POINT('',(5.59037087982131,2.275,-4.215));
#7833=CARTESIAN_POINT('',(0.993270879822069,0.436160000000473,-4.215));
#7834=CARTESIAN_POINT('',(0.4038629120178,2.275,-5.665));
#7835=CARTESIAN_POINT('',(2.6615079678042,2.275,-5.665));
#7836=CARTESIAN_POINT('',(0.4038629120178,3.725,-5.665));
#7837=CARTESIAN_POINT('',(2.6615079678042,3.725,-5.665));
#7838=CARTESIAN_POINT('',(0.4038629120178,3.725,-4.215));
#7839=CARTESIAN_POINT('',(2.6615079678042,3.725,-4.215));
#7840=CARTESIAN_POINT('',(0.4038629120178,3.725,-2.765));
#7841=CARTESIAN_POINT('',(2.6615079678042,3.725,-2.765));
#7842=CARTESIAN_POINT('',(0.4038629120178,2.275,-2.765));
#7843=CARTESIAN_POINT('',(2.6615079678042,2.275,-2.765));
#7844=CARTESIAN_POINT('',(0.4038629120178,0.825000000000001,-2.765));
#7845=CARTESIAN_POINT('',(2.6615079678042,0.825000000000001,-2.765));
#7846=CARTESIAN_POINT('',(0.4038629120178,0.825000000000001,-4.215));
#7847=CARTESIAN_POINT('',(2.6615079678042,0.825000000000001,-4.215));
#7848=CARTESIAN_POINT('',(0.4038629120178,0.825000000000001,-5.665));
#7849=CARTESIAN_POINT('',(2.6615079678042,0.825000000000001,-5.665));
#7850=CARTESIAN_POINT('',(0.4038629120178,2.275,-5.665));
#7851=CARTESIAN_POINT('',(2.6615079678042,2.275,-5.665));
#7852=CARTESIAN_POINT('',(0.4038629120178,2.275,-2.765));
#7853=CARTESIAN_POINT('',(2.6615079678042,2.275,-2.765));
#7854=CARTESIAN_POINT('',(0.4038629120178,0.825000000000001,-2.765));
#7855=CARTESIAN_POINT('',(2.6615079678042,0.825000000000001,-2.765));
#7856=CARTESIAN_POINT('',(0.4038629120178,0.825000000000001,-4.215));
#7857=CARTESIAN_POINT('',(2.6615079678042,0.825000000000001,-4.215));
#7858=CARTESIAN_POINT('',(0.4038629120178,0.825000000000001,-5.665));
#7859=CARTESIAN_POINT('',(2.6615079678042,0.825000000000001,-5.665));
#7860=CARTESIAN_POINT('',(0.4038629120178,2.275,-5.665));
#7861=CARTESIAN_POINT('',(2.6615079678042,2.275,-5.665));
#7862=CARTESIAN_POINT('',(0.4038629120178,3.725,-5.665));
#7863=CARTESIAN_POINT('',(2.6615079678042,3.725,-5.665));
#7864=CARTESIAN_POINT('',(0.4038629120178,3.725,-4.215));
#7865=CARTESIAN_POINT('',(2.6615079678042,3.725,-4.215));
#7866=CARTESIAN_POINT('',(0.4038629120178,3.725,-2.765));
#7867=CARTESIAN_POINT('',(2.6615079678042,3.725,-2.765));
#7868=CARTESIAN_POINT('',(0.4038629120178,2.275,-2.765));
#7869=CARTESIAN_POINT('',(2.6615079678042,2.275,-2.765));
#7870=CARTESIAN_POINT('',(5.59037087982131,2.275,-4.215));
#7871=CARTESIAN_POINT('',(0.993270879822069,4.11383999999953,-4.215));
#7872=CARTESIAN_POINT('',(5.59037087982131,2.275,-4.215));
#7873=CARTESIAN_POINT('',(0.993270879822069,4.11383999999953,-6.05383999999953));
#7874=CARTESIAN_POINT('',(5.59037087982131,2.275,-4.215));
#7875=CARTESIAN_POINT('',(0.993270879822069,2.275,-6.05383999999953));
#7876=CARTESIAN_POINT('',(5.59037087982131,2.275,-4.215));
#7877=CARTESIAN_POINT('',(0.993270879822069,0.436160000000473,-6.05383999999953));
#7878=CARTESIAN_POINT('',(5.59037087982131,2.275,-4.215));
#7879=CARTESIAN_POINT('',(0.993270879822069,0.436160000000473,-4.215));
#7880=CARTESIAN_POINT('',(5.59037087982131,2.275,-4.215));
#7881=CARTESIAN_POINT('',(0.993270879822069,0.436160000000473,-2.37616000000047));
#7882=CARTESIAN_POINT('',(5.59037087982131,2.275,-4.215));
#7883=CARTESIAN_POINT('',(0.993270879822069,2.275,-2.37616000000047));
#7884=CARTESIAN_POINT('',(5.59037087982131,2.275,-4.215));
#7885=CARTESIAN_POINT('',(0.993270879822069,4.11383999999953,-2.37616000000047));
#7886=CARTESIAN_POINT('',(5.59037087982131,2.275,-4.215));
#7887=CARTESIAN_POINT('',(0.993270879822069,4.11383999999953,-4.215));
#7888=CARTESIAN_POINT('',(2.45,4.3919780223148,-6.3319780223148));
#7889=CARTESIAN_POINT('',(3.08462087980301,0.790379120196995,-5.29004155877271));
#7890=CARTESIAN_POINT('',(1.86819530471218,2.85533283271175,-3.59679920164422));
#7891=CARTESIAN_POINT('',(1.99066979185134,2.73285834557259,-3.3518502273659));
#7892=CARTESIAN_POINT('',(1.77853775749537,2.52072631121663,-3.3518502273659));
#7893=CARTESIAN_POINT('',(1.56640572313941,2.30859427686066,-3.3518502273659));
#7894=CARTESIAN_POINT('',(1.44393123600025,2.43106876399982,-3.59679920164422));
#7895=CARTESIAN_POINT('',(1.32145674886109,2.55354325113898,-3.84174817592253));
#7896=CARTESIAN_POINT('',(1.53358878321706,2.76567528549494,-3.84174817592253));
#7897=CARTESIAN_POINT('',(1.74572081757302,2.97780731985091,-3.84174817592253));
#7898=CARTESIAN_POINT('',(1.86819530471218,2.85533283271175,-3.59679920164422));
#7899=CARTESIAN_POINT('',(3.59704560520504,1.12648253221889,-5.32564950213707));
#7900=CARTESIAN_POINT('',(3.7195200923442,1.00400804507973,-5.08070052785875));
#7901=CARTESIAN_POINT('',(3.50738805798823,0.791876010723769,-5.08070052785875));
#7902=CARTESIAN_POINT('',(3.29525602363227,0.579743976367805,-5.08070052785876));
#7903=CARTESIAN_POINT('',(3.17278153649311,0.702218463506964,-5.32564950213707));
#7904=CARTESIAN_POINT('',(3.05030704935395,0.824692950646123,-5.57059847641539));
#7905=CARTESIAN_POINT('',(3.26243908370991,1.03682498500209,-5.57059847641539));
#7906=CARTESIAN_POINT('',(3.47457111806588,1.24895701935805,-5.57059847641539));
#7907=CARTESIAN_POINT('',(3.59704560520504,1.12648253221889,-5.32564950213707));
#7908=CARTESIAN_POINT('',(2.96984964957604,1.675,-3.0354));
#7909=CARTESIAN_POINT('',(1.2603382183092,1.975,-4.065));
#7910=CARTESIAN_POINT('',(1.2603382183092,1.975,-3.915));
#7911=CARTESIAN_POINT('',(1.2603382183092,1.825,-3.915));
#7912=CARTESIAN_POINT('',(1.2603382183092,1.675,-3.915));
#7913=CARTESIAN_POINT('',(1.2603382183092,1.675,-4.065));
#7914=CARTESIAN_POINT('',(1.2603382183092,1.675,-4.215));
#7915=CARTESIAN_POINT('',(1.2603382183092,1.825,-4.215));
#7916=CARTESIAN_POINT('',(1.2603382183092,1.975,-4.215));
#7917=CARTESIAN_POINT('',(1.2603382183092,1.975,-4.065));
#7918=CARTESIAN_POINT('',(2.84027959859879,1.975,-4.065));
#7919=CARTESIAN_POINT('',(2.84027959859879,1.975,-3.915));
#7920=CARTESIAN_POINT('',(2.84027959859879,1.825,-3.915));
#7921=CARTESIAN_POINT('',(2.84027959859879,1.675,-3.915));
#7922=CARTESIAN_POINT('',(2.84027959859879,1.675,-4.065));
#7923=CARTESIAN_POINT('',(2.84027959859879,1.675,-4.215));
#7924=CARTESIAN_POINT('',(2.84027959859879,1.825,-4.215));
#7925=CARTESIAN_POINT('',(2.84027959859879,1.975,-4.215));
#7926=CARTESIAN_POINT('',(2.84027959859879,1.975,-4.065));
#7927=CARTESIAN_POINT('',(1.86819530174388,2.85533283568005,-4.83320080132509));
#7928=CARTESIAN_POINT('',(1.74572081460472,2.97780732281921,-4.58825182704677));
#7929=CARTESIAN_POINT('',(1.53358878024876,2.76567528846325,-4.58825182704677));
#7930=CARTESIAN_POINT('',(1.32145674589279,2.55354325410728,-4.58825182704677));
#7931=CARTESIAN_POINT('',(1.44393123303195,2.43106876696812,-4.83320080132509));
#7932=CARTESIAN_POINT('',(1.56640572017111,2.30859427982896,-5.0781497756034));
#7933=CARTESIAN_POINT('',(1.77853775452707,2.52072631418493,-5.0781497756034));
#7934=CARTESIAN_POINT('',(1.99066978888304,2.73285834854089,-5.0781497756034));
#7935=CARTESIAN_POINT('',(1.86819530174388,2.85533283568005,-4.83320080132509));
#7936=CARTESIAN_POINT('',(3.59704560547504,1.12648253194889,-3.10435049759392));
#7937=CARTESIAN_POINT('',(3.47457111833588,1.24895701908805,-2.85940152331561));
#7938=CARTESIAN_POINT('',(3.26243908397992,1.03682498473209,-2.85940152331561));
#7939=CARTESIAN_POINT('',(3.05030704962395,0.824692950376121,-2.85940152331561));
#7940=CARTESIAN_POINT('',(3.17278153676311,0.702218463236961,-3.10435049759392));
#7941=CARTESIAN_POINT('',(3.29525602390227,0.579743976097801,-3.34929947187224));
#7942=CARTESIAN_POINT('',(3.50738805825823,0.791876010453765,-3.34929947187224));
#7943=CARTESIAN_POINT('',(3.7195200926142,1.00400804480973,-3.34929947187224));
#7944=CARTESIAN_POINT('',(3.59704560547504,1.12648253194889,-3.10435049759392));
#7945=CARTESIAN_POINT('',(3.08959999999989,0.899958441227223,-2.97540000000011));
#7946=CARTESIAN_POINT('',(2.80351191201414,3.42460000000013,-3.915));
#7947=CARTESIAN_POINT('',(1.26031748228723,2.575,-4.065));
#7948=CARTESIAN_POINT('',(1.26031748228723,2.575,-4.215));
#7949=CARTESIAN_POINT('',(1.26031748228723,2.725,-4.215));
#7950=CARTESIAN_POINT('',(1.26031748228723,2.875,-4.215));
#7951=CARTESIAN_POINT('',(1.26031748228723,2.875,-4.065));
#7952=CARTESIAN_POINT('',(1.26031748228723,2.875,-3.915));
#7953=CARTESIAN_POINT('',(1.26031748228723,2.725,-3.915));
#7954=CARTESIAN_POINT('',(1.26031748228723,2.575,-3.915));
#7955=CARTESIAN_POINT('',(1.26031748228723,2.575,-4.065));
#7956=CARTESIAN_POINT('',(2.84050769484041,2.575,-4.065));
#7957=CARTESIAN_POINT('',(2.84050769484041,2.575,-4.215));
#7958=CARTESIAN_POINT('',(2.84050769484041,2.725,-4.215));
#7959=CARTESIAN_POINT('',(2.84050769484041,2.875,-4.215));
#7960=CARTESIAN_POINT('',(2.84050769484041,2.875,-4.065));
#7961=CARTESIAN_POINT('',(2.84050769484041,2.875,-3.915));
#7962=CARTESIAN_POINT('',(2.84050769484041,2.725,-3.915));
#7963=CARTESIAN_POINT('',(2.84050769484041,2.575,-3.915));
#7964=CARTESIAN_POINT('',(2.84050769484041,2.575,-4.065));
#7965=CARTESIAN_POINT('',(3.59704560520514,3.42351746778121,-3.10435049786313));
#7966=CARTESIAN_POINT('',(3.47457111806598,3.30104298064206,-2.85940152358481));
#7967=CARTESIAN_POINT('',(3.26243908371002,3.51317501499802,-2.85940152358481));
#7968=CARTESIAN_POINT('',(3.05030704935406,3.72530704935398,-2.85940152358481));
#7969=CARTESIAN_POINT('',(3.17278153649321,3.84778153649314,-3.10435049786313));
#7970=CARTESIAN_POINT('',(3.29525602363237,3.9702560236323,-3.34929947214145));
#7971=CARTESIAN_POINT('',(3.50738805798834,3.75812398927634,-3.34929947214145));
#7972=CARTESIAN_POINT('',(3.7195200923443,3.54599195492037,-3.34929947214145));
#7973=CARTESIAN_POINT('',(3.59704560520514,3.42351746778121,-3.10435049786313));
#7974=CARTESIAN_POINT('',(1.8681953047113,1.69466716728737,-4.83320079835697));
#7975=CARTESIAN_POINT('',(1.74572081757214,1.57219268014822,-4.58825182407865));
#7976=CARTESIAN_POINT('',(1.53358878321618,1.78432471450418,-4.58825182407865));
#7977=CARTESIAN_POINT('',(1.32145674886021,1.99645674886014,-4.58825182407865));
#7978=CARTESIAN_POINT('',(1.44393123599937,2.1189312359993,-4.83320079835697));
#7979=CARTESIAN_POINT('',(1.56640572313853,2.24140572313846,-5.07814977263529));
#7980=CARTESIAN_POINT('',(1.7785377574945,2.0292736887825,-5.07814977263529));
#7981=CARTESIAN_POINT('',(1.99066979185046,1.81714165442653,-5.07814977263529));
#7982=CARTESIAN_POINT('',(1.8681953047113,1.69466716728737,-4.83320079835697));
#7983=CARTESIAN_POINT('',(3.08462087980068,3.75962087980068,-3.1399584412274));
#7984=CARTESIAN_POINT('',(3.59704560547487,3.42351746805094,-5.3256495024069));
#7985=CARTESIAN_POINT('',(3.71952009261402,3.5459919551901,-5.08070052812858));
#7986=CARTESIAN_POINT('',(3.50738805825806,3.75812398954606,-5.08070052812858));
#7987=CARTESIAN_POINT('',(3.2952560239021,3.97025602390202,-5.08070052812858));
#7988=CARTESIAN_POINT('',(3.17278153676294,3.84778153676287,-5.3256495024069));
#7989=CARTESIAN_POINT('',(3.05030704962378,3.72530704962371,-5.57059847668522));
#7990=CARTESIAN_POINT('',(3.26243908397974,3.51317501526774,-5.57059847668522));
#7991=CARTESIAN_POINT('',(3.47457111833571,3.30104298091178,-5.57059847668522));
#7992=CARTESIAN_POINT('',(3.59704560547487,3.42351746805094,-5.3256495024069));
#7993=CARTESIAN_POINT('',(1.86819530174389,1.69466716431996,-3.59679919867592));
#7994=CARTESIAN_POINT('',(1.99066978888305,1.81714165145912,-3.3518502243976));
#7995=CARTESIAN_POINT('',(1.77853775452708,2.02927368581508,-3.3518502243976));
#7996=CARTESIAN_POINT('',(1.56640572017112,2.24140572017105,-3.3518502243976));
#7997=CARTESIAN_POINT('',(1.44393123303196,2.11893123303189,-3.59679919867592));
#7998=CARTESIAN_POINT('',(1.3214567458928,1.99645674589273,-3.84174817295424));
#7999=CARTESIAN_POINT('',(1.53358878024876,1.78432471153676,-3.84174817295424));
#8000=CARTESIAN_POINT('',(1.74572081460473,1.5721926771808,-3.84174817295424));
#8001=CARTESIAN_POINT('',(1.86819530174389,1.69466716431996,-3.59679919867592));
#8002=CARTESIAN_POINT('',(3.08984964959373,2.875,-6.0846));
#8003=CARTESIAN_POINT('',(-0.1396,9.9546,-1.325));
#8004=CARTESIAN_POINT('',(-1.3296,10.1196,-0.625));
#8005=CARTESIAN_POINT('',(-1.3296,7.2804,-2.725));
#8006=CARTESIAN_POINT('',(-0.1396,7.2954,-2.025));
#8007=CARTESIAN_POINT('',(2.9696000001584,9.225,-2.7046));
#8008=CARTESIAN_POINT('',(1.2603999999856,8.925,-1.625));
#8009=CARTESIAN_POINT('',(1.2603999999856,8.925,-1.775));
#8010=CARTESIAN_POINT('',(1.2603999999856,9.075,-1.775));
#8011=CARTESIAN_POINT('',(1.2603999999856,9.225,-1.775));
#8012=CARTESIAN_POINT('',(1.2603999999856,9.225,-1.625));
#8013=CARTESIAN_POINT('',(1.2603999999856,9.225,-1.475));
#8014=CARTESIAN_POINT('',(1.2603999999856,9.075,-1.475));
#8015=CARTESIAN_POINT('',(1.2603999999856,8.925,-1.475));
#8016=CARTESIAN_POINT('',(1.2603999999856,8.925,-1.625));
#8017=CARTESIAN_POINT('',(2.8396000001584,8.925,-1.625));
#8018=CARTESIAN_POINT('',(2.8396000001584,8.925,-1.775));
#8019=CARTESIAN_POINT('',(2.8396000001584,9.075,-1.775));
#8020=CARTESIAN_POINT('',(2.8396000001584,9.225,-1.775));
#8021=CARTESIAN_POINT('',(2.8396000001584,9.225,-1.625));
#8022=CARTESIAN_POINT('',(2.8396000001584,9.225,-1.475));
#8023=CARTESIAN_POINT('',(2.8396000001584,9.075,-1.475));
#8024=CARTESIAN_POINT('',(2.8396000001584,8.925,-1.475));
#8025=CARTESIAN_POINT('',(2.8396000001584,8.925,-1.625));
#8026=CARTESIAN_POINT('',(2.73712466818154,9.77460000000012,-1.475));
#8027=CARTESIAN_POINT('',(1.2603999999856,8.325,-1.625));
#8028=CARTESIAN_POINT('',(1.2603999999856,8.325,-1.475));
#8029=CARTESIAN_POINT('',(1.2603999999856,8.175,-1.475));
#8030=CARTESIAN_POINT('',(1.2603999999856,8.025,-1.475));
#8031=CARTESIAN_POINT('',(1.2603999999856,8.025,-1.625));
#8032=CARTESIAN_POINT('',(1.2603999999856,8.025,-1.775));
#8033=CARTESIAN_POINT('',(1.2603999999856,8.175,-1.775));
#8034=CARTESIAN_POINT('',(1.2603999999856,8.325,-1.775));
#8035=CARTESIAN_POINT('',(1.2603999999856,8.325,-1.625));
#8036=CARTESIAN_POINT('',(2.8396000001584,8.325,-1.625));
#8037=CARTESIAN_POINT('',(2.8396000001584,8.325,-1.475));
#8038=CARTESIAN_POINT('',(2.8396000001584,8.175,-1.475));
#8039=CARTESIAN_POINT('',(2.8396000001584,8.025,-1.475));
#8040=CARTESIAN_POINT('',(2.8396000001584,8.025,-1.625));
#8041=CARTESIAN_POINT('',(2.8396000001584,8.025,-1.775));
#8042=CARTESIAN_POINT('',(2.8396000001584,8.175,-1.775));
#8043=CARTESIAN_POINT('',(2.8396000001584,8.325,-1.775));
#8044=CARTESIAN_POINT('',(2.8396000001584,8.325,-1.625));
#8045=CARTESIAN_POINT('',(3.0896000001584,8.025,0.1946));
#8046=CARTESIAN_POINT('',(1.2603999999856,8.325,-1.725));
#8047=CARTESIAN_POINT('',(1.2603999999856,8.325,-1.575));
#8048=CARTESIAN_POINT('',(1.2603999999856,8.175,-1.575));
#8049=CARTESIAN_POINT('',(1.2603999999856,8.025,-1.575));
#8050=CARTESIAN_POINT('',(1.2603999999856,8.025,-1.725));
#8051=CARTESIAN_POINT('',(1.2603999999856,8.025,-1.875));
#8052=CARTESIAN_POINT('',(1.2603999999856,8.175,-1.875));
#8053=CARTESIAN_POINT('',(1.2603999999856,8.325,-1.875));
#8054=CARTESIAN_POINT('',(1.2603999999856,8.325,-1.725));
#8055=CARTESIAN_POINT('',(2.8396000001584,8.325,-1.725));
#8056=CARTESIAN_POINT('',(2.8396000001584,8.325,-1.575));
#8057=CARTESIAN_POINT('',(2.8396000001584,8.175,-1.575));
#8058=CARTESIAN_POINT('',(2.8396000001584,8.025,-1.575));
#8059=CARTESIAN_POINT('',(2.8396000001584,8.025,-1.725));
#8060=CARTESIAN_POINT('',(2.8396000001584,8.025,-1.875));
#8061=CARTESIAN_POINT('',(2.8396000001584,8.175,-1.875));
#8062=CARTESIAN_POINT('',(2.8396000001584,8.325,-1.875));
#8063=CARTESIAN_POINT('',(2.8396000001584,8.325,-1.725));
#8064=CARTESIAN_POINT('',(1.9,3.6046,-4.7071));
#8065=CARTESIAN_POINT('',(1.9,3.6046,-5.3321));
#8066=CARTESIAN_POINT('',(1.9,9.9546,-2.2646));
#8067=CARTESIAN_POINT('',(1.9,9.9546,-2.6646));
#8068=CARTESIAN_POINT('',(1.2603999999856,8.925,-1.725));
#8069=CARTESIAN_POINT('',(1.2603999999856,8.925,-1.875));
#8070=CARTESIAN_POINT('',(1.2603999999856,9.075,-1.875));
#8071=CARTESIAN_POINT('',(1.2603999999856,9.225,-1.875));
#8072=CARTESIAN_POINT('',(1.2603999999856,9.225,-1.725));
#8073=CARTESIAN_POINT('',(1.2603999999856,9.225,-1.575));
#8074=CARTESIAN_POINT('',(1.2603999999856,9.075,-1.575));
#8075=CARTESIAN_POINT('',(1.2603999999856,8.925,-1.575));
#8076=CARTESIAN_POINT('',(1.2603999999856,8.925,-1.725));
#8077=CARTESIAN_POINT('',(2.8396000001584,8.925,-1.725));
#8078=CARTESIAN_POINT('',(2.8396000001584,8.925,-1.875));
#8079=CARTESIAN_POINT('',(2.8396000001584,9.075,-1.875));
#8080=CARTESIAN_POINT('',(2.8396000001584,9.225,-1.875));
#8081=CARTESIAN_POINT('',(2.8396000001584,9.225,-1.725));
#8082=CARTESIAN_POINT('',(2.8396000001584,9.225,-1.575));
#8083=CARTESIAN_POINT('',(2.8396000001584,9.075,-1.575));
#8084=CARTESIAN_POINT('',(2.8396000001584,8.925,-1.575));
#8085=CARTESIAN_POINT('',(2.8396000001584,8.925,-1.725));
#8086=CARTESIAN_POINT('',(2.73712466818282,7.47539999999946,-1.875));
#8087=CARTESIAN_POINT('',(3.60430086506917,9.78077272749924,-2.79290476185821));
#8088=CARTESIAN_POINT('',(3.72677535220833,9.9032472146384,-2.54795578757989));
#8089=CARTESIAN_POINT('',(3.51464331785236,10.1153792489944,-2.54795578757989));
#8090=CARTESIAN_POINT('',(3.3025112834964,10.3275112833503,-2.54795578757989));
#8091=CARTESIAN_POINT('',(3.18003679635724,10.2050367962112,-2.79290476185821));
#8092=CARTESIAN_POINT('',(3.05756230921808,10.082562309072,-3.03785373613652));
#8093=CARTESIAN_POINT('',(3.26969434357405,9.87043027471604,-3.03785373613652));
#8094=CARTESIAN_POINT('',(3.48182637793001,9.65829824036008,-3.03785373613652));
#8095=CARTESIAN_POINT('',(3.60430086506917,9.78077272749924,-2.79290476185821));
#8096=CARTESIAN_POINT('',(1.78838744793826,7.96485931036833,-0.976991344727292));
#8097=CARTESIAN_POINT('',(1.91086193507741,8.08733379750749,-0.732042370448976));
#8098=CARTESIAN_POINT('',(1.69872990072145,8.29946583186345,-0.732042370448977));
#8099=CARTESIAN_POINT('',(1.48659786636549,8.51159786621941,-0.732042370448977));
#8100=CARTESIAN_POINT('',(1.36412337922633,8.38912337908025,-0.976991344727294));
#8101=CARTESIAN_POINT('',(1.24164889208717,8.2666488919411,-1.22194031900561));
#8102=CARTESIAN_POINT('',(1.45378092644314,8.05451685758513,-1.22194031900561));
#8103=CARTESIAN_POINT('',(1.6659129607991,7.84238482322917,-1.22194031900561));
#8104=CARTESIAN_POINT('',(1.78838744793826,7.96485931036833,-0.976991344727292));
#8105=CARTESIAN_POINT('',(3.08635194755557,10.1113519474116,-0.599958441226624));
#8106=CARTESIAN_POINT('',(1.78838744793769,7.96485931037076,-2.37300865527328));
#8107=CARTESIAN_POINT('',(1.91086193507684,8.08733379750992,-2.6179576295516));
#8108=CARTESIAN_POINT('',(1.69872990072088,8.29946583186588,-2.6179576295516));
#8109=CARTESIAN_POINT('',(1.48659786636491,8.51159786622184,-2.6179576295516));
#8110=CARTESIAN_POINT('',(1.36412337922576,8.38912337908268,-2.37300865527328));
#8111=CARTESIAN_POINT('',(1.2416488920866,8.26664889194352,-2.12805968099496));
#8112=CARTESIAN_POINT('',(1.45378092644256,8.05451685758756,-2.12805968099496));
#8113=CARTESIAN_POINT('',(1.66591296079853,7.8423848232316,-2.12805968099496));
#8114=CARTESIAN_POINT('',(1.78838744793769,7.96485931037076,-2.37300865527328));
#8115=CARTESIAN_POINT('',(3.60430086506896,9.78077272750203,-0.55709523814201));
#8116=CARTESIAN_POINT('',(3.72677535220811,9.90324721464119,-0.802044212420328));
#8117=CARTESIAN_POINT('',(3.51464331785215,10.1153792489972,-0.802044212420326));
#8118=CARTESIAN_POINT('',(3.30251128349618,10.3275112833531,-0.802044212420325));
#8119=CARTESIAN_POINT('',(3.18003679635702,10.205036796214,-0.557095238142006));
#8120=CARTESIAN_POINT('',(3.05756230921787,10.0825623090748,-0.312146263863688));
#8121=CARTESIAN_POINT('',(3.26969434357383,9.87043027471883,-0.31214626386369));
#8122=CARTESIAN_POINT('',(3.4818263779298,9.65829824036287,-0.312146263863691));
#8123=CARTESIAN_POINT('',(3.60430086506896,9.78077272750203,-0.55709523814201));
#8124=CARTESIAN_POINT('',(3.09960000014428,7.24995844122662,-0.425399999999724));
#8125=CARTESIAN_POINT('',(3.60430086506895,7.46922727249798,-0.557095238142013));
#8126=CARTESIAN_POINT('',(3.72677535220811,7.34675278535882,-0.802044212420331));
#8127=CARTESIAN_POINT('',(3.51464331785215,7.13462075100286,-0.802044212420331));
#8128=CARTESIAN_POINT('',(3.30251128349618,6.92248871664689,-0.802044212420332));
#8129=CARTESIAN_POINT('',(3.18003679635702,7.04496320378605,-0.557095238142013));
#8130=CARTESIAN_POINT('',(3.05756230921786,7.16743769092521,-0.312146263863695));
#8131=CARTESIAN_POINT('',(3.26969434357383,7.37956972528117,-0.312146263863695));
#8132=CARTESIAN_POINT('',(3.48182637792979,7.59170175963714,-0.312146263863694));
#8133=CARTESIAN_POINT('',(3.60430086506895,7.46922727249798,-0.557095238142013));
#8134=CARTESIAN_POINT('',(1.78838744793773,9.2851406896292,-2.37300865527323));
#8135=CARTESIAN_POINT('',(1.91086193507689,9.16266620249004,-2.61795762955155));
#8136=CARTESIAN_POINT('',(1.69872990072092,8.95053416813408,-2.61795762955155));
#8137=CARTESIAN_POINT('',(1.48659786636496,8.73840213377812,-2.61795762955155));
#8138=CARTESIAN_POINT('',(1.3641233792258,8.86087662091727,-2.37300865527323));
#8139=CARTESIAN_POINT('',(1.24164889208664,8.98335110805643,-2.12805968099492));
#8140=CARTESIAN_POINT('',(1.45378092644261,9.1954831424124,-2.12805968099492));
#8141=CARTESIAN_POINT('',(1.66591296079857,9.40761517676836,-2.12805968099492));
#8142=CARTESIAN_POINT('',(1.78838744793773,9.2851406896292,-2.37300865527323));
#8143=CARTESIAN_POINT('',(3.08635194755675,7.13864805258725,-2.75004155877338));
#8144=CARTESIAN_POINT('',(1.78838744793645,9.28514068962648,-0.976991344725486));
#8145=CARTESIAN_POINT('',(1.91086193507561,9.16266620248732,-0.732042370447169));
#8146=CARTESIAN_POINT('',(1.69872990071964,8.95053416813135,-0.732042370447169));
#8147=CARTESIAN_POINT('',(1.48659786636368,8.73840213377539,-0.732042370447169));
#8148=CARTESIAN_POINT('',(1.36412337922452,8.86087662091455,-0.976991344725487));
#8149=CARTESIAN_POINT('',(1.24164889208536,8.98335110805371,-1.2219403190038));
#8150=CARTESIAN_POINT('',(1.45378092644133,9.19548314240967,-1.2219403190038));
#8151=CARTESIAN_POINT('',(1.66591296079729,9.40761517676564,-1.2219403190038));
#8152=CARTESIAN_POINT('',(1.78838744793645,9.28514068962648,-0.976991344725486));
#8153=CARTESIAN_POINT('',(3.6043008650693,7.46922727249363,-2.79290476185833));
#8154=CARTESIAN_POINT('',(3.72677535220846,7.34675278535447,-2.54795578758001));
#8155=CARTESIAN_POINT('',(3.51464331785249,7.13462075099851,-2.54795578758001));
#8156=CARTESIAN_POINT('',(3.30251128349653,6.92248871664254,-2.54795578758001));
#8157=CARTESIAN_POINT('',(3.18003679635737,7.0449632037817,-2.79290476185833));
#8158=CARTESIAN_POINT('',(3.05756230921821,7.16743769092086,-3.03785373613665));
#8159=CARTESIAN_POINT('',(3.26969434357417,7.37956972527683,-3.03785373613665));
#8160=CARTESIAN_POINT('',(3.48182637793014,7.59170175963279,-3.03785373613665));
#8161=CARTESIAN_POINT('',(3.6043008650693,7.46922727249363,-2.79290476185833));
#8162=CARTESIAN_POINT('',(3.09960000014428,10.0000415587719,-2.92460000000028));
#8163=CARTESIAN_POINT('',(2.450000000144,10.7419780222453,0.44197802224542));
#8164=CARTESIAN_POINT('',(0.4038629120178,8.625,-3.125));
#8165=CARTESIAN_POINT('',(2.6615079678042,8.625,-3.125));
#8166=CARTESIAN_POINT('',(0.4038629120178,10.075,-3.125));
#8167=CARTESIAN_POINT('',(2.6615079678042,10.075,-3.125));
#8168=CARTESIAN_POINT('',(0.4038629120178,10.075,-1.675));
#8169=CARTESIAN_POINT('',(2.6615079678042,10.075,-1.675));
#8170=CARTESIAN_POINT('',(0.4038629120178,10.075,-0.225000000000001));
#8171=CARTESIAN_POINT('',(2.6615079678042,10.075,-0.225000000000001));
#8172=CARTESIAN_POINT('',(0.4038629120178,8.625,-0.225000000000001));
#8173=CARTESIAN_POINT('',(2.6615079678042,8.625,-0.225000000000001));
#8174=CARTESIAN_POINT('',(0.4038629120178,7.175,-0.225000000000001));
#8175=CARTESIAN_POINT('',(2.6615079678042,7.175,-0.225000000000001));
#8176=CARTESIAN_POINT('',(0.4038629120178,7.175,-1.675));
#8177=CARTESIAN_POINT('',(2.6615079678042,7.175,-1.675));
#8178=CARTESIAN_POINT('',(0.4038629120178,7.175,-3.125));
#8179=CARTESIAN_POINT('',(2.6615079678042,7.175,-3.125));
#8180=CARTESIAN_POINT('',(0.4038629120178,8.625,-3.125));
#8181=CARTESIAN_POINT('',(2.6615079678042,8.625,-3.125));
#8182=CARTESIAN_POINT('',(5.59037087982331,8.625,-1.675));
#8183=CARTESIAN_POINT('',(0.993270879821869,10.4638400000004,-1.675));
#8184=CARTESIAN_POINT('',(5.59037087982331,8.625,-1.675));
#8185=CARTESIAN_POINT('',(0.993270879821869,10.4638400000004,-3.51384000000041));
#8186=CARTESIAN_POINT('',(5.59037087982331,8.625,-1.675));
#8187=CARTESIAN_POINT('',(0.993270879821869,8.625,-3.51384000000041));
#8188=CARTESIAN_POINT('',(5.59037087982331,8.625,-1.675));
#8189=CARTESIAN_POINT('',(0.993270879821869,6.78615999999959,-3.51384000000041));
#8190=CARTESIAN_POINT('',(5.59037087982331,8.625,-1.675));
#8191=CARTESIAN_POINT('',(0.993270879821869,6.78615999999959,-1.675));
#8192=CARTESIAN_POINT('',(5.59037087982331,8.625,-1.675));
#8193=CARTESIAN_POINT('',(0.993270879821869,6.78615999999959,0.163840000000407));
#8194=CARTESIAN_POINT('',(5.59037087982331,8.625,-1.675));
#8195=CARTESIAN_POINT('',(0.993270879821869,8.625,0.163840000000407));
#8196=CARTESIAN_POINT('',(5.59037087982331,8.625,-1.675));
#8197=CARTESIAN_POINT('',(0.993270879821869,10.4638400000004,0.163840000000407));
#8198=CARTESIAN_POINT('',(5.59037087982331,8.625,-1.675));
#8199=CARTESIAN_POINT('',(0.993270879821869,10.4638400000004,-1.675));
#8200=CARTESIAN_POINT('',(5.59037087982331,8.625,-1.675));
#8201=CARTESIAN_POINT('',(0.993270879821869,6.78615999999959,-1.675));
#8202=CARTESIAN_POINT('',(5.59037087982331,8.625,-1.675));
#8203=CARTESIAN_POINT('',(0.993270879821869,6.78615999999959,0.163840000000407));
#8204=CARTESIAN_POINT('',(5.59037087982331,8.625,-1.675));
#8205=CARTESIAN_POINT('',(0.993270879821869,8.625,0.163840000000407));
#8206=CARTESIAN_POINT('',(5.59037087982331,8.625,-1.675));
#8207=CARTESIAN_POINT('',(0.993270879821869,10.4638400000004,0.163840000000407));
#8208=CARTESIAN_POINT('',(5.59037087982331,8.625,-1.675));
#8209=CARTESIAN_POINT('',(0.993270879821869,10.4638400000004,-1.675));
#8210=CARTESIAN_POINT('',(5.59037087982331,8.625,-1.675));
#8211=CARTESIAN_POINT('',(0.993270879821869,10.4638400000004,-3.51384000000041));
#8212=CARTESIAN_POINT('',(5.59037087982331,8.625,-1.675));
#8213=CARTESIAN_POINT('',(0.993270879821869,8.625,-3.51384000000041));
#8214=CARTESIAN_POINT('',(5.59037087982331,8.625,-1.675));
#8215=CARTESIAN_POINT('',(0.993270879821869,6.78615999999959,-3.51384000000041));
#8216=CARTESIAN_POINT('',(5.59037087982331,8.625,-1.675));
#8217=CARTESIAN_POINT('',(0.993270879821869,6.78615999999959,-1.675));
#8218=CARTESIAN_POINT('',(0.4038629120178,8.625,-0.225000000000001));
#8219=CARTESIAN_POINT('',(2.6615079678042,8.625,-0.225000000000001));
#8220=CARTESIAN_POINT('',(0.4038629120178,7.175,-0.225000000000001));
#8221=CARTESIAN_POINT('',(2.6615079678042,7.175,-0.225000000000001));
#8222=CARTESIAN_POINT('',(0.4038629120178,7.175,-1.675));
#8223=CARTESIAN_POINT('',(2.6615079678042,7.175,-1.675));
#8224=CARTESIAN_POINT('',(0.4038629120178,7.175,-3.125));
#8225=CARTESIAN_POINT('',(2.6615079678042,7.175,-3.125));
#8226=CARTESIAN_POINT('',(0.4038629120178,8.625,-3.125));
#8227=CARTESIAN_POINT('',(2.6615079678042,8.625,-3.125));
#8228=CARTESIAN_POINT('',(0.4038629120178,10.075,-3.125));
#8229=CARTESIAN_POINT('',(2.6615079678042,10.075,-3.125));
#8230=CARTESIAN_POINT('',(0.4038629120178,10.075,-1.675));
#8231=CARTESIAN_POINT('',(2.6615079678042,10.075,-1.675));
#8232=CARTESIAN_POINT('',(0.4038629120178,10.075,-0.225000000000002));
#8233=CARTESIAN_POINT('',(2.6615079678042,10.075,-0.225000000000002));
#8234=CARTESIAN_POINT('',(0.4038629120178,8.625,-0.225000000000001));
#8235=CARTESIAN_POINT('',(2.6615079678042,8.625,-0.225000000000001));
#8236=CARTESIAN_POINT('',(1.1,10.6994570761025,-0.569487225606979));
#8237=CARTESIAN_POINT('',(1.2,10.6994570761025,-0.569487225606979));
#8238=CARTESIAN_POINT('',(1.2,10.5996121972161,-0.563919446862128));
#8239=CARTESIAN_POINT('',(1.2,10.4997673183297,-0.558351668117277));
#8240=CARTESIAN_POINT('',(1.1,10.4997673183297,-0.558351668117277));
#8241=CARTESIAN_POINT('',(1.,10.4997673183297,-0.558351668117277));
#8242=CARTESIAN_POINT('',(1.,10.5996121972161,-0.563919446862128));
#8243=CARTESIAN_POINT('',(1.,10.6994570761025,-0.569487225606979));
#8244=CARTESIAN_POINT('',(1.1,10.6994570761025,-0.569487225606979));
#8245=CARTESIAN_POINT('',(1.1,10.7189443017095,-0.220030149504432));
#8246=CARTESIAN_POINT('',(1.2,10.7189443017095,-0.22003014950443));
#8247=CARTESIAN_POINT('',(1.2,10.6135316440782,-0.314307249646022));
#8248=CARTESIAN_POINT('',(1.2,10.5081189864469,-0.408584349787613));
#8249=CARTESIAN_POINT('',(1.1,10.5081189864469,-0.408584349787613));
#8250=CARTESIAN_POINT('',(1.,10.5081189864469,-0.408584349787613));
#8251=CARTESIAN_POINT('',(1.,10.6135316440782,-0.314307249646022));
#8252=CARTESIAN_POINT('',(1.,10.7189443017095,-0.22003014950443));
#8253=CARTESIAN_POINT('',(1.1,10.7189443017095,-0.220030149504432));
#8254=CARTESIAN_POINT('',(1.1,10.369487225607,-0.200542923897453));
#8255=CARTESIAN_POINT('',(1.2,10.369487225607,-0.200542923897451));
#8256=CARTESIAN_POINT('',(1.2,10.3639194468621,-0.300387802783894));
#8257=CARTESIAN_POINT('',(1.2,10.3583516681173,-0.400232681670336));
#8258=CARTESIAN_POINT('',(1.1,10.3583516681173,-0.400232681670336));
#8259=CARTESIAN_POINT('',(1.,10.3583516681173,-0.400232681670336));
#8260=CARTESIAN_POINT('',(1.,10.3639194468621,-0.300387802783894));
#8261=CARTESIAN_POINT('',(1.,10.369487225607,-0.200542923897451));
#8262=CARTESIAN_POINT('',(1.1,10.369487225607,-0.200542923897453));
#8263=CARTESIAN_POINT('',(1.1,10.0200301495044,-0.181055698290473));
#8264=CARTESIAN_POINT('',(1.2,10.0200301495044,-0.181055698290472));
#8265=CARTESIAN_POINT('',(1.2,10.114307249646,-0.286468355921767));
#8266=CARTESIAN_POINT('',(1.2,10.2085843497876,-0.39188101355306));
#8267=CARTESIAN_POINT('',(1.1,10.2085843497876,-0.39188101355306));
#8268=CARTESIAN_POINT('',(1.,10.2085843497876,-0.39188101355306));
#8269=CARTESIAN_POINT('',(1.,10.114307249646,-0.286468355921767));
#8270=CARTESIAN_POINT('',(1.,10.0200301495044,-0.181055698290472));
#8271=CARTESIAN_POINT('',(1.1,10.0200301495044,-0.181055698290473));
#8272=CARTESIAN_POINT('',(1.1,10.0005429238975,-0.530512774393021));
#8273=CARTESIAN_POINT('',(1.2,10.0005429238975,-0.530512774393021));
#8274=CARTESIAN_POINT('',(1.2,10.1003878027839,-0.536080553137872));
#8275=CARTESIAN_POINT('',(1.2,10.2002326816703,-0.541648331882723));
#8276=CARTESIAN_POINT('',(1.1,10.2002326816703,-0.541648331882723));
#8277=CARTESIAN_POINT('',(1.,10.2002326816703,-0.541648331882723));
#8278=CARTESIAN_POINT('',(1.,10.1003878027839,-0.536080553137872));
#8279=CARTESIAN_POINT('',(1.,10.0005429238975,-0.530512774393021));
#8280=CARTESIAN_POINT('',(1.1,10.0005429238975,-0.530512774393021));
#8281=CARTESIAN_POINT('',(1.1,9.98105569829047,-0.879969850495568));
#8282=CARTESIAN_POINT('',(1.2,9.98105569829047,-0.87996985049557));
#8283=CARTESIAN_POINT('',(1.2,10.0864683559218,-0.785692750353978));
#8284=CARTESIAN_POINT('',(1.2,10.1918810135531,-0.691415650212387));
#8285=CARTESIAN_POINT('',(1.1,10.1918810135531,-0.691415650212387));
#8286=CARTESIAN_POINT('',(1.,10.1918810135531,-0.691415650212387));
#8287=CARTESIAN_POINT('',(1.,10.0864683559218,-0.785692750353978));
#8288=CARTESIAN_POINT('',(1.,9.98105569829047,-0.87996985049557));
#8289=CARTESIAN_POINT('',(1.1,9.98105569829047,-0.879969850495568));
#8290=CARTESIAN_POINT('',(1.1,10.330512774393,-0.899457076102548));
#8291=CARTESIAN_POINT('',(1.2,10.330512774393,-0.899457076102549));
#8292=CARTESIAN_POINT('',(1.2,10.3360805531379,-0.799612197216106));
#8293=CARTESIAN_POINT('',(1.2,10.3416483318827,-0.699767318329664));
#8294=CARTESIAN_POINT('',(1.1,10.3416483318827,-0.699767318329664));
#8295=CARTESIAN_POINT('',(1.,10.3416483318827,-0.699767318329664));
#8296=CARTESIAN_POINT('',(1.,10.3360805531379,-0.799612197216106));
#8297=CARTESIAN_POINT('',(1.,10.330512774393,-0.899457076102549));
#8298=CARTESIAN_POINT('',(1.1,10.330512774393,-0.899457076102548));
#8299=CARTESIAN_POINT('',(1.1,10.6799698504956,-0.918944301709527));
#8300=CARTESIAN_POINT('',(1.2,10.6799698504956,-0.918944301709528));
#8301=CARTESIAN_POINT('',(1.2,10.585692750354,-0.813531644078234));
#8302=CARTESIAN_POINT('',(1.2,10.4914156502124,-0.70811898644694));
#8303=CARTESIAN_POINT('',(1.1,10.4914156502124,-0.708118986446941));
#8304=CARTESIAN_POINT('',(1.,10.4914156502124,-0.70811898644694));
#8305=CARTESIAN_POINT('',(1.,10.585692750354,-0.813531644078234));
#8306=CARTESIAN_POINT('',(1.,10.6799698504956,-0.918944301709528));
#8307=CARTESIAN_POINT('',(1.1,10.6799698504956,-0.918944301709527));
#8308=CARTESIAN_POINT('',(1.1,10.6994570761025,-0.569487225606979));
#8309=CARTESIAN_POINT('',(1.2,10.6994570761025,-0.569487225606979));
#8310=CARTESIAN_POINT('',(1.2,10.5996121972161,-0.563919446862128));
#8311=CARTESIAN_POINT('',(1.2,10.4997673183297,-0.558351668117277));
#8312=CARTESIAN_POINT('',(1.1,10.4997673183297,-0.558351668117277));
#8313=CARTESIAN_POINT('',(1.,10.4997673183297,-0.558351668117277));
#8314=CARTESIAN_POINT('',(1.,10.5996121972161,-0.563919446862128));
#8315=CARTESIAN_POINT('',(1.,10.6994570761025,-0.569487225606979));
#8316=CARTESIAN_POINT('',(1.1,10.6994570761025,-0.569487225606979));
#8317=CARTESIAN_POINT('',(1.1,10.0005429238975,-0.530512774393021));
#8318=CARTESIAN_POINT('',(1.2,10.0005429238975,-0.530512774393021));
#8319=CARTESIAN_POINT('',(1.2,10.1003878027839,-0.536080553137872));
#8320=CARTESIAN_POINT('',(1.2,10.2002326816703,-0.541648331882723));
#8321=CARTESIAN_POINT('',(1.1,10.2002326816703,-0.541648331882723));
#8322=CARTESIAN_POINT('',(1.,10.2002326816703,-0.541648331882723));
#8323=CARTESIAN_POINT('',(1.,10.1003878027839,-0.536080553137872));
#8324=CARTESIAN_POINT('',(1.,10.0005429238975,-0.530512774393021));
#8325=CARTESIAN_POINT('',(1.1,10.0005429238975,-0.530512774393021));
#8326=CARTESIAN_POINT('',(1.1,9.98105569829047,-0.879969850495568));
#8327=CARTESIAN_POINT('',(1.2,9.98105569829047,-0.879969850495568));
#8328=CARTESIAN_POINT('',(1.2,10.0864683559218,-0.785692750353978));
#8329=CARTESIAN_POINT('',(1.2,10.1918810135531,-0.691415650212385));
#8330=CARTESIAN_POINT('',(1.1,10.1918810135531,-0.691415650212387));
#8331=CARTESIAN_POINT('',(1.,10.1918810135531,-0.691415650212385));
#8332=CARTESIAN_POINT('',(1.,10.0864683559218,-0.785692750353978));
#8333=CARTESIAN_POINT('',(1.,9.98105569829047,-0.879969850495568));
#8334=CARTESIAN_POINT('',(1.1,9.98105569829047,-0.879969850495568));
#8335=CARTESIAN_POINT('',(1.1,10.330512774393,-0.899457076102548));
#8336=CARTESIAN_POINT('',(1.2,10.330512774393,-0.899457076102548));
#8337=CARTESIAN_POINT('',(1.2,10.3360805531379,-0.799612197216106));
#8338=CARTESIAN_POINT('',(1.2,10.3416483318827,-0.699767318329662));
#8339=CARTESIAN_POINT('',(1.1,10.3416483318827,-0.699767318329664));
#8340=CARTESIAN_POINT('',(1.,10.3416483318827,-0.699767318329662));
#8341=CARTESIAN_POINT('',(1.,10.3360805531379,-0.799612197216106));
#8342=CARTESIAN_POINT('',(1.,10.330512774393,-0.899457076102548));
#8343=CARTESIAN_POINT('',(1.1,10.330512774393,-0.899457076102548));
#8344=CARTESIAN_POINT('',(1.1,10.6799698504956,-0.918944301709527));
#8345=CARTESIAN_POINT('',(1.2,10.6799698504956,-0.918944301709527));
#8346=CARTESIAN_POINT('',(1.2,10.585692750354,-0.813531644078234));
#8347=CARTESIAN_POINT('',(1.2,10.4914156502124,-0.708118986446939));
#8348=CARTESIAN_POINT('',(1.1,10.4914156502124,-0.708118986446941));
#8349=CARTESIAN_POINT('',(1.,10.4914156502124,-0.708118986446939));
#8350=CARTESIAN_POINT('',(1.,10.585692750354,-0.813531644078234));
#8351=CARTESIAN_POINT('',(1.,10.6799698504956,-0.918944301709527));
#8352=CARTESIAN_POINT('',(1.1,10.6799698504956,-0.918944301709527));
#8353=CARTESIAN_POINT('',(1.1,10.6994570761025,-0.569487225606979));
#8354=CARTESIAN_POINT('',(1.2,10.6994570761025,-0.569487225606979));
#8355=CARTESIAN_POINT('',(1.2,10.5996121972161,-0.563919446862128));
#8356=CARTESIAN_POINT('',(1.2,10.4997673183297,-0.558351668117277));
#8357=CARTESIAN_POINT('',(1.1,10.4997673183297,-0.558351668117277));
#8358=CARTESIAN_POINT('',(1.,10.4997673183297,-0.558351668117277));
#8359=CARTESIAN_POINT('',(1.,10.5996121972161,-0.563919446862128));
#8360=CARTESIAN_POINT('',(1.,10.6994570761025,-0.569487225606979));
#8361=CARTESIAN_POINT('',(1.1,10.6994570761025,-0.569487225606979));
#8362=CARTESIAN_POINT('',(1.1,10.7189443017095,-0.220030149504432));
#8363=CARTESIAN_POINT('',(1.2,10.7189443017095,-0.220030149504432));
#8364=CARTESIAN_POINT('',(1.2,10.6135316440782,-0.314307249646022));
#8365=CARTESIAN_POINT('',(1.2,10.5081189864469,-0.408584349787615));
#8366=CARTESIAN_POINT('',(1.1,10.5081189864469,-0.408584349787613));
#8367=CARTESIAN_POINT('',(1.,10.5081189864469,-0.408584349787615));
#8368=CARTESIAN_POINT('',(1.,10.6135316440782,-0.314307249646022));
#8369=CARTESIAN_POINT('',(1.,10.7189443017095,-0.220030149504432));
#8370=CARTESIAN_POINT('',(1.1,10.7189443017095,-0.220030149504432));
#8371=CARTESIAN_POINT('',(1.1,10.369487225607,-0.200542923897453));
#8372=CARTESIAN_POINT('',(1.2,10.369487225607,-0.200542923897453));
#8373=CARTESIAN_POINT('',(1.2,10.3639194468621,-0.300387802783894));
#8374=CARTESIAN_POINT('',(1.2,10.3583516681173,-0.400232681670338));
#8375=CARTESIAN_POINT('',(1.1,10.3583516681173,-0.400232681670336));
#8376=CARTESIAN_POINT('',(1.,10.3583516681173,-0.400232681670338));
#8377=CARTESIAN_POINT('',(1.,10.3639194468621,-0.300387802783894));
#8378=CARTESIAN_POINT('',(1.,10.369487225607,-0.200542923897453));
#8379=CARTESIAN_POINT('',(1.1,10.369487225607,-0.200542923897453));
#8380=CARTESIAN_POINT('',(1.1,10.0200301495044,-0.181055698290473));
#8381=CARTESIAN_POINT('',(1.2,10.0200301495044,-0.181055698290473));
#8382=CARTESIAN_POINT('',(1.2,10.114307249646,-0.286468355921767));
#8383=CARTESIAN_POINT('',(1.2,10.2085843497876,-0.391881013553061));
#8384=CARTESIAN_POINT('',(1.1,10.2085843497876,-0.39188101355306));
#8385=CARTESIAN_POINT('',(1.,10.2085843497876,-0.391881013553061));
#8386=CARTESIAN_POINT('',(1.,10.114307249646,-0.286468355921767));
#8387=CARTESIAN_POINT('',(1.,10.0200301495044,-0.181055698290473));
#8388=CARTESIAN_POINT('',(1.1,10.0200301495044,-0.181055698290473));
#8389=CARTESIAN_POINT('',(1.1,10.0005429238975,-0.530512774393021));
#8390=CARTESIAN_POINT('',(1.2,10.0005429238975,-0.530512774393021));
#8391=CARTESIAN_POINT('',(1.2,10.1003878027839,-0.536080553137872));
#8392=CARTESIAN_POINT('',(1.2,10.2002326816703,-0.541648331882723));
#8393=CARTESIAN_POINT('',(1.1,10.2002326816703,-0.541648331882723));
#8394=CARTESIAN_POINT('',(1.,10.2002326816703,-0.541648331882723));
#8395=CARTESIAN_POINT('',(1.,10.1003878027839,-0.536080553137872));
#8396=CARTESIAN_POINT('',(1.,10.0005429238975,-0.530512774393021));
#8397=CARTESIAN_POINT('',(1.1,10.0005429238975,-0.530512774393021));
#8398=CARTESIAN_POINT('',(1.1,0.899457076102549,-5.35948722560698));
#8399=CARTESIAN_POINT('',(1.2,0.899457076102549,-5.35948722560698));
#8400=CARTESIAN_POINT('',(1.2,0.799612197216107,-5.35391944686213));
#8401=CARTESIAN_POINT('',(1.2,0.699767318329664,-5.34835166811728));
#8402=CARTESIAN_POINT('',(1.1,0.699767318329664,-5.34835166811728));
#8403=CARTESIAN_POINT('',(1.,0.699767318329664,-5.34835166811728));
#8404=CARTESIAN_POINT('',(1.,0.799612197216107,-5.35391944686213));
#8405=CARTESIAN_POINT('',(1.,0.899457076102549,-5.35948722560698));
#8406=CARTESIAN_POINT('',(1.1,0.899457076102549,-5.35948722560698));
#8407=CARTESIAN_POINT('',(1.1,0.918944301709527,-5.01003014950443));
#8408=CARTESIAN_POINT('',(1.2,0.918944301709526,-5.01003014950443));
#8409=CARTESIAN_POINT('',(1.2,0.813531644078234,-5.10430724964602));
#8410=CARTESIAN_POINT('',(1.2,0.70811898644694,-5.19858434978761));
#8411=CARTESIAN_POINT('',(1.1,0.70811898644694,-5.19858434978761));
#8412=CARTESIAN_POINT('',(1.,0.70811898644694,-5.19858434978761));
#8413=CARTESIAN_POINT('',(1.,0.813531644078234,-5.10430724964602));
#8414=CARTESIAN_POINT('',(1.,0.918944301709526,-5.01003014950443));
#8415=CARTESIAN_POINT('',(1.1,0.918944301709527,-5.01003014950443));
#8416=CARTESIAN_POINT('',(1.1,0.569487225606978,-4.99054292389745));
#8417=CARTESIAN_POINT('',(1.2,0.569487225606977,-4.99054292389745));
#8418=CARTESIAN_POINT('',(1.2,0.563919446862127,-5.09038780278389));
#8419=CARTESIAN_POINT('',(1.2,0.558351668117276,-5.19023268167034));
#8420=CARTESIAN_POINT('',(1.1,0.558351668117276,-5.19023268167034));
#8421=CARTESIAN_POINT('',(1.,0.558351668117276,-5.19023268167034));
#8422=CARTESIAN_POINT('',(1.,0.563919446862127,-5.09038780278389));
#8423=CARTESIAN_POINT('',(1.,0.569487225606977,-4.99054292389745));
#8424=CARTESIAN_POINT('',(1.1,0.569487225606978,-4.99054292389745));
#8425=CARTESIAN_POINT('',(1.1,0.220030149504429,-4.97105569829047));
#8426=CARTESIAN_POINT('',(1.2,0.220030149504428,-4.97105569829047));
#8427=CARTESIAN_POINT('',(1.2,0.314307249646021,-5.07646835592177));
#8428=CARTESIAN_POINT('',(1.2,0.408584349787612,-5.18188101355306));
#8429=CARTESIAN_POINT('',(1.1,0.408584349787612,-5.18188101355306));
#8430=CARTESIAN_POINT('',(1.,0.408584349787612,-5.18188101355306));
#8431=CARTESIAN_POINT('',(1.,0.314307249646021,-5.07646835592177));
#8432=CARTESIAN_POINT('',(1.,0.220030149504428,-4.97105569829047));
#8433=CARTESIAN_POINT('',(1.1,0.220030149504429,-4.97105569829047));
#8434=CARTESIAN_POINT('',(1.1,0.200542923897451,-5.32051277439302));
#8435=CARTESIAN_POINT('',(1.2,0.200542923897451,-5.32051277439302));
#8436=CARTESIAN_POINT('',(1.2,0.300387802783894,-5.32608055313787));
#8437=CARTESIAN_POINT('',(1.2,0.400232681670336,-5.33164833188272));
#8438=CARTESIAN_POINT('',(1.1,0.400232681670336,-5.33164833188272));
#8439=CARTESIAN_POINT('',(1.,0.400232681670336,-5.33164833188272));
#8440=CARTESIAN_POINT('',(1.,0.300387802783894,-5.32608055313787));
#8441=CARTESIAN_POINT('',(1.,0.200542923897451,-5.32051277439302));
#8442=CARTESIAN_POINT('',(1.1,0.200542923897451,-5.32051277439302));
#8443=CARTESIAN_POINT('',(1.1,0.181055698290473,-5.66996985049557));
#8444=CARTESIAN_POINT('',(1.2,0.181055698290474,-5.66996985049557));
#8445=CARTESIAN_POINT('',(1.2,0.286468355921766,-5.57569275035398));
#8446=CARTESIAN_POINT('',(1.2,0.39188101355306,-5.48141565021239));
#8447=CARTESIAN_POINT('',(1.1,0.39188101355306,-5.48141565021239));
#8448=CARTESIAN_POINT('',(1.,0.39188101355306,-5.48141565021239));
#8449=CARTESIAN_POINT('',(1.,0.286468355921766,-5.57569275035398));
#8450=CARTESIAN_POINT('',(1.,0.181055698290474,-5.66996985049557));
#8451=CARTESIAN_POINT('',(1.1,0.181055698290473,-5.66996985049557));
#8452=CARTESIAN_POINT('',(1.1,0.530512774393022,-5.68945707610255));
#8453=CARTESIAN_POINT('',(1.2,0.530512774393023,-5.68945707610255));
#8454=CARTESIAN_POINT('',(1.2,0.536080553137873,-5.58961219721611));
#8455=CARTESIAN_POINT('',(1.2,0.541648331882724,-5.48976731832966));
#8456=CARTESIAN_POINT('',(1.1,0.541648331882724,-5.48976731832966));
#8457=CARTESIAN_POINT('',(1.,0.541648331882724,-5.48976731832966));
#8458=CARTESIAN_POINT('',(1.,0.536080553137873,-5.58961219721611));
#8459=CARTESIAN_POINT('',(1.,0.530512774393023,-5.68945707610255));
#8460=CARTESIAN_POINT('',(1.1,0.530512774393022,-5.68945707610255));
#8461=CARTESIAN_POINT('',(1.1,0.879969850495571,-5.70894430170953));
#8462=CARTESIAN_POINT('',(1.2,0.879969850495572,-5.70894430170953));
#8463=CARTESIAN_POINT('',(1.2,0.785692750353979,-5.60353164407823));
#8464=CARTESIAN_POINT('',(1.2,0.691415650212388,-5.49811898644694));
#8465=CARTESIAN_POINT('',(1.1,0.691415650212388,-5.49811898644694));
#8466=CARTESIAN_POINT('',(1.,0.691415650212388,-5.49811898644694));
#8467=CARTESIAN_POINT('',(1.,0.785692750353979,-5.60353164407823));
#8468=CARTESIAN_POINT('',(1.,0.879969850495572,-5.70894430170953));
#8469=CARTESIAN_POINT('',(1.1,0.879969850495571,-5.70894430170953));
#8470=CARTESIAN_POINT('',(1.1,0.899457076102549,-5.35948722560698));
#8471=CARTESIAN_POINT('',(1.2,0.899457076102549,-5.35948722560698));
#8472=CARTESIAN_POINT('',(1.2,0.799612197216107,-5.35391944686213));
#8473=CARTESIAN_POINT('',(1.2,0.699767318329664,-5.34835166811728));
#8474=CARTESIAN_POINT('',(1.1,0.699767318329664,-5.34835166811728));
#8475=CARTESIAN_POINT('',(1.,0.699767318329664,-5.34835166811728));
#8476=CARTESIAN_POINT('',(1.,0.799612197216107,-5.35391944686213));
#8477=CARTESIAN_POINT('',(1.,0.899457076102549,-5.35948722560698));
#8478=CARTESIAN_POINT('',(1.1,0.899457076102549,-5.35948722560698));
#8479=CARTESIAN_POINT('',(1.1,0.200542923897451,-5.32051277439302));
#8480=CARTESIAN_POINT('',(1.2,0.200542923897451,-5.32051277439302));
#8481=CARTESIAN_POINT('',(1.2,0.300387802783894,-5.32608055313787));
#8482=CARTESIAN_POINT('',(1.2,0.400232681670336,-5.33164833188272));
#8483=CARTESIAN_POINT('',(1.1,0.400232681670336,-5.33164833188272));
#8484=CARTESIAN_POINT('',(1.,0.400232681670336,-5.33164833188272));
#8485=CARTESIAN_POINT('',(1.,0.300387802783894,-5.32608055313787));
#8486=CARTESIAN_POINT('',(1.,0.200542923897451,-5.32051277439302));
#8487=CARTESIAN_POINT('',(1.1,0.200542923897451,-5.32051277439302));
#8488=CARTESIAN_POINT('',(1.1,0.181055698290473,-5.66996985049557));
#8489=CARTESIAN_POINT('',(1.2,0.181055698290473,-5.66996985049557));
#8490=CARTESIAN_POINT('',(1.2,0.286468355921766,-5.57569275035398));
#8491=CARTESIAN_POINT('',(1.2,0.391881013553059,-5.48141565021239));
#8492=CARTESIAN_POINT('',(1.1,0.39188101355306,-5.48141565021239));
#8493=CARTESIAN_POINT('',(1.,0.391881013553059,-5.48141565021239));
#8494=CARTESIAN_POINT('',(1.,0.286468355921766,-5.57569275035398));
#8495=CARTESIAN_POINT('',(1.,0.181055698290473,-5.66996985049557));
#8496=CARTESIAN_POINT('',(1.1,0.181055698290473,-5.66996985049557));
#8497=CARTESIAN_POINT('',(1.1,0.530512774393022,-5.68945707610255));
#8498=CARTESIAN_POINT('',(1.2,0.530512774393022,-5.68945707610255));
#8499=CARTESIAN_POINT('',(1.2,0.536080553137873,-5.58961219721611));
#8500=CARTESIAN_POINT('',(1.2,0.541648331882723,-5.48976731832966));
#8501=CARTESIAN_POINT('',(1.1,0.541648331882724,-5.48976731832966));
#8502=CARTESIAN_POINT('',(1.,0.541648331882723,-5.48976731832966));
#8503=CARTESIAN_POINT('',(1.,0.536080553137873,-5.58961219721611));
#8504=CARTESIAN_POINT('',(1.,0.530512774393022,-5.68945707610255));
#8505=CARTESIAN_POINT('',(1.1,0.530512774393022,-5.68945707610255));
#8506=CARTESIAN_POINT('',(1.1,0.879969850495571,-5.70894430170953));
#8507=CARTESIAN_POINT('',(1.2,0.879969850495571,-5.70894430170953));
#8508=CARTESIAN_POINT('',(1.2,0.785692750353979,-5.60353164407823));
#8509=CARTESIAN_POINT('',(1.2,0.691415650212387,-5.49811898644694));
#8510=CARTESIAN_POINT('',(1.1,0.691415650212388,-5.49811898644694));
#8511=CARTESIAN_POINT('',(1.,0.691415650212387,-5.49811898644694));
#8512=CARTESIAN_POINT('',(1.,0.785692750353979,-5.60353164407823));
#8513=CARTESIAN_POINT('',(1.,0.879969850495571,-5.70894430170953));
#8514=CARTESIAN_POINT('',(1.1,0.879969850495571,-5.70894430170953));
#8515=CARTESIAN_POINT('',(1.1,0.899457076102549,-5.35948722560698));
#8516=CARTESIAN_POINT('',(1.2,0.899457076102549,-5.35948722560698));
#8517=CARTESIAN_POINT('',(1.2,0.799612197216107,-5.35391944686213));
#8518=CARTESIAN_POINT('',(1.2,0.699767318329664,-5.34835166811728));
#8519=CARTESIAN_POINT('',(1.1,0.699767318329664,-5.34835166811728));
#8520=CARTESIAN_POINT('',(1.,0.699767318329664,-5.34835166811728));
#8521=CARTESIAN_POINT('',(1.,0.799612197216107,-5.35391944686213));
#8522=CARTESIAN_POINT('',(1.,0.899457076102549,-5.35948722560698));
#8523=CARTESIAN_POINT('',(1.1,0.899457076102549,-5.35948722560698));
#8524=CARTESIAN_POINT('',(1.1,0.918944301709527,-5.01003014950443));
#8525=CARTESIAN_POINT('',(1.2,0.918944301709527,-5.01003014950443));
#8526=CARTESIAN_POINT('',(1.2,0.813531644078234,-5.10430724964602));
#8527=CARTESIAN_POINT('',(1.2,0.708118986446941,-5.19858434978761));
#8528=CARTESIAN_POINT('',(1.1,0.70811898644694,-5.19858434978761));
#8529=CARTESIAN_POINT('',(1.,0.708118986446941,-5.19858434978761));
#8530=CARTESIAN_POINT('',(1.,0.813531644078234,-5.10430724964602));
#8531=CARTESIAN_POINT('',(1.,0.918944301709527,-5.01003014950443));
#8532=CARTESIAN_POINT('',(1.1,0.918944301709527,-5.01003014950443));
#8533=CARTESIAN_POINT('',(1.1,0.569487225606978,-4.99054292389745));
#8534=CARTESIAN_POINT('',(1.2,0.569487225606978,-4.99054292389745));
#8535=CARTESIAN_POINT('',(1.2,0.563919446862127,-5.09038780278389));
#8536=CARTESIAN_POINT('',(1.2,0.558351668117277,-5.19023268167034));
#8537=CARTESIAN_POINT('',(1.1,0.558351668117276,-5.19023268167034));
#8538=CARTESIAN_POINT('',(1.,0.558351668117277,-5.19023268167034));
#8539=CARTESIAN_POINT('',(1.,0.563919446862127,-5.09038780278389));
#8540=CARTESIAN_POINT('',(1.,0.569487225606978,-4.99054292389745));
#8541=CARTESIAN_POINT('',(1.1,0.569487225606978,-4.99054292389745));
#8542=CARTESIAN_POINT('',(1.1,0.220030149504429,-4.97105569829047));
#8543=CARTESIAN_POINT('',(1.2,0.220030149504429,-4.97105569829047));
#8544=CARTESIAN_POINT('',(1.2,0.314307249646021,-5.07646835592177));
#8545=CARTESIAN_POINT('',(1.2,0.408584349787613,-5.18188101355306));
#8546=CARTESIAN_POINT('',(1.1,0.408584349787612,-5.18188101355306));
#8547=CARTESIAN_POINT('',(1.,0.408584349787613,-5.18188101355306));
#8548=CARTESIAN_POINT('',(1.,0.314307249646021,-5.07646835592177));
#8549=CARTESIAN_POINT('',(1.,0.220030149504429,-4.97105569829047));
#8550=CARTESIAN_POINT('',(1.1,0.220030149504429,-4.97105569829047));
#8551=CARTESIAN_POINT('',(1.1,0.200542923897451,-5.32051277439302));
#8552=CARTESIAN_POINT('',(1.2,0.200542923897451,-5.32051277439302));
#8553=CARTESIAN_POINT('',(1.2,0.300387802783894,-5.32608055313787));
#8554=CARTESIAN_POINT('',(1.2,0.400232681670336,-5.33164833188272));
#8555=CARTESIAN_POINT('',(1.1,0.400232681670336,-5.33164833188272));
#8556=CARTESIAN_POINT('',(1.,0.400232681670336,-5.33164833188272));
#8557=CARTESIAN_POINT('',(1.,0.300387802783894,-5.32608055313787));
#8558=CARTESIAN_POINT('',(1.,0.200542923897451,-5.32051277439302));
#8559=CARTESIAN_POINT('',(1.1,0.200542923897451,-5.32051277439302));
#8560=CARTESIAN_POINT('',(1.1,1.44945707610255,-1.11948722560698));
#8561=CARTESIAN_POINT('',(1.2,1.44945707610255,-1.11948722560698));
#8562=CARTESIAN_POINT('',(1.2,1.34961219721611,-1.11391944686213));
#8563=CARTESIAN_POINT('',(1.2,1.24976731832966,-1.10835166811728));
#8564=CARTESIAN_POINT('',(1.1,1.24976731832966,-1.10835166811728));
#8565=CARTESIAN_POINT('',(1.,1.24976731832966,-1.10835166811728));
#8566=CARTESIAN_POINT('',(1.,1.34961219721611,-1.11391944686213));
#8567=CARTESIAN_POINT('',(1.,1.44945707610255,-1.11948722560698));
#8568=CARTESIAN_POINT('',(1.1,1.44945707610255,-1.11948722560698));
#8569=CARTESIAN_POINT('',(1.1,1.46894430170953,-0.77003014950443));
#8570=CARTESIAN_POINT('',(1.2,1.46894430170953,-0.77003014950443));
#8571=CARTESIAN_POINT('',(1.2,1.36353164407823,-0.864307249646021));
#8572=CARTESIAN_POINT('',(1.2,1.25811898644694,-0.958584349787613));
#8573=CARTESIAN_POINT('',(1.1,1.25811898644694,-0.958584349787613));
#8574=CARTESIAN_POINT('',(1.,1.25811898644694,-0.958584349787613));
#8575=CARTESIAN_POINT('',(1.,1.36353164407823,-0.864307249646021));
#8576=CARTESIAN_POINT('',(1.,1.46894430170953,-0.77003014950443));
#8577=CARTESIAN_POINT('',(1.1,1.46894430170953,-0.77003014950443));
#8578=CARTESIAN_POINT('',(1.1,1.11948722560698,-0.750542923897451));
#8579=CARTESIAN_POINT('',(1.2,1.11948722560698,-0.750542923897451));
#8580=CARTESIAN_POINT('',(1.2,1.11391944686213,-0.850387802783894));
#8581=CARTESIAN_POINT('',(1.2,1.10835166811728,-0.950232681670336));
#8582=CARTESIAN_POINT('',(1.1,1.10835166811728,-0.950232681670336));
#8583=CARTESIAN_POINT('',(1.,1.10835166811728,-0.950232681670336));
#8584=CARTESIAN_POINT('',(1.,1.11391944686213,-0.850387802783894));
#8585=CARTESIAN_POINT('',(1.,1.11948722560698,-0.750542923897451));
#8586=CARTESIAN_POINT('',(1.1,1.11948722560698,-0.750542923897451));
#8587=CARTESIAN_POINT('',(1.1,0.77003014950443,-0.731055698290472));
#8588=CARTESIAN_POINT('',(1.2,0.77003014950443,-0.731055698290472));
#8589=CARTESIAN_POINT('',(1.2,0.864307249646021,-0.836468355921766));
#8590=CARTESIAN_POINT('',(1.2,0.958584349787613,-0.94188101355306));
#8591=CARTESIAN_POINT('',(1.1,0.958584349787613,-0.94188101355306));
#8592=CARTESIAN_POINT('',(1.,0.958584349787613,-0.94188101355306));
#8593=CARTESIAN_POINT('',(1.,0.864307249646021,-0.836468355921766));
#8594=CARTESIAN_POINT('',(1.,0.77003014950443,-0.731055698290472));
#8595=CARTESIAN_POINT('',(1.1,0.77003014950443,-0.731055698290472));
#8596=CARTESIAN_POINT('',(1.1,0.750542923897451,-1.08051277439302));
#8597=CARTESIAN_POINT('',(1.2,0.750542923897451,-1.08051277439302));
#8598=CARTESIAN_POINT('',(1.2,0.850387802783894,-1.08608055313787));
#8599=CARTESIAN_POINT('',(1.2,0.950232681670336,-1.09164833188272));
#8600=CARTESIAN_POINT('',(1.1,0.950232681670336,-1.09164833188272));
#8601=CARTESIAN_POINT('',(1.,0.950232681670336,-1.09164833188272));
#8602=CARTESIAN_POINT('',(1.,0.850387802783894,-1.08608055313787));
#8603=CARTESIAN_POINT('',(1.,0.750542923897451,-1.08051277439302));
#8604=CARTESIAN_POINT('',(1.1,0.750542923897451,-1.08051277439302));
#8605=CARTESIAN_POINT('',(1.1,0.731055698290472,-1.42996985049557));
#8606=CARTESIAN_POINT('',(1.2,0.731055698290472,-1.42996985049557));
#8607=CARTESIAN_POINT('',(1.2,0.836468355921766,-1.33569275035398));
#8608=CARTESIAN_POINT('',(1.2,0.94188101355306,-1.24141565021239));
#8609=CARTESIAN_POINT('',(1.1,0.94188101355306,-1.24141565021239));
#8610=CARTESIAN_POINT('',(1.,0.94188101355306,-1.24141565021239));
#8611=CARTESIAN_POINT('',(1.,0.836468355921766,-1.33569275035398));
#8612=CARTESIAN_POINT('',(1.,0.731055698290472,-1.42996985049557));
#8613=CARTESIAN_POINT('',(1.1,0.731055698290472,-1.42996985049557));
#8614=CARTESIAN_POINT('',(1.1,1.08051277439302,-1.44945707610255));
#8615=CARTESIAN_POINT('',(1.2,1.08051277439302,-1.44945707610255));
#8616=CARTESIAN_POINT('',(1.2,1.08608055313787,-1.34961219721611));
#8617=CARTESIAN_POINT('',(1.2,1.09164833188272,-1.24976731832966));
#8618=CARTESIAN_POINT('',(1.1,1.09164833188272,-1.24976731832966));
#8619=CARTESIAN_POINT('',(1.,1.09164833188272,-1.24976731832966));
#8620=CARTESIAN_POINT('',(1.,1.08608055313787,-1.34961219721611));
#8621=CARTESIAN_POINT('',(1.,1.08051277439302,-1.44945707610255));
#8622=CARTESIAN_POINT('',(1.1,1.08051277439302,-1.44945707610255));
#8623=CARTESIAN_POINT('',(1.1,1.42996985049557,-1.46894430170953));
#8624=CARTESIAN_POINT('',(1.2,1.42996985049557,-1.46894430170953));
#8625=CARTESIAN_POINT('',(1.2,1.33569275035398,-1.36353164407823));
#8626=CARTESIAN_POINT('',(1.2,1.24141565021239,-1.25811898644694));
#8627=CARTESIAN_POINT('',(1.1,1.24141565021239,-1.25811898644694));
#8628=CARTESIAN_POINT('',(1.,1.24141565021239,-1.25811898644694));
#8629=CARTESIAN_POINT('',(1.,1.33569275035398,-1.36353164407823));
#8630=CARTESIAN_POINT('',(1.,1.42996985049557,-1.46894430170953));
#8631=CARTESIAN_POINT('',(1.1,1.42996985049557,-1.46894430170953));
#8632=CARTESIAN_POINT('',(1.1,1.44945707610255,-1.11948722560698));
#8633=CARTESIAN_POINT('',(1.2,1.44945707610255,-1.11948722560698));
#8634=CARTESIAN_POINT('',(1.2,1.34961219721611,-1.11391944686213));
#8635=CARTESIAN_POINT('',(1.2,1.24976731832966,-1.10835166811728));
#8636=CARTESIAN_POINT('',(1.1,1.24976731832966,-1.10835166811728));
#8637=CARTESIAN_POINT('',(1.,1.24976731832966,-1.10835166811728));
#8638=CARTESIAN_POINT('',(1.,1.34961219721611,-1.11391944686213));
#8639=CARTESIAN_POINT('',(1.,1.44945707610255,-1.11948722560698));
#8640=CARTESIAN_POINT('',(1.1,1.44945707610255,-1.11948722560698));
#8641=CARTESIAN_POINT('',(1.1,0.750542923897451,-1.08051277439302));
#8642=CARTESIAN_POINT('',(1.2,0.750542923897451,-1.08051277439302));
#8643=CARTESIAN_POINT('',(1.2,0.850387802783894,-1.08608055313787));
#8644=CARTESIAN_POINT('',(1.2,0.950232681670336,-1.09164833188272));
#8645=CARTESIAN_POINT('',(1.1,0.950232681670336,-1.09164833188272));
#8646=CARTESIAN_POINT('',(1.,0.950232681670336,-1.09164833188272));
#8647=CARTESIAN_POINT('',(1.,0.850387802783894,-1.08608055313787));
#8648=CARTESIAN_POINT('',(1.,0.750542923897451,-1.08051277439302));
#8649=CARTESIAN_POINT('',(1.1,0.750542923897451,-1.08051277439302));
#8650=CARTESIAN_POINT('',(1.1,0.731055698290472,-1.42996985049557));
#8651=CARTESIAN_POINT('',(1.2,0.731055698290472,-1.42996985049557));
#8652=CARTESIAN_POINT('',(1.2,0.836468355921766,-1.33569275035398));
#8653=CARTESIAN_POINT('',(1.2,0.94188101355306,-1.24141565021239));
#8654=CARTESIAN_POINT('',(1.1,0.94188101355306,-1.24141565021239));
#8655=CARTESIAN_POINT('',(1.,0.94188101355306,-1.24141565021239));
#8656=CARTESIAN_POINT('',(1.,0.836468355921766,-1.33569275035398));
#8657=CARTESIAN_POINT('',(1.,0.731055698290472,-1.42996985049557));
#8658=CARTESIAN_POINT('',(1.1,0.731055698290472,-1.42996985049557));
#8659=CARTESIAN_POINT('',(1.1,1.08051277439302,-1.44945707610255));
#8660=CARTESIAN_POINT('',(1.2,1.08051277439302,-1.44945707610255));
#8661=CARTESIAN_POINT('',(1.2,1.08608055313787,-1.34961219721611));
#8662=CARTESIAN_POINT('',(1.2,1.09164833188272,-1.24976731832966));
#8663=CARTESIAN_POINT('',(1.1,1.09164833188272,-1.24976731832966));
#8664=CARTESIAN_POINT('',(1.,1.09164833188272,-1.24976731832966));
#8665=CARTESIAN_POINT('',(1.,1.08608055313787,-1.34961219721611));
#8666=CARTESIAN_POINT('',(1.,1.08051277439302,-1.44945707610255));
#8667=CARTESIAN_POINT('',(1.1,1.08051277439302,-1.44945707610255));
#8668=CARTESIAN_POINT('',(1.1,1.42996985049557,-1.46894430170953));
#8669=CARTESIAN_POINT('',(1.2,1.42996985049557,-1.46894430170953));
#8670=CARTESIAN_POINT('',(1.2,1.33569275035398,-1.36353164407823));
#8671=CARTESIAN_POINT('',(1.2,1.24141565021239,-1.25811898644694));
#8672=CARTESIAN_POINT('',(1.1,1.24141565021239,-1.25811898644694));
#8673=CARTESIAN_POINT('',(1.,1.24141565021239,-1.25811898644694));
#8674=CARTESIAN_POINT('',(1.,1.33569275035398,-1.36353164407823));
#8675=CARTESIAN_POINT('',(1.,1.42996985049557,-1.46894430170953));
#8676=CARTESIAN_POINT('',(1.1,1.42996985049557,-1.46894430170953));
#8677=CARTESIAN_POINT('',(1.1,1.44945707610255,-1.11948722560698));
#8678=CARTESIAN_POINT('',(1.2,1.44945707610255,-1.11948722560698));
#8679=CARTESIAN_POINT('',(1.2,1.34961219721611,-1.11391944686213));
#8680=CARTESIAN_POINT('',(1.2,1.24976731832966,-1.10835166811728));
#8681=CARTESIAN_POINT('',(1.1,1.24976731832966,-1.10835166811728));
#8682=CARTESIAN_POINT('',(1.,1.24976731832966,-1.10835166811728));
#8683=CARTESIAN_POINT('',(1.,1.34961219721611,-1.11391944686213));
#8684=CARTESIAN_POINT('',(1.,1.44945707610255,-1.11948722560698));
#8685=CARTESIAN_POINT('',(1.1,1.44945707610255,-1.11948722560698));
#8686=CARTESIAN_POINT('',(1.1,1.46894430170953,-0.77003014950443));
#8687=CARTESIAN_POINT('',(1.2,1.46894430170953,-0.77003014950443));
#8688=CARTESIAN_POINT('',(1.2,1.36353164407823,-0.864307249646021));
#8689=CARTESIAN_POINT('',(1.2,1.25811898644694,-0.958584349787613));
#8690=CARTESIAN_POINT('',(1.1,1.25811898644694,-0.958584349787613));
#8691=CARTESIAN_POINT('',(1.,1.25811898644694,-0.958584349787613));
#8692=CARTESIAN_POINT('',(1.,1.36353164407823,-0.864307249646021));
#8693=CARTESIAN_POINT('',(1.,1.46894430170953,-0.77003014950443));
#8694=CARTESIAN_POINT('',(1.1,1.46894430170953,-0.77003014950443));
#8695=CARTESIAN_POINT('',(1.1,1.11948722560698,-0.750542923897451));
#8696=CARTESIAN_POINT('',(1.2,1.11948722560698,-0.750542923897451));
#8697=CARTESIAN_POINT('',(1.2,1.11391944686213,-0.850387802783894));
#8698=CARTESIAN_POINT('',(1.2,1.10835166811728,-0.950232681670336));
#8699=CARTESIAN_POINT('',(1.1,1.10835166811728,-0.950232681670336));
#8700=CARTESIAN_POINT('',(1.,1.10835166811728,-0.950232681670336));
#8701=CARTESIAN_POINT('',(1.,1.11391944686213,-0.850387802783894));
#8702=CARTESIAN_POINT('',(1.,1.11948722560698,-0.750542923897451));
#8703=CARTESIAN_POINT('',(1.1,1.11948722560698,-0.750542923897451));
#8704=CARTESIAN_POINT('',(1.1,0.77003014950443,-0.731055698290472));
#8705=CARTESIAN_POINT('',(1.2,0.77003014950443,-0.731055698290472));
#8706=CARTESIAN_POINT('',(1.2,0.864307249646021,-0.836468355921766));
#8707=CARTESIAN_POINT('',(1.2,0.958584349787613,-0.94188101355306));
#8708=CARTESIAN_POINT('',(1.1,0.958584349787613,-0.94188101355306));
#8709=CARTESIAN_POINT('',(1.,0.958584349787613,-0.94188101355306));
#8710=CARTESIAN_POINT('',(1.,0.864307249646021,-0.836468355921766));
#8711=CARTESIAN_POINT('',(1.,0.77003014950443,-0.731055698290472));
#8712=CARTESIAN_POINT('',(1.1,0.77003014950443,-0.731055698290472));
#8713=CARTESIAN_POINT('',(1.1,0.750542923897451,-1.08051277439302));
#8714=CARTESIAN_POINT('',(1.2,0.750542923897451,-1.08051277439302));
#8715=CARTESIAN_POINT('',(1.2,0.850387802783894,-1.08608055313787));
#8716=CARTESIAN_POINT('',(1.2,0.950232681670336,-1.09164833188272));
#8717=CARTESIAN_POINT('',(1.1,0.950232681670336,-1.09164833188272));
#8718=CARTESIAN_POINT('',(1.,0.950232681670336,-1.09164833188272));
#8719=CARTESIAN_POINT('',(1.,0.850387802783894,-1.08608055313787));
#8720=CARTESIAN_POINT('',(1.,0.750542923897451,-1.08051277439302));
#8721=CARTESIAN_POINT('',(1.1,0.750542923897451,-1.08051277439302));
#8722=CARTESIAN_POINT('',(1.2,9.4404,-1.4596));
#8723=CARTESIAN_POINT('',(1.2,9.4404,-4.3596));
#8724=CARTESIAN_POINT('',(1.2,-0.3596,-6.2496));
#8725=CARTESIAN_POINT('',(1.2,0.1904,-2.0096));
#8726=CARTESIAN_POINT('',(1.1,10.6994570761025,-3.46948722560698));
#8727=CARTESIAN_POINT('',(1.2,10.6994570761025,-3.46948722560698));
#8728=CARTESIAN_POINT('',(1.2,10.5996121972161,-3.46391944686213));
#8729=CARTESIAN_POINT('',(1.2,10.4997673183297,-3.45835166811728));
#8730=CARTESIAN_POINT('',(1.1,10.4997673183297,-3.45835166811728));
#8731=CARTESIAN_POINT('',(1.,10.4997673183297,-3.45835166811728));
#8732=CARTESIAN_POINT('',(1.,10.5996121972161,-3.46391944686213));
#8733=CARTESIAN_POINT('',(1.,10.6994570761025,-3.46948722560698));
#8734=CARTESIAN_POINT('',(1.1,10.6994570761025,-3.46948722560698));
#8735=CARTESIAN_POINT('',(1.1,10.7189443017095,-3.12003014950443));
#8736=CARTESIAN_POINT('',(1.2,10.7189443017095,-3.12003014950443));
#8737=CARTESIAN_POINT('',(1.2,10.6135316440782,-3.21430724964602));
#8738=CARTESIAN_POINT('',(1.2,10.5081189864469,-3.30858434978761));
#8739=CARTESIAN_POINT('',(1.1,10.5081189864469,-3.30858434978761));
#8740=CARTESIAN_POINT('',(1.,10.5081189864469,-3.30858434978761));
#8741=CARTESIAN_POINT('',(1.,10.6135316440782,-3.21430724964602));
#8742=CARTESIAN_POINT('',(1.,10.7189443017095,-3.12003014950443));
#8743=CARTESIAN_POINT('',(1.1,10.7189443017095,-3.12003014950443));
#8744=CARTESIAN_POINT('',(1.1,10.369487225607,-3.10054292389745));
#8745=CARTESIAN_POINT('',(1.2,10.369487225607,-3.10054292389745));
#8746=CARTESIAN_POINT('',(1.2,10.3639194468621,-3.20038780278389));
#8747=CARTESIAN_POINT('',(1.2,10.3583516681173,-3.30023268167034));
#8748=CARTESIAN_POINT('',(1.1,10.3583516681173,-3.30023268167034));
#8749=CARTESIAN_POINT('',(1.,10.3583516681173,-3.30023268167034));
#8750=CARTESIAN_POINT('',(1.,10.3639194468621,-3.20038780278389));
#8751=CARTESIAN_POINT('',(1.,10.369487225607,-3.10054292389745));
#8752=CARTESIAN_POINT('',(1.1,10.369487225607,-3.10054292389745));
#8753=CARTESIAN_POINT('',(1.1,10.0200301495044,-3.08105569829047));
#8754=CARTESIAN_POINT('',(1.2,10.0200301495044,-3.08105569829047));
#8755=CARTESIAN_POINT('',(1.2,10.114307249646,-3.18646835592177));
#8756=CARTESIAN_POINT('',(1.2,10.2085843497876,-3.29188101355306));
#8757=CARTESIAN_POINT('',(1.1,10.2085843497876,-3.29188101355306));
#8758=CARTESIAN_POINT('',(1.,10.2085843497876,-3.29188101355306));
#8759=CARTESIAN_POINT('',(1.,10.114307249646,-3.18646835592177));
#8760=CARTESIAN_POINT('',(1.,10.0200301495044,-3.08105569829047));
#8761=CARTESIAN_POINT('',(1.1,10.0200301495044,-3.08105569829047));
#8762=CARTESIAN_POINT('',(1.1,10.0005429238975,-3.43051277439302));
#8763=CARTESIAN_POINT('',(1.2,10.0005429238975,-3.43051277439302));
#8764=CARTESIAN_POINT('',(1.2,10.1003878027839,-3.43608055313787));
#8765=CARTESIAN_POINT('',(1.2,10.2002326816703,-3.44164833188272));
#8766=CARTESIAN_POINT('',(1.1,10.2002326816703,-3.44164833188272));
#8767=CARTESIAN_POINT('',(1.,10.2002326816703,-3.44164833188272));
#8768=CARTESIAN_POINT('',(1.,10.1003878027839,-3.43608055313787));
#8769=CARTESIAN_POINT('',(1.,10.0005429238975,-3.43051277439302));
#8770=CARTESIAN_POINT('',(1.1,10.0005429238975,-3.43051277439302));
#8771=CARTESIAN_POINT('',(1.1,9.98105569829047,-3.77996985049557));
#8772=CARTESIAN_POINT('',(1.2,9.98105569829047,-3.77996985049557));
#8773=CARTESIAN_POINT('',(1.2,10.0864683559218,-3.68569275035398));
#8774=CARTESIAN_POINT('',(1.2,10.1918810135531,-3.59141565021239));
#8775=CARTESIAN_POINT('',(1.1,10.1918810135531,-3.59141565021239));
#8776=CARTESIAN_POINT('',(1.,10.1918810135531,-3.59141565021239));
#8777=CARTESIAN_POINT('',(1.,10.0864683559218,-3.68569275035398));
#8778=CARTESIAN_POINT('',(1.,9.98105569829047,-3.77996985049557));
#8779=CARTESIAN_POINT('',(1.1,9.98105569829047,-3.77996985049557));
#8780=CARTESIAN_POINT('',(1.1,10.330512774393,-3.79945707610255));
#8781=CARTESIAN_POINT('',(1.2,10.330512774393,-3.79945707610255));
#8782=CARTESIAN_POINT('',(1.2,10.3360805531379,-3.69961219721611));
#8783=CARTESIAN_POINT('',(1.2,10.3416483318827,-3.59976731832966));
#8784=CARTESIAN_POINT('',(1.1,10.3416483318827,-3.59976731832966));
#8785=CARTESIAN_POINT('',(1.,10.3416483318827,-3.59976731832966));
#8786=CARTESIAN_POINT('',(1.,10.3360805531379,-3.69961219721611));
#8787=CARTESIAN_POINT('',(1.,10.330512774393,-3.79945707610255));
#8788=CARTESIAN_POINT('',(1.1,10.330512774393,-3.79945707610255));
#8789=CARTESIAN_POINT('',(1.1,10.6799698504956,-3.81894430170953));
#8790=CARTESIAN_POINT('',(1.2,10.6799698504956,-3.81894430170953));
#8791=CARTESIAN_POINT('',(1.2,10.585692750354,-3.71353164407823));
#8792=CARTESIAN_POINT('',(1.2,10.4914156502124,-3.60811898644694));
#8793=CARTESIAN_POINT('',(1.1,10.4914156502124,-3.60811898644694));
#8794=CARTESIAN_POINT('',(1.,10.4914156502124,-3.60811898644694));
#8795=CARTESIAN_POINT('',(1.,10.585692750354,-3.71353164407823));
#8796=CARTESIAN_POINT('',(1.,10.6799698504956,-3.81894430170953));
#8797=CARTESIAN_POINT('',(1.1,10.6799698504956,-3.81894430170953));
#8798=CARTESIAN_POINT('',(1.1,10.6994570761025,-3.46948722560698));
#8799=CARTESIAN_POINT('',(1.2,10.6994570761025,-3.46948722560698));
#8800=CARTESIAN_POINT('',(1.2,10.5996121972161,-3.46391944686213));
#8801=CARTESIAN_POINT('',(1.2,10.4997673183297,-3.45835166811728));
#8802=CARTESIAN_POINT('',(1.1,10.4997673183297,-3.45835166811728));
#8803=CARTESIAN_POINT('',(1.,10.4997673183297,-3.45835166811728));
#8804=CARTESIAN_POINT('',(1.,10.5996121972161,-3.46391944686213));
#8805=CARTESIAN_POINT('',(1.,10.6994570761025,-3.46948722560698));
#8806=CARTESIAN_POINT('',(1.1,10.6994570761025,-3.46948722560698));
#8807=CARTESIAN_POINT('',(1.1,10.0005429238975,-3.43051277439302));
#8808=CARTESIAN_POINT('',(1.2,10.0005429238975,-3.43051277439302));
#8809=CARTESIAN_POINT('',(1.2,10.1003878027839,-3.43608055313787));
#8810=CARTESIAN_POINT('',(1.2,10.2002326816703,-3.44164833188272));
#8811=CARTESIAN_POINT('',(1.1,10.2002326816703,-3.44164833188272));
#8812=CARTESIAN_POINT('',(1.,10.2002326816703,-3.44164833188272));
#8813=CARTESIAN_POINT('',(1.,10.1003878027839,-3.43608055313787));
#8814=CARTESIAN_POINT('',(1.,10.0005429238975,-3.43051277439302));
#8815=CARTESIAN_POINT('',(1.1,10.0005429238975,-3.43051277439302));
#8816=CARTESIAN_POINT('',(1.1,9.98105569829047,-3.77996985049557));
#8817=CARTESIAN_POINT('',(1.2,9.98105569829047,-3.77996985049557));
#8818=CARTESIAN_POINT('',(1.2,10.0864683559218,-3.68569275035398));
#8819=CARTESIAN_POINT('',(1.2,10.1918810135531,-3.59141565021238));
#8820=CARTESIAN_POINT('',(1.1,10.1918810135531,-3.59141565021239));
#8821=CARTESIAN_POINT('',(1.,10.1918810135531,-3.59141565021238));
#8822=CARTESIAN_POINT('',(1.,10.0864683559218,-3.68569275035398));
#8823=CARTESIAN_POINT('',(1.,9.98105569829047,-3.77996985049557));
#8824=CARTESIAN_POINT('',(1.1,9.98105569829047,-3.77996985049557));
#8825=CARTESIAN_POINT('',(1.1,10.330512774393,-3.79945707610255));
#8826=CARTESIAN_POINT('',(1.2,10.330512774393,-3.79945707610255));
#8827=CARTESIAN_POINT('',(1.2,10.3360805531379,-3.69961219721611));
#8828=CARTESIAN_POINT('',(1.2,10.3416483318827,-3.59976731832966));
#8829=CARTESIAN_POINT('',(1.1,10.3416483318827,-3.59976731832966));
#8830=CARTESIAN_POINT('',(1.,10.3416483318827,-3.59976731832966));
#8831=CARTESIAN_POINT('',(1.,10.3360805531379,-3.69961219721611));
#8832=CARTESIAN_POINT('',(1.,10.330512774393,-3.79945707610255));
#8833=CARTESIAN_POINT('',(1.1,10.330512774393,-3.79945707610255));
#8834=CARTESIAN_POINT('',(1.1,10.6799698504956,-3.81894430170953));
#8835=CARTESIAN_POINT('',(1.2,10.6799698504956,-3.81894430170953));
#8836=CARTESIAN_POINT('',(1.2,10.585692750354,-3.71353164407823));
#8837=CARTESIAN_POINT('',(1.2,10.4914156502124,-3.60811898644694));
#8838=CARTESIAN_POINT('',(1.1,10.4914156502124,-3.60811898644694));
#8839=CARTESIAN_POINT('',(1.,10.4914156502124,-3.60811898644694));
#8840=CARTESIAN_POINT('',(1.,10.585692750354,-3.71353164407823));
#8841=CARTESIAN_POINT('',(1.,10.6799698504956,-3.81894430170953));
#8842=CARTESIAN_POINT('',(1.1,10.6799698504956,-3.81894430170953));
#8843=CARTESIAN_POINT('',(1.1,10.6994570761025,-3.46948722560698));
#8844=CARTESIAN_POINT('',(1.2,10.6994570761025,-3.46948722560698));
#8845=CARTESIAN_POINT('',(1.2,10.5996121972161,-3.46391944686213));
#8846=CARTESIAN_POINT('',(1.2,10.4997673183297,-3.45835166811728));
#8847=CARTESIAN_POINT('',(1.1,10.4997673183297,-3.45835166811728));
#8848=CARTESIAN_POINT('',(1.,10.4997673183297,-3.45835166811728));
#8849=CARTESIAN_POINT('',(1.,10.5996121972161,-3.46391944686213));
#8850=CARTESIAN_POINT('',(1.,10.6994570761025,-3.46948722560698));
#8851=CARTESIAN_POINT('',(1.1,10.6994570761025,-3.46948722560698));
#8852=CARTESIAN_POINT('',(1.1,10.7189443017095,-3.12003014950443));
#8853=CARTESIAN_POINT('',(1.2,10.7189443017095,-3.12003014950443));
#8854=CARTESIAN_POINT('',(1.2,10.6135316440782,-3.21430724964602));
#8855=CARTESIAN_POINT('',(1.2,10.5081189864469,-3.30858434978762));
#8856=CARTESIAN_POINT('',(1.1,10.5081189864469,-3.30858434978761));
#8857=CARTESIAN_POINT('',(1.,10.5081189864469,-3.30858434978762));
#8858=CARTESIAN_POINT('',(1.,10.6135316440782,-3.21430724964602));
#8859=CARTESIAN_POINT('',(1.,10.7189443017095,-3.12003014950443));
#8860=CARTESIAN_POINT('',(1.1,10.7189443017095,-3.12003014950443));
#8861=CARTESIAN_POINT('',(1.1,10.369487225607,-3.10054292389745));
#8862=CARTESIAN_POINT('',(1.2,10.369487225607,-3.10054292389745));
#8863=CARTESIAN_POINT('',(1.2,10.3639194468621,-3.20038780278389));
#8864=CARTESIAN_POINT('',(1.2,10.3583516681173,-3.30023268167034));
#8865=CARTESIAN_POINT('',(1.1,10.3583516681173,-3.30023268167034));
#8866=CARTESIAN_POINT('',(1.,10.3583516681173,-3.30023268167034));
#8867=CARTESIAN_POINT('',(1.,10.3639194468621,-3.20038780278389));
#8868=CARTESIAN_POINT('',(1.,10.369487225607,-3.10054292389745));
#8869=CARTESIAN_POINT('',(1.1,10.369487225607,-3.10054292389745));
#8870=CARTESIAN_POINT('',(1.1,10.0200301495044,-3.08105569829047));
#8871=CARTESIAN_POINT('',(1.2,10.0200301495044,-3.08105569829047));
#8872=CARTESIAN_POINT('',(1.2,10.114307249646,-3.18646835592177));
#8873=CARTESIAN_POINT('',(1.2,10.2085843497876,-3.29188101355306));
#8874=CARTESIAN_POINT('',(1.1,10.2085843497876,-3.29188101355306));
#8875=CARTESIAN_POINT('',(1.,10.2085843497876,-3.29188101355306));
#8876=CARTESIAN_POINT('',(1.,10.114307249646,-3.18646835592177));
#8877=CARTESIAN_POINT('',(1.,10.0200301495044,-3.08105569829047));
#8878=CARTESIAN_POINT('',(1.1,10.0200301495044,-3.08105569829047));
#8879=CARTESIAN_POINT('',(1.1,10.0005429238975,-3.43051277439302));
#8880=CARTESIAN_POINT('',(1.2,10.0005429238975,-3.43051277439302));
#8881=CARTESIAN_POINT('',(1.2,10.1003878027839,-3.43608055313787));
#8882=CARTESIAN_POINT('',(1.2,10.2002326816703,-3.44164833188272));
#8883=CARTESIAN_POINT('',(1.1,10.2002326816703,-3.44164833188272));
#8884=CARTESIAN_POINT('',(1.,10.2002326816703,-3.44164833188272));
#8885=CARTESIAN_POINT('',(1.,10.1003878027839,-3.43608055313787));
#8886=CARTESIAN_POINT('',(1.,10.0005429238975,-3.43051277439302));
#8887=CARTESIAN_POINT('',(1.1,10.0005429238975,-3.43051277439302));
#8888=CARTESIAN_POINT('',(1.1,6.28033846695899,-3.84935501351819));
#8889=CARTESIAN_POINT('',(1.2,6.28033846695899,-3.84935501351819));
#8890=CARTESIAN_POINT('',(1.2,6.286892311306,-3.74957000901213));
#8891=CARTESIAN_POINT('',(1.2,6.293446155653,-3.64978500450606));
#8892=CARTESIAN_POINT('',(1.1,6.293446155653,-3.64978500450606));
#8893=CARTESIAN_POINT('',(1.,6.293446155653,-3.64978500450606));
#8894=CARTESIAN_POINT('',(1.,6.286892311306,-3.74957000901213));
#8895=CARTESIAN_POINT('',(1.,6.28033846695899,-3.84935501351819));
#8896=CARTESIAN_POINT('',(1.1,6.28033846695899,-3.84935501351819));
#8897=CARTESIAN_POINT('',(1.1,6.57969348047718,-3.8690165465592));
#8898=CARTESIAN_POINT('',(1.2,6.57969348047718,-3.8690165465592));
#8899=CARTESIAN_POINT('',(1.2,6.48646232031812,-3.76267769770613));
#8900=CARTESIAN_POINT('',(1.2,6.39323116015906,-3.65633884885307));
#8901=CARTESIAN_POINT('',(1.1,6.39323116015906,-3.65633884885307));
#8902=CARTESIAN_POINT('',(1.,6.39323116015906,-3.65633884885307));
#8903=CARTESIAN_POINT('',(1.,6.48646232031812,-3.76267769770613));
#8904=CARTESIAN_POINT('',(1.,6.57969348047718,-3.8690165465592));
#8905=CARTESIAN_POINT('',(1.1,6.57969348047718,-3.8690165465592));
#8906=CARTESIAN_POINT('',(1.1,6.59935501351819,-3.56966153304101));
#8907=CARTESIAN_POINT('',(1.2,6.59935501351819,-3.56966153304101));
#8908=CARTESIAN_POINT('',(1.2,6.49957000901213,-3.563107688694));
#8909=CARTESIAN_POINT('',(1.2,6.39978500450606,-3.556553844347));
#8910=CARTESIAN_POINT('',(1.1,6.39978500450606,-3.556553844347));
#8911=CARTESIAN_POINT('',(1.,6.39978500450606,-3.556553844347));
#8912=CARTESIAN_POINT('',(1.,6.49957000901213,-3.563107688694));
#8913=CARTESIAN_POINT('',(1.,6.59935501351819,-3.56966153304101));
#8914=CARTESIAN_POINT('',(1.1,6.59935501351819,-3.56966153304101));
#8915=CARTESIAN_POINT('',(1.1,6.6190165465592,-3.27030651952281));
#8916=CARTESIAN_POINT('',(1.2,6.6190165465592,-3.27030651952282));
#8917=CARTESIAN_POINT('',(1.2,6.51267769770613,-3.36353767968188));
#8918=CARTESIAN_POINT('',(1.2,6.40633884885307,-3.45676883984094));
#8919=CARTESIAN_POINT('',(1.1,6.40633884885307,-3.45676883984094));
#8920=CARTESIAN_POINT('',(1.,6.40633884885307,-3.45676883984094));
#8921=CARTESIAN_POINT('',(1.,6.51267769770613,-3.36353767968188));
#8922=CARTESIAN_POINT('',(1.,6.6190165465592,-3.27030651952282));
#8923=CARTESIAN_POINT('',(1.1,6.6190165465592,-3.27030651952281));
#8924=CARTESIAN_POINT('',(1.1,6.31966153304101,-3.25064498648181));
#8925=CARTESIAN_POINT('',(1.2,6.31966153304101,-3.25064498648181));
#8926=CARTESIAN_POINT('',(1.2,6.313107688694,-3.35042999098787));
#8927=CARTESIAN_POINT('',(1.2,6.306553844347,-3.45021499549394));
#8928=CARTESIAN_POINT('',(1.1,6.306553844347,-3.45021499549394));
#8929=CARTESIAN_POINT('',(1.,6.306553844347,-3.45021499549394));
#8930=CARTESIAN_POINT('',(1.,6.313107688694,-3.35042999098787));
#8931=CARTESIAN_POINT('',(1.,6.31966153304101,-3.25064498648181));
#8932=CARTESIAN_POINT('',(1.1,6.31966153304101,-3.25064498648181));
#8933=CARTESIAN_POINT('',(1.1,6.02030651952281,-3.2309834534408));
#8934=CARTESIAN_POINT('',(1.2,6.02030651952282,-3.2309834534408));
#8935=CARTESIAN_POINT('',(1.2,6.11353767968188,-3.33732230229387));
#8936=CARTESIAN_POINT('',(1.2,6.20676883984094,-3.44366115114693));
#8937=CARTESIAN_POINT('',(1.1,6.20676883984094,-3.44366115114693));
#8938=CARTESIAN_POINT('',(1.,6.20676883984094,-3.44366115114693));
#8939=CARTESIAN_POINT('',(1.,6.11353767968188,-3.33732230229387));
#8940=CARTESIAN_POINT('',(1.,6.02030651952282,-3.2309834534408));
#8941=CARTESIAN_POINT('',(1.1,6.02030651952281,-3.2309834534408));
#8942=CARTESIAN_POINT('',(1.1,6.00064498648181,-3.53033846695899));
#8943=CARTESIAN_POINT('',(1.2,6.00064498648181,-3.53033846695899));
#8944=CARTESIAN_POINT('',(1.2,6.10042999098787,-3.536892311306));
#8945=CARTESIAN_POINT('',(1.2,6.20021499549394,-3.543446155653));
#8946=CARTESIAN_POINT('',(1.1,6.20021499549394,-3.543446155653));
#8947=CARTESIAN_POINT('',(1.,6.20021499549394,-3.543446155653));
#8948=CARTESIAN_POINT('',(1.,6.10042999098787,-3.536892311306));
#8949=CARTESIAN_POINT('',(1.,6.00064498648181,-3.53033846695899));
#8950=CARTESIAN_POINT('',(1.1,6.00064498648181,-3.53033846695899));
#8951=CARTESIAN_POINT('',(1.1,5.9809834534408,-3.82969348047719));
#8952=CARTESIAN_POINT('',(1.2,5.9809834534408,-3.82969348047718));
#8953=CARTESIAN_POINT('',(1.2,6.08732230229387,-3.73646232031812));
#8954=CARTESIAN_POINT('',(1.2,6.19366115114693,-3.64323116015906));
#8955=CARTESIAN_POINT('',(1.1,6.19366115114693,-3.64323116015906));
#8956=CARTESIAN_POINT('',(1.,6.19366115114693,-3.64323116015906));
#8957=CARTESIAN_POINT('',(1.,6.08732230229387,-3.73646232031812));
#8958=CARTESIAN_POINT('',(1.,5.9809834534408,-3.82969348047718));
#8959=CARTESIAN_POINT('',(1.1,5.9809834534408,-3.82969348047719));
#8960=CARTESIAN_POINT('',(1.1,6.28033846695899,-3.84935501351819));
#8961=CARTESIAN_POINT('',(1.2,6.28033846695899,-3.84935501351819));
#8962=CARTESIAN_POINT('',(1.2,6.286892311306,-3.74957000901213));
#8963=CARTESIAN_POINT('',(1.2,6.293446155653,-3.64978500450606));
#8964=CARTESIAN_POINT('',(1.1,6.293446155653,-3.64978500450606));
#8965=CARTESIAN_POINT('',(1.,6.293446155653,-3.64978500450606));
#8966=CARTESIAN_POINT('',(1.,6.286892311306,-3.74957000901213));
#8967=CARTESIAN_POINT('',(1.,6.28033846695899,-3.84935501351819));
#8968=CARTESIAN_POINT('',(1.1,6.28033846695899,-3.84935501351819));
#8969=CARTESIAN_POINT('',(1.1,4.48033846695899,-0.649355013518193));
#8970=CARTESIAN_POINT('',(1.2,4.48033846695899,-0.649355013518193));
#8971=CARTESIAN_POINT('',(1.2,4.486892311306,-0.549570009012128));
#8972=CARTESIAN_POINT('',(1.2,4.493446155653,-0.449785004506064));
#8973=CARTESIAN_POINT('',(1.1,4.493446155653,-0.449785004506064));
#8974=CARTESIAN_POINT('',(1.,4.493446155653,-0.449785004506064));
#8975=CARTESIAN_POINT('',(1.,4.486892311306,-0.549570009012128));
#8976=CARTESIAN_POINT('',(1.,4.48033846695899,-0.649355013518193));
#8977=CARTESIAN_POINT('',(1.1,4.48033846695899,-0.649355013518193));
#8978=CARTESIAN_POINT('',(1.1,4.77969348047719,-0.6690165465592));
#8979=CARTESIAN_POINT('',(1.2,4.77969348047719,-0.669016546559201));
#8980=CARTESIAN_POINT('',(1.2,4.68646232031812,-0.562677697706133));
#8981=CARTESIAN_POINT('',(1.2,4.59323116015906,-0.456338848853067));
#8982=CARTESIAN_POINT('',(1.1,4.59323116015906,-0.456338848853067));
#8983=CARTESIAN_POINT('',(1.,4.59323116015906,-0.456338848853067));
#8984=CARTESIAN_POINT('',(1.,4.68646232031812,-0.562677697706133));
#8985=CARTESIAN_POINT('',(1.,4.77969348047719,-0.669016546559201));
#8986=CARTESIAN_POINT('',(1.1,4.77969348047719,-0.6690165465592));
#8987=CARTESIAN_POINT('',(1.1,4.79935501351819,-0.369661533041007));
#8988=CARTESIAN_POINT('',(1.2,4.79935501351819,-0.369661533041008));
#8989=CARTESIAN_POINT('',(1.2,4.69957000901213,-0.363107688694005));
#8990=CARTESIAN_POINT('',(1.2,4.59978500450606,-0.356553844347002));
#8991=CARTESIAN_POINT('',(1.1,4.59978500450606,-0.356553844347002));
#8992=CARTESIAN_POINT('',(1.,4.59978500450606,-0.356553844347002));
#8993=CARTESIAN_POINT('',(1.,4.69957000901213,-0.363107688694005));
#8994=CARTESIAN_POINT('',(1.,4.79935501351819,-0.369661533041008));
#8995=CARTESIAN_POINT('',(1.1,4.79935501351819,-0.369661533041007));
#8996=CARTESIAN_POINT('',(1.1,4.8190165465592,-0.0703065195228144));
#8997=CARTESIAN_POINT('',(1.2,4.8190165465592,-0.0703065195228152));
#8998=CARTESIAN_POINT('',(1.2,4.71267769770613,-0.163537679681876));
#8999=CARTESIAN_POINT('',(1.2,4.60633884885307,-0.256768839840938));
#9000=CARTESIAN_POINT('',(1.1,4.60633884885307,-0.256768839840938));
#9001=CARTESIAN_POINT('',(1.,4.60633884885307,-0.256768839840938));
#9002=CARTESIAN_POINT('',(1.,4.71267769770613,-0.163537679681876));
#9003=CARTESIAN_POINT('',(1.,4.8190165465592,-0.0703065195228152));
#9004=CARTESIAN_POINT('',(1.1,4.8190165465592,-0.0703065195228144));
#9005=CARTESIAN_POINT('',(1.1,4.51966153304101,-0.0506449864818073));
#9006=CARTESIAN_POINT('',(1.2,4.51966153304101,-0.0506449864818073));
#9007=CARTESIAN_POINT('',(1.2,4.513107688694,-0.150429990987871));
#9008=CARTESIAN_POINT('',(1.2,4.506553844347,-0.250214995493936));
#9009=CARTESIAN_POINT('',(1.1,4.506553844347,-0.250214995493936));
#9010=CARTESIAN_POINT('',(1.,4.506553844347,-0.250214995493936));
#9011=CARTESIAN_POINT('',(1.,4.513107688694,-0.150429990987871));
#9012=CARTESIAN_POINT('',(1.,4.51966153304101,-0.0506449864818073));
#9013=CARTESIAN_POINT('',(1.1,4.51966153304101,-0.0506449864818073));
#9014=CARTESIAN_POINT('',(1.1,4.22030651952281,-0.0309834534408002));
#9015=CARTESIAN_POINT('',(1.2,4.22030651952281,-0.0309834534407993));
#9016=CARTESIAN_POINT('',(1.2,4.31353767968188,-0.137322302293867));
#9017=CARTESIAN_POINT('',(1.2,4.40676883984094,-0.243661151146933));
#9018=CARTESIAN_POINT('',(1.1,4.40676883984094,-0.243661151146933));
#9019=CARTESIAN_POINT('',(1.,4.40676883984094,-0.243661151146933));
#9020=CARTESIAN_POINT('',(1.,4.31353767968188,-0.137322302293867));
#9021=CARTESIAN_POINT('',(1.,4.22030651952281,-0.0309834534407993));
#9022=CARTESIAN_POINT('',(1.1,4.22030651952281,-0.0309834534408002));
#9023=CARTESIAN_POINT('',(1.1,4.20064498648181,-0.330338466958993));
#9024=CARTESIAN_POINT('',(1.2,4.20064498648181,-0.330338466958992));
#9025=CARTESIAN_POINT('',(1.2,4.30042999098787,-0.336892311305995));
#9026=CARTESIAN_POINT('',(1.2,4.40021499549394,-0.343446155652998));
#9027=CARTESIAN_POINT('',(1.1,4.40021499549394,-0.343446155652998));
#9028=CARTESIAN_POINT('',(1.,4.40021499549394,-0.343446155652998));
#9029=CARTESIAN_POINT('',(1.,4.30042999098787,-0.336892311305995));
#9030=CARTESIAN_POINT('',(1.,4.20064498648181,-0.330338466958992));
#9031=CARTESIAN_POINT('',(1.1,4.20064498648181,-0.330338466958993));
#9032=CARTESIAN_POINT('',(1.1,4.1809834534408,-0.629693480477186));
#9033=CARTESIAN_POINT('',(1.2,4.1809834534408,-0.629693480477185));
#9034=CARTESIAN_POINT('',(1.2,4.28732230229387,-0.536462320318124));
#9035=CARTESIAN_POINT('',(1.2,4.39366115114693,-0.443231160159062));
#9036=CARTESIAN_POINT('',(1.1,4.39366115114693,-0.443231160159062));
#9037=CARTESIAN_POINT('',(1.,4.39366115114693,-0.443231160159062));
#9038=CARTESIAN_POINT('',(1.,4.28732230229387,-0.536462320318124));
#9039=CARTESIAN_POINT('',(1.,4.1809834534408,-0.629693480477185));
#9040=CARTESIAN_POINT('',(1.1,4.1809834534408,-0.629693480477186));
#9041=CARTESIAN_POINT('',(1.1,4.48033846695899,-0.649355013518193));
#9042=CARTESIAN_POINT('',(1.2,4.48033846695899,-0.649355013518193));
#9043=CARTESIAN_POINT('',(1.2,4.486892311306,-0.549570009012128));
#9044=CARTESIAN_POINT('',(1.2,4.493446155653,-0.449785004506064));
#9045=CARTESIAN_POINT('',(1.1,4.493446155653,-0.449785004506064));
#9046=CARTESIAN_POINT('',(1.,4.493446155653,-0.449785004506064));
#9047=CARTESIAN_POINT('',(1.,4.486892311306,-0.549570009012128));
#9048=CARTESIAN_POINT('',(1.,4.48033846695899,-0.649355013518193));
#9049=CARTESIAN_POINT('',(1.1,4.48033846695899,-0.649355013518193));
#9050=CARTESIAN_POINT('',(1.1,4.51966153304101,-0.0506449864818072));
#9051=CARTESIAN_POINT('',(1.2,4.51966153304101,-0.0506449864818072));
#9052=CARTESIAN_POINT('',(1.2,4.513107688694,-0.150429990987871));
#9053=CARTESIAN_POINT('',(1.2,4.506553844347,-0.250214995493936));
#9054=CARTESIAN_POINT('',(1.1,4.506553844347,-0.250214995493936));
#9055=CARTESIAN_POINT('',(1.,4.506553844347,-0.250214995493936));
#9056=CARTESIAN_POINT('',(1.,4.513107688694,-0.150429990987871));
#9057=CARTESIAN_POINT('',(1.,4.51966153304101,-0.0506449864818073));
#9058=CARTESIAN_POINT('',(1.1,4.51966153304101,-0.0506449864818072));
#9059=CARTESIAN_POINT('',(1.1,4.22030651952281,-0.0309834534408002));
#9060=CARTESIAN_POINT('',(1.2,4.22030651952281,-0.0309834534408002));
#9061=CARTESIAN_POINT('',(1.2,4.31353767968188,-0.137322302293867));
#9062=CARTESIAN_POINT('',(1.2,4.40676883984094,-0.243661151146934));
#9063=CARTESIAN_POINT('',(1.1,4.40676883984094,-0.243661151146933));
#9064=CARTESIAN_POINT('',(1.,4.40676883984094,-0.243661151146934));
#9065=CARTESIAN_POINT('',(1.,4.31353767968188,-0.137322302293867));
#9066=CARTESIAN_POINT('',(1.,4.22030651952281,-0.0309834534408002));
#9067=CARTESIAN_POINT('',(1.1,4.22030651952281,-0.0309834534408002));
#9068=CARTESIAN_POINT('',(1.1,4.20064498648181,-0.330338466958993));
#9069=CARTESIAN_POINT('',(1.2,4.20064498648181,-0.330338466958993));
#9070=CARTESIAN_POINT('',(1.2,4.30042999098787,-0.336892311305995));
#9071=CARTESIAN_POINT('',(1.2,4.40021499549394,-0.343446155652999));
#9072=CARTESIAN_POINT('',(1.1,4.40021499549394,-0.343446155652998));
#9073=CARTESIAN_POINT('',(1.,4.40021499549394,-0.343446155652999));
#9074=CARTESIAN_POINT('',(1.,4.30042999098787,-0.336892311305995));
#9075=CARTESIAN_POINT('',(1.,4.20064498648181,-0.330338466958993));
#9076=CARTESIAN_POINT('',(1.1,4.20064498648181,-0.330338466958993));
#9077=CARTESIAN_POINT('',(1.1,4.1809834534408,-0.629693480477186));
#9078=CARTESIAN_POINT('',(1.2,4.1809834534408,-0.629693480477186));
#9079=CARTESIAN_POINT('',(1.2,4.28732230229387,-0.536462320318124));
#9080=CARTESIAN_POINT('',(1.2,4.39366115114693,-0.443231160159063));
#9081=CARTESIAN_POINT('',(1.1,4.39366115114693,-0.443231160159062));
#9082=CARTESIAN_POINT('',(1.,4.39366115114693,-0.443231160159063));
#9083=CARTESIAN_POINT('',(1.,4.28732230229387,-0.536462320318124));
#9084=CARTESIAN_POINT('',(1.,4.1809834534408,-0.629693480477186));
#9085=CARTESIAN_POINT('',(1.1,4.1809834534408,-0.629693480477186));
#9086=CARTESIAN_POINT('',(1.1,4.48033846695899,-0.649355013518193));
#9087=CARTESIAN_POINT('',(1.2,4.48033846695899,-0.649355013518193));
#9088=CARTESIAN_POINT('',(1.2,4.486892311306,-0.549570009012128));
#9089=CARTESIAN_POINT('',(1.2,4.493446155653,-0.449785004506064));
#9090=CARTESIAN_POINT('',(1.1,4.493446155653,-0.449785004506064));
#9091=CARTESIAN_POINT('',(1.,4.493446155653,-0.449785004506064));
#9092=CARTESIAN_POINT('',(1.,4.486892311306,-0.549570009012128));
#9093=CARTESIAN_POINT('',(1.,4.48033846695899,-0.649355013518193));
#9094=CARTESIAN_POINT('',(1.1,4.48033846695899,-0.649355013518193));
#9095=CARTESIAN_POINT('',(1.1,4.77969348047719,-0.6690165465592));
#9096=CARTESIAN_POINT('',(1.2,4.77969348047719,-0.6690165465592));
#9097=CARTESIAN_POINT('',(1.2,4.68646232031812,-0.562677697706133));
#9098=CARTESIAN_POINT('',(1.2,4.59323116015906,-0.456338848853066));
#9099=CARTESIAN_POINT('',(1.1,4.59323116015906,-0.456338848853067));
#9100=CARTESIAN_POINT('',(1.,4.59323116015906,-0.456338848853066));
#9101=CARTESIAN_POINT('',(1.,4.68646232031812,-0.562677697706133));
#9102=CARTESIAN_POINT('',(1.,4.77969348047719,-0.6690165465592));
#9103=CARTESIAN_POINT('',(1.1,4.77969348047719,-0.6690165465592));
#9104=CARTESIAN_POINT('',(1.1,4.79935501351819,-0.369661533041007));
#9105=CARTESIAN_POINT('',(1.2,4.79935501351819,-0.369661533041007));
#9106=CARTESIAN_POINT('',(1.2,4.69957000901213,-0.363107688694005));
#9107=CARTESIAN_POINT('',(1.2,4.59978500450606,-0.356553844347001));
#9108=CARTESIAN_POINT('',(1.1,4.59978500450606,-0.356553844347002));
#9109=CARTESIAN_POINT('',(1.,4.59978500450606,-0.356553844347001));
#9110=CARTESIAN_POINT('',(1.,4.69957000901213,-0.363107688694005));
#9111=CARTESIAN_POINT('',(1.,4.79935501351819,-0.369661533041007));
#9112=CARTESIAN_POINT('',(1.1,4.79935501351819,-0.369661533041007));
#9113=CARTESIAN_POINT('',(1.1,4.8190165465592,-0.0703065195228144));
#9114=CARTESIAN_POINT('',(1.2,4.8190165465592,-0.0703065195228144));
#9115=CARTESIAN_POINT('',(1.2,4.71267769770613,-0.163537679681876));
#9116=CARTESIAN_POINT('',(1.2,4.60633884885307,-0.256768839840937));
#9117=CARTESIAN_POINT('',(1.1,4.60633884885307,-0.256768839840938));
#9118=CARTESIAN_POINT('',(1.,4.60633884885307,-0.256768839840937));
#9119=CARTESIAN_POINT('',(1.,4.71267769770613,-0.163537679681876));
#9120=CARTESIAN_POINT('',(1.,4.8190165465592,-0.0703065195228144));
#9121=CARTESIAN_POINT('',(1.1,4.8190165465592,-0.0703065195228144));
#9122=CARTESIAN_POINT('',(1.1,4.51966153304101,-0.0506449864818072));
#9123=CARTESIAN_POINT('',(1.2,4.51966153304101,-0.0506449864818072));
#9124=CARTESIAN_POINT('',(1.2,4.513107688694,-0.150429990987871));
#9125=CARTESIAN_POINT('',(1.2,4.506553844347,-0.250214995493936));
#9126=CARTESIAN_POINT('',(1.1,4.506553844347,-0.250214995493936));
#9127=CARTESIAN_POINT('',(1.,4.506553844347,-0.250214995493936));
#9128=CARTESIAN_POINT('',(1.,4.513107688694,-0.150429990987871));
#9129=CARTESIAN_POINT('',(1.,4.51966153304101,-0.0506449864818073));
#9130=CARTESIAN_POINT('',(1.1,4.51966153304101,-0.0506449864818072));
#9131=CARTESIAN_POINT('',(1.2,5.4504,-2.7004));
#9132=CARTESIAN_POINT('',(1.2,3.6504,0.4996));
#9133=CARTESIAN_POINT('',(1.1,6.31966153304101,-3.25064498648181));
#9134=CARTESIAN_POINT('',(1.2,6.31966153304101,-3.25064498648181));
#9135=CARTESIAN_POINT('',(1.2,6.313107688694,-3.35042999098787));
#9136=CARTESIAN_POINT('',(1.2,6.306553844347,-3.45021499549394));
#9137=CARTESIAN_POINT('',(1.1,6.306553844347,-3.45021499549394));
#9138=CARTESIAN_POINT('',(1.,6.306553844347,-3.45021499549394));
#9139=CARTESIAN_POINT('',(1.,6.313107688694,-3.35042999098787));
#9140=CARTESIAN_POINT('',(1.,6.31966153304101,-3.25064498648181));
#9141=CARTESIAN_POINT('',(1.1,6.31966153304101,-3.25064498648181));
#9142=CARTESIAN_POINT('',(1.1,6.02030651952281,-3.2309834534408));
#9143=CARTESIAN_POINT('',(1.2,6.02030651952281,-3.2309834534408));
#9144=CARTESIAN_POINT('',(1.2,6.11353767968188,-3.33732230229387));
#9145=CARTESIAN_POINT('',(1.2,6.20676883984094,-3.44366115114693));
#9146=CARTESIAN_POINT('',(1.1,6.20676883984094,-3.44366115114693));
#9147=CARTESIAN_POINT('',(1.,6.20676883984094,-3.44366115114693));
#9148=CARTESIAN_POINT('',(1.,6.11353767968188,-3.33732230229387));
#9149=CARTESIAN_POINT('',(1.,6.02030651952281,-3.2309834534408));
#9150=CARTESIAN_POINT('',(1.1,6.02030651952281,-3.2309834534408));
#9151=CARTESIAN_POINT('',(1.1,6.00064498648181,-3.53033846695899));
#9152=CARTESIAN_POINT('',(1.2,6.00064498648181,-3.53033846695899));
#9153=CARTESIAN_POINT('',(1.2,6.10042999098787,-3.536892311306));
#9154=CARTESIAN_POINT('',(1.2,6.20021499549394,-3.543446155653));
#9155=CARTESIAN_POINT('',(1.1,6.20021499549394,-3.543446155653));
#9156=CARTESIAN_POINT('',(1.,6.20021499549394,-3.543446155653));
#9157=CARTESIAN_POINT('',(1.,6.10042999098787,-3.536892311306));
#9158=CARTESIAN_POINT('',(1.,6.00064498648181,-3.53033846695899));
#9159=CARTESIAN_POINT('',(1.1,6.00064498648181,-3.53033846695899));
#9160=CARTESIAN_POINT('',(1.1,5.9809834534408,-3.82969348047719));
#9161=CARTESIAN_POINT('',(1.2,5.9809834534408,-3.82969348047719));
#9162=CARTESIAN_POINT('',(1.2,6.08732230229387,-3.73646232031812));
#9163=CARTESIAN_POINT('',(1.2,6.19366115114693,-3.64323116015906));
#9164=CARTESIAN_POINT('',(1.1,6.19366115114693,-3.64323116015906));
#9165=CARTESIAN_POINT('',(1.,6.19366115114693,-3.64323116015906));
#9166=CARTESIAN_POINT('',(1.,6.08732230229387,-3.73646232031812));
#9167=CARTESIAN_POINT('',(1.,5.9809834534408,-3.82969348047719));
#9168=CARTESIAN_POINT('',(1.1,5.9809834534408,-3.82969348047719));
#9169=CARTESIAN_POINT('',(1.1,6.28033846695899,-3.84935501351819));
#9170=CARTESIAN_POINT('',(1.2,6.28033846695899,-3.84935501351819));
#9171=CARTESIAN_POINT('',(1.2,6.286892311306,-3.74957000901213));
#9172=CARTESIAN_POINT('',(1.2,6.293446155653,-3.64978500450606));
#9173=CARTESIAN_POINT('',(1.1,6.293446155653,-3.64978500450606));
#9174=CARTESIAN_POINT('',(1.,6.293446155653,-3.64978500450606));
#9175=CARTESIAN_POINT('',(1.,6.286892311306,-3.74957000901213));
#9176=CARTESIAN_POINT('',(1.,6.28033846695899,-3.84935501351819));
#9177=CARTESIAN_POINT('',(1.1,6.28033846695899,-3.84935501351819));
#9178=CARTESIAN_POINT('',(1.1,6.57969348047718,-3.8690165465592));
#9179=CARTESIAN_POINT('',(1.2,6.57969348047719,-3.8690165465592));
#9180=CARTESIAN_POINT('',(1.2,6.48646232031812,-3.76267769770613));
#9181=CARTESIAN_POINT('',(1.2,6.39323116015906,-3.65633884885307));
#9182=CARTESIAN_POINT('',(1.1,6.39323116015906,-3.65633884885307));
#9183=CARTESIAN_POINT('',(1.,6.39323116015906,-3.65633884885307));
#9184=CARTESIAN_POINT('',(1.,6.48646232031812,-3.76267769770613));
#9185=CARTESIAN_POINT('',(1.,6.57969348047719,-3.8690165465592));
#9186=CARTESIAN_POINT('',(1.1,6.57969348047718,-3.8690165465592));
#9187=CARTESIAN_POINT('',(1.1,6.59935501351819,-3.56966153304101));
#9188=CARTESIAN_POINT('',(1.2,6.59935501351819,-3.56966153304101));
#9189=CARTESIAN_POINT('',(1.2,6.49957000901213,-3.563107688694));
#9190=CARTESIAN_POINT('',(1.2,6.39978500450606,-3.556553844347));
#9191=CARTESIAN_POINT('',(1.1,6.39978500450606,-3.556553844347));
#9192=CARTESIAN_POINT('',(1.,6.39978500450606,-3.556553844347));
#9193=CARTESIAN_POINT('',(1.,6.49957000901213,-3.563107688694));
#9194=CARTESIAN_POINT('',(1.,6.59935501351819,-3.56966153304101));
#9195=CARTESIAN_POINT('',(1.1,6.59935501351819,-3.56966153304101));
#9196=CARTESIAN_POINT('',(1.1,6.6190165465592,-3.27030651952281));
#9197=CARTESIAN_POINT('',(1.2,6.6190165465592,-3.27030651952281));
#9198=CARTESIAN_POINT('',(1.2,6.51267769770613,-3.36353767968188));
#9199=CARTESIAN_POINT('',(1.2,6.40633884885307,-3.45676883984094));
#9200=CARTESIAN_POINT('',(1.1,6.40633884885307,-3.45676883984094));
#9201=CARTESIAN_POINT('',(1.,6.40633884885307,-3.45676883984094));
#9202=CARTESIAN_POINT('',(1.,6.51267769770613,-3.36353767968188));
#9203=CARTESIAN_POINT('',(1.,6.6190165465592,-3.27030651952281));
#9204=CARTESIAN_POINT('',(1.1,6.6190165465592,-3.27030651952281));
#9205=CARTESIAN_POINT('',(1.1,6.31966153304101,-3.25064498648181));
#9206=CARTESIAN_POINT('',(1.2,6.31966153304101,-3.25064498648181));
#9207=CARTESIAN_POINT('',(1.2,6.313107688694,-3.35042999098787));
#9208=CARTESIAN_POINT('',(1.2,6.306553844347,-3.45021499549394));
#9209=CARTESIAN_POINT('',(1.1,6.306553844347,-3.45021499549394));
#9210=CARTESIAN_POINT('',(1.,6.306553844347,-3.45021499549394));
#9211=CARTESIAN_POINT('',(1.,6.313107688694,-3.35042999098787));
#9212=CARTESIAN_POINT('',(1.,6.31966153304101,-3.25064498648181));
#9213=CARTESIAN_POINT('',(1.1,6.31966153304101,-3.25064498648181));
#9214=CARTESIAN_POINT('',(1.1,-1.6996,-7.0886));
#9215=CARTESIAN_POINT('',(1.8596,0.500399999999999,0.));
#9216=CARTESIAN_POINT('',(-0.4,0.5004,-0.4));
#9217=CARTESIAN_POINT('',(-0.4,12.3996,-0.4));
#9218=CARTESIAN_POINT('',(-0.6,0.5004,-0.4));
#9219=CARTESIAN_POINT('',(-0.6,12.3996,-0.4));
#9220=CARTESIAN_POINT('',(-0.6,0.5004,-0.2));
#9221=CARTESIAN_POINT('',(-0.6,12.3996,-0.2));
#9222=CARTESIAN_POINT('',(-0.6,0.5004,-5.55111512312578E-17));
#9223=CARTESIAN_POINT('',(-0.6,12.3996,-5.55111512312578E-17));
#9224=CARTESIAN_POINT('',(-0.4,0.5004,0.));
#9225=CARTESIAN_POINT('',(-0.4,12.3996,0.));
#9226=CARTESIAN_POINT('',(-0.2,0.5004,0.));
#9227=CARTESIAN_POINT('',(-0.2,12.3996,0.));
#9228=CARTESIAN_POINT('',(-0.2,0.5004,-0.2));
#9229=CARTESIAN_POINT('',(-0.2,12.3996,-0.2));
#9230=CARTESIAN_POINT('',(-0.2,0.5004,-0.4));
#9231=CARTESIAN_POINT('',(-0.2,12.3996,-0.4));
#9232=CARTESIAN_POINT('',(-0.4,0.5004,-0.4));
#9233=CARTESIAN_POINT('',(-0.4,12.3996,-0.4));
#9234=CARTESIAN_POINT('',(-0.4,3.99990321812111,-1.98032468173543));
#9235=CARTESIAN_POINT('',(-0.6,3.99990321812111,-1.98032468173543));
#9236=CARTESIAN_POINT('',(-0.6,3.799912896309,-1.98229221356189));
#9237=CARTESIAN_POINT('',(-0.6,3.59992257449689,-1.98425974538835));
#9238=CARTESIAN_POINT('',(-0.4,3.59992257449689,-1.98425974538834));
#9239=CARTESIAN_POINT('',(-0.2,3.59992257449689,-1.98425974538835));
#9240=CARTESIAN_POINT('',(-0.2,3.799912896309,-1.98229221356189));
#9241=CARTESIAN_POINT('',(-0.2,3.99990321812111,-1.98032468173543));
#9242=CARTESIAN_POINT('',(-0.4,3.99990321812111,-1.98032468173543));
#9243=CARTESIAN_POINT('',(-0.4,4.01957853638568,-3.98022789985654));
#9244=CARTESIAN_POINT('',(-0.6,4.01957853638568,-3.98022789985655));
#9245=CARTESIAN_POINT('',(-0.6,3.81762068274712,-3.78220510987089));
#9246=CARTESIAN_POINT('',(-0.6,3.61566282910855,-3.58418231988524));
#9247=CARTESIAN_POINT('',(-0.4,3.61566282910855,-3.58418231988524));
#9248=CARTESIAN_POINT('',(-0.2,3.61566282910855,-3.58418231988524));
#9249=CARTESIAN_POINT('',(-0.2,3.81762068274712,-3.78220510987089));
#9250=CARTESIAN_POINT('',(-0.2,4.01957853638568,-3.98022789985655));
#9251=CARTESIAN_POINT('',(-0.4,4.01957853638568,-3.98022789985654));
#9252=CARTESIAN_POINT('',(-0.4,2.01967531826457,-3.99990321812111));
#9253=CARTESIAN_POINT('',(-0.6,2.01967531826457,-3.99990321812111));
#9254=CARTESIAN_POINT('',(-0.6,2.01770778643811,-3.799912896309));
#9255=CARTESIAN_POINT('',(-0.6,2.01574025461166,-3.59992257449689));
#9256=CARTESIAN_POINT('',(-0.4,2.01574025461166,-3.59992257449689));
#9257=CARTESIAN_POINT('',(-0.2,2.01574025461166,-3.59992257449689));
#9258=CARTESIAN_POINT('',(-0.2,2.01770778643811,-3.799912896309));
#9259=CARTESIAN_POINT('',(-0.2,2.01967531826457,-3.99990321812111));
#9260=CARTESIAN_POINT('',(-0.4,2.01967531826457,-3.99990321812111));
#9261=CARTESIAN_POINT('',(-0.4,0.0197721001434552,-4.01957853638568));
#9262=CARTESIAN_POINT('',(-0.6,0.0197721001434552,-4.01957853638568));
#9263=CARTESIAN_POINT('',(-0.6,0.21779489012911,-3.81762068274712));
#9264=CARTESIAN_POINT('',(-0.6,0.415817680114764,-3.61566282910855));
#9265=CARTESIAN_POINT('',(-0.4,0.415817680114764,-3.61566282910855));
#9266=CARTESIAN_POINT('',(-0.2,0.415817680114764,-3.61566282910855));
#9267=CARTESIAN_POINT('',(-0.2,0.21779489012911,-3.81762068274712));
#9268=CARTESIAN_POINT('',(-0.2,0.0197721001434552,-4.01957853638568));
#9269=CARTESIAN_POINT('',(-0.4,0.0197721001434552,-4.01957853638568));
#9270=CARTESIAN_POINT('',(-0.4,9.67818788857322E-05,-2.01967531826457));
#9271=CARTESIAN_POINT('',(-0.6,9.67818788857322E-05,-2.01967531826457));
#9272=CARTESIAN_POINT('',(-0.6,0.200087103690997,-2.01770778643811));
#9273=CARTESIAN_POINT('',(-0.6,0.400077425503109,-2.01574025461166));
#9274=CARTESIAN_POINT('',(-0.4,0.400077425503108,-2.01574025461166));
#9275=CARTESIAN_POINT('',(-0.2,0.400077425503109,-2.01574025461166));
#9276=CARTESIAN_POINT('',(-0.2,0.200087103690997,-2.01770778643811));
#9277=CARTESIAN_POINT('',(-0.2,9.67818788857322E-05,-2.01967531826457));
#9278=CARTESIAN_POINT('',(-0.4,9.67818788857322E-05,-2.01967531826457));
#9279=CARTESIAN_POINT('',(-0.4,-0.0195785363856831,-0.0197721001434552));
#9280=CARTESIAN_POINT('',(-0.6,-0.0195785363856831,-0.0197721001434552));
#9281=CARTESIAN_POINT('',(-0.6,0.182379317252885,-0.21779489012911));
#9282=CARTESIAN_POINT('',(-0.6,0.384337170891454,-0.415817680114764));
#9283=CARTESIAN_POINT('',(-0.4,0.384337170891453,-0.415817680114764));
#9284=CARTESIAN_POINT('',(-0.2,0.384337170891454,-0.415817680114764));
#9285=CARTESIAN_POINT('',(-0.2,0.182379317252885,-0.21779489012911));
#9286=CARTESIAN_POINT('',(-0.2,-0.0195785363856831,-0.0197721001434552));
#9287=CARTESIAN_POINT('',(-0.4,-0.0195785363856831,-0.0197721001434552));
#9288=CARTESIAN_POINT('',(-0.4,1.98032468173543,-9.67818788857322E-05));
#9289=CARTESIAN_POINT('',(-0.6,1.98032468173543,-9.67818788857322E-05));
#9290=CARTESIAN_POINT('',(-0.6,1.98229221356189,-0.200087103690997));
#9291=CARTESIAN_POINT('',(-0.6,1.98425974538834,-0.400077425503109));
#9292=CARTESIAN_POINT('',(-0.4,1.98425974538834,-0.400077425503108));
#9293=CARTESIAN_POINT('',(-0.2,1.98425974538834,-0.400077425503109));
#9294=CARTESIAN_POINT('',(-0.2,1.98229221356189,-0.200087103690997));
#9295=CARTESIAN_POINT('',(-0.2,1.98032468173543,-9.67818788857322E-05));
#9296=CARTESIAN_POINT('',(-0.4,1.98032468173543,-9.67818788857322E-05));
#9297=CARTESIAN_POINT('',(-0.4,3.98022789985654,0.0195785363856831));
#9298=CARTESIAN_POINT('',(-0.6,3.98022789985654,0.0195785363856831));
#9299=CARTESIAN_POINT('',(-0.6,3.78220510987089,-0.182379317252885));
#9300=CARTESIAN_POINT('',(-0.6,3.58418231988524,-0.384337170891454));
#9301=CARTESIAN_POINT('',(-0.4,3.58418231988524,-0.384337170891453));
#9302=CARTESIAN_POINT('',(-0.2,3.58418231988524,-0.384337170891454));
#9303=CARTESIAN_POINT('',(-0.2,3.78220510987089,-0.182379317252885));
#9304=CARTESIAN_POINT('',(-0.2,3.98022789985654,0.0195785363856831));
#9305=CARTESIAN_POINT('',(-0.4,3.98022789985654,0.0195785363856831));
#9306=CARTESIAN_POINT('',(-0.4,3.99990321812111,-1.98032468173543));
#9307=CARTESIAN_POINT('',(-0.6,3.99990321812111,-1.98032468173543));
#9308=CARTESIAN_POINT('',(-0.6,3.799912896309,-1.98229221356189));
#9309=CARTESIAN_POINT('',(-0.6,3.59992257449689,-1.98425974538835));
#9310=CARTESIAN_POINT('',(-0.4,3.59992257449689,-1.98425974538834));
#9311=CARTESIAN_POINT('',(-0.2,3.59992257449689,-1.98425974538835));
#9312=CARTESIAN_POINT('',(-0.2,3.799912896309,-1.98229221356189));
#9313=CARTESIAN_POINT('',(-0.2,3.99990321812111,-1.98032468173543));
#9314=CARTESIAN_POINT('',(-0.4,3.99990321812111,-1.98032468173543));
#9315=CARTESIAN_POINT('',(-0.2,0.2,-6.5821));
#9316=CARTESIAN_POINT('',(-0.2,0.2,-4.3729));
#9317=CARTESIAN_POINT('',(-0.2,0.4,-6.5821));
#9318=CARTESIAN_POINT('',(-0.2,0.4,-4.3729));
#9319=CARTESIAN_POINT('',(-0.4,0.4,-6.5821));
#9320=CARTESIAN_POINT('',(-0.4,0.4,-4.3729));
#9321=CARTESIAN_POINT('',(-0.6,0.4,-6.5821));
#9322=CARTESIAN_POINT('',(-0.6,0.4,-4.3729));
#9323=CARTESIAN_POINT('',(-0.6,0.2,-6.5821));
#9324=CARTESIAN_POINT('',(-0.6,0.2,-4.3729));
#9325=CARTESIAN_POINT('',(-0.6,5.55111512312578E-17,-6.5821));
#9326=CARTESIAN_POINT('',(-0.6,5.55111512312578E-17,-4.3729));
#9327=CARTESIAN_POINT('',(-0.4,0.,-6.5821));
#9328=CARTESIAN_POINT('',(-0.4,0.,-4.3729));
#9329=CARTESIAN_POINT('',(-0.2,0.,-6.5821));
#9330=CARTESIAN_POINT('',(-0.2,0.,-4.3729));
#9331=CARTESIAN_POINT('',(-0.2,0.2,-6.5821));
#9332=CARTESIAN_POINT('',(-0.2,0.2,-4.3729));
#9333=CARTESIAN_POINT('',(-0.2,0.2,-4.1111));
#9334=CARTESIAN_POINT('',(-0.2,0.2,-1.2539));
#9335=CARTESIAN_POINT('',(-0.2,0.4,-4.1111));
#9336=CARTESIAN_POINT('',(-0.2,0.4,-1.2539));
#9337=CARTESIAN_POINT('',(-0.4,0.4,-4.1111));
#9338=CARTESIAN_POINT('',(-0.4,0.4,-1.2539));
#9339=CARTESIAN_POINT('',(-0.6,0.4,-4.1111));
#9340=CARTESIAN_POINT('',(-0.6,0.4,-1.2539));
#9341=CARTESIAN_POINT('',(-0.6,0.2,-4.1111));
#9342=CARTESIAN_POINT('',(-0.6,0.2,-1.2539));
#9343=CARTESIAN_POINT('',(-0.6,5.55111512312578E-17,-4.1111));
#9344=CARTESIAN_POINT('',(-0.6,5.55111512312578E-17,-1.2539));
#9345=CARTESIAN_POINT('',(-0.4,0.,-4.1111));
#9346=CARTESIAN_POINT('',(-0.4,0.,-1.2539));
#9347=CARTESIAN_POINT('',(-0.2,0.,-4.1111));
#9348=CARTESIAN_POINT('',(-0.2,0.,-1.2539));
#9349=CARTESIAN_POINT('',(-0.2,0.2,-4.1111));
#9350=CARTESIAN_POINT('',(-0.2,0.2,-1.2539));
#9351=CARTESIAN_POINT('',(-1.3296,-0.7621,-5.065));
#9352=CARTESIAN_POINT('',(1.8596,0.,-6.8886));
#9353=CARTESIAN_POINT('',(-0.9996,-0.7621,-3.87489485196075));
#9354=CARTESIAN_POINT('',(-0.3,-0.7461,-5.23272617764682));
#9355=CARTESIAN_POINT('',(1.2996,-0.7621,-4.555105148039));
#9356=CARTESIAN_POINT('',(0.4856,2.1506,-5.23272617764682));
#9357=CARTESIAN_POINT('',(-1.3296,1.525,-4.4354));
#9358=CARTESIAN_POINT('',(-1.3296,1.525,-2.5354));
#9359=CARTESIAN_POINT('',(-0.8236,1.525,-3.19727382235292));
#9360=CARTESIAN_POINT('',(0.6,11.7971,0.1946));
#9361=CARTESIAN_POINT('',(0.6,3.7721,-2.3454));
#9362=CARTESIAN_POINT('',(1.8596,10.9,0.9596));
#9363=CARTESIAN_POINT('',(-1.3296,8.6129,-2.525));
#9364=CARTESIAN_POINT('',(-1.3296,11.6621,-0.825));
#9365=CARTESIAN_POINT('',(-0.2,10.7,-1.8179));
#9366=CARTESIAN_POINT('',(-0.2,10.7,-4.2071));
#9367=CARTESIAN_POINT('',(-0.2,10.5,-1.8179));
#9368=CARTESIAN_POINT('',(-0.2,10.5,-4.2071));
#9369=CARTESIAN_POINT('',(-0.4,10.5,-1.8179));
#9370=CARTESIAN_POINT('',(-0.4,10.5,-4.2071));
#9371=CARTESIAN_POINT('',(-0.6,10.5,-1.8179));
#9372=CARTESIAN_POINT('',(-0.6,10.5,-4.2071));
#9373=CARTESIAN_POINT('',(-0.6,10.7,-1.8179));
#9374=CARTESIAN_POINT('',(-0.6,10.7,-4.2071));
#9375=CARTESIAN_POINT('',(-0.6,10.9,-1.8179));
#9376=CARTESIAN_POINT('',(-0.6,10.9,-4.2071));
#9377=CARTESIAN_POINT('',(-0.4,10.9,-1.8179));
#9378=CARTESIAN_POINT('',(-0.4,10.9,-4.2071));
#9379=CARTESIAN_POINT('',(-0.2,10.9,-1.8179));
#9380=CARTESIAN_POINT('',(-0.2,10.9,-4.2071));
#9381=CARTESIAN_POINT('',(-0.2,10.7,-1.8179));
#9382=CARTESIAN_POINT('',(-0.2,10.7,-4.2071));
#9383=CARTESIAN_POINT('',(-0.2,10.7,0.6921));
#9384=CARTESIAN_POINT('',(-0.2,10.7,-1.5171));
#9385=CARTESIAN_POINT('',(-0.2,10.5,0.6921));
#9386=CARTESIAN_POINT('',(-0.2,10.5,-1.5171));
#9387=CARTESIAN_POINT('',(-0.4,10.5,0.6921));
#9388=CARTESIAN_POINT('',(-0.4,10.5,-1.5171));
#9389=CARTESIAN_POINT('',(-0.6,10.5,0.6921));
#9390=CARTESIAN_POINT('',(-0.6,10.5,-1.5171));
#9391=CARTESIAN_POINT('',(-0.6,10.7,0.6921));
#9392=CARTESIAN_POINT('',(-0.6,10.7,-1.5171));
#9393=CARTESIAN_POINT('',(-0.6,10.9,0.6921));
#9394=CARTESIAN_POINT('',(-0.6,10.9,-1.5171));
#9395=CARTESIAN_POINT('',(-0.4,10.9,0.6921));
#9396=CARTESIAN_POINT('',(-0.4,10.9,-1.5171));
#9397=CARTESIAN_POINT('',(-0.2,10.9,0.6921));
#9398=CARTESIAN_POINT('',(-0.2,10.9,-1.5171));
#9399=CARTESIAN_POINT('',(-0.2,10.7,0.6921));
#9400=CARTESIAN_POINT('',(-0.2,10.7,-1.5171));
#9401=CARTESIAN_POINT('',(-1.3296,9.375,-3.3546));
#9402=CARTESIAN_POINT('',(-0.8236,9.375,-2.69272617764709));
#9403=CARTESIAN_POINT('',(-1.3296,9.375,-1.4546));
#9404=CARTESIAN_POINT('',(-0.4,5.74674728604565,-8.79989601932342));
#9405=CARTESIAN_POINT('',(-0.2,5.74674728604565,-8.79989601932342));
#9406=CARTESIAN_POINT('',(-0.2,5.74853595634983,-8.599904017837));
#9407=CARTESIAN_POINT('',(-0.2,5.75032462665401,-8.39991201635059));
#9408=CARTESIAN_POINT('',(-0.4,5.75032462665401,-8.39991201635059));
#9409=CARTESIAN_POINT('',(-0.6,5.75032462665401,-8.39991201635058));
#9410=CARTESIAN_POINT('',(-0.6,5.74853595634983,-8.599904017837));
#9411=CARTESIAN_POINT('',(-0.6,5.74674728604565,-8.79989601932342));
#9412=CARTESIAN_POINT('',(-0.4,5.74674728604565,-8.79989601932342));
#9413=CARTESIAN_POINT('',(-0.4,8.34664330536907,-8.82314873327777));
#9414=CARTESIAN_POINT('',(-0.2,8.34664330536907,-8.82314873327777));
#9415=CARTESIAN_POINT('',(-0.2,8.14843997418683,-8.62136806148717));
#9416=CARTESIAN_POINT('',(-0.2,7.9502366430046,-8.41958738969657));
#9417=CARTESIAN_POINT('',(-0.4,7.9502366430046,-8.41958738969657));
#9418=CARTESIAN_POINT('',(-0.6,7.9502366430046,-8.41958738969657));
#9419=CARTESIAN_POINT('',(-0.6,8.14843997418683,-8.62136806148717));
#9420=CARTESIAN_POINT('',(-0.6,8.34664330536907,-8.82314873327777));
#9421=CARTESIAN_POINT('',(-0.4,8.34664330536907,-8.82314873327777));
#9422=CARTESIAN_POINT('',(-0.4,8.36989601932342,-6.22325271395435));
#9423=CARTESIAN_POINT('',(-0.2,8.36989601932342,-6.22325271395435));
#9424=CARTESIAN_POINT('',(-0.2,8.169904017837,-6.22146404365017));
#9425=CARTESIAN_POINT('',(-0.2,7.96991201635058,-6.21967537334599));
#9426=CARTESIAN_POINT('',(-0.4,7.96991201635058,-6.21967537334599));
#9427=CARTESIAN_POINT('',(-0.6,7.96991201635058,-6.21967537334599));
#9428=CARTESIAN_POINT('',(-0.6,8.169904017837,-6.22146404365017));
#9429=CARTESIAN_POINT('',(-0.6,8.36989601932342,-6.22325271395435));
#9430=CARTESIAN_POINT('',(-0.4,8.36989601932342,-6.22325271395435));
#9431=CARTESIAN_POINT('',(-0.4,8.39314873327777,-3.62335669463093));
#9432=CARTESIAN_POINT('',(-0.2,8.39314873327777,-3.62335669463093));
#9433=CARTESIAN_POINT('',(-0.2,8.19136806148717,-3.82156002581317));
#9434=CARTESIAN_POINT('',(-0.2,7.98958738969657,-4.0197633569954));
#9435=CARTESIAN_POINT('',(-0.4,7.98958738969657,-4.0197633569954));
#9436=CARTESIAN_POINT('',(-0.6,7.98958738969657,-4.0197633569954));
#9437=CARTESIAN_POINT('',(-0.6,8.19136806148717,-3.82156002581317));
#9438=CARTESIAN_POINT('',(-0.6,8.39314873327777,-3.62335669463093));
#9439=CARTESIAN_POINT('',(-0.4,8.39314873327777,-3.62335669463093));
#9440=CARTESIAN_POINT('',(-0.4,5.79325271395435,-3.60010398067658));
#9441=CARTESIAN_POINT('',(-0.2,5.79325271395435,-3.60010398067658));
#9442=CARTESIAN_POINT('',(-0.2,5.79146404365017,-3.800095982163));
#9443=CARTESIAN_POINT('',(-0.2,5.78967537334599,-4.00008798364942));
#9444=CARTESIAN_POINT('',(-0.4,5.78967537334599,-4.00008798364942));
#9445=CARTESIAN_POINT('',(-0.6,5.78967537334599,-4.00008798364942));
#9446=CARTESIAN_POINT('',(-0.6,5.79146404365017,-3.800095982163));
#9447=CARTESIAN_POINT('',(-0.6,5.79325271395435,-3.60010398067658));
#9448=CARTESIAN_POINT('',(-0.4,5.79325271395435,-3.60010398067658));
#9449=CARTESIAN_POINT('',(-0.4,3.19335669463093,-3.57685126672224));
#9450=CARTESIAN_POINT('',(-0.2,3.19335669463093,-3.57685126672223));
#9451=CARTESIAN_POINT('',(-0.2,3.39156002581317,-3.77863193851283));
#9452=CARTESIAN_POINT('',(-0.2,3.5897633569954,-3.98041261030343));
#9453=CARTESIAN_POINT('',(-0.4,3.5897633569954,-3.98041261030343));
#9454=CARTESIAN_POINT('',(-0.6,3.5897633569954,-3.98041261030343));
#9455=CARTESIAN_POINT('',(-0.6,3.39156002581317,-3.77863193851283));
#9456=CARTESIAN_POINT('',(-0.6,3.19335669463093,-3.57685126672224));
#9457=CARTESIAN_POINT('',(-0.4,3.19335669463093,-3.57685126672224));
#9458=CARTESIAN_POINT('',(-0.4,3.17010398067658,-6.17674728604565));
#9459=CARTESIAN_POINT('',(-0.2,3.17010398067658,-6.17674728604565));
#9460=CARTESIAN_POINT('',(-0.2,3.370095982163,-6.17853595634983));
#9461=CARTESIAN_POINT('',(-0.2,3.57008798364941,-6.18032462665401));
#9462=CARTESIAN_POINT('',(-0.4,3.57008798364941,-6.18032462665401));
#9463=CARTESIAN_POINT('',(-0.6,3.57008798364942,-6.18032462665401));
#9464=CARTESIAN_POINT('',(-0.6,3.370095982163,-6.17853595634983));
#9465=CARTESIAN_POINT('',(-0.6,3.17010398067658,-6.17674728604565));
#9466=CARTESIAN_POINT('',(-0.4,3.17010398067658,-6.17674728604565));
#9467=CARTESIAN_POINT('',(-0.4,3.14685126672223,-8.77664330536907));
#9468=CARTESIAN_POINT('',(-0.2,3.14685126672223,-8.77664330536907));
#9469=CARTESIAN_POINT('',(-0.2,3.34863193851283,-8.57843997418683));
#9470=CARTESIAN_POINT('',(-0.2,3.55041261030343,-8.3802366430046));
#9471=CARTESIAN_POINT('',(-0.4,3.55041261030343,-8.3802366430046));
#9472=CARTESIAN_POINT('',(-0.6,3.55041261030343,-8.3802366430046));
#9473=CARTESIAN_POINT('',(-0.6,3.34863193851283,-8.57843997418683));
#9474=CARTESIAN_POINT('',(-0.6,3.14685126672223,-8.77664330536907));
#9475=CARTESIAN_POINT('',(-0.4,3.14685126672223,-8.77664330536907));
#9476=CARTESIAN_POINT('',(-0.4,5.74674728604565,-8.79989601932342));
#9477=CARTESIAN_POINT('',(-0.2,5.74674728604565,-8.79989601932342));
#9478=CARTESIAN_POINT('',(-0.2,5.74853595634983,-8.599904017837));
#9479=CARTESIAN_POINT('',(-0.2,5.75032462665401,-8.39991201635059));
#9480=CARTESIAN_POINT('',(-0.4,5.75032462665401,-8.39991201635059));
#9481=CARTESIAN_POINT('',(-0.6,5.75032462665401,-8.39991201635058));
#9482=CARTESIAN_POINT('',(-0.6,5.74853595634983,-8.599904017837));
#9483=CARTESIAN_POINT('',(-0.6,5.74674728604565,-8.79989601932342));
#9484=CARTESIAN_POINT('',(-0.4,5.74674728604565,-8.79989601932342));
#9485=CARTESIAN_POINT('',(-1.1596,7.97,-6.2));
#9486=CARTESIAN_POINT('',(-1.1596,7.97,-4.));
#9487=CARTESIAN_POINT('',(-1.1596,5.77,-4.));
#9488=CARTESIAN_POINT('',(-1.1596,3.57,-4.));
#9489=CARTESIAN_POINT('',(-1.1596,3.57,-6.2));
#9490=CARTESIAN_POINT('',(-1.1596,3.57,-8.4));
#9491=CARTESIAN_POINT('',(-1.1596,5.77,-8.4));
#9492=CARTESIAN_POINT('',(-1.1596,7.97,-8.4));
#9493=CARTESIAN_POINT('',(-1.1596,7.97,-6.2));
#9494=CARTESIAN_POINT('',(1.8596,7.97,-6.2));
#9495=CARTESIAN_POINT('',(1.8596,7.97,-4.));
#9496=CARTESIAN_POINT('',(1.8596,5.77,-4.));
#9497=CARTESIAN_POINT('',(1.8596,3.57,-4.));
#9498=CARTESIAN_POINT('',(1.8596,3.57,-6.2));
#9499=CARTESIAN_POINT('',(1.8596,3.57,-8.4));
#9500=CARTESIAN_POINT('',(1.8596,5.77,-8.4));
#9501=CARTESIAN_POINT('',(1.8596,7.97,-8.4));
#9502=CARTESIAN_POINT('',(1.8596,7.97,-6.2));
#9503=CARTESIAN_POINT('',(-0.6,5.45002636902667,-0.2));
#9504=CARTESIAN_POINT('',(-0.6,0.2,-2.94525100710603));
#9505=CARTESIAN_POINT('',(-0.6,5.45002636902667,-2.94525100710603));
#9506=CARTESIAN_POINT('',(-0.6,9.375,-2.525));
#9507=CARTESIAN_POINT('',(-0.6,10.7,-2.525));
#9508=CARTESIAN_POINT('',(-0.6,0.2,-5.69));
#9509=CARTESIAN_POINT('',(-0.6,0.2,-5.065));
#9510=CARTESIAN_POINT('',(-0.6,1.525,-5.065));
#9511=CARTESIAN_POINT('',(-0.6,1.525,-5.265));
#9512=CARTESIAN_POINT('',(-0.6,2.875,-5.265));
#9513=CARTESIAN_POINT('',(-0.6,2.875,-3.165));
#9514=CARTESIAN_POINT('',(-0.6,1.525,-3.165));
#9515=CARTESIAN_POINT('',(-0.6,1.525,-3.365));
#9516=CARTESIAN_POINT('',(-0.6,0.2,-3.365));
#9517=CARTESIAN_POINT('',(-0.6,10.7,-0.2));
#9518=CARTESIAN_POINT('',(-0.6,10.7,-0.825));
#9519=CARTESIAN_POINT('',(-0.6,9.375,-0.825));
#9520=CARTESIAN_POINT('',(-0.6,9.375,-0.625));
#9521=CARTESIAN_POINT('',(-0.6,8.025,-0.625));
#9522=CARTESIAN_POINT('',(-0.6,8.025,-2.725));
#9523=CARTESIAN_POINT('',(-0.6,9.375,-2.725));
#9524=CARTESIAN_POINT('',(-0.3,10.9,-2.01510514803926));
#9525=CARTESIAN_POINT('',(-0.3,10.9,-1.334894851961));
#9526=CARTESIAN_POINT('',(-0.3,9.535,-2.01510514803926));
#9527=CARTESIAN_POINT('',(-0.3,9.535,-1.334894851961));
#9528=CARTESIAN_POINT('',(0.6,9.375,-1.334894851961));
#9529=CARTESIAN_POINT('',(-0.14,9.375,-1.334894851961));
#9530=CARTESIAN_POINT('',(0.6,10.9,-1.334894851961));
#9531=CARTESIAN_POINT('',(-0.14,9.375,-2.01510514803926));
#9532=CARTESIAN_POINT('',(0.6,9.375,-2.01510514803926));
#9533=CARTESIAN_POINT('',(0.6,10.9,-2.01510514803926));
#9534=CARTESIAN_POINT('',(0.6,0.,-3.365));
#9535=CARTESIAN_POINT('',(0.6,1.525,-3.365));
#9536=CARTESIAN_POINT('',(-0.4,-9.25185853854297E-18,-3.365));
#9537=CARTESIAN_POINT('',(1.1,0.,-2.));
#9538=CARTESIAN_POINT('',(-0.4,-1.18720137887163E-16,-2.));
#9539=CARTESIAN_POINT('',(-0.4,2.,1.11022302462516E-16));
#9540=CARTESIAN_POINT('',(1.1,2.,0.));
#9541=CARTESIAN_POINT('',(-0.4,-2.35922392732846E-16,-5.89));
#9542=CARTESIAN_POINT('',(1.1,0.,-5.89));
#9543=CARTESIAN_POINT('',(1.1,3.194364156174,-5.89));
#9544=CARTESIAN_POINT('',(-0.4,3.19436415610537,-5.89));
#9545=CARTESIAN_POINT('',(-0.6,3.194364156174,-5.69));
#9546=CARTESIAN_POINT('',(-0.4,3.67133375688261,-5.53999999999995));
#9547=CARTESIAN_POINT('',(-0.6,3.48054591659913,-5.48000000000004));
#9548=CARTESIAN_POINT('',(1.1,3.67133375688275,-5.53999999999992));
#9549=CARTESIAN_POINT('',(1.1,5.77,-4.));
#9550=CARTESIAN_POINT('',(-0.4,5.77,-4.));
#9551=CARTESIAN_POINT('',(1.1,10.4,-4.));
#9552=CARTESIAN_POINT('',(-0.4,10.39999999991,-4.));
#9553=CARTESIAN_POINT('',(-0.6,5.77,-3.8));
#9554=CARTESIAN_POINT('',(-0.6,10.4,-3.8));
#9555=CARTESIAN_POINT('',(-0.6,10.7,-3.5));
#9556=CARTESIAN_POINT('',(-0.4,10.9,-3.5));
#9557=CARTESIAN_POINT('',(1.1,10.9,-3.5));
#9558=CARTESIAN_POINT('',(0.6,2.875,-5.265));
#9559=CARTESIAN_POINT('',(0.6,1.525,-5.265));
#9560=CARTESIAN_POINT('',(0.6,1.675,-4.69));
#9561=CARTESIAN_POINT('',(0.6,2.875,-4.69));
#9562=CARTESIAN_POINT('',(1.9,2.875,-4.69));
#9563=CARTESIAN_POINT('',(1.9,1.675,-4.69));
#9564=CARTESIAN_POINT('',(0.6,1.525,-3.165));
#9565=CARTESIAN_POINT('',(0.6,2.875,-3.165));
#9566=CARTESIAN_POINT('',(0.6,2.875,-3.74));
#9567=CARTESIAN_POINT('',(0.6,1.675,-3.74));
#9568=CARTESIAN_POINT('',(1.9,1.675,-3.74));
#9569=CARTESIAN_POINT('',(1.9,2.875,-3.74));
#9570=CARTESIAN_POINT('',(1.9,2.725,-4.515));
#9571=CARTESIAN_POINT('',(1.9,2.875,-4.365));
#9572=CARTESIAN_POINT('',(2.20022695416039,2.87499999999033,-4.36499785326413));
#9573=CARTESIAN_POINT('',(2.16719264728488,2.72500000000004,-4.515));
#9574=CARTESIAN_POINT('',(1.9,1.675,-4.365));
#9575=CARTESIAN_POINT('',(1.9,1.825,-4.515));
#9576=CARTESIAN_POINT('',(2.20022695414431,1.67500000000967,-4.36499785283064));
#9577=CARTESIAN_POINT('',(2.16719264728488,1.82499999999996,-4.515));
#9578=CARTESIAN_POINT('',(2.15000000000005,2.61286796564402,-4.515));
#9579=CARTESIAN_POINT('',(2.15000000000005,1.93713203435598,-4.515));
#9580=CARTESIAN_POINT('',(2.45000000000001,2.91286796564399,-4.81499999999997));
#9581=CARTESIAN_POINT('',(2.45000000000001,1.63713203435602,-4.81499999999997));
#9582=CARTESIAN_POINT('',(2.44999999999986,2.275,-5.47114835192866));
#9583=CARTESIAN_POINT('',(2.44999999999986,2.275,-2.95885164807134));
#9584=CARTESIAN_POINT('',(1.96537087982191,2.275,-5.66499999999976));
#9585=CARTESIAN_POINT('',(1.96537087982191,2.275,-2.76500000000024));
#9586=CARTESIAN_POINT('',(1.96537087982195,3.72499999999988,-4.215));
#9587=CARTESIAN_POINT('',(1.1,0.825000000000001,-4.215));
#9588=CARTESIAN_POINT('',(1.1,3.725,-4.215));
#9589=CARTESIAN_POINT('',(1.96537087982195,0.825000000000118,-4.215));
#9590=CARTESIAN_POINT('',(2.45,3.12499999999995,-4.60286796564398));
#9591=CARTESIAN_POINT('',(2.45000000000001,3.12499999999997,-3.82713203435621));
#9592=CARTESIAN_POINT('',(2.44999999999998,2.91286796564399,-3.61500000000024));
#9593=CARTESIAN_POINT('',(2.44999999999995,1.63713203435602,-3.61500000000067));
#9594=CARTESIAN_POINT('',(2.45000000000007,1.42499999999997,-3.82713203435655));
#9595=CARTESIAN_POINT('',(2.45,1.42500000000004,-4.60286796564396));
#9596=CARTESIAN_POINT('',(2.19985584869414,1.67510438350987,-4.0769936612649));
#9597=CARTESIAN_POINT('',(2.19985580114777,1.67510441204559,-4.35300634685813));
#9598=CARTESIAN_POINT('',(1.9,1.675,-4.065));
#9599=CARTESIAN_POINT('',(2.20022695411129,1.67500000000968,-4.06500214806064));
#9600=CARTESIAN_POINT('',(1.9,1.825,-3.915));
#9601=CARTESIAN_POINT('',(2.16719264728541,1.82499999999999,-3.91500000000002));
#9602=CARTESIAN_POINT('',(2.15000000000067,1.93713203435548,-3.91499999999995));
#9603=CARTESIAN_POINT('',(2.15000000000024,2.61286796564417,-3.91499999999998));
#9604=CARTESIAN_POINT('',(1.9,2.725,-3.915));
#9605=CARTESIAN_POINT('',(2.16719264728507,2.72500000000004,-3.915));
#9606=CARTESIAN_POINT('',(1.9,2.875,-4.065));
#9607=CARTESIAN_POINT('',(2.20022695407639,2.87499999999031,-4.06500214900047));
#9608=CARTESIAN_POINT('',(2.19985580116693,2.87489558796591,-4.07699365314486));
#9609=CARTESIAN_POINT('',(2.19985584867997,2.87489561648163,-4.35300633873709));
#9610=CARTESIAN_POINT('',(0.6,9.225,-1.325));
#9611=CARTESIAN_POINT('',(0.6,8.025,-1.325));
#9612=CARTESIAN_POINT('',(1.9,8.025,-1.325));
#9613=CARTESIAN_POINT('',(1.9,9.225,-1.325));
#9614=CARTESIAN_POINT('',(0.6,9.375,-0.625));
#9615=CARTESIAN_POINT('',(0.6,8.025,-0.625));
#9616=CARTESIAN_POINT('',(0.6,9.375,-2.725));
#9617=CARTESIAN_POINT('',(0.6,8.025,-2.725));
#9618=CARTESIAN_POINT('',(0.6,8.025,-2.025));
#9619=CARTESIAN_POINT('',(0.6,9.225,-2.025));
#9620=CARTESIAN_POINT('',(1.9,9.225,-2.025));
#9621=CARTESIAN_POINT('',(1.9,8.025,-2.025));
#9622=CARTESIAN_POINT('',(2.200000000144,9.225,-1.625));
#9623=CARTESIAN_POINT('',(2.200000000144,9.225,-1.725));
#9624=CARTESIAN_POINT('',(1.9,9.225,-1.725));
#9625=CARTESIAN_POINT('',(1.9,9.225,-1.625));
#9626=CARTESIAN_POINT('',(2.10684060743757,9.07500000000007,-1.475));
#9627=CARTESIAN_POINT('',(2.18248052603069,9.20748052588707,-1.55465150846895));
#9628=CARTESIAN_POINT('',(1.9,9.075,-1.475));
#9629=CARTESIAN_POINT('',(2.10684060743767,8.17499999999995,-1.47499999999999));
#9630=CARTESIAN_POINT('',(2.05000000014342,8.38713203435598,-1.47500000000004));
#9631=CARTESIAN_POINT('',(2.05000000014342,8.86286796564402,-1.47500000000004));
#9632=CARTESIAN_POINT('',(1.9,8.175,-1.475));
#9633=CARTESIAN_POINT('',(2.200000000144,8.025,-1.625));
#9634=CARTESIAN_POINT('',(2.18248052603082,8.04251947411287,-1.55465150846886));
#9635=CARTESIAN_POINT('',(1.9,8.025,-1.625));
#9636=CARTESIAN_POINT('',(2.200000000144,8.025,-1.725));
#9637=CARTESIAN_POINT('',(1.9,8.025,-1.725));
#9638=CARTESIAN_POINT('',(2.10684060743577,8.17499999999967,-1.875));
#9639=CARTESIAN_POINT('',(2.18248052602957,8.04251947411238,-1.79534849153032));
#9640=CARTESIAN_POINT('',(1.9,8.175,-1.875));
#9641=CARTESIAN_POINT('',(1.9,9.075,-1.875));
#9642=CARTESIAN_POINT('',(2.18248052603126,9.20748052588657,-1.79534849153125));
#9643=CARTESIAN_POINT('',(2.10684060743892,9.07499999999987,-1.875));
#9644=CARTESIAN_POINT('',(2.05000000014342,8.86286796564252,-1.87499999999996));
#9645=CARTESIAN_POINT('',(2.05000000014342,8.38713203435398,-1.87499999999996));
#9646=CARTESIAN_POINT('',(2.45000000014383,9.47499999999862,-2.06286796564465));
#9647=CARTESIAN_POINT('',(2.45000000014404,9.26286796564298,-2.27500000000058));
#9648=CARTESIAN_POINT('',(2.450000000144,9.47500000000054,-1.28713203435544));
#9649=CARTESIAN_POINT('',(2.45000000014404,9.26286796564448,-1.07499999999942));
#9650=CARTESIAN_POINT('',(2.45000000014404,7.98713203435552,-1.07499999999942));
#9651=CARTESIAN_POINT('',(2.450000000144,7.77499999999946,-1.28713203435544));
#9652=CARTESIAN_POINT('',(2.45000000014422,7.77499999999691,-2.06286796564445));
#9653=CARTESIAN_POINT('',(2.45000000014404,7.98713203435352,-2.27500000000058));
#9654=CARTESIAN_POINT('',(2.45000000014411,8.625,-0.41885164812857));
#9655=CARTESIAN_POINT('',(2.45000000014413,8.625,-2.93114835187135));
#9656=CARTESIAN_POINT('',(1.1,7.175,-1.675));
#9657=CARTESIAN_POINT('',(1.1,10.075,-1.675));
#9658=CARTESIAN_POINT('',(1.96537087982205,7.17499999999989,-1.675));
#9659=CARTESIAN_POINT('',(1.96537087982204,10.0750000000001,-1.675));
#9660=CARTESIAN_POINT('',(1.96537087982209,8.625,-0.224999999999776));
#9661=CARTESIAN_POINT('',(1.96537087982209,8.625,-3.12500000000022));
#9662=CARTESIAN_POINT('',(1.1,10.,-0.55));
#9663=CARTESIAN_POINT('',(1.1,10.7,-0.55));
#9664=CARTESIAN_POINT('',(1.2,10.6,-0.55));
#9665=CARTESIAN_POINT('',(1.2,10.1,-0.55));
#9666=CARTESIAN_POINT('',(1.1,0.2,-5.34));
#9667=CARTESIAN_POINT('',(1.1,0.9,-5.34));
#9668=CARTESIAN_POINT('',(1.2,0.8,-5.34));
#9669=CARTESIAN_POINT('',(1.2,0.3,-5.34));
#9670=CARTESIAN_POINT('',(1.1,0.75,-1.1));
#9671=CARTESIAN_POINT('',(1.1,1.45,-1.1));
#9672=CARTESIAN_POINT('',(1.2,1.35,-1.1));
#9673=CARTESIAN_POINT('',(1.2,0.85,-1.1));
#9674=CARTESIAN_POINT('',(1.2,10.6,-3.45));
#9675=CARTESIAN_POINT('',(1.2,10.1,-3.45));
#9676=CARTESIAN_POINT('',(1.1,10.,-3.45));
#9677=CARTESIAN_POINT('',(1.1,10.7,-3.45));
#9678=CARTESIAN_POINT('',(1.1,6.3,-3.25));
#9679=CARTESIAN_POINT('',(1.1,6.3,-3.85));
#9680=CARTESIAN_POINT('',(1.2,6.3,-3.35));
#9681=CARTESIAN_POINT('',(1.2,6.3,-3.75));
#9682=CARTESIAN_POINT('',(1.1,4.5,-0.05));
#9683=CARTESIAN_POINT('',(1.1,4.5,-0.65));
#9684=CARTESIAN_POINT('',(1.2,4.5,-0.55));
#9685=CARTESIAN_POINT('',(1.2,4.5,-0.15));
#9686=CARTESIAN_POINT('',(1.1,10.9,0.));
#9687=CARTESIAN_POINT('',(-0.4,10.9,6.93889390390723E-18));
#9688=CARTESIAN_POINT('',(-0.6,2.,-0.2));
#9689=CARTESIAN_POINT('',(-0.6,0.2,-2.));
#9690=CARTESIAN_POINT('',(-0.4,-9.25185853854297E-18,-5.065));
#9691=CARTESIAN_POINT('',(0.6,1.525,-5.065));
#9692=CARTESIAN_POINT('',(0.6,0.,-5.065));
#9693=CARTESIAN_POINT('',(0.6,0.,-4.555105148039));
#9694=CARTESIAN_POINT('',(0.6,0.,-3.87489485196075));
#9695=CARTESIAN_POINT('',(-0.3,0.,-4.555105148039));
#9696=CARTESIAN_POINT('',(-0.3,0.,-3.87489485196075));
#9697=CARTESIAN_POINT('',(0.6,1.525,-3.87489485196075));
#9698=CARTESIAN_POINT('',(-0.14,1.525,-3.87489485196075));
#9699=CARTESIAN_POINT('',(-0.3,1.365,-3.87489485196075));
#9700=CARTESIAN_POINT('',(-0.3,1.365,-4.555105148039));
#9701=CARTESIAN_POINT('',(0.6,1.525,-4.555105148039));
#9702=CARTESIAN_POINT('',(-0.14,1.525,-4.555105148039));
#9703=CARTESIAN_POINT('',(0.6,9.375,-0.825));
#9704=CARTESIAN_POINT('',(0.6,9.375,-2.525));
#9705=CARTESIAN_POINT('',(0.6,10.9,-0.825));
#9706=CARTESIAN_POINT('',(0.6,10.9,-2.525));
#9707=CARTESIAN_POINT('',(-0.4,10.9,-0.825));
#9708=CARTESIAN_POINT('',(-0.4,10.9,-2.525));
#9709=CARTESIAN_POINT('',(-0.6,5.45002636902667,-0.2));
#9710=CARTESIAN_POINT('',(-0.6,5.45002636902667,-2.94525100710603));
#9711=CARTESIAN_POINT('',(0.,0.));
#9712=CARTESIAN_POINT('',(-1.77635683940025E-15,1.37262550355302));
#9713=CARTESIAN_POINT('',(-2.66453525910038E-15,2.74525100710603));
#9714=CARTESIAN_POINT('',(-0.6,5.45002636902667,-2.94525100710603));
#9715=CARTESIAN_POINT('',(-0.6,0.2,-2.94525100710603));
#9716=CARTESIAN_POINT('',(-2.66453525910038E-15,2.74525100710603));
#9717=CARTESIAN_POINT('',(-2.62501318451334,2.74525100710603));
#9718=CARTESIAN_POINT('',(-5.25002636902667,2.74525100710603));
#9719=CARTESIAN_POINT('',(-0.6,0.2,-2.94525100710603));
#9720=CARTESIAN_POINT('',(-0.6,0.2,-2.));
#9721=CARTESIAN_POINT('',(-5.25002636902667,2.74525100710603));
#9722=CARTESIAN_POINT('',(-5.25002636902667,2.27262550355301));
#9723=CARTESIAN_POINT('',(-5.25002636902667,1.8));
#9724=CARTESIAN_POINT('',(-0.6,0.2,-2.));
#9725=CARTESIAN_POINT('',(-0.6,0.199999999999999,-0.2));
#9726=CARTESIAN_POINT('',(-0.6,2.,-0.2));
#9727=CARTESIAN_POINT('',(-5.25002636902667,1.8));
#9728=CARTESIAN_POINT('',(-5.25002636902667,-1.57009245868377E-15));
#9729=CARTESIAN_POINT('',(-3.45002636902667,-1.4432899320127E-15));
#9730=CARTESIAN_POINT('',(-0.6,2.,-0.2));
#9731=CARTESIAN_POINT('',(-0.6,5.45002636902667,-0.2));
#9732=CARTESIAN_POINT('',(-3.45002636902667,-1.4432899320127E-15));
#9733=CARTESIAN_POINT('',(-1.72501318451334,-7.7715611723761E-16));
#9734=CARTESIAN_POINT('',(0.,0.));
#9735=CARTESIAN_POINT('',(5.45002636902667,2.94525100710603));
#9736=CARTESIAN_POINT('',(3.70001757935111,2.94525100710603));
#9737=CARTESIAN_POINT('',(1.95000878967556,2.94525100710603));
#9738=CARTESIAN_POINT('',(0.2,2.94525100710603));
#9739=CARTESIAN_POINT('',(5.45002636902667,0.2));
#9740=CARTESIAN_POINT('',(5.45002636902667,1.11508366903534));
#9741=CARTESIAN_POINT('',(5.45002636902667,2.03016733807069));
#9742=CARTESIAN_POINT('',(5.45002636902667,2.94525100710603));
#9743=CARTESIAN_POINT('',(-0.6,5.45002636902667,-0.2));
#9744=CARTESIAN_POINT('',(-0.6,10.7,-0.2));
#9745=CARTESIAN_POINT('',(5.45002636902667,0.2));
#9746=CARTESIAN_POINT('',(10.7,0.2));
#9747=CARTESIAN_POINT('',(-0.6,10.7,-0.2));
#9748=CARTESIAN_POINT('',(-0.6,10.7,-0.825));
#9749=CARTESIAN_POINT('',(10.7,0.2));
#9750=CARTESIAN_POINT('',(10.7,0.825));
#9751=CARTESIAN_POINT('',(-0.6,10.7,-0.825));
#9752=CARTESIAN_POINT('',(-0.6,9.375,-0.825));
#9753=CARTESIAN_POINT('',(10.7,0.825));
#9754=CARTESIAN_POINT('',(9.375,0.825));
#9755=CARTESIAN_POINT('',(-0.6,9.375,-0.825));
#9756=CARTESIAN_POINT('',(-0.6,9.375,-0.625));
#9757=CARTESIAN_POINT('',(9.375,0.825));
#9758=CARTESIAN_POINT('',(9.375,0.625));
#9759=CARTESIAN_POINT('',(-0.6,9.375,-0.625));
#9760=CARTESIAN_POINT('',(-0.6,8.025,-0.625));
#9761=CARTESIAN_POINT('',(9.375,0.625));
#9762=CARTESIAN_POINT('',(8.025,0.625));
#9763=CARTESIAN_POINT('',(-0.6,8.025,-0.625));
#9764=CARTESIAN_POINT('',(-0.6,8.025,-2.725));
#9765=CARTESIAN_POINT('',(8.025,0.625));
#9766=CARTESIAN_POINT('',(8.025,2.725));
#9767=CARTESIAN_POINT('',(-0.6,8.025,-2.725));
#9768=CARTESIAN_POINT('',(-0.6,9.375,-2.725));
#9769=CARTESIAN_POINT('',(8.025,2.725));
#9770=CARTESIAN_POINT('',(9.375,2.725));
#9771=CARTESIAN_POINT('',(-0.6,9.375,-2.725));
#9772=CARTESIAN_POINT('',(-0.6,9.375,-2.525));
#9773=CARTESIAN_POINT('',(9.375,2.725));
#9774=CARTESIAN_POINT('',(9.375,2.525));
#9775=CARTESIAN_POINT('',(-0.6,9.375,-2.525));
#9776=CARTESIAN_POINT('',(-0.6,10.7,-2.525));
#9777=CARTESIAN_POINT('',(9.375,2.525));
#9778=CARTESIAN_POINT('',(10.7,2.525));
#9779=CARTESIAN_POINT('',(-0.6,10.7,-2.525));
#9780=CARTESIAN_POINT('',(-0.6,10.7,-3.5));
#9781=CARTESIAN_POINT('',(10.7,2.525));
#9782=CARTESIAN_POINT('',(10.7,3.0125));
#9783=CARTESIAN_POINT('',(10.7,3.5));
#9784=CARTESIAN_POINT('',(-0.6,10.7,-3.5));
#9785=CARTESIAN_POINT('',(-0.6,10.7,-3.8));
#9786=CARTESIAN_POINT('',(-0.6,10.4,-3.8));
#9787=CARTESIAN_POINT('',(10.7,3.5));
#9788=CARTESIAN_POINT('',(10.7,3.8));
#9789=CARTESIAN_POINT('',(10.4,3.8));
#9790=CARTESIAN_POINT('',(-0.6,10.4,-3.8));
#9791=CARTESIAN_POINT('',(-0.6,5.77,-3.8));
#9792=CARTESIAN_POINT('',(10.4,3.8));
#9793=CARTESIAN_POINT('',(8.085,3.8));
#9794=CARTESIAN_POINT('',(5.77,3.8));
#9795=CARTESIAN_POINT('',(-0.6,5.77,-3.8));
#9796=CARTESIAN_POINT('',(-0.6,4.0088814743071,-3.8));
#9797=CARTESIAN_POINT('',(-0.6,3.48054591659912,-5.48000000000004));
#9798=CARTESIAN_POINT('',(5.77,3.8));
#9799=CARTESIAN_POINT('',(4.0088814743071,3.8));
#9800=CARTESIAN_POINT('',(3.480545916599,5.48));
#9801=CARTESIAN_POINT('',(-0.6,3.48054591659913,-5.48000000000004));
#9802=CARTESIAN_POINT('',(-0.6,3.41450397188558,-5.69));
#9803=CARTESIAN_POINT('',(-0.6,3.194364156174,-5.69));
#9804=CARTESIAN_POINT('',(3.480545916599,5.48));
#9805=CARTESIAN_POINT('',(3.41450397188558,5.69));
#9806=CARTESIAN_POINT('',(3.194364156174,5.69));
#9807=CARTESIAN_POINT('',(-0.6,3.194364156174,-5.69));
#9808=CARTESIAN_POINT('',(-0.6,0.2,-5.69));
#9809=CARTESIAN_POINT('',(3.194364156174,5.69));
#9810=CARTESIAN_POINT('',(1.697182078087,5.69));
#9811=CARTESIAN_POINT('',(0.2,5.69));
#9812=CARTESIAN_POINT('',(-0.6,0.2,-5.69));
#9813=CARTESIAN_POINT('',(-0.6,0.2,-5.065));
#9814=CARTESIAN_POINT('',(0.2,5.69));
#9815=CARTESIAN_POINT('',(0.2,5.065));
#9816=CARTESIAN_POINT('',(-0.6,0.2,-5.065));
#9817=CARTESIAN_POINT('',(-0.6,1.525,-5.065));
#9818=CARTESIAN_POINT('',(0.2,5.065));
#9819=CARTESIAN_POINT('',(1.525,5.065));
#9820=CARTESIAN_POINT('',(-0.6,1.525,-5.065));
#9821=CARTESIAN_POINT('',(-0.6,1.525,-5.265));
#9822=CARTESIAN_POINT('',(1.525,5.065));
#9823=CARTESIAN_POINT('',(1.525,5.265));
#9824=CARTESIAN_POINT('',(-0.6,1.525,-5.265));
#9825=CARTESIAN_POINT('',(-0.6,2.875,-5.265));
#9826=CARTESIAN_POINT('',(1.525,5.265));
#9827=CARTESIAN_POINT('',(2.875,5.265));
#9828=CARTESIAN_POINT('',(-0.6,2.875,-5.265));
#9829=CARTESIAN_POINT('',(-0.6,2.875,-3.165));
#9830=CARTESIAN_POINT('',(2.875,5.265));
#9831=CARTESIAN_POINT('',(2.875,3.165));
#9832=CARTESIAN_POINT('',(-0.6,2.875,-3.165));
#9833=CARTESIAN_POINT('',(-0.6,1.525,-3.165));
#9834=CARTESIAN_POINT('',(2.875,3.165));
#9835=CARTESIAN_POINT('',(1.525,3.165));
#9836=CARTESIAN_POINT('',(-0.6,1.525,-3.165));
#9837=CARTESIAN_POINT('',(-0.6,1.525,-3.365));
#9838=CARTESIAN_POINT('',(1.525,3.165));
#9839=CARTESIAN_POINT('',(1.525,3.365));
#9840=CARTESIAN_POINT('',(-0.6,1.525,-3.365));
#9841=CARTESIAN_POINT('',(-0.6,0.2,-3.365));
#9842=CARTESIAN_POINT('',(1.525,3.365));
#9843=CARTESIAN_POINT('',(0.2,3.365));
#9844=CARTESIAN_POINT('',(-0.6,0.2,-3.365));
#9845=CARTESIAN_POINT('',(-0.6,0.2,-2.94525100710603));
#9846=CARTESIAN_POINT('',(0.2,3.365));
#9847=CARTESIAN_POINT('',(0.2,2.94525100710603));
#9848=CARTESIAN_POINT('',(-0.3,9.535,-1.334894851961));
#9849=CARTESIAN_POINT('',(-0.3,10.9,-1.334894851961));
#9850=CARTESIAN_POINT('',(-0.680210296078,1.365));
#9851=CARTESIAN_POINT('',(-0.680210296078,0.));
#9852=CARTESIAN_POINT('',(-0.3,10.9,-1.334894851961));
#9853=CARTESIAN_POINT('',(-0.3,10.9,-2.01510514803926));
#9854=CARTESIAN_POINT('',(-0.680210296078,0.));
#9855=CARTESIAN_POINT('',(2.60236276972137E-13,0.));
#9856=CARTESIAN_POINT('',(-0.3,10.9,-2.01510514803926));
#9857=CARTESIAN_POINT('',(-0.3,9.535,-2.01510514803926));
#9858=CARTESIAN_POINT('',(2.60236276972137E-13,0.));
#9859=CARTESIAN_POINT('',(2.60236276972137E-13,1.365));
#9860=CARTESIAN_POINT('',(-0.3,9.535,-2.01510514803926));
#9861=CARTESIAN_POINT('',(-0.3,9.535,-1.334894851961));
#9862=CARTESIAN_POINT('',(2.60236276972137E-13,1.365));
#9863=CARTESIAN_POINT('',(-0.680210296078,1.365));
#9864=CARTESIAN_POINT('',(-0.14,9.375,-1.334894851961));
#9865=CARTESIAN_POINT('',(0.6,9.375,-1.334894851961));
#9866=CARTESIAN_POINT('',(0.16,8.6925));
#9867=CARTESIAN_POINT('',(0.9,8.6925));
#9868=CARTESIAN_POINT('',(0.6,9.375,-1.334894851961));
#9869=CARTESIAN_POINT('',(0.6,10.9,-1.334894851961));
#9870=CARTESIAN_POINT('',(0.9,8.6925));
#9871=CARTESIAN_POINT('',(0.9,10.2175));
#9872=CARTESIAN_POINT('',(0.6,10.9,-1.334894851961));
#9873=CARTESIAN_POINT('',(-0.3,10.9,-1.334894851961));
#9874=CARTESIAN_POINT('',(0.9,10.2175));
#9875=CARTESIAN_POINT('',(0.,10.2175));
#9876=CARTESIAN_POINT('',(0.,8.8525));
#9877=CARTESIAN_POINT('',(0.,10.2175));
#9878=CARTESIAN_POINT('',(-0.3,9.535,-1.334894851961));
#9879=CARTESIAN_POINT('',(-0.14,9.375,-1.334894851961));
#9880=CARTESIAN_POINT('',(0.,8.8525));
#9881=CARTESIAN_POINT('',(0.16,8.6925));
#9882=CARTESIAN_POINT('',(0.113137084989848,0.34010514803926));
#9883=CARTESIAN_POINT('',(0.113137084989848,-0.340105148039));
#9884=CARTESIAN_POINT('',(-0.3,9.535,-2.01510514803926));
#9885=CARTESIAN_POINT('',(-0.14,9.375,-2.01510514803926));
#9886=CARTESIAN_POINT('',(0.113137084989848,0.34010514803926));
#9887=CARTESIAN_POINT('',(-0.113137084989848,0.34010514803926));
#9888=CARTESIAN_POINT('',(-0.14,9.375,-2.01510514803926));
#9889=CARTESIAN_POINT('',(-0.14,9.375,-1.334894851961));
#9890=CARTESIAN_POINT('',(-0.113137084989848,0.34010514803926));
#9891=CARTESIAN_POINT('',(-0.113137084989848,-0.340105148039));
#9892=CARTESIAN_POINT('',(0.113137084989848,-0.340105148039));
#9893=CARTESIAN_POINT('',(-0.113137084989848,-0.340105148039));
#9894=CARTESIAN_POINT('',(0.,10.2175));
#9895=CARTESIAN_POINT('',(0.,8.8525));
#9896=CARTESIAN_POINT('',(-0.3,10.9,-2.01510514803926));
#9897=CARTESIAN_POINT('',(0.6,10.9,-2.01510514803926));
#9898=CARTESIAN_POINT('',(0.,10.2175));
#9899=CARTESIAN_POINT('',(-0.9,10.2175));
#9900=CARTESIAN_POINT('',(0.6,10.9,-2.01510514803926));
#9901=CARTESIAN_POINT('',(0.6,9.375,-2.01510514803926));
#9902=CARTESIAN_POINT('',(-0.9,10.2175));
#9903=CARTESIAN_POINT('',(-0.9,8.6925));
#9904=CARTESIAN_POINT('',(0.6,9.375,-2.01510514803926));
#9905=CARTESIAN_POINT('',(-0.14,9.375,-2.01510514803926));
#9906=CARTESIAN_POINT('',(-0.9,8.6925));
#9907=CARTESIAN_POINT('',(-0.16,8.6925));
#9908=CARTESIAN_POINT('',(0.,8.8525));
#9909=CARTESIAN_POINT('',(-0.16,8.6925));
#9910=CARTESIAN_POINT('',(0.6,1.525,-3.365));
#9911=CARTESIAN_POINT('',(0.6,0.,-3.365));
#9912=CARTESIAN_POINT('',(1.2,-1.525));
#9913=CARTESIAN_POINT('',(1.2,0.));
#9914=CARTESIAN_POINT('',(0.6,0.,-3.365));
#9915=CARTESIAN_POINT('',(-0.4,-9.25185853854297E-18,-3.365));
#9916=CARTESIAN_POINT('',(1.2,0.));
#9917=CARTESIAN_POINT('',(0.2,2.77555756156289E-17));
#9918=CARTESIAN_POINT('',(-0.4,-2.77555756156289E-17,-3.365));
#9919=CARTESIAN_POINT('',(-0.6,0.,-3.365));
#9920=CARTESIAN_POINT('',(-0.6,0.2,-3.365));
#9921=CARTESIAN_POINT('',(0.2,2.77555756156289E-17));
#9922=CARTESIAN_POINT('',(0.,0.));
#9923=CARTESIAN_POINT('',(0.,-0.2));
#9924=CARTESIAN_POINT('',(0.,-1.525));
#9925=CARTESIAN_POINT('',(0.,-0.2));
#9926=CARTESIAN_POINT('',(-0.6,1.525,-3.365));
#9927=CARTESIAN_POINT('',(0.6,1.525,-3.365));
#9928=CARTESIAN_POINT('',(0.,-1.525));
#9929=CARTESIAN_POINT('',(1.2,-1.525));
#9930=CARTESIAN_POINT('',(-0.4,-1.18720137887163E-16,-2.));
#9931=CARTESIAN_POINT('',(1.1,0.,-2.));
#9932=CARTESIAN_POINT('',(3.14159265358979,2.2596));
#9933=CARTESIAN_POINT('',(3.14159265358979,0.7596));
#9934=CARTESIAN_POINT('',(1.1,0.,-2.));
#9935=CARTESIAN_POINT('',(1.1,0.,0.));
#9936=CARTESIAN_POINT('',(1.1,2.,0.));
#9937=CARTESIAN_POINT('',(3.14159265358979,0.7596));
#9938=CARTESIAN_POINT('',(4.71238898038469,0.7596));
#9939=CARTESIAN_POINT('',(1.1,2.,0.));
#9940=CARTESIAN_POINT('',(-0.4,2.,1.11022302462516E-16));
#9941=CARTESIAN_POINT('',(4.71238898038469,0.7596));
#9942=CARTESIAN_POINT('',(4.71238898038469,2.2596));
#9943=CARTESIAN_POINT('',(-0.4,2.,0.));
#9944=CARTESIAN_POINT('',(-0.4,0.,0.));
#9945=CARTESIAN_POINT('',(-0.4,0.,-2.));
#9946=CARTESIAN_POINT('',(4.71238898038469,2.2596));
#9947=CARTESIAN_POINT('',(3.14159265358979,2.2596));
#9948=CARTESIAN_POINT('',(-0.4,3.19436415610537,-5.89));
#9949=CARTESIAN_POINT('',(1.1,3.194364156174,-5.89));
#9950=CARTESIAN_POINT('',(-3.194364155991,0.4));
#9951=CARTESIAN_POINT('',(-3.194364156174,-1.1));
#9952=CARTESIAN_POINT('',(1.1,3.194364156174,-5.89));
#9953=CARTESIAN_POINT('',(1.1,0.,-5.89));
#9954=CARTESIAN_POINT('',(-3.194364156174,-1.1));
#9955=CARTESIAN_POINT('',(0.,-1.1));
#9956=CARTESIAN_POINT('',(1.1,0.,-5.89));
#9957=CARTESIAN_POINT('',(-0.4,-2.35922392732846E-16,-5.89));
#9958=CARTESIAN_POINT('',(0.,-1.1));
#9959=CARTESIAN_POINT('',(0.,0.4));
#9960=CARTESIAN_POINT('',(-0.4,-2.35922392732846E-16,-5.89));
#9961=CARTESIAN_POINT('',(-0.4,3.19436415610537,-5.89));
#9962=CARTESIAN_POINT('',(0.,0.4));
#9963=CARTESIAN_POINT('',(-3.194364155991,0.4));
#9964=CARTESIAN_POINT('',(-0.4,-2.35922392732846E-16,-5.89));
#9965=CARTESIAN_POINT('',(-0.45483211726549,-2.0428968902476E-16,-5.89));
#9966=CARTESIAN_POINT('',(-0.505939848673791,0.0227453431393611,-5.86671641540535));
#9967=CARTESIAN_POINT('',(-0.578402544476711,0.0959195663889569,-5.79344391415929));
#9968=CARTESIAN_POINT('',(-0.6,0.146634231345317,-5.74336576865527));
#9969=CARTESIAN_POINT('',(-0.6,0.2,-5.69));
#9970=CARTESIAN_POINT('',(3.14159265358979,4.1234005717914));
#9971=CARTESIAN_POINT('',(2.52070426255618,4.1234005717914));
#9972=CARTESIAN_POINT('',(2.17385708360517,4.03198965958827));
#9973=CARTESIAN_POINT('',(1.5707963267949,3.9234005717914));
#9974=CARTESIAN_POINT('',(1.5707963267949,0.9290364156174));
#9975=CARTESIAN_POINT('',(1.5707963267949,3.9234005717914));
#9976=CARTESIAN_POINT('',(-0.6,3.194364156174,-5.69));
#9977=CARTESIAN_POINT('',(-0.6,3.194364156174,-5.89));
#9978=CARTESIAN_POINT('',(-0.399999999999999,3.19436415610537,-5.89));
#9979=CARTESIAN_POINT('',(1.5707963267949,0.9290364156174));
#9980=CARTESIAN_POINT('',(3.14159265358979,0.9290364157089));
#9981=CARTESIAN_POINT('',(3.14159265358979,4.1234005717914));
#9982=CARTESIAN_POINT('',(3.14159265358979,0.9290364157089));
#9983=CARTESIAN_POINT('',(-0.6,3.4805459165993,-5.4800000000001));
#9984=CARTESIAN_POINT('',(-0.600000000000185,3.67133375688258,-5.54000000000006));
#9985=CARTESIAN_POINT('',(-0.400000000000118,3.67133375688261,-5.53999999999995));
#9986=CARTESIAN_POINT('',(0.955485941339791,0.314159265359067));
#9987=CARTESIAN_POINT('',(0.955485941339781,0.));
#9988=CARTESIAN_POINT('',(-0.4,3.67133375688261,-5.53999999999995));
#9989=CARTESIAN_POINT('',(-0.399999999999999,3.5612638490109,-5.89000000005036));
#9990=CARTESIAN_POINT('',(-0.4,3.19436415610537,-5.89));
#9991=CARTESIAN_POINT('',(0.955485941339781,0.));
#9992=CARTESIAN_POINT('',(1.32943707927161,0.));
#9993=CARTESIAN_POINT('',(1.32943707927161,0.314159265358978));
#9994=CARTESIAN_POINT('',(1.32943707927161,0.));
#9995=CARTESIAN_POINT('',(0.955485941339791,0.314159265359067));
#9996=CARTESIAN_POINT('',(1.32943707927161,0.314159265358978));
#9997=CARTESIAN_POINT('',(-0.4,3.67133375688261,-5.53999999999995));
#9998=CARTESIAN_POINT('',(1.1,3.67133375688275,-5.53999999999992));
#9999=CARTESIAN_POINT('',(3.46226987044441,2.2596));
#10000=CARTESIAN_POINT('',(3.46226987044441,0.7596));
#10001=CARTESIAN_POINT('',(1.1,3.67133375688275,-5.53999999999992));
#10002=CARTESIAN_POINT('',(1.1,3.56126384902679,-5.89));
#10003=CARTESIAN_POINT('',(1.1,3.194364156174,-5.89));
#10004=CARTESIAN_POINT('',(3.46226987044441,0.7596));
#10005=CARTESIAN_POINT('',(4.71238898038469,0.7596));
#10006=CARTESIAN_POINT('',(4.71238898038469,2.2596));
#10007=CARTESIAN_POINT('',(4.71238898038469,0.7596));
#10008=CARTESIAN_POINT('',(3.46226987044441,2.2596));
#10009=CARTESIAN_POINT('',(4.71238898038469,2.2596));
#10010=CARTESIAN_POINT('',(-0.4,10.39999999991,-4.));
#10011=CARTESIAN_POINT('',(1.1,10.4,-4.));
#10012=CARTESIAN_POINT('',(-4.62999999976,0.4));
#10013=CARTESIAN_POINT('',(-4.63,-1.1));
#10014=CARTESIAN_POINT('',(1.1,10.4,-4.));
#10015=CARTESIAN_POINT('',(1.1,5.77,-4.));
#10016=CARTESIAN_POINT('',(-4.63,-1.1));
#10017=CARTESIAN_POINT('',(0.,-1.1));
#10018=CARTESIAN_POINT('',(1.1,5.77,-4.));
#10019=CARTESIAN_POINT('',(-0.4,5.77,-4.));
#10020=CARTESIAN_POINT('',(0.,-1.1));
#10021=CARTESIAN_POINT('',(0.,0.4));
#10022=CARTESIAN_POINT('',(-0.4,5.77,-4.));
#10023=CARTESIAN_POINT('',(-0.4,10.39999999991,-4.));
#10024=CARTESIAN_POINT('',(0.,0.4));
#10025=CARTESIAN_POINT('',(-4.62999999976,0.4));
#10026=CARTESIAN_POINT('',(-0.6,10.4,-3.8));
#10027=CARTESIAN_POINT('',(-0.6,10.4,-4.));
#10028=CARTESIAN_POINT('',(-0.399999999999999,10.39999999991,-4.));
#10029=CARTESIAN_POINT('',(1.5707963267949,1.0726));
#10030=CARTESIAN_POINT('',(3.14159265358979,1.07260000012));
#10031=CARTESIAN_POINT('',(3.14159265358979,5.7026));
#10032=CARTESIAN_POINT('',(3.14159265358979,1.07260000012));
#10033=CARTESIAN_POINT('',(-0.400000000000001,5.77,-4.));
#10034=CARTESIAN_POINT('',(-0.6,5.77,-4.));
#10035=CARTESIAN_POINT('',(-0.6,5.77,-3.8));
#10036=CARTESIAN_POINT('',(3.14159265358979,5.7026));
#10037=CARTESIAN_POINT('',(1.5707963267949,5.7026));
#10038=CARTESIAN_POINT('',(1.5707963267949,1.0726));
#10039=CARTESIAN_POINT('',(1.5707963267949,5.7026));
#10040=CARTESIAN_POINT('',(-0.599999999999999,10.7,-3.5));
#10041=CARTESIAN_POINT('',(-0.599999999999999,10.9,-3.5));
#10042=CARTESIAN_POINT('',(-0.4,10.9,-3.5));
#10043=CARTESIAN_POINT('',(0.955485941339757,0.314159265358979));
#10044=CARTESIAN_POINT('',(0.955485941339756,0.));
#10045=CARTESIAN_POINT('',(-0.4,10.9,-3.5));
#10046=CARTESIAN_POINT('',(-0.399999999999999,10.9,-4.));
#10047=CARTESIAN_POINT('',(-0.4,10.4,-4.));
#10048=CARTESIAN_POINT('',(0.955485941339756,0.));
#10049=CARTESIAN_POINT('',(1.42672483937822,0.));
#10050=CARTESIAN_POINT('',(1.42672483937823,0.314159265358979));
#10051=CARTESIAN_POINT('',(1.42672483937822,0.));
#10052=CARTESIAN_POINT('',(0.955485941339757,0.314159265358979));
#10053=CARTESIAN_POINT('',(1.42672483937823,0.314159265358979));
#10054=CARTESIAN_POINT('',(-0.4,10.9,-3.5));
#10055=CARTESIAN_POINT('',(1.1,10.9,-3.5));
#10056=CARTESIAN_POINT('',(3.14159265358979,2.2596));
#10057=CARTESIAN_POINT('',(3.14159265358979,0.7596));
#10058=CARTESIAN_POINT('',(1.1,10.9,-3.5));
#10059=CARTESIAN_POINT('',(1.1,10.9,-4.));
#10060=CARTESIAN_POINT('',(1.1,10.4,-4.));
#10061=CARTESIAN_POINT('',(3.14159265358979,0.7596));
#10062=CARTESIAN_POINT('',(4.71238898038469,0.7596));
#10063=CARTESIAN_POINT('',(4.71238898038469,2.2596));
#10064=CARTESIAN_POINT('',(4.71238898038469,0.7596));
#10065=CARTESIAN_POINT('',(3.14159265358979,2.2596));
#10066=CARTESIAN_POINT('',(4.71238898038469,2.2596));
#10067=CARTESIAN_POINT('',(0.6,1.525,-5.265));
#10068=CARTESIAN_POINT('',(0.6,2.875,-5.265));
#10069=CARTESIAN_POINT('',(1.2,-1.35));
#10070=CARTESIAN_POINT('',(1.2,0.));
#10071=CARTESIAN_POINT('',(0.6,2.875,-5.265));
#10072=CARTESIAN_POINT('',(-0.6,2.875,-5.265));
#10073=CARTESIAN_POINT('',(1.2,0.));
#10074=CARTESIAN_POINT('',(0.,0.));
#10075=CARTESIAN_POINT('',(0.,-1.35));
#10076=CARTESIAN_POINT('',(0.,0.));
#10077=CARTESIAN_POINT('',(-0.6,1.525,-5.265));
#10078=CARTESIAN_POINT('',(0.6,1.525,-5.265));
#10079=CARTESIAN_POINT('',(0.,-1.35));
#10080=CARTESIAN_POINT('',(1.2,-1.35));
#10081=CARTESIAN_POINT('',(1.9,2.875,-4.69));
#10082=CARTESIAN_POINT('',(0.6,2.875,-4.69));
#10083=CARTESIAN_POINT('',(2.5,0.));
#10084=CARTESIAN_POINT('',(1.2,0.));
#10085=CARTESIAN_POINT('',(0.6,2.875,-4.69));
#10086=CARTESIAN_POINT('',(0.6,1.675,-4.69));
#10087=CARTESIAN_POINT('',(1.2,0.));
#10088=CARTESIAN_POINT('',(1.2,-1.2));
#10089=CARTESIAN_POINT('',(0.6,1.675,-4.69));
#10090=CARTESIAN_POINT('',(1.9,1.675,-4.69));
#10091=CARTESIAN_POINT('',(1.2,-1.2));
#10092=CARTESIAN_POINT('',(2.5,-1.2));
#10093=CARTESIAN_POINT('',(1.9,1.675,-4.69));
#10094=CARTESIAN_POINT('',(1.9,2.875,-4.69));
#10095=CARTESIAN_POINT('',(2.5,-1.2));
#10096=CARTESIAN_POINT('',(2.5,0.));
#10097=CARTESIAN_POINT('',(0.6,2.875,-3.165));
#10098=CARTESIAN_POINT('',(0.6,1.525,-3.165));
#10099=CARTESIAN_POINT('',(1.2,-1.2));
#10100=CARTESIAN_POINT('',(1.2,0.15));
#10101=CARTESIAN_POINT('',(0.6,1.525,-3.165));
#10102=CARTESIAN_POINT('',(-0.6,1.525,-3.165));
#10103=CARTESIAN_POINT('',(1.2,0.15));
#10104=CARTESIAN_POINT('',(0.,0.15));
#10105=CARTESIAN_POINT('',(0.,-1.2));
#10106=CARTESIAN_POINT('',(0.,0.15));
#10107=CARTESIAN_POINT('',(-0.6,2.875,-3.165));
#10108=CARTESIAN_POINT('',(0.6,2.875,-3.165));
#10109=CARTESIAN_POINT('',(0.,-1.2));
#10110=CARTESIAN_POINT('',(1.2,-1.2));
#10111=CARTESIAN_POINT('',(1.9,2.875,-3.74));
#10112=CARTESIAN_POINT('',(1.9,1.675,-3.74));
#10113=CARTESIAN_POINT('',(2.5,-1.2));
#10114=CARTESIAN_POINT('',(2.5,0.));
#10115=CARTESIAN_POINT('',(1.9,1.675,-3.74));
#10116=CARTESIAN_POINT('',(0.6,1.675,-3.74));
#10117=CARTESIAN_POINT('',(2.5,0.));
#10118=CARTESIAN_POINT('',(1.2,0.));
#10119=CARTESIAN_POINT('',(0.6,1.675,-3.74));
#10120=CARTESIAN_POINT('',(0.6,2.875,-3.74));
#10121=CARTESIAN_POINT('',(1.2,0.));
#10122=CARTESIAN_POINT('',(1.2,-1.2));
#10123=CARTESIAN_POINT('',(0.6,2.875,-3.74));
#10124=CARTESIAN_POINT('',(1.9,2.875,-3.74));
#10125=CARTESIAN_POINT('',(1.2,-1.2));
#10126=CARTESIAN_POINT('',(2.5,-1.2));
#10127=CARTESIAN_POINT('',(1.9,2.725,-4.515));
#10128=CARTESIAN_POINT('',(2.16719264728488,2.72500000000004,-4.515));
#10129=CARTESIAN_POINT('',(0.63966178168928,1.5707963267949));
#10130=CARTESIAN_POINT('',(0.90685442897415,1.5707963267949));
#10131=CARTESIAN_POINT('',(2.16719264728488,2.72500000000004,-4.515));
#10132=CARTESIAN_POINT('',(2.17916651572966,2.76629519266003,-4.51499999178048));
#10133=CARTESIAN_POINT('',(2.18523299841827,2.80535277888096,-4.49776241178805));
#10134=CARTESIAN_POINT('',(2.19650371072367,2.8600141898855,-4.44143095322265));
#10135=CARTESIAN_POINT('',(2.20163326178951,2.87500053536224,-4.4029065191996));
#10136=CARTESIAN_POINT('',(2.20022695416039,2.87499999999033,-4.36499785326413));
#10137=CARTESIAN_POINT('',(0.90685442897415,1.5707963267949));
#10138=CARTESIAN_POINT('',(0.924828823878528,2.02981770599868));
#10139=CARTESIAN_POINT('',(0.942190934482735,2.68208051993781));
#10140=CARTESIAN_POINT('',(0.9398887358427,3.14160854970104));
#10141=CARTESIAN_POINT('',(2.20022695416039,2.87499999999033,-4.36499785326413));
#10142=CARTESIAN_POINT('',(1.9,2.875,-4.365));
#10143=CARTESIAN_POINT('',(0.9398887358427,3.14160854970104));
#10144=CARTESIAN_POINT('',(0.63966178168928,3.14159265358979));
#10145=CARTESIAN_POINT('',(1.9,2.875,-4.365));
#10146=CARTESIAN_POINT('',(1.9,2.875,-4.515));
#10147=CARTESIAN_POINT('',(1.9,2.725,-4.515));
#10148=CARTESIAN_POINT('',(0.63966178168928,3.14159265358979));
#10149=CARTESIAN_POINT('',(0.63966178168928,1.5707963267949));
#10150=CARTESIAN_POINT('',(1.9,1.675,-4.365));
#10151=CARTESIAN_POINT('',(2.20022695414431,1.67500000000967,-4.36499785283064));
#10152=CARTESIAN_POINT('',(0.639682517711961,3.14159265358979));
#10153=CARTESIAN_POINT('',(0.939909471849301,3.14157675426866));
#10154=CARTESIAN_POINT('',(2.20022695414431,1.67500000000967,-4.36499785283064));
#10155=CARTESIAN_POINT('',(2.20163254537208,1.6749994648057,-4.40288720593859));
#10156=CARTESIAN_POINT('',(2.19649596389879,1.68998794770649,-4.44140989159569));
#10157=CARTESIAN_POINT('',(2.18522349204855,1.74465428474428,-4.49775366280364));
#10158=CARTESIAN_POINT('',(2.17916261731239,1.78371825209357,-4.51499999177629));
#10159=CARTESIAN_POINT('',(2.16719264728488,1.82499999999996,-4.515));
#10160=CARTESIAN_POINT('',(0.939909471849301,3.14157675426866));
#10161=CARTESIAN_POINT('',(0.942209988319573,3.60076899882484));
#10162=CARTESIAN_POINT('',(0.924836425688303,4.25370301617142));
#10163=CARTESIAN_POINT('',(0.906875164996831,4.71238898038469));
#10164=CARTESIAN_POINT('',(2.16719264728488,1.82499999999996,-4.515));
#10165=CARTESIAN_POINT('',(1.9,1.825,-4.515));
#10166=CARTESIAN_POINT('',(0.906875164996831,4.71238898038469));
#10167=CARTESIAN_POINT('',(0.639682517711961,4.71238898038469));
#10168=CARTESIAN_POINT('',(1.9,1.825,-4.515));
#10169=CARTESIAN_POINT('',(1.9,1.675,-4.515));
#10170=CARTESIAN_POINT('',(1.9,1.675,-4.365));
#10171=CARTESIAN_POINT('',(0.639682517711961,4.71238898038469));
#10172=CARTESIAN_POINT('',(0.639682517711961,3.14159265358979));
#10173=CARTESIAN_POINT('',(2.15000000000005,2.61286796564402,-4.515));
#10174=CARTESIAN_POINT('',(2.15000000000006,2.66570640660345,-4.515));
#10175=CARTESIAN_POINT('',(2.16719264728488,2.72500000000004,-4.515));
#10176=CARTESIAN_POINT('',(-0.26213203435598,0.449999999999945));
#10177=CARTESIAN_POINT('',(-0.209293593396536,0.449999999999931));
#10178=CARTESIAN_POINT('',(-0.149999999999938,0.432807352715118));
#10179=CARTESIAN_POINT('',(-0.15,0.7));
#10180=CARTESIAN_POINT('',(-0.149999999999938,0.432807352715118));
#10181=CARTESIAN_POINT('',(1.9,2.725,-4.515));
#10182=CARTESIAN_POINT('',(1.9,1.825,-4.515));
#10183=CARTESIAN_POINT('',(-0.15,0.7));
#10184=CARTESIAN_POINT('',(-1.05,0.7));
#10185=CARTESIAN_POINT('',(-1.05000000000006,0.432807352715118));
#10186=CARTESIAN_POINT('',(-1.05,0.7));
#10187=CARTESIAN_POINT('',(2.16719264728488,1.82499999999996,-4.515));
#10188=CARTESIAN_POINT('',(2.15000000000006,1.88429359339655,-4.515));
#10189=CARTESIAN_POINT('',(2.15000000000005,1.93713203435598,-4.515));
#10190=CARTESIAN_POINT('',(-1.05000000000006,0.432807352715118));
#10191=CARTESIAN_POINT('',(-0.990706406603465,0.449999999999931));
#10192=CARTESIAN_POINT('',(-0.93786796564402,0.449999999999944));
#10193=CARTESIAN_POINT('',(2.15000000000005,1.93713203435598,-4.515));
#10194=CARTESIAN_POINT('',(2.15000000000005,2.61286796564402,-4.515));
#10195=CARTESIAN_POINT('',(-0.93786796564402,0.449999999999944));
#10196=CARTESIAN_POINT('',(-0.26213203435598,0.449999999999945));
#10197=CARTESIAN_POINT('',(0.212132034355936,0.33786796564402));
#10198=CARTESIAN_POINT('',(0.212132034355936,-0.33786796564402));
#10199=CARTESIAN_POINT('',(2.15000000000005,1.93713203435598,-4.515));
#10200=CARTESIAN_POINT('',(2.45000000000001,1.63713203435602,-4.81499999999997));
#10201=CARTESIAN_POINT('',(0.212132034355936,0.33786796564402));
#10202=CARTESIAN_POINT('',(-0.212132034355965,0.63786796564398));
#10203=CARTESIAN_POINT('',(2.45000000000001,1.63713203435602,-4.81499999999997));
#10204=CARTESIAN_POINT('',(2.45000000000001,2.91286796564399,-4.81499999999997));
#10205=CARTESIAN_POINT('',(-0.212132034355965,0.63786796564398));
#10206=CARTESIAN_POINT('',(-0.212132034355965,-0.63786796564399));
#10207=CARTESIAN_POINT('',(2.45000000000001,2.91286796564399,-4.81499999999997));
#10208=CARTESIAN_POINT('',(2.15000000000005,2.61286796564402,-4.515));
#10209=CARTESIAN_POINT('',(-0.212132034355965,-0.63786796564399));
#10210=CARTESIAN_POINT('',(0.212132034355936,-0.33786796564402));
#10211=CARTESIAN_POINT('',(1.96537087982195,3.72499999999988,-4.21499999999988));
#10212=CARTESIAN_POINT('',(1.965370879822,3.725,-2.76500000000024));
#10213=CARTESIAN_POINT('',(1.96537087982191,2.27500000000023,-2.76500000000024));
#10214=CARTESIAN_POINT('',(3.14159265358979,3.90424448517187));
#10215=CARTESIAN_POINT('',(1.5707963267949,3.90424448517187));
#10216=CARTESIAN_POINT('',(1.96537087982191,2.275,-2.76500000000024));
#10217=CARTESIAN_POINT('',(2.44999999999986,2.275,-2.95885164807134));
#10218=CARTESIAN_POINT('',(1.5707963267949,3.90424448517187));
#10219=CARTESIAN_POINT('',(1.5707963267949,3.38228294867292));
#10220=CARTESIAN_POINT('',(2.44999999999986,2.275,-2.95885164807134));
#10221=CARTESIAN_POINT('',(2.44999999999986,3.53114835192866,-2.95885164807134));
#10222=CARTESIAN_POINT('',(2.44999999999986,3.53114835192866,-4.215));
#10223=CARTESIAN_POINT('',(2.44999999999986,3.53114835192866,-5.47114835192866));
#10224=CARTESIAN_POINT('',(2.44999999999986,2.275,-5.47114835192866));
#10225=CARTESIAN_POINT('',(1.5707963267949,3.38228294867292));
#10226=CARTESIAN_POINT('',(4.71238898038469,3.38228294867292));
#10227=CARTESIAN_POINT('',(2.44999999999986,2.275,-5.47114835192866));
#10228=CARTESIAN_POINT('',(1.96537087982191,2.275,-5.66499999999976));
#10229=CARTESIAN_POINT('',(4.71238898038469,3.38228294867292));
#10230=CARTESIAN_POINT('',(4.71238898038469,3.90424448517187));
#10231=CARTESIAN_POINT('',(1.96537087982191,2.27500000000023,-5.66499999999976));
#10232=CARTESIAN_POINT('',(1.965370879822,3.72499999999988,-5.665));
#10233=CARTESIAN_POINT('',(1.96537087982195,3.72499999999988,-4.21500000000012));
#10234=CARTESIAN_POINT('',(4.71238898038469,3.90424448517187));
#10235=CARTESIAN_POINT('',(3.14159265358979,3.90424448517187));
#10236=CARTESIAN_POINT('',(1.96537087982195,0.825000000000118,-4.21500000000024));
#10237=CARTESIAN_POINT('',(1.96537087982186,0.825000000000353,-2.76500000000024));
#10238=CARTESIAN_POINT('',(1.96537087982191,2.27500000000012,-2.76500000000024));
#10239=CARTESIAN_POINT('',(4.71238898038469,1.5615079678042));
#10240=CARTESIAN_POINT('',(3.14159265358979,1.5615079678042));
#10241=CARTESIAN_POINT('',(1.5707963267949,1.5615079678042));
#10242=CARTESIAN_POINT('',(3.14159265358979,1.5615079678042));
#10243=CARTESIAN_POINT('',(1.96537087982195,3.72499999999988,-4.215));
#10244=CARTESIAN_POINT('',(1.1,3.725,-4.215));
#10245=CARTESIAN_POINT('',(1.5707963267949,1.5615079678042));
#10246=CARTESIAN_POINT('',(1.5707963267949,0.6961370879822));
#10247=CARTESIAN_POINT('',(1.1,3.725,-4.215));
#10248=CARTESIAN_POINT('',(1.1,3.725,-2.765));
#10249=CARTESIAN_POINT('',(1.1,2.275,-2.765));
#10250=CARTESIAN_POINT('',(1.1,0.825000000000001,-2.765));
#10251=CARTESIAN_POINT('',(1.1,0.825000000000001,-4.215));
#10252=CARTESIAN_POINT('',(1.5707963267949,0.6961370879822));
#10253=CARTESIAN_POINT('',(4.71238898038469,0.6961370879822));
#10254=CARTESIAN_POINT('',(1.1,0.825000000000001,-4.215));
#10255=CARTESIAN_POINT('',(1.96537087982195,0.825000000000118,-4.215));
#10256=CARTESIAN_POINT('',(4.71238898038469,0.6961370879822));
#10257=CARTESIAN_POINT('',(4.71238898038469,1.5615079678042));
#10258=CARTESIAN_POINT('',(1.1,0.825000000000001,-4.215));
#10259=CARTESIAN_POINT('',(1.1,0.825000000000001,-5.665));
#10260=CARTESIAN_POINT('',(1.1,2.275,-5.665));
#10261=CARTESIAN_POINT('',(1.1,3.725,-5.665));
#10262=CARTESIAN_POINT('',(1.1,3.725,-4.215));
#10263=CARTESIAN_POINT('',(1.5707963267949,0.6961370879822));
#10264=CARTESIAN_POINT('',(4.71238898038469,0.6961370879822));
#10265=CARTESIAN_POINT('',(4.71238898038469,1.5615079678042));
#10266=CARTESIAN_POINT('',(4.71238898038469,0.6961370879822));
#10267=CARTESIAN_POINT('',(3.14159265358979,1.5615079678042));
#10268=CARTESIAN_POINT('',(4.71238898038469,1.5615079678042));
#10269=CARTESIAN_POINT('',(1.96537087982191,2.27500000000012,-5.66499999999976));
#10270=CARTESIAN_POINT('',(1.96537087982186,0.825000000000117,-5.66499999999965));
#10271=CARTESIAN_POINT('',(1.96537087982195,0.825000000000117,-4.21499999999976));
#10272=CARTESIAN_POINT('',(3.14159265358979,1.5615079678042));
#10273=CARTESIAN_POINT('',(1.5707963267949,1.5615079678042));
#10274=CARTESIAN_POINT('',(1.5707963267949,0.6961370879822));
#10275=CARTESIAN_POINT('',(1.5707963267949,1.5615079678042));
#10276=CARTESIAN_POINT('',(1.5707963267949,3.38228294867292));
#10277=CARTESIAN_POINT('',(1.5707963267949,3.90424448517187));
#10278=CARTESIAN_POINT('',(2.44999999999986,2.275,-5.47114835192866));
#10279=CARTESIAN_POINT('',(2.44999999999986,1.01885164807134,-5.47114835192866));
#10280=CARTESIAN_POINT('',(2.44999999999986,1.01885164807134,-4.215));
#10281=CARTESIAN_POINT('',(2.44999999999986,1.01885164807134,-2.95885164807134));
#10282=CARTESIAN_POINT('',(2.44999999999986,2.275,-2.95885164807134));
#10283=CARTESIAN_POINT('',(1.5707963267949,3.38228294867292));
#10284=CARTESIAN_POINT('',(4.71238898038469,3.38228294867292));
#10285=CARTESIAN_POINT('',(4.71238898038469,3.90424448517187));
#10286=CARTESIAN_POINT('',(4.71238898038469,3.38228294867292));
#10287=CARTESIAN_POINT('',(3.14159265358979,3.90424448517187));
#10288=CARTESIAN_POINT('',(4.71238898038469,3.90424448517187));
#10289=CARTESIAN_POINT('',(1.5707963267949,3.90424448517187));
#10290=CARTESIAN_POINT('',(3.14159265358979,3.90424448517187));
#10291=CARTESIAN_POINT('',(1.256148351929,0.));
#10292=CARTESIAN_POINT('',(1.256148351929,-1.256148351929));
#10293=CARTESIAN_POINT('',(0.,-1.256148351929));
#10294=CARTESIAN_POINT('',(-1.256148351929,-1.256148351929));
#10295=CARTESIAN_POINT('',(-1.256148351929,0.));
#10296=CARTESIAN_POINT('',(-1.256148351929,0.));
#10297=CARTESIAN_POINT('',(-1.256148351929,1.256148351929));
#10298=CARTESIAN_POINT('',(0.,1.256148351929));
#10299=CARTESIAN_POINT('',(1.256148351929,1.256148351929));
#10300=CARTESIAN_POINT('',(1.256148351929,0.));
#10301=CARTESIAN_POINT('',(2.45,1.42500000000004,-4.60286796564396));
#10302=CARTESIAN_POINT('',(2.45000000000007,1.42499999999997,-3.82713203435655));
#10303=CARTESIAN_POINT('',(-0.387867965643951,0.849999999999944));
#10304=CARTESIAN_POINT('',(0.38786796564359,0.849999999999949));
#10305=CARTESIAN_POINT('',(2.45000000000007,1.42499999999997,-3.82713203435655));
#10306=CARTESIAN_POINT('',(2.45000000000004,1.42500001505616,-3.7286811995339));
#10307=CARTESIAN_POINT('',(2.45000000000001,1.48184060729448,-3.67184060729552));
#10308=CARTESIAN_POINT('',(2.44999999999998,1.53868121458895,-3.615000000001));
#10309=CARTESIAN_POINT('',(2.44999999999995,1.63713203435602,-3.61500000000067));
#10310=CARTESIAN_POINT('',(0.38786796564359,0.849999999999949));
#10311=CARTESIAN_POINT('',(0.486318800466171,0.849999984943782));
#10312=CARTESIAN_POINT('',(0.543159392704477,0.793159392705476));
#10313=CARTESIAN_POINT('',(0.599999999998924,0.73631878541103));
#10314=CARTESIAN_POINT('',(0.599999999999195,0.63786796564398));
#10315=CARTESIAN_POINT('',(2.44999999999995,1.63713203435602,-3.61500000000067));
#10316=CARTESIAN_POINT('',(2.44999999999998,2.91286796564399,-3.61500000000024));
#10317=CARTESIAN_POINT('',(0.599999999999195,0.63786796564398));
#10318=CARTESIAN_POINT('',(0.599999999999714,-0.63786796564399));
#10319=CARTESIAN_POINT('',(2.44999999999998,2.91286796564399,-3.61500000000024));
#10320=CARTESIAN_POINT('',(2.44999999999999,3.01131880046699,-3.61500001505631));
#10321=CARTESIAN_POINT('',(2.45,3.06815939270549,-3.67184060729483));
#10322=CARTESIAN_POINT('',(2.45000000000001,3.1249999999999,-3.72868121458925));
#10323=CARTESIAN_POINT('',(2.45000000000001,3.12499999999997,-3.82713203435622));
#10324=CARTESIAN_POINT('',(0.599999999999714,-0.63786796564399));
#10325=CARTESIAN_POINT('',(0.599999984943658,-0.736318800466986));
#10326=CARTESIAN_POINT('',(0.543159392705167,-0.793159392705477));
#10327=CARTESIAN_POINT('',(0.486318785410767,-0.849999999999877));
#10328=CARTESIAN_POINT('',(0.387867965643821,-0.849999999999944));
#10329=CARTESIAN_POINT('',(2.45000000000001,3.12499999999997,-3.82713203435621));
#10330=CARTESIAN_POINT('',(2.45,3.12499999999995,-4.60286796564398));
#10331=CARTESIAN_POINT('',(0.387867965643821,-0.849999999999944));
#10332=CARTESIAN_POINT('',(-0.38786796564398,-0.849999999999944));
#10333=CARTESIAN_POINT('',(2.45,3.12499999999995,-4.60286796564398));
#10334=CARTESIAN_POINT('',(2.45,3.12499999999993,-4.70131878541103));
#10335=CARTESIAN_POINT('',(2.45,3.06815939270548,-4.75815939270548));
#10336=CARTESIAN_POINT('',(2.45,3.01131880046699,-4.81499998494397));
#10337=CARTESIAN_POINT('',(2.45000000000001,2.91286796564399,-4.81499999999997));
#10338=CARTESIAN_POINT('',(-0.38786796564398,-0.849999999999944));
#10339=CARTESIAN_POINT('',(-0.48631878541103,-0.849999999999924));
#10340=CARTESIAN_POINT('',(-0.543159392705476,-0.793159392705477));
#10341=CARTESIAN_POINT('',(-0.599999984943968,-0.736318800466985));
#10342=CARTESIAN_POINT('',(-0.599999999999964,-0.63786796564399));
#10343=CARTESIAN_POINT('',(-0.599999999999964,0.63786796564398));
#10344=CARTESIAN_POINT('',(-0.599999999999964,-0.63786796564399));
#10345=CARTESIAN_POINT('',(2.45000000000001,1.63713203435602,-4.81499999999997));
#10346=CARTESIAN_POINT('',(2.45,1.53868119953301,-4.81499998494398));
#10347=CARTESIAN_POINT('',(2.45,1.48184060729452,-4.75815939270548));
#10348=CARTESIAN_POINT('',(2.45,1.42500001505601,-4.70131880046698));
#10349=CARTESIAN_POINT('',(2.45,1.42500000000004,-4.60286796564396));
#10350=CARTESIAN_POINT('',(-0.599999999999964,0.63786796564398));
#10351=CARTESIAN_POINT('',(-0.599999984943971,0.736318800466982));
#10352=CARTESIAN_POINT('',(-0.543159392705476,0.793159392705476));
#10353=CARTESIAN_POINT('',(-0.486318800466973,0.849999984943979));
#10354=CARTESIAN_POINT('',(-0.387867965643951,0.849999999999944));
#10355=CARTESIAN_POINT('',(2.19985580114777,1.67510441204559,-4.35300634685813));
#10356=CARTESIAN_POINT('',(2.19985584869414,1.67510438350987,-4.0769936612649));
#10357=CARTESIAN_POINT('',(0.17707198030246,-0.138006386981));
#10358=CARTESIAN_POINT('',(0.177071899591877,0.138006378828));
#10359=CARTESIAN_POINT('',(2.19985584869414,1.67510438350987,-4.0769936612649));
#10360=CARTESIAN_POINT('',(2.45000000000007,1.42499999999997,-3.82713203435655));
#10361=CARTESIAN_POINT('',(0.177071899591877,0.138006378828));
#10362=CARTESIAN_POINT('',(-0.176776695296616,0.38786796564359));
#10363=CARTESIAN_POINT('',(-0.176776695296637,-0.387867965643951));
#10364=CARTESIAN_POINT('',(-0.176776695296616,0.38786796564359));
#10365=CARTESIAN_POINT('',(2.45,1.42500000000004,-4.60286796564396));
#10366=CARTESIAN_POINT('',(2.36661860078649,1.50836813694472,-4.51958075980267));
#10367=CARTESIAN_POINT('',(2.28323720157296,1.59173627388942,-4.43629355396137));
#10368=CARTESIAN_POINT('',(2.19985580114777,1.67510441204559,-4.35300634685813));
#10369=CARTESIAN_POINT('',(-0.176776695296637,-0.387867965643951));
#10370=CARTESIAN_POINT('',(-0.0588271373349503,-0.304580773176952));
#10371=CARTESIAN_POINT('',(0.0591224206267509,-0.221293580709951));
#10372=CARTESIAN_POINT('',(0.17707198030246,-0.138006386981));
#10373=CARTESIAN_POINT('',(1.22294697288503,4.17661960562333));
#10374=CARTESIAN_POINT('',(1.74256221515562,4.17661960562332));
#10375=CARTESIAN_POINT('',(1.29761261264325,3.90437069235382));
#10376=CARTESIAN_POINT('',(1.26856062954741,3.99407923185884));
#10377=CARTESIAN_POINT('',(1.2432134093424,4.08447507265715));
#10378=CARTESIAN_POINT('',(1.22294697288503,4.17661960562333));
#10379=CARTESIAN_POINT('',(1.31668373892575,3.17768344696267));
#10380=CARTESIAN_POINT('',(1.35857116914078,3.38261375296867));
#10381=CARTESIAN_POINT('',(1.36383899787008,3.69987263304382));
#10382=CARTESIAN_POINT('',(1.29761261264325,3.90437069235382));
#10383=CARTESIAN_POINT('',(2.20022695414431,1.67500000000967,-4.36499785283064));
#10384=CARTESIAN_POINT('',(2.19999013375701,1.67505268759212,-4.3589482240982));
#10385=CARTESIAN_POINT('',(2.19985580114777,1.67510441204559,-4.35300634685813));
#10386=CARTESIAN_POINT('',(1.31668373892575,3.17768344696267));
#10387=CARTESIAN_POINT('',(1.3142381967005,3.16590855878206));
#10388=CARTESIAN_POINT('',(1.31186929196752,3.15411841840809));
#10389=CARTESIAN_POINT('',(1.30950885995625,3.14232634441386));
#10390=CARTESIAN_POINT('',(1.7425622151556,3.14159265358979));
#10391=CARTESIAN_POINT('',(1.30950885995625,3.14232634441386));
#10392=CARTESIAN_POINT('',(1.74256221515562,4.17661960562332));
#10393=CARTESIAN_POINT('',(1.8236353742711,3.80800768353338));
#10394=CARTESIAN_POINT('',(1.81262371808478,3.50843390924359));
#10395=CARTESIAN_POINT('',(1.7425622151556,3.14159265358979));
#10396=CARTESIAN_POINT('',(-0.149999999999999,0.7));
#10397=CARTESIAN_POINT('',(-0.150002147169521,0.39977304585131));
#10398=CARTESIAN_POINT('',(1.9,1.675,-4.365));
#10399=CARTESIAN_POINT('',(1.9,1.675,-4.69));
#10400=CARTESIAN_POINT('',(-0.149999999999999,0.7));
#10401=CARTESIAN_POINT('',(0.175000000000001,0.7));
#10402=CARTESIAN_POINT('',(0.175000000000001,2.));
#10403=CARTESIAN_POINT('',(0.175000000000001,0.7));
#10404=CARTESIAN_POINT('',(0.6,1.675,-4.69));
#10405=CARTESIAN_POINT('',(0.6,1.675,-3.74));
#10406=CARTESIAN_POINT('',(0.175000000000001,2.));
#10407=CARTESIAN_POINT('',(-0.774999999999999,2.));
#10408=CARTESIAN_POINT('',(-0.774999999999999,0.7));
#10409=CARTESIAN_POINT('',(-0.774999999999999,2.));
#10410=CARTESIAN_POINT('',(1.9,1.675,-3.74));
#10411=CARTESIAN_POINT('',(1.9,1.675,-4.065));
#10412=CARTESIAN_POINT('',(-0.774999999999999,0.7));
#10413=CARTESIAN_POINT('',(-0.449999999999999,0.7));
#10414=CARTESIAN_POINT('',(1.9,1.675,-4.065));
#10415=CARTESIAN_POINT('',(2.00007565137043,1.6749999999981,-4.06500071602021));
#10416=CARTESIAN_POINT('',(2.10015130274086,1.67500000000133,-4.06500143204043));
#10417=CARTESIAN_POINT('',(2.20022695411129,1.67500000000968,-4.06500214806064));
#10418=CARTESIAN_POINT('',(-0.449999999999999,0.7));
#10419=CARTESIAN_POINT('',(-0.449997851939198,0.399773045884332));
#10420=CARTESIAN_POINT('',(2.20022695411129,1.67500000000968,-4.06500214806064));
#10421=CARTESIAN_POINT('',(2.19999012874095,1.67505267321057,-4.07105178190133));
#10422=CARTESIAN_POINT('',(2.19985584869414,1.67510438350987,-4.0769936612649));
#10423=CARTESIAN_POINT('',(-0.449997851939198,0.399773045884332));
#10424=CARTESIAN_POINT('',(-0.443948212140196,0.399997388039985));
#10425=CARTESIAN_POINT('',(-0.438006326927233,0.400119413073686));
#10426=CARTESIAN_POINT('',(-0.161993664947604,0.400119470142927));
#10427=CARTESIAN_POINT('',(-0.438006326927233,0.400119413073686));
#10428=CARTESIAN_POINT('',(-0.150002147169521,0.39977304585131));
#10429=CARTESIAN_POINT('',(-0.156051781859195,0.399997387833526));
#10430=CARTESIAN_POINT('',(-0.161993664947604,0.400119470142927));
#10431=CARTESIAN_POINT('',(1.9,1.825,-3.915));
#10432=CARTESIAN_POINT('',(2.16719264728541,1.82499999999999,-3.91500000000002));
#10433=CARTESIAN_POINT('',(0.6396617816908,1.5707963267949));
#10434=CARTESIAN_POINT('',(0.90685442897608,1.5707963267949));
#10435=CARTESIAN_POINT('',(2.16719264728541,1.82499999999999,-3.91500000000002));
#10436=CARTESIAN_POINT('',(2.17916651575749,1.78370480724563,-3.91500000821954));
#10437=CARTESIAN_POINT('',(2.18523299846114,1.74464722081438,-3.93223758835153));
#10438=CARTESIAN_POINT('',(2.19650371082262,1.68998580968429,-3.98856904742213));
#10439=CARTESIAN_POINT('',(2.20163326192586,1.67499946430301,-4.0270934817894));
#10440=CARTESIAN_POINT('',(2.20022695411129,1.67500000000968,-4.06500214806064));
#10441=CARTESIAN_POINT('',(0.90685442897608,1.5707963267949));
#10442=CARTESIAN_POINT('',(0.924828823714135,2.02981770175377));
#10443=CARTESIAN_POINT('',(0.942190934705519,2.68208053398989));
#10444=CARTESIAN_POINT('',(0.93988873579511,3.14160855951064));
#10445=CARTESIAN_POINT('',(0.6396617816908,3.14159265358979));
#10446=CARTESIAN_POINT('',(0.93988873579511,3.14160855951064));
#10447=CARTESIAN_POINT('',(1.9,1.675,-4.065));
#10448=CARTESIAN_POINT('',(1.9,1.675,-3.915));
#10449=CARTESIAN_POINT('',(1.9,1.825,-3.915));
#10450=CARTESIAN_POINT('',(0.6396617816908,3.14159265358979));
#10451=CARTESIAN_POINT('',(0.6396617816908,1.5707963267949));
#10452=CARTESIAN_POINT('',(1.30950889335595,3.14085907339969));
#10453=CARTESIAN_POINT('',(1.74256222029721,3.14159265358979));
#10454=CARTESIAN_POINT('',(1.31668374353392,3.10550186282497));
#10455=CARTESIAN_POINT('',(1.31423820019754,3.11727678496904));
#10456=CARTESIAN_POINT('',(1.31186929406795,3.12906695897796));
#10457=CARTESIAN_POINT('',(1.30950889335595,3.14085907339969));
#10458=CARTESIAN_POINT('',(1.29761261778537,2.37881461482346));
#10459=CARTESIAN_POINT('',(1.36386555839362,2.58339467345868));
#10460=CARTESIAN_POINT('',(1.35858797023367,2.90048938422235));
#10461=CARTESIAN_POINT('',(1.31668374353392,3.10550186282497));
#10462=CARTESIAN_POINT('',(2.16719264728541,1.82499999999999,-3.91500000000002));
#10463=CARTESIAN_POINT('',(2.1500000000009,1.88429359339632,-3.91499999999998));
#10464=CARTESIAN_POINT('',(2.15000000000067,1.93713203435548,-3.91499999999995));
#10465=CARTESIAN_POINT('',(1.29761261778537,2.37881461482346));
#10466=CARTESIAN_POINT('',(1.2685606346898,2.28910607531885));
#10467=CARTESIAN_POINT('',(1.24321341448496,2.19871023452096));
#10468=CARTESIAN_POINT('',(1.22294697802758,2.10656570155527));
#10469=CARTESIAN_POINT('',(2.15000000000067,1.93713203435548,-3.91499999999995));
#10470=CARTESIAN_POINT('',(2.44999999999995,1.63713203435602,-3.61500000000067));
#10471=CARTESIAN_POINT('',(1.22294697802758,2.10656570155527));
#10472=CARTESIAN_POINT('',(1.742562220297,2.10656570155597));
#10473=CARTESIAN_POINT('',(1.74256222029721,3.14159265358979));
#10474=CARTESIAN_POINT('',(1.81262371364257,2.7747514481154));
#10475=CARTESIAN_POINT('',(1.82363538762675,2.47517757643753));
#10476=CARTESIAN_POINT('',(1.742562220297,2.10656570155597));
#10477=CARTESIAN_POINT('',(2.15000000000067,1.93713203435548,-3.91499999999995));
#10478=CARTESIAN_POINT('',(2.15000000000024,2.61286796564417,-3.91499999999998));
#10479=CARTESIAN_POINT('',(0.212132034355582,-0.33786796564452));
#10480=CARTESIAN_POINT('',(0.21213203435583,0.33786796564417));
#10481=CARTESIAN_POINT('',(2.15000000000024,2.61286796564417,-3.91499999999998));
#10482=CARTESIAN_POINT('',(2.44999999999998,2.91286796564399,-3.61500000000024));
#10483=CARTESIAN_POINT('',(0.21213203435583,0.33786796564417));
#10484=CARTESIAN_POINT('',(-0.21213203435583,0.63786796564399));
#10485=CARTESIAN_POINT('',(-0.212132034355583,-0.63786796564398));
#10486=CARTESIAN_POINT('',(-0.21213203435583,0.63786796564399));
#10487=CARTESIAN_POINT('',(0.212132034355582,-0.33786796564452));
#10488=CARTESIAN_POINT('',(-0.212132034355583,-0.63786796564398));
#10489=CARTESIAN_POINT('',(-0.149999999999978,0.43280735271457));
#10490=CARTESIAN_POINT('',(-0.209293593396313,0.449999999999014));
#10491=CARTESIAN_POINT('',(-0.26213203435548,0.449999999999195));
#10492=CARTESIAN_POINT('',(-0.15,0.7));
#10493=CARTESIAN_POINT('',(-0.149999999999978,0.43280735271457));
#10494=CARTESIAN_POINT('',(1.9,1.825,-3.915));
#10495=CARTESIAN_POINT('',(1.9,2.725,-3.915));
#10496=CARTESIAN_POINT('',(-0.15,0.7));
#10497=CARTESIAN_POINT('',(-1.05,0.7));
#10498=CARTESIAN_POINT('',(1.9,2.725,-3.915));
#10499=CARTESIAN_POINT('',(2.16719264728507,2.72500000000004,-3.915));
#10500=CARTESIAN_POINT('',(-1.05,0.7));
#10501=CARTESIAN_POINT('',(-1.05000000000006,0.432807352714925));
#10502=CARTESIAN_POINT('',(2.16719264728507,2.72500000000004,-3.915));
#10503=CARTESIAN_POINT('',(2.1500000041064,2.66570642076448,-3.91499999999999));
#10504=CARTESIAN_POINT('',(2.15000000000024,2.61286796564417,-3.91499999999999));
#10505=CARTESIAN_POINT('',(-1.05000000000006,0.432807352714925));
#10506=CARTESIAN_POINT('',(-0.990706420764483,0.449999995893569));
#10507=CARTESIAN_POINT('',(-0.93786796564417,0.449999999999714));
#10508=CARTESIAN_POINT('',(-0.26213203435548,0.449999999999195));
#10509=CARTESIAN_POINT('',(-0.93786796564417,0.449999999999714));
#10510=CARTESIAN_POINT('',(1.9,2.875,-4.065));
#10511=CARTESIAN_POINT('',(2.20022695407639,2.87499999999031,-4.06500214900047));
#10512=CARTESIAN_POINT('',(0.639682517712765,3.14159265358979));
#10513=CARTESIAN_POINT('',(0.939909471782175,3.14157674070973));
#10514=CARTESIAN_POINT('',(2.20022695407639,2.87499999999031,-4.06500214900047));
#10515=CARTESIAN_POINT('',(2.20163254800972,2.87500054280384,-4.02711281379417));
#10516=CARTESIAN_POINT('',(2.19649596538244,2.86001205941376,-3.98859011601758));
#10517=CARTESIAN_POINT('',(2.18522349210961,2.80534571567968,-3.93224633738813));
#10518=CARTESIAN_POINT('',(2.17916261735143,2.76628174804045,-3.91500000822369));
#10519=CARTESIAN_POINT('',(2.16719264728507,2.72500000000004,-3.915));
#10520=CARTESIAN_POINT('',(0.939909471782175,3.14157674070973));
#10521=CARTESIAN_POINT('',(0.942209995007944,3.60076923053321));
#10522=CARTESIAN_POINT('',(0.924836435273068,4.25370277142493));
#10523=CARTESIAN_POINT('',(0.906875164997805,4.71238898038469));
#10524=CARTESIAN_POINT('',(0.639682517712765,4.71238898038469));
#10525=CARTESIAN_POINT('',(0.906875164997805,4.71238898038469));
#10526=CARTESIAN_POINT('',(1.9,2.725,-3.915));
#10527=CARTESIAN_POINT('',(1.9,2.875,-3.915));
#10528=CARTESIAN_POINT('',(1.9,2.875,-4.065));
#10529=CARTESIAN_POINT('',(0.639682517712765,4.71238898038469));
#10530=CARTESIAN_POINT('',(0.639682517712765,3.14159265358979));
#10531=CARTESIAN_POINT('',(1.77150958624911,2.10656570155594));
#10532=CARTESIAN_POINT('',(1.25189434397888,2.10656570155621));
#10533=CARTESIAN_POINT('',(1.696843946491,2.37881461482505));
#10534=CARTESIAN_POINT('',(1.72589592958677,2.28910607532015));
#10535=CARTESIAN_POINT('',(1.75124314758888,2.19871023379672));
#10536=CARTESIAN_POINT('',(1.77150958624911,2.10656570155594));
#10537=CARTESIAN_POINT('',(1.67777282130502,3.10550186558018));
#10538=CARTESIAN_POINT('',(1.63588538022637,2.90057159417049));
#10539=CARTESIAN_POINT('',(1.63061757353311,2.58331263625004));
#10540=CARTESIAN_POINT('',(1.696843946491,2.37881461482505));
#10541=CARTESIAN_POINT('',(2.2002269540764,2.87499999999031,-4.06500214900047));
#10542=CARTESIAN_POINT('',(2.19999013375465,2.87494731241375,-4.07105177680281));
#10543=CARTESIAN_POINT('',(2.19985580116693,2.87489558796591,-4.07699365314486));
#10544=CARTESIAN_POINT('',(1.67777282130502,3.10550186558018));
#10545=CARTESIAN_POINT('',(1.68021836314232,3.11727675199105));
#10546=CARTESIAN_POINT('',(1.68258726751038,3.12906689059072));
#10547=CARTESIAN_POINT('',(1.68494769916655,3.14085896280851));
#10548=CARTESIAN_POINT('',(2.19985580116693,2.87489558796591,-4.07699365314486));
#10549=CARTESIAN_POINT('',(2.45000000000001,3.12499999999997,-3.82713203435621));
#10550=CARTESIAN_POINT('',(1.68494769916655,3.14085896280851));
#10551=CARTESIAN_POINT('',(1.25189434397884,3.14159265358979));
#10552=CARTESIAN_POINT('',(1.25189434397888,2.10656570155621));
#10553=CARTESIAN_POINT('',(1.17082119232239,2.47517758973297));
#10554=CARTESIAN_POINT('',(1.18183283093526,2.77475142912753));
#10555=CARTESIAN_POINT('',(1.25189434397884,3.14159265358979));
#10556=CARTESIAN_POINT('',(-0.176776695296608,-0.38786796564382));
#10557=CARTESIAN_POINT('',(-0.176776695296608,0.38786796564398));
#10558=CARTESIAN_POINT('',(0.177071980269933,-0.138006386978));
#10559=CARTESIAN_POINT('',(-0.176776695296608,-0.38786796564382));
#10560=CARTESIAN_POINT('',(2.19985580116693,2.87489558796591,-4.07699365314486));
#10561=CARTESIAN_POINT('',(2.19985584867997,2.87489561648163,-4.35300633873709));
#10562=CARTESIAN_POINT('',(0.177071980269933,-0.138006386978));
#10563=CARTESIAN_POINT('',(0.17707189961592,0.13800637883));
#10564=CARTESIAN_POINT('',(2.19985584867997,2.87489561648163,-4.35300633873709));
#10565=CARTESIAN_POINT('',(2.28323723325802,2.95826374512564,-4.43629354854426));
#10566=CARTESIAN_POINT('',(2.36661861662901,3.0416318725628,-4.51958075709412));
#10567=CARTESIAN_POINT('',(2.45,3.12499999999995,-4.60286796564398));
#10568=CARTESIAN_POINT('',(0.17707189961592,0.13800637883));
#10569=CARTESIAN_POINT('',(0.0591223668400884,0.221293575272868));
#10570=CARTESIAN_POINT('',(-0.0588271642282603,0.304580770458424));
#10571=CARTESIAN_POINT('',(-0.176776695296608,0.38786796564398));
#10572=CARTESIAN_POINT('',(1.77150958671668,4.17661960562333));
#10573=CARTESIAN_POINT('',(1.75124315025931,4.08447507265716));
#10574=CARTESIAN_POINT('',(1.72589593005429,3.99407923185885));
#10575=CARTESIAN_POINT('',(1.69684394695846,3.90437069235383));
#10576=CARTESIAN_POINT('',(1.25189434444608,4.1766196056233));
#10577=CARTESIAN_POINT('',(1.77150958671668,4.17661960562333));
#10578=CARTESIAN_POINT('',(1.2518943444461,3.14159265358982));
#10579=CARTESIAN_POINT('',(1.18183283140245,3.50843387805211));
#10580=CARTESIAN_POINT('',(1.17082119278952,3.8080077174465));
#10581=CARTESIAN_POINT('',(1.25189434444608,4.1766196056233));
#10582=CARTESIAN_POINT('',(1.68494767139624,3.14232623380855));
#10583=CARTESIAN_POINT('',(1.2518943444461,3.14159265358982));
#10584=CARTESIAN_POINT('',(2.19985584867997,2.87489561648163,-4.35300633873709));
#10585=CARTESIAN_POINT('',(2.19999012873913,2.87494732677275,-4.35894821733077));
#10586=CARTESIAN_POINT('',(2.20022695416039,2.87499999999033,-4.36499785326413));
#10587=CARTESIAN_POINT('',(1.68494767139624,3.14232623380855));
#10588=CARTESIAN_POINT('',(1.68258727041101,3.15411834951218));
#10589=CARTESIAN_POINT('',(1.68021836400444,3.16590852480235));
#10590=CARTESIAN_POINT('',(1.6777728204164,3.17768344823257));
#10591=CARTESIAN_POINT('',(1.69684394695846,3.90437069235383));
#10592=CARTESIAN_POINT('',(1.63059100657233,3.69979063440478));
#10593=CARTESIAN_POINT('',(1.63586859461558,3.38269592622102));
#10594=CARTESIAN_POINT('',(1.6777728204164,3.17768344823257));
#10595=CARTESIAN_POINT('',(-0.161993664950594,0.400119470119928));
#10596=CARTESIAN_POINT('',(-0.438006326929226,0.400119413090686));
#10597=CARTESIAN_POINT('',(-0.150002149000632,0.399773045919221));
#10598=CARTESIAN_POINT('',(-0.156051782760204,0.399997387833966));
#10599=CARTESIAN_POINT('',(-0.161993664950594,0.400119470119928));
#10600=CARTESIAN_POINT('',(-0.15,0.7));
#10601=CARTESIAN_POINT('',(-0.150002149000632,0.399773045919221));
#10602=CARTESIAN_POINT('',(1.9,2.875,-4.065));
#10603=CARTESIAN_POINT('',(1.9,2.875,-3.74));
#10604=CARTESIAN_POINT('',(-0.15,0.7));
#10605=CARTESIAN_POINT('',(0.175,0.7));
#10606=CARTESIAN_POINT('',(0.175,2.));
#10607=CARTESIAN_POINT('',(0.175,0.7));
#10608=CARTESIAN_POINT('',(0.6,2.875,-3.74));
#10609=CARTESIAN_POINT('',(0.6,2.875,-3.165));
#10610=CARTESIAN_POINT('',(0.175,2.));
#10611=CARTESIAN_POINT('',(0.75,2.));
#10612=CARTESIAN_POINT('',(0.75,3.2));
#10613=CARTESIAN_POINT('',(0.75,2.));
#10614=CARTESIAN_POINT('',(-1.35,3.2));
#10615=CARTESIAN_POINT('',(0.75,3.2));
#10616=CARTESIAN_POINT('',(-1.35,2.));
#10617=CARTESIAN_POINT('',(-1.35,3.2));
#10618=CARTESIAN_POINT('',(0.6,2.875,-5.265));
#10619=CARTESIAN_POINT('',(0.6,2.875,-4.69));
#10620=CARTESIAN_POINT('',(-1.35,2.));
#10621=CARTESIAN_POINT('',(-0.775,2.));
#10622=CARTESIAN_POINT('',(-0.775,0.7));
#10623=CARTESIAN_POINT('',(-0.775,2.));
#10624=CARTESIAN_POINT('',(1.9,2.875,-4.69));
#10625=CARTESIAN_POINT('',(1.9,2.875,-4.365));
#10626=CARTESIAN_POINT('',(-0.775,0.7));
#10627=CARTESIAN_POINT('',(-0.45,0.7));
#10628=CARTESIAN_POINT('',(-0.449997853263969,0.399773045835232));
#10629=CARTESIAN_POINT('',(-0.45,0.7));
#10630=CARTESIAN_POINT('',(-0.438006326929226,0.400119413090686));
#10631=CARTESIAN_POINT('',(-0.443948211372292,0.3999973880403));
#10632=CARTESIAN_POINT('',(-0.449997853263969,0.399773045835232));
#10633=CARTESIAN_POINT('',(1.9,9.225,-1.325));
#10634=CARTESIAN_POINT('',(1.9,8.025,-1.325));
#10635=CARTESIAN_POINT('',(1.3,-1.2));
#10636=CARTESIAN_POINT('',(1.3,0.));
#10637=CARTESIAN_POINT('',(1.9,8.025,-1.325));
#10638=CARTESIAN_POINT('',(0.6,8.025,-1.325));
#10639=CARTESIAN_POINT('',(1.3,0.));
#10640=CARTESIAN_POINT('',(0.,0.));
#10641=CARTESIAN_POINT('',(0.6,8.025,-1.325));
#10642=CARTESIAN_POINT('',(0.6,9.225,-1.325));
#10643=CARTESIAN_POINT('',(0.,0.));
#10644=CARTESIAN_POINT('',(0.,-1.2));
#10645=CARTESIAN_POINT('',(0.6,9.225,-1.325));
#10646=CARTESIAN_POINT('',(1.9,9.225,-1.325));
#10647=CARTESIAN_POINT('',(0.,-1.2));
#10648=CARTESIAN_POINT('',(1.3,-1.2));
#10649=CARTESIAN_POINT('',(0.6,9.375,-0.625));
#10650=CARTESIAN_POINT('',(0.6,8.025,-0.625));
#10651=CARTESIAN_POINT('',(1.2,-1.35));
#10652=CARTESIAN_POINT('',(1.2,0.));
#10653=CARTESIAN_POINT('',(0.6,8.025,-0.625));
#10654=CARTESIAN_POINT('',(-0.6,8.025,-0.625));
#10655=CARTESIAN_POINT('',(1.2,0.));
#10656=CARTESIAN_POINT('',(0.,0.));
#10657=CARTESIAN_POINT('',(0.,-1.35));
#10658=CARTESIAN_POINT('',(0.,0.));
#10659=CARTESIAN_POINT('',(-0.6,9.375,-0.625));
#10660=CARTESIAN_POINT('',(0.6,9.375,-0.625));
#10661=CARTESIAN_POINT('',(0.,-1.35));
#10662=CARTESIAN_POINT('',(1.2,-1.35));
#10663=CARTESIAN_POINT('',(0.6,8.025,-2.725));
#10664=CARTESIAN_POINT('',(0.6,9.375,-2.725));
#10665=CARTESIAN_POINT('',(1.2,-1.2));
#10666=CARTESIAN_POINT('',(1.2,0.15));
#10667=CARTESIAN_POINT('',(0.6,9.375,-2.725));
#10668=CARTESIAN_POINT('',(-0.6,9.375,-2.725));
#10669=CARTESIAN_POINT('',(1.2,0.15));
#10670=CARTESIAN_POINT('',(0.,0.15));
#10671=CARTESIAN_POINT('',(0.,-1.2));
#10672=CARTESIAN_POINT('',(0.,0.15));
#10673=CARTESIAN_POINT('',(-0.6,8.025,-2.725));
#10674=CARTESIAN_POINT('',(0.6,8.025,-2.725));
#10675=CARTESIAN_POINT('',(0.,-1.2));
#10676=CARTESIAN_POINT('',(1.2,-1.2));
#10677=CARTESIAN_POINT('',(1.9,8.025,-2.025));
#10678=CARTESIAN_POINT('',(1.9,9.225,-2.025));
#10679=CARTESIAN_POINT('',(1.3,-1.2));
#10680=CARTESIAN_POINT('',(1.3,0.));
#10681=CARTESIAN_POINT('',(1.9,9.225,-2.025));
#10682=CARTESIAN_POINT('',(0.6,9.225,-2.025));
#10683=CARTESIAN_POINT('',(1.3,0.));
#10684=CARTESIAN_POINT('',(0.,0.));
#10685=CARTESIAN_POINT('',(0.6,9.225,-2.025));
#10686=CARTESIAN_POINT('',(0.6,8.025,-2.025));
#10687=CARTESIAN_POINT('',(0.,0.));
#10688=CARTESIAN_POINT('',(0.,-1.2));
#10689=CARTESIAN_POINT('',(0.6,8.025,-2.025));
#10690=CARTESIAN_POINT('',(1.9,8.025,-2.025));
#10691=CARTESIAN_POINT('',(0.,-1.2));
#10692=CARTESIAN_POINT('',(1.3,-1.2));
#10693=CARTESIAN_POINT('',(2.200000000144,9.225,-1.725));
#10694=CARTESIAN_POINT('',(2.200000000144,9.225,-1.625));
#10695=CARTESIAN_POINT('',(-0.25,0.399999999856));
#10696=CARTESIAN_POINT('',(-0.15,0.399999999856));
#10697=CARTESIAN_POINT('',(2.200000000144,9.225,-1.625));
#10698=CARTESIAN_POINT('',(1.9,9.225,-1.625));
#10699=CARTESIAN_POINT('',(-0.15,0.399999999856));
#10700=CARTESIAN_POINT('',(-0.15,0.7));
#10701=CARTESIAN_POINT('',(1.9,9.225,-1.625));
#10702=CARTESIAN_POINT('',(1.9,9.225,-1.325));
#10703=CARTESIAN_POINT('',(-0.15,0.7));
#10704=CARTESIAN_POINT('',(0.15,0.7));
#10705=CARTESIAN_POINT('',(0.15,2.));
#10706=CARTESIAN_POINT('',(0.15,0.7));
#10707=CARTESIAN_POINT('',(0.6,9.225,-1.325));
#10708=CARTESIAN_POINT('',(0.6,9.225,-2.025));
#10709=CARTESIAN_POINT('',(0.15,2.));
#10710=CARTESIAN_POINT('',(-0.55,2.));
#10711=CARTESIAN_POINT('',(-0.55,0.7));
#10712=CARTESIAN_POINT('',(-0.55,2.));
#10713=CARTESIAN_POINT('',(1.9,9.225,-2.025));
#10714=CARTESIAN_POINT('',(1.9,9.225,-1.725));
#10715=CARTESIAN_POINT('',(-0.55,0.7));
#10716=CARTESIAN_POINT('',(-0.25,0.7));
#10717=CARTESIAN_POINT('',(1.9,9.225,-1.725));
#10718=CARTESIAN_POINT('',(2.200000000144,9.225,-1.725));
#10719=CARTESIAN_POINT('',(-0.25,0.7));
#10720=CARTESIAN_POINT('',(-0.25,0.399999999856));
#10721=CARTESIAN_POINT('',(0.939600000158401,3.14159265358979));
#10722=CARTESIAN_POINT('',(0.6396000000144,3.14159265358979));
#10723=CARTESIAN_POINT('',(2.200000000144,9.225,-1.625));
#10724=CARTESIAN_POINT('',(2.20000000014387,9.22500000000005,-1.58764424354021));
#10725=CARTESIAN_POINT('',(2.18248052603069,9.20748052588707,-1.55465150846895));
#10726=CARTESIAN_POINT('',(0.939600000158401,3.14159265358979));
#10727=CARTESIAN_POINT('',(0.939600000158323,3.30906273794942));
#10728=CARTESIAN_POINT('',(0.934205160355827,3.47602305980514));
#10729=CARTESIAN_POINT('',(0.92208052604525,3.64308531788981));
#10730=CARTESIAN_POINT('',(2.18248052603069,9.20748052588707,-1.55465150846895));
#10731=CARTESIAN_POINT('',(2.15709377745422,9.18209376310891,-1.50684310019215));
#10732=CARTESIAN_POINT('',(2.13389753341471,9.12911385195446,-1.47499999999997));
#10733=CARTESIAN_POINT('',(2.10684060743757,9.07500000000007,-1.475));
#10734=CARTESIAN_POINT('',(0.92208052604525,3.64308531788981));
#10735=CARTESIAN_POINT('',(0.896215397941734,3.9994743626726));
#10736=CARTESIAN_POINT('',(0.870513964461679,4.35587195664182));
#10737=CARTESIAN_POINT('',(0.84644060745197,4.71238898038469));
#10738=CARTESIAN_POINT('',(2.10684060743757,9.07500000000007,-1.475));
#10739=CARTESIAN_POINT('',(1.9,9.075,-1.475));
#10740=CARTESIAN_POINT('',(0.84644060745197,4.71238898038469));
#10741=CARTESIAN_POINT('',(0.6396000000144,4.71238898038469));
#10742=CARTESIAN_POINT('',(1.9,9.075,-1.475));
#10743=CARTESIAN_POINT('',(1.9,9.225,-1.475));
#10744=CARTESIAN_POINT('',(1.9,9.225,-1.625));
#10745=CARTESIAN_POINT('',(0.6396000000144,4.71238898038469));
#10746=CARTESIAN_POINT('',(0.6396000000144,3.14159265358979));
#10747=CARTESIAN_POINT('',(1.9,8.175,-1.475));
#10748=CARTESIAN_POINT('',(1.9,9.075,-1.475));
#10749=CARTESIAN_POINT('',(-0.15,0.7));
#10750=CARTESIAN_POINT('',(-1.05,0.7));
#10751=CARTESIAN_POINT('',(-1.0500000000001,0.493159392562427));
#10752=CARTESIAN_POINT('',(-1.05,0.7));
#10753=CARTESIAN_POINT('',(2.10684060743757,9.07500000000007,-1.475));
#10754=CARTESIAN_POINT('',(2.05000000014313,8.9613187611106,-1.47500000000002));
#10755=CARTESIAN_POINT('',(2.05000000014342,8.86286796564402,-1.47500000000004));
#10756=CARTESIAN_POINT('',(-1.0500000000001,0.493159392562427));
#10757=CARTESIAN_POINT('',(-0.936318761110613,0.549999999856932));
#10758=CARTESIAN_POINT('',(-0.837867965644022,0.549999999856694));
#10759=CARTESIAN_POINT('',(2.05000000014342,8.86286796564402,-1.47500000000004));
#10760=CARTESIAN_POINT('',(2.05000000014342,8.38713203435598,-1.47500000000004));
#10761=CARTESIAN_POINT('',(-0.837867965644022,0.549999999856694));
#10762=CARTESIAN_POINT('',(-0.362132034355981,0.549999999856694));
#10763=CARTESIAN_POINT('',(2.05000000014342,8.38713203435598,-1.47500000000004));
#10764=CARTESIAN_POINT('',(2.05000000014313,8.28868123888939,-1.47500000000002));
#10765=CARTESIAN_POINT('',(2.10684060743767,8.17499999999995,-1.47499999999999));
#10766=CARTESIAN_POINT('',(-0.362132034355981,0.549999999856694));
#10767=CARTESIAN_POINT('',(-0.263681210829557,0.549999985827019));
#10768=CARTESIAN_POINT('',(-0.14999999999995,0.493159392562333));
#10769=CARTESIAN_POINT('',(2.10684060743767,8.17499999999995,-1.47499999999999));
#10770=CARTESIAN_POINT('',(1.9,8.175,-1.475));
#10771=CARTESIAN_POINT('',(-0.14999999999995,0.493159392562333));
#10772=CARTESIAN_POINT('',(-0.15,0.7));
#10773=CARTESIAN_POINT('',(1.9,8.025,-1.625));
#10774=CARTESIAN_POINT('',(1.9,8.025,-1.475));
#10775=CARTESIAN_POINT('',(1.9,8.175,-1.475));
#10776=CARTESIAN_POINT('',(0.6396000000144,3.14159265358979));
#10777=CARTESIAN_POINT('',(0.6396000000144,1.5707963267949));
#10778=CARTESIAN_POINT('',(0.84644060745216,1.5707963267949));
#10779=CARTESIAN_POINT('',(0.6396000000144,1.5707963267949));
#10780=CARTESIAN_POINT('',(2.10684060743767,8.17499999999995,-1.47499999999999));
#10781=CARTESIAN_POINT('',(2.13389753986566,8.12088613514382,-1.47499999999996));
#10782=CARTESIAN_POINT('',(2.15709378851539,8.06790621162834,-1.50684311537604));
#10783=CARTESIAN_POINT('',(2.18248052603082,8.04251947411287,-1.55465150846886));
#10784=CARTESIAN_POINT('',(0.84644060745216,1.5707963267949));
#10785=CARTESIAN_POINT('',(0.870513964461843,1.92731335053759));
#10786=CARTESIAN_POINT('',(0.896215397146163,2.28371094456148));
#10787=CARTESIAN_POINT('',(0.922080526045431,2.64009998928927));
#10788=CARTESIAN_POINT('',(2.18248052603082,8.04251947411287,-1.55465150846886));
#10789=CARTESIAN_POINT('',(2.2000000001439,8.02499999999996,-1.58764425336524));
#10790=CARTESIAN_POINT('',(2.200000000144,8.025,-1.625));
#10791=CARTESIAN_POINT('',(0.922080526045431,2.64009998928927));
#10792=CARTESIAN_POINT('',(0.934205157539004,2.80716224736765));
#10793=CARTESIAN_POINT('',(0.939600000158339,2.97412256923));
#10794=CARTESIAN_POINT('',(0.939600000158401,3.14159265358979));
#10795=CARTESIAN_POINT('',(2.200000000144,8.025,-1.625));
#10796=CARTESIAN_POINT('',(1.9,8.025,-1.625));
#10797=CARTESIAN_POINT('',(0.939600000158401,3.14159265358979));
#10798=CARTESIAN_POINT('',(0.6396000000144,3.14159265358979));
#10799=CARTESIAN_POINT('',(1.9,8.025,-1.725));
#10800=CARTESIAN_POINT('',(1.9,8.025,-2.025));
#10801=CARTESIAN_POINT('',(-0.15,0.7));
#10802=CARTESIAN_POINT('',(0.15,0.7));
#10803=CARTESIAN_POINT('',(0.15,2.));
#10804=CARTESIAN_POINT('',(0.15,0.7));
#10805=CARTESIAN_POINT('',(0.6,8.025,-2.025));
#10806=CARTESIAN_POINT('',(0.6,8.025,-2.725));
#10807=CARTESIAN_POINT('',(0.15,2.));
#10808=CARTESIAN_POINT('',(0.85,2.));
#10809=CARTESIAN_POINT('',(0.85,3.2));
#10810=CARTESIAN_POINT('',(0.85,2.));
#10811=CARTESIAN_POINT('',(-1.25,3.2));
#10812=CARTESIAN_POINT('',(0.85,3.2));
#10813=CARTESIAN_POINT('',(-1.25,2.));
#10814=CARTESIAN_POINT('',(-1.25,3.2));
#10815=CARTESIAN_POINT('',(0.6,8.025,-0.625));
#10816=CARTESIAN_POINT('',(0.6,8.025,-1.325));
#10817=CARTESIAN_POINT('',(-1.25,2.));
#10818=CARTESIAN_POINT('',(-0.55,2.));
#10819=CARTESIAN_POINT('',(-0.55,0.7));
#10820=CARTESIAN_POINT('',(-0.55,2.));
#10821=CARTESIAN_POINT('',(1.9,8.025,-1.325));
#10822=CARTESIAN_POINT('',(1.9,8.025,-1.625));
#10823=CARTESIAN_POINT('',(-0.55,0.7));
#10824=CARTESIAN_POINT('',(-0.25,0.7));
#10825=CARTESIAN_POINT('',(-0.25,0.399999999856));
#10826=CARTESIAN_POINT('',(-0.25,0.7));
#10827=CARTESIAN_POINT('',(2.200000000144,8.025,-1.625));
#10828=CARTESIAN_POINT('',(2.200000000144,8.025,-1.725));
#10829=CARTESIAN_POINT('',(-0.25,0.399999999856));
#10830=CARTESIAN_POINT('',(-0.15,0.399999999856));
#10831=CARTESIAN_POINT('',(2.200000000144,8.025,-1.725));
#10832=CARTESIAN_POINT('',(1.9,8.025,-1.725));
#10833=CARTESIAN_POINT('',(-0.15,0.399999999856));
#10834=CARTESIAN_POINT('',(-0.15,0.7));
#10835=CARTESIAN_POINT('',(0.939600000158401,3.14159265358979));
#10836=CARTESIAN_POINT('',(0.6396000000144,3.14159265358979));
#10837=CARTESIAN_POINT('',(2.200000000144,8.025,-1.725));
#10838=CARTESIAN_POINT('',(2.20000000014349,8.02499999999953,-1.76235574663456));
#10839=CARTESIAN_POINT('',(2.18248052602957,8.04251947411238,-1.79534849153032));
#10840=CARTESIAN_POINT('',(0.939600000158401,3.14159265358979));
#10841=CARTESIAN_POINT('',(0.939600000158093,3.30906273794859));
#10842=CARTESIAN_POINT('',(0.934205157538701,3.47602305980992));
#10843=CARTESIAN_POINT('',(0.922080526044431,3.64308531788728));
#10844=CARTESIAN_POINT('',(2.18248052602957,8.04251947411238,-1.79534849153032));
#10845=CARTESIAN_POINT('',(2.15709377745317,8.06790623689027,-1.84315689980726));
#10846=CARTESIAN_POINT('',(2.13389753341254,8.12088614804498,-1.87499999999991));
#10847=CARTESIAN_POINT('',(2.10684060743577,8.17499999999967,-1.875));
#10848=CARTESIAN_POINT('',(0.922080526044431,3.64308531788728));
#10849=CARTESIAN_POINT('',(0.896215397940916,3.99947436267093));
#10850=CARTESIAN_POINT('',(0.870513964459479,4.35587195664093));
#10851=CARTESIAN_POINT('',(0.84644060745017,4.71238898038469));
#10852=CARTESIAN_POINT('',(2.10684060743577,8.17499999999967,-1.875));
#10853=CARTESIAN_POINT('',(1.9,8.175,-1.875));
#10854=CARTESIAN_POINT('',(0.84644060745017,4.71238898038469));
#10855=CARTESIAN_POINT('',(0.6396000000144,4.71238898038469));
#10856=CARTESIAN_POINT('',(1.9,8.175,-1.875));
#10857=CARTESIAN_POINT('',(1.9,8.025,-1.875));
#10858=CARTESIAN_POINT('',(1.9,8.025,-1.725));
#10859=CARTESIAN_POINT('',(0.6396000000144,4.71238898038469));
#10860=CARTESIAN_POINT('',(0.6396000000144,3.14159265358979));
#10861=CARTESIAN_POINT('',(-2.875,-3.74));
#10862=CARTESIAN_POINT('',(-1.675,-3.74));
#10863=CARTESIAN_POINT('',(-2.875,-4.065));
#10864=CARTESIAN_POINT('',(-2.875,-3.74));
#10865=CARTESIAN_POINT('',(-2.725,-3.915));
#10866=CARTESIAN_POINT('',(-2.875,-3.915));
#10867=CARTESIAN_POINT('',(-2.875,-4.065));
#10868=CARTESIAN_POINT('',(-1.825,-3.915));
#10869=CARTESIAN_POINT('',(-2.725,-3.915));
#10870=CARTESIAN_POINT('',(-1.675,-4.065));
#10871=CARTESIAN_POINT('',(-1.675,-3.915));
#10872=CARTESIAN_POINT('',(-1.825,-3.915));
#10873=CARTESIAN_POINT('',(-1.675,-3.74));
#10874=CARTESIAN_POINT('',(-1.675,-4.065));
#10875=CARTESIAN_POINT('',(-1.675,-4.69));
#10876=CARTESIAN_POINT('',(-2.875,-4.69));
#10877=CARTESIAN_POINT('',(-1.675,-4.365));
#10878=CARTESIAN_POINT('',(-1.675,-4.69));
#10879=CARTESIAN_POINT('',(-1.825,-4.515));
#10880=CARTESIAN_POINT('',(-1.675,-4.515));
#10881=CARTESIAN_POINT('',(-1.675,-4.365));
#10882=CARTESIAN_POINT('',(-2.725,-4.515));
#10883=CARTESIAN_POINT('',(-1.825,-4.515));
#10884=CARTESIAN_POINT('',(-2.875,-4.365));
#10885=CARTESIAN_POINT('',(-2.875,-4.515));
#10886=CARTESIAN_POINT('',(-2.725,-4.515));
#10887=CARTESIAN_POINT('',(-2.875,-4.69));
#10888=CARTESIAN_POINT('',(-2.875,-4.365));
#10889=CARTESIAN_POINT('',(-8.025,-1.625));
#10890=CARTESIAN_POINT('',(-8.025,-1.475));
#10891=CARTESIAN_POINT('',(-8.175,-1.475));
#10892=CARTESIAN_POINT('',(-8.025,-1.325));
#10893=CARTESIAN_POINT('',(-8.025,-1.625));
#10894=CARTESIAN_POINT('',(-9.225,-1.325));
#10895=CARTESIAN_POINT('',(-8.025,-1.325));
#10896=CARTESIAN_POINT('',(-9.225,-1.625));
#10897=CARTESIAN_POINT('',(-9.225,-1.325));
#10898=CARTESIAN_POINT('',(-9.075,-1.475));
#10899=CARTESIAN_POINT('',(-9.225,-1.475));
#10900=CARTESIAN_POINT('',(-9.225,-1.625));
#10901=CARTESIAN_POINT('',(-8.175,-1.475));
#10902=CARTESIAN_POINT('',(-9.075,-1.475));
#10903=CARTESIAN_POINT('',(1.9,9.075,-1.875));
#10904=CARTESIAN_POINT('',(1.9,9.225,-1.875));
#10905=CARTESIAN_POINT('',(1.9,9.225,-1.725));
#10906=CARTESIAN_POINT('',(-9.075,-1.875));
#10907=CARTESIAN_POINT('',(-9.225,-1.875));
#10908=CARTESIAN_POINT('',(-9.225,-1.725));
#10909=CARTESIAN_POINT('',(-9.225,-2.025));
#10910=CARTESIAN_POINT('',(-9.225,-1.725));
#10911=CARTESIAN_POINT('',(-8.025,-2.025));
#10912=CARTESIAN_POINT('',(-9.225,-2.025));
#10913=CARTESIAN_POINT('',(-8.025,-1.725));
#10914=CARTESIAN_POINT('',(-8.025,-2.025));
#10915=CARTESIAN_POINT('',(-8.175,-1.875));
#10916=CARTESIAN_POINT('',(-8.025,-1.875));
#10917=CARTESIAN_POINT('',(-8.025,-1.725));
#10918=CARTESIAN_POINT('',(1.9,8.175,-1.875));
#10919=CARTESIAN_POINT('',(1.9,9.075,-1.875));
#10920=CARTESIAN_POINT('',(-8.175,-1.875));
#10921=CARTESIAN_POINT('',(-9.075,-1.875));
#10922=CARTESIAN_POINT('',(0.6396000000144,1.5707963267949));
#10923=CARTESIAN_POINT('',(0.6396000000144,3.14159265358979));
#10924=CARTESIAN_POINT('',(1.9,9.075,-1.875));
#10925=CARTESIAN_POINT('',(2.10684060743892,9.07499999999987,-1.875));
#10926=CARTESIAN_POINT('',(0.6396000000144,1.5707963267949));
#10927=CARTESIAN_POINT('',(0.846440607453321,1.5707963267949));
#10928=CARTESIAN_POINT('',(2.10684060743892,9.07499999999987,-1.875));
#10929=CARTESIAN_POINT('',(2.1338975398674,9.12911386485587,-1.87500000000007));
#10930=CARTESIAN_POINT('',(2.15709378851503,9.18209378837122,-1.84315688462402));
#10931=CARTESIAN_POINT('',(2.18248052603126,9.20748052588657,-1.79534849153125));
#10932=CARTESIAN_POINT('',(0.846440607453321,1.5707963267949));
#10933=CARTESIAN_POINT('',(0.87051396446349,1.92731335053753));
#10934=CARTESIAN_POINT('',(0.896215397145383,2.28371094456156));
#10935=CARTESIAN_POINT('',(0.922080526045431,2.64009998928927));
#10936=CARTESIAN_POINT('',(2.18248052603126,9.20748052588657,-1.79534849153125));
#10937=CARTESIAN_POINT('',(2.20000000014411,9.22499999999978,-1.76235575645985));
#10938=CARTESIAN_POINT('',(2.200000000144,9.225,-1.725));
#10939=CARTESIAN_POINT('',(0.922080526045431,2.64009998928927));
#10940=CARTESIAN_POINT('',(0.934205160355689,2.80716224737411));
#10941=CARTESIAN_POINT('',(0.939600000158467,2.97412256923));
#10942=CARTESIAN_POINT('',(0.939600000158401,3.14159265358979));
#10943=CARTESIAN_POINT('',(0.6396000000144,3.14159265358979));
#10944=CARTESIAN_POINT('',(0.939600000158401,3.14159265358979));
#10945=CARTESIAN_POINT('',(-1.05,0.7));
#10946=CARTESIAN_POINT('',(-0.15,0.7));
#10947=CARTESIAN_POINT('',(-1.05000000000049,0.49315939256423));
#10948=CARTESIAN_POINT('',(-1.05,0.7));
#10949=CARTESIAN_POINT('',(2.10684060743577,8.17499999999967,-1.875));
#10950=CARTESIAN_POINT('',(2.05000000014251,8.28868123888837,-1.87499999999998));
#10951=CARTESIAN_POINT('',(2.05000000014342,8.38713203435398,-1.87499999999996));
#10952=CARTESIAN_POINT('',(-1.05000000000049,0.49315939256423));
#10953=CARTESIAN_POINT('',(-0.936318761111698,0.549999999857551));
#10954=CARTESIAN_POINT('',(-0.83786796564602,0.549999999856694));
#10955=CARTESIAN_POINT('',(2.05000000014342,8.38713203435398,-1.87499999999996));
#10956=CARTESIAN_POINT('',(2.05000000014342,8.86286796564252,-1.87499999999996));
#10957=CARTESIAN_POINT('',(-0.83786796564602,0.549999999856694));
#10958=CARTESIAN_POINT('',(-0.362132034357479,0.549999999856694));
#10959=CARTESIAN_POINT('',(2.05000000014342,8.86286796564252,-1.87499999999996));
#10960=CARTESIAN_POINT('',(2.05000001417351,8.96131878916966,-1.87499999999998));
#10961=CARTESIAN_POINT('',(2.10684060743892,9.07499999999987,-1.875));
#10962=CARTESIAN_POINT('',(-0.362132034357479,0.549999999856694));
#10963=CARTESIAN_POINT('',(-0.263681238890206,0.549999999856469));
#10964=CARTESIAN_POINT('',(-0.150000000000197,0.493159392561077));
#10965=CARTESIAN_POINT('',(-0.15,0.7));
#10966=CARTESIAN_POINT('',(-0.150000000000197,0.493159392561077));
#10967=CARTESIAN_POINT('',(1.9572811454643,4.17661960561971));
#10968=CARTESIAN_POINT('',(1.91957341935638,4.00517554953172));
#10969=CARTESIAN_POINT('',(1.86427506454633,3.8408619194401));
#10970=CARTESIAN_POINT('',(1.80198971840136,3.67736202834479));
#10971=CARTESIAN_POINT('',(2.05000000014342,8.86286796564252,-1.87499999999996));
#10972=CARTESIAN_POINT('',(2.45000000014404,9.26286796564298,-2.27500000000058));
#10973=CARTESIAN_POINT('',(1.9572811454643,4.17661960561971));
#10974=CARTESIAN_POINT('',(1.26446082243569,4.17661960562033));
#10975=CARTESIAN_POINT('',(2.45000000014404,9.26286796564298,-2.27500000000058));
#10976=CARTESIAN_POINT('',(2.45000000014399,9.36131880046534,-2.27499998494461));
#10977=CARTESIAN_POINT('',(2.45000000014393,9.41815939270356,-2.2181593927065));
#10978=CARTESIAN_POINT('',(2.45000000014388,9.47499998494227,-2.16131880046793));
#10979=CARTESIAN_POINT('',(2.45000000014383,9.47499999999862,-2.06286796564465));
#10980=CARTESIAN_POINT('',(1.26446082243569,4.17661960562033));
#10981=CARTESIAN_POINT('',(1.18338766332043,3.80800768353108));
#10982=CARTESIAN_POINT('',(1.19439931950729,3.50843390924126));
#10983=CARTESIAN_POINT('',(1.26446082243612,3.14159265358828));
#10984=CARTESIAN_POINT('',(2.45000000014383,9.47499999999862,-2.06286796564465));
#10985=CARTESIAN_POINT('',(2.18248052603126,9.20748052588657,-1.79534849153125));
#10986=CARTESIAN_POINT('',(1.26446082243612,3.14159265358828));
#10987=CARTESIAN_POINT('',(1.72781814361329,3.14159265358374));
#10988=CARTESIAN_POINT('',(1.80198971840136,3.67736202834479));
#10989=CARTESIAN_POINT('',(1.77319803278201,3.60178346261256));
#10990=CARTESIAN_POINT('',(1.75884829674541,3.52463770396834));
#10991=CARTESIAN_POINT('',(1.73413099772851,3.34427060291772));
#10992=CARTESIAN_POINT('',(1.7286056835601,3.24338537022006));
#10993=CARTESIAN_POINT('',(1.72781814361329,3.14159265358374));
#10994=CARTESIAN_POINT('',(2.45000000014383,9.47499999999862,-2.06286796564465));
#10995=CARTESIAN_POINT('',(2.450000000144,9.47500000000054,-1.28713203435544));
#10996=CARTESIAN_POINT('',(-0.176776695295901,0.38786796564448));
#10997=CARTESIAN_POINT('',(-0.17677669529697,-0.38786796564448));
#10998=CARTESIAN_POINT('',(2.450000000144,9.47500000000054,-1.28713203435544));
#10999=CARTESIAN_POINT('',(2.18248052603069,9.20748052588707,-1.55465150846895));
#11000=CARTESIAN_POINT('',(-0.17677669529697,-0.38786796564448));
#11001=CARTESIAN_POINT('',(0.201552973192936,-0.120348491530969));
#11002=CARTESIAN_POINT('',(0.176776695296637,-0.05));
#11003=CARTESIAN_POINT('',(0.176776695296635,-0.087355756459746));
#11004=CARTESIAN_POINT('',(0.201552973192936,-0.120348491530969));
#11005=CARTESIAN_POINT('',(0.176776695296637,0.05));
#11006=CARTESIAN_POINT('',(0.176776695296637,-0.05));
#11007=CARTESIAN_POINT('',(0.201552973192843,0.120348491531031));
#11008=CARTESIAN_POINT('',(0.176776695296636,0.0873557564597424));
#11009=CARTESIAN_POINT('',(0.176776695296637,0.05));
#11010=CARTESIAN_POINT('',(-0.176776695295901,0.38786796564448));
#11011=CARTESIAN_POINT('',(0.201552973192843,0.120348491531031));
#11012=CARTESIAN_POINT('',(2.45000000014404,9.26286796564448,-1.07499999999942));
#11013=CARTESIAN_POINT('',(2.05000000014342,8.86286796564402,-1.47500000000004));
#11014=CARTESIAN_POINT('',(1.88079347818119,4.17661960562427));
#11015=CARTESIAN_POINT('',(1.18797315515258,4.17661960562365));
#11016=CARTESIAN_POINT('',(1.34326458221405,3.67736202835094));
#11017=CARTESIAN_POINT('',(1.28097923606953,3.84086191944552));
#11018=CARTESIAN_POINT('',(1.22568087385581,4.00517554655301));
#11019=CARTESIAN_POINT('',(1.18797315515258,4.17661960562365));
#11020=CARTESIAN_POINT('',(1.4174361570025,3.14159265358979));
#11021=CARTESIAN_POINT('',(1.41664861167825,3.24338538594365));
#11022=CARTESIAN_POINT('',(1.41112329752288,3.34427063497035));
#11023=CARTESIAN_POINT('',(1.38640599636725,3.52463773545306));
#11024=CARTESIAN_POINT('',(1.37205626189289,3.60178347821207));
#11025=CARTESIAN_POINT('',(1.34326458221405,3.67736202835094));
#11026=CARTESIAN_POINT('',(1.8807934781812,3.14159265358979));
#11027=CARTESIAN_POINT('',(1.4174361570025,3.14159265358979));
#11028=CARTESIAN_POINT('',(2.450000000144,9.47500000000054,-1.28713203435544));
#11029=CARTESIAN_POINT('',(2.45000000014401,9.47500000000096,-1.18868121458809));
#11030=CARTESIAN_POINT('',(2.45000000014402,9.4181593927064,-1.13184060729354));
#11031=CARTESIAN_POINT('',(2.45000000014403,9.36131878541184,-1.07499999999899));
#11032=CARTESIAN_POINT('',(2.45000000014404,9.26286796564448,-1.07499999999942));
#11033=CARTESIAN_POINT('',(1.8807934781812,3.14159265358979));
#11034=CARTESIAN_POINT('',(1.9508549816418,3.50843382787326));
#11035=CARTESIAN_POINT('',(1.9618666380529,3.80800776465519));
#11036=CARTESIAN_POINT('',(1.88079347818119,4.17661960562427));
#11037=CARTESIAN_POINT('',(2.45000000014404,9.26286796564448,-1.07499999999942));
#11038=CARTESIAN_POINT('',(2.45000000014404,7.98713203435552,-1.07499999999942));
#11039=CARTESIAN_POINT('',(-0.282842712474944,0.63786796564448));
#11040=CARTESIAN_POINT('',(-0.282842712474944,-0.63786796564448));
#11041=CARTESIAN_POINT('',(2.45000000014404,7.98713203435552,-1.07499999999942));
#11042=CARTESIAN_POINT('',(2.05000000014342,8.38713203435598,-1.47500000000004));
#11043=CARTESIAN_POINT('',(-0.282842712474944,-0.63786796564448));
#11044=CARTESIAN_POINT('',(0.282842712474945,-0.237867965644019));
#11045=CARTESIAN_POINT('',(0.282842712474945,0.237867965644019));
#11046=CARTESIAN_POINT('',(0.282842712474945,-0.237867965644019));
#11047=CARTESIAN_POINT('',(-0.282842712474944,0.63786796564448));
#11048=CARTESIAN_POINT('',(0.282842712474945,0.237867965644019));
#11049=CARTESIAN_POINT('',(1.95728114546479,4.17661960562366));
#11050=CARTESIAN_POINT('',(1.91957342676156,4.00517554655305));
#11051=CARTESIAN_POINT('',(1.86427506454783,3.84086191944559));
#11052=CARTESIAN_POINT('',(1.80198971840329,3.67736202835105));
#11053=CARTESIAN_POINT('',(1.26446082243618,4.17661960562427));
#11054=CARTESIAN_POINT('',(1.95728114546479,4.17661960562366));
#11055=CARTESIAN_POINT('',(2.45000000014404,7.98713203435552,-1.07499999999942));
#11056=CARTESIAN_POINT('',(2.45000000014403,7.88868121458816,-1.07499999999899));
#11057=CARTESIAN_POINT('',(2.45000000014402,7.8318406072936,-1.13184060729354));
#11058=CARTESIAN_POINT('',(2.45000000014401,7.77499999999904,-1.18868121458809));
#11059=CARTESIAN_POINT('',(2.450000000144,7.77499999999946,-1.28713203435544));
#11060=CARTESIAN_POINT('',(1.26446082243618,4.17661960562427));
#11061=CARTESIAN_POINT('',(1.18338766256447,3.80800776465521));
#11062=CARTESIAN_POINT('',(1.19439931897556,3.50843382787324));
#11063=CARTESIAN_POINT('',(1.26446082243617,3.14159265358979));
#11064=CARTESIAN_POINT('',(2.450000000144,7.77499999999946,-1.28713203435544));
#11065=CARTESIAN_POINT('',(2.18248052603082,8.04251947411287,-1.55465150846886));
#11066=CARTESIAN_POINT('',(1.26446082243617,3.14159265358979));
#11067=CARTESIAN_POINT('',(1.72781814361464,3.14159265358979));
#11068=CARTESIAN_POINT('',(1.80198971840329,3.67736202835105));
#11069=CARTESIAN_POINT('',(1.77319803278408,3.60178346261858));
#11070=CARTESIAN_POINT('',(1.75884829674716,3.52463770397415));
#11071=CARTESIAN_POINT('',(1.73413099772995,3.34427060292348));
#11072=CARTESIAN_POINT('',(1.72860568356126,3.24338537022601));
#11073=CARTESIAN_POINT('',(1.72781814361464,3.14159265358979));
#11074=CARTESIAN_POINT('',(0.176776695296637,-0.05));
#11075=CARTESIAN_POINT('',(0.176776695296636,-0.0873557466347055));
#11076=CARTESIAN_POINT('',(0.201552973193386,-0.120348491530621));
#11077=CARTESIAN_POINT('',(0.176776695296637,0.05));
#11078=CARTESIAN_POINT('',(0.176776695296637,-0.05));
#11079=CARTESIAN_POINT('',(0.201552973192842,0.120348491531031));
#11080=CARTESIAN_POINT('',(0.176776695296638,0.0873557466347064));
#11081=CARTESIAN_POINT('',(0.176776695296637,0.05));
#11082=CARTESIAN_POINT('',(-0.176776695296962,0.38786796564448));
#11083=CARTESIAN_POINT('',(0.201552973192842,0.120348491531031));
#11084=CARTESIAN_POINT('',(2.450000000144,7.77499999999946,-1.28713203435544));
#11085=CARTESIAN_POINT('',(2.45000000014422,7.77499999999691,-2.06286796564445));
#11086=CARTESIAN_POINT('',(-0.176776695296962,0.38786796564448));
#11087=CARTESIAN_POINT('',(-0.176776695298377,-0.38786796564448));
#11088=CARTESIAN_POINT('',(2.45000000014422,7.77499999999691,-2.06286796564445));
#11089=CARTESIAN_POINT('',(2.18248052602957,8.04251947411238,-1.79534849153032));
#11090=CARTESIAN_POINT('',(-0.176776695298377,-0.38786796564448));
#11091=CARTESIAN_POINT('',(0.201552973193386,-0.120348491530621));
#11092=CARTESIAN_POINT('',(2.45000000014404,7.98713203435352,-2.27500000000058));
#11093=CARTESIAN_POINT('',(2.05000000014342,8.38713203435398,-1.87499999999996));
#11094=CARTESIAN_POINT('',(1.88079347818217,4.17661960562953));
#11095=CARTESIAN_POINT('',(1.18797315515356,4.17661960562891));
#11096=CARTESIAN_POINT('',(1.34326458221306,3.67736202835914));
#11097=CARTESIAN_POINT('',(1.28097923606915,3.84086191945276));
#11098=CARTESIAN_POINT('',(1.22568087385618,4.0051755465593));
#11099=CARTESIAN_POINT('',(1.18797315515356,4.17661960562891));
#11100=CARTESIAN_POINT('',(1.41743615700119,3.14159265359418));
#11101=CARTESIAN_POINT('',(1.41664861167707,3.24338538594883));
#11102=CARTESIAN_POINT('',(1.41112329752205,3.34427063497635));
#11103=CARTESIAN_POINT('',(1.38640599636628,3.52463773546033));
#11104=CARTESIAN_POINT('',(1.37205626189182,3.6017834782198));
#11105=CARTESIAN_POINT('',(1.34326458221306,3.67736202835914));
#11106=CARTESIAN_POINT('',(1.88079347818275,3.14159265358979));
#11107=CARTESIAN_POINT('',(1.41743615700119,3.14159265359418));
#11108=CARTESIAN_POINT('',(2.45000000014422,7.77499999999691,-2.06286796564445));
#11109=CARTESIAN_POINT('',(2.45000000014418,7.77499999999538,-2.16131878541183));
#11110=CARTESIAN_POINT('',(2.45000000014413,7.83184060728982,-2.2181593927064));
#11111=CARTESIAN_POINT('',(2.45000000014408,7.88868121458488,-2.2750000000016));
#11112=CARTESIAN_POINT('',(2.45000000014404,7.98713203435352,-2.27500000000058));
#11113=CARTESIAN_POINT('',(1.88079347818275,3.14159265358979));
#11114=CARTESIAN_POINT('',(1.95085498164448,3.50843382787464));
#11115=CARTESIAN_POINT('',(1.96186663805489,3.80800776465923));
#11116=CARTESIAN_POINT('',(1.88079347818217,4.17661960562953));
#11117=CARTESIAN_POINT('',(2.45000000014404,7.98713203435352,-2.27500000000058));
#11118=CARTESIAN_POINT('',(2.45000000014404,9.26286796564298,-2.27500000000058));
#11119=CARTESIAN_POINT('',(-0.282842712474944,0.63786796564648));
#11120=CARTESIAN_POINT('',(-0.282842712474944,-0.637867965642981));
#11121=CARTESIAN_POINT('',(0.282842712474945,-0.23786796564252));
#11122=CARTESIAN_POINT('',(-0.282842712474944,-0.637867965642981));
#11123=CARTESIAN_POINT('',(0.282842712474945,0.23786796564602));
#11124=CARTESIAN_POINT('',(0.282842712474945,-0.23786796564252));
#11125=CARTESIAN_POINT('',(-0.282842712474944,0.63786796564648));
#11126=CARTESIAN_POINT('',(0.282842712474945,0.23786796564602));
#11127=CARTESIAN_POINT('',(2.45000000014411,8.625,-0.41885164812857));
#11128=CARTESIAN_POINT('',(2.45000000014411,7.36885164812861,-0.41885164812857));
#11129=CARTESIAN_POINT('',(2.45000000014412,7.36885164812861,-1.67499999999996));
#11130=CARTESIAN_POINT('',(2.45000000014413,7.36885164812861,-2.93114835187136));
#11131=CARTESIAN_POINT('',(2.45000000014413,8.625,-2.93114835187135));
#11132=CARTESIAN_POINT('',(0.,-1.2561483518712));
#11133=CARTESIAN_POINT('',(1.2561483518711,-1.2561483518712));
#11134=CARTESIAN_POINT('',(1.2561483518711,-9.99200722162641E-14));
#11135=CARTESIAN_POINT('',(1.2561483518711,1.256148351871));
#11136=CARTESIAN_POINT('',(0.,1.256148351871));
#11137=CARTESIAN_POINT('',(2.45000000014413,8.625,-2.93114835187135));
#11138=CARTESIAN_POINT('',(2.45000000014413,9.88114835187139,-2.93114835187135));
#11139=CARTESIAN_POINT('',(2.45000000014412,9.88114835187139,-1.67499999999996));
#11140=CARTESIAN_POINT('',(2.45000000014411,9.88114835187139,-0.418851648128569));
#11141=CARTESIAN_POINT('',(2.45000000014411,8.625,-0.41885164812857));
#11142=CARTESIAN_POINT('',(0.,1.256148351871));
#11143=CARTESIAN_POINT('',(-1.2561483518711,1.256148351871));
#11144=CARTESIAN_POINT('',(-1.2561483518711,-9.99200722162641E-14));
#11145=CARTESIAN_POINT('',(-1.2561483518711,-1.2561483518712));
#11146=CARTESIAN_POINT('',(0.,-1.2561483518712));
#11147=CARTESIAN_POINT('',(0.850000000003694,0.38786796564448));
#11148=CARTESIAN_POINT('',(0.850000000005077,0.486318785411875));
#11149=CARTESIAN_POINT('',(0.793159392710476,0.543159392706477));
#11150=CARTESIAN_POINT('',(0.736318785415256,0.600000000001697));
#11151=CARTESIAN_POINT('',(0.63786796564648,0.600000000000694));
#11152=CARTESIAN_POINT('',(0.850000000000693,-0.38786796564448));
#11153=CARTESIAN_POINT('',(0.850000000003694,0.38786796564448));
#11154=CARTESIAN_POINT('',(0.63786796564448,-0.600000000000694));
#11155=CARTESIAN_POINT('',(0.736318785411874,-0.600000000001078));
#11156=CARTESIAN_POINT('',(0.793159392706476,-0.543159392706477));
#11157=CARTESIAN_POINT('',(0.850000000001077,-0.486318785411875));
#11158=CARTESIAN_POINT('',(0.850000000000693,-0.38786796564448));
#11159=CARTESIAN_POINT('',(-0.637867965644481,-0.600000000000694));
#11160=CARTESIAN_POINT('',(0.63786796564448,-0.600000000000694));
#11161=CARTESIAN_POINT('',(-0.850000000000699,-0.38786796564448));
#11162=CARTESIAN_POINT('',(-0.850000000001077,-0.486318785411875));
#11163=CARTESIAN_POINT('',(-0.793159392706476,-0.543159392706477));
#11164=CARTESIAN_POINT('',(-0.736318785411876,-0.600000000001077));
#11165=CARTESIAN_POINT('',(-0.637867965644481,-0.600000000000694));
#11166=CARTESIAN_POINT('',(-0.849999999998445,0.38786796564448));
#11167=CARTESIAN_POINT('',(-0.850000000000699,-0.38786796564448));
#11168=CARTESIAN_POINT('',(-0.63786796564298,0.600000000000694));
#11169=CARTESIAN_POINT('',(-0.736318800465293,0.599999984944662));
#11170=CARTESIAN_POINT('',(-0.793159392703478,0.543159392706477));
#11171=CARTESIAN_POINT('',(-0.849999984942129,0.486318800467828));
#11172=CARTESIAN_POINT('',(-0.849999999998445,0.38786796564448));
#11173=CARTESIAN_POINT('',(0.63786796564648,0.600000000000694));
#11174=CARTESIAN_POINT('',(-0.63786796564298,0.600000000000694));
#11175=CARTESIAN_POINT('',(1.96537087982204,10.0750000000001,-1.675));
#11176=CARTESIAN_POINT('',(1.1,10.075,-1.675));
#11177=CARTESIAN_POINT('',(1.5707963267949,1.5615079678042));
#11178=CARTESIAN_POINT('',(1.5707963267949,0.6961370879822));
#11179=CARTESIAN_POINT('',(1.1,10.075,-1.675));
#11180=CARTESIAN_POINT('',(1.1,10.075,-0.225));
#11181=CARTESIAN_POINT('',(1.1,8.625,-0.225));
#11182=CARTESIAN_POINT('',(1.1,7.175,-0.225));
#11183=CARTESIAN_POINT('',(1.1,7.175,-1.675));
#11184=CARTESIAN_POINT('',(1.5707963267949,0.6961370879822));
#11185=CARTESIAN_POINT('',(4.71238898038469,0.6961370879822));
#11186=CARTESIAN_POINT('',(1.1,7.175,-1.675));
#11187=CARTESIAN_POINT('',(1.96537087982205,7.17499999999989,-1.675));
#11188=CARTESIAN_POINT('',(4.71238898038469,0.6961370879822));
#11189=CARTESIAN_POINT('',(4.71238898038469,1.5615079678042));
#11190=CARTESIAN_POINT('',(1.96537087982204,7.17499999999989,-1.67499999999978));
#11191=CARTESIAN_POINT('',(1.96537087982214,7.17499999999966,-0.224999999999777));
#11192=CARTESIAN_POINT('',(1.96537087982209,8.62499999999989,-0.224999999999776));
#11193=CARTESIAN_POINT('',(4.71238898038469,1.5615079678042));
#11194=CARTESIAN_POINT('',(3.14159265358979,1.5615079678042));
#11195=CARTESIAN_POINT('',(1.96537087982209,8.62500000000011,-0.224999999999774));
#11196=CARTESIAN_POINT('',(1.96537087982213,10.0750000000001,-0.224999999999664));
#11197=CARTESIAN_POINT('',(1.96537087982205,10.0750000000001,-1.67499999999978));
#11198=CARTESIAN_POINT('',(3.14159265358979,1.5615079678042));
#11199=CARTESIAN_POINT('',(1.5707963267949,1.5615079678042));
#11200=CARTESIAN_POINT('',(1.96537087982209,8.625,-3.12500000000022));
#11201=CARTESIAN_POINT('',(2.45000000014413,8.625,-2.93114835187135));
#11202=CARTESIAN_POINT('',(1.5707963267949,3.90424448517373));
#11203=CARTESIAN_POINT('',(1.5707963267949,3.38228294851954));
#11204=CARTESIAN_POINT('',(4.71238898038469,3.38228294851961));
#11205=CARTESIAN_POINT('',(1.5707963267949,3.38228294851954));
#11206=CARTESIAN_POINT('',(2.45000000014411,8.625,-0.41885164812857));
#11207=CARTESIAN_POINT('',(1.96537087982209,8.625,-0.224999999999776));
#11208=CARTESIAN_POINT('',(4.71238898038469,3.38228294851961));
#11209=CARTESIAN_POINT('',(4.71238898038469,3.90424448517373));
#11210=CARTESIAN_POINT('',(3.14159265358979,3.90424448517373));
#11211=CARTESIAN_POINT('',(4.71238898038469,3.90424448517373));
#11212=CARTESIAN_POINT('',(1.96537087982205,7.17499999999989,-1.67499999999989));
#11213=CARTESIAN_POINT('',(1.965370879822,7.175,-3.12500000000022));
#11214=CARTESIAN_POINT('',(1.96537087982209,8.62500000000022,-3.12500000000022));
#11215=CARTESIAN_POINT('',(3.14159265358979,3.90424448517373));
#11216=CARTESIAN_POINT('',(1.5707963267949,3.90424448517373));
#11217=CARTESIAN_POINT('',(1.5707963267949,3.90424448517373));
#11218=CARTESIAN_POINT('',(3.14159265358979,3.90424448517373));
#11219=CARTESIAN_POINT('',(1.5707963267949,3.38228294851961));
#11220=CARTESIAN_POINT('',(1.5707963267949,3.90424448517373));
#11221=CARTESIAN_POINT('',(4.71238898038469,3.38228294851954));
#11222=CARTESIAN_POINT('',(1.5707963267949,3.38228294851961));
#11223=CARTESIAN_POINT('',(4.71238898038469,3.90424448517373));
#11224=CARTESIAN_POINT('',(4.71238898038469,3.38228294851954));
#11225=CARTESIAN_POINT('',(1.96537087982209,8.62499999999977,-3.12500000000023));
#11226=CARTESIAN_POINT('',(1.965370879822,10.0750000000001,-3.125));
#11227=CARTESIAN_POINT('',(1.96537087982205,10.0750000000001,-1.67499999999989));
#11228=CARTESIAN_POINT('',(4.71238898038469,3.90424448517373));
#11229=CARTESIAN_POINT('',(3.14159265358979,3.90424448517373));
#11230=CARTESIAN_POINT('',(1.5707963267949,1.5615079678042));
#11231=CARTESIAN_POINT('',(3.14159265358979,1.5615079678042));
#11232=CARTESIAN_POINT('',(1.5707963267949,0.6961370879822));
#11233=CARTESIAN_POINT('',(1.5707963267949,1.5615079678042));
#11234=CARTESIAN_POINT('',(1.1,7.175,-1.675));
#11235=CARTESIAN_POINT('',(1.1,7.175,-3.125));
#11236=CARTESIAN_POINT('',(1.1,8.625,-3.125));
#11237=CARTESIAN_POINT('',(1.1,10.075,-3.125));
#11238=CARTESIAN_POINT('',(1.1,10.075,-1.675));
#11239=CARTESIAN_POINT('',(1.5707963267949,0.6961370879822));
#11240=CARTESIAN_POINT('',(4.71238898038469,0.6961370879822));
#11241=CARTESIAN_POINT('',(4.71238898038469,1.5615079678042));
#11242=CARTESIAN_POINT('',(4.71238898038469,0.6961370879822));
#11243=CARTESIAN_POINT('',(3.14159265358979,1.5615079678042));
#11244=CARTESIAN_POINT('',(4.71238898038469,1.5615079678042));
#11245=CARTESIAN_POINT('',(1.1,10.,-0.55));
#11246=CARTESIAN_POINT('',(1.2,10.,-0.55));
#11247=CARTESIAN_POINT('',(1.2,10.1,-0.55));
#11248=CARTESIAN_POINT('',(0.800694262280407,0.));
#11249=CARTESIAN_POINT('',(0.800694262280407,0.15707963267949));
#11250=CARTESIAN_POINT('',(1.2,10.1,-0.55));
#11251=CARTESIAN_POINT('',(1.2,10.1,-0.300000000000002));
#11252=CARTESIAN_POINT('',(1.2,10.35,-0.300000000000002));
#11253=CARTESIAN_POINT('',(1.2,10.6,-0.300000000000002));
#11254=CARTESIAN_POINT('',(1.2,10.6,-0.55));
#11255=CARTESIAN_POINT('',(0.800694262280407,0.15707963267949));
#11256=CARTESIAN_POINT('',(0.0152960988829587,0.157079632679489));
#11257=CARTESIAN_POINT('',(1.2,10.6,-0.55));
#11258=CARTESIAN_POINT('',(1.2,10.7,-0.55));
#11259=CARTESIAN_POINT('',(1.1,10.7,-0.55));
#11260=CARTESIAN_POINT('',(0.0152960988829587,0.157079632679489));
#11261=CARTESIAN_POINT('',(0.0152960988829587,0.));
#11262=CARTESIAN_POINT('',(1.1,10.7,-0.55));
#11263=CARTESIAN_POINT('',(1.1,10.7,-0.200000000000001));
#11264=CARTESIAN_POINT('',(1.1,10.35,-0.2));
#11265=CARTESIAN_POINT('',(1.1,10.,-0.2));
#11266=CARTESIAN_POINT('',(1.1,10.,-0.55));
#11267=CARTESIAN_POINT('',(0.0152960988829587,0.));
#11268=CARTESIAN_POINT('',(0.800694262280407,0.));
#11269=CARTESIAN_POINT('',(0.800694262280407,0.157079632679489));
#11270=CARTESIAN_POINT('',(0.800694262280407,0.));
#11271=CARTESIAN_POINT('',(1.2,10.6,-0.55));
#11272=CARTESIAN_POINT('',(1.2,10.6,-0.799999999999998));
#11273=CARTESIAN_POINT('',(1.2,10.35,-0.799999999999998));
#11274=CARTESIAN_POINT('',(1.2,10.1,-0.799999999999998));
#11275=CARTESIAN_POINT('',(1.2,10.1,-0.55));
#11276=CARTESIAN_POINT('',(0.800694262280407,0.157079632679489));
#11277=CARTESIAN_POINT('',(0.0152960988829587,0.15707963267949));
#11278=CARTESIAN_POINT('',(0.0152960988829587,0.));
#11279=CARTESIAN_POINT('',(0.0152960988829587,0.15707963267949));
#11280=CARTESIAN_POINT('',(1.1,10.,-0.55));
#11281=CARTESIAN_POINT('',(1.1,10.,-0.899999999999999));
#11282=CARTESIAN_POINT('',(1.1,10.35,-0.9));
#11283=CARTESIAN_POINT('',(1.1,10.7,-0.9));
#11284=CARTESIAN_POINT('',(1.1,10.7,-0.55));
#11285=CARTESIAN_POINT('',(0.0152960988829587,0.));
#11286=CARTESIAN_POINT('',(0.800694262280407,0.));
#11287=CARTESIAN_POINT('',(1.1,0.2,-5.34));
#11288=CARTESIAN_POINT('',(1.2,0.2,-5.34));
#11289=CARTESIAN_POINT('',(1.2,0.3,-5.34));
#11290=CARTESIAN_POINT('',(0.800694262280406,0.));
#11291=CARTESIAN_POINT('',(0.800694262280406,0.15707963267949));
#11292=CARTESIAN_POINT('',(1.2,0.3,-5.34));
#11293=CARTESIAN_POINT('',(1.2,0.3,-5.09));
#11294=CARTESIAN_POINT('',(1.2,0.55,-5.09));
#11295=CARTESIAN_POINT('',(1.2,0.8,-5.09));
#11296=CARTESIAN_POINT('',(1.2,0.8,-5.34));
#11297=CARTESIAN_POINT('',(0.800694262280406,0.15707963267949));
#11298=CARTESIAN_POINT('',(0.015296098882958,0.15707963267949));
#11299=CARTESIAN_POINT('',(1.2,0.8,-5.34));
#11300=CARTESIAN_POINT('',(1.2,0.9,-5.34));
#11301=CARTESIAN_POINT('',(1.1,0.9,-5.34));
#11302=CARTESIAN_POINT('',(0.015296098882958,0.15707963267949));
#11303=CARTESIAN_POINT('',(0.015296098882958,0.));
#11304=CARTESIAN_POINT('',(1.1,0.9,-5.34));
#11305=CARTESIAN_POINT('',(1.1,0.9,-4.99));
#11306=CARTESIAN_POINT('',(1.1,0.55,-4.99));
#11307=CARTESIAN_POINT('',(1.1,0.2,-4.99));
#11308=CARTESIAN_POINT('',(1.1,0.2,-5.34));
#11309=CARTESIAN_POINT('',(0.015296098882958,0.));
#11310=CARTESIAN_POINT('',(0.800694262280406,0.));
#11311=CARTESIAN_POINT('',(0.800694262280406,0.15707963267949));
#11312=CARTESIAN_POINT('',(0.800694262280406,0.));
#11313=CARTESIAN_POINT('',(1.2,0.8,-5.34));
#11314=CARTESIAN_POINT('',(1.2,0.799999999999999,-5.59));
#11315=CARTESIAN_POINT('',(1.2,0.549999999999999,-5.59));
#11316=CARTESIAN_POINT('',(1.2,0.299999999999999,-5.59));
#11317=CARTESIAN_POINT('',(1.2,0.3,-5.34));
#11318=CARTESIAN_POINT('',(0.800694262280406,0.15707963267949));
#11319=CARTESIAN_POINT('',(0.015296098882958,0.15707963267949));
#11320=CARTESIAN_POINT('',(0.015296098882958,0.));
#11321=CARTESIAN_POINT('',(0.015296098882958,0.15707963267949));
#11322=CARTESIAN_POINT('',(1.1,0.2,-5.34));
#11323=CARTESIAN_POINT('',(1.1,0.2,-5.69));
#11324=CARTESIAN_POINT('',(1.1,0.55,-5.69));
#11325=CARTESIAN_POINT('',(1.1,0.9,-5.69));
#11326=CARTESIAN_POINT('',(1.1,0.9,-5.34));
#11327=CARTESIAN_POINT('',(0.015296098882958,0.));
#11328=CARTESIAN_POINT('',(0.800694262280406,0.));
#11329=CARTESIAN_POINT('',(1.1,0.75,-1.1));
#11330=CARTESIAN_POINT('',(1.2,0.75,-1.1));
#11331=CARTESIAN_POINT('',(1.2,0.85,-1.1));
#11332=CARTESIAN_POINT('',(0.800694262280407,0.));
#11333=CARTESIAN_POINT('',(0.800694262280407,0.15707963267949));
#11334=CARTESIAN_POINT('',(1.2,0.85,-1.1));
#11335=CARTESIAN_POINT('',(1.2,0.85,-0.85));
#11336=CARTESIAN_POINT('',(1.2,1.1,-0.85));
#11337=CARTESIAN_POINT('',(1.2,1.35,-0.850000000000001));
#11338=CARTESIAN_POINT('',(1.2,1.35,-1.1));
#11339=CARTESIAN_POINT('',(0.800694262280407,0.15707963267949));
#11340=CARTESIAN_POINT('',(0.0152960988829585,0.15707963267949));
#11341=CARTESIAN_POINT('',(1.2,1.35,-1.1));
#11342=CARTESIAN_POINT('',(1.2,1.45,-1.1));
#11343=CARTESIAN_POINT('',(1.1,1.45,-1.1));
#11344=CARTESIAN_POINT('',(0.0152960988829585,0.15707963267949));
#11345=CARTESIAN_POINT('',(0.0152960988829584,0.));
#11346=CARTESIAN_POINT('',(1.1,1.45,-1.1));
#11347=CARTESIAN_POINT('',(1.1,1.45,-0.75));
#11348=CARTESIAN_POINT('',(1.1,1.1,-0.75));
#11349=CARTESIAN_POINT('',(1.1,0.75,-0.75));
#11350=CARTESIAN_POINT('',(1.1,0.75,-1.1));
#11351=CARTESIAN_POINT('',(0.0152960988829584,0.));
#11352=CARTESIAN_POINT('',(0.800694262280407,0.));
#11353=CARTESIAN_POINT('',(0.800694262280407,0.15707963267949));
#11354=CARTESIAN_POINT('',(0.800694262280407,0.));
#11355=CARTESIAN_POINT('',(1.2,1.35,-1.1));
#11356=CARTESIAN_POINT('',(1.2,1.35,-1.35));
#11357=CARTESIAN_POINT('',(1.2,1.1,-1.35));
#11358=CARTESIAN_POINT('',(1.2,0.85,-1.35));
#11359=CARTESIAN_POINT('',(1.2,0.85,-1.1));
#11360=CARTESIAN_POINT('',(0.800694262280407,0.15707963267949));
#11361=CARTESIAN_POINT('',(0.0152960988829585,0.15707963267949));
#11362=CARTESIAN_POINT('',(0.0152960988829584,0.));
#11363=CARTESIAN_POINT('',(0.0152960988829585,0.15707963267949));
#11364=CARTESIAN_POINT('',(1.1,0.75,-1.1));
#11365=CARTESIAN_POINT('',(1.1,0.75,-1.45));
#11366=CARTESIAN_POINT('',(1.1,1.1,-1.45));
#11367=CARTESIAN_POINT('',(1.1,1.45,-1.45));
#11368=CARTESIAN_POINT('',(1.1,1.45,-1.1));
#11369=CARTESIAN_POINT('',(0.0152960988829584,0.));
#11370=CARTESIAN_POINT('',(0.800694262280407,0.));
#11371=CARTESIAN_POINT('',(10.1,-0.55));
#11372=CARTESIAN_POINT('',(10.1,-0.3));
#11373=CARTESIAN_POINT('',(10.35,-0.3));
#11374=CARTESIAN_POINT('',(10.6,-0.3));
#11375=CARTESIAN_POINT('',(10.6,-0.55));
#11376=CARTESIAN_POINT('',(10.6,-0.55));
#11377=CARTESIAN_POINT('',(10.6,-0.8));
#11378=CARTESIAN_POINT('',(10.35,-0.8));
#11379=CARTESIAN_POINT('',(10.1,-0.8));
#11380=CARTESIAN_POINT('',(10.1,-0.55));
#11381=CARTESIAN_POINT('',(1.2,10.6,-3.45));
#11382=CARTESIAN_POINT('',(1.2,10.6,-3.2));
#11383=CARTESIAN_POINT('',(1.2,10.35,-3.2));
#11384=CARTESIAN_POINT('',(1.2,10.1,-3.2));
#11385=CARTESIAN_POINT('',(1.2,10.1,-3.45));
#11386=CARTESIAN_POINT('',(10.6,-3.45));
#11387=CARTESIAN_POINT('',(10.6,-3.2));
#11388=CARTESIAN_POINT('',(10.35,-3.2));
#11389=CARTESIAN_POINT('',(10.1,-3.2));
#11390=CARTESIAN_POINT('',(10.1,-3.45));
#11391=CARTESIAN_POINT('',(1.2,10.1,-3.45));
#11392=CARTESIAN_POINT('',(1.2,10.1,-3.7));
#11393=CARTESIAN_POINT('',(1.2,10.35,-3.7));
#11394=CARTESIAN_POINT('',(1.2,10.6,-3.7));
#11395=CARTESIAN_POINT('',(1.2,10.6,-3.45));
#11396=CARTESIAN_POINT('',(10.1,-3.45));
#11397=CARTESIAN_POINT('',(10.1,-3.7));
#11398=CARTESIAN_POINT('',(10.35,-3.7));
#11399=CARTESIAN_POINT('',(10.6,-3.7));
#11400=CARTESIAN_POINT('',(10.6,-3.45));
#11401=CARTESIAN_POINT('',(0.3,-5.34));
#11402=CARTESIAN_POINT('',(0.3,-5.09));
#11403=CARTESIAN_POINT('',(0.55,-5.09));
#11404=CARTESIAN_POINT('',(0.8,-5.09));
#11405=CARTESIAN_POINT('',(0.8,-5.34));
#11406=CARTESIAN_POINT('',(0.8,-5.34));
#11407=CARTESIAN_POINT('',(0.8,-5.59));
#11408=CARTESIAN_POINT('',(0.55,-5.59));
#11409=CARTESIAN_POINT('',(0.3,-5.59));
#11410=CARTESIAN_POINT('',(0.3,-5.34));
#11411=CARTESIAN_POINT('',(0.85,-1.1));
#11412=CARTESIAN_POINT('',(0.85,-0.85));
#11413=CARTESIAN_POINT('',(1.1,-0.85));
#11414=CARTESIAN_POINT('',(1.35,-0.85));
#11415=CARTESIAN_POINT('',(1.35,-1.1));
#11416=CARTESIAN_POINT('',(1.35,-1.1));
#11417=CARTESIAN_POINT('',(1.35,-1.35));
#11418=CARTESIAN_POINT('',(1.1,-1.35));
#11419=CARTESIAN_POINT('',(0.85,-1.35));
#11420=CARTESIAN_POINT('',(0.85,-1.1));
#11421=CARTESIAN_POINT('',(1.1,10.,-3.45));
#11422=CARTESIAN_POINT('',(1.2,10.,-3.45));
#11423=CARTESIAN_POINT('',(1.2,10.1,-3.45));
#11424=CARTESIAN_POINT('',(0.800694262280407,0.));
#11425=CARTESIAN_POINT('',(0.800694262280407,0.157079632679489));
#11426=CARTESIAN_POINT('',(0.0152960988829588,0.157079632679488));
#11427=CARTESIAN_POINT('',(0.800694262280407,0.157079632679489));
#11428=CARTESIAN_POINT('',(1.2,10.6,-3.45));
#11429=CARTESIAN_POINT('',(1.2,10.7,-3.45));
#11430=CARTESIAN_POINT('',(1.1,10.7,-3.45));
#11431=CARTESIAN_POINT('',(0.0152960988829588,0.157079632679488));
#11432=CARTESIAN_POINT('',(0.0152960988829587,0.));
#11433=CARTESIAN_POINT('',(1.1,10.7,-3.45));
#11434=CARTESIAN_POINT('',(1.1,10.7,-3.1));
#11435=CARTESIAN_POINT('',(1.1,10.35,-3.1));
#11436=CARTESIAN_POINT('',(1.1,10.,-3.1));
#11437=CARTESIAN_POINT('',(1.1,10.,-3.45));
#11438=CARTESIAN_POINT('',(0.0152960988829587,0.));
#11439=CARTESIAN_POINT('',(0.800694262280407,0.));
#11440=CARTESIAN_POINT('',(0.800694262280407,0.15707963267949));
#11441=CARTESIAN_POINT('',(0.800694262280407,0.));
#11442=CARTESIAN_POINT('',(0.0152960988829588,0.157079632679491));
#11443=CARTESIAN_POINT('',(0.800694262280407,0.15707963267949));
#11444=CARTESIAN_POINT('',(0.0152960988829587,0.));
#11445=CARTESIAN_POINT('',(0.0152960988829588,0.157079632679491));
#11446=CARTESIAN_POINT('',(1.1,10.,-3.45));
#11447=CARTESIAN_POINT('',(1.1,10.,-3.8));
#11448=CARTESIAN_POINT('',(1.1,10.35,-3.8));
#11449=CARTESIAN_POINT('',(1.1,10.7,-3.8));
#11450=CARTESIAN_POINT('',(1.1,10.7,-3.45));
#11451=CARTESIAN_POINT('',(0.0152960988829587,0.));
#11452=CARTESIAN_POINT('',(0.800694262280407,0.));
#11453=CARTESIAN_POINT('',(1.2,6.3,-3.75));
#11454=CARTESIAN_POINT('',(1.2,6.3,-3.85));
#11455=CARTESIAN_POINT('',(1.1,6.3,-3.85));
#11456=CARTESIAN_POINT('',(0.0143792627070733,0.157079632679489));
#11457=CARTESIAN_POINT('',(0.0143792627070733,0.));
#11458=CARTESIAN_POINT('',(1.1,6.3,-3.85));
#11459=CARTESIAN_POINT('',(1.1,6.6,-3.85));
#11460=CARTESIAN_POINT('',(1.1,6.6,-3.55));
#11461=CARTESIAN_POINT('',(1.1,6.6,-3.25));
#11462=CARTESIAN_POINT('',(1.1,6.3,-3.25));
#11463=CARTESIAN_POINT('',(0.0143792627070733,0.));
#11464=CARTESIAN_POINT('',(0.642697793425032,0.));
#11465=CARTESIAN_POINT('',(1.1,6.3,-3.25));
#11466=CARTESIAN_POINT('',(1.2,6.3,-3.25));
#11467=CARTESIAN_POINT('',(1.2,6.3,-3.35));
#11468=CARTESIAN_POINT('',(0.642697793425032,0.));
#11469=CARTESIAN_POINT('',(0.642697793425032,0.15707963267949));
#11470=CARTESIAN_POINT('',(1.2,6.3,-3.35));
#11471=CARTESIAN_POINT('',(1.2,6.5,-3.35));
#11472=CARTESIAN_POINT('',(1.2,6.5,-3.55));
#11473=CARTESIAN_POINT('',(1.2,6.5,-3.75));
#11474=CARTESIAN_POINT('',(1.2,6.3,-3.75));
#11475=CARTESIAN_POINT('',(0.642697793425032,0.15707963267949));
#11476=CARTESIAN_POINT('',(0.0143792627070733,0.157079632679489));
#11477=CARTESIAN_POINT('',(1.2,4.5,-0.55));
#11478=CARTESIAN_POINT('',(1.2,4.5,-0.65));
#11479=CARTESIAN_POINT('',(1.1,4.5,-0.65));
#11480=CARTESIAN_POINT('',(0.0143792627070733,0.157079632679489));
#11481=CARTESIAN_POINT('',(0.0143792627070733,0.));
#11482=CARTESIAN_POINT('',(1.1,4.5,-0.65));
#11483=CARTESIAN_POINT('',(1.1,4.8,-0.65));
#11484=CARTESIAN_POINT('',(1.1,4.8,-0.35));
#11485=CARTESIAN_POINT('',(1.1,4.8,-0.05));
#11486=CARTESIAN_POINT('',(1.1,4.5,-0.05));
#11487=CARTESIAN_POINT('',(0.0143792627070733,0.));
#11488=CARTESIAN_POINT('',(0.642697793425032,0.));
#11489=CARTESIAN_POINT('',(1.1,4.5,-0.0500000000000001));
#11490=CARTESIAN_POINT('',(1.2,4.5,-0.0500000000000001));
#11491=CARTESIAN_POINT('',(1.2,4.5,-0.15));
#11492=CARTESIAN_POINT('',(0.642697793425032,0.));
#11493=CARTESIAN_POINT('',(0.642697793425032,0.15707963267949));
#11494=CARTESIAN_POINT('',(1.2,4.5,-0.15));
#11495=CARTESIAN_POINT('',(1.2,4.7,-0.15));
#11496=CARTESIAN_POINT('',(1.2,4.7,-0.35));
#11497=CARTESIAN_POINT('',(1.2,4.7,-0.55));
#11498=CARTESIAN_POINT('',(1.2,4.5,-0.55));
#11499=CARTESIAN_POINT('',(0.642697793425032,0.15707963267949));
#11500=CARTESIAN_POINT('',(0.0143792627070733,0.157079632679489));
#11501=CARTESIAN_POINT('',(0.0143792627070733,0.));
#11502=CARTESIAN_POINT('',(0.0143792627070733,0.15707963267949));
#11503=CARTESIAN_POINT('',(1.1,4.5,-0.05));
#11504=CARTESIAN_POINT('',(1.1,4.2,-0.0500000000000001));
#11505=CARTESIAN_POINT('',(1.1,4.2,-0.35));
#11506=CARTESIAN_POINT('',(1.1,4.2,-0.65));
#11507=CARTESIAN_POINT('',(1.1,4.5,-0.65));
#11508=CARTESIAN_POINT('',(0.0143792627070733,0.));
#11509=CARTESIAN_POINT('',(0.642697793425032,0.));
#11510=CARTESIAN_POINT('',(0.642697793425032,0.157079632679489));
#11511=CARTESIAN_POINT('',(0.642697793425032,0.));
#11512=CARTESIAN_POINT('',(1.2,4.5,-0.55));
#11513=CARTESIAN_POINT('',(1.2,4.3,-0.55));
#11514=CARTESIAN_POINT('',(1.2,4.3,-0.35));
#11515=CARTESIAN_POINT('',(1.2,4.3,-0.15));
#11516=CARTESIAN_POINT('',(1.2,4.5,-0.15));
#11517=CARTESIAN_POINT('',(0.642697793425032,0.157079632679489));
#11518=CARTESIAN_POINT('',(0.0143792627070733,0.15707963267949));
#11519=CARTESIAN_POINT('',(3.35,6.3));
#11520=CARTESIAN_POINT('',(3.35,6.5));
#11521=CARTESIAN_POINT('',(3.55,6.5));
#11522=CARTESIAN_POINT('',(3.75,6.5));
#11523=CARTESIAN_POINT('',(3.75,6.3));
#11524=CARTESIAN_POINT('',(1.2,6.3,-3.35));
#11525=CARTESIAN_POINT('',(1.2,6.1,-3.35));
#11526=CARTESIAN_POINT('',(1.2,6.1,-3.55));
#11527=CARTESIAN_POINT('',(1.2,6.1,-3.75));
#11528=CARTESIAN_POINT('',(1.2,6.3,-3.75));
#11529=CARTESIAN_POINT('',(3.35,6.3));
#11530=CARTESIAN_POINT('',(3.35,6.1));
#11531=CARTESIAN_POINT('',(3.55,6.1));
#11532=CARTESIAN_POINT('',(3.75,6.1));
#11533=CARTESIAN_POINT('',(3.75,6.3));
#11534=CARTESIAN_POINT('',(0.15,4.5));
#11535=CARTESIAN_POINT('',(0.15,4.7));
#11536=CARTESIAN_POINT('',(0.35,4.7));
#11537=CARTESIAN_POINT('',(0.55,4.7));
#11538=CARTESIAN_POINT('',(0.55,4.5));
#11539=CARTESIAN_POINT('',(0.55,4.5));
#11540=CARTESIAN_POINT('',(0.55,4.3));
#11541=CARTESIAN_POINT('',(0.35,4.3));
#11542=CARTESIAN_POINT('',(0.15,4.3));
#11543=CARTESIAN_POINT('',(0.15,4.5));
#11544=CARTESIAN_POINT('',(0.0143792627070733,0.));
#11545=CARTESIAN_POINT('',(0.0143792627070733,0.157079632679489));
#11546=CARTESIAN_POINT('',(1.1,6.3,-3.25));
#11547=CARTESIAN_POINT('',(1.1,6.,-3.25));
#11548=CARTESIAN_POINT('',(1.1,6.,-3.55));
#11549=CARTESIAN_POINT('',(1.1,6.,-3.85));
#11550=CARTESIAN_POINT('',(1.1,6.3,-3.85));
#11551=CARTESIAN_POINT('',(0.0143792627070733,0.));
#11552=CARTESIAN_POINT('',(0.642697793425032,0.));
#11553=CARTESIAN_POINT('',(0.642697793425032,0.157079632679489));
#11554=CARTESIAN_POINT('',(0.642697793425032,0.));
#11555=CARTESIAN_POINT('',(0.0143792627070733,0.157079632679489));
#11556=CARTESIAN_POINT('',(0.642697793425032,0.157079632679489));
#11557=CARTESIAN_POINT('',(1.1,10.9,0.));
#11558=CARTESIAN_POINT('',(1.1,2.,0.));
#11559=CARTESIAN_POINT('',(10.9,0.));
#11560=CARTESIAN_POINT('',(2.,0.));
#11561=CARTESIAN_POINT('',(0.,-2.));
#11562=CARTESIAN_POINT('',(0.,0.));
#11563=CARTESIAN_POINT('',(2.,0.));
#11564=CARTESIAN_POINT('',(1.1,0.,-2.));
#11565=CARTESIAN_POINT('',(1.1,0.,-5.89));
#11566=CARTESIAN_POINT('',(0.,-2.));
#11567=CARTESIAN_POINT('',(0.,-5.89));
#11568=CARTESIAN_POINT('',(3.194364156174,-5.89));
#11569=CARTESIAN_POINT('',(0.,-5.89));
#11570=CARTESIAN_POINT('',(3.671333756883,-5.54));
#11571=CARTESIAN_POINT('',(3.56126384902679,-5.89));
#11572=CARTESIAN_POINT('',(3.194364156174,-5.89));
#11573=CARTESIAN_POINT('',(1.1,3.67133375688275,-5.53999999999992));
#11574=CARTESIAN_POINT('',(1.1,4.15564135144831,-4.));
#11575=CARTESIAN_POINT('',(1.1,5.77,-4.));
#11576=CARTESIAN_POINT('',(3.671333756883,-5.54));
#11577=CARTESIAN_POINT('',(4.15564135144831,-4.));
#11578=CARTESIAN_POINT('',(5.77,-4.));
#11579=CARTESIAN_POINT('',(10.4,-4.));
#11580=CARTESIAN_POINT('',(5.77,-4.));
#11581=CARTESIAN_POINT('',(10.9,-3.5));
#11582=CARTESIAN_POINT('',(10.9,-4.));
#11583=CARTESIAN_POINT('',(10.4,-4.));
#11584=CARTESIAN_POINT('',(1.1,10.9,-3.5));
#11585=CARTESIAN_POINT('',(1.1,10.9,0.));
#11586=CARTESIAN_POINT('',(10.9,-3.5));
#11587=CARTESIAN_POINT('',(10.9,0.));
#11588=CARTESIAN_POINT('',(4.5,-0.05));
#11589=CARTESIAN_POINT('',(4.2,-0.0500000000000001));
#11590=CARTESIAN_POINT('',(4.2,-0.35));
#11591=CARTESIAN_POINT('',(4.2,-0.65));
#11592=CARTESIAN_POINT('',(4.5,-0.65));
#11593=CARTESIAN_POINT('',(4.5,-0.65));
#11594=CARTESIAN_POINT('',(4.8,-0.65));
#11595=CARTESIAN_POINT('',(4.8,-0.35));
#11596=CARTESIAN_POINT('',(4.8,-0.0500000000000001));
#11597=CARTESIAN_POINT('',(4.5,-0.05));
#11598=CARTESIAN_POINT('',(10.,-3.45));
#11599=CARTESIAN_POINT('',(10.,-3.8));
#11600=CARTESIAN_POINT('',(10.35,-3.8));
#11601=CARTESIAN_POINT('',(10.7,-3.8));
#11602=CARTESIAN_POINT('',(10.7,-3.45));
#11603=CARTESIAN_POINT('',(10.7,-3.45));
#11604=CARTESIAN_POINT('',(10.7,-3.1));
#11605=CARTESIAN_POINT('',(10.35,-3.1));
#11606=CARTESIAN_POINT('',(10.,-3.1));
#11607=CARTESIAN_POINT('',(10.,-3.45));
#11608=CARTESIAN_POINT('',(10.,-0.55));
#11609=CARTESIAN_POINT('',(10.,-0.9));
#11610=CARTESIAN_POINT('',(10.35,-0.9));
#11611=CARTESIAN_POINT('',(10.7,-0.9));
#11612=CARTESIAN_POINT('',(10.7,-0.55));
#11613=CARTESIAN_POINT('',(10.7,-0.55));
#11614=CARTESIAN_POINT('',(10.7,-0.2));
#11615=CARTESIAN_POINT('',(10.35,-0.2));
#11616=CARTESIAN_POINT('',(10.,-0.2));
#11617=CARTESIAN_POINT('',(10.,-0.55));
#11618=CARTESIAN_POINT('',(0.75,-1.1));
#11619=CARTESIAN_POINT('',(0.75,-1.45));
#11620=CARTESIAN_POINT('',(1.1,-1.45));
#11621=CARTESIAN_POINT('',(1.45,-1.45));
#11622=CARTESIAN_POINT('',(1.45,-1.1));
#11623=CARTESIAN_POINT('',(1.45,-1.1));
#11624=CARTESIAN_POINT('',(1.45,-0.75));
#11625=CARTESIAN_POINT('',(1.1,-0.75));
#11626=CARTESIAN_POINT('',(0.75,-0.75));
#11627=CARTESIAN_POINT('',(0.75,-1.1));
#11628=CARTESIAN_POINT('',(0.2,-5.34));
#11629=CARTESIAN_POINT('',(0.2,-5.69));
#11630=CARTESIAN_POINT('',(0.55,-5.69));
#11631=CARTESIAN_POINT('',(0.9,-5.69));
#11632=CARTESIAN_POINT('',(0.9,-5.34));
#11633=CARTESIAN_POINT('',(0.9,-5.34));
#11634=CARTESIAN_POINT('',(0.9,-4.99));
#11635=CARTESIAN_POINT('',(0.55,-4.99));
#11636=CARTESIAN_POINT('',(0.2,-4.99));
#11637=CARTESIAN_POINT('',(0.2,-5.34));
#11638=CARTESIAN_POINT('',(7.175,-1.675));
#11639=CARTESIAN_POINT('',(7.175,-3.125));
#11640=CARTESIAN_POINT('',(8.625,-3.125));
#11641=CARTESIAN_POINT('',(10.075,-3.125));
#11642=CARTESIAN_POINT('',(10.075,-1.675));
#11643=CARTESIAN_POINT('',(10.075,-1.675));
#11644=CARTESIAN_POINT('',(10.075,-0.225000000000001));
#11645=CARTESIAN_POINT('',(8.625,-0.225000000000001));
#11646=CARTESIAN_POINT('',(7.175,-0.225000000000001));
#11647=CARTESIAN_POINT('',(7.175,-1.675));
#11648=CARTESIAN_POINT('',(0.825,-4.215));
#11649=CARTESIAN_POINT('',(0.825,-5.665));
#11650=CARTESIAN_POINT('',(2.275,-5.665));
#11651=CARTESIAN_POINT('',(3.725,-5.665));
#11652=CARTESIAN_POINT('',(3.725,-4.215));
#11653=CARTESIAN_POINT('',(3.725,-4.215));
#11654=CARTESIAN_POINT('',(3.725,-2.765));
#11655=CARTESIAN_POINT('',(2.275,-2.765));
#11656=CARTESIAN_POINT('',(0.825,-2.765));
#11657=CARTESIAN_POINT('',(0.825,-4.215));
#11658=CARTESIAN_POINT('',(6.3,-3.25));
#11659=CARTESIAN_POINT('',(6.,-3.25));
#11660=CARTESIAN_POINT('',(6.,-3.55));
#11661=CARTESIAN_POINT('',(6.,-3.85));
#11662=CARTESIAN_POINT('',(6.3,-3.85));
#11663=CARTESIAN_POINT('',(6.3,-3.85));
#11664=CARTESIAN_POINT('',(6.6,-3.85));
#11665=CARTESIAN_POINT('',(6.6,-3.55));
#11666=CARTESIAN_POINT('',(6.6,-3.25));
#11667=CARTESIAN_POINT('',(6.3,-3.25));
#11668=CARTESIAN_POINT('',(-0.4,10.9,6.93889390390723E-18));
#11669=CARTESIAN_POINT('',(-0.4,2.,1.11022302462516E-16));
#11670=CARTESIAN_POINT('',(0.,0.4));
#11671=CARTESIAN_POINT('',(-8.9,0.4));
#11672=CARTESIAN_POINT('',(-8.9,-1.1));
#11673=CARTESIAN_POINT('',(-8.9,0.4));
#11674=CARTESIAN_POINT('',(0.,-1.1));
#11675=CARTESIAN_POINT('',(-8.9,-1.1));
#11676=CARTESIAN_POINT('',(1.1,10.9,0.));
#11677=CARTESIAN_POINT('',(-0.4,10.9,6.93889390390723E-18));
#11678=CARTESIAN_POINT('',(0.,-1.1));
#11679=CARTESIAN_POINT('',(0.,0.4));
#11680=CARTESIAN_POINT('',(3.14159265358979,10.3996));
#11681=CARTESIAN_POINT('',(3.14159265358979,1.4996));
#11682=CARTESIAN_POINT('',(-0.4,10.9,6.93889390390723E-18));
#11683=CARTESIAN_POINT('',(-0.454832117263558,10.9,-2.39873004135419E-17));
#11684=CARTESIAN_POINT('',(-0.505939848673132,10.8772546568613,-0.0232835845932825));
#11685=CARTESIAN_POINT('',(-0.578402544477408,10.8040804336103,-0.0965560858379771));
#11686=CARTESIAN_POINT('',(-0.6,10.7533657686527,-0.146634231341973));
#11687=CARTESIAN_POINT('',(-0.6,10.7,-0.2));
#11688=CARTESIAN_POINT('',(3.14159265358979,10.3996));
#11689=CARTESIAN_POINT('',(2.52070426251834,10.3996));
#11690=CARTESIAN_POINT('',(2.17385708364265,10.308189087794));
#11691=CARTESIAN_POINT('',(1.5707963267949,10.1996));
#11692=CARTESIAN_POINT('',(1.5707963267949,4.94962636902667));
#11693=CARTESIAN_POINT('',(1.5707963267949,10.1996));
#11694=CARTESIAN_POINT('',(1.5707963267949,1.4996));
#11695=CARTESIAN_POINT('',(1.5707963267949,4.94962636902667));
#11696=CARTESIAN_POINT('',(-0.6,2.,-0.2));
#11697=CARTESIAN_POINT('',(-0.6,2.,0.));
#11698=CARTESIAN_POINT('',(-0.4,2.,1.38777878078145E-16));
#11699=CARTESIAN_POINT('',(1.5707963267949,1.4996));
#11700=CARTESIAN_POINT('',(3.14159265358979,1.4996));
#11701=CARTESIAN_POINT('',(-0.6,0.2,-2.));
#11702=CARTESIAN_POINT('',(-0.6,0.,-2.));
#11703=CARTESIAN_POINT('',(-0.4,-1.38777878078145E-16,-2.));
#11704=CARTESIAN_POINT('',(5.67449566415431,0.31415926535898));
#11705=CARTESIAN_POINT('',(5.6744956641543,0.));
#11706=CARTESIAN_POINT('',(8.50192905238512,0.));
#11707=CARTESIAN_POINT('',(5.6744956641543,0.));
#11708=CARTESIAN_POINT('',(8.50192905238512,0.31415926535898));
#11709=CARTESIAN_POINT('',(8.50192905238512,0.));
#11710=CARTESIAN_POINT('',(5.67449566415431,0.31415926535898));
#11711=CARTESIAN_POINT('',(8.50192905238512,0.31415926535898));
#11712=CARTESIAN_POINT('',(3.14159265358979,0.892099999999999));
#11713=CARTESIAN_POINT('',(3.14159265358979,1.5171));
#11714=CARTESIAN_POINT('',(4.71238898038469,0.6921));
#11715=CARTESIAN_POINT('',(4.10476082878006,0.6921));
#11716=CARTESIAN_POINT('',(3.73177391363201,0.78583003641759));
#11717=CARTESIAN_POINT('',(3.14159265358979,0.892099999999999));
#11718=CARTESIAN_POINT('',(-0.4,-2.35922392732846E-16,-5.89));
#11719=CARTESIAN_POINT('',(-0.4,-9.25185853854297E-18,-5.065));
#11720=CARTESIAN_POINT('',(4.71238898038469,0.6921));
#11721=CARTESIAN_POINT('',(4.71238898038469,1.5171));
#11722=CARTESIAN_POINT('',(-0.4,-2.77555756156289E-17,-5.065));
#11723=CARTESIAN_POINT('',(-0.6,0.,-5.065));
#11724=CARTESIAN_POINT('',(-0.6,0.2,-5.065));
#11725=CARTESIAN_POINT('',(4.71238898038469,1.5171));
#11726=CARTESIAN_POINT('',(3.14159265358979,1.5171));
#11727=CARTESIAN_POINT('',(-0.4,-9.25185853854297E-18,-3.365));
#11728=CARTESIAN_POINT('',(-0.4,-1.18720137887163E-16,-2.));
#11729=CARTESIAN_POINT('',(4.71238898038469,0.746099999999998));
#11730=CARTESIAN_POINT('',(4.71238898038469,2.1111));
#11731=CARTESIAN_POINT('',(3.14159265358979,2.1111));
#11732=CARTESIAN_POINT('',(4.71238898038469,2.1111));
#11733=CARTESIAN_POINT('',(3.14159265358979,1.16584899289397));
#11734=CARTESIAN_POINT('',(3.14159265358979,2.1111));
#11735=CARTESIAN_POINT('',(3.14159265358979,0.746099999999998));
#11736=CARTESIAN_POINT('',(3.14159265358979,1.16584899289397));
#11737=CARTESIAN_POINT('',(4.71238898038469,0.746099999999998));
#11738=CARTESIAN_POINT('',(3.14159265358979,0.746099999999998));
#11739=CARTESIAN_POINT('',(0.,-1.475));
#11740=CARTESIAN_POINT('',(0.,-0.15));
#11741=CARTESIAN_POINT('',(0.2,-1.675));
#11742=CARTESIAN_POINT('',(0.,-1.675));
#11743=CARTESIAN_POINT('',(0.,-1.475));
#11744=CARTESIAN_POINT('',(-0.4,-9.25185853854297E-18,-5.065));
#11745=CARTESIAN_POINT('',(0.6,0.,-5.065));
#11746=CARTESIAN_POINT('',(0.2,-1.675));
#11747=CARTESIAN_POINT('',(1.2,-1.675));
#11748=CARTESIAN_POINT('',(0.6,0.,-5.065));
#11749=CARTESIAN_POINT('',(0.6,1.525,-5.065));
#11750=CARTESIAN_POINT('',(1.2,-1.675));
#11751=CARTESIAN_POINT('',(1.2,-0.15));
#11752=CARTESIAN_POINT('',(0.6,1.525,-5.065));
#11753=CARTESIAN_POINT('',(-0.6,1.525,-5.065));
#11754=CARTESIAN_POINT('',(1.2,-0.15));
#11755=CARTESIAN_POINT('',(0.,-0.15));
#11756=CARTESIAN_POINT('',(0.6,0.,-4.555105148039));
#11757=CARTESIAN_POINT('',(0.6,0.,-5.065));
#11758=CARTESIAN_POINT('',(-4.555105148039,-0.6));
#11759=CARTESIAN_POINT('',(-5.065,-0.6));
#11760=CARTESIAN_POINT('',(-5.065,0.4));
#11761=CARTESIAN_POINT('',(-5.065,-0.6));
#11762=CARTESIAN_POINT('',(-5.89,0.4));
#11763=CARTESIAN_POINT('',(-5.065,0.4));
#11764=CARTESIAN_POINT('',(-5.89,-1.1));
#11765=CARTESIAN_POINT('',(-5.89,0.4));
#11766=CARTESIAN_POINT('',(-2.,-1.1));
#11767=CARTESIAN_POINT('',(-5.89,-1.1));
#11768=CARTESIAN_POINT('',(-2.,0.4));
#11769=CARTESIAN_POINT('',(-2.,-1.1));
#11770=CARTESIAN_POINT('',(-3.365,0.4));
#11771=CARTESIAN_POINT('',(-2.,0.4));
#11772=CARTESIAN_POINT('',(-3.365,-0.6));
#11773=CARTESIAN_POINT('',(-3.365,0.4));
#11774=CARTESIAN_POINT('',(0.6,0.,-3.365));
#11775=CARTESIAN_POINT('',(0.6,0.,-3.87489485196075));
#11776=CARTESIAN_POINT('',(-3.365,-0.6));
#11777=CARTESIAN_POINT('',(-3.87489485196075,-0.6));
#11778=CARTESIAN_POINT('',(0.6,0.,-3.87489485196075));
#11779=CARTESIAN_POINT('',(-0.3,0.,-3.87489485196075));
#11780=CARTESIAN_POINT('',(-3.87489485196075,-0.6));
#11781=CARTESIAN_POINT('',(-3.87489485196075,0.3));
#11782=CARTESIAN_POINT('',(-0.3,0.,-3.87489485196075));
#11783=CARTESIAN_POINT('',(-0.3,0.,-4.555105148039));
#11784=CARTESIAN_POINT('',(-3.87489485196075,0.3));
#11785=CARTESIAN_POINT('',(-4.555105148039,0.3));
#11786=CARTESIAN_POINT('',(-0.3,0.,-4.555105148039));
#11787=CARTESIAN_POINT('',(0.6,0.,-4.555105148039));
#11788=CARTESIAN_POINT('',(-4.555105148039,0.3));
#11789=CARTESIAN_POINT('',(-4.555105148039,-0.6));
#11790=CARTESIAN_POINT('',(-0.3,1.365,-3.87489485196075));
#11791=CARTESIAN_POINT('',(-0.3,0.,-3.87489485196075));
#11792=CARTESIAN_POINT('',(0.,0.6825));
#11793=CARTESIAN_POINT('',(0.,-0.6825));
#11794=CARTESIAN_POINT('',(0.9,-0.6825));
#11795=CARTESIAN_POINT('',(0.,-0.6825));
#11796=CARTESIAN_POINT('',(0.6,0.,-3.87489485196075));
#11797=CARTESIAN_POINT('',(0.6,1.525,-3.87489485196075));
#11798=CARTESIAN_POINT('',(0.9,-0.6825));
#11799=CARTESIAN_POINT('',(0.9,0.8425));
#11800=CARTESIAN_POINT('',(0.6,1.525,-3.87489485196075));
#11801=CARTESIAN_POINT('',(-0.14,1.525,-3.87489485196075));
#11802=CARTESIAN_POINT('',(0.9,0.8425));
#11803=CARTESIAN_POINT('',(0.16,0.8425));
#11804=CARTESIAN_POINT('',(-0.14,1.525,-3.87489485196075));
#11805=CARTESIAN_POINT('',(-0.3,1.365,-3.87489485196075));
#11806=CARTESIAN_POINT('',(0.16,0.8425));
#11807=CARTESIAN_POINT('',(0.,0.6825));
#11808=CARTESIAN_POINT('',(-0.3,1.365,-4.555105148039));
#11809=CARTESIAN_POINT('',(-0.3,0.,-4.555105148039));
#11810=CARTESIAN_POINT('',(-0.680210296078,1.365));
#11811=CARTESIAN_POINT('',(-0.680210296078,0.));
#11812=CARTESIAN_POINT('',(2.50022225145585E-13,0.));
#11813=CARTESIAN_POINT('',(-0.680210296078,0.));
#11814=CARTESIAN_POINT('',(2.50022225145585E-13,1.365));
#11815=CARTESIAN_POINT('',(2.50022225145585E-13,0.));
#11816=CARTESIAN_POINT('',(-0.3,1.365,-3.87489485196075));
#11817=CARTESIAN_POINT('',(-0.3,1.365,-4.555105148039));
#11818=CARTESIAN_POINT('',(2.50022225145585E-13,1.365));
#11819=CARTESIAN_POINT('',(-0.680210296078,1.365));
#11820=CARTESIAN_POINT('',(-0.14,1.525,-4.555105148039));
#11821=CARTESIAN_POINT('',(0.6,1.525,-4.555105148039));
#11822=CARTESIAN_POINT('',(-0.16,0.8425));
#11823=CARTESIAN_POINT('',(-0.9,0.8425));
#11824=CARTESIAN_POINT('',(0.6,1.525,-4.555105148039));
#11825=CARTESIAN_POINT('',(0.6,0.,-4.555105148039));
#11826=CARTESIAN_POINT('',(-0.9,0.8425));
#11827=CARTESIAN_POINT('',(-0.9,-0.6825));
#11828=CARTESIAN_POINT('',(0.,-0.6825));
#11829=CARTESIAN_POINT('',(-0.9,-0.6825));
#11830=CARTESIAN_POINT('',(0.,0.6825));
#11831=CARTESIAN_POINT('',(0.,-0.6825));
#11832=CARTESIAN_POINT('',(-0.3,1.365,-4.555105148039));
#11833=CARTESIAN_POINT('',(-0.14,1.525,-4.555105148039));
#11834=CARTESIAN_POINT('',(0.,0.6825));
#11835=CARTESIAN_POINT('',(-0.16,0.8425));
#11836=CARTESIAN_POINT('',(0.113137084989847,0.34010514803925));
#11837=CARTESIAN_POINT('',(0.113137084989847,-0.340105148039));
#11838=CARTESIAN_POINT('',(-0.113137084989847,0.34010514803925));
#11839=CARTESIAN_POINT('',(0.113137084989847,0.34010514803925));
#11840=CARTESIAN_POINT('',(-0.14,1.525,-3.87489485196075));
#11841=CARTESIAN_POINT('',(-0.14,1.525,-4.555105148039));
#11842=CARTESIAN_POINT('',(-0.113137084989847,0.34010514803925));
#11843=CARTESIAN_POINT('',(-0.113137084989847,-0.340105148039));
#11844=CARTESIAN_POINT('',(0.113137084989847,-0.340105148039));
#11845=CARTESIAN_POINT('',(-0.113137084989847,-0.340105148039));
#11846=CARTESIAN_POINT('',(1.2,-0.199999999999999));
#11847=CARTESIAN_POINT('',(0.,-0.199999999999999));
#11848=CARTESIAN_POINT('',(0.6,1.525,-5.065));
#11849=CARTESIAN_POINT('',(0.6,1.525,-5.265));
#11850=CARTESIAN_POINT('',(1.2,-0.199999999999999));
#11851=CARTESIAN_POINT('',(1.2,0.));
#11852=CARTESIAN_POINT('',(0.,0.));
#11853=CARTESIAN_POINT('',(1.2,0.));
#11854=CARTESIAN_POINT('',(0.,-0.199999999999999));
#11855=CARTESIAN_POINT('',(0.,0.));
#11856=CARTESIAN_POINT('',(1.2,-2.1));
#11857=CARTESIAN_POINT('',(0.,-2.1));
#11858=CARTESIAN_POINT('',(0.6,1.525,-3.165));
#11859=CARTESIAN_POINT('',(0.6,1.525,-3.365));
#11860=CARTESIAN_POINT('',(1.2,-2.1));
#11861=CARTESIAN_POINT('',(1.2,-1.9));
#11862=CARTESIAN_POINT('',(0.,-1.9));
#11863=CARTESIAN_POINT('',(1.2,-1.9));
#11864=CARTESIAN_POINT('',(0.,-2.1));
#11865=CARTESIAN_POINT('',(0.,-1.9));
#11866=CARTESIAN_POINT('',(0.6,1.525,-3.87489485196075));
#11867=CARTESIAN_POINT('',(0.6,1.525,-4.555105148039));
#11868=CARTESIAN_POINT('',(1.2,-1.39010514803925));
#11869=CARTESIAN_POINT('',(1.2,-0.709894851961));
#11870=CARTESIAN_POINT('',(0.46,-0.709894851961));
#11871=CARTESIAN_POINT('',(1.2,-0.709894851961));
#11872=CARTESIAN_POINT('',(0.46,-1.39010514803925));
#11873=CARTESIAN_POINT('',(0.46,-0.709894851961));
#11874=CARTESIAN_POINT('',(1.2,-1.39010514803925));
#11875=CARTESIAN_POINT('',(0.46,-1.39010514803925));
#11876=CARTESIAN_POINT('',(0.6,10.9,-2.525));
#11877=CARTESIAN_POINT('',(0.6,9.375,-2.525));
#11878=CARTESIAN_POINT('',(2.525,-10.9));
#11879=CARTESIAN_POINT('',(2.525,-9.375));
#11880=CARTESIAN_POINT('',(0.6,9.375,-2.525));
#11881=CARTESIAN_POINT('',(0.6,9.375,-2.725));
#11882=CARTESIAN_POINT('',(2.525,-9.375));
#11883=CARTESIAN_POINT('',(2.725,-9.375));
#11884=CARTESIAN_POINT('',(2.725,-8.025));
#11885=CARTESIAN_POINT('',(2.725,-9.375));
#11886=CARTESIAN_POINT('',(2.025,-8.025));
#11887=CARTESIAN_POINT('',(2.725,-8.025));
#11888=CARTESIAN_POINT('',(2.025,-9.225));
#11889=CARTESIAN_POINT('',(2.025,-8.025));
#11890=CARTESIAN_POINT('',(1.325,-9.225));
#11891=CARTESIAN_POINT('',(2.025,-9.225));
#11892=CARTESIAN_POINT('',(1.325,-8.025));
#11893=CARTESIAN_POINT('',(1.325,-9.225));
#11894=CARTESIAN_POINT('',(0.625,-8.025));
#11895=CARTESIAN_POINT('',(1.325,-8.025));
#11896=CARTESIAN_POINT('',(0.625,-9.375));
#11897=CARTESIAN_POINT('',(0.625,-8.025));
#11898=CARTESIAN_POINT('',(0.6,9.375,-0.625));
#11899=CARTESIAN_POINT('',(0.6,9.375,-0.825));
#11900=CARTESIAN_POINT('',(0.625,-9.375));
#11901=CARTESIAN_POINT('',(0.825,-9.375));
#11902=CARTESIAN_POINT('',(0.6,9.375,-0.825));
#11903=CARTESIAN_POINT('',(0.6,10.9,-0.825));
#11904=CARTESIAN_POINT('',(0.825,-9.375));
#11905=CARTESIAN_POINT('',(0.825,-10.9));
#11906=CARTESIAN_POINT('',(0.6,10.9,-0.825));
#11907=CARTESIAN_POINT('',(0.6,10.9,-1.334894851961));
#11908=CARTESIAN_POINT('',(0.825,-10.9));
#11909=CARTESIAN_POINT('',(1.334894851961,-10.9));
#11910=CARTESIAN_POINT('',(1.334894851961,-9.375));
#11911=CARTESIAN_POINT('',(1.334894851961,-10.9));
#11912=CARTESIAN_POINT('',(0.6,9.375,-1.334894851961));
#11913=CARTESIAN_POINT('',(0.6,9.375,-2.01510514803926));
#11914=CARTESIAN_POINT('',(1.334894851961,-9.375));
#11915=CARTESIAN_POINT('',(2.01510514803926,-9.375));
#11916=CARTESIAN_POINT('',(2.01510514803926,-10.9));
#11917=CARTESIAN_POINT('',(2.01510514803926,-9.375));
#11918=CARTESIAN_POINT('',(0.6,10.9,-2.01510514803926));
#11919=CARTESIAN_POINT('',(0.6,10.9,-2.525));
#11920=CARTESIAN_POINT('',(2.01510514803926,-10.9));
#11921=CARTESIAN_POINT('',(2.525,-10.9));
#11922=CARTESIAN_POINT('',(3.365,-1.525));
#11923=CARTESIAN_POINT('',(3.365,0.));
#11924=CARTESIAN_POINT('',(3.165,-1.525));
#11925=CARTESIAN_POINT('',(3.365,-1.525));
#11926=CARTESIAN_POINT('',(3.165,-2.875));
#11927=CARTESIAN_POINT('',(3.165,-1.525));
#11928=CARTESIAN_POINT('',(3.74,-2.875));
#11929=CARTESIAN_POINT('',(3.165,-2.875));
#11930=CARTESIAN_POINT('',(3.74,-1.675));
#11931=CARTESIAN_POINT('',(3.74,-2.875));
#11932=CARTESIAN_POINT('',(4.69,-1.675));
#11933=CARTESIAN_POINT('',(3.74,-1.675));
#11934=CARTESIAN_POINT('',(4.69,-2.875));
#11935=CARTESIAN_POINT('',(4.69,-1.675));
#11936=CARTESIAN_POINT('',(5.265,-2.875));
#11937=CARTESIAN_POINT('',(4.69,-2.875));
#11938=CARTESIAN_POINT('',(5.265,-1.525));
#11939=CARTESIAN_POINT('',(5.265,-2.875));
#11940=CARTESIAN_POINT('',(5.065,-1.525));
#11941=CARTESIAN_POINT('',(5.265,-1.525));
#11942=CARTESIAN_POINT('',(5.065,0.));
#11943=CARTESIAN_POINT('',(5.065,-1.525));
#11944=CARTESIAN_POINT('',(4.555105148039,0.));
#11945=CARTESIAN_POINT('',(5.065,0.));
#11946=CARTESIAN_POINT('',(4.555105148039,-1.525));
#11947=CARTESIAN_POINT('',(4.555105148039,0.));
#11948=CARTESIAN_POINT('',(3.87489485196075,-1.525));
#11949=CARTESIAN_POINT('',(4.555105148039,-1.525));
#11950=CARTESIAN_POINT('',(3.87489485196075,0.));
#11951=CARTESIAN_POINT('',(3.87489485196075,-1.525));
#11952=CARTESIAN_POINT('',(3.365,0.));
#11953=CARTESIAN_POINT('',(3.87489485196075,0.));
#11954=CARTESIAN_POINT('',(-1.98489485196074,-0.6));
#11955=CARTESIAN_POINT('',(-1.475,-0.6));
#11956=CARTESIAN_POINT('',(-1.98489485196074,0.3));
#11957=CARTESIAN_POINT('',(-1.98489485196074,-0.6));
#11958=CARTESIAN_POINT('',(-2.665105148039,0.3));
#11959=CARTESIAN_POINT('',(-1.98489485196074,0.3));
#11960=CARTESIAN_POINT('',(-2.665105148039,-0.6));
#11961=CARTESIAN_POINT('',(-2.665105148039,0.3));
#11962=CARTESIAN_POINT('',(-3.175,-0.6));
#11963=CARTESIAN_POINT('',(-2.665105148039,-0.6));
#11964=CARTESIAN_POINT('',(0.6,10.9,-0.825));
#11965=CARTESIAN_POINT('',(-0.4,10.9,-0.825));
#11966=CARTESIAN_POINT('',(-3.175,-0.6));
#11967=CARTESIAN_POINT('',(-3.175,0.4));
#11968=CARTESIAN_POINT('',(-0.4,10.9,-0.825));
#11969=CARTESIAN_POINT('',(-0.4,10.9,6.93889390390723E-18));
#11970=CARTESIAN_POINT('',(-3.175,0.4));
#11971=CARTESIAN_POINT('',(-4.,0.4));
#11972=CARTESIAN_POINT('',(-4.,-1.1));
#11973=CARTESIAN_POINT('',(-4.,0.4));
#11974=CARTESIAN_POINT('',(-0.5,-1.1));
#11975=CARTESIAN_POINT('',(-4.,-1.1));
#11976=CARTESIAN_POINT('',(-0.5,0.4));
#11977=CARTESIAN_POINT('',(-0.5,-1.1));
#11978=CARTESIAN_POINT('',(-0.4,10.9,-3.5));
#11979=CARTESIAN_POINT('',(-0.4,10.9,-2.525));
#11980=CARTESIAN_POINT('',(-0.5,0.4));
#11981=CARTESIAN_POINT('',(-1.475,0.4));
#11982=CARTESIAN_POINT('',(-0.4,10.9,-2.525));
#11983=CARTESIAN_POINT('',(0.6,10.9,-2.525));
#11984=CARTESIAN_POINT('',(-1.475,0.4));
#11985=CARTESIAN_POINT('',(-1.475,-0.6));
#11986=CARTESIAN_POINT('',(1.2,0.));
#11987=CARTESIAN_POINT('',(1.2,-1.525));
#11988=CARTESIAN_POINT('',(0.200000000000001,8.88178419700125E-16));
#11989=CARTESIAN_POINT('',(1.2,0.));
#11990=CARTESIAN_POINT('',(-0.399999999999998,10.9,-2.525));
#11991=CARTESIAN_POINT('',(-0.6,10.9,-2.525));
#11992=CARTESIAN_POINT('',(-0.6,10.7,-2.525));
#11993=CARTESIAN_POINT('',(0.200000000000001,8.88178419700125E-16));
#11994=CARTESIAN_POINT('',(6.74349277180241E-08,-6.74349335925992E-08));
#11995=CARTESIAN_POINT('',(-2.77555756156289E-16,-0.200000000000001));
#11996=CARTESIAN_POINT('',(0.,-1.525));
#11997=CARTESIAN_POINT('',(-2.77555756156289E-16,-0.200000000000001));
#11998=CARTESIAN_POINT('',(-0.6,9.375,-2.525));
#11999=CARTESIAN_POINT('',(0.6,9.375,-2.525));
#12000=CARTESIAN_POINT('',(0.,-1.525));
#12001=CARTESIAN_POINT('',(1.2,-1.525));
#12002=CARTESIAN_POINT('',(-2.77555756156289E-16,-1.475));
#12003=CARTESIAN_POINT('',(0.,-0.15));
#12004=CARTESIAN_POINT('',(-0.599999999999999,10.7,-0.825));
#12005=CARTESIAN_POINT('',(-0.600000000000001,10.9,-0.825));
#12006=CARTESIAN_POINT('',(-0.399999999999998,10.9,-0.825));
#12007=CARTESIAN_POINT('',(-2.77555756156289E-16,-1.475));
#12008=CARTESIAN_POINT('',(-4.71027672371265E-16,-1.67499993256505));
#12009=CARTESIAN_POINT('',(0.200000000000001,-1.675));
#12010=CARTESIAN_POINT('',(1.2,-1.675));
#12011=CARTESIAN_POINT('',(0.200000000000001,-1.675));
#12012=CARTESIAN_POINT('',(1.2,-0.15));
#12013=CARTESIAN_POINT('',(1.2,-1.675));
#12014=CARTESIAN_POINT('',(0.6,9.375,-0.825));
#12015=CARTESIAN_POINT('',(-0.6,9.375,-0.825));
#12016=CARTESIAN_POINT('',(1.2,-0.15));
#12017=CARTESIAN_POINT('',(0.,-0.15));
#12018=CARTESIAN_POINT('',(4.71238898038469,1.6821));
#12019=CARTESIAN_POINT('',(4.71238898038469,0.707099999999999));
#12020=CARTESIAN_POINT('',(3.14159265358979,1.6821));
#12021=CARTESIAN_POINT('',(4.71238898038469,1.6821));
#12022=CARTESIAN_POINT('',(3.14159265358979,0.707099999999999));
#12023=CARTESIAN_POINT('',(3.14159265358979,1.6821));
#12024=CARTESIAN_POINT('',(4.71238898038469,0.707099999999999));
#12025=CARTESIAN_POINT('',(3.14159265358979,0.707099999999999));
#12026=CARTESIAN_POINT('',(3.14159265358979,0.8921));
#12027=CARTESIAN_POINT('',(3.14159265358979,1.5171));
#12028=CARTESIAN_POINT('',(4.71238898038469,0.6921));
#12029=CARTESIAN_POINT('',(4.10476082880151,0.6921));
#12030=CARTESIAN_POINT('',(3.73177391361047,0.785830036412061));
#12031=CARTESIAN_POINT('',(3.14159265358979,0.8921));
#12032=CARTESIAN_POINT('',(4.71238898038469,1.5171));
#12033=CARTESIAN_POINT('',(4.71238898038469,0.6921));
#12034=CARTESIAN_POINT('',(3.14159265358979,1.5171));
#12035=CARTESIAN_POINT('',(4.71238898038469,1.5171));
#12036=CARTESIAN_POINT('',(1.2,-2.1));
#12037=CARTESIAN_POINT('',(0.,-2.1));
#12038=CARTESIAN_POINT('',(1.2,-1.9));
#12039=CARTESIAN_POINT('',(1.2,-2.1));
#12040=CARTESIAN_POINT('',(0.,-1.9));
#12041=CARTESIAN_POINT('',(1.2,-1.9));
#12042=CARTESIAN_POINT('',(0.,-2.1));
#12043=CARTESIAN_POINT('',(0.,-1.9));
#12044=CARTESIAN_POINT('',(1.2,-0.709894851961));
#12045=CARTESIAN_POINT('',(1.2,-1.39010514803926));
#12046=CARTESIAN_POINT('',(0.46,-0.709894851961));
#12047=CARTESIAN_POINT('',(1.2,-0.709894851961));
#12048=CARTESIAN_POINT('',(0.46,-1.39010514803926));
#12049=CARTESIAN_POINT('',(0.46,-0.709894851961));
#12050=CARTESIAN_POINT('',(1.2,-1.39010514803926));
#12051=CARTESIAN_POINT('',(0.46,-1.39010514803926));
#12052=CARTESIAN_POINT('',(1.2,-0.2));
#12053=CARTESIAN_POINT('',(0.,-0.2));
#12054=CARTESIAN_POINT('',(1.2,0.));
#12055=CARTESIAN_POINT('',(1.2,-0.2));
#12056=CARTESIAN_POINT('',(0.,0.));
#12057=CARTESIAN_POINT('',(1.2,0.));
#12058=CARTESIAN_POINT('',(0.,-0.2));
#12059=CARTESIAN_POINT('',(0.,0.));
#12060=CARTESIAN_POINT('',(7.5636193253881,0.628318530717958));
#12061=CARTESIAN_POINT('',(7.5636193253881,0.942477796076938));
#12062=CARTESIAN_POINT('',(-0.4,5.77,-4.));
#12063=CARTESIAN_POINT('',(-0.4,4.15564135144825,-4.));
#12064=CARTESIAN_POINT('',(-0.4,3.67133375688261,-5.53999999999995));
#12065=CARTESIAN_POINT('',(7.5636193253881,0.628318530717958));
#12066=CARTESIAN_POINT('',(10.5617038855869,0.628318530717635));
#12067=CARTESIAN_POINT('',(10.561703885587,0.942477796077286));
#12068=CARTESIAN_POINT('',(10.5617038855869,0.628318530717635));
#12069=CARTESIAN_POINT('',(7.5636193253881,0.942477796076938));
#12070=CARTESIAN_POINT('',(10.561703885587,0.942477796077286));
#12071=CARTESIAN_POINT('',(2.2596,2.82091543673482));
#12072=CARTESIAN_POINT('',(2.2596,1.5707963267949));
#12073=CARTESIAN_POINT('',(0.7596,2.82091543673482));
#12074=CARTESIAN_POINT('',(2.2596,2.82091543673482));
#12075=CARTESIAN_POINT('',(0.7596,1.5707963267949));
#12076=CARTESIAN_POINT('',(0.7596,2.82091543673482));
#12077=CARTESIAN_POINT('',(2.2596,1.5707963267949));
#12078=CARTESIAN_POINT('',(0.7596,1.5707963267949));
#12079=CARTESIAN_POINT('',(0.,0.,0.));
#12080=CARTESIAN_POINT('',(-0.5396,-0.5846,0.4));
#12081=CARTESIAN_POINT('',(0.207987126436747,-0.5846,-0.295845517241381));
#12082=CARTESIAN_POINT('',(-0.57959999999998,0.04,-0.2496));
#12083=CARTESIAN_POINT('',(0.892012873563253,-0.5846,-0.295845517241381));
#12084=CARTESIAN_POINT('',(-0.579599999999979,0.19,-0.2496));
#12085=CARTESIAN_POINT('',(1.71411895244869,0.69,0.8));
#12086=CARTESIAN_POINT('',(1.71411895244869,0.69,0.55));
#12087=CARTESIAN_POINT('',(1.71411895244869,0.44,0.55));
#12088=CARTESIAN_POINT('',(1.71411895244869,0.19,0.55));
#12089=CARTESIAN_POINT('',(1.71411895244869,0.19,0.8));
#12090=CARTESIAN_POINT('',(1.71411895244869,0.19,1.05));
#12091=CARTESIAN_POINT('',(1.71411895244869,0.44,1.05));
#12092=CARTESIAN_POINT('',(1.71411895244869,0.69,1.05));
#12093=CARTESIAN_POINT('',(1.71411895244869,0.69,0.8));
#12094=CARTESIAN_POINT('',(-0.614118952448609,0.69,0.8));
#12095=CARTESIAN_POINT('',(-0.614118952448609,0.69,0.55));
#12096=CARTESIAN_POINT('',(-0.614118952448609,0.44,0.55));
#12097=CARTESIAN_POINT('',(-0.614118952448609,0.19,0.55));
#12098=CARTESIAN_POINT('',(-0.614118952448609,0.19,0.8));
#12099=CARTESIAN_POINT('',(-0.614118952448609,0.19,1.05));
#12100=CARTESIAN_POINT('',(-0.614118952448609,0.44,1.05));
#12101=CARTESIAN_POINT('',(-0.614118952448609,0.69,1.05));
#12102=CARTESIAN_POINT('',(-0.614118952448609,0.69,0.8));
#12103=CARTESIAN_POINT('',(1.068675271706,0.6750368336177,0.7273156428369));
#12104=CARTESIAN_POINT('',(1.066211241232,0.6831545491741,0.7509052511504));
#12105=CARTESIAN_POINT('',(1.057251390178,0.6971368729495,0.8402331832827));
#12106=CARTESIAN_POINT('',(1.041795718546,0.6335519143828,0.9934783686073));
#12107=CARTESIAN_POINT('',(1.022308256808,0.44,1.073760515231));
#12108=CARTESIAN_POINT('',(1.002820795071,0.2464480856172,0.9934783686073));
#12109=CARTESIAN_POINT('',(0.9873576882616,0.1828325385777,0.8401594624487));
#12110=CARTESIAN_POINT('',(0.9783904020317,0.196868691814,0.7507569963525));
#12111=CARTESIAN_POINT('',(0.9759189363808,0.205036768369,0.7271021256213));
#12112=CARTESIAN_POINT('',(1.068675271706,0.7245187673626,0.7120135198033));
#12113=CARTESIAN_POINT('',(1.066211241232,0.7343454927671,0.7405694111359));
#12114=CARTESIAN_POINT('',(1.057251390178,0.7512714931059,0.84870341188));
#12115=CARTESIAN_POINT('',(1.041795718546,0.6743000935353,1.034211064284));
#12116=CARTESIAN_POINT('',(1.022308256808,0.44,1.131394884569));
#12117=CARTESIAN_POINT('',(1.002820795071,0.2056999064647,1.034211064284));
#12118=CARTESIAN_POINT('',(0.9873576882616,0.1286914786785,0.8486141707152));
#12119=CARTESIAN_POINT('',(0.9783904020317,0.1456826411095,0.7403899444893));
#12120=CARTESIAN_POINT('',(0.9759189363808,0.1555703299342,0.7117550511452));
#12121=CARTESIAN_POINT('',(1.068675271706,0.7740007011075,0.6967113967697));
#12122=CARTESIAN_POINT('',(1.066211241232,0.7855364363601,0.7302335711213));
#12123=CARTESIAN_POINT('',(1.057251390178,0.8054061132623,0.8571736404774));
#12124=CARTESIAN_POINT('',(1.041795718546,0.7150482726877,1.07494375996));
#12125=CARTESIAN_POINT('',(1.022308256808,0.44,1.189029253906));
#12126=CARTESIAN_POINT('',(1.002820795071,0.1649517273123,1.07494375996));
#12127=CARTESIAN_POINT('',(0.9873576882616,0.07455041877917,0.8570688789817));
#12128=CARTESIAN_POINT('',(0.9783904020317,0.09449659040509,0.730022892626));
#12129=CARTESIAN_POINT('',(0.9759189363808,0.1061038914995,0.6964079766692));
#12130=CARTESIAN_POINT('',(1.068675271706,0.8234826348524,0.6814092737362));
#12131=CARTESIAN_POINT('',(1.066211241232,0.8367273799531,0.7198977311068));
#12132=CARTESIAN_POINT('',(1.057251390178,0.8595407334187,0.8656438690747));
#12133=CARTESIAN_POINT('',(1.041795718546,0.7557964518402,1.115676455636));
#12134=CARTESIAN_POINT('',(1.022308256808,0.44,1.246663623244));
#12135=CARTESIAN_POINT('',(1.002820795071,0.1242035481598,1.115676455636));
#12136=CARTESIAN_POINT('',(0.9873576882616,0.02040935887988,0.8655235872481));
#12137=CARTESIAN_POINT('',(0.9783904020317,0.04331053970065,0.7196558407628));
#12138=CARTESIAN_POINT('',(0.9759189363808,0.05663745306473,0.6810609021931));
#12139=CARTESIAN_POINT('',(1.71883978604027,0.84,0.8));
#12140=CARTESIAN_POINT('',(-0.618839786040318,0.84,0.8));
#12141=CARTESIAN_POINT('',(1.71883978604027,0.84,0.4));
#12142=CARTESIAN_POINT('',(-0.618839786040318,0.84,0.4));
#12143=CARTESIAN_POINT('',(1.71883978604027,0.44,0.4));
#12144=CARTESIAN_POINT('',(-0.618839786040318,0.44,0.4));
#12145=CARTESIAN_POINT('',(1.71883978604027,0.04,0.4));
#12146=CARTESIAN_POINT('',(-0.618839786040318,0.04,0.4));
#12147=CARTESIAN_POINT('',(1.71883978604027,0.0399999999999999,0.8));
#12148=CARTESIAN_POINT('',(-0.618839786040318,0.0399999999999999,0.8));
#12149=CARTESIAN_POINT('',(1.71883978604027,0.0399999999999999,1.2));
#12150=CARTESIAN_POINT('',(-0.618839786040318,0.0399999999999999,1.2));
#12151=CARTESIAN_POINT('',(1.71883978604027,0.44,1.2));
#12152=CARTESIAN_POINT('',(-0.618839786040318,0.44,1.2));
#12153=CARTESIAN_POINT('',(1.71883978604027,0.84,1.2));
#12154=CARTESIAN_POINT('',(-0.618839786040318,0.84,1.2));
#12155=CARTESIAN_POINT('',(1.71883978604027,0.84,0.8));
#12156=CARTESIAN_POINT('',(-0.618839786040318,0.84,0.8));
#12157=CARTESIAN_POINT('',(0.03132472829391,0.6750368336177,0.7273156428369));
#12158=CARTESIAN_POINT('',(0.03132472829391,0.7245187673626,0.7120135198033));
#12159=CARTESIAN_POINT('',(0.03132472829391,0.7740007011075,0.6967113967697));
#12160=CARTESIAN_POINT('',(0.03132472829391,0.8234826348524,0.6814092737362));
#12161=CARTESIAN_POINT('',(0.03378875876824,0.6831545491741,0.7509052511504));
#12162=CARTESIAN_POINT('',(0.03378875876824,0.7343454927671,0.7405694111359));
#12163=CARTESIAN_POINT('',(0.03378875876824,0.7855364363601,0.7302335711214));
#12164=CARTESIAN_POINT('',(0.03378875876824,0.8367273799531,0.7198977311068));
#12165=CARTESIAN_POINT('',(0.04274860982171,0.6971368729495,0.8402331832827));
#12166=CARTESIAN_POINT('',(0.04274860982171,0.7512714931059,0.84870341188));
#12167=CARTESIAN_POINT('',(0.04274860982171,0.8054061132623,0.8571736404774));
#12168=CARTESIAN_POINT('',(0.04274860982171,0.8595407334187,0.8656438690747));
#12169=CARTESIAN_POINT('',(0.05820428145433,0.6335519143828,0.9934783686073));
#12170=CARTESIAN_POINT('',(0.05820428145433,0.6743000935353,1.034211064284));
#12171=CARTESIAN_POINT('',(0.05820428145433,0.7150482726877,1.07494375996));
#12172=CARTESIAN_POINT('',(0.05820428145433,0.7557964518402,1.115676455636));
#12173=CARTESIAN_POINT('',(0.07769174319177,0.44,1.073760515231));
#12174=CARTESIAN_POINT('',(0.07769174319177,0.44,1.131394884569));
#12175=CARTESIAN_POINT('',(0.07769174319177,0.44,1.189029253906));
#12176=CARTESIAN_POINT('',(0.07769174319177,0.44,1.246663623244));
#12177=CARTESIAN_POINT('',(0.09717920492922,0.2464480856172,0.9934783686073));
#12178=CARTESIAN_POINT('',(0.09717920492922,0.2056999064647,1.034211064284));
#12179=CARTESIAN_POINT('',(0.09717920492922,0.1649517273123,1.07494375996));
#12180=CARTESIAN_POINT('',(0.09717920492922,0.1242035481598,1.115676455636));
#12181=CARTESIAN_POINT('',(0.1126423117384,0.1828325385777,0.8401594624487));
#12182=CARTESIAN_POINT('',(0.1126423117384,0.1286914786785,0.8486141707152));
#12183=CARTESIAN_POINT('',(0.1126423117384,0.07455041877917,0.8570688789817));
#12184=CARTESIAN_POINT('',(0.1126423117384,0.02040935887988,0.8655235872481));
#12185=CARTESIAN_POINT('',(0.1216095979683,0.196868691814,0.7507569963525));
#12186=CARTESIAN_POINT('',(0.1216095979683,0.1456826411095,0.7403899444893));
#12187=CARTESIAN_POINT('',(0.1216095979683,0.09449659040509,0.730022892626));
#12188=CARTESIAN_POINT('',(0.1216095979683,0.04331053970065,0.7196558407628));
#12189=CARTESIAN_POINT('',(0.1240810636192,0.205036768369,0.7271021256213));
#12190=CARTESIAN_POINT('',(0.1240810636192,0.1555703299342,0.7117550511452));
#12191=CARTESIAN_POINT('',(0.1240810636192,0.1061038914995,0.6964079766692));
#12192=CARTESIAN_POINT('',(0.1240810636192,0.05663745306473,0.6810609021931));
#12193=CARTESIAN_POINT('',(-0.618839786040318,0.340000000000001,1.81271528960804));
#12194=CARTESIAN_POINT('',(0.149999999999989,0.19,0.399999999999999));
#12195=CARTESIAN_POINT('',(0.149999999999989,0.04,0.399999999999999));
#12196=CARTESIAN_POINT('',(0.950000000000011,0.19,0.399999999999999));
#12197=CARTESIAN_POINT('',(0.950000000000011,0.04,0.399999999999999));
#12198=CARTESIAN_POINT('',(0.116666666666668,0.04,0.799999999999995));
#12199=CARTESIAN_POINT('',(0.116666666666668,0.19,0.800000000000001));
#12200=CARTESIAN_POINT('',(0.983333333333337,0.04,0.799999999999995));
#12201=CARTESIAN_POINT('',(0.983333333333336,0.19,0.800000000000001));
#12202=CARTESIAN_POINT('',(0.0879008729594762,0.339999999999999,1.02912878474779));
#12203=CARTESIAN_POINT('',(1.01209912704058,0.340000000000001,1.02912878474779));
#12204=CARTESIAN_POINT('',(1.01603315503355,0.339999999999951,1.18729833462024));
#12205=CARTESIAN_POINT('',(0.0839668449663974,0.339999999999985,1.18729833462074));
#12206=CARTESIAN_POINT('',(0.149999999999989,0.19,0.399999999999999));
#12207=CARTESIAN_POINT('',(0.950000000000011,0.19,0.399999999999999));
#12208=CARTESIAN_POINT('',(0.075,-0.4));
#12209=CARTESIAN_POINT('',(0.075,0.4));
#12210=CARTESIAN_POINT('',(0.950000000000011,0.19,0.399999999999999));
#12211=CARTESIAN_POINT('',(0.950000000000011,0.04,0.399999999999999));
#12212=CARTESIAN_POINT('',(0.075,0.4));
#12213=CARTESIAN_POINT('',(-0.075,0.4));
#12214=CARTESIAN_POINT('',(0.950000000000011,0.04,0.399999999999999));
#12215=CARTESIAN_POINT('',(0.149999999999989,0.04,0.399999999999999));
#12216=CARTESIAN_POINT('',(-0.075,0.4));
#12217=CARTESIAN_POINT('',(-0.075,-0.4));
#12218=CARTESIAN_POINT('',(0.149999999999989,0.04,0.399999999999999));
#12219=CARTESIAN_POINT('',(0.149999999999989,0.19,0.399999999999999));
#12220=CARTESIAN_POINT('',(-0.075,-0.4));
#12221=CARTESIAN_POINT('',(0.075,-0.4));
#12222=CARTESIAN_POINT('',(0.116666666666668,0.04,0.799999999999995));
#12223=CARTESIAN_POINT('',(0.116666666666668,0.19,0.800000000000001));
#12224=CARTESIAN_POINT('',(0.200693242979868,-0.075));
#12225=CARTESIAN_POINT('',(0.200693242979867,0.075));
#12226=CARTESIAN_POINT('',(0.116666666666668,0.19,0.800000000000001));
#12227=CARTESIAN_POINT('',(0.149999999999989,0.19,0.399999999999999));
#12228=CARTESIAN_POINT('',(0.200693242979867,0.075));
#12229=CARTESIAN_POINT('',(-0.200693242979874,0.075));
#12230=CARTESIAN_POINT('',(-0.200693242979874,-0.075));
#12231=CARTESIAN_POINT('',(-0.200693242979874,0.075));
#12232=CARTESIAN_POINT('',(0.149999999999989,0.04,0.399999999999999));
#12233=CARTESIAN_POINT('',(0.116666666666668,0.04,0.799999999999995));
#12234=CARTESIAN_POINT('',(-0.200693242979874,-0.075));
#12235=CARTESIAN_POINT('',(0.200693242979868,-0.075));
#12236=CARTESIAN_POINT('',(-0.95,-0.4));
#12237=CARTESIAN_POINT('',(-0.983333333333316,0.));
#12238=CARTESIAN_POINT('',(-0.15,-0.4));
#12239=CARTESIAN_POINT('',(-0.95,-0.4));
#12240=CARTESIAN_POINT('',(0.950000000000011,0.04,0.399999999999999));
#12241=CARTESIAN_POINT('',(0.983333333333337,0.04,0.799999999999995));
#12242=CARTESIAN_POINT('',(-0.15,-0.4));
#12243=CARTESIAN_POINT('',(-0.116666666666679,0.));
#12244=CARTESIAN_POINT('',(0.983333333333337,0.04,0.799999999999995));
#12245=CARTESIAN_POINT('',(0.116666666666668,0.04,0.799999999999995));
#12246=CARTESIAN_POINT('',(-0.116666666666679,0.));
#12247=CARTESIAN_POINT('',(-0.983333333333316,0.));
#12248=CARTESIAN_POINT('',(0.950000000000011,0.19,0.399999999999999));
#12249=CARTESIAN_POINT('',(0.983333333333336,0.19,0.800000000000001));
#12250=CARTESIAN_POINT('',(0.075,-0.200693242979874));
#12251=CARTESIAN_POINT('',(0.075,0.200693242979868));
#12252=CARTESIAN_POINT('',(0.983333333333336,0.19,0.800000000000001));
#12253=CARTESIAN_POINT('',(0.983333333333337,0.04,0.799999999999995));
#12254=CARTESIAN_POINT('',(0.075,0.200693242979868));
#12255=CARTESIAN_POINT('',(-0.075,0.200693242979868));
#12256=CARTESIAN_POINT('',(-0.075,-0.200693242979874));
#12257=CARTESIAN_POINT('',(-0.075,0.200693242979868));
#12258=CARTESIAN_POINT('',(0.075,-0.200693242979874));
#12259=CARTESIAN_POINT('',(-0.075,-0.200693242979874));
#12260=CARTESIAN_POINT('',(-0.4,-0.95));
#12261=CARTESIAN_POINT('',(-0.4,-0.15));
#12262=CARTESIAN_POINT('',(0.,-0.983333333333315));
#12263=CARTESIAN_POINT('',(-0.4,-0.95));
#12264=CARTESIAN_POINT('',(0.116666666666668,0.19,0.800000000000001));
#12265=CARTESIAN_POINT('',(0.983333333333336,0.19,0.800000000000001));
#12266=CARTESIAN_POINT('',(0.,-0.983333333333315));
#12267=CARTESIAN_POINT('',(0.,-0.116666666666681));
#12268=CARTESIAN_POINT('',(-0.4,-0.15));
#12269=CARTESIAN_POINT('',(0.,-0.116666666666681));
#12270=CARTESIAN_POINT('',(0.0879008729594762,0.339999999999999,1.02912878474779));
#12271=CARTESIAN_POINT('',(1.01209912704058,0.340000000000001,1.02912878474779));
#12272=CARTESIAN_POINT('',(1.62621807948919,4.28564018249266));
#12273=CARTESIAN_POINT('',(0.702019825408108,4.28564018249266));
#12274=CARTESIAN_POINT('',(1.01209912704058,0.340000000000001,1.02912878474779));
#12275=CARTESIAN_POINT('',(1.00730482808943,0.295645030766179,1.00974140552967));
#12276=CARTESIAN_POINT('',(1.00251052913826,0.257149103352752,0.977537957333444));
#12277=CARTESIAN_POINT('',(0.992921932378848,0.204634726570068,0.896500312245977));
#12278=CARTESIAN_POINT('',(0.988127634570632,0.189949955798523,0.848305872682967));
#12279=CARTESIAN_POINT('',(0.983333333333336,0.19,0.800000000000001));
#12280=CARTESIAN_POINT('',(0.702019825408108,4.28564018249266));
#12281=CARTESIAN_POINT('',(0.71163544798138,3.90429168473862));
#12282=CARTESIAN_POINT('',(0.722266088908703,3.52297020991827));
#12283=CARTESIAN_POINT('',(0.730785619115369,3.14159265358979));
#12284=CARTESIAN_POINT('',(1.597452285782,3.14159265358979));
#12285=CARTESIAN_POINT('',(0.730785619115369,3.14159265358979));
#12286=CARTESIAN_POINT('',(0.116666666666668,0.19,0.800000000000001));
#12287=CARTESIAN_POINT('',(0.111872365429399,0.189949955798524,0.848305872682967));
#12288=CARTESIAN_POINT('',(0.107078067621248,0.204634726570068,0.896500312245975));
#12289=CARTESIAN_POINT('',(0.0974894708618852,0.257149103352751,0.977537957333442));
#12290=CARTESIAN_POINT('',(0.0926951719106786,0.295645030766178,1.00974140552967));
#12291=CARTESIAN_POINT('',(0.0879008729594762,0.339999999999999,1.02912878474779));
#12292=CARTESIAN_POINT('',(1.597452285782,3.14159265358979));
#12293=CARTESIAN_POINT('',(1.60597181598862,3.52297020991827));
#12294=CARTESIAN_POINT('',(1.61660245691582,3.90429168473862));
#12295=CARTESIAN_POINT('',(1.62621807948919,4.28564018249266));
#12296=CARTESIAN_POINT('',(1.01209912704058,0.340000000000001,1.02912878474779));
#12297=CARTESIAN_POINT('',(1.01265211659914,0.339999999999996,1.04308731109198));
#12298=CARTESIAN_POINT('',(1.01312159581583,0.339999999999992,1.05704924513507));
#12299=CARTESIAN_POINT('',(1.01353593898297,0.339999999999988,1.0710125747843));
#12300=CARTESIAN_POINT('',(1.01396330948058,0.339999999999983,1.08541492436694));
#12301=CARTESIAN_POINT('',(1.01433162507887,0.339999999999979,1.09981907824816));
#12302=CARTESIAN_POINT('',(1.01465976437658,0.339999999999974,1.11422403030099));
#12303=CARTESIAN_POINT('',(1.01521458666679,0.339999999999967,1.13858011487886));
#12304=CARTESIAN_POINT('',(1.01565579612349,0.339999999999959,1.16293885424831));
#12305=CARTESIAN_POINT('',(1.01603315503355,0.339999999999951,1.18729833462024));
#12306=CARTESIAN_POINT('',(0.0211569050376003,0.609943724783033));
#12307=CARTESIAN_POINT('',(0.341525246063371,0.586686370955526));
#12308=CARTESIAN_POINT('',(0.662149093753105,0.576167762975347));
#12309=CARTESIAN_POINT('',(0.983079910370875,0.567531225634327));
#12310=CARTESIAN_POINT('',(1.01603315503355,0.339999999999951,1.18729833462024));
#12311=CARTESIAN_POINT('',(1.01058318475022,0.25494075089514,1.16492190396025));
#12312=CARTESIAN_POINT('',(1.00513321446694,0.177180517076622,1.11463705451));
#12313=CARTESIAN_POINT('',(0.994233273900156,0.070344374650997,0.975467965018698));
#12314=CARTESIAN_POINT('',(0.988783303616703,0.0399397207017143,0.887859500817545));
#12315=CARTESIAN_POINT('',(0.983333333333337,0.04,0.799999999999995));
#12316=CARTESIAN_POINT('',(0.983079910370875,0.567531225634327));
#12317=CARTESIAN_POINT('',(0.98076149713828,0.920065870147746));
#12318=CARTESIAN_POINT('',(0.0192318764414196,0.920065870147782));
#12319=CARTESIAN_POINT('',(0.98076149713828,0.920065870147746));
#12320=CARTESIAN_POINT('',(0.0211569050376003,0.609943724783033));
#12321=CARTESIAN_POINT('',(0.0192318764414196,0.920065870147782));
#12322=CARTESIAN_POINT('',(1.01603315503355,0.339999999999951,1.18729833462024));
#12323=CARTESIAN_POINT('',(0.0839668449663974,0.339999999999985,1.18729833462074));
#12324=CARTESIAN_POINT('',(4.44433194088281,0.702806631006715));
#12325=CARTESIAN_POINT('',(4.4443319408833,1.63487294107387));
#12326=CARTESIAN_POINT('',(0.0839668449663974,0.339999999999985,1.18729833462074));
#12327=CARTESIAN_POINT('',(0.0894168152497768,0.254940750895009,1.16492190396066));
#12328=CARTESIAN_POINT('',(0.0948667855331603,0.177180517076409,1.11463705451028));
#12329=CARTESIAN_POINT('',(0.105766726099936,0.0703443746507947,0.975467965018768));
#12330=CARTESIAN_POINT('',(0.111216696383322,0.0399397207016006,0.887859500817544));
#12331=CARTESIAN_POINT('',(0.116666666666668,0.04,0.799999999999995));
#12332=CARTESIAN_POINT('',(4.4443319408833,1.63487294107387));
#12333=CARTESIAN_POINT('',(4.01007701486256,1.62430640980789));
#12334=CARTESIAN_POINT('',(3.57587082583537,1.61187438768648));
#12335=CARTESIAN_POINT('',(3.14159265358979,1.60217311937358));
#12336=CARTESIAN_POINT('',(3.14159265358979,0.735506452706944));
#12337=CARTESIAN_POINT('',(3.14159265358979,1.60217311937358));
#12338=CARTESIAN_POINT('',(4.44433194088281,0.702806631006715));
#12339=CARTESIAN_POINT('',(4.01007701486224,0.713373162272595));
#12340=CARTESIAN_POINT('',(3.5758708258352,0.725805184394013));
#12341=CARTESIAN_POINT('',(3.14159265358979,0.735506452706944));
#12342=CARTESIAN_POINT('',(0.0839668449663974,0.339999999999985,1.18729833462074));
#12343=CARTESIAN_POINT('',(0.0843442038764657,0.339999999999987,1.1629388542486));
#12344=CARTESIAN_POINT('',(0.0847854133331657,0.339999999999989,1.13858011487894));
#12345=CARTESIAN_POINT('',(0.085340235623387,0.339999999999991,1.11422403030087));
#12346=CARTESIAN_POINT('',(0.0856683749210991,0.339999999999993,1.09981907824806));
#12347=CARTESIAN_POINT('',(0.0860366905193932,0.339999999999994,1.08541492436686));
#12348=CARTESIAN_POINT('',(0.0864640610170013,0.339999999999995,1.07101257478424));
#12349=CARTESIAN_POINT('',(0.0868784041841501,0.339999999999996,1.05704924513502));
#12350=CARTESIAN_POINT('',(0.0873478834009086,0.339999999999997,1.04308731109196));
#12351=CARTESIAN_POINT('',(0.0879008729594762,0.339999999999999,1.02912878474779));
#12352=CARTESIAN_POINT('',(0.567531225634199,0.983079910375388));
#12353=CARTESIAN_POINT('',(0.576167762975228,0.662149093756112));
#12354=CARTESIAN_POINT('',(0.58668637095542,0.341525246064874));
#12355=CARTESIAN_POINT('',(0.609943724783041,0.0211569050376001));
#12356=CARTESIAN_POINT('',(0.920065870147781,0.0192318764414195));
#12357=CARTESIAN_POINT('',(0.609943724783041,0.0211569050376001));
#12358=CARTESIAN_POINT('',(0.920065870147746,0.98076149713828));
#12359=CARTESIAN_POINT('',(0.920065870147781,0.0192318764414195));
#12360=CARTESIAN_POINT('',(0.567531225634199,0.983079910375388));
#12361=CARTESIAN_POINT('',(0.920065870147746,0.98076149713828));
#12362=CARTESIAN_POINT('',(-0.23396684496645,-1.38729833462001));
#12363=CARTESIAN_POINT('',(-1.1660331550336,-1.38729833462074));
#12364=CARTESIAN_POINT('',(-0.23790087295942,-1.22912878474779));
#12365=CARTESIAN_POINT('',(-0.23734788340086,-1.24308731109196));
#12366=CARTESIAN_POINT('',(-0.23687840418417,-1.25704924513503));
#12367=CARTESIAN_POINT('',(-0.23646406101703,-1.27101257478424));
#12368=CARTESIAN_POINT('',(-0.23603669051942,-1.28541492436686));
#12369=CARTESIAN_POINT('',(-0.23566837492113,-1.29981907824806));
#12370=CARTESIAN_POINT('',(-0.23534023562342,-1.31422403030087));
#12371=CARTESIAN_POINT('',(-0.23478541333321,-1.3385801148787));
#12372=CARTESIAN_POINT('',(-0.23434420387651,-1.36293885424811));
#12373=CARTESIAN_POINT('',(-0.23396684496645,-1.38729833462001));
#12374=CARTESIAN_POINT('',(-1.1620991270405,-1.22912878474779));
#12375=CARTESIAN_POINT('',(-0.23790087295942,-1.22912878474779));
#12376=CARTESIAN_POINT('',(-1.1660331550336,-1.38729833462074));
#12377=CARTESIAN_POINT('',(-1.16565579612353,-1.3629388542486));
#12378=CARTESIAN_POINT('',(-1.16521458666683,-1.33858011487894));
#12379=CARTESIAN_POINT('',(-1.1646597643766,-1.31422403030087));
#12380=CARTESIAN_POINT('',(-1.16433162507889,-1.29981907824806));
#12381=CARTESIAN_POINT('',(-1.16396330948059,-1.28541492436686));
#12382=CARTESIAN_POINT('',(-1.16353593898298,-1.27101257478424));
#12383=CARTESIAN_POINT('',(-1.16312159581583,-1.25704924513502));
#12384=CARTESIAN_POINT('',(-1.16265211659907,-1.24308731109196));
#12385=CARTESIAN_POINT('',(-1.1620991270405,-1.22912878474779));
#12386=CARTESIAN_POINT('',(1.6396,0.5846,0.4));
#12387=CARTESIAN_POINT('',(0.207987126436747,0.5846,-0.295845517241381));
#12388=CARTESIAN_POINT('',(1.67959999999998,-0.04,-0.2496));
#12389=CARTESIAN_POINT('',(1.67959999999998,-0.19,-0.2496));
#12390=CARTESIAN_POINT('',(0.892012873563253,0.5846,-0.295845517241381));
#12391=CARTESIAN_POINT('',(1.068675271706,-0.6750368336177,0.7273156428369));
#12392=CARTESIAN_POINT('',(1.068675271706,-0.7245187673626,0.7120135198033));
#12393=CARTESIAN_POINT('',(1.068675271706,-0.7740007011075,0.6967113967697));
#12394=CARTESIAN_POINT('',(1.068675271706,-0.8234826348524,0.6814092737362));
#12395=CARTESIAN_POINT('',(1.066211241232,-0.6831545491741,0.7509052511504));
#12396=CARTESIAN_POINT('',(1.066211241232,-0.7343454927671,0.7405694111359));
#12397=CARTESIAN_POINT('',(1.066211241232,-0.7855364363601,0.7302335711214));
#12398=CARTESIAN_POINT('',(1.066211241232,-0.8367273799531,0.7198977311068));
#12399=CARTESIAN_POINT('',(1.057251390178,-0.6971368729495,0.8402331832827));
#12400=CARTESIAN_POINT('',(1.057251390178,-0.7512714931059,0.84870341188));
#12401=CARTESIAN_POINT('',(1.057251390178,-0.8054061132623,0.8571736404774));
#12402=CARTESIAN_POINT('',(1.057251390178,-0.8595407334187,0.8656438690747));
#12403=CARTESIAN_POINT('',(1.041795718546,-0.6335519143828,0.9934783686073));
#12404=CARTESIAN_POINT('',(1.041795718546,-0.6743000935353,1.034211064284));
#12405=CARTESIAN_POINT('',(1.041795718546,-0.7150482726877,1.07494375996));
#12406=CARTESIAN_POINT('',(1.041795718546,-0.7557964518402,1.115676455636));
#12407=CARTESIAN_POINT('',(1.022308256808,-0.44,1.073760515231));
#12408=CARTESIAN_POINT('',(1.022308256808,-0.44,1.131394884569));
#12409=CARTESIAN_POINT('',(1.022308256808,-0.44,1.189029253906));
#12410=CARTESIAN_POINT('',(1.022308256808,-0.44,1.246663623244));
#12411=CARTESIAN_POINT('',(1.002820795071,-0.2464480856172,0.9934783686073));
#12412=CARTESIAN_POINT('',(1.002820795071,-0.2056999064647,1.034211064284));
#12413=CARTESIAN_POINT('',(1.002820795071,-0.1649517273123,1.07494375996));
#12414=CARTESIAN_POINT('',(1.002820795071,-0.1242035481598,1.115676455636));
#12415=CARTESIAN_POINT('',(0.9873576882616,-0.1828325385777,0.8401594624487));
#12416=CARTESIAN_POINT('',(0.9873576882616,-0.1286914786785,0.8486141707152));
#12417=CARTESIAN_POINT('',(0.9873576882616,-0.07455041877917,0.8570688789817));
#12418=CARTESIAN_POINT('',(0.9873576882616,-0.02040935887988,0.8655235872481));
#12419=CARTESIAN_POINT('',(0.9783904020317,-0.196868691814,0.7507569963525));
#12420=CARTESIAN_POINT('',(0.9783904020317,-0.1456826411095,0.7403899444893));
#12421=CARTESIAN_POINT('',(0.9783904020317,-0.09449659040509,0.730022892626));
#12422=CARTESIAN_POINT('',(0.9783904020317,-0.04331053970065,0.7196558407628));
#12423=CARTESIAN_POINT('',(0.9759189363808,-0.205036768369,0.7271021256213));
#12424=CARTESIAN_POINT('',(0.9759189363808,-0.1555703299342,0.7117550511452));
#12425=CARTESIAN_POINT('',(0.9759189363808,-0.1061038914995,0.6964079766692));
#12426=CARTESIAN_POINT('',(0.9759189363808,-0.05663745306473,0.6810609021931));
#12427=CARTESIAN_POINT('',(-0.610095892146154,-0.69,0.8));
#12428=CARTESIAN_POINT('',(-0.610095892146154,-0.69,0.55));
#12429=CARTESIAN_POINT('',(-0.610095892146154,-0.44,0.55));
#12430=CARTESIAN_POINT('',(-0.610095892146154,-0.19,0.55));
#12431=CARTESIAN_POINT('',(-0.610095892146154,-0.19,0.8));
#12432=CARTESIAN_POINT('',(-0.610095892146154,-0.19,1.05));
#12433=CARTESIAN_POINT('',(-0.610095892146154,-0.44,1.05));
#12434=CARTESIAN_POINT('',(-0.610095892146154,-0.69,1.05));
#12435=CARTESIAN_POINT('',(-0.610095892146154,-0.69,0.8));
#12436=CARTESIAN_POINT('',(1.71009589214621,-0.69,0.8));
#12437=CARTESIAN_POINT('',(1.71009589214621,-0.69,0.55));
#12438=CARTESIAN_POINT('',(1.71009589214621,-0.44,0.55));
#12439=CARTESIAN_POINT('',(1.71009589214621,-0.19,0.55));
#12440=CARTESIAN_POINT('',(1.71009589214621,-0.19,0.8));
#12441=CARTESIAN_POINT('',(1.71009589214621,-0.19,1.05));
#12442=CARTESIAN_POINT('',(1.71009589214621,-0.44,1.05));
#12443=CARTESIAN_POINT('',(1.71009589214621,-0.69,1.05));
#12444=CARTESIAN_POINT('',(1.71009589214621,-0.69,0.8));
#12445=CARTESIAN_POINT('',(-0.616511042909545,-0.84,0.8));
#12446=CARTESIAN_POINT('',(1.71651104290951,-0.84,0.8));
#12447=CARTESIAN_POINT('',(-0.616511042909545,-0.84,0.4));
#12448=CARTESIAN_POINT('',(1.71651104290951,-0.84,0.4));
#12449=CARTESIAN_POINT('',(-0.616511042909545,-0.44,0.4));
#12450=CARTESIAN_POINT('',(1.71651104290951,-0.44,0.4));
#12451=CARTESIAN_POINT('',(-0.616511042909545,-0.04,0.4));
#12452=CARTESIAN_POINT('',(1.71651104290951,-0.04,0.4));
#12453=CARTESIAN_POINT('',(-0.616511042909545,-0.0399999999999999,0.8));
#12454=CARTESIAN_POINT('',(1.71651104290951,-0.0399999999999999,0.8));
#12455=CARTESIAN_POINT('',(-0.616511042909545,-0.0399999999999999,1.2));
#12456=CARTESIAN_POINT('',(1.71651104290951,-0.0399999999999999,1.2));
#12457=CARTESIAN_POINT('',(-0.616511042909545,-0.44,1.2));
#12458=CARTESIAN_POINT('',(1.71651104290951,-0.44,1.2));
#12459=CARTESIAN_POINT('',(-0.616511042909545,-0.84,1.2));
#12460=CARTESIAN_POINT('',(1.71651104290951,-0.84,1.2));
#12461=CARTESIAN_POINT('',(-0.616511042909545,-0.84,0.8));
#12462=CARTESIAN_POINT('',(1.71651104290951,-0.84,0.8));
#12463=CARTESIAN_POINT('',(0.03132472829391,-0.6750368336177,0.7273156428369));
#12464=CARTESIAN_POINT('',(0.03378875876824,-0.6831545491741,0.7509052511504));
#12465=CARTESIAN_POINT('',(0.04274860982171,-0.6971368729495,0.8402331832827));
#12466=CARTESIAN_POINT('',(0.05820428145433,-0.6335519143828,0.9934783686073));
#12467=CARTESIAN_POINT('',(0.07769174319177,-0.44,1.073760515231));
#12468=CARTESIAN_POINT('',(0.09717920492922,-0.2464480856172,0.9934783686073));
#12469=CARTESIAN_POINT('',(0.1126423117384,-0.1828325385777,0.8401594624487));
#12470=CARTESIAN_POINT('',(0.1216095979683,-0.196868691814,0.7507569963525));
#12471=CARTESIAN_POINT('',(0.1240810636192,-0.205036768369,0.7271021256213));
#12472=CARTESIAN_POINT('',(0.03132472829391,-0.7245187673626,0.7120135198033));
#12473=CARTESIAN_POINT('',(0.03378875876824,-0.7343454927671,0.7405694111359));
#12474=CARTESIAN_POINT('',(0.04274860982171,-0.7512714931059,0.84870341188));
#12475=CARTESIAN_POINT('',(0.05820428145433,-0.6743000935353,1.034211064284));
#12476=CARTESIAN_POINT('',(0.07769174319177,-0.44,1.131394884569));
#12477=CARTESIAN_POINT('',(0.09717920492922,-0.2056999064647,1.034211064284));
#12478=CARTESIAN_POINT('',(0.1126423117384,-0.1286914786785,0.8486141707152));
#12479=CARTESIAN_POINT('',(0.1216095979683,-0.1456826411095,0.7403899444893));
#12480=CARTESIAN_POINT('',(0.1240810636192,-0.1555703299342,0.7117550511452));
#12481=CARTESIAN_POINT('',(0.03132472829391,-0.7740007011075,0.6967113967697));
#12482=CARTESIAN_POINT('',(0.03378875876824,-0.7855364363601,0.7302335711214));
#12483=CARTESIAN_POINT('',(0.04274860982171,-0.8054061132623,0.8571736404774));
#12484=CARTESIAN_POINT('',(0.05820428145433,-0.7150482726877,1.07494375996));
#12485=CARTESIAN_POINT('',(0.07769174319177,-0.44,1.189029253906));
#12486=CARTESIAN_POINT('',(0.09717920492922,-0.1649517273123,1.07494375996));
#12487=CARTESIAN_POINT('',(0.1126423117384,-0.07455041877917,0.8570688789817));
#12488=CARTESIAN_POINT('',(0.1216095979683,-0.09449659040509,0.730022892626));
#12489=CARTESIAN_POINT('',(0.1240810636192,-0.1061038914995,0.6964079766692));
#12490=CARTESIAN_POINT('',(0.03132472829391,-0.8234826348524,0.6814092737362));
#12491=CARTESIAN_POINT('',(0.03378875876824,-0.8367273799531,0.7198977311068));
#12492=CARTESIAN_POINT('',(0.04274860982171,-0.8595407334187,0.8656438690747));
#12493=CARTESIAN_POINT('',(0.05820428145433,-0.7557964518402,1.115676455636));
#12494=CARTESIAN_POINT('',(0.07769174319177,-0.44,1.246663623244));
#12495=CARTESIAN_POINT('',(0.09717920492922,-0.1242035481598,1.115676455636));
#12496=CARTESIAN_POINT('',(0.1126423117384,-0.02040935887988,0.8655235872481));
#12497=CARTESIAN_POINT('',(0.1216095979683,-0.04331053970065,0.7196558407628));
#12498=CARTESIAN_POINT('',(0.1240810636192,-0.05663745306473,0.6810609021931));
#12499=CARTESIAN_POINT('',(-0.616511042909545,-0.31,0.387467160905938));
#12500=CARTESIAN_POINT('',(0.950000000000011,-0.19,0.399999999999999));
#12501=CARTESIAN_POINT('',(0.950000000000011,-0.04,0.399999999999999));
#12502=CARTESIAN_POINT('',(0.149999999999989,-0.19,0.399999999999999));
#12503=CARTESIAN_POINT('',(0.149999999999989,-0.04,0.399999999999999));
#12504=CARTESIAN_POINT('',(0.116666666666668,-0.19,0.800000000000001));
#12505=CARTESIAN_POINT('',(0.116666666666668,-0.04,0.799999999999995));
#12506=CARTESIAN_POINT('',(0.983333333333337,-0.04,0.799999999999995));
#12507=CARTESIAN_POINT('',(0.983333333333336,-0.19,0.800000000000001));
#12508=CARTESIAN_POINT('',(1.01409253575792,-0.309999999999916,1.17828560638683));
#12509=CARTESIAN_POINT('',(1.00874657678851,-0.310000000000038,1.01354156504067));
#12510=CARTESIAN_POINT('',(0.0912534232115426,-0.310000000000006,1.01354156504063));
#12511=CARTESIAN_POINT('',(0.0859074642420433,-0.309999999999972,1.17828560638754));
#12512=CARTESIAN_POINT('',(0.950000000000011,-0.19,0.399999999999999));
#12513=CARTESIAN_POINT('',(0.149999999999989,-0.19,0.399999999999999));
#12514=CARTESIAN_POINT('',(0.075,-0.4));
#12515=CARTESIAN_POINT('',(0.075,0.4));
#12516=CARTESIAN_POINT('',(0.149999999999989,-0.19,0.399999999999999));
#12517=CARTESIAN_POINT('',(0.149999999999989,-0.04,0.399999999999999));
#12518=CARTESIAN_POINT('',(0.075,0.4));
#12519=CARTESIAN_POINT('',(-0.075,0.4));
#12520=CARTESIAN_POINT('',(0.149999999999989,-0.04,0.399999999999999));
#12521=CARTESIAN_POINT('',(0.950000000000011,-0.04,0.399999999999999));
#12522=CARTESIAN_POINT('',(-0.075,0.4));
#12523=CARTESIAN_POINT('',(-0.075,-0.4));
#12524=CARTESIAN_POINT('',(0.950000000000011,-0.04,0.399999999999999));
#12525=CARTESIAN_POINT('',(0.950000000000011,-0.19,0.399999999999999));
#12526=CARTESIAN_POINT('',(-0.075,-0.4));
#12527=CARTESIAN_POINT('',(0.075,-0.4));
#12528=CARTESIAN_POINT('',(0.149999999999989,-0.19,0.399999999999999));
#12529=CARTESIAN_POINT('',(0.116666666666668,-0.19,0.800000000000001));
#12530=CARTESIAN_POINT('',(0.075,-0.200693242979874));
#12531=CARTESIAN_POINT('',(0.075,0.200693242979867));
#12532=CARTESIAN_POINT('',(0.116666666666668,-0.19,0.800000000000001));
#12533=CARTESIAN_POINT('',(0.116666666666668,-0.04,0.799999999999995));
#12534=CARTESIAN_POINT('',(0.075,0.200693242979867));
#12535=CARTESIAN_POINT('',(-0.075,0.200693242979868));
#12536=CARTESIAN_POINT('',(0.116666666666668,-0.04,0.799999999999995));
#12537=CARTESIAN_POINT('',(0.149999999999989,-0.04,0.399999999999999));
#12538=CARTESIAN_POINT('',(-0.075,0.200693242979868));
#12539=CARTESIAN_POINT('',(-0.075,-0.200693242979874));
#12540=CARTESIAN_POINT('',(0.075,-0.200693242979874));
#12541=CARTESIAN_POINT('',(-0.075,-0.200693242979874));
#12542=CARTESIAN_POINT('',(0.983333333333337,-0.04,0.799999999999995));
#12543=CARTESIAN_POINT('',(0.950000000000011,-0.04,0.399999999999999));
#12544=CARTESIAN_POINT('',(-0.983333333333321,0.));
#12545=CARTESIAN_POINT('',(-0.95,-0.4));
#12546=CARTESIAN_POINT('',(-0.15,-0.4));
#12547=CARTESIAN_POINT('',(-0.95,-0.4));
#12548=CARTESIAN_POINT('',(-0.116666666666684,0.));
#12549=CARTESIAN_POINT('',(-0.15,-0.4));
#12550=CARTESIAN_POINT('',(0.116666666666668,-0.04,0.799999999999995));
#12551=CARTESIAN_POINT('',(0.983333333333337,-0.04,0.799999999999995));
#12552=CARTESIAN_POINT('',(-0.116666666666684,0.));
#12553=CARTESIAN_POINT('',(-0.983333333333321,0.));
#12554=CARTESIAN_POINT('',(-0.4,-0.95));
#12555=CARTESIAN_POINT('',(-0.4,-0.15));
#12556=CARTESIAN_POINT('',(0.950000000000011,-0.19,0.399999999999999));
#12557=CARTESIAN_POINT('',(0.983333333333336,-0.19,0.800000000000001));
#12558=CARTESIAN_POINT('',(-0.4,-0.95));
#12559=CARTESIAN_POINT('',(0.,-0.983333333333319));
#12560=CARTESIAN_POINT('',(0.983333333333336,-0.19,0.800000000000001));
#12561=CARTESIAN_POINT('',(0.116666666666668,-0.19,0.800000000000001));
#12562=CARTESIAN_POINT('',(0.,-0.983333333333319));
#12563=CARTESIAN_POINT('',(0.,-0.116666666666685));
#12564=CARTESIAN_POINT('',(-0.4,-0.15));
#12565=CARTESIAN_POINT('',(0.,-0.116666666666685));
#12566=CARTESIAN_POINT('',(0.983333333333337,-0.04,0.799999999999995));
#12567=CARTESIAN_POINT('',(0.983333333333336,-0.19,0.800000000000001));
#12568=CARTESIAN_POINT('',(0.200693242979868,-0.075));
#12569=CARTESIAN_POINT('',(0.200693242979868,0.075));
#12570=CARTESIAN_POINT('',(-0.200693242979874,0.075));
#12571=CARTESIAN_POINT('',(0.200693242979868,0.075));
#12572=CARTESIAN_POINT('',(-0.200693242979874,-0.075));
#12573=CARTESIAN_POINT('',(-0.200693242979874,0.075));
#12574=CARTESIAN_POINT('',(0.200693242979868,-0.075));
#12575=CARTESIAN_POINT('',(-0.200693242979874,-0.075));
#12576=CARTESIAN_POINT('',(1.01409253575792,-0.309999999999916,1.17828560638683));
#12577=CARTESIAN_POINT('',(1.01381920191033,-0.309999999999926,1.16470159210068));
#12578=CARTESIAN_POINT('',(1.0135198302767,-0.309999999999936,1.15111805805371));
#12579=CARTESIAN_POINT('',(1.01318564773817,-0.309999999999946,1.13753540450039));
#12580=CARTESIAN_POINT('',(1.01284289451608,-0.309999999999956,1.12360440053287));
#12581=CARTESIAN_POINT('',(1.01246366681971,-0.309999999999967,1.10967420516049));
#12582=CARTESIAN_POINT('',(1.0120340769936,-0.309999999999977,1.09574560853716));
#12583=CARTESIAN_POINT('',(1.0111886830975,-0.309999999999997,1.06833539104397));
#12584=CARTESIAN_POINT('',(1.01015884064383,-0.310000000000018,1.04092842730465));
#12585=CARTESIAN_POINT('',(1.00874657678851,-0.310000000000038,1.01354156504067));
#12586=CARTESIAN_POINT('',(0.588452915445073,0.983682386472111));
#12587=CARTESIAN_POINT('',(0.599399558739562,0.677634983834247));
#12588=CARTESIAN_POINT('',(0.615218993840662,0.325660680966709));
#12589=CARTESIAN_POINT('',(0.646087350340755,0.0206358555859155));
#12590=CARTESIAN_POINT('',(1.00874657678851,-0.310000000000038,1.01354156504067));
#12591=CARTESIAN_POINT('',(1.0045110362127,-0.273447819776038,0.991446851284714));
#12592=CARTESIAN_POINT('',(1.00027549563685,-0.24298894307821,0.959819301963091));
#12593=CARTESIAN_POINT('',(0.991804415494915,-0.201427205512697,0.885260646178112));
#12594=CARTESIAN_POINT('',(0.987568875928846,-0.189963501672903,0.84267599619869));
#12595=CARTESIAN_POINT('',(0.983333333333336,-0.19,0.800000000000001));
#12596=CARTESIAN_POINT('',(0.646087350340755,0.0206358555859155));
#12597=CARTESIAN_POINT('',(0.920065870147782,0.0192318764414196));
#12598=CARTESIAN_POINT('',(0.920065870147746,0.98076149713828));
#12599=CARTESIAN_POINT('',(0.920065870147782,0.0192318764414196));
#12600=CARTESIAN_POINT('',(0.983333333333337,-0.04,0.799999999999995));
#12601=CARTESIAN_POINT('',(0.988460298400601,-0.0400000000000234,0.88265230232414));
#12602=CARTESIAN_POINT('',(0.993591469580871,-0.0664069199707378,0.965104847629639));
#12603=CARTESIAN_POINT('',(1.0038489588329,-0.162440172229622,1.09965303628764));
#12604=CARTESIAN_POINT('',(1.00897527690465,-0.231834468111173,1.15142357681461));
#12605=CARTESIAN_POINT('',(1.01409253575792,-0.309999999999916,1.17828560638683));
#12606=CARTESIAN_POINT('',(0.920065870147746,0.98076149713828));
#12607=CARTESIAN_POINT('',(0.588452915445073,0.983682386472111));
#12608=CARTESIAN_POINT('',(1.00874657678851,-0.310000000000038,1.01354156504067));
#12609=CARTESIAN_POINT('',(0.0912534232115426,-0.310000000000006,1.01354156504063));
#12610=CARTESIAN_POINT('',(1.61884246893466,4.15422634488305));
#12611=CARTESIAN_POINT('',(0.701349315357697,4.15422634488276));
#12612=CARTESIAN_POINT('',(0.0912534232115426,-0.310000000000006,1.01354156504063));
#12613=CARTESIAN_POINT('',(0.0954889637874012,-0.273447819776018,0.991446851284676));
#12614=CARTESIAN_POINT('',(0.0997245043632654,-0.242988943078203,0.959819301963054));
#12615=CARTESIAN_POINT('',(0.108195584505155,-0.2014272055127,0.885260646178089));
#12616=CARTESIAN_POINT('',(0.112431124071177,-0.189963501672908,0.842675996198678));
#12617=CARTESIAN_POINT('',(0.116666666666668,-0.19,0.800000000000001));
#12618=CARTESIAN_POINT('',(0.701349315357697,4.15422634488276));
#12619=CARTESIAN_POINT('',(0.710051040683118,3.81668749055979));
#12620=CARTESIAN_POINT('',(0.719221656457671,3.47916184381528));
#12621=CARTESIAN_POINT('',(0.726762558812839,3.14159265358979));
#12622=CARTESIAN_POINT('',(1.59342922547947,3.14159265358979));
#12623=CARTESIAN_POINT('',(0.726762558812839,3.14159265358979));
#12624=CARTESIAN_POINT('',(1.61884246893466,4.15422634488305));
#12625=CARTESIAN_POINT('',(1.61014074360934,3.81668749055998));
#12626=CARTESIAN_POINT('',(1.60097012783467,3.47916184381538));
#12627=CARTESIAN_POINT('',(1.59342922547947,3.14159265358979));
#12628=CARTESIAN_POINT('',(0.0859074642420433,-0.309999999999972,1.17828560638754));
#12629=CARTESIAN_POINT('',(1.01409253575792,-0.309999999999916,1.17828560638683));
#12630=CARTESIAN_POINT('',(4.36534438204682,0.702418507151588));
#12631=CARTESIAN_POINT('',(4.36534438204596,1.63060357866747));
#12632=CARTESIAN_POINT('',(3.14159265358979,1.59984437624287));
#12633=CARTESIAN_POINT('',(3.54954014443099,1.60895744781582));
#12634=CARTESIAN_POINT('',(3.95742364776424,1.62048848968921));
#12635=CARTESIAN_POINT('',(4.36534438204596,1.63060357866747));
#12636=CARTESIAN_POINT('',(3.14159265358979,0.733177709576229));
#12637=CARTESIAN_POINT('',(3.14159265358979,1.59984437624287));
#12638=CARTESIAN_POINT('',(0.116666666666668,-0.04,0.799999999999995));
#12639=CARTESIAN_POINT('',(0.111539701600261,-0.040000000000008,0.882652302310749));
#12640=CARTESIAN_POINT('',(0.10640853042084,-0.0664069199618386,0.96510484760304));
#12641=CARTESIAN_POINT('',(0.0961510423915888,-0.162440160759087,1.09965302023168));
#12642=CARTESIAN_POINT('',(0.0910247255406001,-0.231834435008744,1.15142355212481));
#12643=CARTESIAN_POINT('',(0.0859074642420433,-0.309999999999972,1.17828560638754));
#12644=CARTESIAN_POINT('',(3.14159265358979,0.733177709576229));
#12645=CARTESIAN_POINT('',(3.54954014443128,0.724064638003321));
#12646=CARTESIAN_POINT('',(3.95742364776533,0.712533596150133));
#12647=CARTESIAN_POINT('',(4.36534438204682,0.702418507151588));
#12648=CARTESIAN_POINT('',(0.0912534232115426,-0.310000000000006,1.01354156504063));
#12649=CARTESIAN_POINT('',(0.0898411593562088,-0.31,1.04092842730457));
#12650=CARTESIAN_POINT('',(0.0888113169025164,-0.309999999999995,1.06833539104385));
#12651=CARTESIAN_POINT('',(0.0879659230064066,-0.309999999999989,1.095745608537));
#12652=CARTESIAN_POINT('',(0.0875363331802894,-0.309999999999986,1.10967420516031));
#12653=CARTESIAN_POINT('',(0.0871571054839231,-0.309999999999984,1.12360440053266));
#12654=CARTESIAN_POINT('',(0.0868143522618196,-0.309999999999981,1.13753540450014));
#12655=CARTESIAN_POINT('',(0.0864801697232827,-0.309999999999978,1.15111805805378));
#12656=CARTESIAN_POINT('',(0.0861807980896412,-0.309999999999975,1.16470159210108));
#12657=CARTESIAN_POINT('',(0.0859074642420433,-0.309999999999972,1.17828560638754));
#12658=CARTESIAN_POINT('',(0.0206358555859085,0.646087350340833));
#12659=CARTESIAN_POINT('',(0.325660680969478,0.615218993840438));
#12660=CARTESIAN_POINT('',(0.677634983837752,0.59939955873937));
#12661=CARTESIAN_POINT('',(0.983682386478404,0.588452915444839));
#12662=CARTESIAN_POINT('',(0.98076149713828,0.920065870147746));
#12663=CARTESIAN_POINT('',(0.983682386478404,0.588452915444839));
#12664=CARTESIAN_POINT('',(0.0192318764414201,0.920065870147781));
#12665=CARTESIAN_POINT('',(0.98076149713828,0.920065870147746));
#12666=CARTESIAN_POINT('',(0.0206358555859085,0.646087350340833));
#12667=CARTESIAN_POINT('',(0.0192318764414201,0.920065870147781));
#12668=CARTESIAN_POINT('',(-0.23590746424208,-0.12171439361349));
#12669=CARTESIAN_POINT('',(-0.23618079808967,-0.13529840789961));
#12670=CARTESIAN_POINT('',(-0.2364801697233,-0.14888194194656));
#12671=CARTESIAN_POINT('',(-0.23681435226183,-0.16246459549985));
#12672=CARTESIAN_POINT('',(-0.23715710548392,-0.17639559946734));
#12673=CARTESIAN_POINT('',(-0.23753633318029,-0.19032579483969));
#12674=CARTESIAN_POINT('',(-0.2379659230064,-0.204254391463));
#12675=CARTESIAN_POINT('',(-0.2388113169025,-0.23166460895613));
#12676=CARTESIAN_POINT('',(-0.23984115935617,-0.2590715726954));
#12677=CARTESIAN_POINT('',(-0.24125342321149,-0.28645843495933));
#12678=CARTESIAN_POINT('',(-1.16409253575796,-0.12171439361245));
#12679=CARTESIAN_POINT('',(-0.23590746424208,-0.12171439361349));
#12680=CARTESIAN_POINT('',(-1.15874657678846,-0.28645843495937));
#12681=CARTESIAN_POINT('',(-1.16015884064379,-0.25907157269543));
#12682=CARTESIAN_POINT('',(-1.16118868309748,-0.23166460895615));
#12683=CARTESIAN_POINT('',(-1.16203407699359,-0.204254391463));
#12684=CARTESIAN_POINT('',(-1.16246366681971,-0.19032579483969));
#12685=CARTESIAN_POINT('',(-1.16284289451608,-0.17639559946734));
#12686=CARTESIAN_POINT('',(-1.16318564773818,-0.16246459549985));
#12687=CARTESIAN_POINT('',(-1.16351983027672,-0.14888194194621));
#12688=CARTESIAN_POINT('',(-1.16381920191036,-0.13529840789891));
#12689=CARTESIAN_POINT('',(-1.16409253575796,-0.12171439361245));
#12690=CARTESIAN_POINT('',(-0.24125342321149,-0.28645843495933));
#12691=CARTESIAN_POINT('',(-1.15874657678846,-0.28645843495937));
#12692=CARTESIAN_POINT('',(5.6696,0.84,1.07960000000112));
#12693=CARTESIAN_POINT('',(5.6696,0.69,1.0946));
#12694=CARTESIAN_POINT('',(5.6696,-0.84,-1.57960000001229));
#12695=CARTESIAN_POINT('',(5.6696,-0.69,-1.7446));
#12696=CARTESIAN_POINT('',(2.85,-1.4646,0.3));
#12697=CARTESIAN_POINT('',(3.,-1.4646,0.3));
#12698=CARTESIAN_POINT('',(3.,-1.4646,0.15));
#12699=CARTESIAN_POINT('',(3.,-1.4646,2.77555756156289E-17));
#12700=CARTESIAN_POINT('',(2.85,-1.4646,0.));
#12701=CARTESIAN_POINT('',(2.7,-1.4646,0.));
#12702=CARTESIAN_POINT('',(2.7,-1.4646,0.15));
#12703=CARTESIAN_POINT('',(2.7,-1.4646,0.3));
#12704=CARTESIAN_POINT('',(2.85,-1.4646,0.3));
#12705=CARTESIAN_POINT('',(2.85,-0.0654000000000003,0.3));
#12706=CARTESIAN_POINT('',(3.,-0.0654000000000003,0.3));
#12707=CARTESIAN_POINT('',(3.,-0.0654000000000003,0.15));
#12708=CARTESIAN_POINT('',(3.,-0.0654000000000003,2.77555756156289E-17));
#12709=CARTESIAN_POINT('',(2.85,-0.0654000000000003,0.));
#12710=CARTESIAN_POINT('',(2.7,-0.0654000000000003,0.));
#12711=CARTESIAN_POINT('',(2.7,-0.0654000000000003,0.15));
#12712=CARTESIAN_POINT('',(2.7,-0.0654000000000003,0.3));
#12713=CARTESIAN_POINT('',(2.85,-0.0654000000000003,0.3));
#12714=CARTESIAN_POINT('',(2.85,1.4646,0.));
#12715=CARTESIAN_POINT('',(3.,1.4646,0.));
#12716=CARTESIAN_POINT('',(3.,1.4646,0.15));
#12717=CARTESIAN_POINT('',(3.,1.4646,0.3));
#12718=CARTESIAN_POINT('',(2.85,1.4646,0.3));
#12719=CARTESIAN_POINT('',(2.7,1.4646,0.3));
#12720=CARTESIAN_POINT('',(2.7,1.4646,0.15));
#12721=CARTESIAN_POINT('',(2.7,1.4646,5.55111512312578E-17));
#12722=CARTESIAN_POINT('',(2.85,1.4646,0.));
#12723=CARTESIAN_POINT('',(2.85,0.0654000000000003,0.));
#12724=CARTESIAN_POINT('',(3.,0.0654000000000003,0.));
#12725=CARTESIAN_POINT('',(3.,0.0654000000000003,0.15));
#12726=CARTESIAN_POINT('',(3.,0.0654000000000003,0.3));
#12727=CARTESIAN_POINT('',(2.85,0.0654000000000003,0.3));
#12728=CARTESIAN_POINT('',(2.7,0.0654000000000003,0.3));
#12729=CARTESIAN_POINT('',(2.7,0.0654000000000003,0.15));
#12730=CARTESIAN_POINT('',(2.7,0.0654000000000003,5.55111512312578E-17));
#12731=CARTESIAN_POINT('',(2.85,0.0654000000000003,0.));
#12732=CARTESIAN_POINT('',(2.20539857771448,1.4646000103256,-0.85));
#12733=CARTESIAN_POINT('',(2.95,1.46464890584535,-1.15));
#12734=CARTESIAN_POINT('',(3.1,1.46464890584535,-1.15));
#12735=CARTESIAN_POINT('',(3.1,1.46464890584535,-1.));
#12736=CARTESIAN_POINT('',(3.1,1.46464890584535,-0.85));
#12737=CARTESIAN_POINT('',(2.95,1.46464890584535,-0.85));
#12738=CARTESIAN_POINT('',(2.8,1.46464890584535,-0.85));
#12739=CARTESIAN_POINT('',(2.8,1.46464890584535,-1.));
#12740=CARTESIAN_POINT('',(2.8,1.46464890584535,-1.15));
#12741=CARTESIAN_POINT('',(2.95,1.46464890584535,-1.15));
#12742=CARTESIAN_POINT('',(2.95,0.0653955540140565,-1.15));
#12743=CARTESIAN_POINT('',(3.1,0.0653955540140565,-1.15));
#12744=CARTESIAN_POINT('',(3.1,0.0653955540140565,-1.));
#12745=CARTESIAN_POINT('',(3.1,0.0653955540140565,-0.85));
#12746=CARTESIAN_POINT('',(2.95,0.0653955540140565,-0.85));
#12747=CARTESIAN_POINT('',(2.8,0.0653955540140565,-0.85));
#12748=CARTESIAN_POINT('',(2.8,0.0653955540140565,-1.));
#12749=CARTESIAN_POINT('',(2.8,0.0653955540140565,-1.15));
#12750=CARTESIAN_POINT('',(2.95,0.0653955540140565,-1.15));
#12751=CARTESIAN_POINT('',(0.250401553297634,0.34,-0.85));
#12752=CARTESIAN_POINT('',(3.74959844826003,0.34,-0.85));
#12753=CARTESIAN_POINT('',(0.250401553297634,0.34,-1.1));
#12754=CARTESIAN_POINT('',(3.74959844826003,0.34,-1.1));
#12755=CARTESIAN_POINT('',(0.250401553297634,0.59,-1.1));
#12756=CARTESIAN_POINT('',(3.74959844826003,0.59,-1.1));
#12757=CARTESIAN_POINT('',(0.250401553297634,0.84,-1.1));
#12758=CARTESIAN_POINT('',(3.74959844826003,0.84,-1.1));
#12759=CARTESIAN_POINT('',(0.250401553297634,0.84,-0.85));
#12760=CARTESIAN_POINT('',(3.74959844826003,0.84,-0.85));
#12761=CARTESIAN_POINT('',(0.250401553297634,0.84,-0.6));
#12762=CARTESIAN_POINT('',(3.74959844826003,0.84,-0.6));
#12763=CARTESIAN_POINT('',(0.250401553297634,0.59,-0.6));
#12764=CARTESIAN_POINT('',(3.74959844826003,0.59,-0.6));
#12765=CARTESIAN_POINT('',(0.250401553297634,0.34,-0.6));
#12766=CARTESIAN_POINT('',(3.74959844826003,0.34,-0.6));
#12767=CARTESIAN_POINT('',(0.250401553297634,0.34,-0.85));
#12768=CARTESIAN_POINT('',(3.74959844826003,0.34,-0.85));
#12769=CARTESIAN_POINT('',(2.8,1.4146,-1.72904387170614));
#12770=CARTESIAN_POINT('',(3.1,0.64,-0.310662794416282));
#12771=CARTESIAN_POINT('',(3.1,0.49,-0.310662794416282));
#12772=CARTESIAN_POINT('',(2.95,0.49,-0.310662794416282));
#12773=CARTESIAN_POINT('',(2.8,0.49,-0.310662794416282));
#12774=CARTESIAN_POINT('',(2.8,0.64,-0.310662794416282));
#12775=CARTESIAN_POINT('',(2.8,0.79,-0.310662794416282));
#12776=CARTESIAN_POINT('',(2.95,0.79,-0.310662794416282));
#12777=CARTESIAN_POINT('',(3.1,0.79,-0.310662794416282));
#12778=CARTESIAN_POINT('',(3.1,0.64,-0.310662794416282));
#12779=CARTESIAN_POINT('',(3.1,0.64,-1.72593974596216));
#12780=CARTESIAN_POINT('',(3.1,0.49,-1.72593974596216));
#12781=CARTESIAN_POINT('',(2.95,0.49,-1.72593974596216));
#12782=CARTESIAN_POINT('',(2.8,0.49,-1.72593974596216));
#12783=CARTESIAN_POINT('',(2.8,0.64,-1.72593974596216));
#12784=CARTESIAN_POINT('',(2.8,0.79,-1.72593974596216));
#12785=CARTESIAN_POINT('',(2.95,0.79,-1.72593974596216));
#12786=CARTESIAN_POINT('',(3.1,0.79,-1.72593974596216));
#12787=CARTESIAN_POINT('',(3.1,0.64,-1.72593974596216));
#12788=CARTESIAN_POINT('',(3.6796,1.3181,-1.1));
#12789=CARTESIAN_POINT('',(0.25040155172945,-0.34,-0.85));
#12790=CARTESIAN_POINT('',(3.74959844674205,-0.34,-0.85));
#12791=CARTESIAN_POINT('',(0.25040155172945,-0.34,-0.6));
#12792=CARTESIAN_POINT('',(3.74959844674205,-0.34,-0.6));
#12793=CARTESIAN_POINT('',(0.25040155172945,-0.59,-0.6));
#12794=CARTESIAN_POINT('',(3.74959844674205,-0.59,-0.6));
#12795=CARTESIAN_POINT('',(0.25040155172945,-0.84,-0.6));
#12796=CARTESIAN_POINT('',(3.74959844674205,-0.84,-0.6));
#12797=CARTESIAN_POINT('',(0.25040155172945,-0.84,-0.85));
#12798=CARTESIAN_POINT('',(3.74959844674205,-0.84,-0.85));
#12799=CARTESIAN_POINT('',(0.25040155172945,-0.84,-1.1));
#12800=CARTESIAN_POINT('',(3.74959844674205,-0.84,-1.1));
#12801=CARTESIAN_POINT('',(0.25040155172945,-0.59,-1.1));
#12802=CARTESIAN_POINT('',(3.74959844674205,-0.59,-1.1));
#12803=CARTESIAN_POINT('',(0.25040155172945,-0.34,-1.1));
#12804=CARTESIAN_POINT('',(3.74959844674205,-0.34,-1.1));
#12805=CARTESIAN_POINT('',(0.25040155172945,-0.34,-0.85));
#12806=CARTESIAN_POINT('',(3.74959844674205,-0.34,-0.85));
#12807=CARTESIAN_POINT('',(0.4303330127019,-0.49,-0.85));
#12808=CARTESIAN_POINT('',(0.4303330127019,-0.49,-0.75));
#12809=CARTESIAN_POINT('',(0.4303330127019,-0.59,-0.75));
#12810=CARTESIAN_POINT('',(0.4303330127019,-0.69,-0.75));
#12811=CARTESIAN_POINT('',(0.4303330127019,-0.69,-0.85));
#12812=CARTESIAN_POINT('',(0.4303330127019,-0.69,-0.95));
#12813=CARTESIAN_POINT('',(0.4303330127019,-0.59,-0.95));
#12814=CARTESIAN_POINT('',(0.4303330127019,-0.49,-0.95));
#12815=CARTESIAN_POINT('',(0.4303330127019,-0.49,-0.85));
#12816=CARTESIAN_POINT('',(3.5703368602791,-0.49,-0.85));
#12817=CARTESIAN_POINT('',(3.5703368602791,-0.49,-0.75));
#12818=CARTESIAN_POINT('',(3.5703368602791,-0.59,-0.75));
#12819=CARTESIAN_POINT('',(3.5703368602791,-0.69,-0.75));
#12820=CARTESIAN_POINT('',(3.5703368602791,-0.69,-0.85));
#12821=CARTESIAN_POINT('',(3.5703368602791,-0.69,-0.95));
#12822=CARTESIAN_POINT('',(3.5703368602791,-0.59,-0.95));
#12823=CARTESIAN_POINT('',(3.5703368602791,-0.49,-0.95));
#12824=CARTESIAN_POINT('',(3.5703368602791,-0.49,-0.85));
#12825=CARTESIAN_POINT('',(1.2,-1.4196,-1.7346));
#12826=CARTESIAN_POINT('',(1.05,-1.46464890584532,-1.15));
#12827=CARTESIAN_POINT('',(0.9,-1.46464890584532,-1.15));
#12828=CARTESIAN_POINT('',(0.9,-1.46464890584532,-1.));
#12829=CARTESIAN_POINT('',(0.9,-1.46464890584532,-0.85));
#12830=CARTESIAN_POINT('',(1.05,-1.46464890584532,-0.85));
#12831=CARTESIAN_POINT('',(1.2,-1.46464890584532,-0.85));
#12832=CARTESIAN_POINT('',(1.2,-1.46464890584532,-1.));
#12833=CARTESIAN_POINT('',(1.2,-1.46464890584532,-1.15));
#12834=CARTESIAN_POINT('',(1.05,-1.46464890584532,-1.15));
#12835=CARTESIAN_POINT('',(1.05,-0.0653955540140601,-1.15));
#12836=CARTESIAN_POINT('',(0.9,-0.0653955540140601,-1.15));
#12837=CARTESIAN_POINT('',(0.9,-0.0653955540140601,-1.));
#12838=CARTESIAN_POINT('',(0.9,-0.0653955540140601,-0.85));
#12839=CARTESIAN_POINT('',(1.05,-0.0653955540140601,-0.85));
#12840=CARTESIAN_POINT('',(1.2,-0.0653955540140601,-0.85));
#12841=CARTESIAN_POINT('',(1.2,-0.0653955540140601,-1.));
#12842=CARTESIAN_POINT('',(1.2,-0.0653955540140601,-1.15));
#12843=CARTESIAN_POINT('',(1.05,-0.0653955540140601,-1.15));
#12844=CARTESIAN_POINT('',(1.74460142227855,-1.4646000103256,-0.85));
#12845=CARTESIAN_POINT('',(0.2,-0.0654000000000003,-0.45));
#12846=CARTESIAN_POINT('',(0.2,-1.4646,-0.45));
#12847=CARTESIAN_POINT('',(0.,-0.0654000000000003,-0.45));
#12848=CARTESIAN_POINT('',(0.,-1.4646,-0.45));
#12849=CARTESIAN_POINT('',(-5.55111512312578E-17,-0.0654000000000003,-0.65));
#12850=CARTESIAN_POINT('',(-5.55111512312578E-17,-1.4646,-0.65));
#12851=CARTESIAN_POINT('',(-5.55111512312578E-17,-0.0654000000000003,-0.85));
#12852=CARTESIAN_POINT('',(-5.55111512312578E-17,-1.4646,-0.85));
#12853=CARTESIAN_POINT('',(0.2,-0.0654000000000003,-0.85));
#12854=CARTESIAN_POINT('',(0.2,-1.4646,-0.85));
#12855=CARTESIAN_POINT('',(0.4,-0.0654000000000003,-0.85));
#12856=CARTESIAN_POINT('',(0.4,-1.4646,-0.85));
#12857=CARTESIAN_POINT('',(0.4,-0.0654000000000003,-0.65));
#12858=CARTESIAN_POINT('',(0.4,-1.4646,-0.65));
#12859=CARTESIAN_POINT('',(0.4,-0.0654000000000003,-0.45));
#12860=CARTESIAN_POINT('',(0.4,-1.4646,-0.45));
#12861=CARTESIAN_POINT('',(0.2,-0.0654000000000003,-0.45));
#12862=CARTESIAN_POINT('',(0.2,-1.4646,-0.45));
#12863=CARTESIAN_POINT('',(0.,-1.4646,-1.2846));
#12864=CARTESIAN_POINT('',(3.,-1.4646,-0.4796));
#12865=CARTESIAN_POINT('',(3.,-1.4796,1.2896));
#12866=CARTESIAN_POINT('',(2.2304,-0.24,0.35));
#12867=CARTESIAN_POINT('',(5.3696,-0.24,0.35));
#12868=CARTESIAN_POINT('',(2.2304,-0.24,0.65));
#12869=CARTESIAN_POINT('',(5.3696,-0.24,0.65));
#12870=CARTESIAN_POINT('',(2.2304,-0.54,0.65));
#12871=CARTESIAN_POINT('',(5.3696,-0.54,0.65));
#12872=CARTESIAN_POINT('',(2.2304,-0.84,0.65));
#12873=CARTESIAN_POINT('',(5.3696,-0.84,0.65));
#12874=CARTESIAN_POINT('',(2.2304,-0.84,0.35));
#12875=CARTESIAN_POINT('',(5.3696,-0.84,0.35));
#12876=CARTESIAN_POINT('',(2.2304,-0.84,0.05));
#12877=CARTESIAN_POINT('',(5.3696,-0.84,0.05));
#12878=CARTESIAN_POINT('',(2.2304,-0.54,0.05));
#12879=CARTESIAN_POINT('',(5.3696,-0.54,0.05));
#12880=CARTESIAN_POINT('',(2.2304,-0.24,0.05));
#12881=CARTESIAN_POINT('',(5.3696,-0.24,0.05));
#12882=CARTESIAN_POINT('',(2.2304,-0.24,0.35));
#12883=CARTESIAN_POINT('',(5.3696,-0.24,0.35));
#12884=CARTESIAN_POINT('',(5.3696,0.5756,0.65));
#12885=CARTESIAN_POINT('',(3.,0.5756,1.2746));
#12886=CARTESIAN_POINT('',(5.3696,0.5756,0.5));
#12887=CARTESIAN_POINT('',(2.2304,-0.39,0.35));
#12888=CARTESIAN_POINT('',(2.2304,-0.39,0.5));
#12889=CARTESIAN_POINT('',(2.2304,-0.54,0.5));
#12890=CARTESIAN_POINT('',(2.2304,-0.69,0.5));
#12891=CARTESIAN_POINT('',(2.2304,-0.69,0.35));
#12892=CARTESIAN_POINT('',(2.2304,-0.69,0.2));
#12893=CARTESIAN_POINT('',(2.2304,-0.54,0.2));
#12894=CARTESIAN_POINT('',(2.2304,-0.39,0.2));
#12895=CARTESIAN_POINT('',(2.2304,-0.39,0.35));
#12896=CARTESIAN_POINT('',(5.3696,-0.39,0.35));
#12897=CARTESIAN_POINT('',(5.3696,-0.39,0.5));
#12898=CARTESIAN_POINT('',(5.3696,-0.54,0.5));
#12899=CARTESIAN_POINT('',(5.3696,-0.69,0.5));
#12900=CARTESIAN_POINT('',(5.3696,-0.69,0.35));
#12901=CARTESIAN_POINT('',(5.3696,-0.69,0.2));
#12902=CARTESIAN_POINT('',(5.3696,-0.54,0.2));
#12903=CARTESIAN_POINT('',(5.3696,-0.39,0.2));
#12904=CARTESIAN_POINT('',(5.3696,-0.39,0.35));
#12905=CARTESIAN_POINT('',(4.6,-1.4796,1.2896));
#12906=CARTESIAN_POINT('',(4.6,-1.1956,1.2746));
#12907=CARTESIAN_POINT('',(5.3696,-0.08,1.2746));
#12908=CARTESIAN_POINT('',(4.6,-0.0653999999999999,-1.2496));
#12909=CARTESIAN_POINT('',(4.3,-1.4646,-0.25));
#12910=CARTESIAN_POINT('',(4.3,-0.0654000000000003,-0.25));
#12911=CARTESIAN_POINT('',(4.6,-1.4646,-0.25));
#12912=CARTESIAN_POINT('',(4.6,-0.0654000000000003,-0.25));
#12913=CARTESIAN_POINT('',(4.6,-1.4646,-0.55));
#12914=CARTESIAN_POINT('',(4.6,-0.0654000000000003,-0.55));
#12915=CARTESIAN_POINT('',(4.6,-1.4646,-0.85));
#12916=CARTESIAN_POINT('',(4.6,-0.0654000000000003,-0.85));
#12917=CARTESIAN_POINT('',(4.3,-1.4646,-0.85));
#12918=CARTESIAN_POINT('',(4.3,-0.0654000000000003,-0.85));
#12919=CARTESIAN_POINT('',(4.,-1.4646,-0.85));
#12920=CARTESIAN_POINT('',(4.,-0.0654000000000003,-0.85));
#12921=CARTESIAN_POINT('',(4.,-1.4646,-0.55));
#12922=CARTESIAN_POINT('',(4.,-0.0654000000000003,-0.55));
#12923=CARTESIAN_POINT('',(4.,-1.4646,-0.25));
#12924=CARTESIAN_POINT('',(4.,-0.0654000000000003,-0.25));
#12925=CARTESIAN_POINT('',(4.3,-1.4646,-0.25));
#12926=CARTESIAN_POINT('',(4.3,-0.0654000000000003,-0.25));
#12927=CARTESIAN_POINT('',(2.2053985760401,-0.0653999990602009,-0.85));
#12928=CARTESIAN_POINT('',(2.95,-0.0653946915350225,-1.15));
#12929=CARTESIAN_POINT('',(3.1,-0.0653946915350225,-1.15));
#12930=CARTESIAN_POINT('',(3.1,-0.0653946915350225,-1.));
#12931=CARTESIAN_POINT('',(3.1,-0.0653946915350225,-0.85));
#12932=CARTESIAN_POINT('',(2.95,-0.0653946915350225,-0.85));
#12933=CARTESIAN_POINT('',(2.8,-0.0653946915350225,-0.85));
#12934=CARTESIAN_POINT('',(2.8,-0.0653946915350225,-1.));
#12935=CARTESIAN_POINT('',(2.8,-0.0653946915350225,-1.15));
#12936=CARTESIAN_POINT('',(2.95,-0.0653946915350225,-1.15));
#12937=CARTESIAN_POINT('',(2.95,-1.46465839311473,-1.15));
#12938=CARTESIAN_POINT('',(3.1,-1.46465839311473,-1.15));
#12939=CARTESIAN_POINT('',(3.1,-1.46465839311473,-1.));
#12940=CARTESIAN_POINT('',(3.1,-1.46465839311473,-0.85));
#12941=CARTESIAN_POINT('',(2.95,-1.46465839311473,-0.85));
#12942=CARTESIAN_POINT('',(2.8,-1.46465839311473,-0.85));
#12943=CARTESIAN_POINT('',(2.8,-1.46465839311473,-1.));
#12944=CARTESIAN_POINT('',(2.8,-1.46465839311473,-1.15));
#12945=CARTESIAN_POINT('',(2.95,-1.46465839311473,-1.15));
#12946=CARTESIAN_POINT('',(2.8,-1.4191,-1.7345449779824));
#12947=CARTESIAN_POINT('',(2.8,-0.6,-0.32526215452047));
#12948=CARTESIAN_POINT('',(2.8,-0.5,-0.32526215452047));
#12949=CARTESIAN_POINT('',(2.9,-0.5,-0.32526215452047));
#12950=CARTESIAN_POINT('',(3.,-0.5,-0.32526215452047));
#12951=CARTESIAN_POINT('',(3.,-0.6,-0.32526215452047));
#12952=CARTESIAN_POINT('',(3.,-0.7,-0.32526215452047));
#12953=CARTESIAN_POINT('',(2.9,-0.7,-0.32526215452047));
#12954=CARTESIAN_POINT('',(2.8,-0.7,-0.32526215452047));
#12955=CARTESIAN_POINT('',(2.8,-0.6,-0.32526215452047));
#12956=CARTESIAN_POINT('',(2.8,-0.6,-1.72461253140723));
#12957=CARTESIAN_POINT('',(2.8,-0.5,-1.72461253140723));
#12958=CARTESIAN_POINT('',(2.9,-0.5,-1.72461253140723));
#12959=CARTESIAN_POINT('',(3.,-0.5,-1.72461253140723));
#12960=CARTESIAN_POINT('',(3.,-0.6,-1.72461253140723));
#12961=CARTESIAN_POINT('',(3.,-0.7,-1.72461253140723));
#12962=CARTESIAN_POINT('',(2.9,-0.7,-1.72461253140723));
#12963=CARTESIAN_POINT('',(2.8,-0.7,-1.72461253140723));
#12964=CARTESIAN_POINT('',(2.8,-0.6,-1.72461253140723));
#12965=CARTESIAN_POINT('',(3.6796,1.3181,-0.95));
#12966=CARTESIAN_POINT('',(3.6746,1.20803650813897,-0.95));
#12967=CARTESIAN_POINT('',(2.43740000000005,1.1986,-0.337399999999954));
#12968=CARTESIAN_POINT('',(3.08,1.1986,-1.6886));
#12969=CARTESIAN_POINT('',(2.3274,0.49,-1.7246));
#12970=CARTESIAN_POINT('',(3.6746,1.20803650813897,-1.1));
#12971=CARTESIAN_POINT('',(3.69259999999995,1.1986,-0.457399999999955));
#12972=CARTESIAN_POINT('',(3.7076,-0.5,-1.7246));
#12973=CARTESIAN_POINT('',(1.2,0.3936,-1.7246));
#12974=CARTESIAN_POINT('',(1.2,0.6346,-1.7246));
#12975=CARTESIAN_POINT('',(1.2,0.8846,-1.7246));
#12976=CARTESIAN_POINT('',(1.2,1.2336,-1.7246));
#12977=CARTESIAN_POINT('',(1.2,1.4196,-1.7346));
#12978=CARTESIAN_POINT('',(1.05,1.46465839311457,-1.15));
#12979=CARTESIAN_POINT('',(1.2,1.46465839311457,-1.15));
#12980=CARTESIAN_POINT('',(1.2,1.46465839311457,-1.));
#12981=CARTESIAN_POINT('',(1.2,1.46465839311457,-0.85));
#12982=CARTESIAN_POINT('',(1.05,1.46465839311457,-0.85));
#12983=CARTESIAN_POINT('',(0.9,1.46465839311457,-0.85));
#12984=CARTESIAN_POINT('',(0.9,1.46465839311457,-1.));
#12985=CARTESIAN_POINT('',(0.9,1.46465839311457,-1.15));
#12986=CARTESIAN_POINT('',(1.05,1.46465839311457,-1.15));
#12987=CARTESIAN_POINT('',(1.05,0.0653946915350367,-1.15));
#12988=CARTESIAN_POINT('',(1.2,0.0653946915350367,-1.15));
#12989=CARTESIAN_POINT('',(1.2,0.0653946915350367,-1.));
#12990=CARTESIAN_POINT('',(1.2,0.0653946915350367,-0.85));
#12991=CARTESIAN_POINT('',(1.05,0.0653946915350367,-0.85));
#12992=CARTESIAN_POINT('',(0.9,0.0653946915350367,-0.85));
#12993=CARTESIAN_POINT('',(0.9,0.0653946915350367,-1.));
#12994=CARTESIAN_POINT('',(0.9,0.0653946915350367,-1.15));
#12995=CARTESIAN_POINT('',(1.05,0.0653946915350367,-1.15));
#12996=CARTESIAN_POINT('',(1.74460142399895,1.46460001059813,-0.85));
#12997=CARTESIAN_POINT('',(0.2,0.0653999999999968,-0.45));
#12998=CARTESIAN_POINT('',(0.2,1.4646,-0.45));
#12999=CARTESIAN_POINT('',(0.4,0.0653999999999968,-0.45));
#13000=CARTESIAN_POINT('',(0.4,1.4646,-0.45));
#13001=CARTESIAN_POINT('',(0.4,0.0653999999999968,-0.65));
#13002=CARTESIAN_POINT('',(0.4,1.4646,-0.65));
#13003=CARTESIAN_POINT('',(0.4,0.0653999999999968,-0.85));
#13004=CARTESIAN_POINT('',(0.4,1.4646,-0.85));
#13005=CARTESIAN_POINT('',(0.2,0.0653999999999968,-0.85));
#13006=CARTESIAN_POINT('',(0.2,1.4646,-0.85));
#13007=CARTESIAN_POINT('',(5.55111512312578E-17,0.0653999999999968,-0.85));
#13008=CARTESIAN_POINT('',(5.55111512312578E-17,1.4646,-0.85));
#13009=CARTESIAN_POINT('',(0.,0.0653999999999968,-0.65));
#13010=CARTESIAN_POINT('',(0.,1.4646,-0.65));
#13011=CARTESIAN_POINT('',(0.,0.0653999999999968,-0.45));
#13012=CARTESIAN_POINT('',(0.,1.4646,-0.45));
#13013=CARTESIAN_POINT('',(0.2,0.0653999999999968,-0.45));
#13014=CARTESIAN_POINT('',(0.2,1.4646,-0.45));
#13015=CARTESIAN_POINT('',(0.,1.4646,0.4546));
#13016=CARTESIAN_POINT('',(3.,1.4646,0.9796));
#13017=CARTESIAN_POINT('',(3.,1.4796,1.2896));
#13018=CARTESIAN_POINT('',(5.3696,0.24,0.35));
#13019=CARTESIAN_POINT('',(2.2304,0.24,0.35));
#13020=CARTESIAN_POINT('',(5.3696,0.24,0.65));
#13021=CARTESIAN_POINT('',(2.2304,0.24,0.65));
#13022=CARTESIAN_POINT('',(5.3696,0.54,0.65));
#13023=CARTESIAN_POINT('',(2.2304,0.54,0.65));
#13024=CARTESIAN_POINT('',(5.3696,0.84,0.65));
#13025=CARTESIAN_POINT('',(2.2304,0.84,0.65));
#13026=CARTESIAN_POINT('',(5.3696,0.84,0.35));
#13027=CARTESIAN_POINT('',(2.2304,0.84,0.35));
#13028=CARTESIAN_POINT('',(5.3696,0.84,0.05));
#13029=CARTESIAN_POINT('',(2.2304,0.84,0.05));
#13030=CARTESIAN_POINT('',(5.3696,0.54,0.05));
#13031=CARTESIAN_POINT('',(2.2304,0.54,0.05));
#13032=CARTESIAN_POINT('',(5.3696,0.24,0.05));
#13033=CARTESIAN_POINT('',(2.2304,0.24,0.05));
#13034=CARTESIAN_POINT('',(5.3696,0.24,0.35));
#13035=CARTESIAN_POINT('',(2.2304,0.24,0.35));
#13036=CARTESIAN_POINT('',(4.6,1.4796,1.2896));
#13037=CARTESIAN_POINT('',(4.6,1.4646,-1.2496));
#13038=CARTESIAN_POINT('',(4.3,0.0654000000000003,-0.25));
#13039=CARTESIAN_POINT('',(4.3,1.4646,-0.25));
#13040=CARTESIAN_POINT('',(4.6,0.0654000000000003,-0.25));
#13041=CARTESIAN_POINT('',(4.6,1.4646,-0.25));
#13042=CARTESIAN_POINT('',(4.6,0.0654000000000003,-0.55));
#13043=CARTESIAN_POINT('',(4.6,1.4646,-0.55));
#13044=CARTESIAN_POINT('',(4.6,0.0654000000000003,-0.85));
#13045=CARTESIAN_POINT('',(4.6,1.4646,-0.85));
#13046=CARTESIAN_POINT('',(4.3,0.0654000000000003,-0.85));
#13047=CARTESIAN_POINT('',(4.3,1.4646,-0.85));
#13048=CARTESIAN_POINT('',(4.,0.0654000000000003,-0.85));
#13049=CARTESIAN_POINT('',(4.,1.4646,-0.85));
#13050=CARTESIAN_POINT('',(4.,0.0654000000000003,-0.55));
#13051=CARTESIAN_POINT('',(4.,1.4646,-0.55));
#13052=CARTESIAN_POINT('',(4.,0.0654000000000003,-0.25));
#13053=CARTESIAN_POINT('',(4.,1.4646,-0.25));
#13054=CARTESIAN_POINT('',(4.3,0.0654000000000003,-0.25));
#13055=CARTESIAN_POINT('',(4.3,1.4646,-0.25));
#13056=CARTESIAN_POINT('',(5.3696,0.39,0.35));
#13057=CARTESIAN_POINT('',(5.3696,0.39,0.5));
#13058=CARTESIAN_POINT('',(5.3696,0.54,0.5));
#13059=CARTESIAN_POINT('',(5.3696,0.69,0.5));
#13060=CARTESIAN_POINT('',(5.3696,0.69,0.35));
#13061=CARTESIAN_POINT('',(5.3696,0.69,0.2));
#13062=CARTESIAN_POINT('',(5.3696,0.54,0.2));
#13063=CARTESIAN_POINT('',(5.3696,0.39,0.2));
#13064=CARTESIAN_POINT('',(5.3696,0.39,0.35));
#13065=CARTESIAN_POINT('',(2.2304,0.39,0.35));
#13066=CARTESIAN_POINT('',(2.2304,0.39,0.5));
#13067=CARTESIAN_POINT('',(2.2304,0.54,0.5));
#13068=CARTESIAN_POINT('',(2.2304,0.69,0.5));
#13069=CARTESIAN_POINT('',(2.2304,0.69,0.35));
#13070=CARTESIAN_POINT('',(2.2304,0.69,0.2));
#13071=CARTESIAN_POINT('',(2.2304,0.54,0.2));
#13072=CARTESIAN_POINT('',(2.2304,0.39,0.2));
#13073=CARTESIAN_POINT('',(2.2304,0.39,0.35));
#13074=CARTESIAN_POINT('',(2.2304,-0.5756,0.5));
#13075=CARTESIAN_POINT('',(4.6,-0.5756,1.2746));
#13076=CARTESIAN_POINT('',(2.2304,-0.5756,0.65));
#13077=CARTESIAN_POINT('',(2.2304,0.08,1.2746));
#13078=CARTESIAN_POINT('',(3.,1.1956,1.2746));
#13079=CARTESIAN_POINT('',(0.4301140452079,0.49,-0.85));
#13080=CARTESIAN_POINT('',(0.4301140452079,0.49,-0.95));
#13081=CARTESIAN_POINT('',(0.4301140452079,0.59,-0.95));
#13082=CARTESIAN_POINT('',(0.4301140452079,0.69,-0.95));
#13083=CARTESIAN_POINT('',(0.4301140452079,0.69,-0.85));
#13084=CARTESIAN_POINT('',(0.4301140452079,0.69,-0.75));
#13085=CARTESIAN_POINT('',(0.4301140452079,0.59,-0.75));
#13086=CARTESIAN_POINT('',(0.4301140452079,0.49,-0.75));
#13087=CARTESIAN_POINT('',(0.4301140452079,0.49,-0.85));
#13088=CARTESIAN_POINT('',(3.5727455027131,0.49,-0.85));
#13089=CARTESIAN_POINT('',(3.5727455027131,0.49,-0.95));
#13090=CARTESIAN_POINT('',(3.5727455027131,0.59,-0.95));
#13091=CARTESIAN_POINT('',(3.5727455027131,0.69,-0.95));
#13092=CARTESIAN_POINT('',(3.5727455027131,0.69,-0.85));
#13093=CARTESIAN_POINT('',(3.5727455027131,0.69,-0.75));
#13094=CARTESIAN_POINT('',(3.5727455027131,0.59,-0.75));
#13095=CARTESIAN_POINT('',(3.5727455027131,0.49,-0.75));
#13096=CARTESIAN_POINT('',(3.5727455027131,0.49,-0.85));
#13097=CARTESIAN_POINT('',(2.85384409927012,1.4646,-1.32460492650875));
#13098=CARTESIAN_POINT('',(1.12,0.0653999999999999,0.454599999999999));
#13099=CARTESIAN_POINT('',(0.337015590072988,0.0653999999999999,-0.65));
#13100=CARTESIAN_POINT('',(0.337015590072988,-1.4646,-0.65));
#13101=CARTESIAN_POINT('',(1.12,-1.4646,0.2346));
#13102=CARTESIAN_POINT('',(2.85384409927012,-0.0653999999999997,-1.32460492650875));
#13103=CARTESIAN_POINT('',(1.8416,-1.4646,-0.4));
#13104=CARTESIAN_POINT('',(1.8416,0.0653999999999999,-0.2));
#13105=CARTESIAN_POINT('',(0.,0.84,-0.2));
#13106=CARTESIAN_POINT('',(1.12,0.84,-0.199999999999999));
#13107=CARTESIAN_POINT('',(1.12,0.84,-0.65));
#13108=CARTESIAN_POINT('',(2.85384409927012,0.84,-0.65));
#13109=CARTESIAN_POINT('',(2.85384409927011,0.839999999999998,4.92650874910794E-05));
#13110=CARTESIAN_POINT('',(3.,0.84,0.15));
#13111=CARTESIAN_POINT('',(3.,0.84,0.35));
#13112=CARTESIAN_POINT('',(4.6,0.84,0.35));
#13113=CARTESIAN_POINT('',(4.6,0.84,-0.55));
#13114=CARTESIAN_POINT('',(4.3,0.84,-0.85));
#13115=CARTESIAN_POINT('',(2.94999870701316,0.840000004693453,-0.850000000001393));
#13116=CARTESIAN_POINT('',(2.8,0.84,-0.85));
#13117=CARTESIAN_POINT('',(1.2,0.84,-0.85));
#13118=CARTESIAN_POINT('',(1.0500012945445,0.840000004817333,-0.85000000000419));
#13119=CARTESIAN_POINT('',(0.2,0.84,-0.85));
#13120=CARTESIAN_POINT('',(-1.85037170770859E-17,0.84,-0.65));
#13121=CARTESIAN_POINT('',(1.12,0.69,-0.199999999999999));
#13122=CARTESIAN_POINT('',(1.12,0.69,-0.65));
#13123=CARTESIAN_POINT('',(0.,0.69,-0.2));
#13124=CARTESIAN_POINT('',(-9.25185853854297E-18,0.69,-0.65));
#13125=CARTESIAN_POINT('',(0.2,0.69,-0.85));
#13126=CARTESIAN_POINT('',(1.05,0.69,-0.85));
#13127=CARTESIAN_POINT('',(1.2,0.69,-1.));
#13128=CARTESIAN_POINT('',(1.2,0.69,-0.85));
#13129=CARTESIAN_POINT('',(2.8,0.69,-0.85));
#13130=CARTESIAN_POINT('',(2.8,0.69,-1.));
#13131=CARTESIAN_POINT('',(2.95,0.69,-0.85));
#13132=CARTESIAN_POINT('',(4.3,0.69,-0.85));
#13133=CARTESIAN_POINT('',(4.6,0.69,-0.55));
#13134=CARTESIAN_POINT('',(4.6,0.69,0.35));
#13135=CARTESIAN_POINT('',(3.,0.69,0.35));
#13136=CARTESIAN_POINT('',(3.,0.69,0.15));
#13137=CARTESIAN_POINT('',(2.85384409927011,0.69,4.92650874910563E-05));
#13138=CARTESIAN_POINT('',(2.85384409927012,0.69,-0.65));
#13139=CARTESIAN_POINT('',(1.12,-0.84,-0.400000000000001));
#13140=CARTESIAN_POINT('',(0.,-0.84,-0.4));
#13141=CARTESIAN_POINT('',(-2.77555756156289E-17,-0.84,-0.65));
#13142=CARTESIAN_POINT('',(0.2,-0.84,-0.85));
#13143=CARTESIAN_POINT('',(1.0500012929805,-0.840000004693456,-0.85000000000418));
#13144=CARTESIAN_POINT('',(1.2,-0.84,-0.85));
#13145=CARTESIAN_POINT('',(2.8,-0.84,-0.85));
#13146=CARTESIAN_POINT('',(2.949998705491,-0.840000004698995,-0.85000000000419));
#13147=CARTESIAN_POINT('',(4.3,-0.84,-0.85));
#13148=CARTESIAN_POINT('',(4.6,-0.84,-0.55));
#13149=CARTESIAN_POINT('',(4.6,-0.84,0.35));
#13150=CARTESIAN_POINT('',(3.,-0.84,0.35));
#13151=CARTESIAN_POINT('',(3.,-0.84,0.15));
#13152=CARTESIAN_POINT('',(2.85384409927013,-0.84,4.92650874914181E-05));
#13153=CARTESIAN_POINT('',(2.85384409927012,-0.84,-0.65));
#13154=CARTESIAN_POINT('',(1.12,-0.84,-0.65));
#13155=CARTESIAN_POINT('',(0.,-0.69,-0.4));
#13156=CARTESIAN_POINT('',(-3.70074341541719E-17,-0.69,-0.65));
#13157=CARTESIAN_POINT('',(1.12,-0.69,-0.400000000000001));
#13158=CARTESIAN_POINT('',(1.12,-0.69,-0.65));
#13159=CARTESIAN_POINT('',(2.85384409927012,-0.69,-0.65));
#13160=CARTESIAN_POINT('',(2.85384409927013,-0.690000000000002,4.92650874914829E-05));
#13161=CARTESIAN_POINT('',(3.,-0.69,0.15));
#13162=CARTESIAN_POINT('',(3.,-0.69,0.35));
#13163=CARTESIAN_POINT('',(4.6,-0.69,0.35));
#13164=CARTESIAN_POINT('',(4.6,-0.69,-0.55));
#13165=CARTESIAN_POINT('',(4.3,-0.69,-0.85));
#13166=CARTESIAN_POINT('',(2.95,-0.69,-0.85));
#13167=CARTESIAN_POINT('',(2.8,-0.69,-1.));
#13168=CARTESIAN_POINT('',(2.8,-0.69,-0.85));
#13169=CARTESIAN_POINT('',(1.2,-0.69,-0.85));
#13170=CARTESIAN_POINT('',(1.2,-0.69,-1.));
#13171=CARTESIAN_POINT('',(1.05,-0.69,-0.85));
#13172=CARTESIAN_POINT('',(0.2,-0.69,-0.85));
#13173=CARTESIAN_POINT('',(2.8,0.79,-1.));
#13174=CARTESIAN_POINT('',(2.8,0.640000000000021,-1.09494897427831));
#13175=CARTESIAN_POINT('',(2.80456500726842,0.590579534493515,-1.1));
#13176=CARTESIAN_POINT('',(1.2,0.59,-1.1));
#13177=CARTESIAN_POINT('',(1.2,0.79,-1.));
#13178=CARTESIAN_POINT('',(2.8,0.640000000000007,-0.936602540378438));
#13179=CARTESIAN_POINT('',(2.80456500726842,0.590579534493514,-0.95));
#13180=CARTESIAN_POINT('',(2.9,0.498578643762697,-0.95));
#13181=CARTESIAN_POINT('',(2.95,0.49,-0.95));
#13182=CARTESIAN_POINT('',(2.95,0.49,-1.1));
#13183=CARTESIAN_POINT('',(2.9,0.498578643762697,-1.1));
#13184=CARTESIAN_POINT('',(1.2,-0.59,-1.1));
#13185=CARTESIAN_POINT('',(1.2,-0.25,-1.1));
#13186=CARTESIAN_POINT('',(1.2,0.,-1.1));
#13187=CARTESIAN_POINT('',(1.2,0.25,-1.1));
#13188=CARTESIAN_POINT('',(2.9,-0.5,-1.1));
#13189=CARTESIAN_POINT('',(2.80028281521962,-0.594993161495589,-1.09996874124225));
#13190=CARTESIAN_POINT('',(1.2,-0.79,-1.));
#13191=CARTESIAN_POINT('',(2.8,-0.79,-1.));
#13192=CARTESIAN_POINT('',(2.80028281521962,-0.594993164364967,-0.949921737519779));
#13193=CARTESIAN_POINT('',(1.2,-0.59,-0.95));
#13194=CARTESIAN_POINT('',(3.,-0.54,0.5));
#13195=CARTESIAN_POINT('',(3.,-0.54,0.65));
#13196=CARTESIAN_POINT('',(4.6,-0.54,0.65));
#13197=CARTESIAN_POINT('',(4.6,-0.08,0.65));
#13198=CARTESIAN_POINT('',(3.,-0.08,0.65));
#13199=CARTESIAN_POINT('',(3.,-0.08,0.5));
#13200=CARTESIAN_POINT('',(4.6,-0.08,0.5));
#13201=CARTESIAN_POINT('',(4.6,-0.54,0.5));
#13202=CARTESIAN_POINT('',(2.9,-0.5,-0.95));
#13203=CARTESIAN_POINT('',(1.2,0.59,-0.95));
#13204=CARTESIAN_POINT('',(1.2,0.25,-0.95));
#13205=CARTESIAN_POINT('',(1.2,0.,-0.95));
#13206=CARTESIAN_POINT('',(1.2,-0.25,-0.95));
#13207=CARTESIAN_POINT('',(3.05,0.49,-0.949999999999999));
#13208=CARTESIAN_POINT('',(3.05,-0.5,-0.949999999999999));
#13209=CARTESIAN_POINT('',(3.08,0.49,-0.98));
#13210=CARTESIAN_POINT('',(3.08,-0.5,-0.98));
#13211=CARTESIAN_POINT('',(3.08,-0.5,-1.07));
#13212=CARTESIAN_POINT('',(3.08,0.49,-1.07));
#13213=CARTESIAN_POINT('',(3.05,0.49,-1.1));
#13214=CARTESIAN_POINT('',(3.05,-0.5,-1.1));
#13215=CARTESIAN_POINT('',(3.,0.54,0.5));
#13216=CARTESIAN_POINT('',(3.,0.54,0.65));
#13217=CARTESIAN_POINT('',(4.6,0.54,0.65));
#13218=CARTESIAN_POINT('',(4.6,0.54,0.5));
#13219=CARTESIAN_POINT('',(4.6,0.08,0.5));
#13220=CARTESIAN_POINT('',(3.,0.08,0.5));
#13221=CARTESIAN_POINT('',(4.6,0.08,0.65));
#13222=CARTESIAN_POINT('',(3.,0.08,0.65));
#13223=CARTESIAN_POINT('',(0.,0.84,-0.2));
#13224=CARTESIAN_POINT('',(1.12,0.84,-0.199999999999999));
#13225=CARTESIAN_POINT('',(-0.65,0.));
#13226=CARTESIAN_POINT('',(-0.650000000000001,-1.12));
#13227=CARTESIAN_POINT('',(1.12,0.84,-0.199999999999999));
#13228=CARTESIAN_POINT('',(1.12,0.84,-0.65));
#13229=CARTESIAN_POINT('',(-0.650000000000001,-1.12));
#13230=CARTESIAN_POINT('',(-0.2,-1.12));
#13231=CARTESIAN_POINT('',(1.12,0.84,-0.65));
#13232=CARTESIAN_POINT('',(2.85384409927012,0.84,-0.65));
#13233=CARTESIAN_POINT('',(-0.2,-1.12));
#13234=CARTESIAN_POINT('',(-0.2,-2.85384409927012));
#13235=CARTESIAN_POINT('',(2.85384409927012,0.84,-0.65));
#13236=CARTESIAN_POINT('',(2.85384409927011,0.839999999999998,4.92650874910794E-05));
#13237=CARTESIAN_POINT('',(-0.2,-2.85384409927012));
#13238=CARTESIAN_POINT('',(-0.850049265087491,-2.85384409927011));
#13239=CARTESIAN_POINT('',(2.85384409927011,0.839999999999998,4.92650874905909E-05));
#13240=CARTESIAN_POINT('',(3.,0.84,0.00379608094435413));
#13241=CARTESIAN_POINT('',(3.,0.84,0.15));
#13242=CARTESIAN_POINT('',(-0.850049265087491,-2.85384409927011));
#13243=CARTESIAN_POINT('',(-0.853796079696903,-2.99999995133949));
#13244=CARTESIAN_POINT('',(-1.,-3.));
#13245=CARTESIAN_POINT('',(3.,0.84,0.15));
#13246=CARTESIAN_POINT('',(3.,0.84,0.35));
#13247=CARTESIAN_POINT('',(-1.,-3.));
#13248=CARTESIAN_POINT('',(-1.2,-3.));
#13249=CARTESIAN_POINT('',(3.,0.84,0.35));
#13250=CARTESIAN_POINT('',(4.6,0.84,0.35));
#13251=CARTESIAN_POINT('',(-1.2,-3.));
#13252=CARTESIAN_POINT('',(-1.2,-4.6));
#13253=CARTESIAN_POINT('',(4.6,0.84,0.35));
#13254=CARTESIAN_POINT('',(4.6,0.84,-0.55));
#13255=CARTESIAN_POINT('',(-1.2,-4.6));
#13256=CARTESIAN_POINT('',(-0.3,-4.6));
#13257=CARTESIAN_POINT('',(4.6,0.84,-0.55));
#13258=CARTESIAN_POINT('',(4.6,0.84,-0.850000000000001));
#13259=CARTESIAN_POINT('',(4.3,0.84,-0.85));
#13260=CARTESIAN_POINT('',(-0.3,-4.6));
#13261=CARTESIAN_POINT('',(6.28036983473511E-16,-4.6));
#13262=CARTESIAN_POINT('',(-1.66533453693773E-16,-4.3));
#13263=CARTESIAN_POINT('',(4.3,0.84,-0.85));
#13264=CARTESIAN_POINT('',(2.94999870701316,0.840000004693453,-0.850000000001393));
#13265=CARTESIAN_POINT('',(-1.66533453693773E-16,-4.3));
#13266=CARTESIAN_POINT('',(0.,-2.94999870701316));
#13267=CARTESIAN_POINT('',(2.94999870701316,0.840000004693453,-0.850000000001393));
#13268=CARTESIAN_POINT('',(2.8,0.84,-0.85));
#13269=CARTESIAN_POINT('',(0.,-2.94999870701316));
#13270=CARTESIAN_POINT('',(0.,-2.8));
#13271=CARTESIAN_POINT('',(2.8,0.84,-0.85));
#13272=CARTESIAN_POINT('',(1.2,0.84,-0.85));
#13273=CARTESIAN_POINT('',(0.,-2.8));
#13274=CARTESIAN_POINT('',(0.,-1.2));
#13275=CARTESIAN_POINT('',(1.2,0.84,-0.85));
#13276=CARTESIAN_POINT('',(1.0500012945445,0.840000004817333,-0.85000000000419));
#13277=CARTESIAN_POINT('',(0.,-1.2));
#13278=CARTESIAN_POINT('',(1.11720632745005E-11,-1.0500012945445));
#13279=CARTESIAN_POINT('',(1.0500012945445,0.840000004817333,-0.85000000000419));
#13280=CARTESIAN_POINT('',(0.2,0.84,-0.85));
#13281=CARTESIAN_POINT('',(1.11720632745005E-11,-1.0500012945445));
#13282=CARTESIAN_POINT('',(5.55111512312578E-17,-0.2));
#13283=CARTESIAN_POINT('',(0.2,0.84,-0.85));
#13284=CARTESIAN_POINT('',(0.,0.84,-0.85));
#13285=CARTESIAN_POINT('',(-1.11022302462516E-16,0.84,-0.65));
#13286=CARTESIAN_POINT('',(5.55111512312578E-17,-0.2));
#13287=CARTESIAN_POINT('',(-1.57009245868377E-16,0.));
#13288=CARTESIAN_POINT('',(-0.2,5.55111512312578E-17));
#13289=CARTESIAN_POINT('',(-1.85037170770859E-17,0.84,-0.65));
#13290=CARTESIAN_POINT('',(0.,0.84,-0.2));
#13291=CARTESIAN_POINT('',(-0.2,5.55111512312578E-17));
#13292=CARTESIAN_POINT('',(-0.65,0.));
#13293=CARTESIAN_POINT('',(1.12,0.69,-0.199999999999999));
#13294=CARTESIAN_POINT('',(0.,0.69,-0.2));
#13295=CARTESIAN_POINT('',(-1.12,-0.650000000000001));
#13296=CARTESIAN_POINT('',(0.,-0.65));
#13297=CARTESIAN_POINT('',(0.,0.69,-0.2));
#13298=CARTESIAN_POINT('',(-9.25185853854297E-18,0.69,-0.65));
#13299=CARTESIAN_POINT('',(0.,-0.65));
#13300=CARTESIAN_POINT('',(2.77555756156289E-17,-0.2));
#13301=CARTESIAN_POINT('',(1.11022302462516E-16,0.69,-0.65));
#13302=CARTESIAN_POINT('',(0.,0.69,-0.85));
#13303=CARTESIAN_POINT('',(0.2,0.69,-0.85));
#13304=CARTESIAN_POINT('',(2.77555756156289E-17,-0.2));
#13305=CARTESIAN_POINT('',(0.,0.));
#13306=CARTESIAN_POINT('',(-0.2,0.));
#13307=CARTESIAN_POINT('',(0.2,0.69,-0.85));
#13308=CARTESIAN_POINT('',(1.05,0.69,-0.85));
#13309=CARTESIAN_POINT('',(-0.2,0.));
#13310=CARTESIAN_POINT('',(-1.05,5.55111512312578E-17));
#13311=CARTESIAN_POINT('',(1.05,0.69,-0.85));
#13312=CARTESIAN_POINT('',(1.2,0.69,-0.85));
#13313=CARTESIAN_POINT('',(1.2,0.69,-1.));
#13314=CARTESIAN_POINT('',(-1.05,5.55111512312578E-17));
#13315=CARTESIAN_POINT('',(-1.2,1.57009245868377E-16));
#13316=CARTESIAN_POINT('',(-1.2,0.15));
#13317=CARTESIAN_POINT('',(1.2,0.69,-1.));
#13318=CARTESIAN_POINT('',(1.2,0.69,-0.85));
#13319=CARTESIAN_POINT('',(-1.2,0.15));
#13320=CARTESIAN_POINT('',(-1.2,0.));
#13321=CARTESIAN_POINT('',(1.2,0.69,-0.85));
#13322=CARTESIAN_POINT('',(2.8,0.69,-0.85));
#13323=CARTESIAN_POINT('',(-1.2,0.));
#13324=CARTESIAN_POINT('',(-2.8,0.));
#13325=CARTESIAN_POINT('',(2.8,0.69,-0.85));
#13326=CARTESIAN_POINT('',(2.8,0.69,-1.));
#13327=CARTESIAN_POINT('',(-2.8,0.));
#13328=CARTESIAN_POINT('',(-2.8,0.15));
#13329=CARTESIAN_POINT('',(2.8,0.69,-1.));
#13330=CARTESIAN_POINT('',(2.8,0.69,-0.850000000000001));
#13331=CARTESIAN_POINT('',(2.95,0.69,-0.85));
#13332=CARTESIAN_POINT('',(-2.8,0.15));
#13333=CARTESIAN_POINT('',(-2.8,1.57009245868377E-16));
#13334=CARTESIAN_POINT('',(-2.95,5.55111512312578E-17));
#13335=CARTESIAN_POINT('',(2.95,0.69,-0.85));
#13336=CARTESIAN_POINT('',(4.3,0.69,-0.85));
#13337=CARTESIAN_POINT('',(-2.95,5.55111512312578E-17));
#13338=CARTESIAN_POINT('',(-4.3,3.88578058618805E-16));
#13339=CARTESIAN_POINT('',(4.3,0.69,-0.85));
#13340=CARTESIAN_POINT('',(4.6,0.69,-0.850000000000001));
#13341=CARTESIAN_POINT('',(4.6,0.69,-0.55));
#13342=CARTESIAN_POINT('',(-4.3,3.88578058618805E-16));
#13343=CARTESIAN_POINT('',(-4.6,7.85046229341887E-16));
#13344=CARTESIAN_POINT('',(-4.6,-0.3));
#13345=CARTESIAN_POINT('',(4.6,0.69,-0.55));
#13346=CARTESIAN_POINT('',(4.6,0.69,0.35));
#13347=CARTESIAN_POINT('',(-4.6,-0.3));
#13348=CARTESIAN_POINT('',(-4.6,-1.2));
#13349=CARTESIAN_POINT('',(4.6,0.69,0.35));
#13350=CARTESIAN_POINT('',(3.,0.69,0.35));
#13351=CARTESIAN_POINT('',(-4.6,-1.2));
#13352=CARTESIAN_POINT('',(-3.,-1.2));
#13353=CARTESIAN_POINT('',(3.,0.69,0.35));
#13354=CARTESIAN_POINT('',(3.,0.69,0.15));
#13355=CARTESIAN_POINT('',(-3.,-1.2));
#13356=CARTESIAN_POINT('',(-3.,-1.));
#13357=CARTESIAN_POINT('',(3.,0.69,0.15));
#13358=CARTESIAN_POINT('',(3.,0.69,0.00379608094435435));
#13359=CARTESIAN_POINT('',(2.85384409927011,0.69,4.92650874908407E-05));
#13360=CARTESIAN_POINT('',(-3.,-1.));
#13361=CARTESIAN_POINT('',(-3.,-0.853796080944351));
#13362=CARTESIAN_POINT('',(-2.85384409927011,-0.850049265087491));
#13363=CARTESIAN_POINT('',(2.85384409927011,0.69,4.92650874910563E-05));
#13364=CARTESIAN_POINT('',(2.85384409927012,0.69,-0.65));
#13365=CARTESIAN_POINT('',(-2.85384409927011,-0.850049265087491));
#13366=CARTESIAN_POINT('',(-2.85384409927012,-0.2));
#13367=CARTESIAN_POINT('',(2.85384409927012,0.69,-0.65));
#13368=CARTESIAN_POINT('',(1.12,0.69,-0.65));
#13369=CARTESIAN_POINT('',(-2.85384409927012,-0.2));
#13370=CARTESIAN_POINT('',(-1.12,-0.2));
#13371=CARTESIAN_POINT('',(1.12,0.69,-0.65));
#13372=CARTESIAN_POINT('',(1.12,0.69,-0.199999999999999));
#13373=CARTESIAN_POINT('',(-1.12,-0.2));
#13374=CARTESIAN_POINT('',(-1.12,-0.650000000000001));
#13375=CARTESIAN_POINT('',(1.12,-0.84,-0.400000000000001));
#13376=CARTESIAN_POINT('',(0.,-0.84,-0.4));
#13377=CARTESIAN_POINT('',(-0.400000000000001,-1.12));
#13378=CARTESIAN_POINT('',(-0.4,0.));
#13379=CARTESIAN_POINT('',(0.,-0.84,-0.4));
#13380=CARTESIAN_POINT('',(-2.77555756156289E-17,-0.84,-0.65));
#13381=CARTESIAN_POINT('',(-0.4,0.));
#13382=CARTESIAN_POINT('',(-0.65,2.77555756156289E-17));
#13383=CARTESIAN_POINT('',(5.55111512312578E-17,-0.84,-0.65));
#13384=CARTESIAN_POINT('',(0.,-0.84,-0.85));
#13385=CARTESIAN_POINT('',(0.2,-0.84,-0.85));
#13386=CARTESIAN_POINT('',(-0.65,2.77555756156289E-17));
#13387=CARTESIAN_POINT('',(-0.85,0.));
#13388=CARTESIAN_POINT('',(-0.85,-0.2));
#13389=CARTESIAN_POINT('',(0.2,-0.84,-0.85));
#13390=CARTESIAN_POINT('',(1.0500012929805,-0.840000004693456,-0.85000000000418));
#13391=CARTESIAN_POINT('',(-0.85,-0.2));
#13392=CARTESIAN_POINT('',(-0.850000000011145,-1.0500012929805));
#13393=CARTESIAN_POINT('',(1.0500012929805,-0.840000004693456,-0.85000000000418));
#13394=CARTESIAN_POINT('',(1.2,-0.84,-0.85));
#13395=CARTESIAN_POINT('',(-0.850000000011145,-1.0500012929805));
#13396=CARTESIAN_POINT('',(-0.85,-1.2));
#13397=CARTESIAN_POINT('',(1.2,-0.84,-0.85));
#13398=CARTESIAN_POINT('',(2.8,-0.84,-0.85));
#13399=CARTESIAN_POINT('',(-0.85,-1.2));
#13400=CARTESIAN_POINT('',(-0.85,-2.8));
#13401=CARTESIAN_POINT('',(2.8,-0.84,-0.85));
#13402=CARTESIAN_POINT('',(2.949998705491,-0.840000004698995,-0.85000000000419));
#13403=CARTESIAN_POINT('',(-0.85,-2.8));
#13404=CARTESIAN_POINT('',(-0.850000000011172,-2.949998705491));
#13405=CARTESIAN_POINT('',(2.949998705491,-0.840000004698995,-0.85000000000419));
#13406=CARTESIAN_POINT('',(4.3,-0.84,-0.85));
#13407=CARTESIAN_POINT('',(-0.850000000011172,-2.949998705491));
#13408=CARTESIAN_POINT('',(-0.85,-4.3));
#13409=CARTESIAN_POINT('',(4.3,-0.84,-0.85));
#13410=CARTESIAN_POINT('',(4.6,-0.84,-0.85));
#13411=CARTESIAN_POINT('',(4.6,-0.84,-0.55));
#13412=CARTESIAN_POINT('',(-0.85,-4.3));
#13413=CARTESIAN_POINT('',(-0.850000000000001,-4.6));
#13414=CARTESIAN_POINT('',(-0.55,-4.6));
#13415=CARTESIAN_POINT('',(4.6,-0.84,-0.55));
#13416=CARTESIAN_POINT('',(4.6,-0.84,0.35));
#13417=CARTESIAN_POINT('',(-0.55,-4.6));
#13418=CARTESIAN_POINT('',(0.35,-4.6));
#13419=CARTESIAN_POINT('',(4.6,-0.84,0.35));
#13420=CARTESIAN_POINT('',(3.,-0.84,0.35));
#13421=CARTESIAN_POINT('',(0.35,-4.6));
#13422=CARTESIAN_POINT('',(0.35,-3.));
#13423=CARTESIAN_POINT('',(3.,-0.84,0.35));
#13424=CARTESIAN_POINT('',(3.,-0.84,0.15));
#13425=CARTESIAN_POINT('',(0.35,-3.));
#13426=CARTESIAN_POINT('',(0.15,-3.));
#13427=CARTESIAN_POINT('',(3.,-0.84,0.15));
#13428=CARTESIAN_POINT('',(3.,-0.84,0.00379608094436816));
#13429=CARTESIAN_POINT('',(2.85384409927013,-0.84,4.92650874916178E-05));
#13430=CARTESIAN_POINT('',(0.15,-3.));
#13431=CARTESIAN_POINT('',(0.00379608094437074,-3.));
#13432=CARTESIAN_POINT('',(4.92650874913071E-05,-2.85384409927013));
#13433=CARTESIAN_POINT('',(2.85384409927013,-0.84,4.92650874914181E-05));
#13434=CARTESIAN_POINT('',(2.85384409927012,-0.84,-0.65));
#13435=CARTESIAN_POINT('',(4.92650874913071E-05,-2.85384409927013));
#13436=CARTESIAN_POINT('',(-0.65,-2.85384409927012));
#13437=CARTESIAN_POINT('',(2.85384409927012,-0.84,-0.65));
#13438=CARTESIAN_POINT('',(1.12,-0.84,-0.65));
#13439=CARTESIAN_POINT('',(-0.65,-2.85384409927012));
#13440=CARTESIAN_POINT('',(-0.65,-1.12));
#13441=CARTESIAN_POINT('',(1.12,-0.84,-0.65));
#13442=CARTESIAN_POINT('',(1.12,-0.84,-0.400000000000001));
#13443=CARTESIAN_POINT('',(-0.65,-1.12));
#13444=CARTESIAN_POINT('',(-0.400000000000001,-1.12));
#13445=CARTESIAN_POINT('',(0.,-0.69,-0.4));
#13446=CARTESIAN_POINT('',(1.12,-0.69,-0.400000000000001));
#13447=CARTESIAN_POINT('',(0.,-0.4));
#13448=CARTESIAN_POINT('',(-1.12,-0.400000000000001));
#13449=CARTESIAN_POINT('',(1.12,-0.69,-0.400000000000001));
#13450=CARTESIAN_POINT('',(1.12,-0.69,-0.65));
#13451=CARTESIAN_POINT('',(-1.12,-0.400000000000001));
#13452=CARTESIAN_POINT('',(-1.12,-0.65));
#13453=CARTESIAN_POINT('',(1.12,-0.69,-0.65));
#13454=CARTESIAN_POINT('',(2.85384409927012,-0.69,-0.65));
#13455=CARTESIAN_POINT('',(-1.12,-0.65));
#13456=CARTESIAN_POINT('',(-2.85384409927012,-0.65));
#13457=CARTESIAN_POINT('',(2.85384409927012,-0.69,-0.65));
#13458=CARTESIAN_POINT('',(2.85384409927013,-0.690000000000002,4.92650874914829E-05));
#13459=CARTESIAN_POINT('',(-2.85384409927012,-0.65));
#13460=CARTESIAN_POINT('',(-2.85384409927013,4.92650874915014E-05));
#13461=CARTESIAN_POINT('',(2.85384409927013,-0.690000000000002,4.92650874916178E-05));
#13462=CARTESIAN_POINT('',(3.,-0.69,0.00379608094436816));
#13463=CARTESIAN_POINT('',(3.,-0.69,0.15));
#13464=CARTESIAN_POINT('',(-2.85384409927013,4.92650874915014E-05));
#13465=CARTESIAN_POINT('',(-2.99999995133949,0.00379607969692226));
#13466=CARTESIAN_POINT('',(-3.,0.15));
#13467=CARTESIAN_POINT('',(3.,-0.69,0.15));
#13468=CARTESIAN_POINT('',(3.,-0.69,0.35));
#13469=CARTESIAN_POINT('',(-3.,0.15));
#13470=CARTESIAN_POINT('',(-3.,0.35));
#13471=CARTESIAN_POINT('',(3.,-0.69,0.35));
#13472=CARTESIAN_POINT('',(4.6,-0.69,0.35));
#13473=CARTESIAN_POINT('',(-3.,0.35));
#13474=CARTESIAN_POINT('',(-4.6,0.35));
#13475=CARTESIAN_POINT('',(4.6,-0.69,0.35));
#13476=CARTESIAN_POINT('',(4.6,-0.69,-0.55));
#13477=CARTESIAN_POINT('',(-4.6,0.35));
#13478=CARTESIAN_POINT('',(-4.6,-0.55));
#13479=CARTESIAN_POINT('',(4.6,-0.69,-0.550000000000001));
#13480=CARTESIAN_POINT('',(4.6,-0.69,-0.85));
#13481=CARTESIAN_POINT('',(4.3,-0.69,-0.85));
#13482=CARTESIAN_POINT('',(-4.6,-0.55));
#13483=CARTESIAN_POINT('',(-4.6,-0.850000000000001));
#13484=CARTESIAN_POINT('',(-4.3,-0.85));
#13485=CARTESIAN_POINT('',(4.3,-0.69,-0.85));
#13486=CARTESIAN_POINT('',(2.95,-0.69,-0.85));
#13487=CARTESIAN_POINT('',(-4.3,-0.85));
#13488=CARTESIAN_POINT('',(-2.95,-0.85));
#13489=CARTESIAN_POINT('',(2.95,-0.69,-0.85));
#13490=CARTESIAN_POINT('',(2.8,-0.69,-0.85));
#13491=CARTESIAN_POINT('',(2.8,-0.69,-1.));
#13492=CARTESIAN_POINT('',(-2.95,-0.85));
#13493=CARTESIAN_POINT('',(-2.8,-0.85));
#13494=CARTESIAN_POINT('',(-2.8,-1.));
#13495=CARTESIAN_POINT('',(2.8,-0.69,-1.));
#13496=CARTESIAN_POINT('',(2.8,-0.69,-0.85));
#13497=CARTESIAN_POINT('',(-2.8,-1.));
#13498=CARTESIAN_POINT('',(-2.8,-0.85));
#13499=CARTESIAN_POINT('',(2.8,-0.69,-0.85));
#13500=CARTESIAN_POINT('',(1.2,-0.69,-0.85));
#13501=CARTESIAN_POINT('',(-2.8,-0.85));
#13502=CARTESIAN_POINT('',(-1.2,-0.85));
#13503=CARTESIAN_POINT('',(1.2,-0.69,-0.85));
#13504=CARTESIAN_POINT('',(1.2,-0.69,-1.));
#13505=CARTESIAN_POINT('',(-1.2,-0.85));
#13506=CARTESIAN_POINT('',(-1.2,-1.));
#13507=CARTESIAN_POINT('',(1.2,-0.69,-1.));
#13508=CARTESIAN_POINT('',(1.2,-0.69,-0.85));
#13509=CARTESIAN_POINT('',(1.05,-0.69,-0.85));
#13510=CARTESIAN_POINT('',(-1.2,-1.));
#13511=CARTESIAN_POINT('',(-1.2,-0.85));
#13512=CARTESIAN_POINT('',(-1.05,-0.85));
#13513=CARTESIAN_POINT('',(1.05,-0.69,-0.85));
#13514=CARTESIAN_POINT('',(0.2,-0.69,-0.85));
#13515=CARTESIAN_POINT('',(-1.05,-0.85));
#13516=CARTESIAN_POINT('',(-0.2,-0.85));
#13517=CARTESIAN_POINT('',(0.2,-0.69,-0.85));
#13518=CARTESIAN_POINT('',(0.,-0.69,-0.85));
#13519=CARTESIAN_POINT('',(5.55111512312578E-17,-0.69,-0.65));
#13520=CARTESIAN_POINT('',(-0.2,-0.85));
#13521=CARTESIAN_POINT('',(0.,-0.85));
#13522=CARTESIAN_POINT('',(5.55111512312578E-17,-0.65));
#13523=CARTESIAN_POINT('',(-3.70074341541719E-17,-0.69,-0.65));
#13524=CARTESIAN_POINT('',(0.,-0.69,-0.4));
#13525=CARTESIAN_POINT('',(5.55111512312578E-17,-0.65));
#13526=CARTESIAN_POINT('',(0.,-0.4));
#13527=CARTESIAN_POINT('',(0.624600000000001,1.5707963267949));
#13528=CARTESIAN_POINT('',(0.624600000000001,3.11327350453723));
#13529=CARTESIAN_POINT('',(3.,-0.84,0.15));
#13530=CARTESIAN_POINT('',(3.,-0.69,0.15));
#13531=CARTESIAN_POINT('',(0.624600000000001,1.5707963267949));
#13532=CARTESIAN_POINT('',(0.774600000000001,1.5707963267949));
#13533=CARTESIAN_POINT('',(0.774599999999999,3.11327350453723));
#13534=CARTESIAN_POINT('',(0.774600000000001,1.5707963267949));
#13535=CARTESIAN_POINT('',(2.85384409927013,-0.690000000000002,4.92650874914829E-05));
#13536=CARTESIAN_POINT('',(2.85384409927013,-0.84,4.92650874914181E-05));
#13537=CARTESIAN_POINT('',(0.774599999999999,3.11327350453723));
#13538=CARTESIAN_POINT('',(0.624600000000001,3.11327350453723));
#13539=CARTESIAN_POINT('',(0.774599999999999,1.5707963267949));
#13540=CARTESIAN_POINT('',(0.774599999999999,0.0283191490524168));
#13541=CARTESIAN_POINT('',(3.,0.69,0.15));
#13542=CARTESIAN_POINT('',(3.,0.84,0.15));
#13543=CARTESIAN_POINT('',(0.774599999999999,1.5707963267949));
#13544=CARTESIAN_POINT('',(0.624599999999999,1.5707963267949));
#13545=CARTESIAN_POINT('',(0.6246,0.0283191490524168));
#13546=CARTESIAN_POINT('',(0.624599999999999,1.5707963267949));
#13547=CARTESIAN_POINT('',(2.85384409927011,0.839999999999998,4.92650874910794E-05));
#13548=CARTESIAN_POINT('',(2.85384409927011,0.69,4.92650874910563E-05));
#13549=CARTESIAN_POINT('',(0.6246,0.0283191490524168));
#13550=CARTESIAN_POINT('',(0.774599999999999,0.0283191490524168));
#13551=CARTESIAN_POINT('',(0.6,-0.075));
#13552=CARTESIAN_POINT('',(-0.75000129298684,-0.075000009386907));
#13553=CARTESIAN_POINT('',(4.3,0.84,-0.85));
#13554=CARTESIAN_POINT('',(4.3,0.69,-0.85));
#13555=CARTESIAN_POINT('',(0.6,-0.075));
#13556=CARTESIAN_POINT('',(0.6,0.0750000000000001));
#13557=CARTESIAN_POINT('',(-0.75,0.0750000000000001));
#13558=CARTESIAN_POINT('',(0.6,0.0750000000000001));
#13559=CARTESIAN_POINT('',(2.95,0.69,-0.85));
#13560=CARTESIAN_POINT('',(2.94999870701316,0.840000004693453,-0.850000000001393));
#13561=CARTESIAN_POINT('',(-0.75,0.0750000000000001));
#13562=CARTESIAN_POINT('',(-0.75000129298684,-0.075000009386907));
#13563=CARTESIAN_POINT('',(2.8,0.69,-1.));
#13564=CARTESIAN_POINT('',(2.8,0.79,-1.));
#13565=CARTESIAN_POINT('',(0.77464890584535,4.71238898038469));
#13566=CARTESIAN_POINT('',(0.674648905845349,4.71238898038469));
#13567=CARTESIAN_POINT('',(2.8,0.79,-1.));
#13568=CARTESIAN_POINT('',(2.8,0.81862164459164,-0.961837806267813));
#13569=CARTESIAN_POINT('',(2.8157505485634,0.831124565160178,-0.92216339349636));
#13570=CARTESIAN_POINT('',(2.87198953884726,0.841825269203407,-0.865832517856895));
#13571=CARTESIAN_POINT('',(2.91174066062844,0.840000005260497,-0.850000329782902));
#13572=CARTESIAN_POINT('',(2.94999870701316,0.840000004693453,-0.850000000001393));
#13573=CARTESIAN_POINT('',(0.674648905845349,4.71238898038469));
#13574=CARTESIAN_POINT('',(0.617366777136303,4.14683831684301));
#13575=CARTESIAN_POINT('',(0.624648895324889,3.70792040355791));
#13576=CARTESIAN_POINT('',(0.624648896458442,3.14160222788799));
#13577=CARTESIAN_POINT('',(0.77464890584535,3.14159265358979));
#13578=CARTESIAN_POINT('',(0.624648896458442,3.14160222788799));
#13579=CARTESIAN_POINT('',(0.77464890584535,4.71238898038469));
#13580=CARTESIAN_POINT('',(0.77464890584535,3.14159265358979));
#13581=CARTESIAN_POINT('',(2.8,0.640000000000021,-1.09494897427831));
#13582=CARTESIAN_POINT('',(2.79884213404983,0.623727951297894,-1.09830948792901));
#13583=CARTESIAN_POINT('',(2.80036730556479,0.607168784593713,-1.1));
#13584=CARTESIAN_POINT('',(2.80456500726842,0.590579534493515,-1.1));
#13585=CARTESIAN_POINT('',(1.7861943571386,2.54959844670237));
#13586=CARTESIAN_POINT('',(1.5707963267949,2.55245799462337));
#13587=CARTESIAN_POINT('',(2.80456500726842,0.590579534493515,-1.1));
#13588=CARTESIAN_POINT('',(1.2,0.59,-1.1));
#13589=CARTESIAN_POINT('',(1.5707963267949,2.55245799462337));
#13590=CARTESIAN_POINT('',(1.5707963267949,0.949598446702366));
#13591=CARTESIAN_POINT('',(1.2,0.59,-1.1));
#13592=CARTESIAN_POINT('',(1.2,0.715,-1.1));
#13593=CARTESIAN_POINT('',(1.2,0.79,-1.));
#13594=CARTESIAN_POINT('',(1.5707963267949,0.949598446702366));
#13595=CARTESIAN_POINT('',(2.49094751130551,0.949598446702366));
#13596=CARTESIAN_POINT('',(1.2,0.79,-1.));
#13597=CARTESIAN_POINT('',(1.2,0.818632752642524,-0.961822995508463));
#13598=CARTESIAN_POINT('',(1.18424429103402,0.831135696211761,-0.922158394036333));
#13599=CARTESIAN_POINT('',(1.12801605211801,0.841830905977923,-0.865837948314106));
#13600=CARTESIAN_POINT('',(1.08827448296531,0.840000005399574,-0.850000330313329));
#13601=CARTESIAN_POINT('',(1.0500012945445,0.840000004817333,-0.85000000000419));
#13602=CARTESIAN_POINT('',(2.49094751130551,0.949598446702366));
#13603=CARTESIAN_POINT('',(2.63934366632889,0.949598446702366));
#13604=CARTESIAN_POINT('',(2.8062277335498,0.94010839058394));
#13605=CARTESIAN_POINT('',(3.00053724073896,0.894230877660674));
#13606=CARTESIAN_POINT('',(3.0471622482619,0.881208092368171));
#13607=CARTESIAN_POINT('',(3.10975024487467,0.846146382864552));
#13608=CARTESIAN_POINT('',(3.14159160708263,0.826892748886074));
#13609=CARTESIAN_POINT('',(3.14159265358979,0.799599741246866));
#13610=CARTESIAN_POINT('',(3.14159265358979,0.949598446702366));
#13611=CARTESIAN_POINT('',(3.14159265358979,0.799599741246866));
#13612=CARTESIAN_POINT('',(3.14159265358979,2.54959844670237));
#13613=CARTESIAN_POINT('',(3.14159265358979,0.949598446702366));
#13614=CARTESIAN_POINT('',(3.14159265358979,2.69959715371553));
#13615=CARTESIAN_POINT('',(3.14159265358979,2.54959844670237));
#13616=CARTESIAN_POINT('',(2.49094751130551,2.54959844670237));
#13617=CARTESIAN_POINT('',(2.63932545001005,2.54959844670237));
#13618=CARTESIAN_POINT('',(2.80623963761082,2.55909422145259));
#13619=CARTESIAN_POINT('',(3.00053670487947,2.60496685708168));
#13620=CARTESIAN_POINT('',(3.04716633046983,2.61799101973403));
#13621=CARTESIAN_POINT('',(3.10975400764493,2.65305705354346));
#13622=CARTESIAN_POINT('',(3.14159160853584,2.67230923963046));
#13623=CARTESIAN_POINT('',(3.14159265358979,2.69959715371553));
#13624=CARTESIAN_POINT('',(2.8,0.79,-1.));
#13625=CARTESIAN_POINT('',(2.8,0.733030615433017,-1.07595917942264));
#13626=CARTESIAN_POINT('',(2.8,0.640000000000021,-1.09494897427831));
#13627=CARTESIAN_POINT('',(2.49094751130551,2.54959844670237));
#13628=CARTESIAN_POINT('',(1.7861943571386,2.54959844670237));
#13629=CARTESIAN_POINT('',(2.8,0.69,-0.85));
#13630=CARTESIAN_POINT('',(2.8,0.69,-0.907735026918957));
#13631=CARTESIAN_POINT('',(2.8,0.640000000000007,-0.936602540378438));
#13632=CARTESIAN_POINT('',(0.1237436867076,0.0237436867076001));
#13633=CARTESIAN_POINT('',(0.0660086597886453,0.0237436867076002));
#13634=CARTESIAN_POINT('',(0.037141146329162,0.07374368670759));
#13635=CARTESIAN_POINT('',(2.8,0.640000000000007,-0.936602540378438));
#13636=CARTESIAN_POINT('',(2.8,0.640000000000021,-1.09494897427831));
#13637=CARTESIAN_POINT('',(0.037141146329162,0.07374368670759));
#13638=CARTESIAN_POINT('',(-0.12120528757071,0.073743686707569));
#13639=CARTESIAN_POINT('',(-0.0262563132924,-0.0762563132924));
#13640=CARTESIAN_POINT('',(-0.10221549271504,-0.0192869287254202));
#13641=CARTESIAN_POINT('',(-0.12120528757071,0.073743686707569));
#13642=CARTESIAN_POINT('',(-0.0262563132924,0.0237436867076001));
#13643=CARTESIAN_POINT('',(-0.0262563132924,-0.0762563132924));
#13644=CARTESIAN_POINT('',(0.1237436867076,0.0237436867076001));
#13645=CARTESIAN_POINT('',(-0.0262563132924,0.0237436867076001));
#13646=CARTESIAN_POINT('',(2.80456500726842,0.590579534493514,-0.95));
#13647=CARTESIAN_POINT('',(2.82996551208645,0.521429074935494,-0.95));
#13648=CARTESIAN_POINT('',(2.9,0.498578643762697,-0.95));
#13649=CARTESIAN_POINT('',(0.639337205583718,2.79798736100818));
#13650=CARTESIAN_POINT('',(0.639337205583718,1.92664597126714));
#13651=CARTESIAN_POINT('',(2.9,0.498578643762697,-0.95));
#13652=CARTESIAN_POINT('',(2.92426406871193,0.49,-0.95));
#13653=CARTESIAN_POINT('',(2.95,0.49,-0.95));
#13654=CARTESIAN_POINT('',(0.639337205583718,1.92664597126714));
#13655=CARTESIAN_POINT('',(0.639337205583718,1.5707963267949));
#13656=CARTESIAN_POINT('',(2.95,0.49,-0.95));
#13657=CARTESIAN_POINT('',(2.95,0.49,-1.1));
#13658=CARTESIAN_POINT('',(0.639337205583718,1.5707963267949));
#13659=CARTESIAN_POINT('',(0.789337205583718,1.5707963267949));
#13660=CARTESIAN_POINT('',(2.95,0.49,-1.1));
#13661=CARTESIAN_POINT('',(2.92426406871193,0.49,-1.1));
#13662=CARTESIAN_POINT('',(2.9,0.498578643762697,-1.1));
#13663=CARTESIAN_POINT('',(0.789337205583718,1.5707963267949));
#13664=CARTESIAN_POINT('',(0.789337205583718,1.92664597126713));
#13665=CARTESIAN_POINT('',(2.9,0.498578643762697,-1.1));
#13666=CARTESIAN_POINT('',(2.82996551208645,0.521429074935494,-1.1));
#13667=CARTESIAN_POINT('',(2.80456500726842,0.590579534493515,-1.1));
#13668=CARTESIAN_POINT('',(0.789337205583718,1.92664597126713));
#13669=CARTESIAN_POINT('',(0.789337205583718,2.79798736100818));
#13670=CARTESIAN_POINT('',(0.784286179862028,3.14159265358979));
#13671=CARTESIAN_POINT('',(0.787480231614142,3.02706980543935));
#13672=CARTESIAN_POINT('',(0.789337205583718,2.91255958043746));
#13673=CARTESIAN_POINT('',(0.789337205583718,2.79798736100818));
#13674=CARTESIAN_POINT('',(0.625939745962156,3.14159265358979));
#13675=CARTESIAN_POINT('',(0.784286179862028,3.14159265358979));
#13676=CARTESIAN_POINT('',(2.8,0.640000000000007,-0.936602540378438));
#13677=CARTESIAN_POINT('',(2.7987889330664,0.623223732800422,-0.945821808423043));
#13678=CARTESIAN_POINT('',(2.80034639038581,0.606479584878478,-0.949353082625213));
#13679=CARTESIAN_POINT('',(2.80456500726842,0.590579534493514,-0.95));
#13680=CARTESIAN_POINT('',(0.625939745962156,3.14159265358979));
#13681=CARTESIAN_POINT('',(0.634433466546981,3.0271440540388));
#13682=CARTESIAN_POINT('',(0.638642143618664,2.91273150987218));
#13683=CARTESIAN_POINT('',(0.639337205583718,2.79798736100818));
#13684=CARTESIAN_POINT('',(1.2,-0.59,-1.1));
#13685=CARTESIAN_POINT('',(1.2,-0.25,-1.1));
#13686=CARTESIAN_POINT('',(0.,-1.2));
#13687=CARTESIAN_POINT('',(-0.34,-1.2));
#13688=CARTESIAN_POINT('',(1.2,-0.25,-1.1));
#13689=CARTESIAN_POINT('',(1.2,0.,-1.1));
#13690=CARTESIAN_POINT('',(-0.34,-1.2));
#13691=CARTESIAN_POINT('',(-0.59,-1.2));
#13692=CARTESIAN_POINT('',(1.2,0.,-1.1));
#13693=CARTESIAN_POINT('',(1.2,0.25,-1.1));
#13694=CARTESIAN_POINT('',(-0.59,-1.2));
#13695=CARTESIAN_POINT('',(-0.84,-1.2));
#13696=CARTESIAN_POINT('',(1.2,0.25,-1.1));
#13697=CARTESIAN_POINT('',(1.2,0.59,-1.1));
#13698=CARTESIAN_POINT('',(-0.84,-1.2));
#13699=CARTESIAN_POINT('',(-1.18,-1.2));
#13700=CARTESIAN_POINT('',(-1.18,-2.802859547921));
#13701=CARTESIAN_POINT('',(-1.18,-1.2));
#13702=CARTESIAN_POINT('',(-1.0885786437627,-2.9));
#13703=CARTESIAN_POINT('',(-1.11287588003757,-2.83127703786376));
#13704=CARTESIAN_POINT('',(-1.18,-2.802859547921));
#13705=CARTESIAN_POINT('',(2.9,0.498578643762697,-1.1));
#13706=CARTESIAN_POINT('',(2.9,-0.5,-1.1));
#13707=CARTESIAN_POINT('',(-1.0885786437627,-2.9));
#13708=CARTESIAN_POINT('',(-0.09,-2.9));
#13709=CARTESIAN_POINT('',(2.9,-0.5,-1.1));
#13710=CARTESIAN_POINT('',(2.80471208887817,-0.499996580747794,-1.09998437062112));
#13711=CARTESIAN_POINT('',(2.80028281521962,-0.594993161495589,-1.09996874124225));
#13712=CARTESIAN_POINT('',(-0.09,-2.9));
#13713=CARTESIAN_POINT('',(-0.0900000000000001,-2.80490561775886));
#13714=CARTESIAN_POINT('',(0.005,-2.800669872981));
#13715=CARTESIAN_POINT('',(2.80028281521962,-0.594993161495589,-1.09996874124225));
#13716=CARTESIAN_POINT('',(2.26685521014625,-0.593328996588215,-1.09997916082815));
#13717=CARTESIAN_POINT('',(1.73342760507312,-0.591664498296331,-1.09998958041408));
#13718=CARTESIAN_POINT('',(1.2,-0.59,-1.1));
#13719=CARTESIAN_POINT('',(0.005,-2.800669872981));
#13720=CARTESIAN_POINT('',(0.00333355559115889,-2.267113248654));
#13721=CARTESIAN_POINT('',(0.001666777797803,-1.733556624327));
#13722=CARTESIAN_POINT('',(0.,-1.2));
#13723=CARTESIAN_POINT('',(3.14159265358979,0.79959974125105));
#13724=CARTESIAN_POINT('',(3.14159265358979,0.94959844827055));
#13725=CARTESIAN_POINT('',(1.0500012929805,-0.840000004693456,-0.85000000000418));
#13726=CARTESIAN_POINT('',(1.08825933936553,-0.8400000052605,-0.850000329783734));
#13727=CARTESIAN_POINT('',(1.1280104611489,-0.841825269203526,-0.865832517856199));
#13728=CARTESIAN_POINT('',(1.18424945143596,-0.831124565160414,-0.922163393495475));
#13729=CARTESIAN_POINT('',(1.2,-0.818621644591875,-0.961837806267916));
#13730=CARTESIAN_POINT('',(1.2,-0.79,-1.));
#13731=CARTESIAN_POINT('',(3.14159265358979,0.79959974125105));
#13732=CARTESIAN_POINT('',(3.14159369863755,0.826887655320459));
#13733=CARTESIAN_POINT('',(3.17343129955048,0.846139841431491));
#13734=CARTESIAN_POINT('',(3.23601897670904,0.881205875236183));
#13735=CARTESIAN_POINT('',(3.28264860229794,0.894230037888583));
#13736=CARTESIAN_POINT('',(3.47694566956493,0.940102673520029));
#13737=CARTESIAN_POINT('',(3.6438598571698,0.94959844827055));
#13738=CARTESIAN_POINT('',(3.79223779587408,0.94959844827055));
#13739=CARTESIAN_POINT('',(1.2,-0.79,-1.));
#13740=CARTESIAN_POINT('',(1.2,-0.715,-1.1));
#13741=CARTESIAN_POINT('',(1.2,-0.59,-1.1));
#13742=CARTESIAN_POINT('',(3.79223779587408,0.94959844827055));
#13743=CARTESIAN_POINT('',(4.71238898038469,0.94959844827055));
#13744=CARTESIAN_POINT('',(4.69026399633013,2.54993338476105));
#13745=CARTESIAN_POINT('',(4.69759669337038,2.01648781947936));
#13746=CARTESIAN_POINT('',(4.70499357234945,1.48304314527229));
#13747=CARTESIAN_POINT('',(4.71238898038469,0.94959844827055));
#13748=CARTESIAN_POINT('',(2.80028281521962,-0.594993161495589,-1.09996874124225));
#13749=CARTESIAN_POINT('',(2.80014140760981,-0.716862438177105,-1.09752157072338));
#13750=CARTESIAN_POINT('',(2.8,-0.79,-1.));
#13751=CARTESIAN_POINT('',(4.69026399633013,2.54993338476105));
#13752=CARTESIAN_POINT('',(3.79223779587408,2.54959844827055));
#13753=CARTESIAN_POINT('',(2.8,-0.79,-1.));
#13754=CARTESIAN_POINT('',(2.8,-0.818632752754034,-0.961822995383561));
#13755=CARTESIAN_POINT('',(2.8157557090132,-0.831135696286572,-0.922158393982371));
#13756=CARTESIAN_POINT('',(2.8719839478603,-0.84183090593111,-0.865837948342508));
#13757=CARTESIAN_POINT('',(2.91172551694564,-0.840000005266933,-0.850000330304272));
#13758=CARTESIAN_POINT('',(2.949998705491,-0.840000004698995,-0.85000000000419));
#13759=CARTESIAN_POINT('',(3.79223779587408,2.54959844827055));
#13760=CARTESIAN_POINT('',(3.64384164068639,2.54959844827055));
#13761=CARTESIAN_POINT('',(3.47695757372654,2.55908850434351));
#13762=CARTESIAN_POINT('',(3.28264806641751,2.60496601732258));
#13763=CARTESIAN_POINT('',(3.23602305892813,2.61798880260715));
#13764=CARTESIAN_POINT('',(3.17343506222805,2.65305051212993));
#13765=CARTESIAN_POINT('',(3.14159370006827,2.6723041459478));
#13766=CARTESIAN_POINT('',(3.14159265358979,2.69959715376155));
#13767=CARTESIAN_POINT('',(3.14159265358979,2.54959844827055));
#13768=CARTESIAN_POINT('',(3.14159265358979,2.69959715376155));
#13769=CARTESIAN_POINT('',(3.14159265358979,0.94959844827055));
#13770=CARTESIAN_POINT('',(3.14159265358979,2.54959844827055));
#13771=CARTESIAN_POINT('',(2.80028281521962,-0.594993164364967,-0.949921737519779));
#13772=CARTESIAN_POINT('',(2.26685520687702,-0.59332877623311,-0.949947825013346));
#13773=CARTESIAN_POINT('',(1.73342760343851,-0.591664388116555,-0.949973912506673));
#13774=CARTESIAN_POINT('',(1.2,-0.59,-0.95));
#13775=CARTESIAN_POINT('',(2.3700019237886,4.6573879709777));
#13776=CARTESIAN_POINT('',(1.83654902950789,4.67549275955898));
#13777=CARTESIAN_POINT('',(1.30310671424266,4.69390185631329));
#13778=CARTESIAN_POINT('',(0.7696669872981,4.71238898038469));
#13779=CARTESIAN_POINT('',(1.2,-0.59,-0.95));
#13780=CARTESIAN_POINT('',(1.2,-0.69,-0.95));
#13781=CARTESIAN_POINT('',(1.2,-0.69,-0.85));
#13782=CARTESIAN_POINT('',(0.7696669872981,4.71238898038469));
#13783=CARTESIAN_POINT('',(0.7696669872981,3.14159265358979));
#13784=CARTESIAN_POINT('',(2.3696669872981,3.14159265358979));
#13785=CARTESIAN_POINT('',(0.7696669872981,3.14159265358979));
#13786=CARTESIAN_POINT('',(2.8,-0.69,-0.85));
#13787=CARTESIAN_POINT('',(2.80014140760981,-0.689996582182483,-0.945142487686497));
#13788=CARTESIAN_POINT('',(2.80028281521962,-0.594993164364967,-0.949921737519779));
#13789=CARTESIAN_POINT('',(2.3696669872981,3.14159265358979));
#13790=CARTESIAN_POINT('',(2.3700019237886,4.6573879709777));
#13791=CARTESIAN_POINT('',(0.1237436867076,0.0237436867076001));
#13792=CARTESIAN_POINT('',(-0.0262563132924,0.0237436867076001));
#13793=CARTESIAN_POINT('',(0.0237436867076,0.1237436867076));
#13794=CARTESIAN_POINT('',(0.0237436867076002,0.0237436867075999));
#13795=CARTESIAN_POINT('',(0.1237436867076,0.0237436867076001));
#13796=CARTESIAN_POINT('',(1.2,-0.59,-0.95));
#13797=CARTESIAN_POINT('',(1.2,-0.59,-1.1));
#13798=CARTESIAN_POINT('',(0.0237436867076,0.1237436867076));
#13799=CARTESIAN_POINT('',(-0.1262563132924,0.1237436867076));
#13800=CARTESIAN_POINT('',(-0.0262563132923999,-0.0762563132924));
#13801=CARTESIAN_POINT('',(-0.1262563132924,-0.00125631329240009));
#13802=CARTESIAN_POINT('',(-0.1262563132924,0.1237436867076));
#13803=CARTESIAN_POINT('',(1.2,-0.79,-1.));
#13804=CARTESIAN_POINT('',(1.2,-0.69,-1.));
#13805=CARTESIAN_POINT('',(-0.0262563132923999,-0.0762563132924));
#13806=CARTESIAN_POINT('',(-0.0262563132924,0.0237436867076001));
#13807=CARTESIAN_POINT('',(0.674648905845319,4.71238898038469));
#13808=CARTESIAN_POINT('',(0.774648905845319,4.71238898038469));
#13809=CARTESIAN_POINT('',(0.624648896458407,3.14160222784104));
#13810=CARTESIAN_POINT('',(0.624648895324853,3.70792040351466));
#13811=CARTESIAN_POINT('',(0.617366777135261,4.14683831683918));
#13812=CARTESIAN_POINT('',(0.674648905845319,4.71238898038469));
#13813=CARTESIAN_POINT('',(1.0500012929805,-0.840000004693456,-0.85000000000418));
#13814=CARTESIAN_POINT('',(1.05,-0.69,-0.85));
#13815=CARTESIAN_POINT('',(0.624648896458407,3.14160222784104));
#13816=CARTESIAN_POINT('',(0.774648905845319,3.14159265358979));
#13817=CARTESIAN_POINT('',(0.774648905845319,4.71238898038469));
#13818=CARTESIAN_POINT('',(0.774648905845319,3.14159265358979));
#13819=CARTESIAN_POINT('',(0.4,-0.075));
#13820=CARTESIAN_POINT('',(-0.4500012929805,-0.075000009386912));
#13821=CARTESIAN_POINT('',(0.2,-0.84,-0.85));
#13822=CARTESIAN_POINT('',(0.2,-0.69,-0.85));
#13823=CARTESIAN_POINT('',(0.4,-0.075));
#13824=CARTESIAN_POINT('',(0.4,0.0750000000000001));
#13825=CARTESIAN_POINT('',(-0.45,0.0750000000000001));
#13826=CARTESIAN_POINT('',(0.4,0.0750000000000001));
#13827=CARTESIAN_POINT('',(-0.4500012929805,-0.075000009386912));
#13828=CARTESIAN_POINT('',(-0.45,0.0750000000000001));
#13829=CARTESIAN_POINT('',(-2.77555756156289E-17,-0.84,-0.65));
#13830=CARTESIAN_POINT('',(-3.70074341541719E-17,-0.69,-0.65));
#13831=CARTESIAN_POINT('',(1.5707963267949,0.7746));
#13832=CARTESIAN_POINT('',(1.5707963267949,0.6246));
#13833=CARTESIAN_POINT('',(3.14159265358979,0.6246));
#13834=CARTESIAN_POINT('',(1.5707963267949,0.6246));
#13835=CARTESIAN_POINT('',(3.14159265358979,0.7746));
#13836=CARTESIAN_POINT('',(3.14159265358979,0.6246));
#13837=CARTESIAN_POINT('',(1.5707963267949,0.7746));
#13838=CARTESIAN_POINT('',(3.14159265358979,0.7746));
#13839=CARTESIAN_POINT('',(0.,-0.84,-0.4));
#13840=CARTESIAN_POINT('',(0.,-0.69,-0.4));
#13841=CARTESIAN_POINT('',(0.025,-0.075));
#13842=CARTESIAN_POINT('',(0.025,0.0750000000000001));
#13843=CARTESIAN_POINT('',(-0.225,0.0750000000000001));
#13844=CARTESIAN_POINT('',(0.025,0.0750000000000001));
#13845=CARTESIAN_POINT('',(-0.225,-0.075));
#13846=CARTESIAN_POINT('',(-0.225,0.0750000000000001));
#13847=CARTESIAN_POINT('',(0.025,-0.075));
#13848=CARTESIAN_POINT('',(-0.225,-0.075));
#13849=CARTESIAN_POINT('',(0.025,-0.075));
#13850=CARTESIAN_POINT('',(-0.175,-0.075));
#13851=CARTESIAN_POINT('',(3.,-0.84,0.35));
#13852=CARTESIAN_POINT('',(3.,-0.69,0.35));
#13853=CARTESIAN_POINT('',(0.025,-0.075));
#13854=CARTESIAN_POINT('',(0.025,0.0750000000000001));
#13855=CARTESIAN_POINT('',(-0.175,0.0750000000000001));
#13856=CARTESIAN_POINT('',(0.025,0.0750000000000001));
#13857=CARTESIAN_POINT('',(-0.175,-0.075));
#13858=CARTESIAN_POINT('',(-0.175,0.0750000000000001));
#13859=CARTESIAN_POINT('',(3.,-0.54,0.5));
#13860=CARTESIAN_POINT('',(3.,-0.69,0.5));
#13861=CARTESIAN_POINT('',(3.,-0.69,0.35));
#13862=CARTESIAN_POINT('',(0.159099025767,0.00909902576699995));
#13863=CARTESIAN_POINT('',(0.00909902576700009,0.00909902576700001));
#13864=CARTESIAN_POINT('',(0.00909902576700006,0.159099025767));
#13865=CARTESIAN_POINT('',(-0.140900974233,0.159099025767));
#13866=CARTESIAN_POINT('',(0.00909902576700006,0.159099025767));
#13867=CARTESIAN_POINT('',(3.,-0.84,0.35));
#13868=CARTESIAN_POINT('',(3.,-0.84,0.65));
#13869=CARTESIAN_POINT('',(3.,-0.54,0.65));
#13870=CARTESIAN_POINT('',(-0.140900974233,0.159099025767));
#13871=CARTESIAN_POINT('',(-0.140900974233,-0.140900974233));
#13872=CARTESIAN_POINT('',(0.159099025767,-0.140900974233));
#13873=CARTESIAN_POINT('',(3.,-0.54,0.65));
#13874=CARTESIAN_POINT('',(3.,-0.54,0.5));
#13875=CARTESIAN_POINT('',(0.159099025767,-0.140900974233));
#13876=CARTESIAN_POINT('',(0.159099025767,0.00909902576699995));
#13877=CARTESIAN_POINT('',(3.14159265358979,2.3696));
#13878=CARTESIAN_POINT('',(3.14159265358979,0.7696));
#13879=CARTESIAN_POINT('',(4.6,-0.84,0.35));
#13880=CARTESIAN_POINT('',(4.6,-0.84,0.65));
#13881=CARTESIAN_POINT('',(4.6,-0.54,0.65));
#13882=CARTESIAN_POINT('',(3.14159265358979,2.3696));
#13883=CARTESIAN_POINT('',(1.5707963267949,2.3696));
#13884=CARTESIAN_POINT('',(4.6,-0.54,0.65));
#13885=CARTESIAN_POINT('',(3.,-0.54,0.65));
#13886=CARTESIAN_POINT('',(1.5707963267949,2.3696));
#13887=CARTESIAN_POINT('',(1.5707963267949,0.7696));
#13888=CARTESIAN_POINT('',(3.14159265358979,0.7696));
#13889=CARTESIAN_POINT('',(1.5707963267949,0.7696));
#13890=CARTESIAN_POINT('',(4.6,-0.54,0.65));
#13891=CARTESIAN_POINT('',(4.6,-0.08,0.65));
#13892=CARTESIAN_POINT('',(-1.6,0.));
#13893=CARTESIAN_POINT('',(-1.6,-0.46));
#13894=CARTESIAN_POINT('',(4.6,-0.08,0.65));
#13895=CARTESIAN_POINT('',(3.,-0.08,0.65));
#13896=CARTESIAN_POINT('',(-1.6,-0.46));
#13897=CARTESIAN_POINT('',(0.,-0.46));
#13898=CARTESIAN_POINT('',(3.,-0.08,0.65));
#13899=CARTESIAN_POINT('',(3.,-0.54,0.65));
#13900=CARTESIAN_POINT('',(0.,-0.46));
#13901=CARTESIAN_POINT('',(0.,0.));
#13902=CARTESIAN_POINT('',(-1.6,0.));
#13903=CARTESIAN_POINT('',(0.,0.));
#13904=CARTESIAN_POINT('',(3.,-0.08,0.5));
#13905=CARTESIAN_POINT('',(3.,-0.54,0.5));
#13906=CARTESIAN_POINT('',(0.075,-0.23));
#13907=CARTESIAN_POINT('',(0.075,0.23));
#13908=CARTESIAN_POINT('',(-0.0750000000000001,0.23));
#13909=CARTESIAN_POINT('',(0.075,0.23));
#13910=CARTESIAN_POINT('',(-0.0750000000000001,-0.23));
#13911=CARTESIAN_POINT('',(-0.0750000000000001,0.23));
#13912=CARTESIAN_POINT('',(3.,-0.08,0.65));
#13913=CARTESIAN_POINT('',(3.,-0.08,0.5));
#13914=CARTESIAN_POINT('',(-0.0750000000000001,-0.23));
#13915=CARTESIAN_POINT('',(0.075,-0.23));
#13916=CARTESIAN_POINT('',(3.,-0.08,0.5));
#13917=CARTESIAN_POINT('',(4.6,-0.08,0.5));
#13918=CARTESIAN_POINT('',(-0.46,0.));
#13919=CARTESIAN_POINT('',(-0.46,-1.6));
#13920=CARTESIAN_POINT('',(4.6,-0.08,0.5));
#13921=CARTESIAN_POINT('',(4.6,-0.54,0.5));
#13922=CARTESIAN_POINT('',(-0.46,-1.6));
#13923=CARTESIAN_POINT('',(0.,-1.6));
#13924=CARTESIAN_POINT('',(4.6,-0.54,0.5));
#13925=CARTESIAN_POINT('',(3.,-0.54,0.5));
#13926=CARTESIAN_POINT('',(0.,-1.6));
#13927=CARTESIAN_POINT('',(0.,0.));
#13928=CARTESIAN_POINT('',(-0.46,0.));
#13929=CARTESIAN_POINT('',(0.,0.));
#13930=CARTESIAN_POINT('',(4.6,-0.54,0.5));
#13931=CARTESIAN_POINT('',(4.6,-0.69,0.5));
#13932=CARTESIAN_POINT('',(4.6,-0.69,0.35));
#13933=CARTESIAN_POINT('',(2.3696,1.5707963267949));
#13934=CARTESIAN_POINT('',(2.3696,3.14159265358979));
#13935=CARTESIAN_POINT('',(0.7696,3.14159265358979));
#13936=CARTESIAN_POINT('',(2.3696,3.14159265358979));
#13937=CARTESIAN_POINT('',(0.7696,1.5707963267949));
#13938=CARTESIAN_POINT('',(0.7696,3.14159265358979));
#13939=CARTESIAN_POINT('',(2.3696,1.5707963267949));
#13940=CARTESIAN_POINT('',(0.7696,1.5707963267949));
#13941=CARTESIAN_POINT('',(0.00909902576699995,0.159099025767));
#13942=CARTESIAN_POINT('',(0.00909902576700001,0.00909902576700009));
#13943=CARTESIAN_POINT('',(0.159099025767,0.00909902576700006));
#13944=CARTESIAN_POINT('',(4.6,-0.54,0.5));
#13945=CARTESIAN_POINT('',(4.6,-0.54,0.65));
#13946=CARTESIAN_POINT('',(0.00909902576699995,0.159099025767));
#13947=CARTESIAN_POINT('',(-0.140900974233,0.159099025767));
#13948=CARTESIAN_POINT('',(0.159099025767,-0.140900974233));
#13949=CARTESIAN_POINT('',(-0.140900974233,-0.140900974233));
#13950=CARTESIAN_POINT('',(-0.140900974233,0.159099025767));
#13951=CARTESIAN_POINT('',(4.6,-0.84,0.35));
#13952=CARTESIAN_POINT('',(4.6,-0.69,0.35));
#13953=CARTESIAN_POINT('',(0.159099025767,-0.140900974233));
#13954=CARTESIAN_POINT('',(0.159099025767,0.00909902576700006));
#13955=CARTESIAN_POINT('',(0.075,0.23));
#13956=CARTESIAN_POINT('',(0.075,-0.23));
#13957=CARTESIAN_POINT('',(4.6,-0.08,0.5));
#13958=CARTESIAN_POINT('',(4.6,-0.08,0.65));
#13959=CARTESIAN_POINT('',(0.075,0.23));
#13960=CARTESIAN_POINT('',(-0.0750000000000001,0.23));
#13961=CARTESIAN_POINT('',(-0.0750000000000001,-0.23));
#13962=CARTESIAN_POINT('',(-0.0750000000000001,0.23));
#13963=CARTESIAN_POINT('',(0.075,-0.23));
#13964=CARTESIAN_POINT('',(-0.0750000000000001,-0.23));
#13965=CARTESIAN_POINT('',(0.075,0.8));
#13966=CARTESIAN_POINT('',(0.075,-0.8));
#13967=CARTESIAN_POINT('',(-0.0750000000000001,0.8));
#13968=CARTESIAN_POINT('',(0.075,0.8));
#13969=CARTESIAN_POINT('',(-0.0750000000000001,-0.8));
#13970=CARTESIAN_POINT('',(-0.0750000000000001,0.8));
#13971=CARTESIAN_POINT('',(0.075,-0.8));
#13972=CARTESIAN_POINT('',(-0.0750000000000001,-0.8));
#13973=CARTESIAN_POINT('',(0.775,-0.0750000000000001));
#13974=CARTESIAN_POINT('',(-0.125,-0.0750000000000001));
#13975=CARTESIAN_POINT('',(0.775,0.075));
#13976=CARTESIAN_POINT('',(0.775,-0.0750000000000001));
#13977=CARTESIAN_POINT('',(-0.125,0.075));
#13978=CARTESIAN_POINT('',(0.775,0.075));
#13979=CARTESIAN_POINT('',(4.6,-0.84,-0.55));
#13980=CARTESIAN_POINT('',(4.6,-0.69,-0.55));
#13981=CARTESIAN_POINT('',(-0.125,0.075));
#13982=CARTESIAN_POINT('',(-0.125,-0.0750000000000001));
#13983=CARTESIAN_POINT('',(1.5707963267949,0.624599999999999));
#13984=CARTESIAN_POINT('',(1.5707963267949,0.774599999999999));
#13985=CARTESIAN_POINT('',(3.14159265358979,0.624599999999999));
#13986=CARTESIAN_POINT('',(1.5707963267949,0.624599999999999));
#13987=CARTESIAN_POINT('',(4.3,-0.84,-0.85));
#13988=CARTESIAN_POINT('',(4.3,-0.69,-0.85));
#13989=CARTESIAN_POINT('',(3.14159265358979,0.624599999999999));
#13990=CARTESIAN_POINT('',(3.14159265358979,0.774599999999999));
#13991=CARTESIAN_POINT('',(1.5707963267949,0.774599999999999));
#13992=CARTESIAN_POINT('',(3.14159265358979,0.774599999999999));
#13993=CARTESIAN_POINT('',(0.6,-0.0750000000000001));
#13994=CARTESIAN_POINT('',(-0.75,-0.0750000000000001));
#13995=CARTESIAN_POINT('',(0.6,0.075));
#13996=CARTESIAN_POINT('',(0.6,-0.0750000000000001));
#13997=CARTESIAN_POINT('',(-0.750001294509,0.07500000939799));
#13998=CARTESIAN_POINT('',(0.6,0.075));
#13999=CARTESIAN_POINT('',(2.949998705491,-0.840000004698995,-0.85000000000419));
#14000=CARTESIAN_POINT('',(2.949999136994,-0.790000003132663,-0.850000000000931));
#14001=CARTESIAN_POINT('',(2.949999568497,-0.740000001566332,-0.849999999999535));
#14002=CARTESIAN_POINT('',(2.95,-0.69,-0.85));
#14003=CARTESIAN_POINT('',(-0.750001294509,0.07500000939799));
#14004=CARTESIAN_POINT('',(-0.75,-0.0750000000000001));
#14005=CARTESIAN_POINT('',(2.8,-0.79,-1.));
#14006=CARTESIAN_POINT('',(2.8,-0.69,-1.));
#14007=CARTESIAN_POINT('',(0.724605308464978,4.71238898038469));
#14008=CARTESIAN_POINT('',(0.624605308464977,4.71238898038469));
#14009=CARTESIAN_POINT('',(0.624605308464977,3.14159265358979));
#14010=CARTESIAN_POINT('',(0.624605308464977,4.71238898038469));
#14011=CARTESIAN_POINT('',(0.774605317862967,3.14160223915924));
#14012=CARTESIAN_POINT('',(0.624605308464977,3.14159265358979));
#14013=CARTESIAN_POINT('',(0.724605308464978,4.71238898038469));
#14014=CARTESIAN_POINT('',(0.781909890823767,4.14661663029981));
#14015=CARTESIAN_POINT('',(0.774605318998304,3.70814240225133));
#14016=CARTESIAN_POINT('',(0.774605317862967,3.14160223915924));
#14017=CARTESIAN_POINT('',(2.80028281521962,-0.594993161495589,-1.09996874124225));
#14018=CARTESIAN_POINT('',(2.80028281521962,-0.594993164364967,-0.949921737519779));
#14019=CARTESIAN_POINT('',(0.1187436867076,-0.1262062932764));
#14020=CARTESIAN_POINT('',(0.1187436867076,-0.0761815240461307));
#14021=CARTESIAN_POINT('',(0.1187436867076,-0.0261567548029018));
#14022=CARTESIAN_POINT('',(0.1187436867076,0.0238690007799001));
#14023=CARTESIAN_POINT('',(0.0237436867076001,0.1237436867076));
#14024=CARTESIAN_POINT('',(0.0237436867076002,0.0286247248171421));
#14025=CARTESIAN_POINT('',(0.1187436867076,0.0238690007799001));
#14026=CARTESIAN_POINT('',(0.0237436867076001,-0.0262563132924));
#14027=CARTESIAN_POINT('',(0.0237436867076001,0.1237436867076));
#14028=CARTESIAN_POINT('',(-0.0762563132924,-0.0262563132924));
#14029=CARTESIAN_POINT('',(0.0237436867076001,-0.0262563132924));
#14030=CARTESIAN_POINT('',(0.1187436867076,-0.1262062932764));
#14031=CARTESIAN_POINT('',(-0.00312217072171063,-0.123768503386653));
#14032=CARTESIAN_POINT('',(-0.0762563132924,-0.0262563132924));
#14033=CARTESIAN_POINT('',(2.9,-0.5,-1.1));
#14034=CARTESIAN_POINT('',(2.9,-0.5,-0.95));
#14035=CARTESIAN_POINT('',(0.77473784547953,1.5707963267949));
#14036=CARTESIAN_POINT('',(0.62473784547953,1.5707963267949));
#14037=CARTESIAN_POINT('',(2.9,-0.5,-0.95));
#14038=CARTESIAN_POINT('',(2.80471208887817,-0.499996582182483,-0.949960868759889));
#14039=CARTESIAN_POINT('',(2.80028281521962,-0.594993164364967,-0.949921737519779));
#14040=CARTESIAN_POINT('',(0.62473784547953,1.5707963267949));
#14041=CARTESIAN_POINT('',(0.62467518844338,0.0552990567053531));
#14042=CARTESIAN_POINT('',(0.77471283547153,0.0552990567053531));
#14043=CARTESIAN_POINT('',(0.62467518844338,0.0552990567053531));
#14044=CARTESIAN_POINT('',(0.77473784547953,1.5707963267949));
#14045=CARTESIAN_POINT('',(0.77471283547153,0.0552990567053531));
#14046=CARTESIAN_POINT('',(2.80456500726842,0.590579534493514,-0.95));
#14047=CARTESIAN_POINT('',(1.2,0.59,-0.95));
#14048=CARTESIAN_POINT('',(-2.802859547921,-1.18));
#14049=CARTESIAN_POINT('',(-1.2,-1.18));
#14050=CARTESIAN_POINT('',(1.2,0.59,-0.95));
#14051=CARTESIAN_POINT('',(1.2,0.25,-0.95));
#14052=CARTESIAN_POINT('',(-1.2,-1.18));
#14053=CARTESIAN_POINT('',(-1.2,-0.84));
#14054=CARTESIAN_POINT('',(1.2,0.25,-0.95));
#14055=CARTESIAN_POINT('',(1.2,0.,-0.95));
#14056=CARTESIAN_POINT('',(-1.2,-0.84));
#14057=CARTESIAN_POINT('',(-1.2,-0.59));
#14058=CARTESIAN_POINT('',(1.2,0.,-0.95));
#14059=CARTESIAN_POINT('',(1.2,-0.25,-0.95));
#14060=CARTESIAN_POINT('',(-1.2,-0.59));
#14061=CARTESIAN_POINT('',(-1.2,-0.34));
#14062=CARTESIAN_POINT('',(1.2,-0.25,-0.95));
#14063=CARTESIAN_POINT('',(1.2,-0.59,-0.95));
#14064=CARTESIAN_POINT('',(-1.2,-0.34));
#14065=CARTESIAN_POINT('',(-1.2,0.));
#14066=CARTESIAN_POINT('',(-2.800669872981,0.005));
#14067=CARTESIAN_POINT('',(-2.26711324538381,0.00333333332311836));
#14068=CARTESIAN_POINT('',(-1.73355662269191,0.00166666666155912));
#14069=CARTESIAN_POINT('',(-1.2,0.));
#14070=CARTESIAN_POINT('',(-2.9,-0.09));
#14071=CARTESIAN_POINT('',(-2.80490561775886,-0.0900000000000002));
#14072=CARTESIAN_POINT('',(-2.800669872981,0.005));
#14073=CARTESIAN_POINT('',(2.9,-0.5,-0.95));
#14074=CARTESIAN_POINT('',(2.9,0.498578643762697,-0.95));
#14075=CARTESIAN_POINT('',(-2.9,-0.09));
#14076=CARTESIAN_POINT('',(-2.9,-1.0885786437627));
#14077=CARTESIAN_POINT('',(-2.802859547921,-1.18));
#14078=CARTESIAN_POINT('',(-2.83127703786376,-1.11287588003757));
#14079=CARTESIAN_POINT('',(-2.9,-1.0885786437627));
#14080=CARTESIAN_POINT('',(3.05,0.49,-0.949999999999999));
#14081=CARTESIAN_POINT('',(2.95,0.49,-0.95));
#14082=CARTESIAN_POINT('',(-0.15,-0.99));
#14083=CARTESIAN_POINT('',(-0.0500000000000003,-0.99));
#14084=CARTESIAN_POINT('',(0.,-0.9985786437627));
#14085=CARTESIAN_POINT('',(-0.0242640687119271,-0.99));
#14086=CARTESIAN_POINT('',(-0.0500000000000003,-0.99));
#14087=CARTESIAN_POINT('',(0.,0.));
#14088=CARTESIAN_POINT('',(0.,-0.9985786437627));
#14089=CARTESIAN_POINT('',(2.9,-0.5,-0.95));
#14090=CARTESIAN_POINT('',(3.05,-0.5,-0.949999999999999));
#14091=CARTESIAN_POINT('',(0.,0.));
#14092=CARTESIAN_POINT('',(-0.15,0.));
#14093=CARTESIAN_POINT('',(3.05,-0.5,-0.949999999999999));
#14094=CARTESIAN_POINT('',(3.05,0.49,-0.949999999999999));
#14095=CARTESIAN_POINT('',(-0.15,0.));
#14096=CARTESIAN_POINT('',(-0.15,-0.99));
#14097=CARTESIAN_POINT('',(0.99,-0.0424264068711932));
#14098=CARTESIAN_POINT('',(0.,-0.0424264068711932));
#14099=CARTESIAN_POINT('',(3.05,-0.5,-0.949999999999999));
#14100=CARTESIAN_POINT('',(3.08,-0.5,-0.98));
#14101=CARTESIAN_POINT('',(0.99,-0.0424264068711932));
#14102=CARTESIAN_POINT('',(0.99,0.));
#14103=CARTESIAN_POINT('',(3.08,-0.5,-0.98));
#14104=CARTESIAN_POINT('',(3.08,0.49,-0.98));
#14105=CARTESIAN_POINT('',(0.99,0.));
#14106=CARTESIAN_POINT('',(0.,0.));
#14107=CARTESIAN_POINT('',(3.08,0.49,-0.98));
#14108=CARTESIAN_POINT('',(3.05,0.49,-0.949999999999999));
#14109=CARTESIAN_POINT('',(0.,0.));
#14110=CARTESIAN_POINT('',(0.,-0.0424264068711932));
#14111=CARTESIAN_POINT('',(3.08,-0.5,-1.07));
#14112=CARTESIAN_POINT('',(3.08,0.49,-1.07));
#14113=CARTESIAN_POINT('',(0.03,0.));
#14114=CARTESIAN_POINT('',(0.03,-0.99));
#14115=CARTESIAN_POINT('',(3.08,0.49,-1.07));
#14116=CARTESIAN_POINT('',(3.08,0.49,-0.98));
#14117=CARTESIAN_POINT('',(0.03,-0.99));
#14118=CARTESIAN_POINT('',(0.12,-0.99));
#14119=CARTESIAN_POINT('',(0.12,0.));
#14120=CARTESIAN_POINT('',(0.12,-0.99));
#14121=CARTESIAN_POINT('',(3.08,-0.5,-0.98));
#14122=CARTESIAN_POINT('',(3.08,-0.5,-1.07));
#14123=CARTESIAN_POINT('',(0.12,0.));
#14124=CARTESIAN_POINT('',(0.03,0.));
#14125=CARTESIAN_POINT('',(3.05,0.49,-1.1));
#14126=CARTESIAN_POINT('',(2.95,0.49,-1.1));
#14127=CARTESIAN_POINT('',(-0.0750000000000002,-0.75));
#14128=CARTESIAN_POINT('',(-0.0750000000000002,-0.85));
#14129=CARTESIAN_POINT('',(0.075,-0.85));
#14130=CARTESIAN_POINT('',(-0.0750000000000002,-0.85));
#14131=CARTESIAN_POINT('',(0.075,-0.75));
#14132=CARTESIAN_POINT('',(0.075,-0.85));
#14133=CARTESIAN_POINT('',(0.0449999999999999,-0.72));
#14134=CARTESIAN_POINT('',(0.075,-0.75));
#14135=CARTESIAN_POINT('',(-0.0450000000000002,-0.72));
#14136=CARTESIAN_POINT('',(0.0449999999999999,-0.72));
#14137=CARTESIAN_POINT('',(3.08,0.49,-1.07));
#14138=CARTESIAN_POINT('',(3.05,0.49,-1.1));
#14139=CARTESIAN_POINT('',(-0.0450000000000002,-0.72));
#14140=CARTESIAN_POINT('',(-0.0750000000000002,-0.75));
#14141=CARTESIAN_POINT('',(-0.9985786437627,0.));
#14142=CARTESIAN_POINT('',(0.,0.));
#14143=CARTESIAN_POINT('',(-0.99,-0.0500000000000003));
#14144=CARTESIAN_POINT('',(-0.99,-0.0242640687119271));
#14145=CARTESIAN_POINT('',(-0.9985786437627,0.));
#14146=CARTESIAN_POINT('',(-0.99,-0.15));
#14147=CARTESIAN_POINT('',(-0.99,-0.0500000000000003));
#14148=CARTESIAN_POINT('',(3.05,0.49,-1.1));
#14149=CARTESIAN_POINT('',(3.05,-0.5,-1.1));
#14150=CARTESIAN_POINT('',(-0.99,-0.15));
#14151=CARTESIAN_POINT('',(0.,-0.15));
#14152=CARTESIAN_POINT('',(3.05,-0.5,-1.1));
#14153=CARTESIAN_POINT('',(2.9,-0.5,-1.1));
#14154=CARTESIAN_POINT('',(0.,-0.15));
#14155=CARTESIAN_POINT('',(0.,0.));
#14156=CARTESIAN_POINT('',(0.,0.));
#14157=CARTESIAN_POINT('',(0.99,0.));
#14158=CARTESIAN_POINT('',(0.,-0.0424264068711932));
#14159=CARTESIAN_POINT('',(0.,0.));
#14160=CARTESIAN_POINT('',(0.99,-0.0424264068711932));
#14161=CARTESIAN_POINT('',(0.,-0.0424264068711932));
#14162=CARTESIAN_POINT('',(3.08,-0.5,-1.07));
#14163=CARTESIAN_POINT('',(3.05,-0.5,-1.1));
#14164=CARTESIAN_POINT('',(0.99,-0.0424264068711932));
#14165=CARTESIAN_POINT('',(0.99,0.));
#14166=CARTESIAN_POINT('',(0.075,0.9));
#14167=CARTESIAN_POINT('',(0.075,0.75));
#14168=CARTESIAN_POINT('',(-0.0750000000000002,0.9));
#14169=CARTESIAN_POINT('',(0.075,0.9));
#14170=CARTESIAN_POINT('',(-0.0750000000000002,0.75));
#14171=CARTESIAN_POINT('',(-0.0750000000000002,0.9));
#14172=CARTESIAN_POINT('',(-0.0450000000000002,0.72));
#14173=CARTESIAN_POINT('',(-0.0750000000000002,0.75));
#14174=CARTESIAN_POINT('',(0.0449999999999999,0.72));
#14175=CARTESIAN_POINT('',(-0.0450000000000002,0.72));
#14176=CARTESIAN_POINT('',(0.075,0.75));
#14177=CARTESIAN_POINT('',(0.0449999999999999,0.72));
#14178=CARTESIAN_POINT('',(0.17,0.075));
#14179=CARTESIAN_POINT('',(0.17,-0.0750000000000002));
#14180=CARTESIAN_POINT('',(-0.17,0.075));
#14181=CARTESIAN_POINT('',(0.17,0.075));
#14182=CARTESIAN_POINT('',(1.2,-0.25,-0.95));
#14183=CARTESIAN_POINT('',(1.2,-0.25,-1.1));
#14184=CARTESIAN_POINT('',(-0.17,0.075));
#14185=CARTESIAN_POINT('',(-0.17,-0.0750000000000002));
#14186=CARTESIAN_POINT('',(0.17,-0.0750000000000002));
#14187=CARTESIAN_POINT('',(-0.17,-0.0750000000000002));
#14188=CARTESIAN_POINT('',(0.125,0.075));
#14189=CARTESIAN_POINT('',(0.125,-0.0750000000000002));
#14190=CARTESIAN_POINT('',(-0.125,0.075));
#14191=CARTESIAN_POINT('',(0.125,0.075));
#14192=CARTESIAN_POINT('',(1.2,0.,-0.95));
#14193=CARTESIAN_POINT('',(1.2,0.,-1.1));
#14194=CARTESIAN_POINT('',(-0.125,0.075));
#14195=CARTESIAN_POINT('',(-0.125,-0.0750000000000002));
#14196=CARTESIAN_POINT('',(0.125,-0.0750000000000002));
#14197=CARTESIAN_POINT('',(-0.125,-0.0750000000000002));
#14198=CARTESIAN_POINT('',(0.125,0.075));
#14199=CARTESIAN_POINT('',(0.125,-0.0750000000000002));
#14200=CARTESIAN_POINT('',(-0.125,0.075));
#14201=CARTESIAN_POINT('',(0.125,0.075));
#14202=CARTESIAN_POINT('',(1.2,0.25,-0.95));
#14203=CARTESIAN_POINT('',(1.2,0.25,-1.1));
#14204=CARTESIAN_POINT('',(-0.125,0.075));
#14205=CARTESIAN_POINT('',(-0.125,-0.0750000000000002));
#14206=CARTESIAN_POINT('',(0.125,-0.0750000000000002));
#14207=CARTESIAN_POINT('',(-0.125,-0.0750000000000002));
#14208=CARTESIAN_POINT('',(0.17,0.075));
#14209=CARTESIAN_POINT('',(0.17,-0.0750000000000002));
#14210=CARTESIAN_POINT('',(-0.17,0.075));
#14211=CARTESIAN_POINT('',(0.17,0.075));
#14212=CARTESIAN_POINT('',(1.2,0.59,-0.95));
#14213=CARTESIAN_POINT('',(1.2,0.59,-1.1));
#14214=CARTESIAN_POINT('',(-0.17,0.075));
#14215=CARTESIAN_POINT('',(-0.17,-0.0750000000000002));
#14216=CARTESIAN_POINT('',(0.17,-0.0750000000000002));
#14217=CARTESIAN_POINT('',(-0.17,-0.0750000000000002));
#14218=CARTESIAN_POINT('',(0.1237436867076,-0.1262563132924));
#14219=CARTESIAN_POINT('',(-0.00125631329239997,-0.1262563132924));
#14220=CARTESIAN_POINT('',(-0.0762563132924,-0.0262563132924));
#14221=CARTESIAN_POINT('',(0.1237436867076,0.0237436867076001));
#14222=CARTESIAN_POINT('',(0.1237436867076,-0.1262563132924));
#14223=CARTESIAN_POINT('',(1.2,0.59,-0.95));
#14224=CARTESIAN_POINT('',(1.2,0.69,-0.95));
#14225=CARTESIAN_POINT('',(1.2,0.69,-0.85));
#14226=CARTESIAN_POINT('',(0.1237436867076,0.0237436867076001));
#14227=CARTESIAN_POINT('',(0.0237436867076002,0.0237436867075999));
#14228=CARTESIAN_POINT('',(0.0237436867076,0.1237436867076));
#14229=CARTESIAN_POINT('',(0.0237436867076001,-0.0262563132924));
#14230=CARTESIAN_POINT('',(0.0237436867076,0.1237436867076));
#14231=CARTESIAN_POINT('',(1.2,0.69,-1.));
#14232=CARTESIAN_POINT('',(1.2,0.79,-1.));
#14233=CARTESIAN_POINT('',(0.0237436867076001,-0.0262563132924));
#14234=CARTESIAN_POINT('',(-0.0762563132924,-0.0262563132924));
#14235=CARTESIAN_POINT('',(1.05,0.69,-0.85));
#14236=CARTESIAN_POINT('',(1.05000043151483,0.740000001605778,-0.849999999999535));
#14237=CARTESIAN_POINT('',(1.05000086302967,0.790000003211555,-0.850000000000931));
#14238=CARTESIAN_POINT('',(1.0500012945445,0.840000004817333,-0.85000000000419));
#14239=CARTESIAN_POINT('',(0.774658393114572,3.14159265358979));
#14240=CARTESIAN_POINT('',(0.624658383479906,3.14158306775747));
#14241=CARTESIAN_POINT('',(0.674658393114572,1.5707963267949));
#14242=CARTESIAN_POINT('',(0.617353811138466,2.13656867345391));
#14243=CARTESIAN_POINT('',(0.624658382315977,2.5750429080751));
#14244=CARTESIAN_POINT('',(0.624658383479906,3.14158306775747));
#14245=CARTESIAN_POINT('',(0.774658393114572,1.5707963267949));
#14246=CARTESIAN_POINT('',(0.674658393114572,1.5707963267949));
#14247=CARTESIAN_POINT('',(0.774658393114572,3.14159265358979));
#14248=CARTESIAN_POINT('',(0.774658393114572,1.5707963267949));
#14249=CARTESIAN_POINT('',(0.2,0.69,-0.85));
#14250=CARTESIAN_POINT('',(0.2,0.84,-0.85));
#14251=CARTESIAN_POINT('',(0.0750000000000001,0.4));
#14252=CARTESIAN_POINT('',(-0.075,0.4));
#14253=CARTESIAN_POINT('',(-0.075000009634666,-0.4500012945445));
#14254=CARTESIAN_POINT('',(-0.075,0.4));
#14255=CARTESIAN_POINT('',(0.0750000000000001,-0.45));
#14256=CARTESIAN_POINT('',(-0.075000009634666,-0.4500012945445));
#14257=CARTESIAN_POINT('',(0.0750000000000001,0.4));
#14258=CARTESIAN_POINT('',(0.0750000000000001,-0.45));
#14259=CARTESIAN_POINT('',(3.14159265358979,0.624600000000003));
#14260=CARTESIAN_POINT('',(3.14159265358979,0.774600000000003));
#14261=CARTESIAN_POINT('',(4.71238898038469,0.624600000000003));
#14262=CARTESIAN_POINT('',(3.14159265358979,0.624600000000003));
#14263=CARTESIAN_POINT('',(-9.25185853854297E-18,0.69,-0.65));
#14264=CARTESIAN_POINT('',(-1.85037170770859E-17,0.84,-0.65));
#14265=CARTESIAN_POINT('',(4.71238898038469,0.624600000000003));
#14266=CARTESIAN_POINT('',(4.71238898038469,0.774600000000003));
#14267=CARTESIAN_POINT('',(3.14159265358979,0.774600000000003));
#14268=CARTESIAN_POINT('',(4.71238898038469,0.774600000000003));
#14269=CARTESIAN_POINT('',(0.,0.69,-0.2));
#14270=CARTESIAN_POINT('',(0.,0.84,-0.2));
#14271=CARTESIAN_POINT('',(-0.225,0.0750000000000001));
#14272=CARTESIAN_POINT('',(-0.225,-0.075));
#14273=CARTESIAN_POINT('',(0.225,-0.075));
#14274=CARTESIAN_POINT('',(-0.225,-0.075));
#14275=CARTESIAN_POINT('',(0.225,0.0750000000000001));
#14276=CARTESIAN_POINT('',(0.225,-0.075));
#14277=CARTESIAN_POINT('',(-0.225,0.0750000000000001));
#14278=CARTESIAN_POINT('',(0.225,0.0750000000000001));
#14279=CARTESIAN_POINT('',(-0.025,0.0750000000000001));
#14280=CARTESIAN_POINT('',(0.175,0.0750000000000001));
#14281=CARTESIAN_POINT('',(3.,0.69,0.35));
#14282=CARTESIAN_POINT('',(3.,0.84,0.35));
#14283=CARTESIAN_POINT('',(-0.025,0.0750000000000001));
#14284=CARTESIAN_POINT('',(-0.025,-0.075));
#14285=CARTESIAN_POINT('',(0.175,-0.075));
#14286=CARTESIAN_POINT('',(-0.025,-0.075));
#14287=CARTESIAN_POINT('',(0.175,0.0750000000000001));
#14288=CARTESIAN_POINT('',(0.175,-0.075));
#14289=CARTESIAN_POINT('',(3.,0.69,0.35));
#14290=CARTESIAN_POINT('',(3.,0.69,0.5));
#14291=CARTESIAN_POINT('',(3.,0.54,0.5));
#14292=CARTESIAN_POINT('',(0.159099025767,0.00909902576700006));
#14293=CARTESIAN_POINT('',(0.00909902576700001,0.00909902576700009));
#14294=CARTESIAN_POINT('',(0.00909902576699995,0.159099025767));
#14295=CARTESIAN_POINT('',(3.,0.54,0.5));
#14296=CARTESIAN_POINT('',(3.,0.54,0.65));
#14297=CARTESIAN_POINT('',(0.00909902576699995,0.159099025767));
#14298=CARTESIAN_POINT('',(-0.140900974233,0.159099025767));
#14299=CARTESIAN_POINT('',(3.,0.54,0.65));
#14300=CARTESIAN_POINT('',(3.,0.84,0.65));
#14301=CARTESIAN_POINT('',(3.,0.84,0.35));
#14302=CARTESIAN_POINT('',(-0.140900974233,0.159099025767));
#14303=CARTESIAN_POINT('',(-0.140900974233,-0.140900974233));
#14304=CARTESIAN_POINT('',(0.159099025767,-0.140900974233));
#14305=CARTESIAN_POINT('',(0.159099025767,0.00909902576700006));
#14306=CARTESIAN_POINT('',(0.159099025767,-0.140900974233));
#14307=CARTESIAN_POINT('',(3.14159265358979,2.3696));
#14308=CARTESIAN_POINT('',(3.14159265358979,0.769600000000001));
#14309=CARTESIAN_POINT('',(1.5707963267949,2.3696));
#14310=CARTESIAN_POINT('',(3.14159265358979,2.3696));
#14311=CARTESIAN_POINT('',(3.,0.54,0.65));
#14312=CARTESIAN_POINT('',(4.6,0.54,0.65));
#14313=CARTESIAN_POINT('',(1.5707963267949,2.3696));
#14314=CARTESIAN_POINT('',(1.5707963267949,0.769600000000001));
#14315=CARTESIAN_POINT('',(4.6,0.54,0.65));
#14316=CARTESIAN_POINT('',(4.6,0.84,0.65));
#14317=CARTESIAN_POINT('',(4.6,0.84,0.35));
#14318=CARTESIAN_POINT('',(1.5707963267949,0.769600000000001));
#14319=CARTESIAN_POINT('',(3.14159265358979,0.769600000000001));
#14320=CARTESIAN_POINT('',(4.6,0.54,0.5));
#14321=CARTESIAN_POINT('',(4.6,0.69,0.5));
#14322=CARTESIAN_POINT('',(4.6,0.69,0.35));
#14323=CARTESIAN_POINT('',(0.159099025767,0.00909902576699995));
#14324=CARTESIAN_POINT('',(0.00909902576700009,0.00909902576700001));
#14325=CARTESIAN_POINT('',(0.00909902576700006,0.159099025767));
#14326=CARTESIAN_POINT('',(4.6,0.69,0.35));
#14327=CARTESIAN_POINT('',(4.6,0.84,0.35));
#14328=CARTESIAN_POINT('',(0.00909902576700006,0.159099025767));
#14329=CARTESIAN_POINT('',(-0.140900974233,0.159099025767));
#14330=CARTESIAN_POINT('',(0.159099025767,-0.140900974233));
#14331=CARTESIAN_POINT('',(-0.140900974233,-0.140900974233));
#14332=CARTESIAN_POINT('',(-0.140900974233,0.159099025767));
#14333=CARTESIAN_POINT('',(4.6,0.54,0.65));
#14334=CARTESIAN_POINT('',(4.6,0.54,0.5));
#14335=CARTESIAN_POINT('',(0.159099025767,-0.140900974233));
#14336=CARTESIAN_POINT('',(0.159099025767,0.00909902576699995));
#14337=CARTESIAN_POINT('',(0.775,-0.075));
#14338=CARTESIAN_POINT('',(-0.125,-0.075));
#14339=CARTESIAN_POINT('',(0.775,0.0750000000000001));
#14340=CARTESIAN_POINT('',(0.775,-0.075));
#14341=CARTESIAN_POINT('',(-0.125,0.0750000000000001));
#14342=CARTESIAN_POINT('',(0.775,0.0750000000000001));
#14343=CARTESIAN_POINT('',(4.6,0.69,-0.55));
#14344=CARTESIAN_POINT('',(4.6,0.84,-0.55));
#14345=CARTESIAN_POINT('',(-0.125,0.0750000000000001));
#14346=CARTESIAN_POINT('',(-0.125,-0.075));
#14347=CARTESIAN_POINT('',(1.5707963267949,0.6246));
#14348=CARTESIAN_POINT('',(1.5707963267949,0.7746));
#14349=CARTESIAN_POINT('',(3.14159265358979,0.6246));
#14350=CARTESIAN_POINT('',(1.5707963267949,0.6246));
#14351=CARTESIAN_POINT('',(3.14159265358979,0.7746));
#14352=CARTESIAN_POINT('',(3.14159265358979,0.6246));
#14353=CARTESIAN_POINT('',(1.5707963267949,0.7746));
#14354=CARTESIAN_POINT('',(3.14159265358979,0.7746));
#14355=CARTESIAN_POINT('',(2.3696,3.14159265358979));
#14356=CARTESIAN_POINT('',(2.3696,1.5707963267949));
#14357=CARTESIAN_POINT('',(0.769600000000001,3.14159265358979));
#14358=CARTESIAN_POINT('',(2.3696,3.14159265358979));
#14359=CARTESIAN_POINT('',(0.769600000000001,1.5707963267949));
#14360=CARTESIAN_POINT('',(0.769600000000001,3.14159265358979));
#14361=CARTESIAN_POINT('',(4.6,0.54,0.5));
#14362=CARTESIAN_POINT('',(3.,0.54,0.5));
#14363=CARTESIAN_POINT('',(0.769600000000001,1.5707963267949));
#14364=CARTESIAN_POINT('',(2.3696,1.5707963267949));
#14365=CARTESIAN_POINT('',(4.6,0.08,0.5));
#14366=CARTESIAN_POINT('',(3.,0.08,0.5));
#14367=CARTESIAN_POINT('',(-0.46,0.));
#14368=CARTESIAN_POINT('',(-0.46,-1.6));
#14369=CARTESIAN_POINT('',(3.,0.08,0.5));
#14370=CARTESIAN_POINT('',(3.,0.54,0.5));
#14371=CARTESIAN_POINT('',(-0.46,-1.6));
#14372=CARTESIAN_POINT('',(0.,-1.6));
#14373=CARTESIAN_POINT('',(0.,0.));
#14374=CARTESIAN_POINT('',(0.,-1.6));
#14375=CARTESIAN_POINT('',(4.6,0.54,0.5));
#14376=CARTESIAN_POINT('',(4.6,0.08,0.5));
#14377=CARTESIAN_POINT('',(0.,0.));
#14378=CARTESIAN_POINT('',(-0.46,0.));
#14379=CARTESIAN_POINT('',(0.075,0.23));
#14380=CARTESIAN_POINT('',(0.075,-0.23));
#14381=CARTESIAN_POINT('',(-0.0750000000000001,0.23));
#14382=CARTESIAN_POINT('',(0.075,0.23));
#14383=CARTESIAN_POINT('',(4.6,0.54,0.65));
#14384=CARTESIAN_POINT('',(4.6,0.08,0.65));
#14385=CARTESIAN_POINT('',(-0.0750000000000001,0.23));
#14386=CARTESIAN_POINT('',(-0.0750000000000001,-0.23));
#14387=CARTESIAN_POINT('',(4.6,0.08,0.65));
#14388=CARTESIAN_POINT('',(4.6,0.08,0.5));
#14389=CARTESIAN_POINT('',(-0.0750000000000001,-0.23));
#14390=CARTESIAN_POINT('',(0.075,-0.23));
#14391=CARTESIAN_POINT('',(3.,0.54,0.65));
#14392=CARTESIAN_POINT('',(3.,0.08,0.65));
#14393=CARTESIAN_POINT('',(-1.6,0.));
#14394=CARTESIAN_POINT('',(-1.6,-0.46));
#14395=CARTESIAN_POINT('',(3.,0.08,0.65));
#14396=CARTESIAN_POINT('',(4.6,0.08,0.65));
#14397=CARTESIAN_POINT('',(-1.6,-0.46));
#14398=CARTESIAN_POINT('',(0.,-0.46));
#14399=CARTESIAN_POINT('',(0.,0.));
#14400=CARTESIAN_POINT('',(0.,-0.46));
#14401=CARTESIAN_POINT('',(-1.6,0.));
#14402=CARTESIAN_POINT('',(0.,0.));
#14403=CARTESIAN_POINT('',(0.075,0.8));
#14404=CARTESIAN_POINT('',(0.075,-0.8));
#14405=CARTESIAN_POINT('',(-0.0750000000000001,0.8));
#14406=CARTESIAN_POINT('',(0.075,0.8));
#14407=CARTESIAN_POINT('',(-0.0750000000000001,-0.8));
#14408=CARTESIAN_POINT('',(-0.0750000000000001,0.8));
#14409=CARTESIAN_POINT('',(3.,0.08,0.65));
#14410=CARTESIAN_POINT('',(3.,0.08,0.5));
#14411=CARTESIAN_POINT('',(-0.0750000000000001,-0.8));
#14412=CARTESIAN_POINT('',(0.075,-0.8));
#14413=CARTESIAN_POINT('',(0.075,0.23));
#14414=CARTESIAN_POINT('',(0.075,-0.23));
#14415=CARTESIAN_POINT('',(-0.0750000000000001,0.23));
#14416=CARTESIAN_POINT('',(0.075,0.23));
#14417=CARTESIAN_POINT('',(-0.0750000000000001,-0.23));
#14418=CARTESIAN_POINT('',(-0.0750000000000001,0.23));
#14419=CARTESIAN_POINT('',(0.075,-0.23));
#14420=CARTESIAN_POINT('',(-0.0750000000000001,-0.23));
#14421=CARTESIAN_POINT('',(0.7698859547921,1.5707963267949));
#14422=CARTESIAN_POINT('',(0.7698859547921,3.14159265358979));
#14423=CARTESIAN_POINT('',(2.3727455027131,1.5707963267949));
#14424=CARTESIAN_POINT('',(0.7698859547921,1.5707963267949));
#14425=CARTESIAN_POINT('',(2.3698859547921,2.10656570155638));
#14426=CARTESIAN_POINT('',(2.3727455027131,1.5707963267949));
#14427=CARTESIAN_POINT('',(2.3698859547921,3.14159265358979));
#14428=CARTESIAN_POINT('',(2.3698859547921,2.10656570155638));
#14429=CARTESIAN_POINT('',(0.7698859547921,3.14159265358979));
#14430=CARTESIAN_POINT('',(2.3698859547921,3.14159265358979));
#14431=CARTESIAN_POINT('',(2.85384409927012,0.84,-0.65));
#14432=CARTESIAN_POINT('',(2.85384409927012,0.69,-0.65));
#14433=CARTESIAN_POINT('',(-1.99384645598969,-24.7));
#14434=CARTESIAN_POINT('',(-1.84384645598969,-24.7));
#14435=CARTESIAN_POINT('',(-1.84384645598969,-24.0499507349125));
#14436=CARTESIAN_POINT('',(-1.84384645598969,-24.7));
#14437=CARTESIAN_POINT('',(-1.99384645598969,-24.0499507349125));
#14438=CARTESIAN_POINT('',(-1.84384645598969,-24.0499507349125));
#14439=CARTESIAN_POINT('',(-1.99384645598969,-24.7));
#14440=CARTESIAN_POINT('',(-1.99384645598969,-24.0499507349125));
#14441=CARTESIAN_POINT('',(1.12,0.84,-0.199999999999999));
#14442=CARTESIAN_POINT('',(1.12,0.69,-0.199999999999999));
#14443=CARTESIAN_POINT('',(24.25,-0.53615354401031));
#14444=CARTESIAN_POINT('',(24.25,-0.68615354401031));
#14445=CARTESIAN_POINT('',(24.7,-0.68615354401031));
#14446=CARTESIAN_POINT('',(24.25,-0.68615354401031));
#14447=CARTESIAN_POINT('',(1.12,0.69,-0.65));
#14448=CARTESIAN_POINT('',(1.12,0.84,-0.65));
#14449=CARTESIAN_POINT('',(24.7,-0.68615354401031));
#14450=CARTESIAN_POINT('',(24.7,-0.53615354401031));
#14451=CARTESIAN_POINT('',(24.25,-0.53615354401031));
#14452=CARTESIAN_POINT('',(24.7,-0.53615354401031));
#14453=CARTESIAN_POINT('',(1.12,0.69));
#14454=CARTESIAN_POINT('',(1.12,0.84));
#14455=CARTESIAN_POINT('',(2.85384409927012,0.69));
#14456=CARTESIAN_POINT('',(1.12,0.69));
#14457=CARTESIAN_POINT('',(2.85384409927012,0.84));
#14458=CARTESIAN_POINT('',(2.85384409927012,0.69));
#14459=CARTESIAN_POINT('',(1.12,0.84));
#14460=CARTESIAN_POINT('',(2.85384409927012,0.84));
#14461=CARTESIAN_POINT('',(2.85384409927012,-0.84,-0.65));
#14462=CARTESIAN_POINT('',(2.85384409927012,-0.69,-0.65));
#14463=CARTESIAN_POINT('',(2.85384409927012,-0.84));
#14464=CARTESIAN_POINT('',(2.85384409927012,-0.69));
#14465=CARTESIAN_POINT('',(1.12,-0.69));
#14466=CARTESIAN_POINT('',(2.85384409927012,-0.69));
#14467=CARTESIAN_POINT('',(1.12,-0.69,-0.65));
#14468=CARTESIAN_POINT('',(1.12,-0.84,-0.65));
#14469=CARTESIAN_POINT('',(1.12,-0.69));
#14470=CARTESIAN_POINT('',(1.12,-0.84));
#14471=CARTESIAN_POINT('',(2.85384409927012,-0.84));
#14472=CARTESIAN_POINT('',(1.12,-0.84));
#14473=CARTESIAN_POINT('',(1.12,-0.69,-0.400000000000001));
#14474=CARTESIAN_POINT('',(1.12,-0.84,-0.400000000000001));
#14475=CARTESIAN_POINT('',(24.45,-2.06615354401031));
#14476=CARTESIAN_POINT('',(24.45,-2.21615354401031));
#14477=CARTESIAN_POINT('',(24.7,-2.21615354401031));
#14478=CARTESIAN_POINT('',(24.45,-2.21615354401031));
#14479=CARTESIAN_POINT('',(24.7,-2.06615354401031));
#14480=CARTESIAN_POINT('',(24.7,-2.21615354401031));
#14481=CARTESIAN_POINT('',(24.45,-2.06615354401031));
#14482=CARTESIAN_POINT('',(24.7,-2.06615354401031));
#14483=CARTESIAN_POINT('',(-0.463846455989687,-24.0499507349125));
#14484=CARTESIAN_POINT('',(-0.31384645598969,-24.0499507349125));
#14485=CARTESIAN_POINT('',(-0.46384645598969,-24.7));
#14486=CARTESIAN_POINT('',(-0.463846455989687,-24.0499507349125));
#14487=CARTESIAN_POINT('',(-0.31384645598969,-24.7));
#14488=CARTESIAN_POINT('',(-0.46384645598969,-24.7));
#14489=CARTESIAN_POINT('',(-0.31384645598969,-24.0499507349125));
#14490=CARTESIAN_POINT('',(-0.31384645598969,-24.7));
#14491=CARTESIAN_POINT('',(-0.38,0.13));
#14492=CARTESIAN_POINT('',(-0.53,0.13));
#14493=CARTESIAN_POINT('',(-0.38,1.25));
#14494=CARTESIAN_POINT('',(-0.38,0.13));
#14495=CARTESIAN_POINT('',(-0.53,1.25));
#14496=CARTESIAN_POINT('',(-0.38,1.25));
#14497=CARTESIAN_POINT('',(-0.53,0.13));
#14498=CARTESIAN_POINT('',(-0.53,1.25));
#14499=CARTESIAN_POINT('',(-0.6,1.25));
#14500=CARTESIAN_POINT('',(-0.45,1.25));
#14501=CARTESIAN_POINT('',(-0.6,0.13));
#14502=CARTESIAN_POINT('',(-0.6,1.25));
#14503=CARTESIAN_POINT('',(-0.45,0.13));
#14504=CARTESIAN_POINT('',(-0.6,0.13));
#14505=CARTESIAN_POINT('',(-0.45,1.25));
#14506=CARTESIAN_POINT('',(-0.45,0.13));
#14507=CARTESIAN_POINT('',(0.,0.,0.));
#14508=CARTESIAN_POINT('',(0.6,2.8,-4.215));
#14509=CARTESIAN_POINT('',(0.6,8.1,-1.675));
#14510=CARTESIAN_POINT('',(0.,0.,0.));
#14511=(
GEOMETRIC_REPRESENTATION_CONTEXT(2)
PARAMETRIC_REPRESENTATION_CONTEXT()
REPRESENTATION_CONTEXT('pspace','')
);
ENDSEC;
END-ISO-10303-21;
