ISO-10303-21;
HEADER;
/* Generated by software containing ST-Developer
 * from STEP Tools, Inc. (www.steptools.com) 
 */

FILE_DESCRIPTION(
/* description */ (''),
/* implementation_level */ '2;1');

FILE_NAME(
/* name */ 'hotswap-3d (1).step',
/* time_stamp */ '2026-07-13T23:03:50+08:00',
/* author */ (''),
/* organization */ (''),
/* preprocessor_version */ 'ST-DEVELOPER v20.1',
/* originating_system */ 'Autodesk Translation Framework v15.8.0.0',
/* authorisation */ '');

FILE_SCHEMA (('AUTOMOTIVE_DESIGN { 1 0 10303 214 3 1 1 }'));
ENDSEC;

DATA;
#10=MECHANICAL_DESIGN_GEOMETRIC_PRESENTATION_REPRESENTATION('',(#65,#66,
#67,#68),#3972);
#11=ITEM_DEFINED_TRANSFORMATION($,$,#2460,#2625);
#12=ITEM_DEFINED_TRANSFORMATION($,$,#2460,#2626);
#13=(
REPRESENTATION_RELATIONSHIP($,$,#3984,#3983)
REPRESENTATION_RELATIONSHIP_WITH_TRANSFORMATION(#11)
SHAPE_REPRESENTATION_RELATIONSHIP()
);
#14=(
REPRESENTATION_RELATIONSHIP($,$,#3984,#3983)
REPRESENTATION_RELATIONSHIP_WITH_TRANSFORMATION(#12)
SHAPE_REPRESENTATION_RELATIONSHIP()
);
#15=CONTEXT_DEPENDENT_SHAPE_REPRESENTATION(#13,#3981);
#16=CONTEXT_DEPENDENT_SHAPE_REPRESENTATION(#14,#3982);
#17=NEXT_ASSEMBLY_USAGE_OCCURRENCE('CPG151101S11_id11_x_t:1',
'CPG151101S11_id11_x_t:1','CPG151101S11_id11_x_t:1',#3986,#3987,
'CPG151101S11_id11_x_t:1');
#18=NEXT_ASSEMBLY_USAGE_OCCURRENCE('CPG151101S11_id11_x_t:2',
'CPG151101S11_id11_x_t:2','CPG151101S11_id11_x_t:2',#3986,#3987,
'CPG151101S11_id11_x_t:2');
#19=CONICAL_SURFACE('',#2596,0.183883999999953,0.380506377112333);
#20=CONICAL_SURFACE('',#2613,0.183884000000038,0.380506377112332);
#21=FACE_BOUND('',#306,.T.);
#22=FACE_BOUND('',#327,.T.);
#23=FACE_BOUND('',#331,.T.);
#24=FACE_BOUND('',#332,.T.);
#25=SHAPE_REPRESENTATION_RELATIONSHIP('SRR','None',#3984,#27);
#26=SHAPE_REPRESENTATION_RELATIONSHIP('SRR','None',#3983,#28);
#27=ADVANCED_BREP_SHAPE_REPRESENTATION('',(#69,#70,#71),#3971);
#28=ADVANCED_BREP_SHAPE_REPRESENTATION('',(#72),#3970);
#29=CIRCLE('',#2482,0.25);
#30=CIRCLE('',#2486,0.300000000000001);
#31=CIRCLE('',#2487,0.2);
#32=CIRCLE('',#2488,0.149999999999999);
#33=CIRCLE('',#2490,0.15);
#34=CIRCLE('',#2491,0.15);
#35=CIRCLE('',#2493,0.149999999999999);
#36=CIRCLE('',#2494,0.2);
#37=CIRCLE('',#2495,0.300000000000001);
#38=CIRCLE('',#2497,0.15);
#39=CIRCLE('',#2498,0.15);
#40=CIRCLE('',#2501,0.25);
#41=CIRCLE('',#2503,0.25);
#42=CIRCLE('',#2505,0.25);
#43=CIRCLE('',#2507,0.2);
#44=CIRCLE('',#2508,0.300000000000001);
#45=CIRCLE('',#2509,0.149999999999999);
#46=CIRCLE('',#2511,0.149999999999999);
#47=CIRCLE('',#2512,0.3);
#48=CIRCLE('',#2513,0.2);
#49=CIRCLE('',#2552,0.500000000000003);
#50=CIRCLE('',#2553,0.499999999999998);
#51=CIRCLE('',#2555,2.2);
#52=CIRCLE('',#2556,2.19999999999999);
#53=CIRCLE('',#2558,0.500000000000001);
#54=CIRCLE('',#2559,0.500000000000344);
#55=CIRCLE('',#2561,2.);
#56=CIRCLE('',#2564,2.);
#57=CIRCLE('',#2584,1.25614835192866);
#58=CIRCLE('',#2597,1.44999999999958);
#59=CIRCLE('',#2598,1.44999999999958);
#60=CIRCLE('',#2600,1.45);
#61=CIRCLE('',#2608,1.25614835187139);
#62=CIRCLE('',#2610,1.45);
#63=CIRCLE('',#2611,1.45000000000045);
#64=CIRCLE('',#2612,1.45000000000045);
#65=STYLED_ITEM('',(#3997),#69);
#66=STYLED_ITEM('',(#3997),#70);
#67=STYLED_ITEM('',(#3997),#71);
#68=STYLED_ITEM('',(#3997),#72);
#69=MANIFOLD_SOLID_BREP('Body1',#2443);
#70=MANIFOLD_SOLID_BREP('Body2',#2444);
#71=MANIFOLD_SOLID_BREP('Body3',#2445);
#72=MANIFOLD_SOLID_BREP('Body1',#2446);
#73=CYLINDRICAL_SURFACE('',#2463,0.4);
#74=CYLINDRICAL_SURFACE('',#2472,0.4);
#75=CYLINDRICAL_SURFACE('',#2489,0.15);
#76=CYLINDRICAL_SURFACE('',#2496,0.15);
#77=CYLINDRICAL_SURFACE('',#2500,0.25);
#78=CYLINDRICAL_SURFACE('',#2504,0.25);
#79=CYLINDRICAL_SURFACE('',#2514,0.15);
#80=CYLINDRICAL_SURFACE('',#2515,0.15);
#81=CYLINDRICAL_SURFACE('',#2520,0.2);
#82=CYLINDRICAL_SURFACE('',#2526,0.3);
#83=CYLINDRICAL_SURFACE('',#2529,0.2);
#84=CYLINDRICAL_SURFACE('',#2533,0.3);
#85=CYLINDRICAL_SURFACE('',#2551,0.500000000000003);
#86=CYLINDRICAL_SURFACE('',#2554,2.2);
#87=CYLINDRICAL_SURFACE('',#2557,0.500000000000001);
#88=CYLINDRICAL_SURFACE('',#2563,2.);
#89=CYLINDRICAL_SURFACE('',#2599,1.45);
#90=CYLINDRICAL_SURFACE('',#2609,1.45);
#91=FACE_OUTER_BOUND('',#215,.T.);
#92=FACE_OUTER_BOUND('',#216,.T.);
#93=FACE_OUTER_BOUND('',#217,.T.);
#94=FACE_OUTER_BOUND('',#218,.T.);
#95=FACE_OUTER_BOUND('',#219,.T.);
#96=FACE_OUTER_BOUND('',#220,.T.);
#97=FACE_OUTER_BOUND('',#221,.T.);
#98=FACE_OUTER_BOUND('',#222,.T.);
#99=FACE_OUTER_BOUND('',#223,.T.);
#100=FACE_OUTER_BOUND('',#224,.T.);
#101=FACE_OUTER_BOUND('',#225,.T.);
#102=FACE_OUTER_BOUND('',#226,.T.);
#103=FACE_OUTER_BOUND('',#227,.T.);
#104=FACE_OUTER_BOUND('',#228,.T.);
#105=FACE_OUTER_BOUND('',#229,.T.);
#106=FACE_OUTER_BOUND('',#230,.T.);
#107=FACE_OUTER_BOUND('',#231,.T.);
#108=FACE_OUTER_BOUND('',#232,.T.);
#109=FACE_OUTER_BOUND('',#233,.T.);
#110=FACE_OUTER_BOUND('',#234,.T.);
#111=FACE_OUTER_BOUND('',#235,.T.);
#112=FACE_OUTER_BOUND('',#236,.T.);
#113=FACE_OUTER_BOUND('',#237,.T.);
#114=FACE_OUTER_BOUND('',#238,.T.);
#115=FACE_OUTER_BOUND('',#239,.T.);
#116=FACE_OUTER_BOUND('',#240,.T.);
#117=FACE_OUTER_BOUND('',#241,.T.);
#118=FACE_OUTER_BOUND('',#242,.T.);
#119=FACE_OUTER_BOUND('',#243,.T.);
#120=FACE_OUTER_BOUND('',#244,.T.);
#121=FACE_OUTER_BOUND('',#245,.T.);
#122=FACE_OUTER_BOUND('',#246,.T.);
#123=FACE_OUTER_BOUND('',#247,.T.);
#124=FACE_OUTER_BOUND('',#248,.T.);
#125=FACE_OUTER_BOUND('',#249,.T.);
#126=FACE_OUTER_BOUND('',#250,.T.);
#127=FACE_OUTER_BOUND('',#251,.T.);
#128=FACE_OUTER_BOUND('',#252,.T.);
#129=FACE_OUTER_BOUND('',#253,.T.);
#130=FACE_OUTER_BOUND('',#254,.T.);
#131=FACE_OUTER_BOUND('',#255,.T.);
#132=FACE_OUTER_BOUND('',#256,.T.);
#133=FACE_OUTER_BOUND('',#257,.T.);
#134=FACE_OUTER_BOUND('',#258,.T.);
#135=FACE_OUTER_BOUND('',#259,.T.);
#136=FACE_OUTER_BOUND('',#260,.T.);
#137=FACE_OUTER_BOUND('',#261,.T.);
#138=FACE_OUTER_BOUND('',#262,.T.);
#139=FACE_OUTER_BOUND('',#263,.T.);
#140=FACE_OUTER_BOUND('',#264,.T.);
#141=FACE_OUTER_BOUND('',#265,.T.);
#142=FACE_OUTER_BOUND('',#266,.T.);
#143=FACE_OUTER_BOUND('',#267,.T.);
#144=FACE_OUTER_BOUND('',#268,.T.);
#145=FACE_OUTER_BOUND('',#269,.T.);
#146=FACE_OUTER_BOUND('',#270,.T.);
#147=FACE_OUTER_BOUND('',#271,.T.);
#148=FACE_OUTER_BOUND('',#272,.T.);
#149=FACE_OUTER_BOUND('',#273,.T.);
#150=FACE_OUTER_BOUND('',#274,.T.);
#151=FACE_OUTER_BOUND('',#275,.T.);
#152=FACE_OUTER_BOUND('',#276,.T.);
#153=FACE_OUTER_BOUND('',#277,.T.);
#154=FACE_OUTER_BOUND('',#278,.T.);
#155=FACE_OUTER_BOUND('',#279,.T.);
#156=FACE_OUTER_BOUND('',#280,.T.);
#157=FACE_OUTER_BOUND('',#281,.T.);
#158=FACE_OUTER_BOUND('',#282,.T.);
#159=FACE_OUTER_BOUND('',#283,.T.);
#160=FACE_OUTER_BOUND('',#284,.T.);
#161=FACE_OUTER_BOUND('',#285,.T.);
#162=FACE_OUTER_BOUND('',#286,.T.);
#163=FACE_OUTER_BOUND('',#287,.T.);
#164=FACE_OUTER_BOUND('',#288,.T.);
#165=FACE_OUTER_BOUND('',#289,.T.);
#166=FACE_OUTER_BOUND('',#290,.T.);
#167=FACE_OUTER_BOUND('',#291,.T.);
#168=FACE_OUTER_BOUND('',#292,.T.);
#169=FACE_OUTER_BOUND('',#293,.T.);
#170=FACE_OUTER_BOUND('',#294,.T.);
#171=FACE_OUTER_BOUND('',#295,.T.);
#172=FACE_OUTER_BOUND('',#296,.T.);
#173=FACE_OUTER_BOUND('',#297,.T.);
#174=FACE_OUTER_BOUND('',#298,.T.);
#175=FACE_OUTER_BOUND('',#299,.T.);
#176=FACE_OUTER_BOUND('',#300,.T.);
#177=FACE_OUTER_BOUND('',#301,.T.);
#178=FACE_OUTER_BOUND('',#302,.T.);
#179=FACE_OUTER_BOUND('',#303,.T.);
#180=FACE_OUTER_BOUND('',#304,.T.);
#181=FACE_OUTER_BOUND('',#305,.T.);
#182=FACE_OUTER_BOUND('',#307,.T.);
#183=FACE_OUTER_BOUND('',#308,.T.);
#184=FACE_OUTER_BOUND('',#309,.T.);
#185=FACE_OUTER_BOUND('',#310,.T.);
#186=FACE_OUTER_BOUND('',#311,.T.);
#187=FACE_OUTER_BOUND('',#312,.T.);
#188=FACE_OUTER_BOUND('',#313,.T.);
#189=FACE_OUTER_BOUND('',#314,.T.);
#190=FACE_OUTER_BOUND('',#315,.T.);
#191=FACE_OUTER_BOUND('',#316,.T.);
#192=FACE_OUTER_BOUND('',#317,.T.);
#193=FACE_OUTER_BOUND('',#318,.T.);
#194=FACE_OUTER_BOUND('',#319,.T.);
#195=FACE_OUTER_BOUND('',#320,.T.);
#196=FACE_OUTER_BOUND('',#321,.T.);
#197=FACE_OUTER_BOUND('',#322,.T.);
#198=FACE_OUTER_BOUND('',#323,.T.);
#199=FACE_OUTER_BOUND('',#324,.T.);
#200=FACE_OUTER_BOUND('',#325,.T.);
#201=FACE_OUTER_BOUND('',#326,.T.);
#202=FACE_OUTER_BOUND('',#328,.T.);
#203=FACE_OUTER_BOUND('',#329,.T.);
#204=FACE_OUTER_BOUND('',#330,.T.);
#205=FACE_OUTER_BOUND('',#333,.T.);
#206=FACE_OUTER_BOUND('',#334,.T.);
#207=FACE_OUTER_BOUND('',#335,.T.);
#208=FACE_OUTER_BOUND('',#336,.T.);
#209=FACE_OUTER_BOUND('',#337,.T.);
#210=FACE_OUTER_BOUND('',#338,.T.);
#211=FACE_OUTER_BOUND('',#339,.T.);
#212=FACE_OUTER_BOUND('',#340,.T.);
#213=FACE_OUTER_BOUND('',#341,.T.);
#214=FACE_OUTER_BOUND('',#342,.T.);
#215=EDGE_LOOP('',(#1527,#1528,#1529,#1530));
#216=EDGE_LOOP('',(#1531,#1532,#1533,#1534));
#217=EDGE_LOOP('',(#1535,#1536,#1537,#1538));
#218=EDGE_LOOP('',(#1539,#1540,#1541,#1542));
#219=EDGE_LOOP('',(#1543,#1544,#1545,#1546));
#220=EDGE_LOOP('',(#1547,#1548,#1549,#1550));
#221=EDGE_LOOP('',(#1551,#1552,#1553,#1554));
#222=EDGE_LOOP('',(#1555,#1556,#1557,#1558));
#223=EDGE_LOOP('',(#1559,#1560,#1561,#1562));
#224=EDGE_LOOP('',(#1563,#1564,#1565,#1566));
#225=EDGE_LOOP('',(#1567,#1568,#1569,#1570));
#226=EDGE_LOOP('',(#1571,#1572,#1573,#1574));
#227=EDGE_LOOP('',(#1575,#1576,#1577,#1578,#1579,#1580,#1581,#1582));
#228=EDGE_LOOP('',(#1583,#1584,#1585,#1586));
#229=EDGE_LOOP('',(#1587,#1588,#1589,#1590,#1591));
#230=EDGE_LOOP('',(#1592,#1593,#1594,#1595,#1596));
#231=EDGE_LOOP('',(#1597,#1598,#1599,#1600,#1601,#1602));
#232=EDGE_LOOP('',(#1603,#1604,#1605,#1606));
#233=EDGE_LOOP('',(#1607,#1608,#1609,#1610));
#234=EDGE_LOOP('',(#1611,#1612,#1613,#1614,#1615,#1616,#1617,#1618,#1619,
#1620,#1621,#1622,#1623,#1624));
#235=EDGE_LOOP('',(#1625,#1626,#1627,#1628));
#236=EDGE_LOOP('',(#1629,#1630,#1631,#1632,#1633,#1634,#1635,#1636,#1637,
#1638,#1639,#1640,#1641,#1642));
#237=EDGE_LOOP('',(#1643,#1644,#1645,#1646));
#238=EDGE_LOOP('',(#1647,#1648,#1649,#1650));
#239=EDGE_LOOP('',(#1651,#1652,#1653,#1654));
#240=EDGE_LOOP('',(#1655,#1656,#1657,#1658,#1659,#1660));
#241=EDGE_LOOP('',(#1661,#1662,#1663,#1664));
#242=EDGE_LOOP('',(#1665,#1666,#1667,#1668,#1669,#1670,#1671,#1672,#1673,
#1674,#1675,#1676,#1677,#1678,#1679,#1680));
#243=EDGE_LOOP('',(#1681,#1682,#1683,#1684,#1685,#1686,#1687,#1688,#1689,
#1690,#1691,#1692,#1693,#1694,#1695,#1696));
#244=EDGE_LOOP('',(#1697,#1698,#1699,#1700));
#245=EDGE_LOOP('',(#1701,#1702,#1703,#1704));
#246=EDGE_LOOP('',(#1705,#1706,#1707,#1708));
#247=EDGE_LOOP('',(#1709,#1710,#1711,#1712,#1713,#1714,#1715,#1716));
#248=EDGE_LOOP('',(#1717,#1718,#1719,#1720,#1721,#1722,#1723,#1724));
#249=EDGE_LOOP('',(#1725,#1726,#1727,#1728));
#250=EDGE_LOOP('',(#1729,#1730,#1731,#1732));
#251=EDGE_LOOP('',(#1733,#1734,#1735,#1736));
#252=EDGE_LOOP('',(#1737,#1738,#1739,#1740,#1741,#1742,#1743));
#253=EDGE_LOOP('',(#1744,#1745,#1746,#1747));
#254=EDGE_LOOP('',(#1748,#1749,#1750,#1751));
#255=EDGE_LOOP('',(#1752,#1753,#1754,#1755,#1756,#1757,#1758));
#256=EDGE_LOOP('',(#1759,#1760,#1761,#1762));
#257=EDGE_LOOP('',(#1763,#1764,#1765,#1766));
#258=EDGE_LOOP('',(#1767,#1768,#1769,#1770));
#259=EDGE_LOOP('',(#1771,#1772,#1773,#1774));
#260=EDGE_LOOP('',(#1775,#1776,#1777,#1778));
#261=EDGE_LOOP('',(#1779,#1780,#1781,#1782,#1783,#1784,#1785));
#262=EDGE_LOOP('',(#1786,#1787,#1788,#1789,#1790,#1791,#1792));
#263=EDGE_LOOP('',(#1793,#1794,#1795,#1796));
#264=EDGE_LOOP('',(#1797,#1798,#1799,#1800));
#265=EDGE_LOOP('',(#1801,#1802,#1803,#1804));
#266=EDGE_LOOP('',(#1805,#1806,#1807,#1808));
#267=EDGE_LOOP('',(#1809,#1810,#1811,#1812));
#268=EDGE_LOOP('',(#1813,#1814,#1815,#1816));
#269=EDGE_LOOP('',(#1817,#1818,#1819,#1820));
#270=EDGE_LOOP('',(#1821,#1822,#1823,#1824));
#271=EDGE_LOOP('',(#1825,#1826,#1827,#1828));
#272=EDGE_LOOP('',(#1829,#1830,#1831,#1832));
#273=EDGE_LOOP('',(#1833,#1834,#1835,#1836));
#274=EDGE_LOOP('',(#1837,#1838,#1839,#1840));
#275=EDGE_LOOP('',(#1841,#1842,#1843,#1844));
#276=EDGE_LOOP('',(#1845,#1846,#1847,#1848));
#277=EDGE_LOOP('',(#1849,#1850,#1851,#1852));
#278=EDGE_LOOP('',(#1853,#1854,#1855,#1856));
#279=EDGE_LOOP('',(#1857,#1858,#1859,#1860,#1861,#1862,#1863,#1864,#1865,
#1866,#1867,#1868));
#280=EDGE_LOOP('',(#1869,#1870,#1871,#1872));
#281=EDGE_LOOP('',(#1873,#1874,#1875,#1876));
#282=EDGE_LOOP('',(#1877,#1878,#1879,#1880));
#283=EDGE_LOOP('',(#1881,#1882,#1883,#1884));
#284=EDGE_LOOP('',(#1885,#1886,#1887,#1888,#1889,#1890,#1891,#1892,#1893,
#1894,#1895,#1896,#1897,#1898,#1899,#1900,#1901,#1902,#1903,#1904,#1905,
#1906,#1907,#1908,#1909));
#285=EDGE_LOOP('',(#1910,#1911,#1912,#1913,#1914,#1915,#1916,#1917,#1918,
#1919,#1920,#1921));
#286=EDGE_LOOP('',(#1922,#1923,#1924,#1925));
#287=EDGE_LOOP('',(#1926,#1927,#1928,#1929));
#288=EDGE_LOOP('',(#1930,#1931,#1932,#1933,#1934));
#289=EDGE_LOOP('',(#1935,#1936,#1937,#1938,#1939,#1940,#1941,#1942,#1943,
#1944,#1945,#1946,#1947,#1948,#1949,#1950));
#290=EDGE_LOOP('',(#1951,#1952,#1953,#1954,#1955,#1956,#1957,#1958));
#291=EDGE_LOOP('',(#1959,#1960,#1961,#1962,#1963,#1964));
#292=EDGE_LOOP('',(#1965,#1966,#1967,#1968,#1969,#1970));
#293=EDGE_LOOP('',(#1971,#1972,#1973,#1974,#1975,#1976));
#294=EDGE_LOOP('',(#1977,#1978,#1979,#1980,#1981,#1982));
#295=EDGE_LOOP('',(#1983,#1984,#1985,#1986,#1987,#1988));
#296=EDGE_LOOP('',(#1989,#1990,#1991,#1992,#1993,#1994));
#297=EDGE_LOOP('',(#1995,#1996,#1997,#1998,#1999,#2000,#2001,#2002,#2003,
#2004,#2005,#2006));
#298=EDGE_LOOP('',(#2007,#2008,#2009,#2010));
#299=EDGE_LOOP('',(#2011,#2012,#2013,#2014));
#300=EDGE_LOOP('',(#2015,#2016,#2017,#2018,#2019,#2020,#2021,#2022,#2023,
#2024,#2025,#2026));
#301=EDGE_LOOP('',(#2027,#2028,#2029,#2030,#2031,#2032,#2033,#2034));
#302=EDGE_LOOP('',(#2035,#2036,#2037,#2038));
#303=EDGE_LOOP('',(#2039,#2040,#2041,#2042,#2043,#2044));
#304=EDGE_LOOP('',(#2045,#2046,#2047,#2048));
#305=EDGE_LOOP('',(#2049));
#306=EDGE_LOOP('',(#2050,#2051,#2052,#2053));
#307=EDGE_LOOP('',(#2054,#2055,#2056,#2057));
#308=EDGE_LOOP('',(#2058,#2059,#2060,#2061));
#309=EDGE_LOOP('',(#2062,#2063,#2064,#2065));
#310=EDGE_LOOP('',(#2066,#2067,#2068,#2069));
#311=EDGE_LOOP('',(#2070,#2071,#2072,#2073,#2074));
#312=EDGE_LOOP('',(#2075,#2076,#2077,#2078));
#313=EDGE_LOOP('',(#2079,#2080,#2081,#2082,#2083));
#314=EDGE_LOOP('',(#2084,#2085,#2086,#2087));
#315=EDGE_LOOP('',(#2088,#2089,#2090,#2091));
#316=EDGE_LOOP('',(#2092,#2093,#2094,#2095));
#317=EDGE_LOOP('',(#2096,#2097,#2098,#2099));
#318=EDGE_LOOP('',(#2100,#2101,#2102,#2103,#2104));
#319=EDGE_LOOP('',(#2105,#2106,#2107,#2108,#2109));
#320=EDGE_LOOP('',(#2110,#2111,#2112,#2113));
#321=EDGE_LOOP('',(#2114,#2115,#2116,#2117));
#322=EDGE_LOOP('',(#2118,#2119,#2120,#2121));
#323=EDGE_LOOP('',(#2122,#2123,#2124,#2125));
#324=EDGE_LOOP('',(#2126,#2127,#2128,#2129,#2130,#2131));
#325=EDGE_LOOP('',(#2132,#2133,#2134,#2135));
#326=EDGE_LOOP('',(#2136));
#327=EDGE_LOOP('',(#2137,#2138,#2139,#2140));
#328=EDGE_LOOP('',(#2141,#2142,#2143,#2144,#2145));
#329=EDGE_LOOP('',(#2146,#2147,#2148,#2149,#2150));
#330=EDGE_LOOP('',(#2151,#2152,#2153,#2154,#2155,#2156,#2157,#2158,#2159));
#331=EDGE_LOOP('',(#2160));
#332=EDGE_LOOP('',(#2161));
#333=EDGE_LOOP('',(#2162,#2163,#2164,#2165));
#334=EDGE_LOOP('',(#2166,#2167,#2168,#2169,#2170));
#335=EDGE_LOOP('',(#2171,#2172,#2173,#2174));
#336=EDGE_LOOP('',(#2175,#2176,#2177,#2178));
#337=EDGE_LOOP('',(#2179,#2180,#2181,#2182));
#338=EDGE_LOOP('',(#2183,#2184,#2185,#2186));
#339=EDGE_LOOP('',(#2187,#2188,#2189,#2190,#2191,#2192,#2193,#2194,#2195,
#2196,#2197,#2198,#2199,#2200,#2201,#2202));
#340=EDGE_LOOP('',(#2203,#2204,#2205,#2206));
#341=EDGE_LOOP('',(#2207,#2208,#2209,#2210));
#342=EDGE_LOOP('',(#2211,#2212,#2213,#2214));
#343=ELLIPSE('',#2462,0.401386485959743,0.4);
#344=ELLIPSE('',#2464,0.401386485959743,0.4);
#345=ELLIPSE('',#2471,0.401386485959743,0.4);
#346=ELLIPSE('',#2473,0.401386485959743,0.4);
#347=LINE('',#3272,#651);
#348=LINE('',#3274,#652);
#349=LINE('',#3276,#653);
#350=LINE('',#3280,#654);
#351=LINE('',#3282,#655);
#352=LINE('',#3286,#656);
#353=LINE('',#3288,#657);
#354=LINE('',#3289,#658);
#355=LINE('',#3291,#659);
#356=LINE('',#3293,#660);
#357=LINE('',#3298,#661);
#358=LINE('',#3300,#662);
#359=LINE('',#3302,#663);
#360=LINE('',#3303,#664);
#361=LINE('',#3308,#665);
#362=LINE('',#3309,#666);
#363=LINE('',#3313,#667);
#364=LINE('',#3316,#668);
#365=LINE('',#3317,#669);
#366=LINE('',#3319,#670);
#367=LINE('',#3324,#671);
#368=LINE('',#3326,#672);
#369=LINE('',#3328,#673);
#370=LINE('',#3330,#674);
#371=LINE('',#3332,#675);
#372=LINE('',#3334,#676);
#373=LINE('',#3336,#677);
#374=LINE('',#3337,#678);
#375=LINE('',#3340,#679);
#376=LINE('',#3342,#680);
#377=LINE('',#3343,#681);
#378=LINE('',#3346,#682);
#379=LINE('',#3348,#683);
#380=LINE('',#3349,#684);
#381=LINE('',#3352,#685);
#382=LINE('',#3354,#686);
#383=LINE('',#3355,#687);
#384=LINE('',#3358,#688);
#385=LINE('',#3360,#689);
#386=LINE('',#3363,#690);
#387=LINE('',#3367,#691);
#388=LINE('',#3369,#692);
#389=LINE('',#3371,#693);
#390=LINE('',#3372,#694);
#391=LINE('',#3376,#695);
#392=LINE('',#3378,#696);
#393=LINE('',#3380,#697);
#394=LINE('',#3381,#698);
#395=LINE('',#3385,#699);
#396=LINE('',#3387,#700);
#397=LINE('',#3389,#701);
#398=LINE('',#3393,#702);
#399=LINE('',#3395,#703);
#400=LINE('',#3397,#704);
#401=LINE('',#3401,#705);
#402=LINE('',#3403,#706);
#403=LINE('',#3405,#707);
#404=LINE('',#3407,#708);
#405=LINE('',#3409,#709);
#406=LINE('',#3416,#710);
#407=LINE('',#3419,#711);
#408=LINE('',#3423,#712);
#409=LINE('',#3427,#713);
#410=LINE('',#3429,#714);
#411=LINE('',#3431,#715);
#412=LINE('',#3433,#716);
#413=LINE('',#3435,#717);
#414=LINE('',#3439,#718);
#415=LINE('',#3440,#719);
#416=LINE('',#3442,#720);
#417=LINE('',#3446,#721);
#418=LINE('',#3447,#722);
#419=LINE('',#3453,#723);
#420=LINE('',#3456,#724);
#421=LINE('',#3458,#725);
#422=LINE('',#3462,#726);
#423=LINE('',#3465,#727);
#424=LINE('',#3467,#728);
#425=LINE('',#3469,#729);
#426=LINE('',#3473,#730);
#427=LINE('',#3477,#731);
#428=LINE('',#3479,#732);
#429=LINE('',#3481,#733);
#430=LINE('',#3483,#734);
#431=LINE('',#3487,#735);
#432=LINE('',#3488,#736);
#433=LINE('',#3490,#737);
#434=LINE('',#3493,#738);
#435=LINE('',#3495,#739);
#436=LINE('',#3498,#740);
#437=LINE('',#3502,#741);
#438=LINE('',#3504,#742);
#439=LINE('',#3507,#743);
#440=LINE('',#3509,#744);
#441=LINE('',#3512,#745);
#442=LINE('',#3514,#746);
#443=LINE('',#3516,#747);
#444=LINE('',#3520,#748);
#445=LINE('',#3522,#749);
#446=LINE('',#3523,#750);
#447=LINE('',#3525,#751);
#448=LINE('',#3526,#752);
#449=LINE('',#3528,#753);
#450=LINE('',#3529,#754);
#451=LINE('',#3531,#755);
#452=LINE('',#3533,#756);
#453=LINE('',#3535,#757);
#454=LINE('',#3536,#758);
#455=LINE('',#3538,#759);
#456=LINE('',#3540,#760);
#457=LINE('',#3542,#761);
#458=LINE('',#3544,#762);
#459=LINE('',#3545,#763);
#460=LINE('',#3547,#764);
#461=LINE('',#3549,#765);
#462=LINE('',#3551,#766);
#463=LINE('',#3553,#767);
#464=LINE('',#3556,#768);
#465=LINE('',#3558,#769);
#466=LINE('',#3560,#770);
#467=LINE('',#3562,#771);
#468=LINE('',#3563,#772);
#469=LINE('',#3565,#773);
#470=LINE('',#3566,#774);
#471=LINE('',#3567,#775);
#472=LINE('',#3572,#776);
#473=LINE('',#3574,#777);
#474=LINE('',#3575,#778);
#475=LINE('',#3578,#779);
#476=LINE('',#3579,#780);
#477=LINE('',#3581,#781);
#478=LINE('',#3588,#782);
#479=LINE('',#3590,#783);
#480=LINE('',#3592,#784);
#481=LINE('',#3593,#785);
#482=LINE('',#3597,#786);
#483=LINE('',#3599,#787);
#484=LINE('',#3601,#788);
#485=LINE('',#3602,#789);
#486=LINE('',#3606,#790);
#487=LINE('',#3608,#791);
#488=LINE('',#3610,#792);
#489=LINE('',#3611,#793);
#490=LINE('',#3615,#794);
#491=LINE('',#3617,#795);
#492=LINE('',#3619,#796);
#493=LINE('',#3620,#797);
#494=LINE('',#3624,#798);
#495=LINE('',#3626,#799);
#496=LINE('',#3628,#800);
#497=LINE('',#3629,#801);
#498=LINE('',#3632,#802);
#499=LINE('',#3634,#803);
#500=LINE('',#3636,#804);
#501=LINE('',#3638,#805);
#502=LINE('',#3639,#806);
#503=LINE('',#3641,#807);
#504=LINE('',#3643,#808);
#505=LINE('',#3645,#809);
#506=LINE('',#3647,#810);
#507=LINE('',#3648,#811);
#508=LINE('',#3652,#812);
#509=LINE('',#3654,#813);
#510=LINE('',#3656,#814);
#511=LINE('',#3657,#815);
#512=LINE('',#3666,#816);
#513=LINE('',#3672,#817);
#514=LINE('',#3674,#818);
#515=LINE('',#3676,#819);
#516=LINE('',#3678,#820);
#517=LINE('',#3679,#821);
#518=LINE('',#3680,#822);
#519=LINE('',#3682,#823);
#520=LINE('',#3684,#824);
#521=LINE('',#3686,#825);
#522=LINE('',#3688,#826);
#523=LINE('',#3689,#827);
#524=LINE('',#3691,#828);
#525=LINE('',#3694,#829);
#526=LINE('',#3697,#830);
#527=LINE('',#3698,#831);
#528=LINE('',#3700,#832);
#529=LINE('',#3702,#833);
#530=LINE('',#3704,#834);
#531=LINE('',#3706,#835);
#532=LINE('',#3707,#836);
#533=LINE('',#3711,#837);
#534=LINE('',#3713,#838);
#535=LINE('',#3716,#839);
#536=LINE('',#3718,#840);
#537=LINE('',#3720,#841);
#538=LINE('',#3721,#842);
#539=LINE('',#3724,#843);
#540=LINE('',#3726,#844);
#541=LINE('',#3728,#845);
#542=LINE('',#3730,#846);
#543=LINE('',#3732,#847);
#544=LINE('',#3734,#848);
#545=LINE('',#3736,#849);
#546=LINE('',#3738,#850);
#547=LINE('',#3739,#851);
#548=LINE('',#3741,#852);
#549=LINE('',#3742,#853);
#550=LINE('',#3746,#854);
#551=LINE('',#3748,#855);
#552=LINE('',#3750,#856);
#553=LINE('',#3752,#857);
#554=LINE('',#3754,#858);
#555=LINE('',#3756,#859);
#556=LINE('',#3758,#860);
#557=LINE('',#3759,#861);
#558=LINE('',#3762,#862);
#559=LINE('',#3764,#863);
#560=LINE('',#3766,#864);
#561=LINE('',#3768,#865);
#562=LINE('',#3769,#866);
#563=LINE('',#3773,#867);
#564=LINE('',#3775,#868);
#565=LINE('',#3776,#869);
#566=LINE('',#3777,#870);
#567=LINE('',#3781,#871);
#568=LINE('',#3783,#872);
#569=LINE('',#3785,#873);
#570=LINE('',#3786,#874);
#571=LINE('',#3787,#875);
#572=LINE('',#3791,#876);
#573=LINE('',#3793,#877);
#574=LINE('',#3795,#878);
#575=LINE('',#3797,#879);
#576=LINE('',#3799,#880);
#577=LINE('',#3800,#881);
#578=LINE('',#3803,#882);
#579=LINE('',#3805,#883);
#580=LINE('',#3807,#884);
#581=LINE('',#3809,#885);
#582=LINE('',#3810,#886);
#583=LINE('',#3814,#887);
#584=LINE('',#3816,#888);
#585=LINE('',#3817,#889);
#586=LINE('',#3819,#890);
#587=LINE('',#3820,#891);
#588=LINE('',#3823,#892);
#589=LINE('',#3825,#893);
#590=LINE('',#3826,#894);
#591=LINE('',#3827,#895);
#592=LINE('',#3828,#896);
#593=LINE('',#3830,#897);
#594=LINE('',#3831,#898);
#595=LINE('',#3834,#899);
#596=LINE('',#3835,#900);
#597=LINE('',#3838,#901);
#598=LINE('',#3840,#902);
#599=LINE('',#3841,#903);
#600=LINE('',#3844,#904);
#601=LINE('',#3846,#905);
#602=LINE('',#3847,#906);
#603=LINE('',#3849,#907);
#604=LINE('',#3851,#908);
#605=LINE('',#3852,#909);
#606=LINE('',#3853,#910);
#607=LINE('',#3856,#911);
#608=LINE('',#3858,#912);
#609=LINE('',#3859,#913);
#610=LINE('',#3861,#914);
#611=LINE('',#3862,#915);
#612=LINE('',#3864,#916);
#613=LINE('',#3865,#917);
#614=LINE('',#3867,#918);
#615=LINE('',#3869,#919);
#616=LINE('',#3873,#920);
#617=LINE('',#3876,#921);
#618=LINE('',#3878,#922);
#619=LINE('',#3879,#923);
#620=LINE('',#3882,#924);
#621=LINE('',#3884,#925);
#622=LINE('',#3885,#926);
#623=LINE('',#3889,#927);
#624=LINE('',#3890,#928);
#625=LINE('',#3891,#929);
#626=LINE('',#3894,#930);
#627=LINE('',#3895,#931);
#628=LINE('',#3898,#932);
#629=LINE('',#3899,#933);
#630=LINE('',#3901,#934);
#631=LINE('',#3903,#935);
#632=LINE('',#3905,#936);
#633=LINE('',#3909,#937);
#634=LINE('',#3916,#938);
#635=LINE('',#3918,#939);
#636=LINE('',#3921,#940);
#637=LINE('',#3922,#941);
#638=LINE('',#3925,#942);
#639=LINE('',#3926,#943);
#640=LINE('',#3928,#944);
#641=LINE('',#3938,#945);
#642=LINE('',#3943,#946);
#643=LINE('',#3947,#947);
#644=LINE('',#3948,#948);
#645=LINE('',#3951,#949);
#646=LINE('',#3952,#950);
#647=LINE('',#3954,#951);
#648=LINE('',#3959,#952);
#649=LINE('',#3960,#953);
#650=LINE('',#3961,#954);
#651=VECTOR('',#2633,10.);
#652=VECTOR('',#2634,10.);
#653=VECTOR('',#2635,10.);
#654=VECTOR('',#2640,10.);
#655=VECTOR('',#2641,10.);
#656=VECTOR('',#2646,10.);
#657=VECTOR('',#2647,10.);
#658=VECTOR('',#2648,10.);
#659=VECTOR('',#2651,10.);
#660=VECTOR('',#2654,10.);
#661=VECTOR('',#2659,10.);
#662=VECTOR('',#2660,10.);
#663=VECTOR('',#2661,10.);
#664=VECTOR('',#2662,10.);
#665=VECTOR('',#2667,10.);
#666=VECTOR('',#2668,10.);
#667=VECTOR('',#2673,10.);
#668=VECTOR('',#2676,10.);
#669=VECTOR('',#2677,10.);
#670=VECTOR('',#2680,10.);
#671=VECTOR('',#2685,10.);
#672=VECTOR('',#2686,10.);
#673=VECTOR('',#2687,10.);
#674=VECTOR('',#2688,10.);
#675=VECTOR('',#2689,10.);
#676=VECTOR('',#2690,10.);
#677=VECTOR('',#2691,10.);
#678=VECTOR('',#2692,10.);
#679=VECTOR('',#2695,10.);
#680=VECTOR('',#2696,10.);
#681=VECTOR('',#2697,10.);
#682=VECTOR('',#2700,10.);
#683=VECTOR('',#2701,10.);
#684=VECTOR('',#2702,10.);
#685=VECTOR('',#2705,10.);
#686=VECTOR('',#2706,10.);
#687=VECTOR('',#2707,10.);
#688=VECTOR('',#2710,10.);
#689=VECTOR('',#2711,10.);
#690=VECTOR('',#2714,10.);
#691=VECTOR('',#2717,10.);
#692=VECTOR('',#2718,10.);
#693=VECTOR('',#2719,10.);
#694=VECTOR('',#2720,10.);
#695=VECTOR('',#2723,10.);
#696=VECTOR('',#2724,10.);
#697=VECTOR('',#2725,10.);
#698=VECTOR('',#2726,10.);
#699=VECTOR('',#2729,10.);
#700=VECTOR('',#2730,10.);
#701=VECTOR('',#2731,10.);
#702=VECTOR('',#2734,10.);
#703=VECTOR('',#2735,10.);
#704=VECTOR('',#2736,10.);
#705=VECTOR('',#2739,10.);
#706=VECTOR('',#2740,10.);
#707=VECTOR('',#2741,10.);
#708=VECTOR('',#2742,10.);
#709=VECTOR('',#2743,10.);
#710=VECTOR('',#2750,10.);
#711=VECTOR('',#2753,10.);
#712=VECTOR('',#2756,10.);
#713=VECTOR('',#2759,10.);
#714=VECTOR('',#2760,10.);
#715=VECTOR('',#2761,10.);
#716=VECTOR('',#2762,10.);
#717=VECTOR('',#2763,10.);
#718=VECTOR('',#2766,10.);
#719=VECTOR('',#2767,10.);
#720=VECTOR('',#2768,10.);
#721=VECTOR('',#2771,10.);
#722=VECTOR('',#2772,10.);
#723=VECTOR('',#2777,10.);
#724=VECTOR('',#2780,10.);
#725=VECTOR('',#2783,10.);
#726=VECTOR('',#2788,10.);
#727=VECTOR('',#2791,10.);
#728=VECTOR('',#2792,10.);
#729=VECTOR('',#2795,10.);
#730=VECTOR('',#2800,10.);
#731=VECTOR('',#2803,10.);
#732=VECTOR('',#2804,10.);
#733=VECTOR('',#2805,10.);
#734=VECTOR('',#2806,10.);
#735=VECTOR('',#2809,10.);
#736=VECTOR('',#2810,10.);
#737=VECTOR('',#2811,10.);
#738=VECTOR('',#2814,10.);
#739=VECTOR('',#2815,10.);
#740=VECTOR('',#2818,10.);
#741=VECTOR('',#2821,10.);
#742=VECTOR('',#2822,10.);
#743=VECTOR('',#2825,10.);
#744=VECTOR('',#2826,10.);
#745=VECTOR('',#2829,10.);
#746=VECTOR('',#2830,10.);
#747=VECTOR('',#2831,10.);
#748=VECTOR('',#2834,10.);
#749=VECTOR('',#2835,10.);
#750=VECTOR('',#2836,10.);
#751=VECTOR('',#2839,10.);
#752=VECTOR('',#2840,10.);
#753=VECTOR('',#2843,10.);
#754=VECTOR('',#2844,10.);
#755=VECTOR('',#2847,10.);
#756=VECTOR('',#2850,10.);
#757=VECTOR('',#2853,10.);
#758=VECTOR('',#2854,10.);
#759=VECTOR('',#2857,10.);
#760=VECTOR('',#2860,10.);
#761=VECTOR('',#2863,10.);
#762=VECTOR('',#2866,10.);
#763=VECTOR('',#2867,10.);
#764=VECTOR('',#2870,10.);
#765=VECTOR('',#2873,10.);
#766=VECTOR('',#2876,10.);
#767=VECTOR('',#2879,10.);
#768=VECTOR('',#2884,10.);
#769=VECTOR('',#2887,10.);
#770=VECTOR('',#2890,10.);
#771=VECTOR('',#2893,10.);
#772=VECTOR('',#2894,10.);
#773=VECTOR('',#2897,10.);
#774=VECTOR('',#2898,10.);
#775=VECTOR('',#2899,10.);
#776=VECTOR('',#2908,10.);
#777=VECTOR('',#2911,10.);
#778=VECTOR('',#2912,10.);
#779=VECTOR('',#2917,10.);
#780=VECTOR('',#2918,10.);
#781=VECTOR('',#2921,10.);
#782=VECTOR('',#2930,10.);
#783=VECTOR('',#2931,10.);
#784=VECTOR('',#2932,10.);
#785=VECTOR('',#2933,10.);
#786=VECTOR('',#2936,10.);
#787=VECTOR('',#2937,10.);
#788=VECTOR('',#2938,10.);
#789=VECTOR('',#2939,10.);
#790=VECTOR('',#2942,10.);
#791=VECTOR('',#2943,10.);
#792=VECTOR('',#2944,10.);
#793=VECTOR('',#2945,10.);
#794=VECTOR('',#2948,10.);
#795=VECTOR('',#2949,10.);
#796=VECTOR('',#2950,10.);
#797=VECTOR('',#2951,10.);
#798=VECTOR('',#2954,10.);
#799=VECTOR('',#2955,10.);
#800=VECTOR('',#2956,10.);
#801=VECTOR('',#2957,10.);
#802=VECTOR('',#2960,10.);
#803=VECTOR('',#2961,10.);
#804=VECTOR('',#2962,10.);
#805=VECTOR('',#2963,10.);
#806=VECTOR('',#2964,10.);
#807=VECTOR('',#2965,10.);
#808=VECTOR('',#2966,10.);
#809=VECTOR('',#2967,10.);
#810=VECTOR('',#2968,10.);
#811=VECTOR('',#2969,10.);
#812=VECTOR('',#2972,10.);
#813=VECTOR('',#2973,10.);
#814=VECTOR('',#2974,10.);
#815=VECTOR('',#2975,10.);
#816=VECTOR('',#2988,10.);
#817=VECTOR('',#2997,10.);
#818=VECTOR('',#2998,10.);
#819=VECTOR('',#2999,10.);
#820=VECTOR('',#3000,10.);
#821=VECTOR('',#3001,10.);
#822=VECTOR('',#3002,10.);
#823=VECTOR('',#3003,10.);
#824=VECTOR('',#3004,10.);
#825=VECTOR('',#3005,10.);
#826=VECTOR('',#3006,10.);
#827=VECTOR('',#3007,10.);
#828=VECTOR('',#3008,10.);
#829=VECTOR('',#3011,10.);
#830=VECTOR('',#3014,10.);
#831=VECTOR('',#3015,10.);
#832=VECTOR('',#3016,10.);
#833=VECTOR('',#3017,10.);
#834=VECTOR('',#3018,10.);
#835=VECTOR('',#3019,10.);
#836=VECTOR('',#3020,10.);
#837=VECTOR('',#3025,10.);
#838=VECTOR('',#3028,10.);
#839=VECTOR('',#3031,10.);
#840=VECTOR('',#3032,10.);
#841=VECTOR('',#3033,10.);
#842=VECTOR('',#3034,10.);
#843=VECTOR('',#3037,10.);
#844=VECTOR('',#3038,10.);
#845=VECTOR('',#3039,10.);
#846=VECTOR('',#3040,10.);
#847=VECTOR('',#3041,10.);
#848=VECTOR('',#3042,10.);
#849=VECTOR('',#3043,10.);
#850=VECTOR('',#3044,10.);
#851=VECTOR('',#3045,10.);
#852=VECTOR('',#3046,10.);
#853=VECTOR('',#3047,10.);
#854=VECTOR('',#3050,10.);
#855=VECTOR('',#3051,10.);
#856=VECTOR('',#3052,10.);
#857=VECTOR('',#3053,10.);
#858=VECTOR('',#3054,10.);
#859=VECTOR('',#3055,10.);
#860=VECTOR('',#3056,10.);
#861=VECTOR('',#3057,10.);
#862=VECTOR('',#3060,10.);
#863=VECTOR('',#3061,10.);
#864=VECTOR('',#3062,10.);
#865=VECTOR('',#3063,10.);
#866=VECTOR('',#3064,10.);
#867=VECTOR('',#3067,10.);
#868=VECTOR('',#3068,10.);
#869=VECTOR('',#3069,10.);
#870=VECTOR('',#3070,10.);
#871=VECTOR('',#3073,10.);
#872=VECTOR('',#3074,10.);
#873=VECTOR('',#3075,10.);
#874=VECTOR('',#3076,10.);
#875=VECTOR('',#3077,10.);
#876=VECTOR('',#3080,10.);
#877=VECTOR('',#3081,10.);
#878=VECTOR('',#3082,10.);
#879=VECTOR('',#3083,10.);
#880=VECTOR('',#3084,10.);
#881=VECTOR('',#3085,10.);
#882=VECTOR('',#3088,10.);
#883=VECTOR('',#3089,10.);
#884=VECTOR('',#3090,10.);
#885=VECTOR('',#3091,10.);
#886=VECTOR('',#3092,10.);
#887=VECTOR('',#3095,10.);
#888=VECTOR('',#3096,10.);
#889=VECTOR('',#3097,10.);
#890=VECTOR('',#3098,10.);
#891=VECTOR('',#3099,10.);
#892=VECTOR('',#3102,10.);
#893=VECTOR('',#3103,10.);
#894=VECTOR('',#3104,10.);
#895=VECTOR('',#3105,10.);
#896=VECTOR('',#3106,10.);
#897=VECTOR('',#3107,10.);
#898=VECTOR('',#3108,10.);
#899=VECTOR('',#3111,10.);
#900=VECTOR('',#3112,10.);
#901=VECTOR('',#3115,10.);
#902=VECTOR('',#3116,10.);
#903=VECTOR('',#3117,10.);
#904=VECTOR('',#3120,10.);
#905=VECTOR('',#3121,10.);
#906=VECTOR('',#3122,10.);
#907=VECTOR('',#3123,10.);
#908=VECTOR('',#3124,10.);
#909=VECTOR('',#3125,10.);
#910=VECTOR('',#3126,10.);
#911=VECTOR('',#3129,10.);
#912=VECTOR('',#3130,10.);
#913=VECTOR('',#3131,10.);
#914=VECTOR('',#3132,10.);
#915=VECTOR('',#3133,10.);
#916=VECTOR('',#3136,10.);
#917=VECTOR('',#3137,10.);
#918=VECTOR('',#3140,10.);
#919=VECTOR('',#3143,10.);
#920=VECTOR('',#3148,10.);
#921=VECTOR('',#3153,10.);
#922=VECTOR('',#3156,10.);
#923=VECTOR('',#3157,10.);
#924=VECTOR('',#3160,10.);
#925=VECTOR('',#3161,10.);
#926=VECTOR('',#3162,10.);
#927=VECTOR('',#3165,10.);
#928=VECTOR('',#3166,10.);
#929=VECTOR('',#3167,10.);
#930=VECTOR('',#3170,10.);
#931=VECTOR('',#3171,10.);
#932=VECTOR('',#3174,10.);
#933=VECTOR('',#3175,10.);
#934=VECTOR('',#3178,10.);
#935=VECTOR('',#3181,10.);
#936=VECTOR('',#3184,10.);
#937=VECTOR('',#3189,0.183883999999953);
#938=VECTOR('',#3198,1.45);
#939=VECTOR('',#3201,10.);
#940=VECTOR('',#3204,10.);
#941=VECTOR('',#3205,10.);
#942=VECTOR('',#3208,10.);
#943=VECTOR('',#3209,10.);
#944=VECTOR('',#3212,10.);
#945=VECTOR('',#3225,1.45);
#946=VECTOR('',#3232,0.183884000000038);
#947=VECTOR('',#3237,10.);
#948=VECTOR('',#3238,10.);
#949=VECTOR('',#3241,10.);
#950=VECTOR('',#3242,10.);
#951=VECTOR('',#3245,10.);
#952=VECTOR('',#3254,10.);
#953=VECTOR('',#3255,10.);
#954=VECTOR('',#3256,10.);
#955=VERTEX_POINT('',#3270);
#956=VERTEX_POINT('',#3271);
#957=VERTEX_POINT('',#3273);
#958=VERTEX_POINT('',#3275);
#959=VERTEX_POINT('',#3279);
#960=VERTEX_POINT('',#3281);
#961=VERTEX_POINT('',#3285);
#962=VERTEX_POINT('',#3287);
#963=VERTEX_POINT('',#3296);
#964=VERTEX_POINT('',#3297);
#965=VERTEX_POINT('',#3299);
#966=VERTEX_POINT('',#3301);
#967=VERTEX_POINT('',#3305);
#968=VERTEX_POINT('',#3307);
#969=VERTEX_POINT('',#3311);
#970=VERTEX_POINT('',#3315);
#971=VERTEX_POINT('',#3322);
#972=VERTEX_POINT('',#3323);
#973=VERTEX_POINT('',#3325);
#974=VERTEX_POINT('',#3327);
#975=VERTEX_POINT('',#3329);
#976=VERTEX_POINT('',#3331);
#977=VERTEX_POINT('',#3333);
#978=VERTEX_POINT('',#3335);
#979=VERTEX_POINT('',#3339);
#980=VERTEX_POINT('',#3341);
#981=VERTEX_POINT('',#3345);
#982=VERTEX_POINT('',#3347);
#983=VERTEX_POINT('',#3351);
#984=VERTEX_POINT('',#3353);
#985=VERTEX_POINT('',#3357);
#986=VERTEX_POINT('',#3359);
#987=VERTEX_POINT('',#3361);
#988=VERTEX_POINT('',#3365);
#989=VERTEX_POINT('',#3366);
#990=VERTEX_POINT('',#3368);
#991=VERTEX_POINT('',#3370);
#992=VERTEX_POINT('',#3374);
#993=VERTEX_POINT('',#3375);
#994=VERTEX_POINT('',#3377);
#995=VERTEX_POINT('',#3379);
#996=VERTEX_POINT('',#3383);
#997=VERTEX_POINT('',#3384);
#998=VERTEX_POINT('',#3386);
#999=VERTEX_POINT('',#3388);
#1000=VERTEX_POINT('',#3390);
#1001=VERTEX_POINT('',#3392);
#1002=VERTEX_POINT('',#3394);
#1003=VERTEX_POINT('',#3396);
#1004=VERTEX_POINT('',#3398);
#1005=VERTEX_POINT('',#3400);
#1006=VERTEX_POINT('',#3402);
#1007=VERTEX_POINT('',#3404);
#1008=VERTEX_POINT('',#3406);
#1009=VERTEX_POINT('',#3408);
#1010=VERTEX_POINT('',#3412);
#1011=VERTEX_POINT('',#3413);
#1012=VERTEX_POINT('',#3415);
#1013=VERTEX_POINT('',#3417);
#1014=VERTEX_POINT('',#3421);
#1015=VERTEX_POINT('',#3422);
#1016=VERTEX_POINT('',#3424);
#1017=VERTEX_POINT('',#3426);
#1018=VERTEX_POINT('',#3428);
#1019=VERTEX_POINT('',#3430);
#1020=VERTEX_POINT('',#3432);
#1021=VERTEX_POINT('',#3434);
#1022=VERTEX_POINT('',#3436);
#1023=VERTEX_POINT('',#3438);
#1024=VERTEX_POINT('',#3441);
#1025=VERTEX_POINT('',#3443);
#1026=VERTEX_POINT('',#3445);
#1027=VERTEX_POINT('',#3449);
#1028=VERTEX_POINT('',#3450);
#1029=VERTEX_POINT('',#3452);
#1030=VERTEX_POINT('',#3454);
#1031=VERTEX_POINT('',#3460);
#1032=VERTEX_POINT('',#3464);
#1033=VERTEX_POINT('',#3466);
#1034=VERTEX_POINT('',#3471);
#1035=VERTEX_POINT('',#3475);
#1036=VERTEX_POINT('',#3476);
#1037=VERTEX_POINT('',#3478);
#1038=VERTEX_POINT('',#3480);
#1039=VERTEX_POINT('',#3482);
#1040=VERTEX_POINT('',#3484);
#1041=VERTEX_POINT('',#3486);
#1042=VERTEX_POINT('',#3489);
#1043=VERTEX_POINT('',#3491);
#1044=VERTEX_POINT('',#3494);
#1045=VERTEX_POINT('',#3496);
#1046=VERTEX_POINT('',#3500);
#1047=VERTEX_POINT('',#3501);
#1048=VERTEX_POINT('',#3503);
#1049=VERTEX_POINT('',#3505);
#1050=VERTEX_POINT('',#3508);
#1051=VERTEX_POINT('',#3510);
#1052=VERTEX_POINT('',#3513);
#1053=VERTEX_POINT('',#3515);
#1054=VERTEX_POINT('',#3517);
#1055=VERTEX_POINT('',#3519);
#1056=VERTEX_POINT('',#3521);
#1057=VERTEX_POINT('',#3586);
#1058=VERTEX_POINT('',#3587);
#1059=VERTEX_POINT('',#3589);
#1060=VERTEX_POINT('',#3591);
#1061=VERTEX_POINT('',#3595);
#1062=VERTEX_POINT('',#3596);
#1063=VERTEX_POINT('',#3598);
#1064=VERTEX_POINT('',#3600);
#1065=VERTEX_POINT('',#3604);
#1066=VERTEX_POINT('',#3605);
#1067=VERTEX_POINT('',#3607);
#1068=VERTEX_POINT('',#3609);
#1069=VERTEX_POINT('',#3613);
#1070=VERTEX_POINT('',#3614);
#1071=VERTEX_POINT('',#3616);
#1072=VERTEX_POINT('',#3618);
#1073=VERTEX_POINT('',#3622);
#1074=VERTEX_POINT('',#3623);
#1075=VERTEX_POINT('',#3625);
#1076=VERTEX_POINT('',#3627);
#1077=VERTEX_POINT('',#3631);
#1078=VERTEX_POINT('',#3633);
#1079=VERTEX_POINT('',#3635);
#1080=VERTEX_POINT('',#3637);
#1081=VERTEX_POINT('',#3640);
#1082=VERTEX_POINT('',#3642);
#1083=VERTEX_POINT('',#3644);
#1084=VERTEX_POINT('',#3646);
#1085=VERTEX_POINT('',#3650);
#1086=VERTEX_POINT('',#3651);
#1087=VERTEX_POINT('',#3653);
#1088=VERTEX_POINT('',#3655);
#1089=VERTEX_POINT('',#3662);
#1090=VERTEX_POINT('',#3664);
#1091=VERTEX_POINT('',#3671);
#1092=VERTEX_POINT('',#3673);
#1093=VERTEX_POINT('',#3675);
#1094=VERTEX_POINT('',#3677);
#1095=VERTEX_POINT('',#3681);
#1096=VERTEX_POINT('',#3683);
#1097=VERTEX_POINT('',#3685);
#1098=VERTEX_POINT('',#3687);
#1099=VERTEX_POINT('',#3690);
#1100=VERTEX_POINT('',#3692);
#1101=VERTEX_POINT('',#3696);
#1102=VERTEX_POINT('',#3699);
#1103=VERTEX_POINT('',#3701);
#1104=VERTEX_POINT('',#3703);
#1105=VERTEX_POINT('',#3705);
#1106=VERTEX_POINT('',#3709);
#1107=VERTEX_POINT('',#3715);
#1108=VERTEX_POINT('',#3717);
#1109=VERTEX_POINT('',#3719);
#1110=VERTEX_POINT('',#3723);
#1111=VERTEX_POINT('',#3725);
#1112=VERTEX_POINT('',#3727);
#1113=VERTEX_POINT('',#3729);
#1114=VERTEX_POINT('',#3731);
#1115=VERTEX_POINT('',#3733);
#1116=VERTEX_POINT('',#3735);
#1117=VERTEX_POINT('',#3737);
#1118=VERTEX_POINT('',#3740);
#1119=VERTEX_POINT('',#3744);
#1120=VERTEX_POINT('',#3745);
#1121=VERTEX_POINT('',#3747);
#1122=VERTEX_POINT('',#3749);
#1123=VERTEX_POINT('',#3751);
#1124=VERTEX_POINT('',#3753);
#1125=VERTEX_POINT('',#3755);
#1126=VERTEX_POINT('',#3757);
#1127=VERTEX_POINT('',#3761);
#1128=VERTEX_POINT('',#3763);
#1129=VERTEX_POINT('',#3765);
#1130=VERTEX_POINT('',#3767);
#1131=VERTEX_POINT('',#3771);
#1132=VERTEX_POINT('',#3772);
#1133=VERTEX_POINT('',#3774);
#1134=VERTEX_POINT('',#3779);
#1135=VERTEX_POINT('',#3780);
#1136=VERTEX_POINT('',#3782);
#1137=VERTEX_POINT('',#3784);
#1138=VERTEX_POINT('',#3789);
#1139=VERTEX_POINT('',#3790);
#1140=VERTEX_POINT('',#3792);
#1141=VERTEX_POINT('',#3794);
#1142=VERTEX_POINT('',#3796);
#1143=VERTEX_POINT('',#3798);
#1144=VERTEX_POINT('',#3802);
#1145=VERTEX_POINT('',#3804);
#1146=VERTEX_POINT('',#3806);
#1147=VERTEX_POINT('',#3808);
#1148=VERTEX_POINT('',#3812);
#1149=VERTEX_POINT('',#3813);
#1150=VERTEX_POINT('',#3815);
#1151=VERTEX_POINT('',#3818);
#1152=VERTEX_POINT('',#3822);
#1153=VERTEX_POINT('',#3824);
#1154=VERTEX_POINT('',#3829);
#1155=VERTEX_POINT('',#3833);
#1156=VERTEX_POINT('',#3837);
#1157=VERTEX_POINT('',#3839);
#1158=VERTEX_POINT('',#3843);
#1159=VERTEX_POINT('',#3845);
#1160=VERTEX_POINT('',#3848);
#1161=VERTEX_POINT('',#3850);
#1162=VERTEX_POINT('',#3855);
#1163=VERTEX_POINT('',#3857);
#1164=VERTEX_POINT('',#3860);
#1165=VERTEX_POINT('',#3871);
#1166=VERTEX_POINT('',#3881);
#1167=VERTEX_POINT('',#3883);
#1168=VERTEX_POINT('',#3887);
#1169=VERTEX_POINT('',#3888);
#1170=VERTEX_POINT('',#3893);
#1171=VERTEX_POINT('',#3897);
#1172=VERTEX_POINT('',#3908);
#1173=VERTEX_POINT('',#3910);
#1174=VERTEX_POINT('',#3914);
#1175=VERTEX_POINT('',#3920);
#1176=VERTEX_POINT('',#3924);
#1177=VERTEX_POINT('',#3932);
#1178=VERTEX_POINT('',#3935);
#1179=VERTEX_POINT('',#3937);
#1180=VERTEX_POINT('',#3939);
#1181=VERTEX_POINT('',#3946);
#1182=VERTEX_POINT('',#3950);
#1183=EDGE_CURVE('',#955,#956,#347,.T.);
#1184=EDGE_CURVE('',#957,#956,#348,.T.);
#1185=EDGE_CURVE('',#957,#958,#349,.T.);
#1186=EDGE_CURVE('',#958,#955,#343,.T.);
#1187=EDGE_CURVE('',#955,#959,#350,.T.);
#1188=EDGE_CURVE('',#960,#958,#351,.T.);
#1189=EDGE_CURVE('',#960,#959,#344,.T.);
#1190=EDGE_CURVE('',#956,#961,#352,.T.);
#1191=EDGE_CURVE('',#961,#962,#353,.T.);
#1192=EDGE_CURVE('',#962,#957,#354,.T.);
#1193=EDGE_CURVE('',#962,#960,#355,.T.);
#1194=EDGE_CURVE('',#961,#959,#356,.T.);
#1195=EDGE_CURVE('',#963,#964,#357,.T.);
#1196=EDGE_CURVE('',#965,#963,#358,.T.);
#1197=EDGE_CURVE('',#965,#966,#359,.T.);
#1198=EDGE_CURVE('',#966,#964,#360,.T.);
#1199=EDGE_CURVE('',#967,#964,#345,.T.);
#1200=EDGE_CURVE('',#967,#968,#361,.T.);
#1201=EDGE_CURVE('',#963,#968,#362,.T.);
#1202=EDGE_CURVE('',#969,#966,#346,.T.);
#1203=EDGE_CURVE('',#967,#969,#363,.T.);
#1204=EDGE_CURVE('',#970,#965,#364,.T.);
#1205=EDGE_CURVE('',#969,#970,#365,.T.);
#1206=EDGE_CURVE('',#968,#970,#366,.T.);
#1207=EDGE_CURVE('',#971,#972,#367,.T.);
#1208=EDGE_CURVE('',#973,#971,#368,.T.);
#1209=EDGE_CURVE('',#973,#974,#369,.T.);
#1210=EDGE_CURVE('',#974,#975,#370,.T.);
#1211=EDGE_CURVE('',#975,#976,#371,.T.);
#1212=EDGE_CURVE('',#976,#977,#372,.T.);
#1213=EDGE_CURVE('',#977,#978,#373,.T.);
#1214=EDGE_CURVE('',#978,#972,#374,.T.);
#1215=EDGE_CURVE('',#975,#979,#375,.T.);
#1216=EDGE_CURVE('',#979,#980,#376,.T.);
#1217=EDGE_CURVE('',#980,#976,#377,.T.);
#1218=EDGE_CURVE('',#974,#981,#378,.T.);
#1219=EDGE_CURVE('',#982,#981,#379,.T.);
#1220=EDGE_CURVE('',#979,#982,#380,.T.);
#1221=EDGE_CURVE('',#980,#983,#381,.T.);
#1222=EDGE_CURVE('',#983,#984,#382,.T.);
#1223=EDGE_CURVE('',#977,#984,#383,.T.);
#1224=EDGE_CURVE('',#973,#985,#384,.T.);
#1225=EDGE_CURVE('',#985,#986,#385,.T.);
#1226=EDGE_CURVE('',#987,#986,#29,.T.);
#1227=EDGE_CURVE('',#981,#987,#386,.T.);
#1228=EDGE_CURVE('',#988,#989,#387,.T.);
#1229=EDGE_CURVE('',#990,#988,#388,.T.);
#1230=EDGE_CURVE('',#991,#990,#389,.T.);
#1231=EDGE_CURVE('',#989,#991,#390,.T.);
#1232=EDGE_CURVE('',#992,#993,#391,.T.);
#1233=EDGE_CURVE('',#994,#992,#392,.T.);
#1234=EDGE_CURVE('',#995,#994,#393,.T.);
#1235=EDGE_CURVE('',#993,#995,#394,.T.);
#1236=EDGE_CURVE('',#996,#997,#395,.T.);
#1237=EDGE_CURVE('',#996,#998,#396,.T.);
#1238=EDGE_CURVE('',#998,#999,#397,.T.);
#1239=EDGE_CURVE('',#999,#1000,#30,.T.);
#1240=EDGE_CURVE('',#1000,#1001,#398,.T.);
#1241=EDGE_CURVE('',#1001,#1002,#399,.T.);
#1242=EDGE_CURVE('',#1002,#1003,#400,.T.);
#1243=EDGE_CURVE('',#1003,#1004,#31,.T.);
#1244=EDGE_CURVE('',#1004,#1005,#401,.T.);
#1245=EDGE_CURVE('',#1005,#1006,#402,.T.);
#1246=EDGE_CURVE('',#1006,#1007,#403,.T.);
#1247=EDGE_CURVE('',#1007,#1008,#404,.T.);
#1248=EDGE_CURVE('',#1008,#1009,#405,.T.);
#1249=EDGE_CURVE('',#1009,#997,#32,.T.);
#1250=EDGE_CURVE('',#1010,#1011,#33,.T.);
#1251=EDGE_CURVE('',#1012,#1010,#406,.T.);
#1252=EDGE_CURVE('',#1013,#1012,#34,.T.);
#1253=EDGE_CURVE('',#1013,#1011,#407,.T.);
#1254=EDGE_CURVE('',#1014,#1015,#408,.T.);
#1255=EDGE_CURVE('',#1015,#1016,#35,.T.);
#1256=EDGE_CURVE('',#1016,#1017,#409,.T.);
#1257=EDGE_CURVE('',#1017,#1018,#410,.T.);
#1258=EDGE_CURVE('',#1018,#1019,#411,.T.);
#1259=EDGE_CURVE('',#1019,#1020,#412,.T.);
#1260=EDGE_CURVE('',#1020,#1021,#413,.T.);
#1261=EDGE_CURVE('',#1021,#1022,#36,.T.);
#1262=EDGE_CURVE('',#1022,#1023,#414,.T.);
#1263=EDGE_CURVE('',#1023,#986,#415,.T.);
#1264=EDGE_CURVE('',#986,#1024,#416,.T.);
#1265=EDGE_CURVE('',#1024,#1025,#37,.T.);
#1266=EDGE_CURVE('',#1025,#1026,#417,.T.);
#1267=EDGE_CURVE('',#1014,#1026,#418,.T.);
#1268=EDGE_CURVE('',#1027,#1028,#38,.T.);
#1269=EDGE_CURVE('',#1029,#1028,#419,.T.);
#1270=EDGE_CURVE('',#1030,#1029,#39,.T.);
#1271=EDGE_CURVE('',#1027,#1030,#420,.T.);
#1272=EDGE_CURVE('',#983,#982,#421,.T.);
#1273=EDGE_CURVE('',#1023,#1031,#40,.T.);
#1274=EDGE_CURVE('',#987,#1031,#422,.T.);
#1275=EDGE_CURVE('',#1032,#978,#423,.T.);
#1276=EDGE_CURVE('',#1033,#984,#424,.T.);
#1277=EDGE_CURVE('',#1001,#1033,#41,.T.);
#1278=EDGE_CURVE('',#1001,#1032,#425,.T.);
#1279=EDGE_CURVE('',#1034,#1002,#42,.T.);
#1280=EDGE_CURVE('',#1033,#1034,#426,.T.);
#1281=EDGE_CURVE('',#1035,#1036,#427,.T.);
#1282=EDGE_CURVE('',#1036,#1037,#428,.T.);
#1283=EDGE_CURVE('',#1037,#1038,#429,.T.);
#1284=EDGE_CURVE('',#1038,#1039,#430,.T.);
#1285=EDGE_CURVE('',#1039,#1040,#43,.T.);
#1286=EDGE_CURVE('',#1040,#1041,#431,.T.);
#1287=EDGE_CURVE('',#1041,#972,#432,.T.);
#1288=EDGE_CURVE('',#1032,#1042,#433,.T.);
#1289=EDGE_CURVE('',#1042,#1043,#44,.T.);
#1290=EDGE_CURVE('',#1043,#1012,#434,.T.);
#1291=EDGE_CURVE('',#1010,#1044,#435,.T.);
#1292=EDGE_CURVE('',#1044,#1045,#45,.T.);
#1293=EDGE_CURVE('',#1045,#1035,#436,.T.);
#1294=EDGE_CURVE('',#1046,#1047,#437,.T.);
#1295=EDGE_CURVE('',#1047,#1048,#438,.T.);
#1296=EDGE_CURVE('',#1048,#1049,#46,.T.);
#1297=EDGE_CURVE('',#1049,#1027,#439,.T.);
#1298=EDGE_CURVE('',#1030,#1050,#440,.T.);
#1299=EDGE_CURVE('',#1050,#1051,#47,.T.);
#1300=EDGE_CURVE('',#1051,#985,#441,.T.);
#1301=EDGE_CURVE('',#1052,#971,#442,.T.);
#1302=EDGE_CURVE('',#1052,#1053,#443,.T.);
#1303=EDGE_CURVE('',#1053,#1054,#48,.T.);
#1304=EDGE_CURVE('',#1054,#1055,#444,.T.);
#1305=EDGE_CURVE('',#1055,#1056,#445,.T.);
#1306=EDGE_CURVE('',#1056,#1046,#446,.T.);
#1307=EDGE_CURVE('',#1015,#1049,#447,.T.);
#1308=EDGE_CURVE('',#1048,#1016,#448,.T.);
#1309=EDGE_CURVE('',#1044,#997,#449,.T.);
#1310=EDGE_CURVE('',#1009,#1045,#450,.T.);
#1311=EDGE_CURVE('',#1000,#1042,#451,.T.);
#1312=EDGE_CURVE('',#1031,#1034,#452,.T.);
#1313=EDGE_CURVE('',#1023,#1052,#453,.T.);
#1314=EDGE_CURVE('',#1041,#1002,#454,.T.);
#1315=EDGE_CURVE('',#1022,#1053,#455,.T.);
#1316=EDGE_CURVE('',#1021,#1054,#456,.T.);
#1317=EDGE_CURVE('',#1020,#1055,#457,.T.);
#1318=EDGE_CURVE('',#1014,#992,#458,.T.);
#1319=EDGE_CURVE('',#993,#1028,#459,.T.);
#1320=EDGE_CURVE('',#1026,#994,#460,.T.);
#1321=EDGE_CURVE('',#995,#1029,#461,.T.);
#1322=EDGE_CURVE('',#1025,#1050,#462,.T.);
#1323=EDGE_CURVE('',#1024,#1051,#463,.T.);
#1324=EDGE_CURVE('',#1040,#1003,#464,.T.);
#1325=EDGE_CURVE('',#1039,#1004,#465,.T.);
#1326=EDGE_CURVE('',#1038,#1005,#466,.T.);
#1327=EDGE_CURVE('',#988,#1011,#467,.T.);
#1328=EDGE_CURVE('',#996,#989,#468,.T.);
#1329=EDGE_CURVE('',#991,#998,#469,.T.);
#1330=EDGE_CURVE('',#1013,#990,#470,.T.);
#1331=EDGE_CURVE('',#1043,#999,#471,.T.);
#1332=EDGE_CURVE('',#1008,#1035,#472,.T.);
#1333=EDGE_CURVE('',#1006,#1037,#473,.T.);
#1334=EDGE_CURVE('',#1036,#1007,#474,.T.);
#1335=EDGE_CURVE('',#1017,#1047,#475,.T.);
#1336=EDGE_CURVE('',#1046,#1018,#476,.T.);
#1337=EDGE_CURVE('',#1056,#1019,#477,.T.);
#1338=EDGE_CURVE('',#1057,#1058,#478,.T.);
#1339=EDGE_CURVE('',#1059,#1057,#479,.T.);
#1340=EDGE_CURVE('',#1059,#1060,#480,.T.);
#1341=EDGE_CURVE('',#1058,#1060,#481,.T.);
#1342=EDGE_CURVE('',#1061,#1062,#482,.T.);
#1343=EDGE_CURVE('',#1063,#1061,#483,.T.);
#1344=EDGE_CURVE('',#1063,#1064,#484,.T.);
#1345=EDGE_CURVE('',#1062,#1064,#485,.T.);
#1346=EDGE_CURVE('',#1065,#1066,#486,.T.);
#1347=EDGE_CURVE('',#1067,#1066,#487,.T.);
#1348=EDGE_CURVE('',#1067,#1068,#488,.T.);
#1349=EDGE_CURVE('',#1068,#1065,#489,.T.);
#1350=EDGE_CURVE('',#1069,#1070,#490,.T.);
#1351=EDGE_CURVE('',#1070,#1071,#491,.T.);
#1352=EDGE_CURVE('',#1071,#1072,#492,.T.);
#1353=EDGE_CURVE('',#1069,#1072,#493,.T.);
#1354=EDGE_CURVE('',#1073,#1074,#494,.T.);
#1355=EDGE_CURVE('',#1075,#1074,#495,.T.);
#1356=EDGE_CURVE('',#1075,#1076,#496,.T.);
#1357=EDGE_CURVE('',#1076,#1073,#497,.T.);
#1358=EDGE_CURVE('',#1077,#1058,#498,.T.);
#1359=EDGE_CURVE('',#1078,#1077,#499,.T.);
#1360=EDGE_CURVE('',#1079,#1078,#500,.T.);
#1361=EDGE_CURVE('',#1080,#1079,#501,.T.);
#1362=EDGE_CURVE('',#1061,#1080,#502,.T.);
#1363=EDGE_CURVE('',#1081,#1062,#503,.T.);
#1364=EDGE_CURVE('',#1082,#1081,#504,.T.);
#1365=EDGE_CURVE('',#1083,#1082,#505,.T.);
#1366=EDGE_CURVE('',#1084,#1083,#506,.T.);
#1367=EDGE_CURVE('',#1057,#1084,#507,.T.);
#1368=EDGE_CURVE('',#1085,#1086,#508,.T.);
#1369=EDGE_CURVE('',#1085,#1087,#509,.T.);
#1370=EDGE_CURVE('',#1087,#1088,#510,.T.);
#1371=EDGE_CURVE('',#1088,#1086,#511,.T.);
#1372=EDGE_CURVE('',#1080,#1085,#49,.T.);
#1373=EDGE_CURVE('',#1079,#1087,#50,.T.);
#1374=EDGE_CURVE('',#1086,#1089,#51,.T.);
#1375=EDGE_CURVE('',#1090,#1088,#52,.T.);
#1376=EDGE_CURVE('',#1089,#1090,#512,.T.);
#1377=EDGE_CURVE('',#1089,#1067,#53,.T.);
#1378=EDGE_CURVE('',#1090,#1068,#54,.T.);
#1379=EDGE_CURVE('',#1060,#1091,#513,.T.);
#1380=EDGE_CURVE('',#1091,#1092,#514,.T.);
#1381=EDGE_CURVE('',#1092,#1093,#515,.T.);
#1382=EDGE_CURVE('',#1093,#1094,#516,.T.);
#1383=EDGE_CURVE('',#1094,#1063,#517,.T.);
#1384=EDGE_CURVE('',#1066,#1069,#518,.T.);
#1385=EDGE_CURVE('',#1072,#1095,#519,.T.);
#1386=EDGE_CURVE('',#1095,#1096,#520,.T.);
#1387=EDGE_CURVE('',#1096,#1097,#521,.T.);
#1388=EDGE_CURVE('',#1097,#1098,#522,.T.);
#1389=EDGE_CURVE('',#1098,#1075,#523,.T.);
#1390=EDGE_CURVE('',#1074,#1099,#524,.T.);
#1391=EDGE_CURVE('',#1099,#1100,#55,.T.);
#1392=EDGE_CURVE('',#1077,#1100,#525,.T.);
#1393=EDGE_CURVE('',#1101,#1065,#526,.T.);
#1394=EDGE_CURVE('',#1099,#1101,#527,.T.);
#1395=EDGE_CURVE('',#1073,#1102,#528,.T.);
#1396=EDGE_CURVE('',#1102,#1103,#529,.T.);
#1397=EDGE_CURVE('',#1103,#1104,#530,.T.);
#1398=EDGE_CURVE('',#1104,#1105,#531,.T.);
#1399=EDGE_CURVE('',#1105,#1070,#532,.T.);
#1400=EDGE_CURVE('',#1101,#1106,#56,.T.);
#1401=EDGE_CURVE('',#1106,#1100,#533,.T.);
#1402=EDGE_CURVE('',#1078,#1106,#534,.T.);
#1403=EDGE_CURVE('',#1102,#1107,#535,.T.);
#1404=EDGE_CURVE('',#1107,#1108,#536,.T.);
#1405=EDGE_CURVE('',#1108,#1109,#537,.T.);
#1406=EDGE_CURVE('',#1109,#1103,#538,.T.);
#1407=EDGE_CURVE('',#1110,#1076,#539,.T.);
#1408=EDGE_CURVE('',#1111,#1110,#540,.T.);
#1409=EDGE_CURVE('',#1112,#1111,#541,.T.);
#1410=EDGE_CURVE('',#1113,#1112,#542,.T.);
#1411=EDGE_CURVE('',#1114,#1113,#543,.T.);
#1412=EDGE_CURVE('',#1115,#1114,#544,.T.);
#1413=EDGE_CURVE('',#1116,#1115,#545,.T.);
#1414=EDGE_CURVE('',#1117,#1116,#546,.T.);
#1415=EDGE_CURVE('',#1071,#1117,#547,.T.);
#1416=EDGE_CURVE('',#1118,#1105,#548,.T.);
#1417=EDGE_CURVE('',#1107,#1118,#549,.T.);
#1418=EDGE_CURVE('',#1119,#1120,#550,.T.);
#1419=EDGE_CURVE('',#1120,#1121,#551,.T.);
#1420=EDGE_CURVE('',#1121,#1122,#552,.T.);
#1421=EDGE_CURVE('',#1123,#1122,#553,.T.);
#1422=EDGE_CURVE('',#1123,#1124,#554,.T.);
#1423=EDGE_CURVE('',#1125,#1124,#555,.T.);
#1424=EDGE_CURVE('',#1125,#1126,#556,.T.);
#1425=EDGE_CURVE('',#1126,#1119,#557,.T.);
#1426=EDGE_CURVE('',#1127,#1119,#558,.T.);
#1427=EDGE_CURVE('',#1127,#1128,#559,.T.);
#1428=EDGE_CURVE('',#1128,#1129,#560,.T.);
#1429=EDGE_CURVE('',#1129,#1130,#561,.T.);
#1430=EDGE_CURVE('',#1120,#1130,#562,.T.);
#1431=EDGE_CURVE('',#1131,#1132,#563,.T.);
#1432=EDGE_CURVE('',#1133,#1132,#564,.T.);
#1433=EDGE_CURVE('',#1133,#1127,#565,.T.);
#1434=EDGE_CURVE('',#1131,#1126,#566,.T.);
#1435=EDGE_CURVE('',#1134,#1135,#567,.T.);
#1436=EDGE_CURVE('',#1135,#1136,#568,.T.);
#1437=EDGE_CURVE('',#1136,#1137,#569,.T.);
#1438=EDGE_CURVE('',#1133,#1137,#570,.T.);
#1439=EDGE_CURVE('',#1134,#1132,#571,.T.);
#1440=EDGE_CURVE('',#1138,#1139,#572,.T.);
#1441=EDGE_CURVE('',#1138,#1140,#573,.T.);
#1442=EDGE_CURVE('',#1140,#1141,#574,.T.);
#1443=EDGE_CURVE('',#1142,#1141,#575,.T.);
#1444=EDGE_CURVE('',#1142,#1143,#576,.T.);
#1445=EDGE_CURVE('',#1143,#1139,#577,.T.);
#1446=EDGE_CURVE('',#1138,#1144,#578,.T.);
#1447=EDGE_CURVE('',#1145,#1144,#579,.T.);
#1448=EDGE_CURVE('',#1145,#1146,#580,.T.);
#1449=EDGE_CURVE('',#1147,#1146,#581,.T.);
#1450=EDGE_CURVE('',#1147,#1140,#582,.T.);
#1451=EDGE_CURVE('',#1148,#1149,#583,.T.);
#1452=EDGE_CURVE('',#1150,#1149,#584,.T.);
#1453=EDGE_CURVE('',#1150,#1142,#585,.T.);
#1454=EDGE_CURVE('',#1151,#1141,#586,.T.);
#1455=EDGE_CURVE('',#1148,#1151,#587,.T.);
#1456=EDGE_CURVE('',#1150,#1152,#588,.T.);
#1457=EDGE_CURVE('',#1152,#1153,#589,.T.);
#1458=EDGE_CURVE('',#1112,#1153,#590,.T.);
#1459=EDGE_CURVE('',#1097,#1111,#591,.T.);
#1460=EDGE_CURVE('',#1116,#1096,#592,.T.);
#1461=EDGE_CURVE('',#1154,#1115,#593,.T.);
#1462=EDGE_CURVE('',#1154,#1143,#594,.T.);
#1463=EDGE_CURVE('',#1155,#1125,#595,.T.);
#1464=EDGE_CURVE('',#1131,#1155,#596,.T.);
#1465=EDGE_CURVE('',#1156,#1121,#597,.T.);
#1466=EDGE_CURVE('',#1157,#1156,#598,.T.);
#1467=EDGE_CURVE('',#1122,#1157,#599,.T.);
#1468=EDGE_CURVE('',#1158,#1155,#600,.T.);
#1469=EDGE_CURVE('',#1158,#1159,#601,.T.);
#1470=EDGE_CURVE('',#1093,#1159,#602,.T.);
#1471=EDGE_CURVE('',#1160,#1092,#603,.T.);
#1472=EDGE_CURVE('',#1160,#1161,#604,.T.);
#1473=EDGE_CURVE('',#1157,#1161,#605,.T.);
#1474=EDGE_CURVE('',#1134,#1156,#606,.T.);
#1475=EDGE_CURVE('',#1162,#1144,#607,.T.);
#1476=EDGE_CURVE('',#1139,#1163,#608,.T.);
#1477=EDGE_CURVE('',#1114,#1163,#609,.T.);
#1478=EDGE_CURVE('',#1164,#1113,#610,.T.);
#1479=EDGE_CURVE('',#1164,#1162,#611,.T.);
#1480=EDGE_CURVE('',#1153,#1164,#612,.T.);
#1481=EDGE_CURVE('',#1162,#1152,#613,.T.);
#1482=EDGE_CURVE('',#1145,#1149,#614,.T.);
#1483=EDGE_CURVE('',#1147,#1151,#615,.T.);
#1484=EDGE_CURVE('',#1165,#1165,#57,.T.);
#1485=EDGE_CURVE('',#1146,#1148,#616,.T.);
#1486=EDGE_CURVE('',#1137,#1128,#617,.T.);
#1487=EDGE_CURVE('',#1129,#1136,#618,.T.);
#1488=EDGE_CURVE('',#1130,#1135,#619,.T.);
#1489=EDGE_CURVE('',#1166,#1083,#620,.T.);
#1490=EDGE_CURVE('',#1082,#1167,#621,.T.);
#1491=EDGE_CURVE('',#1167,#1166,#622,.T.);
#1492=EDGE_CURVE('',#1168,#1169,#623,.T.);
#1493=EDGE_CURVE('',#1169,#1084,#624,.T.);
#1494=EDGE_CURVE('',#1166,#1168,#625,.T.);
#1495=EDGE_CURVE('',#1167,#1170,#626,.T.);
#1496=EDGE_CURVE('',#1170,#1168,#627,.T.);
#1497=EDGE_CURVE('',#1081,#1171,#628,.T.);
#1498=EDGE_CURVE('',#1171,#1170,#629,.T.);
#1499=EDGE_CURVE('',#1095,#1117,#630,.T.);
#1500=EDGE_CURVE('',#1163,#1154,#631,.T.);
#1501=EDGE_CURVE('',#1110,#1098,#632,.T.);
#1502=EDGE_CURVE('',#1165,#1172,#633,.T.);
#1503=EDGE_CURVE('',#1172,#1173,#58,.T.);
#1504=EDGE_CURVE('',#1173,#1172,#59,.T.);
#1505=EDGE_CURVE('',#1174,#1174,#60,.T.);
#1506=EDGE_CURVE('',#1174,#1173,#634,.T.);
#1507=EDGE_CURVE('',#1161,#1123,#635,.T.);
#1508=EDGE_CURVE('',#1175,#1160,#636,.T.);
#1509=EDGE_CURVE('',#1091,#1175,#637,.T.);
#1510=EDGE_CURVE('',#1159,#1176,#638,.T.);
#1511=EDGE_CURVE('',#1176,#1094,#639,.T.);
#1512=EDGE_CURVE('',#1124,#1158,#640,.T.);
#1513=EDGE_CURVE('',#1177,#1177,#61,.T.);
#1514=EDGE_CURVE('',#1178,#1178,#62,.T.);
#1515=EDGE_CURVE('',#1178,#1179,#641,.T.);
#1516=EDGE_CURVE('',#1180,#1179,#63,.T.);
#1517=EDGE_CURVE('',#1179,#1180,#64,.T.);
#1518=EDGE_CURVE('',#1177,#1180,#642,.T.);
#1519=EDGE_CURVE('',#1181,#1104,#643,.T.);
#1520=EDGE_CURVE('',#1109,#1181,#644,.T.);
#1521=EDGE_CURVE('',#1182,#1118,#645,.T.);
#1522=EDGE_CURVE('',#1181,#1182,#646,.T.);
#1523=EDGE_CURVE('',#1108,#1182,#647,.T.);
#1524=EDGE_CURVE('',#1064,#1176,#648,.T.);
#1525=EDGE_CURVE('',#1175,#1059,#649,.T.);
#1526=EDGE_CURVE('',#1169,#1171,#650,.T.);
#1527=ORIENTED_EDGE('',*,*,#1183,.T.);
#1528=ORIENTED_EDGE('',*,*,#1184,.F.);
#1529=ORIENTED_EDGE('',*,*,#1185,.T.);
#1530=ORIENTED_EDGE('',*,*,#1186,.T.);
#1531=ORIENTED_EDGE('',*,*,#1187,.F.);
#1532=ORIENTED_EDGE('',*,*,#1186,.F.);
#1533=ORIENTED_EDGE('',*,*,#1188,.F.);
#1534=ORIENTED_EDGE('',*,*,#1189,.T.);
#1535=ORIENTED_EDGE('',*,*,#1190,.T.);
#1536=ORIENTED_EDGE('',*,*,#1191,.T.);
#1537=ORIENTED_EDGE('',*,*,#1192,.T.);
#1538=ORIENTED_EDGE('',*,*,#1184,.T.);
#1539=ORIENTED_EDGE('',*,*,#1185,.F.);
#1540=ORIENTED_EDGE('',*,*,#1192,.F.);
#1541=ORIENTED_EDGE('',*,*,#1193,.T.);
#1542=ORIENTED_EDGE('',*,*,#1188,.T.);
#1543=ORIENTED_EDGE('',*,*,#1194,.T.);
#1544=ORIENTED_EDGE('',*,*,#1189,.F.);
#1545=ORIENTED_EDGE('',*,*,#1193,.F.);
#1546=ORIENTED_EDGE('',*,*,#1191,.F.);
#1547=ORIENTED_EDGE('',*,*,#1183,.F.);
#1548=ORIENTED_EDGE('',*,*,#1187,.T.);
#1549=ORIENTED_EDGE('',*,*,#1194,.F.);
#1550=ORIENTED_EDGE('',*,*,#1190,.F.);
#1551=ORIENTED_EDGE('',*,*,#1195,.F.);
#1552=ORIENTED_EDGE('',*,*,#1196,.F.);
#1553=ORIENTED_EDGE('',*,*,#1197,.T.);
#1554=ORIENTED_EDGE('',*,*,#1198,.T.);
#1555=ORIENTED_EDGE('',*,*,#1195,.T.);
#1556=ORIENTED_EDGE('',*,*,#1199,.F.);
#1557=ORIENTED_EDGE('',*,*,#1200,.T.);
#1558=ORIENTED_EDGE('',*,*,#1201,.F.);
#1559=ORIENTED_EDGE('',*,*,#1198,.F.);
#1560=ORIENTED_EDGE('',*,*,#1202,.F.);
#1561=ORIENTED_EDGE('',*,*,#1203,.F.);
#1562=ORIENTED_EDGE('',*,*,#1199,.T.);
#1563=ORIENTED_EDGE('',*,*,#1197,.F.);
#1564=ORIENTED_EDGE('',*,*,#1204,.F.);
#1565=ORIENTED_EDGE('',*,*,#1205,.F.);
#1566=ORIENTED_EDGE('',*,*,#1202,.T.);
#1567=ORIENTED_EDGE('',*,*,#1196,.T.);
#1568=ORIENTED_EDGE('',*,*,#1201,.T.);
#1569=ORIENTED_EDGE('',*,*,#1206,.T.);
#1570=ORIENTED_EDGE('',*,*,#1204,.T.);
#1571=ORIENTED_EDGE('',*,*,#1205,.T.);
#1572=ORIENTED_EDGE('',*,*,#1206,.F.);
#1573=ORIENTED_EDGE('',*,*,#1200,.F.);
#1574=ORIENTED_EDGE('',*,*,#1203,.T.);
#1575=ORIENTED_EDGE('',*,*,#1207,.F.);
#1576=ORIENTED_EDGE('',*,*,#1208,.F.);
#1577=ORIENTED_EDGE('',*,*,#1209,.T.);
#1578=ORIENTED_EDGE('',*,*,#1210,.T.);
#1579=ORIENTED_EDGE('',*,*,#1211,.T.);
#1580=ORIENTED_EDGE('',*,*,#1212,.T.);
#1581=ORIENTED_EDGE('',*,*,#1213,.T.);
#1582=ORIENTED_EDGE('',*,*,#1214,.T.);
#1583=ORIENTED_EDGE('',*,*,#1211,.F.);
#1584=ORIENTED_EDGE('',*,*,#1215,.T.);
#1585=ORIENTED_EDGE('',*,*,#1216,.T.);
#1586=ORIENTED_EDGE('',*,*,#1217,.T.);
#1587=ORIENTED_EDGE('',*,*,#1210,.F.);
#1588=ORIENTED_EDGE('',*,*,#1218,.T.);
#1589=ORIENTED_EDGE('',*,*,#1219,.F.);
#1590=ORIENTED_EDGE('',*,*,#1220,.F.);
#1591=ORIENTED_EDGE('',*,*,#1215,.F.);
#1592=ORIENTED_EDGE('',*,*,#1212,.F.);
#1593=ORIENTED_EDGE('',*,*,#1217,.F.);
#1594=ORIENTED_EDGE('',*,*,#1221,.T.);
#1595=ORIENTED_EDGE('',*,*,#1222,.T.);
#1596=ORIENTED_EDGE('',*,*,#1223,.F.);
#1597=ORIENTED_EDGE('',*,*,#1224,.T.);
#1598=ORIENTED_EDGE('',*,*,#1225,.T.);
#1599=ORIENTED_EDGE('',*,*,#1226,.F.);
#1600=ORIENTED_EDGE('',*,*,#1227,.F.);
#1601=ORIENTED_EDGE('',*,*,#1218,.F.);
#1602=ORIENTED_EDGE('',*,*,#1209,.F.);
#1603=ORIENTED_EDGE('',*,*,#1228,.F.);
#1604=ORIENTED_EDGE('',*,*,#1229,.F.);
#1605=ORIENTED_EDGE('',*,*,#1230,.F.);
#1606=ORIENTED_EDGE('',*,*,#1231,.F.);
#1607=ORIENTED_EDGE('',*,*,#1232,.F.);
#1608=ORIENTED_EDGE('',*,*,#1233,.F.);
#1609=ORIENTED_EDGE('',*,*,#1234,.F.);
#1610=ORIENTED_EDGE('',*,*,#1235,.F.);
#1611=ORIENTED_EDGE('',*,*,#1236,.F.);
#1612=ORIENTED_EDGE('',*,*,#1237,.T.);
#1613=ORIENTED_EDGE('',*,*,#1238,.T.);
#1614=ORIENTED_EDGE('',*,*,#1239,.T.);
#1615=ORIENTED_EDGE('',*,*,#1240,.T.);
#1616=ORIENTED_EDGE('',*,*,#1241,.T.);
#1617=ORIENTED_EDGE('',*,*,#1242,.T.);
#1618=ORIENTED_EDGE('',*,*,#1243,.T.);
#1619=ORIENTED_EDGE('',*,*,#1244,.T.);
#1620=ORIENTED_EDGE('',*,*,#1245,.T.);
#1621=ORIENTED_EDGE('',*,*,#1246,.T.);
#1622=ORIENTED_EDGE('',*,*,#1247,.T.);
#1623=ORIENTED_EDGE('',*,*,#1248,.T.);
#1624=ORIENTED_EDGE('',*,*,#1249,.T.);
#1625=ORIENTED_EDGE('',*,*,#1250,.F.);
#1626=ORIENTED_EDGE('',*,*,#1251,.F.);
#1627=ORIENTED_EDGE('',*,*,#1252,.F.);
#1628=ORIENTED_EDGE('',*,*,#1253,.T.);
#1629=ORIENTED_EDGE('',*,*,#1254,.T.);
#1630=ORIENTED_EDGE('',*,*,#1255,.T.);
#1631=ORIENTED_EDGE('',*,*,#1256,.T.);
#1632=ORIENTED_EDGE('',*,*,#1257,.T.);
#1633=ORIENTED_EDGE('',*,*,#1258,.T.);
#1634=ORIENTED_EDGE('',*,*,#1259,.T.);
#1635=ORIENTED_EDGE('',*,*,#1260,.T.);
#1636=ORIENTED_EDGE('',*,*,#1261,.T.);
#1637=ORIENTED_EDGE('',*,*,#1262,.T.);
#1638=ORIENTED_EDGE('',*,*,#1263,.T.);
#1639=ORIENTED_EDGE('',*,*,#1264,.T.);
#1640=ORIENTED_EDGE('',*,*,#1265,.T.);
#1641=ORIENTED_EDGE('',*,*,#1266,.T.);
#1642=ORIENTED_EDGE('',*,*,#1267,.F.);
#1643=ORIENTED_EDGE('',*,*,#1268,.T.);
#1644=ORIENTED_EDGE('',*,*,#1269,.F.);
#1645=ORIENTED_EDGE('',*,*,#1270,.F.);
#1646=ORIENTED_EDGE('',*,*,#1271,.F.);
#1647=ORIENTED_EDGE('',*,*,#1221,.F.);
#1648=ORIENTED_EDGE('',*,*,#1216,.F.);
#1649=ORIENTED_EDGE('',*,*,#1220,.T.);
#1650=ORIENTED_EDGE('',*,*,#1272,.F.);
#1651=ORIENTED_EDGE('',*,*,#1226,.T.);
#1652=ORIENTED_EDGE('',*,*,#1263,.F.);
#1653=ORIENTED_EDGE('',*,*,#1273,.T.);
#1654=ORIENTED_EDGE('',*,*,#1274,.F.);
#1655=ORIENTED_EDGE('',*,*,#1275,.T.);
#1656=ORIENTED_EDGE('',*,*,#1213,.F.);
#1657=ORIENTED_EDGE('',*,*,#1223,.T.);
#1658=ORIENTED_EDGE('',*,*,#1276,.F.);
#1659=ORIENTED_EDGE('',*,*,#1277,.F.);
#1660=ORIENTED_EDGE('',*,*,#1278,.T.);
#1661=ORIENTED_EDGE('',*,*,#1279,.T.);
#1662=ORIENTED_EDGE('',*,*,#1241,.F.);
#1663=ORIENTED_EDGE('',*,*,#1277,.T.);
#1664=ORIENTED_EDGE('',*,*,#1280,.T.);
#1665=ORIENTED_EDGE('',*,*,#1281,.T.);
#1666=ORIENTED_EDGE('',*,*,#1282,.T.);
#1667=ORIENTED_EDGE('',*,*,#1283,.T.);
#1668=ORIENTED_EDGE('',*,*,#1284,.T.);
#1669=ORIENTED_EDGE('',*,*,#1285,.T.);
#1670=ORIENTED_EDGE('',*,*,#1286,.T.);
#1671=ORIENTED_EDGE('',*,*,#1287,.T.);
#1672=ORIENTED_EDGE('',*,*,#1214,.F.);
#1673=ORIENTED_EDGE('',*,*,#1275,.F.);
#1674=ORIENTED_EDGE('',*,*,#1288,.T.);
#1675=ORIENTED_EDGE('',*,*,#1289,.T.);
#1676=ORIENTED_EDGE('',*,*,#1290,.T.);
#1677=ORIENTED_EDGE('',*,*,#1251,.T.);
#1678=ORIENTED_EDGE('',*,*,#1291,.T.);
#1679=ORIENTED_EDGE('',*,*,#1292,.T.);
#1680=ORIENTED_EDGE('',*,*,#1293,.T.);
#1681=ORIENTED_EDGE('',*,*,#1294,.T.);
#1682=ORIENTED_EDGE('',*,*,#1295,.T.);
#1683=ORIENTED_EDGE('',*,*,#1296,.T.);
#1684=ORIENTED_EDGE('',*,*,#1297,.T.);
#1685=ORIENTED_EDGE('',*,*,#1271,.T.);
#1686=ORIENTED_EDGE('',*,*,#1298,.T.);
#1687=ORIENTED_EDGE('',*,*,#1299,.T.);
#1688=ORIENTED_EDGE('',*,*,#1300,.T.);
#1689=ORIENTED_EDGE('',*,*,#1224,.F.);
#1690=ORIENTED_EDGE('',*,*,#1208,.T.);
#1691=ORIENTED_EDGE('',*,*,#1301,.F.);
#1692=ORIENTED_EDGE('',*,*,#1302,.T.);
#1693=ORIENTED_EDGE('',*,*,#1303,.T.);
#1694=ORIENTED_EDGE('',*,*,#1304,.T.);
#1695=ORIENTED_EDGE('',*,*,#1305,.T.);
#1696=ORIENTED_EDGE('',*,*,#1306,.T.);
#1697=ORIENTED_EDGE('',*,*,#1255,.F.);
#1698=ORIENTED_EDGE('',*,*,#1307,.T.);
#1699=ORIENTED_EDGE('',*,*,#1296,.F.);
#1700=ORIENTED_EDGE('',*,*,#1308,.T.);
#1701=ORIENTED_EDGE('',*,*,#1292,.F.);
#1702=ORIENTED_EDGE('',*,*,#1309,.T.);
#1703=ORIENTED_EDGE('',*,*,#1249,.F.);
#1704=ORIENTED_EDGE('',*,*,#1310,.T.);
#1705=ORIENTED_EDGE('',*,*,#1240,.F.);
#1706=ORIENTED_EDGE('',*,*,#1311,.T.);
#1707=ORIENTED_EDGE('',*,*,#1288,.F.);
#1708=ORIENTED_EDGE('',*,*,#1278,.F.);
#1709=ORIENTED_EDGE('',*,*,#1227,.T.);
#1710=ORIENTED_EDGE('',*,*,#1274,.T.);
#1711=ORIENTED_EDGE('',*,*,#1312,.T.);
#1712=ORIENTED_EDGE('',*,*,#1280,.F.);
#1713=ORIENTED_EDGE('',*,*,#1276,.T.);
#1714=ORIENTED_EDGE('',*,*,#1222,.F.);
#1715=ORIENTED_EDGE('',*,*,#1272,.T.);
#1716=ORIENTED_EDGE('',*,*,#1219,.T.);
#1717=ORIENTED_EDGE('',*,*,#1273,.F.);
#1718=ORIENTED_EDGE('',*,*,#1313,.T.);
#1719=ORIENTED_EDGE('',*,*,#1301,.T.);
#1720=ORIENTED_EDGE('',*,*,#1207,.T.);
#1721=ORIENTED_EDGE('',*,*,#1287,.F.);
#1722=ORIENTED_EDGE('',*,*,#1314,.T.);
#1723=ORIENTED_EDGE('',*,*,#1279,.F.);
#1724=ORIENTED_EDGE('',*,*,#1312,.F.);
#1725=ORIENTED_EDGE('',*,*,#1262,.F.);
#1726=ORIENTED_EDGE('',*,*,#1315,.T.);
#1727=ORIENTED_EDGE('',*,*,#1302,.F.);
#1728=ORIENTED_EDGE('',*,*,#1313,.F.);
#1729=ORIENTED_EDGE('',*,*,#1316,.T.);
#1730=ORIENTED_EDGE('',*,*,#1303,.F.);
#1731=ORIENTED_EDGE('',*,*,#1315,.F.);
#1732=ORIENTED_EDGE('',*,*,#1261,.F.);
#1733=ORIENTED_EDGE('',*,*,#1317,.T.);
#1734=ORIENTED_EDGE('',*,*,#1304,.F.);
#1735=ORIENTED_EDGE('',*,*,#1316,.F.);
#1736=ORIENTED_EDGE('',*,*,#1260,.F.);
#1737=ORIENTED_EDGE('',*,*,#1254,.F.);
#1738=ORIENTED_EDGE('',*,*,#1318,.T.);
#1739=ORIENTED_EDGE('',*,*,#1232,.T.);
#1740=ORIENTED_EDGE('',*,*,#1319,.T.);
#1741=ORIENTED_EDGE('',*,*,#1268,.F.);
#1742=ORIENTED_EDGE('',*,*,#1297,.F.);
#1743=ORIENTED_EDGE('',*,*,#1307,.F.);
#1744=ORIENTED_EDGE('',*,*,#1320,.T.);
#1745=ORIENTED_EDGE('',*,*,#1233,.T.);
#1746=ORIENTED_EDGE('',*,*,#1318,.F.);
#1747=ORIENTED_EDGE('',*,*,#1267,.T.);
#1748=ORIENTED_EDGE('',*,*,#1235,.T.);
#1749=ORIENTED_EDGE('',*,*,#1321,.T.);
#1750=ORIENTED_EDGE('',*,*,#1269,.T.);
#1751=ORIENTED_EDGE('',*,*,#1319,.F.);
#1752=ORIENTED_EDGE('',*,*,#1298,.F.);
#1753=ORIENTED_EDGE('',*,*,#1270,.T.);
#1754=ORIENTED_EDGE('',*,*,#1321,.F.);
#1755=ORIENTED_EDGE('',*,*,#1234,.T.);
#1756=ORIENTED_EDGE('',*,*,#1320,.F.);
#1757=ORIENTED_EDGE('',*,*,#1266,.F.);
#1758=ORIENTED_EDGE('',*,*,#1322,.T.);
#1759=ORIENTED_EDGE('',*,*,#1322,.F.);
#1760=ORIENTED_EDGE('',*,*,#1265,.F.);
#1761=ORIENTED_EDGE('',*,*,#1323,.T.);
#1762=ORIENTED_EDGE('',*,*,#1299,.F.);
#1763=ORIENTED_EDGE('',*,*,#1300,.F.);
#1764=ORIENTED_EDGE('',*,*,#1323,.F.);
#1765=ORIENTED_EDGE('',*,*,#1264,.F.);
#1766=ORIENTED_EDGE('',*,*,#1225,.F.);
#1767=ORIENTED_EDGE('',*,*,#1324,.T.);
#1768=ORIENTED_EDGE('',*,*,#1242,.F.);
#1769=ORIENTED_EDGE('',*,*,#1314,.F.);
#1770=ORIENTED_EDGE('',*,*,#1286,.F.);
#1771=ORIENTED_EDGE('',*,*,#1324,.F.);
#1772=ORIENTED_EDGE('',*,*,#1285,.F.);
#1773=ORIENTED_EDGE('',*,*,#1325,.T.);
#1774=ORIENTED_EDGE('',*,*,#1243,.F.);
#1775=ORIENTED_EDGE('',*,*,#1326,.T.);
#1776=ORIENTED_EDGE('',*,*,#1244,.F.);
#1777=ORIENTED_EDGE('',*,*,#1325,.F.);
#1778=ORIENTED_EDGE('',*,*,#1284,.F.);
#1779=ORIENTED_EDGE('',*,*,#1291,.F.);
#1780=ORIENTED_EDGE('',*,*,#1250,.T.);
#1781=ORIENTED_EDGE('',*,*,#1327,.F.);
#1782=ORIENTED_EDGE('',*,*,#1228,.T.);
#1783=ORIENTED_EDGE('',*,*,#1328,.F.);
#1784=ORIENTED_EDGE('',*,*,#1236,.T.);
#1785=ORIENTED_EDGE('',*,*,#1309,.F.);
#1786=ORIENTED_EDGE('',*,*,#1238,.F.);
#1787=ORIENTED_EDGE('',*,*,#1329,.F.);
#1788=ORIENTED_EDGE('',*,*,#1230,.T.);
#1789=ORIENTED_EDGE('',*,*,#1330,.F.);
#1790=ORIENTED_EDGE('',*,*,#1252,.T.);
#1791=ORIENTED_EDGE('',*,*,#1290,.F.);
#1792=ORIENTED_EDGE('',*,*,#1331,.T.);
#1793=ORIENTED_EDGE('',*,*,#1331,.F.);
#1794=ORIENTED_EDGE('',*,*,#1289,.F.);
#1795=ORIENTED_EDGE('',*,*,#1311,.F.);
#1796=ORIENTED_EDGE('',*,*,#1239,.F.);
#1797=ORIENTED_EDGE('',*,*,#1229,.T.);
#1798=ORIENTED_EDGE('',*,*,#1327,.T.);
#1799=ORIENTED_EDGE('',*,*,#1253,.F.);
#1800=ORIENTED_EDGE('',*,*,#1330,.T.);
#1801=ORIENTED_EDGE('',*,*,#1328,.T.);
#1802=ORIENTED_EDGE('',*,*,#1231,.T.);
#1803=ORIENTED_EDGE('',*,*,#1329,.T.);
#1804=ORIENTED_EDGE('',*,*,#1237,.F.);
#1805=ORIENTED_EDGE('',*,*,#1332,.T.);
#1806=ORIENTED_EDGE('',*,*,#1293,.F.);
#1807=ORIENTED_EDGE('',*,*,#1310,.F.);
#1808=ORIENTED_EDGE('',*,*,#1248,.F.);
#1809=ORIENTED_EDGE('',*,*,#1333,.T.);
#1810=ORIENTED_EDGE('',*,*,#1282,.F.);
#1811=ORIENTED_EDGE('',*,*,#1334,.T.);
#1812=ORIENTED_EDGE('',*,*,#1246,.F.);
#1813=ORIENTED_EDGE('',*,*,#1334,.F.);
#1814=ORIENTED_EDGE('',*,*,#1281,.F.);
#1815=ORIENTED_EDGE('',*,*,#1332,.F.);
#1816=ORIENTED_EDGE('',*,*,#1247,.F.);
#1817=ORIENTED_EDGE('',*,*,#1335,.T.);
#1818=ORIENTED_EDGE('',*,*,#1294,.F.);
#1819=ORIENTED_EDGE('',*,*,#1336,.T.);
#1820=ORIENTED_EDGE('',*,*,#1257,.F.);
#1821=ORIENTED_EDGE('',*,*,#1337,.T.);
#1822=ORIENTED_EDGE('',*,*,#1258,.F.);
#1823=ORIENTED_EDGE('',*,*,#1336,.F.);
#1824=ORIENTED_EDGE('',*,*,#1306,.F.);
#1825=ORIENTED_EDGE('',*,*,#1308,.F.);
#1826=ORIENTED_EDGE('',*,*,#1295,.F.);
#1827=ORIENTED_EDGE('',*,*,#1335,.F.);
#1828=ORIENTED_EDGE('',*,*,#1256,.F.);
#1829=ORIENTED_EDGE('',*,*,#1337,.F.);
#1830=ORIENTED_EDGE('',*,*,#1305,.F.);
#1831=ORIENTED_EDGE('',*,*,#1317,.F.);
#1832=ORIENTED_EDGE('',*,*,#1259,.F.);
#1833=ORIENTED_EDGE('',*,*,#1326,.F.);
#1834=ORIENTED_EDGE('',*,*,#1283,.F.);
#1835=ORIENTED_EDGE('',*,*,#1333,.F.);
#1836=ORIENTED_EDGE('',*,*,#1245,.F.);
#1837=ORIENTED_EDGE('',*,*,#1338,.F.);
#1838=ORIENTED_EDGE('',*,*,#1339,.F.);
#1839=ORIENTED_EDGE('',*,*,#1340,.T.);
#1840=ORIENTED_EDGE('',*,*,#1341,.F.);
#1841=ORIENTED_EDGE('',*,*,#1342,.F.);
#1842=ORIENTED_EDGE('',*,*,#1343,.F.);
#1843=ORIENTED_EDGE('',*,*,#1344,.T.);
#1844=ORIENTED_EDGE('',*,*,#1345,.F.);
#1845=ORIENTED_EDGE('',*,*,#1346,.T.);
#1846=ORIENTED_EDGE('',*,*,#1347,.F.);
#1847=ORIENTED_EDGE('',*,*,#1348,.T.);
#1848=ORIENTED_EDGE('',*,*,#1349,.T.);
#1849=ORIENTED_EDGE('',*,*,#1350,.T.);
#1850=ORIENTED_EDGE('',*,*,#1351,.T.);
#1851=ORIENTED_EDGE('',*,*,#1352,.T.);
#1852=ORIENTED_EDGE('',*,*,#1353,.F.);
#1853=ORIENTED_EDGE('',*,*,#1354,.T.);
#1854=ORIENTED_EDGE('',*,*,#1355,.F.);
#1855=ORIENTED_EDGE('',*,*,#1356,.T.);
#1856=ORIENTED_EDGE('',*,*,#1357,.T.);
#1857=ORIENTED_EDGE('',*,*,#1338,.T.);
#1858=ORIENTED_EDGE('',*,*,#1358,.F.);
#1859=ORIENTED_EDGE('',*,*,#1359,.F.);
#1860=ORIENTED_EDGE('',*,*,#1360,.F.);
#1861=ORIENTED_EDGE('',*,*,#1361,.F.);
#1862=ORIENTED_EDGE('',*,*,#1362,.F.);
#1863=ORIENTED_EDGE('',*,*,#1342,.T.);
#1864=ORIENTED_EDGE('',*,*,#1363,.F.);
#1865=ORIENTED_EDGE('',*,*,#1364,.F.);
#1866=ORIENTED_EDGE('',*,*,#1365,.F.);
#1867=ORIENTED_EDGE('',*,*,#1366,.F.);
#1868=ORIENTED_EDGE('',*,*,#1367,.F.);
#1869=ORIENTED_EDGE('',*,*,#1368,.F.);
#1870=ORIENTED_EDGE('',*,*,#1369,.T.);
#1871=ORIENTED_EDGE('',*,*,#1370,.T.);
#1872=ORIENTED_EDGE('',*,*,#1371,.T.);
#1873=ORIENTED_EDGE('',*,*,#1372,.F.);
#1874=ORIENTED_EDGE('',*,*,#1361,.T.);
#1875=ORIENTED_EDGE('',*,*,#1373,.T.);
#1876=ORIENTED_EDGE('',*,*,#1369,.F.);
#1877=ORIENTED_EDGE('',*,*,#1374,.F.);
#1878=ORIENTED_EDGE('',*,*,#1371,.F.);
#1879=ORIENTED_EDGE('',*,*,#1375,.F.);
#1880=ORIENTED_EDGE('',*,*,#1376,.F.);
#1881=ORIENTED_EDGE('',*,*,#1377,.F.);
#1882=ORIENTED_EDGE('',*,*,#1376,.T.);
#1883=ORIENTED_EDGE('',*,*,#1378,.T.);
#1884=ORIENTED_EDGE('',*,*,#1348,.F.);
#1885=ORIENTED_EDGE('',*,*,#1341,.T.);
#1886=ORIENTED_EDGE('',*,*,#1379,.T.);
#1887=ORIENTED_EDGE('',*,*,#1380,.T.);
#1888=ORIENTED_EDGE('',*,*,#1381,.T.);
#1889=ORIENTED_EDGE('',*,*,#1382,.T.);
#1890=ORIENTED_EDGE('',*,*,#1383,.T.);
#1891=ORIENTED_EDGE('',*,*,#1343,.T.);
#1892=ORIENTED_EDGE('',*,*,#1362,.T.);
#1893=ORIENTED_EDGE('',*,*,#1372,.T.);
#1894=ORIENTED_EDGE('',*,*,#1368,.T.);
#1895=ORIENTED_EDGE('',*,*,#1374,.T.);
#1896=ORIENTED_EDGE('',*,*,#1377,.T.);
#1897=ORIENTED_EDGE('',*,*,#1347,.T.);
#1898=ORIENTED_EDGE('',*,*,#1384,.T.);
#1899=ORIENTED_EDGE('',*,*,#1353,.T.);
#1900=ORIENTED_EDGE('',*,*,#1385,.T.);
#1901=ORIENTED_EDGE('',*,*,#1386,.T.);
#1902=ORIENTED_EDGE('',*,*,#1387,.T.);
#1903=ORIENTED_EDGE('',*,*,#1388,.T.);
#1904=ORIENTED_EDGE('',*,*,#1389,.T.);
#1905=ORIENTED_EDGE('',*,*,#1355,.T.);
#1906=ORIENTED_EDGE('',*,*,#1390,.T.);
#1907=ORIENTED_EDGE('',*,*,#1391,.T.);
#1908=ORIENTED_EDGE('',*,*,#1392,.F.);
#1909=ORIENTED_EDGE('',*,*,#1358,.T.);
#1910=ORIENTED_EDGE('',*,*,#1346,.F.);
#1911=ORIENTED_EDGE('',*,*,#1393,.F.);
#1912=ORIENTED_EDGE('',*,*,#1394,.F.);
#1913=ORIENTED_EDGE('',*,*,#1390,.F.);
#1914=ORIENTED_EDGE('',*,*,#1354,.F.);
#1915=ORIENTED_EDGE('',*,*,#1395,.T.);
#1916=ORIENTED_EDGE('',*,*,#1396,.T.);
#1917=ORIENTED_EDGE('',*,*,#1397,.T.);
#1918=ORIENTED_EDGE('',*,*,#1398,.T.);
#1919=ORIENTED_EDGE('',*,*,#1399,.T.);
#1920=ORIENTED_EDGE('',*,*,#1350,.F.);
#1921=ORIENTED_EDGE('',*,*,#1384,.F.);
#1922=ORIENTED_EDGE('',*,*,#1391,.F.);
#1923=ORIENTED_EDGE('',*,*,#1394,.T.);
#1924=ORIENTED_EDGE('',*,*,#1400,.T.);
#1925=ORIENTED_EDGE('',*,*,#1401,.T.);
#1926=ORIENTED_EDGE('',*,*,#1359,.T.);
#1927=ORIENTED_EDGE('',*,*,#1392,.T.);
#1928=ORIENTED_EDGE('',*,*,#1401,.F.);
#1929=ORIENTED_EDGE('',*,*,#1402,.F.);
#1930=ORIENTED_EDGE('',*,*,#1403,.T.);
#1931=ORIENTED_EDGE('',*,*,#1404,.T.);
#1932=ORIENTED_EDGE('',*,*,#1405,.T.);
#1933=ORIENTED_EDGE('',*,*,#1406,.T.);
#1934=ORIENTED_EDGE('',*,*,#1396,.F.);
#1935=ORIENTED_EDGE('',*,*,#1357,.F.);
#1936=ORIENTED_EDGE('',*,*,#1407,.F.);
#1937=ORIENTED_EDGE('',*,*,#1408,.F.);
#1938=ORIENTED_EDGE('',*,*,#1409,.F.);
#1939=ORIENTED_EDGE('',*,*,#1410,.F.);
#1940=ORIENTED_EDGE('',*,*,#1411,.F.);
#1941=ORIENTED_EDGE('',*,*,#1412,.F.);
#1942=ORIENTED_EDGE('',*,*,#1413,.F.);
#1943=ORIENTED_EDGE('',*,*,#1414,.F.);
#1944=ORIENTED_EDGE('',*,*,#1415,.F.);
#1945=ORIENTED_EDGE('',*,*,#1351,.F.);
#1946=ORIENTED_EDGE('',*,*,#1399,.F.);
#1947=ORIENTED_EDGE('',*,*,#1416,.F.);
#1948=ORIENTED_EDGE('',*,*,#1417,.F.);
#1949=ORIENTED_EDGE('',*,*,#1403,.F.);
#1950=ORIENTED_EDGE('',*,*,#1395,.F.);
#1951=ORIENTED_EDGE('',*,*,#1418,.T.);
#1952=ORIENTED_EDGE('',*,*,#1419,.T.);
#1953=ORIENTED_EDGE('',*,*,#1420,.T.);
#1954=ORIENTED_EDGE('',*,*,#1421,.F.);
#1955=ORIENTED_EDGE('',*,*,#1422,.T.);
#1956=ORIENTED_EDGE('',*,*,#1423,.F.);
#1957=ORIENTED_EDGE('',*,*,#1424,.T.);
#1958=ORIENTED_EDGE('',*,*,#1425,.T.);
#1959=ORIENTED_EDGE('',*,*,#1426,.F.);
#1960=ORIENTED_EDGE('',*,*,#1427,.T.);
#1961=ORIENTED_EDGE('',*,*,#1428,.T.);
#1962=ORIENTED_EDGE('',*,*,#1429,.T.);
#1963=ORIENTED_EDGE('',*,*,#1430,.F.);
#1964=ORIENTED_EDGE('',*,*,#1418,.F.);
#1965=ORIENTED_EDGE('',*,*,#1431,.T.);
#1966=ORIENTED_EDGE('',*,*,#1432,.F.);
#1967=ORIENTED_EDGE('',*,*,#1433,.T.);
#1968=ORIENTED_EDGE('',*,*,#1426,.T.);
#1969=ORIENTED_EDGE('',*,*,#1425,.F.);
#1970=ORIENTED_EDGE('',*,*,#1434,.F.);
#1971=ORIENTED_EDGE('',*,*,#1435,.T.);
#1972=ORIENTED_EDGE('',*,*,#1436,.T.);
#1973=ORIENTED_EDGE('',*,*,#1437,.T.);
#1974=ORIENTED_EDGE('',*,*,#1438,.F.);
#1975=ORIENTED_EDGE('',*,*,#1432,.T.);
#1976=ORIENTED_EDGE('',*,*,#1439,.F.);
#1977=ORIENTED_EDGE('',*,*,#1440,.F.);
#1978=ORIENTED_EDGE('',*,*,#1441,.T.);
#1979=ORIENTED_EDGE('',*,*,#1442,.T.);
#1980=ORIENTED_EDGE('',*,*,#1443,.F.);
#1981=ORIENTED_EDGE('',*,*,#1444,.T.);
#1982=ORIENTED_EDGE('',*,*,#1445,.T.);
#1983=ORIENTED_EDGE('',*,*,#1446,.T.);
#1984=ORIENTED_EDGE('',*,*,#1447,.F.);
#1985=ORIENTED_EDGE('',*,*,#1448,.T.);
#1986=ORIENTED_EDGE('',*,*,#1449,.F.);
#1987=ORIENTED_EDGE('',*,*,#1450,.T.);
#1988=ORIENTED_EDGE('',*,*,#1441,.F.);
#1989=ORIENTED_EDGE('',*,*,#1451,.T.);
#1990=ORIENTED_EDGE('',*,*,#1452,.F.);
#1991=ORIENTED_EDGE('',*,*,#1453,.T.);
#1992=ORIENTED_EDGE('',*,*,#1443,.T.);
#1993=ORIENTED_EDGE('',*,*,#1454,.F.);
#1994=ORIENTED_EDGE('',*,*,#1455,.F.);
#1995=ORIENTED_EDGE('',*,*,#1444,.F.);
#1996=ORIENTED_EDGE('',*,*,#1453,.F.);
#1997=ORIENTED_EDGE('',*,*,#1456,.T.);
#1998=ORIENTED_EDGE('',*,*,#1457,.T.);
#1999=ORIENTED_EDGE('',*,*,#1458,.F.);
#2000=ORIENTED_EDGE('',*,*,#1409,.T.);
#2001=ORIENTED_EDGE('',*,*,#1459,.F.);
#2002=ORIENTED_EDGE('',*,*,#1387,.F.);
#2003=ORIENTED_EDGE('',*,*,#1460,.F.);
#2004=ORIENTED_EDGE('',*,*,#1413,.T.);
#2005=ORIENTED_EDGE('',*,*,#1461,.F.);
#2006=ORIENTED_EDGE('',*,*,#1462,.T.);
#2007=ORIENTED_EDGE('',*,*,#1434,.T.);
#2008=ORIENTED_EDGE('',*,*,#1424,.F.);
#2009=ORIENTED_EDGE('',*,*,#1463,.F.);
#2010=ORIENTED_EDGE('',*,*,#1464,.F.);
#2011=ORIENTED_EDGE('',*,*,#1465,.F.);
#2012=ORIENTED_EDGE('',*,*,#1466,.F.);
#2013=ORIENTED_EDGE('',*,*,#1467,.F.);
#2014=ORIENTED_EDGE('',*,*,#1420,.F.);
#2015=ORIENTED_EDGE('',*,*,#1431,.F.);
#2016=ORIENTED_EDGE('',*,*,#1464,.T.);
#2017=ORIENTED_EDGE('',*,*,#1468,.F.);
#2018=ORIENTED_EDGE('',*,*,#1469,.T.);
#2019=ORIENTED_EDGE('',*,*,#1470,.F.);
#2020=ORIENTED_EDGE('',*,*,#1381,.F.);
#2021=ORIENTED_EDGE('',*,*,#1471,.F.);
#2022=ORIENTED_EDGE('',*,*,#1472,.T.);
#2023=ORIENTED_EDGE('',*,*,#1473,.F.);
#2024=ORIENTED_EDGE('',*,*,#1466,.T.);
#2025=ORIENTED_EDGE('',*,*,#1474,.F.);
#2026=ORIENTED_EDGE('',*,*,#1439,.T.);
#2027=ORIENTED_EDGE('',*,*,#1475,.T.);
#2028=ORIENTED_EDGE('',*,*,#1446,.F.);
#2029=ORIENTED_EDGE('',*,*,#1440,.T.);
#2030=ORIENTED_EDGE('',*,*,#1476,.T.);
#2031=ORIENTED_EDGE('',*,*,#1477,.F.);
#2032=ORIENTED_EDGE('',*,*,#1411,.T.);
#2033=ORIENTED_EDGE('',*,*,#1478,.F.);
#2034=ORIENTED_EDGE('',*,*,#1479,.T.);
#2035=ORIENTED_EDGE('',*,*,#1480,.F.);
#2036=ORIENTED_EDGE('',*,*,#1457,.F.);
#2037=ORIENTED_EDGE('',*,*,#1481,.F.);
#2038=ORIENTED_EDGE('',*,*,#1479,.F.);
#2039=ORIENTED_EDGE('',*,*,#1475,.F.);
#2040=ORIENTED_EDGE('',*,*,#1481,.T.);
#2041=ORIENTED_EDGE('',*,*,#1456,.F.);
#2042=ORIENTED_EDGE('',*,*,#1452,.T.);
#2043=ORIENTED_EDGE('',*,*,#1482,.F.);
#2044=ORIENTED_EDGE('',*,*,#1447,.T.);
#2045=ORIENTED_EDGE('',*,*,#1442,.F.);
#2046=ORIENTED_EDGE('',*,*,#1450,.F.);
#2047=ORIENTED_EDGE('',*,*,#1483,.T.);
#2048=ORIENTED_EDGE('',*,*,#1454,.T.);
#2049=ORIENTED_EDGE('',*,*,#1484,.F.);
#2050=ORIENTED_EDGE('',*,*,#1483,.F.);
#2051=ORIENTED_EDGE('',*,*,#1449,.T.);
#2052=ORIENTED_EDGE('',*,*,#1485,.T.);
#2053=ORIENTED_EDGE('',*,*,#1455,.T.);
#2054=ORIENTED_EDGE('',*,*,#1482,.T.);
#2055=ORIENTED_EDGE('',*,*,#1451,.F.);
#2056=ORIENTED_EDGE('',*,*,#1485,.F.);
#2057=ORIENTED_EDGE('',*,*,#1448,.F.);
#2058=ORIENTED_EDGE('',*,*,#1427,.F.);
#2059=ORIENTED_EDGE('',*,*,#1433,.F.);
#2060=ORIENTED_EDGE('',*,*,#1438,.T.);
#2061=ORIENTED_EDGE('',*,*,#1486,.T.);
#2062=ORIENTED_EDGE('',*,*,#1429,.F.);
#2063=ORIENTED_EDGE('',*,*,#1487,.T.);
#2064=ORIENTED_EDGE('',*,*,#1436,.F.);
#2065=ORIENTED_EDGE('',*,*,#1488,.F.);
#2066=ORIENTED_EDGE('',*,*,#1489,.T.);
#2067=ORIENTED_EDGE('',*,*,#1365,.T.);
#2068=ORIENTED_EDGE('',*,*,#1490,.T.);
#2069=ORIENTED_EDGE('',*,*,#1491,.T.);
#2070=ORIENTED_EDGE('',*,*,#1492,.T.);
#2071=ORIENTED_EDGE('',*,*,#1493,.T.);
#2072=ORIENTED_EDGE('',*,*,#1366,.T.);
#2073=ORIENTED_EDGE('',*,*,#1489,.F.);
#2074=ORIENTED_EDGE('',*,*,#1494,.T.);
#2075=ORIENTED_EDGE('',*,*,#1491,.F.);
#2076=ORIENTED_EDGE('',*,*,#1495,.T.);
#2077=ORIENTED_EDGE('',*,*,#1496,.T.);
#2078=ORIENTED_EDGE('',*,*,#1494,.F.);
#2079=ORIENTED_EDGE('',*,*,#1490,.F.);
#2080=ORIENTED_EDGE('',*,*,#1364,.T.);
#2081=ORIENTED_EDGE('',*,*,#1497,.T.);
#2082=ORIENTED_EDGE('',*,*,#1498,.T.);
#2083=ORIENTED_EDGE('',*,*,#1495,.F.);
#2084=ORIENTED_EDGE('',*,*,#1414,.T.);
#2085=ORIENTED_EDGE('',*,*,#1460,.T.);
#2086=ORIENTED_EDGE('',*,*,#1386,.F.);
#2087=ORIENTED_EDGE('',*,*,#1499,.T.);
#2088=ORIENTED_EDGE('',*,*,#1461,.T.);
#2089=ORIENTED_EDGE('',*,*,#1412,.T.);
#2090=ORIENTED_EDGE('',*,*,#1477,.T.);
#2091=ORIENTED_EDGE('',*,*,#1500,.T.);
#2092=ORIENTED_EDGE('',*,*,#1408,.T.);
#2093=ORIENTED_EDGE('',*,*,#1501,.T.);
#2094=ORIENTED_EDGE('',*,*,#1388,.F.);
#2095=ORIENTED_EDGE('',*,*,#1459,.T.);
#2096=ORIENTED_EDGE('',*,*,#1480,.T.);
#2097=ORIENTED_EDGE('',*,*,#1478,.T.);
#2098=ORIENTED_EDGE('',*,*,#1410,.T.);
#2099=ORIENTED_EDGE('',*,*,#1458,.T.);
#2100=ORIENTED_EDGE('',*,*,#1484,.T.);
#2101=ORIENTED_EDGE('',*,*,#1502,.T.);
#2102=ORIENTED_EDGE('',*,*,#1503,.T.);
#2103=ORIENTED_EDGE('',*,*,#1504,.T.);
#2104=ORIENTED_EDGE('',*,*,#1502,.F.);
#2105=ORIENTED_EDGE('',*,*,#1505,.T.);
#2106=ORIENTED_EDGE('',*,*,#1506,.T.);
#2107=ORIENTED_EDGE('',*,*,#1503,.F.);
#2108=ORIENTED_EDGE('',*,*,#1504,.F.);
#2109=ORIENTED_EDGE('',*,*,#1506,.F.);
#2110=ORIENTED_EDGE('',*,*,#1467,.T.);
#2111=ORIENTED_EDGE('',*,*,#1473,.T.);
#2112=ORIENTED_EDGE('',*,*,#1507,.T.);
#2113=ORIENTED_EDGE('',*,*,#1421,.T.);
#2114=ORIENTED_EDGE('',*,*,#1508,.T.);
#2115=ORIENTED_EDGE('',*,*,#1471,.T.);
#2116=ORIENTED_EDGE('',*,*,#1380,.F.);
#2117=ORIENTED_EDGE('',*,*,#1509,.T.);
#2118=ORIENTED_EDGE('',*,*,#1510,.T.);
#2119=ORIENTED_EDGE('',*,*,#1511,.T.);
#2120=ORIENTED_EDGE('',*,*,#1382,.F.);
#2121=ORIENTED_EDGE('',*,*,#1470,.T.);
#2122=ORIENTED_EDGE('',*,*,#1463,.T.);
#2123=ORIENTED_EDGE('',*,*,#1423,.T.);
#2124=ORIENTED_EDGE('',*,*,#1512,.T.);
#2125=ORIENTED_EDGE('',*,*,#1468,.T.);
#2126=ORIENTED_EDGE('',*,*,#1474,.T.);
#2127=ORIENTED_EDGE('',*,*,#1465,.T.);
#2128=ORIENTED_EDGE('',*,*,#1419,.F.);
#2129=ORIENTED_EDGE('',*,*,#1430,.T.);
#2130=ORIENTED_EDGE('',*,*,#1488,.T.);
#2131=ORIENTED_EDGE('',*,*,#1435,.F.);
#2132=ORIENTED_EDGE('',*,*,#1500,.F.);
#2133=ORIENTED_EDGE('',*,*,#1476,.F.);
#2134=ORIENTED_EDGE('',*,*,#1445,.F.);
#2135=ORIENTED_EDGE('',*,*,#1462,.F.);
#2136=ORIENTED_EDGE('',*,*,#1513,.T.);
#2137=ORIENTED_EDGE('',*,*,#1428,.F.);
#2138=ORIENTED_EDGE('',*,*,#1486,.F.);
#2139=ORIENTED_EDGE('',*,*,#1437,.F.);
#2140=ORIENTED_EDGE('',*,*,#1487,.F.);
#2141=ORIENTED_EDGE('',*,*,#1514,.T.);
#2142=ORIENTED_EDGE('',*,*,#1515,.T.);
#2143=ORIENTED_EDGE('',*,*,#1516,.F.);
#2144=ORIENTED_EDGE('',*,*,#1517,.F.);
#2145=ORIENTED_EDGE('',*,*,#1515,.F.);
#2146=ORIENTED_EDGE('',*,*,#1513,.F.);
#2147=ORIENTED_EDGE('',*,*,#1518,.T.);
#2148=ORIENTED_EDGE('',*,*,#1516,.T.);
#2149=ORIENTED_EDGE('',*,*,#1517,.T.);
#2150=ORIENTED_EDGE('',*,*,#1518,.F.);
#2151=ORIENTED_EDGE('',*,*,#1402,.T.);
#2152=ORIENTED_EDGE('',*,*,#1400,.F.);
#2153=ORIENTED_EDGE('',*,*,#1393,.T.);
#2154=ORIENTED_EDGE('',*,*,#1349,.F.);
#2155=ORIENTED_EDGE('',*,*,#1378,.F.);
#2156=ORIENTED_EDGE('',*,*,#1375,.T.);
#2157=ORIENTED_EDGE('',*,*,#1370,.F.);
#2158=ORIENTED_EDGE('',*,*,#1373,.F.);
#2159=ORIENTED_EDGE('',*,*,#1360,.T.);
#2160=ORIENTED_EDGE('',*,*,#1514,.F.);
#2161=ORIENTED_EDGE('',*,*,#1505,.F.);
#2162=ORIENTED_EDGE('',*,*,#1519,.T.);
#2163=ORIENTED_EDGE('',*,*,#1397,.F.);
#2164=ORIENTED_EDGE('',*,*,#1406,.F.);
#2165=ORIENTED_EDGE('',*,*,#1520,.T.);
#2166=ORIENTED_EDGE('',*,*,#1521,.T.);
#2167=ORIENTED_EDGE('',*,*,#1416,.T.);
#2168=ORIENTED_EDGE('',*,*,#1398,.F.);
#2169=ORIENTED_EDGE('',*,*,#1519,.F.);
#2170=ORIENTED_EDGE('',*,*,#1522,.T.);
#2171=ORIENTED_EDGE('',*,*,#1520,.F.);
#2172=ORIENTED_EDGE('',*,*,#1405,.F.);
#2173=ORIENTED_EDGE('',*,*,#1523,.T.);
#2174=ORIENTED_EDGE('',*,*,#1522,.F.);
#2175=ORIENTED_EDGE('',*,*,#1352,.F.);
#2176=ORIENTED_EDGE('',*,*,#1415,.T.);
#2177=ORIENTED_EDGE('',*,*,#1499,.F.);
#2178=ORIENTED_EDGE('',*,*,#1385,.F.);
#2179=ORIENTED_EDGE('',*,*,#1501,.F.);
#2180=ORIENTED_EDGE('',*,*,#1407,.T.);
#2181=ORIENTED_EDGE('',*,*,#1356,.F.);
#2182=ORIENTED_EDGE('',*,*,#1389,.F.);
#2183=ORIENTED_EDGE('',*,*,#1417,.T.);
#2184=ORIENTED_EDGE('',*,*,#1521,.F.);
#2185=ORIENTED_EDGE('',*,*,#1523,.F.);
#2186=ORIENTED_EDGE('',*,*,#1404,.F.);
#2187=ORIENTED_EDGE('',*,*,#1345,.T.);
#2188=ORIENTED_EDGE('',*,*,#1524,.T.);
#2189=ORIENTED_EDGE('',*,*,#1510,.F.);
#2190=ORIENTED_EDGE('',*,*,#1469,.F.);
#2191=ORIENTED_EDGE('',*,*,#1512,.F.);
#2192=ORIENTED_EDGE('',*,*,#1422,.F.);
#2193=ORIENTED_EDGE('',*,*,#1507,.F.);
#2194=ORIENTED_EDGE('',*,*,#1472,.F.);
#2195=ORIENTED_EDGE('',*,*,#1508,.F.);
#2196=ORIENTED_EDGE('',*,*,#1525,.T.);
#2197=ORIENTED_EDGE('',*,*,#1339,.T.);
#2198=ORIENTED_EDGE('',*,*,#1367,.T.);
#2199=ORIENTED_EDGE('',*,*,#1493,.F.);
#2200=ORIENTED_EDGE('',*,*,#1526,.T.);
#2201=ORIENTED_EDGE('',*,*,#1497,.F.);
#2202=ORIENTED_EDGE('',*,*,#1363,.T.);
#2203=ORIENTED_EDGE('',*,*,#1511,.F.);
#2204=ORIENTED_EDGE('',*,*,#1524,.F.);
#2205=ORIENTED_EDGE('',*,*,#1344,.F.);
#2206=ORIENTED_EDGE('',*,*,#1383,.F.);
#2207=ORIENTED_EDGE('',*,*,#1526,.F.);
#2208=ORIENTED_EDGE('',*,*,#1492,.F.);
#2209=ORIENTED_EDGE('',*,*,#1496,.F.);
#2210=ORIENTED_EDGE('',*,*,#1498,.F.);
#2211=ORIENTED_EDGE('',*,*,#1340,.F.);
#2212=ORIENTED_EDGE('',*,*,#1525,.F.);
#2213=ORIENTED_EDGE('',*,*,#1509,.F.);
#2214=ORIENTED_EDGE('',*,*,#1379,.F.);
#2215=PLANE('',#2461);
#2216=PLANE('',#2465);
#2217=PLANE('',#2466);
#2218=PLANE('',#2467);
#2219=PLANE('',#2468);
#2220=PLANE('',#2469);
#2221=PLANE('',#2470);
#2222=PLANE('',#2474);
#2223=PLANE('',#2475);
#2224=PLANE('',#2476);
#2225=PLANE('',#2477);
#2226=PLANE('',#2478);
#2227=PLANE('',#2479);
#2228=PLANE('',#2480);
#2229=PLANE('',#2481);
#2230=PLANE('',#2483);
#2231=PLANE('',#2484);
#2232=PLANE('',#2485);
#2233=PLANE('',#2492);
#2234=PLANE('',#2499);
#2235=PLANE('',#2502);
#2236=PLANE('',#2506);
#2237=PLANE('',#2510);
#2238=PLANE('',#2516);
#2239=PLANE('',#2517);
#2240=PLANE('',#2518);
#2241=PLANE('',#2519);
#2242=PLANE('',#2521);
#2243=PLANE('',#2522);
#2244=PLANE('',#2523);
#2245=PLANE('',#2524);
#2246=PLANE('',#2525);
#2247=PLANE('',#2527);
#2248=PLANE('',#2528);
#2249=PLANE('',#2530);
#2250=PLANE('',#2531);
#2251=PLANE('',#2532);
#2252=PLANE('',#2534);
#2253=PLANE('',#2535);
#2254=PLANE('',#2536);
#2255=PLANE('',#2537);
#2256=PLANE('',#2538);
#2257=PLANE('',#2539);
#2258=PLANE('',#2540);
#2259=PLANE('',#2541);
#2260=PLANE('',#2542);
#2261=PLANE('',#2543);
#2262=PLANE('',#2544);
#2263=PLANE('',#2545);
#2264=PLANE('',#2546);
#2265=PLANE('',#2547);
#2266=PLANE('',#2548);
#2267=PLANE('',#2549);
#2268=PLANE('',#2550);
#2269=PLANE('',#2560);
#2270=PLANE('',#2562);
#2271=PLANE('',#2565);
#2272=PLANE('',#2566);
#2273=PLANE('',#2567);
#2274=PLANE('',#2568);
#2275=PLANE('',#2569);
#2276=PLANE('',#2570);
#2277=PLANE('',#2571);
#2278=PLANE('',#2572);
#2279=PLANE('',#2573);
#2280=PLANE('',#2574);
#2281=PLANE('',#2575);
#2282=PLANE('',#2576);
#2283=PLANE('',#2577);
#2284=PLANE('',#2578);
#2285=PLANE('',#2579);
#2286=PLANE('',#2580);
#2287=PLANE('',#2581);
#2288=PLANE('',#2582);
#2289=PLANE('',#2583);
#2290=PLANE('',#2585);
#2291=PLANE('',#2586);
#2292=PLANE('',#2587);
#2293=PLANE('',#2588);
#2294=PLANE('',#2589);
#2295=PLANE('',#2590);
#2296=PLANE('',#2591);
#2297=PLANE('',#2592);
#2298=PLANE('',#2593);
#2299=PLANE('',#2594);
#2300=PLANE('',#2595);
#2301=PLANE('',#2601);
#2302=PLANE('',#2602);
#2303=PLANE('',#2603);
#2304=PLANE('',#2604);
#2305=PLANE('',#2605);
#2306=PLANE('',#2606);
#2307=PLANE('',#2607);
#2308=PLANE('',#2614);
#2309=PLANE('',#2615);
#2310=PLANE('',#2616);
#2311=PLANE('',#2617);
#2312=PLANE('',#2618);
#2313=PLANE('',#2619);
#2314=PLANE('',#2620);
#2315=PLANE('',#2621);
#2316=PLANE('',#2622);
#2317=PLANE('',#2623);
#2318=PLANE('',#2624);
#2319=ADVANCED_FACE('',(#91),#2215,.T.);
#2320=ADVANCED_FACE('',(#92),#73,.T.);
#2321=ADVANCED_FACE('',(#93),#2216,.T.);
#2322=ADVANCED_FACE('',(#94),#2217,.T.);
#2323=ADVANCED_FACE('',(#95),#2218,.T.);
#2324=ADVANCED_FACE('',(#96),#2219,.T.);
#2325=ADVANCED_FACE('',(#97),#2220,.T.);
#2326=ADVANCED_FACE('',(#98),#2221,.T.);
#2327=ADVANCED_FACE('',(#99),#74,.T.);
#2328=ADVANCED_FACE('',(#100),#2222,.T.);
#2329=ADVANCED_FACE('',(#101),#2223,.T.);
#2330=ADVANCED_FACE('',(#102),#2224,.T.);
#2331=ADVANCED_FACE('',(#103),#2225,.T.);
#2332=ADVANCED_FACE('',(#104),#2226,.T.);
#2333=ADVANCED_FACE('',(#105),#2227,.T.);
#2334=ADVANCED_FACE('',(#106),#2228,.T.);
#2335=ADVANCED_FACE('',(#107),#2229,.T.);
#2336=ADVANCED_FACE('',(#108),#2230,.T.);
#2337=ADVANCED_FACE('',(#109),#2231,.T.);
#2338=ADVANCED_FACE('',(#110),#2232,.T.);
#2339=ADVANCED_FACE('',(#111),#75,.F.);
#2340=ADVANCED_FACE('',(#112),#2233,.T.);
#2341=ADVANCED_FACE('',(#113),#76,.F.);
#2342=ADVANCED_FACE('',(#114),#2234,.T.);
#2343=ADVANCED_FACE('',(#115),#77,.T.);
#2344=ADVANCED_FACE('',(#116),#2235,.T.);
#2345=ADVANCED_FACE('',(#117),#78,.T.);
#2346=ADVANCED_FACE('',(#118),#2236,.T.);
#2347=ADVANCED_FACE('',(#119),#2237,.T.);
#2348=ADVANCED_FACE('',(#120),#79,.F.);
#2349=ADVANCED_FACE('',(#121),#80,.F.);
#2350=ADVANCED_FACE('',(#122),#2238,.T.);
#2351=ADVANCED_FACE('',(#123),#2239,.T.);
#2352=ADVANCED_FACE('',(#124),#2240,.T.);
#2353=ADVANCED_FACE('',(#125),#2241,.T.);
#2354=ADVANCED_FACE('',(#126),#81,.T.);
#2355=ADVANCED_FACE('',(#127),#2242,.T.);
#2356=ADVANCED_FACE('',(#128),#2243,.T.);
#2357=ADVANCED_FACE('',(#129),#2244,.T.);
#2358=ADVANCED_FACE('',(#130),#2245,.T.);
#2359=ADVANCED_FACE('',(#131),#2246,.T.);
#2360=ADVANCED_FACE('',(#132),#82,.T.);
#2361=ADVANCED_FACE('',(#133),#2247,.T.);
#2362=ADVANCED_FACE('',(#134),#2248,.T.);
#2363=ADVANCED_FACE('',(#135),#83,.T.);
#2364=ADVANCED_FACE('',(#136),#2249,.T.);
#2365=ADVANCED_FACE('',(#137),#2250,.T.);
#2366=ADVANCED_FACE('',(#138),#2251,.T.);
#2367=ADVANCED_FACE('',(#139),#84,.T.);
#2368=ADVANCED_FACE('',(#140),#2252,.T.);
#2369=ADVANCED_FACE('',(#141),#2253,.T.);
#2370=ADVANCED_FACE('',(#142),#2254,.T.);
#2371=ADVANCED_FACE('',(#143),#2255,.T.);
#2372=ADVANCED_FACE('',(#144),#2256,.T.);
#2373=ADVANCED_FACE('',(#145),#2257,.T.);
#2374=ADVANCED_FACE('',(#146),#2258,.T.);
#2375=ADVANCED_FACE('',(#147),#2259,.T.);
#2376=ADVANCED_FACE('',(#148),#2260,.T.);
#2377=ADVANCED_FACE('',(#149),#2261,.T.);
#2378=ADVANCED_FACE('',(#150),#2262,.T.);
#2379=ADVANCED_FACE('',(#151),#2263,.T.);
#2380=ADVANCED_FACE('',(#152),#2264,.T.);
#2381=ADVANCED_FACE('',(#153),#2265,.T.);
#2382=ADVANCED_FACE('',(#154),#2266,.T.);
#2383=ADVANCED_FACE('',(#155),#2267,.T.);
#2384=ADVANCED_FACE('',(#156),#2268,.T.);
#2385=ADVANCED_FACE('',(#157),#85,.T.);
#2386=ADVANCED_FACE('',(#158),#86,.F.);
#2387=ADVANCED_FACE('',(#159),#87,.T.);
#2388=ADVANCED_FACE('',(#160),#2269,.T.);
#2389=ADVANCED_FACE('',(#161),#2270,.T.);
#2390=ADVANCED_FACE('',(#162),#88,.T.);
#2391=ADVANCED_FACE('',(#163),#2271,.T.);
#2392=ADVANCED_FACE('',(#164),#2272,.T.);
#2393=ADVANCED_FACE('',(#165),#2273,.T.);
#2394=ADVANCED_FACE('',(#166),#2274,.T.);
#2395=ADVANCED_FACE('',(#167),#2275,.T.);
#2396=ADVANCED_FACE('',(#168),#2276,.T.);
#2397=ADVANCED_FACE('',(#169),#2277,.T.);
#2398=ADVANCED_FACE('',(#170),#2278,.T.);
#2399=ADVANCED_FACE('',(#171),#2279,.T.);
#2400=ADVANCED_FACE('',(#172),#2280,.T.);
#2401=ADVANCED_FACE('',(#173),#2281,.T.);
#2402=ADVANCED_FACE('',(#174),#2282,.T.);
#2403=ADVANCED_FACE('',(#175),#2283,.T.);
#2404=ADVANCED_FACE('',(#176),#2284,.T.);
#2405=ADVANCED_FACE('',(#177),#2285,.T.);
#2406=ADVANCED_FACE('',(#178),#2286,.T.);
#2407=ADVANCED_FACE('',(#179),#2287,.T.);
#2408=ADVANCED_FACE('',(#180),#2288,.T.);
#2409=ADVANCED_FACE('',(#181,#21),#2289,.T.);
#2410=ADVANCED_FACE('',(#182),#2290,.T.);
#2411=ADVANCED_FACE('',(#183),#2291,.T.);
#2412=ADVANCED_FACE('',(#184),#2292,.T.);
#2413=ADVANCED_FACE('',(#185),#2293,.T.);
#2414=ADVANCED_FACE('',(#186),#2294,.T.);
#2415=ADVANCED_FACE('',(#187),#2295,.T.);
#2416=ADVANCED_FACE('',(#188),#2296,.T.);
#2417=ADVANCED_FACE('',(#189),#2297,.T.);
#2418=ADVANCED_FACE('',(#190),#2298,.T.);
#2419=ADVANCED_FACE('',(#191),#2299,.T.);
#2420=ADVANCED_FACE('',(#192),#2300,.T.);
#2421=ADVANCED_FACE('',(#193),#19,.T.);
#2422=ADVANCED_FACE('',(#194),#89,.T.);
#2423=ADVANCED_FACE('',(#195),#2301,.T.);
#2424=ADVANCED_FACE('',(#196),#2302,.T.);
#2425=ADVANCED_FACE('',(#197),#2303,.T.);
#2426=ADVANCED_FACE('',(#198),#2304,.T.);
#2427=ADVANCED_FACE('',(#199),#2305,.T.);
#2428=ADVANCED_FACE('',(#200),#2306,.T.);
#2429=ADVANCED_FACE('',(#201,#22),#2307,.T.);
#2430=ADVANCED_FACE('',(#202),#90,.T.);
#2431=ADVANCED_FACE('',(#203),#20,.T.);
#2432=ADVANCED_FACE('',(#204,#23,#24),#2308,.T.);
#2433=ADVANCED_FACE('',(#205),#2309,.T.);
#2434=ADVANCED_FACE('',(#206),#2310,.T.);
#2435=ADVANCED_FACE('',(#207),#2311,.T.);
#2436=ADVANCED_FACE('',(#208),#2312,.T.);
#2437=ADVANCED_FACE('',(#209),#2313,.T.);
#2438=ADVANCED_FACE('',(#210),#2314,.T.);
#2439=ADVANCED_FACE('',(#211),#2315,.T.);
#2440=ADVANCED_FACE('',(#212),#2316,.T.);
#2441=ADVANCED_FACE('',(#213),#2317,.T.);
#2442=ADVANCED_FACE('',(#214),#2318,.T.);
#2443=CLOSED_SHELL('',(#2319,#2320,#2321,#2322,#2323,#2324));
#2444=CLOSED_SHELL('',(#2325,#2326,#2327,#2328,#2329,#2330));
#2445=CLOSED_SHELL('',(#2331,#2332,#2333,#2334,#2335,#2336,#2337,#2338,
#2339,#2340,#2341,#2342,#2343,#2344,#2345,#2346,#2347,#2348,#2349,#2350,
#2351,#2352,#2353,#2354,#2355,#2356,#2357,#2358,#2359,#2360,#2361,#2362,
#2363,#2364,#2365,#2366,#2367,#2368,#2369,#2370,#2371,#2372,#2373,#2374,
#2375,#2376,#2377));
#2446=CLOSED_SHELL('',(#2378,#2379,#2380,#2381,#2382,#2383,#2384,#2385,
#2386,#2387,#2388,#2389,#2390,#2391,#2392,#2393,#2394,#2395,#2396,#2397,
#2398,#2399,#2400,#2401,#2402,#2403,#2404,#2405,#2406,#2407,#2408,#2409,
#2410,#2411,#2412,#2413,#2414,#2415,#2416,#2417,#2418,#2419,#2420,#2421,
#2422,#2423,#2424,#2425,#2426,#2427,#2428,#2429,#2430,#2431,#2432,#2433,
#2434,#2435,#2436,#2437,#2438,#2439,#2440,#2441,#2442));
#2447=DERIVED_UNIT_ELEMENT(#2449,1.);
#2448=DERIVED_UNIT_ELEMENT(#3974,-3.);
#2449=(
MASS_UNIT()
NAMED_UNIT(*)
SI_UNIT(.KILO.,.GRAM.)
);
#2450=DERIVED_UNIT((#2447,#2448));
#2451=MEASURE_REPRESENTATION_ITEM('density measure',
POSITIVE_RATIO_MEASURE(2700.),#2450);
#2452=PROPERTY_DEFINITION_REPRESENTATION(#2457,#2454);
#2453=PROPERTY_DEFINITION_REPRESENTATION(#2458,#2455);
#2454=REPRESENTATION('material name',(#2456),#3971);
#2455=REPRESENTATION('density',(#2451),#3971);
#2456=DESCRIPTIVE_REPRESENTATION_ITEM('Aluminum','Aluminum');
#2457=PROPERTY_DEFINITION('material property','material name',#3987);
#2458=PROPERTY_DEFINITION('material property','density of part',#3987);
#2459=AXIS2_PLACEMENT_3D('',#3267,#2627,#2628);
#2460=AXIS2_PLACEMENT_3D('',#3268,#2629,#2630);
#2461=AXIS2_PLACEMENT_3D('',#3269,#2631,#2632);
#2462=AXIS2_PLACEMENT_3D('',#3277,#2636,#2637);
#2463=AXIS2_PLACEMENT_3D('',#3278,#2638,#2639);
#2464=AXIS2_PLACEMENT_3D('',#3283,#2642,#2643);
#2465=AXIS2_PLACEMENT_3D('',#3284,#2644,#2645);
#2466=AXIS2_PLACEMENT_3D('',#3290,#2649,#2650);
#2467=AXIS2_PLACEMENT_3D('',#3292,#2652,#2653);
#2468=AXIS2_PLACEMENT_3D('',#3294,#2655,#2656);
#2469=AXIS2_PLACEMENT_3D('',#3295,#2657,#2658);
#2470=AXIS2_PLACEMENT_3D('',#3304,#2663,#2664);
#2471=AXIS2_PLACEMENT_3D('',#3306,#2665,#2666);
#2472=AXIS2_PLACEMENT_3D('',#3310,#2669,#2670);
#2473=AXIS2_PLACEMENT_3D('',#3312,#2671,#2672);
#2474=AXIS2_PLACEMENT_3D('',#3314,#2674,#2675);
#2475=AXIS2_PLACEMENT_3D('',#3318,#2678,#2679);
#2476=AXIS2_PLACEMENT_3D('',#3320,#2681,#2682);
#2477=AXIS2_PLACEMENT_3D('',#3321,#2683,#2684);
#2478=AXIS2_PLACEMENT_3D('',#3338,#2693,#2694);
#2479=AXIS2_PLACEMENT_3D('',#3344,#2698,#2699);
#2480=AXIS2_PLACEMENT_3D('',#3350,#2703,#2704);
#2481=AXIS2_PLACEMENT_3D('',#3356,#2708,#2709);
#2482=AXIS2_PLACEMENT_3D('',#3362,#2712,#2713);
#2483=AXIS2_PLACEMENT_3D('',#3364,#2715,#2716);
#2484=AXIS2_PLACEMENT_3D('',#3373,#2721,#2722);
#2485=AXIS2_PLACEMENT_3D('',#3382,#2727,#2728);
#2486=AXIS2_PLACEMENT_3D('',#3391,#2732,#2733);
#2487=AXIS2_PLACEMENT_3D('',#3399,#2737,#2738);
#2488=AXIS2_PLACEMENT_3D('',#3410,#2744,#2745);
#2489=AXIS2_PLACEMENT_3D('',#3411,#2746,#2747);
#2490=AXIS2_PLACEMENT_3D('',#3414,#2748,#2749);
#2491=AXIS2_PLACEMENT_3D('',#3418,#2751,#2752);
#2492=AXIS2_PLACEMENT_3D('',#3420,#2754,#2755);
#2493=AXIS2_PLACEMENT_3D('',#3425,#2757,#2758);
#2494=AXIS2_PLACEMENT_3D('',#3437,#2764,#2765);
#2495=AXIS2_PLACEMENT_3D('',#3444,#2769,#2770);
#2496=AXIS2_PLACEMENT_3D('',#3448,#2773,#2774);
#2497=AXIS2_PLACEMENT_3D('',#3451,#2775,#2776);
#2498=AXIS2_PLACEMENT_3D('',#3455,#2778,#2779);
#2499=AXIS2_PLACEMENT_3D('',#3457,#2781,#2782);
#2500=AXIS2_PLACEMENT_3D('',#3459,#2784,#2785);
#2501=AXIS2_PLACEMENT_3D('',#3461,#2786,#2787);
#2502=AXIS2_PLACEMENT_3D('',#3463,#2789,#2790);
#2503=AXIS2_PLACEMENT_3D('',#3468,#2793,#2794);
#2504=AXIS2_PLACEMENT_3D('',#3470,#2796,#2797);
#2505=AXIS2_PLACEMENT_3D('',#3472,#2798,#2799);
#2506=AXIS2_PLACEMENT_3D('',#3474,#2801,#2802);
#2507=AXIS2_PLACEMENT_3D('',#3485,#2807,#2808);
#2508=AXIS2_PLACEMENT_3D('',#3492,#2812,#2813);
#2509=AXIS2_PLACEMENT_3D('',#3497,#2816,#2817);
#2510=AXIS2_PLACEMENT_3D('',#3499,#2819,#2820);
#2511=AXIS2_PLACEMENT_3D('',#3506,#2823,#2824);
#2512=AXIS2_PLACEMENT_3D('',#3511,#2827,#2828);
#2513=AXIS2_PLACEMENT_3D('',#3518,#2832,#2833);
#2514=AXIS2_PLACEMENT_3D('',#3524,#2837,#2838);
#2515=AXIS2_PLACEMENT_3D('',#3527,#2841,#2842);
#2516=AXIS2_PLACEMENT_3D('',#3530,#2845,#2846);
#2517=AXIS2_PLACEMENT_3D('',#3532,#2848,#2849);
#2518=AXIS2_PLACEMENT_3D('',#3534,#2851,#2852);
#2519=AXIS2_PLACEMENT_3D('',#3537,#2855,#2856);
#2520=AXIS2_PLACEMENT_3D('',#3539,#2858,#2859);
#2521=AXIS2_PLACEMENT_3D('',#3541,#2861,#2862);
#2522=AXIS2_PLACEMENT_3D('',#3543,#2864,#2865);
#2523=AXIS2_PLACEMENT_3D('',#3546,#2868,#2869);
#2524=AXIS2_PLACEMENT_3D('',#3548,#2871,#2872);
#2525=AXIS2_PLACEMENT_3D('',#3550,#2874,#2875);
#2526=AXIS2_PLACEMENT_3D('',#3552,#2877,#2878);
#2527=AXIS2_PLACEMENT_3D('',#3554,#2880,#2881);
#2528=AXIS2_PLACEMENT_3D('',#3555,#2882,#2883);
#2529=AXIS2_PLACEMENT_3D('',#3557,#2885,#2886);
#2530=AXIS2_PLACEMENT_3D('',#3559,#2888,#2889);
#2531=AXIS2_PLACEMENT_3D('',#3561,#2891,#2892);
#2532=AXIS2_PLACEMENT_3D('',#3564,#2895,#2896);
#2533=AXIS2_PLACEMENT_3D('',#3568,#2900,#2901);
#2534=AXIS2_PLACEMENT_3D('',#3569,#2902,#2903);
#2535=AXIS2_PLACEMENT_3D('',#3570,#2904,#2905);
#2536=AXIS2_PLACEMENT_3D('',#3571,#2906,#2907);
#2537=AXIS2_PLACEMENT_3D('',#3573,#2909,#2910);
#2538=AXIS2_PLACEMENT_3D('',#3576,#2913,#2914);
#2539=AXIS2_PLACEMENT_3D('',#3577,#2915,#2916);
#2540=AXIS2_PLACEMENT_3D('',#3580,#2919,#2920);
#2541=AXIS2_PLACEMENT_3D('',#3582,#2922,#2923);
#2542=AXIS2_PLACEMENT_3D('',#3583,#2924,#2925);
#2543=AXIS2_PLACEMENT_3D('',#3584,#2926,#2927);
#2544=AXIS2_PLACEMENT_3D('',#3585,#2928,#2929);
#2545=AXIS2_PLACEMENT_3D('',#3594,#2934,#2935);
#2546=AXIS2_PLACEMENT_3D('',#3603,#2940,#2941);
#2547=AXIS2_PLACEMENT_3D('',#3612,#2946,#2947);
#2548=AXIS2_PLACEMENT_3D('',#3621,#2952,#2953);
#2549=AXIS2_PLACEMENT_3D('',#3630,#2958,#2959);
#2550=AXIS2_PLACEMENT_3D('',#3649,#2970,#2971);
#2551=AXIS2_PLACEMENT_3D('',#3658,#2976,#2977);
#2552=AXIS2_PLACEMENT_3D('',#3659,#2978,#2979);
#2553=AXIS2_PLACEMENT_3D('',#3660,#2980,#2981);
#2554=AXIS2_PLACEMENT_3D('',#3661,#2982,#2983);
#2555=AXIS2_PLACEMENT_3D('',#3663,#2984,#2985);
#2556=AXIS2_PLACEMENT_3D('',#3665,#2986,#2987);
#2557=AXIS2_PLACEMENT_3D('',#3667,#2989,#2990);
#2558=AXIS2_PLACEMENT_3D('',#3668,#2991,#2992);
#2559=AXIS2_PLACEMENT_3D('',#3669,#2993,#2994);
#2560=AXIS2_PLACEMENT_3D('',#3670,#2995,#2996);
#2561=AXIS2_PLACEMENT_3D('',#3693,#3009,#3010);
#2562=AXIS2_PLACEMENT_3D('',#3695,#3012,#3013);
#2563=AXIS2_PLACEMENT_3D('',#3708,#3021,#3022);
#2564=AXIS2_PLACEMENT_3D('',#3710,#3023,#3024);
#2565=AXIS2_PLACEMENT_3D('',#3712,#3026,#3027);
#2566=AXIS2_PLACEMENT_3D('',#3714,#3029,#3030);
#2567=AXIS2_PLACEMENT_3D('',#3722,#3035,#3036);
#2568=AXIS2_PLACEMENT_3D('',#3743,#3048,#3049);
#2569=AXIS2_PLACEMENT_3D('',#3760,#3058,#3059);
#2570=AXIS2_PLACEMENT_3D('',#3770,#3065,#3066);
#2571=AXIS2_PLACEMENT_3D('',#3778,#3071,#3072);
#2572=AXIS2_PLACEMENT_3D('',#3788,#3078,#3079);
#2573=AXIS2_PLACEMENT_3D('',#3801,#3086,#3087);
#2574=AXIS2_PLACEMENT_3D('',#3811,#3093,#3094);
#2575=AXIS2_PLACEMENT_3D('',#3821,#3100,#3101);
#2576=AXIS2_PLACEMENT_3D('',#3832,#3109,#3110);
#2577=AXIS2_PLACEMENT_3D('',#3836,#3113,#3114);
#2578=AXIS2_PLACEMENT_3D('',#3842,#3118,#3119);
#2579=AXIS2_PLACEMENT_3D('',#3854,#3127,#3128);
#2580=AXIS2_PLACEMENT_3D('',#3863,#3134,#3135);
#2581=AXIS2_PLACEMENT_3D('',#3866,#3138,#3139);
#2582=AXIS2_PLACEMENT_3D('',#3868,#3141,#3142);
#2583=AXIS2_PLACEMENT_3D('',#3870,#3144,#3145);
#2584=AXIS2_PLACEMENT_3D('',#3872,#3146,#3147);
#2585=AXIS2_PLACEMENT_3D('',#3874,#3149,#3150);
#2586=AXIS2_PLACEMENT_3D('',#3875,#3151,#3152);
#2587=AXIS2_PLACEMENT_3D('',#3877,#3154,#3155);
#2588=AXIS2_PLACEMENT_3D('',#3880,#3158,#3159);
#2589=AXIS2_PLACEMENT_3D('',#3886,#3163,#3164);
#2590=AXIS2_PLACEMENT_3D('',#3892,#3168,#3169);
#2591=AXIS2_PLACEMENT_3D('',#3896,#3172,#3173);
#2592=AXIS2_PLACEMENT_3D('',#3900,#3176,#3177);
#2593=AXIS2_PLACEMENT_3D('',#3902,#3179,#3180);
#2594=AXIS2_PLACEMENT_3D('',#3904,#3182,#3183);
#2595=AXIS2_PLACEMENT_3D('',#3906,#3185,#3186);
#2596=AXIS2_PLACEMENT_3D('',#3907,#3187,#3188);
#2597=AXIS2_PLACEMENT_3D('',#3911,#3190,#3191);
#2598=AXIS2_PLACEMENT_3D('',#3912,#3192,#3193);
#2599=AXIS2_PLACEMENT_3D('',#3913,#3194,#3195);
#2600=AXIS2_PLACEMENT_3D('',#3915,#3196,#3197);
#2601=AXIS2_PLACEMENT_3D('',#3917,#3199,#3200);
#2602=AXIS2_PLACEMENT_3D('',#3919,#3202,#3203);
#2603=AXIS2_PLACEMENT_3D('',#3923,#3206,#3207);
#2604=AXIS2_PLACEMENT_3D('',#3927,#3210,#3211);
#2605=AXIS2_PLACEMENT_3D('',#3929,#3213,#3214);
#2606=AXIS2_PLACEMENT_3D('',#3930,#3215,#3216);
#2607=AXIS2_PLACEMENT_3D('',#3931,#3217,#3218);
#2608=AXIS2_PLACEMENT_3D('',#3933,#3219,#3220);
#2609=AXIS2_PLACEMENT_3D('',#3934,#3221,#3222);
#2610=AXIS2_PLACEMENT_3D('',#3936,#3223,#3224);
#2611=AXIS2_PLACEMENT_3D('',#3940,#3226,#3227);
#2612=AXIS2_PLACEMENT_3D('',#3941,#3228,#3229);
#2613=AXIS2_PLACEMENT_3D('',#3942,#3230,#3231);
#2614=AXIS2_PLACEMENT_3D('',#3944,#3233,#3234);
#2615=AXIS2_PLACEMENT_3D('',#3945,#3235,#3236);
#2616=AXIS2_PLACEMENT_3D('',#3949,#3239,#3240);
#2617=AXIS2_PLACEMENT_3D('',#3953,#3243,#3244);
#2618=AXIS2_PLACEMENT_3D('',#3955,#3246,#3247);
#2619=AXIS2_PLACEMENT_3D('',#3956,#3248,#3249);
#2620=AXIS2_PLACEMENT_3D('',#3957,#3250,#3251);
#2621=AXIS2_PLACEMENT_3D('',#3958,#3252,#3253);
#2622=AXIS2_PLACEMENT_3D('',#3962,#3257,#3258);
#2623=AXIS2_PLACEMENT_3D('',#3963,#3259,#3260);
#2624=AXIS2_PLACEMENT_3D('',#3964,#3261,#3262);
#2625=AXIS2_PLACEMENT_3D('',#3965,#3263,#3264);
#2626=AXIS2_PLACEMENT_3D('',#3966,#3265,#3266);
#2627=DIRECTION('axis',(0.,0.,1.));
#2628=DIRECTION('refdir',(1.,0.,0.));
#2629=DIRECTION('axis',(0.,0.,1.));
#2630=DIRECTION('refdir',(1.,0.,0.));
#2631=DIRECTION('center_axis',(-0.99654575824488,0.,-0.0830454798537383));
#2632=DIRECTION('ref_axis',(0.,1.,0.));
#2633=DIRECTION('',(0.083045479853709,0.,-0.996545758244882));
#2634=DIRECTION('',(0.,1.,0.));
#2635=DIRECTION('',(-0.0830454798537103,0.,0.996545758244882));
#2636=DIRECTION('center_axis',(-0.99654575824488,0.,-0.0830454798537383));
#2637=DIRECTION('ref_axis',(0.0830454798537383,-4.14895517211E-15,-0.99654575824488));
#2638=DIRECTION('center_axis',(1.,0.,0.));
#2639=DIRECTION('ref_axis',(0.,-1.,4.16333634234433E-15));
#2640=DIRECTION('',(1.,0.,0.));
#2641=DIRECTION('',(-1.,0.,0.));
#2642=DIRECTION('center_axis',(-0.99654575824488,5.53194022948E-17,0.0830454798537383));
#2643=DIRECTION('ref_axis',(-0.0830454798537383,-4.14895517211E-15,-0.99654575824488));
#2644=DIRECTION('center_axis',(0.,0.,-1.));
#2645=DIRECTION('ref_axis',(1.,0.,0.));
#2646=DIRECTION('',(1.,0.,0.));
#2647=DIRECTION('',(0.,-1.,0.));
#2648=DIRECTION('',(-1.,0.,0.));
#2649=DIRECTION('center_axis',(0.,-1.,0.));
#2650=DIRECTION('ref_axis',(0.,0.,1.));
#2651=DIRECTION('',(0.0830454798537228,0.,0.996545758244881));
#2652=DIRECTION('center_axis',(0.99654575824488,-5.53194022948E-17,-0.0830454798537383));
#2653=DIRECTION('ref_axis',(-5.55111512312578E-17,-1.,0.));
#2654=DIRECTION('',(0.0830454798537191,0.,0.996545758244881));
#2655=DIRECTION('center_axis',(0.,1.,0.));
#2656=DIRECTION('ref_axis',(0.,0.,-1.));
#2657=DIRECTION('center_axis',(0.,-1.,0.));
#2658=DIRECTION('ref_axis',(0.,0.,1.));
#2659=DIRECTION('',(-0.083045479853709,0.,0.996545758244882));
#2660=DIRECTION('',(-1.,0.,0.));
#2661=DIRECTION('',(0.0830454798537191,0.,0.996545758244881));
#2662=DIRECTION('',(-1.,0.,0.));
#2663=DIRECTION('center_axis',(-0.99654575824488,6.91492528685E-18,-0.0830454798537383));
#2664=DIRECTION('ref_axis',(6.93889390390722E-18,1.,0.));
#2665=DIRECTION('center_axis',(0.99654575824488,-6.91492528685E-18,0.0830454798537383));
#2666=DIRECTION('ref_axis',(0.0830454798537383,4.14895517211E-15,-0.99654575824488));
#2667=DIRECTION('',(0.0830454798537103,0.,-0.996545758244882));
#2668=DIRECTION('',(0.,1.,0.));
#2669=DIRECTION('center_axis',(-1.,0.,0.));
#2670=DIRECTION('ref_axis',(0.,1.,4.16333634234433E-15));
#2671=DIRECTION('center_axis',(0.99654575824488,0.,-0.0830454798537383));
#2672=DIRECTION('ref_axis',(-0.0830454798537383,4.14895517211E-15,-0.99654575824488));
#2673=DIRECTION('',(1.,0.,0.));
#2674=DIRECTION('center_axis',(0.99654575824488,0.,-0.0830454798537383));
#2675=DIRECTION('ref_axis',(0.,-1.,0.));
#2676=DIRECTION('',(0.,-1.,0.));
#2677=DIRECTION('',(-0.0830454798537228,0.,-0.996545758244881));
#2678=DIRECTION('center_axis',(0.,0.,-1.));
#2679=DIRECTION('ref_axis',(1.,0.,0.));
#2680=DIRECTION('',(1.,0.,0.));
#2681=DIRECTION('center_axis',(0.,1.,0.));
#2682=DIRECTION('ref_axis',(0.,0.,-1.));
#2683=DIRECTION('center_axis',(0.,0.,1.));
#2684=DIRECTION('ref_axis',(-1.,0.,0.));
#2685=DIRECTION('',(0.,1.,0.));
#2686=DIRECTION('',(-1.,0.,0.));
#2687=DIRECTION('',(0.,1.,0.));
#2688=DIRECTION('',(1.,0.,0.));
#2689=DIRECTION('',(0.,1.,0.));
#2690=DIRECTION('',(-1.,0.,0.));
#2691=DIRECTION('',(0.,1.,0.));
#2692=DIRECTION('',(-1.,0.,0.));
#2693=DIRECTION('center_axis',(1.,0.,0.));
#2694=DIRECTION('ref_axis',(0.,-1.,0.));
#2695=DIRECTION('',(0.,0.,-1.));
#2696=DIRECTION('',(0.,1.,0.));
#2697=DIRECTION('',(0.,0.,1.));
#2698=DIRECTION('center_axis',(0.,-1.,0.));
#2699=DIRECTION('ref_axis',(0.,0.,1.));
#2700=DIRECTION('',(0.,0.,-1.));
#2701=DIRECTION('',(-1.,0.,0.));
#2702=DIRECTION('',(-1.,0.,0.));
#2703=DIRECTION('center_axis',(0.,1.,0.));
#2704=DIRECTION('ref_axis',(0.,0.,-1.));
#2705=DIRECTION('',(-1.,0.,0.));
#2706=DIRECTION('',(-1.,0.,0.));
#2707=DIRECTION('',(0.,0.,-1.));
#2708=DIRECTION('center_axis',(1.,0.,0.));
#2709=DIRECTION('ref_axis',(0.,-1.,0.));
#2710=DIRECTION('',(0.,0.,1.));
#2711=DIRECTION('',(0.,-1.,0.));
#2712=DIRECTION('center_axis',(-1.,0.,0.));
#2713=DIRECTION('ref_axis',(0.,-1.,-3.88578058618804E-15));
#2714=DIRECTION('',(0.,-1.,0.));
#2715=DIRECTION('center_axis',(0.,-1.,0.));
#2716=DIRECTION('ref_axis',(0.,0.,1.));
#2717=DIRECTION('',(0.,0.,1.));
#2718=DIRECTION('',(-1.,0.,0.));
#2719=DIRECTION('',(0.,0.,-1.));
#2720=DIRECTION('',(1.,0.,0.));
#2721=DIRECTION('center_axis',(0.,1.,0.));
#2722=DIRECTION('ref_axis',(0.,0.,-1.));
#2723=DIRECTION('',(0.,0.,-1.));
#2724=DIRECTION('',(-1.,0.,0.));
#2725=DIRECTION('',(0.,0.,1.));
#2726=DIRECTION('',(1.,0.,0.));
#2727=DIRECTION('center_axis',(0.,1.,0.));
#2728=DIRECTION('ref_axis',(0.,0.,-1.));
#2729=DIRECTION('',(0.,0.,-1.));
#2730=DIRECTION('',(1.,0.,0.));
#2731=DIRECTION('',(0.,0.,-1.));
#2732=DIRECTION('center_axis',(0.,1.,0.));
#2733=DIRECTION('ref_axis',(3.70074341541718E-15,0.,-1.));
#2734=DIRECTION('',(-1.,0.,-1.03168403736176E-12));
#2735=DIRECTION('',(-1.,0.,9.28524526728128E-12));
#2736=DIRECTION('',(-1.,0.,4.92938272191771E-12));
#2737=DIRECTION('center_axis',(0.,1.,0.));
#2738=DIRECTION('ref_axis',(-1.,0.,-1.38777878078144E-15));
#2739=DIRECTION('',(4.11193712824131E-17,0.,1.));
#2740=DIRECTION('',(1.,0.,8.98338942916561E-16));
#2741=DIRECTION('',(0.,0.,-1.));
#2742=DIRECTION('',(1.,0.,0.));
#2743=DIRECTION('',(-1.53711537852159E-14,-3.20232370525331E-15,1.));
#2744=DIRECTION('center_axis',(2.75429247669638E-15,-1.,2.86834986780625E-15));
#2745=DIRECTION('ref_axis',(1.,2.77555756156291E-15,7.28583859910264E-15));
#2746=DIRECTION('center_axis',(-1.,0.,0.));
#2747=DIRECTION('ref_axis',(0.,-1.,0.));
#2748=DIRECTION('center_axis',(1.,0.,0.));
#2749=DIRECTION('ref_axis',(0.,-1.,0.));
#2750=DIRECTION('',(-1.,0.,0.));
#2751=DIRECTION('center_axis',(-1.,0.,0.));
#2752=DIRECTION('ref_axis',(0.,-1.,0.));
#2753=DIRECTION('',(-1.,0.,0.));
#2754=DIRECTION('center_axis',(0.,-1.,0.));
#2755=DIRECTION('ref_axis',(0.,0.,1.));
#2756=DIRECTION('',(0.,0.,-1.));
#2757=DIRECTION('center_axis',(-2.33379261989292E-15,1.,2.27473084860967E-15));
#2758=DIRECTION('ref_axis',(0.0256273284675221,2.77555756156291E-15,-0.99967156608339));
#2759=DIRECTION('',(-1.53711537852159E-14,0.,-1.));
#2760=DIRECTION('',(-1.,0.,0.));
#2761=DIRECTION('',(0.,0.,1.));
#2762=DIRECTION('',(-1.,0.,8.67361737988403E-16));
#2763=DIRECTION('',(-1.11022302462516E-16,0.,-1.));
#2764=DIRECTION('center_axis',(1.67519717706808E-15,-1.,1.67519717706808E-15));
#2765=DIRECTION('ref_axis',(1.21430643318377E-15,-1.38777878078145E-15,
-1.));
#2766=DIRECTION('',(1.,0.,-4.91762744625567E-12));
#2767=DIRECTION('',(1.,0.,2.78668381266135E-11));
#2768=DIRECTION('',(1.,0.,2.78668381266135E-11));
#2769=DIRECTION('center_axis',(0.,-1.,0.));
#2770=DIRECTION('ref_axis',(1.,0.,-1.61907524424502E-15));
#2771=DIRECTION('',(0.,0.,1.));
#2772=DIRECTION('',(1.,0.,0.));
#2773=DIRECTION('center_axis',(1.,0.,0.));
#2774=DIRECTION('ref_axis',(0.,1.,0.));
#2775=DIRECTION('center_axis',(-1.,0.,0.));
#2776=DIRECTION('ref_axis',(0.,1.,0.));
#2777=DIRECTION('',(-1.,0.,0.));
#2778=DIRECTION('center_axis',(-1.,0.,0.));
#2779=DIRECTION('ref_axis',(0.,1.,0.));
#2780=DIRECTION('',(1.,0.,0.));
#2781=DIRECTION('center_axis',(0.,0.,-1.));
#2782=DIRECTION('ref_axis',(1.,0.,0.));
#2783=DIRECTION('',(0.,-1.,0.));
#2784=DIRECTION('center_axis',(-1.,0.,0.));
#2785=DIRECTION('ref_axis',(0.,-1.,-3.88578058618804E-15));
#2786=DIRECTION('center_axis',(1.,0.,0.));
#2787=DIRECTION('ref_axis',(0.,1.11022302462516E-15,-1.));
#2788=DIRECTION('',(-0.999995132100583,0.00312015922554032,-1.95331758163193E-5));
#2789=DIRECTION('center_axis',(1.,0.,0.));
#2790=DIRECTION('ref_axis',(0.,-1.,0.));
#2791=DIRECTION('',(0.,0.,-1.));
#2792=DIRECTION('',(0.,-1.,0.));
#2793=DIRECTION('center_axis',(-1.,0.,0.));
#2794=DIRECTION('ref_axis',(0.,1.,3.88578058618805E-15));
#2795=DIRECTION('',(0.,-1.,0.));
#2796=DIRECTION('center_axis',(-1.,0.,0.));
#2797=DIRECTION('ref_axis',(0.,1.,3.88578058618805E-15));
#2798=DIRECTION('center_axis',(1.,0.,0.));
#2799=DIRECTION('ref_axis',(0.,0.800000000000001,-0.599999999999999));
#2800=DIRECTION('',(-1.,0.,0.));
#2801=DIRECTION('center_axis',(0.,-1.,0.));
#2802=DIRECTION('ref_axis',(0.,0.,1.));
#2803=DIRECTION('',(-1.,0.,0.));
#2804=DIRECTION('',(0.,0.,1.));
#2805=DIRECTION('',(-1.,0.,-8.98338942916561E-16));
#2806=DIRECTION('',(-2.05596856412066E-17,0.,-1.));
#2807=DIRECTION('center_axis',(1.67519717706808E-15,-1.,1.67519717706808E-15));
#2808=DIRECTION('ref_axis',(-6.93889390390722E-16,-1.38777878078144E-15,
-1.));
#2809=DIRECTION('',(1.,0.,0.));
#2810=DIRECTION('',(0.,0.,-1.));
#2811=DIRECTION('',(1.,0.,0.));
#2812=DIRECTION('center_axis',(0.,-1.,0.));
#2813=DIRECTION('ref_axis',(1.,0.,-1.61907524424502E-15));
#2814=DIRECTION('',(0.,0.,1.));
#2815=DIRECTION('',(0.,0.,-1.));
#2816=DIRECTION('center_axis',(1.62594505606225E-15,1.,-6.59307113003682E-16));
#2817=DIRECTION('ref_axis',(0.025627328467389,-9.25185853854304E-16,-0.999671566083393));
#2818=DIRECTION('',(1.53711537852159E-14,0.,-1.));
#2819=DIRECTION('center_axis',(0.,1.,0.));
#2820=DIRECTION('ref_axis',(0.,0.,-1.));
#2821=DIRECTION('',(1.,0.,0.));
#2822=DIRECTION('',(1.53711537852159E-14,-3.20232370525331E-15,1.));
#2823=DIRECTION('center_axis',(6.42668244562469E-15,-1.,6.69281635821568E-15));
#2824=DIRECTION('ref_axis',(1.,6.47630097698012E-15,5.55111512312582E-15));
#2825=DIRECTION('',(0.,0.,1.));
#2826=DIRECTION('',(0.,0.,-1.));
#2827=DIRECTION('center_axis',(-1.11679811804539E-15,1.,1.1167981180454E-15));
#2828=DIRECTION('ref_axis',(1.85037170770859E-15,9.25185853854296E-16,-1.));
#2829=DIRECTION('',(-1.,0.,0.));
#2830=DIRECTION('',(0.,0.,-1.));
#2831=DIRECTION('',(-1.,0.,0.));
#2832=DIRECTION('center_axis',(-1.67519717706808E-15,1.,-1.67519717706808E-15));
#2833=DIRECTION('ref_axis',(-1.,-1.38777878078145E-15,1.38777878078145E-15));
#2834=DIRECTION('',(1.48029736616688E-16,0.,1.));
#2835=DIRECTION('',(1.,0.,-8.67361737988403E-16));
#2836=DIRECTION('',(0.,0.,-1.));
#2837=DIRECTION('center_axis',(0.,1.,0.));
#2838=DIRECTION('ref_axis',(0.,0.,1.));
#2839=DIRECTION('',(0.,1.,0.));
#2840=DIRECTION('',(0.,-1.,-4.32043271962849E-16));
#2841=DIRECTION('center_axis',(0.,-1.,0.));
#2842=DIRECTION('ref_axis',(0.,0.,-1.));
#2843=DIRECTION('',(0.,1.,0.));
#2844=DIRECTION('',(0.,-1.,-1.53990589810834E-16));
#2845=DIRECTION('center_axis',(0.,0.,-1.));
#2846=DIRECTION('ref_axis',(1.,0.,0.));
#2847=DIRECTION('',(0.,-1.,0.));
#2848=DIRECTION('center_axis',(0.,0.,-1.));
#2849=DIRECTION('ref_axis',(1.,0.,0.));
#2850=DIRECTION('',(0.,1.,0.));
#2851=DIRECTION('center_axis',(-1.,0.,0.));
#2852=DIRECTION('ref_axis',(0.,1.,0.));
#2853=DIRECTION('',(0.,1.,0.));
#2854=DIRECTION('',(0.,1.,0.));
#2855=DIRECTION('center_axis',(0.,0.,-1.));
#2856=DIRECTION('ref_axis',(1.,0.,0.));
#2857=DIRECTION('',(0.,1.,0.));
#2858=DIRECTION('center_axis',(0.,1.,0.));
#2859=DIRECTION('ref_axis',(3.98986399474665E-15,0.,-1.));
#2860=DIRECTION('',(-6.16790569236199E-17,1.,0.));
#2861=DIRECTION('center_axis',(-1.,0.,0.));
#2862=DIRECTION('ref_axis',(0.,1.,0.));
#2863=DIRECTION('',(0.,1.,0.));
#2864=DIRECTION('center_axis',(-1.,0.,0.));
#2865=DIRECTION('ref_axis',(0.,1.,0.));
#2866=DIRECTION('',(0.,1.,0.));
#2867=DIRECTION('',(0.,-1.,0.));
#2868=DIRECTION('center_axis',(0.,0.,1.));
#2869=DIRECTION('ref_axis',(-1.,0.,0.));
#2870=DIRECTION('',(0.,1.,0.));
#2871=DIRECTION('center_axis',(0.,0.,-1.));
#2872=DIRECTION('ref_axis',(1.,0.,0.));
#2873=DIRECTION('',(0.,-1.,0.));
#2874=DIRECTION('center_axis',(1.,0.,0.));
#2875=DIRECTION('ref_axis',(0.,-1.,0.));
#2876=DIRECTION('',(0.,1.,0.));
#2877=DIRECTION('center_axis',(0.,-1.,0.));
#2878=DIRECTION('ref_axis',(-3.70074341541719E-15,0.,-1.));
#2879=DIRECTION('',(0.,1.,0.));
#2880=DIRECTION('center_axis',(0.,0.,-1.));
#2881=DIRECTION('ref_axis',(1.,0.,0.));
#2882=DIRECTION('center_axis',(0.,0.,-1.));
#2883=DIRECTION('ref_axis',(1.,0.,0.));
#2884=DIRECTION('',(0.,1.,0.));
#2885=DIRECTION('center_axis',(0.,-1.,0.));
#2886=DIRECTION('ref_axis',(-3.98986399474665E-15,0.,-1.));
#2887=DIRECTION('',(-6.16790569236195E-17,1.,0.));
#2888=DIRECTION('center_axis',(-1.,0.,0.));
#2889=DIRECTION('ref_axis',(0.,1.,0.));
#2890=DIRECTION('',(0.,1.,0.));
#2891=DIRECTION('center_axis',(-1.,0.,0.));
#2892=DIRECTION('ref_axis',(0.,1.,0.));
#2893=DIRECTION('',(0.,1.,0.));
#2894=DIRECTION('',(0.,-1.,0.));
#2895=DIRECTION('center_axis',(1.,0.,0.));
#2896=DIRECTION('ref_axis',(0.,-1.,0.));
#2897=DIRECTION('',(0.,1.,0.));
#2898=DIRECTION('',(0.,-1.,0.));
#2899=DIRECTION('',(0.,1.,0.));
#2900=DIRECTION('center_axis',(0.,-1.,0.));
#2901=DIRECTION('ref_axis',(-3.70074341541719E-15,0.,-1.));
#2902=DIRECTION('center_axis',(0.,0.,-1.));
#2903=DIRECTION('ref_axis',(1.,0.,0.));
#2904=DIRECTION('center_axis',(0.,0.,1.));
#2905=DIRECTION('ref_axis',(-1.,0.,0.));
#2906=DIRECTION('center_axis',(-1.,0.,0.));
#2907=DIRECTION('ref_axis',(0.,1.,0.));
#2908=DIRECTION('',(0.,-1.,0.));
#2909=DIRECTION('center_axis',(1.,0.,0.));
#2910=DIRECTION('ref_axis',(0.,-1.,0.));
#2911=DIRECTION('',(0.,-1.,0.));
#2912=DIRECTION('',(0.,1.,0.));
#2913=DIRECTION('center_axis',(0.,0.,1.));
#2914=DIRECTION('ref_axis',(-1.,0.,0.));
#2915=DIRECTION('center_axis',(0.,0.,1.));
#2916=DIRECTION('ref_axis',(-1.,0.,0.));
#2917=DIRECTION('',(0.,1.,0.));
#2918=DIRECTION('',(0.,-1.,0.));
#2919=DIRECTION('center_axis',(1.,0.,0.));
#2920=DIRECTION('ref_axis',(0.,-1.,0.));
#2921=DIRECTION('',(0.,-1.,0.));
#2922=DIRECTION('center_axis',(-1.,0.,0.));
#2923=DIRECTION('ref_axis',(0.,1.,0.));
#2924=DIRECTION('center_axis',(0.,0.,1.));
#2925=DIRECTION('ref_axis',(-1.,0.,0.));
#2926=DIRECTION('center_axis',(0.,0.,1.));
#2927=DIRECTION('ref_axis',(-1.,0.,0.));
#2928=DIRECTION('center_axis',(0.,0.,-1.));
#2929=DIRECTION('ref_axis',(1.,0.,0.));
#2930=DIRECTION('',(-1.,0.,0.));
#2931=DIRECTION('',(0.,1.,0.));
#2932=DIRECTION('',(-1.,0.,0.));
#2933=DIRECTION('',(0.,-1.,0.));
#2934=DIRECTION('center_axis',(0.,0.,1.));
#2935=DIRECTION('ref_axis',(-1.,0.,0.));
#2936=DIRECTION('',(1.,0.,0.));
#2937=DIRECTION('',(0.,1.,0.));
#2938=DIRECTION('',(1.,0.,0.));
#2939=DIRECTION('',(0.,-1.,0.));
#2940=DIRECTION('center_axis',(0.,0.,-1.));
#2941=DIRECTION('ref_axis',(1.,0.,0.));
#2942=DIRECTION('',(-1.,-1.57281595155231E-16,0.));
#2943=DIRECTION('',(0.,-1.,0.));
#2944=DIRECTION('',(1.,4.57534010678273E-11,0.));
#2945=DIRECTION('',(0.,-1.,0.));
#2946=DIRECTION('center_axis',(0.,0.,1.));
#2947=DIRECTION('ref_axis',(-1.,0.,0.));
#2948=DIRECTION('',(1.,9.25185853854297E-18,0.));
#2949=DIRECTION('',(0.,1.,0.));
#2950=DIRECTION('',(-1.,0.,0.));
#2951=DIRECTION('',(0.,1.,0.));
#2952=DIRECTION('center_axis',(0.,0.,-1.));
#2953=DIRECTION('ref_axis',(1.,0.,0.));
#2954=DIRECTION('',(-1.,-9.25185853854297E-18,0.));
#2955=DIRECTION('',(0.,-1.,0.));
#2956=DIRECTION('',(1.,0.,0.));
#2957=DIRECTION('',(0.,-1.,0.));
#2958=DIRECTION('center_axis',(0.,1.,0.));
#2959=DIRECTION('ref_axis',(0.,0.,-1.));
#2960=DIRECTION('',(0.,0.,-1.));
#2961=DIRECTION('',(-1.,0.,4.62592926927149E-18));
#2962=DIRECTION('',(0.,0.,1.));
#2963=DIRECTION('',(1.,0.,0.));
#2964=DIRECTION('',(0.,0.,-1.));
#2965=DIRECTION('',(0.,0.,-1.));
#2966=DIRECTION('',(1.,0.,0.));
#2967=DIRECTION('',(0.,0.,-1.));
#2968=DIRECTION('',(-1.,0.,0.));
#2969=DIRECTION('',(0.,0.,-1.));
#2970=DIRECTION('center_axis',(0.,0.,-1.));
#2971=DIRECTION('ref_axis',(1.,0.,0.));
#2972=DIRECTION('',(0.,-1.,0.));
#2973=DIRECTION('',(1.,6.00008931428419E-11,0.));
#2974=DIRECTION('',(0.,-1.,0.));
#2975=DIRECTION('',(-1.,0.,0.));
#2976=DIRECTION('center_axis',(1.,0.,0.));
#2977=DIRECTION('ref_axis',(0.,1.,-3.33066907387545E-15));
#2978=DIRECTION('center_axis',(-1.,0.,0.));
#2979=DIRECTION('ref_axis',(0.,1.,-3.33066907387545E-15));
#2980=DIRECTION('center_axis',(-1.,6.70078870827227E-16,-6.70078870827228E-16));
#2981=DIRECTION('ref_axis',(5.55111512312581E-16,-8.88178419700129E-15,
-1.));
#2982=DIRECTION('center_axis',(1.,0.,0.));
#2983=DIRECTION('ref_axis',(0.,1.,-5.04646829375071E-16));
#2984=DIRECTION('center_axis',(1.,0.,0.));
#2985=DIRECTION('ref_axis',(0.,1.,-5.04646829375071E-16));
#2986=DIRECTION('center_axis',(-1.,0.,0.));
#2987=DIRECTION('ref_axis',(0.,-1.00929365875015E-15,1.));
#2988=DIRECTION('',(1.,9.32587340685131E-14,1.99840144432528E-14));
#2989=DIRECTION('center_axis',(1.,0.,0.));
#2990=DIRECTION('ref_axis',(0.,1.,-4.44089209850062E-15));
#2991=DIRECTION('center_axis',(-1.,0.,0.));
#2992=DIRECTION('ref_axis',(0.,1.,-4.44089209850062E-15));
#2993=DIRECTION('center_axis',(-1.,-8.4739959416E-16,1.15481098876332E-15));
#2994=DIRECTION('ref_axis',(-1.11022302462439E-15,1.11022302462439E-15,
-1.));
#2995=DIRECTION('center_axis',(-1.,0.,0.));
#2996=DIRECTION('ref_axis',(0.,1.,0.));
#2997=DIRECTION('',(0.,0.,1.));
#2998=DIRECTION('',(0.,-1.,0.));
#2999=DIRECTION('',(0.,0.,-1.));
#3000=DIRECTION('',(0.,1.,0.));
#3001=DIRECTION('',(0.,0.,1.));
#3002=DIRECTION('',(0.,0.,1.));
#3003=DIRECTION('',(0.,0.,-1.));
#3004=DIRECTION('',(0.,1.,0.));
#3005=DIRECTION('',(0.,0.,1.));
#3006=DIRECTION('',(0.,-1.,0.));
#3007=DIRECTION('',(0.,0.,-1.));
#3008=DIRECTION('',(0.,0.,1.));
#3009=DIRECTION('center_axis',(-1.,0.,0.));
#3010=DIRECTION('ref_axis',(0.,-1.,4.16333634234434E-15));
#3011=DIRECTION('',(0.,-1.,0.));
#3012=DIRECTION('center_axis',(0.,-1.,0.));
#3013=DIRECTION('ref_axis',(0.,0.,1.));
#3014=DIRECTION('',(0.,0.,-1.));
#3015=DIRECTION('',(1.,7.9146758591442E-17,0.));
#3016=DIRECTION('',(0.,0.,-1.));
#3017=DIRECTION('',(-1.,0.,0.));
#3018=DIRECTION('',(0.,0.,-1.));
#3019=DIRECTION('',(1.,0.,0.));
#3020=DIRECTION('',(0.,0.,-1.));
#3021=DIRECTION('center_axis',(1.,0.,0.));
#3022=DIRECTION('ref_axis',(0.,-1.,4.16333634234434E-15));
#3023=DIRECTION('center_axis',(-1.,-1.67519717706808E-16,1.67519717706808E-16));
#3024=DIRECTION('ref_axis',(1.38777878078145E-16,-1.38777878078145E-16,
1.));
#3025=DIRECTION('',(-1.,0.,7.4014868308344E-17));
#3026=DIRECTION('center_axis',(0.,0.,1.));
#3027=DIRECTION('ref_axis',(-1.,0.,0.));
#3028=DIRECTION('',(0.,-1.,0.));
#3029=DIRECTION('center_axis',(0.,0.,1.));
#3030=DIRECTION('ref_axis',(-1.,0.,0.));
#3031=DIRECTION('',(0.,1.,0.));
#3032=DIRECTION('',(-1.,0.,0.));
#3033=DIRECTION('',(-0.707106781186548,-0.707106781186547,0.));
#3034=DIRECTION('',(0.,-1.,0.));
#3035=DIRECTION('center_axis',(-1.,0.,0.));
#3036=DIRECTION('ref_axis',(0.,1.,0.));
#3037=DIRECTION('',(0.,0.,-1.));
#3038=DIRECTION('',(0.,-1.,0.));
#3039=DIRECTION('',(0.,0.,1.));
#3040=DIRECTION('',(0.,1.,0.));
#3041=DIRECTION('',(0.,0.,1.));
#3042=DIRECTION('',(0.,-1.,0.));
#3043=DIRECTION('',(0.,0.,1.));
#3044=DIRECTION('',(0.,1.,0.));
#3045=DIRECTION('',(0.,0.,-1.));
#3046=DIRECTION('',(0.,-1.,0.));
#3047=DIRECTION('',(0.,0.,-1.));
#3048=DIRECTION('center_axis',(0.,-1.,0.));
#3049=DIRECTION('ref_axis',(0.,0.,1.));
#3050=DIRECTION('',(0.,0.,1.));
#3051=DIRECTION('',(-1.,0.,0.));
#3052=DIRECTION('',(0.,0.,1.));
#3053=DIRECTION('',(1.,0.,0.));
#3054=DIRECTION('',(0.,0.,-1.));
#3055=DIRECTION('',(-1.,0.,0.));
#3056=DIRECTION('',(0.,0.,1.));
#3057=DIRECTION('',(1.,0.,0.));
#3058=DIRECTION('center_axis',(0.707106781186548,-0.707106781186547,0.));
#3059=DIRECTION('ref_axis',(-0.707106781186547,-0.707106781186548,0.));
#3060=DIRECTION('',(0.707106781186547,0.707106781186548,0.));
#3061=DIRECTION('',(0.577350269189626,0.577350269189626,-0.577350269189626));
#3062=DIRECTION('',(2.19329376996942E-13,2.47452197603728E-12,1.));
#3063=DIRECTION('',(-0.577350269189626,-0.577350269189626,-0.577350269189626));
#3064=DIRECTION('',(-0.707106781186547,-0.707106781186548,0.));
#3065=DIRECTION('center_axis',(0.,0.,1.));
#3066=DIRECTION('ref_axis',(-1.,0.,0.));
#3067=DIRECTION('',(1.,0.,0.));
#3068=DIRECTION('',(0.707106781186548,-0.707106781186548,0.));
#3069=DIRECTION('',(0.,1.,0.));
#3070=DIRECTION('',(0.,1.,0.));
#3071=DIRECTION('center_axis',(0.707106781186548,0.707106781186548,0.));
#3072=DIRECTION('ref_axis',(0.,0.,-1.));
#3073=DIRECTION('',(-0.707106781186548,0.707106781186548,0.));
#3074=DIRECTION('',(0.577350269189626,-0.577350269189626,0.577350269189626));
#3075=DIRECTION('',(2.83374986266922E-13,-3.28743607805616E-12,-1.));
#3076=DIRECTION('',(0.577350269189626,-0.577350269189626,-0.577350269189626));
#3077=DIRECTION('',(0.,0.,-1.));
#3078=DIRECTION('center_axis',(0.,0.,1.));
#3079=DIRECTION('ref_axis',(-1.,0.,0.));
#3080=DIRECTION('',(-1.,0.,0.));
#3081=DIRECTION('',(-0.707106781186548,0.707106781186548,0.));
#3082=DIRECTION('',(0.,1.,0.));
#3083=DIRECTION('',(-0.707106781186547,-0.707106781186548,0.));
#3084=DIRECTION('',(-1.,0.,0.));
#3085=DIRECTION('',(0.,-1.,0.));
#3086=DIRECTION('center_axis',(0.707106781186548,0.707106781186548,0.));
#3087=DIRECTION('ref_axis',(0.,0.,-1.));
#3088=DIRECTION('',(0.,0.,1.));
#3089=DIRECTION('',(0.707106781186548,-0.707106781186548,0.));
#3090=DIRECTION('',(0.577350269189626,-0.577350269189626,0.577350269189626));
#3091=DIRECTION('',(8.98069716580102E-14,-9.01647683578429E-14,1.));
#3092=DIRECTION('',(-0.577350269189626,0.577350269189626,0.577350269189626));
#3093=DIRECTION('center_axis',(0.707106781186548,-0.707106781186547,0.));
#3094=DIRECTION('ref_axis',(-0.707106781186547,-0.707106781186548,0.));
#3095=DIRECTION('',(-0.577350269189626,-0.577350269189626,-0.577350269189626));
#3096=DIRECTION('',(-0.707106781186547,-0.707106781186548,0.));
#3097=DIRECTION('',(0.,0.,-1.));
#3098=DIRECTION('',(-0.577350269189625,-0.577350269189626,0.577350269189626));
#3099=DIRECTION('',(-1.2522884494139E-14,-2.57613623879432E-14,-1.));
#3100=DIRECTION('center_axis',(0.,-1.,0.));
#3101=DIRECTION('ref_axis',(0.,0.,1.));
#3102=DIRECTION('',(-1.,0.,0.));
#3103=DIRECTION('',(0.,0.,1.));
#3104=DIRECTION('',(1.,0.,0.));
#3105=DIRECTION('',(1.,0.,0.));
#3106=DIRECTION('',(-1.,0.,0.));
#3107=DIRECTION('',(-1.,0.,0.));
#3108=DIRECTION('',(0.,0.,1.));
#3109=DIRECTION('center_axis',(-1.,0.,0.));
#3110=DIRECTION('ref_axis',(0.,1.,0.));
#3111=DIRECTION('',(0.,1.,0.));
#3112=DIRECTION('',(0.,0.,-1.));
#3113=DIRECTION('center_axis',(-1.,0.,0.));
#3114=DIRECTION('ref_axis',(0.,1.,0.));
#3115=DIRECTION('',(0.,1.,0.));
#3116=DIRECTION('',(0.,0.,-1.));
#3117=DIRECTION('',(0.,-1.,0.));
#3118=DIRECTION('center_axis',(0.,1.,0.));
#3119=DIRECTION('ref_axis',(0.,0.,-1.));
#3120=DIRECTION('',(1.,0.,0.));
#3121=DIRECTION('',(0.,0.,-1.));
#3122=DIRECTION('',(1.,0.,0.));
#3123=DIRECTION('',(-1.,0.,0.));
#3124=DIRECTION('',(0.,0.,-1.));
#3125=DIRECTION('',(-1.,0.,0.));
#3126=DIRECTION('',(-1.,0.,0.));
#3127=DIRECTION('center_axis',(0.,1.,0.));
#3128=DIRECTION('ref_axis',(0.,0.,-1.));
#3129=DIRECTION('',(1.,0.,0.));
#3130=DIRECTION('',(0.,0.,-1.));
#3131=DIRECTION('',(1.,0.,0.));
#3132=DIRECTION('',(-1.,0.,0.));
#3133=DIRECTION('',(0.,0.,-1.));
#3134=DIRECTION('center_axis',(-1.,0.,0.));
#3135=DIRECTION('ref_axis',(0.,1.,0.));
#3136=DIRECTION('',(0.,-1.,0.));
#3137=DIRECTION('',(0.,1.,0.));
#3138=DIRECTION('center_axis',(0.,0.,-1.));
#3139=DIRECTION('ref_axis',(1.,0.,0.));
#3140=DIRECTION('',(-6.36245382817174E-13,1.,-4.43605560647222E-14));
#3141=DIRECTION('center_axis',(0.707106781186548,0.,0.707106781186547));
#3142=DIRECTION('ref_axis',(0.,-1.,0.));
#3143=DIRECTION('',(0.,1.,0.));
#3144=DIRECTION('center_axis',(1.,0.,0.));
#3145=DIRECTION('ref_axis',(0.,-1.,0.));
#3146=DIRECTION('center_axis',(-1.,0.,0.));
#3147=DIRECTION('ref_axis',(0.,-1.10478891975672E-15,-1.));
#3148=DIRECTION('',(2.37146079208507E-14,1.,3.36790945518136E-13));
#3149=DIRECTION('center_axis',(0.707106781186548,0.,-0.707106781186548));
#3150=DIRECTION('ref_axis',(0.707106781186548,0.,0.707106781186548));
#3151=DIRECTION('center_axis',(0.707106781186548,0.,0.707106781186548));
#3152=DIRECTION('ref_axis',(-0.707106781186548,0.,0.707106781186548));
#3153=DIRECTION('',(0.,1.,0.));
#3154=DIRECTION('center_axis',(0.707106781186548,0.,-0.707106781186548));
#3155=DIRECTION('ref_axis',(0.707106781186548,0.,0.707106781186548));
#3156=DIRECTION('',(0.,-1.,0.));
#3157=DIRECTION('',(0.,-1.,0.));
#3158=DIRECTION('center_axis',(-1.,0.,0.));
#3159=DIRECTION('ref_axis',(0.,1.,0.));
#3160=DIRECTION('',(0.,1.,0.));
#3161=DIRECTION('',(0.,-1.,0.));
#3162=DIRECTION('',(0.,0.,1.));
#3163=DIRECTION('center_axis',(0.,0.,1.));
#3164=DIRECTION('ref_axis',(-1.,0.,0.));
#3165=DIRECTION('',(1.,0.,0.));
#3166=DIRECTION('',(0.,1.,0.));
#3167=DIRECTION('',(0.707106781186547,-0.707106781186548,0.));
#3168=DIRECTION('center_axis',(-0.707106781186547,-0.707106781186548,0.));
#3169=DIRECTION('ref_axis',(0.,0.,1.));
#3170=DIRECTION('',(0.707106781186547,-0.707106781186548,0.));
#3171=DIRECTION('',(0.,0.,1.));
#3172=DIRECTION('center_axis',(0.,0.,-1.));
#3173=DIRECTION('ref_axis',(1.,0.,0.));
#3174=DIRECTION('',(0.,-1.,0.));
#3175=DIRECTION('',(-1.,0.,0.));
#3176=DIRECTION('center_axis',(0.,0.,1.));
#3177=DIRECTION('ref_axis',(-1.,0.,0.));
#3178=DIRECTION('',(1.,0.,0.));
#3179=DIRECTION('center_axis',(0.,0.,1.));
#3180=DIRECTION('ref_axis',(-1.,0.,0.));
#3181=DIRECTION('',(0.,1.,0.));
#3182=DIRECTION('center_axis',(0.,0.,-1.));
#3183=DIRECTION('ref_axis',(1.,0.,0.));
#3184=DIRECTION('',(-1.,0.,0.));
#3185=DIRECTION('center_axis',(0.,0.,-1.));
#3186=DIRECTION('ref_axis',(1.,0.,0.));
#3187=DIRECTION('center_axis',(-1.,1.92380603565323E-16,3.71199468092521E-16));
#3188=DIRECTION('ref_axis',(5.91428522011787E-17,-0.813826036051073,0.581108581114922));
#3189=DIRECTION('',(-0.928476690885271,0.302247401963564,-0.215818308975427));
#3190=DIRECTION('center_axis',(1.,-6.23050316414678E-14,-3.47408737886989E-14));
#3191=DIRECTION('ref_axis',(3.46466150788295E-14,-4.57488453250842E-14,
1.));
#3192=DIRECTION('center_axis',(1.,-6.23050316414678E-14,-3.47408737886989E-14));
#3193=DIRECTION('ref_axis',(3.46466150788295E-14,-4.57488453250842E-14,
1.));
#3194=DIRECTION('center_axis',(-1.,0.,0.));
#3195=DIRECTION('ref_axis',(0.,-4.40260854592735E-15,1.));
#3196=DIRECTION('center_axis',(1.,0.,0.));
#3197=DIRECTION('ref_axis',(0.,-1.,0.));
#3198=DIRECTION('',(1.,0.,0.));
#3199=DIRECTION('center_axis',(0.,0.,-1.));
#3200=DIRECTION('ref_axis',(1.,0.,0.));
#3201=DIRECTION('',(0.,1.,0.));
#3202=DIRECTION('center_axis',(0.,0.,-1.));
#3203=DIRECTION('ref_axis',(1.,0.,0.));
#3204=DIRECTION('',(0.,-1.,0.));
#3205=DIRECTION('',(1.,0.,0.));
#3206=DIRECTION('center_axis',(0.,0.,1.));
#3207=DIRECTION('ref_axis',(-1.,0.,0.));
#3208=DIRECTION('',(0.,1.,0.));
#3209=DIRECTION('',(-1.,0.,0.));
#3210=DIRECTION('center_axis',(0.,0.,1.));
#3211=DIRECTION('ref_axis',(-1.,0.,0.));
#3212=DIRECTION('',(0.,-1.,0.));
#3213=DIRECTION('center_axis',(0.,0.,-1.));
#3214=DIRECTION('ref_axis',(1.,0.,0.));
#3215=DIRECTION('center_axis',(-1.,0.,0.));
#3216=DIRECTION('ref_axis',(0.,1.,0.));
#3217=DIRECTION('center_axis',(1.,0.,0.));
#3218=DIRECTION('ref_axis',(0.,-1.,0.));
#3219=DIRECTION('center_axis',(1.,1.10478891980709E-16,8.06495911459173E-15));
#3220=DIRECTION('ref_axis',(7.95448022261103E-15,0.,-1.));
#3221=DIRECTION('center_axis',(-1.,0.,0.));
#3222=DIRECTION('ref_axis',(0.,-4.59402630879375E-15,1.));
#3223=DIRECTION('center_axis',(1.,0.,0.));
#3224=DIRECTION('ref_axis',(0.,-1.,0.));
#3225=DIRECTION('',(1.,0.,0.));
#3226=DIRECTION('center_axis',(1.,6.23050316414459E-14,-3.47408737886893E-14));
#3227=DIRECTION('ref_axis',(-6.22107729315627E-14,1.,-7.5035763043608E-14));
#3228=DIRECTION('center_axis',(1.,6.23050316414459E-14,-3.47408737886893E-14));
#3229=DIRECTION('ref_axis',(-6.22107729315627E-14,1.,-7.5035763043608E-14));
#3230=DIRECTION('center_axis',(-1.,-1.49457631047224E-16,-2.02613269458983E-15));
#3231=DIRECTION('ref_axis',(1.0557705838709E-15,0.813826036051072,-0.581108581114923));
#3232=DIRECTION('',(-0.928476690885272,-0.302247401963563,0.215818308975426));
#3233=DIRECTION('center_axis',(1.,0.,0.));
#3234=DIRECTION('ref_axis',(0.,-1.,0.));
#3235=DIRECTION('center_axis',(-1.,0.,0.));
#3236=DIRECTION('ref_axis',(0.,1.,0.));
#3237=DIRECTION('',(0.,-1.,0.));
#3238=DIRECTION('',(0.,0.,-1.));
#3239=DIRECTION('center_axis',(0.,0.,-1.));
#3240=DIRECTION('ref_axis',(1.,0.,0.));
#3241=DIRECTION('',(1.,0.,0.));
#3242=DIRECTION('',(0.707106781186548,0.707106781186547,0.));
#3243=DIRECTION('center_axis',(-0.707106781186547,0.707106781186548,0.));
#3244=DIRECTION('ref_axis',(0.,0.,-1.));
#3245=DIRECTION('',(0.,0.,-1.));
#3246=DIRECTION('center_axis',(0.,1.,0.));
#3247=DIRECTION('ref_axis',(0.,0.,-1.));
#3248=DIRECTION('center_axis',(0.,1.,0.));
#3249=DIRECTION('ref_axis',(0.,0.,-1.));
#3250=DIRECTION('center_axis',(0.,1.,0.));
#3251=DIRECTION('ref_axis',(0.,0.,-1.));
#3252=DIRECTION('center_axis',(-1.,0.,0.));
#3253=DIRECTION('ref_axis',(0.,1.,0.));
#3254=DIRECTION('',(0.,0.,-1.));
#3255=DIRECTION('',(0.,0.,-1.));
#3256=DIRECTION('',(0.,0.,-1.));
#3257=DIRECTION('center_axis',(0.,-1.,0.));
#3258=DIRECTION('ref_axis',(0.,0.,1.));
#3259=DIRECTION('center_axis',(0.,-1.,0.));
#3260=DIRECTION('ref_axis',(0.,0.,1.));
#3261=DIRECTION('center_axis',(0.,-1.,0.));
#3262=DIRECTION('ref_axis',(0.,0.,1.));
#3263=DIRECTION('',(1.,0.,0.));
#3264=DIRECTION('',(0.,-1.,0.));
#3265=DIRECTION('',(1.,0.,0.));
#3266=DIRECTION('',(0.,1.,0.));
#3267=CARTESIAN_POINT('',(0.,0.,0.));
#3268=CARTESIAN_POINT('',(0.,0.,0.));
#3269=CARTESIAN_POINT('Origin',(0.207987126436747,-0.5846,-0.295845517241381));
#3270=CARTESIAN_POINT('',(0.0906458416733077,0.19,1.11224989991992));
#3271=CARTESIAN_POINT('',(0.149999999999989,0.19,0.399999999999999));
#3272=CARTESIAN_POINT('',(0.116666666666668,0.19,0.800000000000001));
#3273=CARTESIAN_POINT('',(0.149999999999989,0.04,0.399999999999999));
#3274=CARTESIAN_POINT('',(0.149999999999989,0.04,0.399999999999999));
#3275=CARTESIAN_POINT('',(0.116666666666668,0.04,0.799999999999995));
#3276=CARTESIAN_POINT('',(0.149999999999989,0.04,0.399999999999999));
#3277=CARTESIAN_POINT('Origin',(0.116666666666634,0.44,0.8));
#3278=CARTESIAN_POINT('Origin',(1.71883978604027,0.44,0.8));
#3279=CARTESIAN_POINT('',(1.00935415832669,0.19,1.11224989991992));
#3280=CARTESIAN_POINT('',(1.71883978604027,0.19,1.11224989991992));
#3281=CARTESIAN_POINT('',(0.983333333333337,0.04,0.799999999999995));
#3282=CARTESIAN_POINT('',(0.983333333333337,0.04,0.799999999999995));
#3283=CARTESIAN_POINT('Origin',(0.983333333333366,0.44,0.8));
#3284=CARTESIAN_POINT('Origin',(-0.5396,-0.5846,0.4));
#3285=CARTESIAN_POINT('',(0.950000000000011,0.19,0.399999999999999));
#3286=CARTESIAN_POINT('',(0.149999999999989,0.19,0.399999999999999));
#3287=CARTESIAN_POINT('',(0.950000000000011,0.04,0.399999999999999));
#3288=CARTESIAN_POINT('',(0.950000000000011,0.19,0.399999999999999));
#3289=CARTESIAN_POINT('',(0.950000000000011,0.04,0.399999999999999));
#3290=CARTESIAN_POINT('Origin',(-0.57959999999998,0.04,-0.2496));
#3291=CARTESIAN_POINT('',(0.950000000000011,0.04,0.399999999999999));
#3292=CARTESIAN_POINT('Origin',(0.892012873563253,-0.5846,-0.295845517241381));
#3293=CARTESIAN_POINT('',(0.950000000000011,0.19,0.399999999999999));
#3294=CARTESIAN_POINT('Origin',(-0.579599999999979,0.19,-0.2496));
#3295=CARTESIAN_POINT('Origin',(1.67959999999998,-0.19,-0.2496));
#3296=CARTESIAN_POINT('',(0.149999999999989,-0.19,0.399999999999999));
#3297=CARTESIAN_POINT('',(0.0906458416733076,-0.19,1.11224989991992));
#3298=CARTESIAN_POINT('',(0.149999999999989,-0.19,0.399999999999999));
#3299=CARTESIAN_POINT('',(0.950000000000011,-0.19,0.399999999999999));
#3300=CARTESIAN_POINT('',(0.950000000000011,-0.19,0.399999999999999));
#3301=CARTESIAN_POINT('',(1.00935415832669,-0.19,1.11224989991992));
#3302=CARTESIAN_POINT('',(0.950000000000011,-0.19,0.399999999999999));
#3303=CARTESIAN_POINT('',(-0.616511042909545,-0.19,1.11224989991992));
#3304=CARTESIAN_POINT('Origin',(0.207987126436747,0.5846,-0.295845517241381));
#3305=CARTESIAN_POINT('',(0.116666666666668,-0.04,0.799999999999995));
#3306=CARTESIAN_POINT('Origin',(0.116666666666634,-0.44,0.8));
#3307=CARTESIAN_POINT('',(0.149999999999989,-0.04,0.399999999999999));
#3308=CARTESIAN_POINT('',(0.116666666666668,-0.04,0.799999999999995));
#3309=CARTESIAN_POINT('',(0.149999999999989,-0.19,0.399999999999999));
#3310=CARTESIAN_POINT('Origin',(-0.616511042909545,-0.44,0.8));
#3311=CARTESIAN_POINT('',(0.983333333333337,-0.04,0.799999999999995));
#3312=CARTESIAN_POINT('Origin',(0.983333333333366,-0.44,0.8));
#3313=CARTESIAN_POINT('',(0.116666666666668,-0.04,0.799999999999995));
#3314=CARTESIAN_POINT('Origin',(0.892012873563253,0.5846,-0.295845517241381));
#3315=CARTESIAN_POINT('',(0.950000000000011,-0.04,0.399999999999999));
#3316=CARTESIAN_POINT('',(0.950000000000011,-0.04,0.399999999999999));
#3317=CARTESIAN_POINT('',(0.983333333333337,-0.04,0.799999999999995));
#3318=CARTESIAN_POINT('Origin',(1.6396,0.5846,0.4));
#3319=CARTESIAN_POINT('',(0.149999999999989,-0.04,0.399999999999999));
#3320=CARTESIAN_POINT('Origin',(1.67959999999998,-0.04,-0.2496));
#3321=CARTESIAN_POINT('Origin',(3.6746,1.20803650813897,-0.95));
#3322=CARTESIAN_POINT('',(1.2,-0.69,-0.95));
#3323=CARTESIAN_POINT('',(1.2,0.69,-0.95));
#3324=CARTESIAN_POINT('',(1.2,1.31381825406948,-0.95));
#3325=CARTESIAN_POINT('',(2.8,-0.69,-0.95));
#3326=CARTESIAN_POINT('',(4.6721,-0.69,-0.95));
#3327=CARTESIAN_POINT('',(2.8,-0.5,-0.95));
#3328=CARTESIAN_POINT('',(2.8,1.31131825406948,-0.95));
#3329=CARTESIAN_POINT('',(3.08,-0.5,-0.95));
#3330=CARTESIAN_POINT('',(3.6911,-0.5,-0.95));
#3331=CARTESIAN_POINT('',(3.08,0.49,-0.95));
#3332=CARTESIAN_POINT('',(3.08,1.20331825406949,-0.95));
#3333=CARTESIAN_POINT('',(2.8,0.49,-0.95));
#3334=CARTESIAN_POINT('',(3.001,0.49,-0.95));
#3335=CARTESIAN_POINT('',(2.8,0.69,-0.95));
#3336=CARTESIAN_POINT('',(2.8,1.31131825406948,-0.95));
#3337=CARTESIAN_POINT('',(4.6721,0.69,-0.95));
#3338=CARTESIAN_POINT('Origin',(3.08,1.1986,-1.6886));
#3339=CARTESIAN_POINT('',(3.08,-0.5,-1.1));
#3340=CARTESIAN_POINT('',(3.08,-0.5,-0.98));
#3341=CARTESIAN_POINT('',(3.08,0.49,-1.1));
#3342=CARTESIAN_POINT('',(3.08,1.20331825406949,-1.1));
#3343=CARTESIAN_POINT('',(3.08,0.49,-1.07));
#3344=CARTESIAN_POINT('Origin',(3.7076,-0.5,-1.7246));
#3345=CARTESIAN_POINT('',(2.8,-0.5,-1.1));
#3346=CARTESIAN_POINT('',(2.8,-0.5,-1.72682193585307));
#3347=CARTESIAN_POINT('',(2.9,-0.5,-1.1));
#3348=CARTESIAN_POINT('',(3.6911,-0.5,-1.1));
#3349=CARTESIAN_POINT('',(3.05,-0.5,-1.1));
#3350=CARTESIAN_POINT('Origin',(2.3274,0.49,-1.7246));
#3351=CARTESIAN_POINT('',(2.9,0.49,-1.1));
#3352=CARTESIAN_POINT('',(3.05,0.49,-1.1));
#3353=CARTESIAN_POINT('',(2.8,0.49,-1.1));
#3354=CARTESIAN_POINT('',(3.001,0.49,-1.1));
#3355=CARTESIAN_POINT('',(2.8,0.49,-1.72682193585307));
#3356=CARTESIAN_POINT('Origin',(2.8,1.4146,-1.72904387170614));
#3357=CARTESIAN_POINT('',(2.8,-0.69,-0.85));
#3358=CARTESIAN_POINT('',(2.8,-0.69,-1.73682193585307));
#3359=CARTESIAN_POINT('',(2.8,-0.84,-0.85));
#3360=CARTESIAN_POINT('',(2.8,1.43960000529907,-0.85));
#3361=CARTESIAN_POINT('',(2.80012040406323,-0.594960118088476,-1.09995377939684));
#3362=CARTESIAN_POINT('Origin',(2.8,-0.59,-0.85));
#3363=CARTESIAN_POINT('',(2.8,1.31131825406948,-1.1));
#3364=CARTESIAN_POINT('Origin',(2.2304,0.08,1.2746));
#3365=CARTESIAN_POINT('',(3.,0.08,0.5));
#3366=CARTESIAN_POINT('',(3.,0.08,0.65));
#3367=CARTESIAN_POINT('',(3.,0.0799999999999999,1.2821));
#3368=CARTESIAN_POINT('',(4.6,0.08,0.5));
#3369=CARTESIAN_POINT('',(4.6,0.08,0.5));
#3370=CARTESIAN_POINT('',(4.6,0.08,0.65));
#3371=CARTESIAN_POINT('',(4.6,0.0799999999999999,1.2821));
#3372=CARTESIAN_POINT('',(3.,0.08,0.65));
#3373=CARTESIAN_POINT('Origin',(5.3696,-0.08,1.2746));
#3374=CARTESIAN_POINT('',(3.,-0.08,0.65));
#3375=CARTESIAN_POINT('',(3.,-0.08,0.5));
#3376=CARTESIAN_POINT('',(3.,-0.0799999999999999,1.2821));
#3377=CARTESIAN_POINT('',(4.6,-0.08,0.65));
#3378=CARTESIAN_POINT('',(4.6,-0.08,0.65));
#3379=CARTESIAN_POINT('',(4.6,-0.08,0.5));
#3380=CARTESIAN_POINT('',(4.6,-0.0799999999999999,1.2821));
#3381=CARTESIAN_POINT('',(3.,-0.08,0.5));
#3382=CARTESIAN_POINT('Origin',(5.6696,0.84,1.07960000000112));
#3383=CARTESIAN_POINT('',(3.,0.84,0.65));
#3384=CARTESIAN_POINT('',(3.,0.84,0.15));
#3385=CARTESIAN_POINT('',(3.,0.84,1.18460000000056));
#3386=CARTESIAN_POINT('',(4.6,0.84,0.65));
#3387=CARTESIAN_POINT('',(3.95,0.84,0.65));
#3388=CARTESIAN_POINT('',(4.6,0.84,-0.55));
#3389=CARTESIAN_POINT('',(4.6,0.84,0.35));
#3390=CARTESIAN_POINT('',(4.3,0.84,-0.85));
#3391=CARTESIAN_POINT('Origin',(4.3,0.84,-0.549999999999999));
#3392=CARTESIAN_POINT('',(2.8,0.84,-0.85));
#3393=CARTESIAN_POINT('',(4.3,0.84,-0.85));
#3394=CARTESIAN_POINT('',(1.2,0.84,-0.849999999985144));
#3395=CARTESIAN_POINT('',(2.94999870701316,0.84,-0.850000000001393));
#3396=CARTESIAN_POINT('',(0.2,0.84,-0.85));
#3397=CARTESIAN_POINT('',(1.0500012945445,0.84,-0.85000000000419));
#3398=CARTESIAN_POINT('',(-1.85037170770859E-17,0.84,-0.65));
#3399=CARTESIAN_POINT('Origin',(0.2,0.84,-0.65));
#3400=CARTESIAN_POINT('',(0.,0.84,-0.2));
#3401=CARTESIAN_POINT('',(-1.85037170770859E-17,0.84,-0.65));
#3402=CARTESIAN_POINT('',(1.12,0.84,-0.199999999999999));
#3403=CARTESIAN_POINT('',(0.,0.84,-0.2));
#3404=CARTESIAN_POINT('',(1.12,0.84,-0.65));
#3405=CARTESIAN_POINT('',(1.12,0.84,-0.199999999999999));
#3406=CARTESIAN_POINT('',(2.85384409927012,0.84,-0.65));
#3407=CARTESIAN_POINT('',(1.12,0.84,-0.65));
#3408=CARTESIAN_POINT('',(2.85384409927011,0.839999999999998,4.92650874910794E-5));
#3409=CARTESIAN_POINT('',(2.85384409927012,0.84,-0.65));
#3410=CARTESIAN_POINT('Origin',(2.85,0.840000000000001,0.149999999999999));
#3411=CARTESIAN_POINT('Origin',(3.8,0.54,0.35));
#3412=CARTESIAN_POINT('',(3.,0.69,0.35));
#3413=CARTESIAN_POINT('',(3.,0.54,0.5));
#3414=CARTESIAN_POINT('Origin',(3.,0.54,0.35));
#3415=CARTESIAN_POINT('',(4.6,0.69,0.35));
#3416=CARTESIAN_POINT('',(4.6,0.69,0.35));
#3417=CARTESIAN_POINT('',(4.6,0.54,0.5));
#3418=CARTESIAN_POINT('Origin',(4.6,0.54,0.35));
#3419=CARTESIAN_POINT('',(4.6,0.54,0.5));
#3420=CARTESIAN_POINT('Origin',(5.6696,-0.84,-1.57960000001229));
#3421=CARTESIAN_POINT('',(3.,-0.84,0.65));
#3422=CARTESIAN_POINT('',(3.,-0.84,0.15));
#3423=CARTESIAN_POINT('',(3.,-0.84,0.35));
#3424=CARTESIAN_POINT('',(2.85384409927013,-0.84,4.92650874914181E-5));
#3425=CARTESIAN_POINT('Origin',(2.85,-0.84,0.149999999999999));
#3426=CARTESIAN_POINT('',(2.85384409927012,-0.84,-0.65));
#3427=CARTESIAN_POINT('',(2.85384409927013,-0.84,4.92650874914181E-5));
#3428=CARTESIAN_POINT('',(1.12,-0.84,-0.65));
#3429=CARTESIAN_POINT('',(2.85384409927012,-0.84,-0.65));
#3430=CARTESIAN_POINT('',(1.12,-0.84,-0.400000000000001));
#3431=CARTESIAN_POINT('',(1.12,-0.84,-0.65));
#3432=CARTESIAN_POINT('',(0.,-0.84,-0.4));
#3433=CARTESIAN_POINT('',(1.12,-0.84,-0.400000000000001));
#3434=CARTESIAN_POINT('',(-2.77555756156289E-17,-0.84,-0.65));
#3435=CARTESIAN_POINT('',(0.,-0.84,-0.4));
#3436=CARTESIAN_POINT('',(0.2,-0.84,-0.85));
#3437=CARTESIAN_POINT('Origin',(0.2,-0.84,-0.65));
#3438=CARTESIAN_POINT('',(1.2,-0.84,-0.85));
#3439=CARTESIAN_POINT('',(0.2,-0.84,-0.85));
#3440=CARTESIAN_POINT('',(1.0500012929805,-0.84,-0.85000000000418));
#3441=CARTESIAN_POINT('',(4.3,-0.84,-0.85));
#3442=CARTESIAN_POINT('',(1.0500012929805,-0.84,-0.85000000000418));
#3443=CARTESIAN_POINT('',(4.6,-0.84,-0.55));
#3444=CARTESIAN_POINT('Origin',(4.3,-0.84,-0.55));
#3445=CARTESIAN_POINT('',(4.6,-0.84,0.65));
#3446=CARTESIAN_POINT('',(4.6,-0.84,-0.55));
#3447=CARTESIAN_POINT('',(3.95,-0.84,0.65));
#3448=CARTESIAN_POINT('Origin',(3.8,-0.54,0.35));
#3449=CARTESIAN_POINT('',(3.,-0.69,0.35));
#3450=CARTESIAN_POINT('',(3.,-0.54,0.5));
#3451=CARTESIAN_POINT('Origin',(3.,-0.54,0.35));
#3452=CARTESIAN_POINT('',(4.6,-0.54,0.5));
#3453=CARTESIAN_POINT('',(4.6,-0.54,0.5));
#3454=CARTESIAN_POINT('',(4.6,-0.69,0.35));
#3455=CARTESIAN_POINT('Origin',(4.6,-0.54,0.35));
#3456=CARTESIAN_POINT('',(3.,-0.69,0.35));
#3457=CARTESIAN_POINT('Origin',(3.6746,1.20803650813897,-1.1));
#3458=CARTESIAN_POINT('',(2.9,0.498578643762697,-1.1));
#3459=CARTESIAN_POINT('Origin',(0.25040155172945,-0.59,-0.85));
#3460=CARTESIAN_POINT('',(1.2,-0.59,-1.1));
#3461=CARTESIAN_POINT('Origin',(1.2,-0.59,-0.85));
#3462=CARTESIAN_POINT('',(2.80028281521962,-0.594993161495589,-1.09996874124225));
#3463=CARTESIAN_POINT('Origin',(2.8,1.4146,-1.72904387170614));
#3464=CARTESIAN_POINT('',(2.8,0.69,-0.85));
#3465=CARTESIAN_POINT('',(2.8,0.69,-0.31722193585307));
#3466=CARTESIAN_POINT('',(2.8,0.59,-1.1));
#3467=CARTESIAN_POINT('',(2.8,1.31131825406948,-1.1));
#3468=CARTESIAN_POINT('Origin',(2.8,0.59,-0.85));
#3469=CARTESIAN_POINT('',(2.8,1.43960000529907,-0.85));
#3470=CARTESIAN_POINT('Origin',(0.250401553297634,0.59,-0.85));
#3471=CARTESIAN_POINT('',(1.2,0.59,-1.1));
#3472=CARTESIAN_POINT('Origin',(1.2,0.59,-0.850000000000001));
#3473=CARTESIAN_POINT('',(2.80285954792101,0.59,-1.1));
#3474=CARTESIAN_POINT('Origin',(5.6696,0.69,1.0946));
#3475=CARTESIAN_POINT('',(2.85384409927012,0.69,-0.65));
#3476=CARTESIAN_POINT('',(1.12,0.69,-0.65));
#3477=CARTESIAN_POINT('',(2.85384409927012,0.69,-0.65));
#3478=CARTESIAN_POINT('',(1.12,0.69,-0.199999999999999));
#3479=CARTESIAN_POINT('',(1.12,0.69,-0.65));
#3480=CARTESIAN_POINT('',(0.,0.69,-0.2));
#3481=CARTESIAN_POINT('',(1.12,0.69,-0.199999999999999));
#3482=CARTESIAN_POINT('',(-9.25185853854297E-18,0.69,-0.65));
#3483=CARTESIAN_POINT('',(0.,0.69,-0.2));
#3484=CARTESIAN_POINT('',(0.2,0.69,-0.85));
#3485=CARTESIAN_POINT('Origin',(0.2,0.69,-0.65));
#3486=CARTESIAN_POINT('',(1.2,0.69,-0.85));
#3487=CARTESIAN_POINT('',(0.2,0.69,-0.85));
#3488=CARTESIAN_POINT('',(1.2,0.69,-0.32));
#3489=CARTESIAN_POINT('',(4.3,0.69,-0.85));
#3490=CARTESIAN_POINT('',(2.95,0.69,-0.85));
#3491=CARTESIAN_POINT('',(4.6,0.69,-0.55));
#3492=CARTESIAN_POINT('Origin',(4.3,0.69,-0.55));
#3493=CARTESIAN_POINT('',(4.6,0.69,-0.55));
#3494=CARTESIAN_POINT('',(3.,0.69,0.15));
#3495=CARTESIAN_POINT('',(3.,0.69,0.35));
#3496=CARTESIAN_POINT('',(2.85384409927011,0.69,4.92650874910563E-5));
#3497=CARTESIAN_POINT('Origin',(2.85,0.690000000000002,0.149999999999999));
#3498=CARTESIAN_POINT('',(2.85384409927011,0.69,4.92650874910563E-5));
#3499=CARTESIAN_POINT('Origin',(5.6696,-0.69,-1.7446));
#3500=CARTESIAN_POINT('',(1.12,-0.69,-0.65));
#3501=CARTESIAN_POINT('',(2.85384409927012,-0.69,-0.65));
#3502=CARTESIAN_POINT('',(1.12,-0.69,-0.65));
#3503=CARTESIAN_POINT('',(2.85384409927013,-0.690000000000002,4.92650874914829E-5));
#3504=CARTESIAN_POINT('',(2.85384409927012,-0.69,-0.65));
#3505=CARTESIAN_POINT('',(3.,-0.69,0.15));
#3506=CARTESIAN_POINT('Origin',(2.85,-0.69,0.149999999999999));
#3507=CARTESIAN_POINT('',(3.,-0.69,0.15));
#3508=CARTESIAN_POINT('',(4.6,-0.69,-0.55));
#3509=CARTESIAN_POINT('',(4.6,-0.69,0.35));
#3510=CARTESIAN_POINT('',(4.3,-0.69,-0.85));
#3511=CARTESIAN_POINT('Origin',(4.3,-0.69,-0.55));
#3512=CARTESIAN_POINT('',(4.3,-0.69,-0.85));
#3513=CARTESIAN_POINT('',(1.2,-0.69,-0.85));
#3514=CARTESIAN_POINT('',(1.2,-0.69,-1.7396));
#3515=CARTESIAN_POINT('',(0.2,-0.69,-0.85));
#3516=CARTESIAN_POINT('',(1.05,-0.69,-0.85));
#3517=CARTESIAN_POINT('',(-3.70074341541719E-17,-0.69,-0.65));
#3518=CARTESIAN_POINT('Origin',(0.2,-0.69,-0.65));
#3519=CARTESIAN_POINT('',(0.,-0.69,-0.4));
#3520=CARTESIAN_POINT('',(-3.70074341541719E-17,-0.69,-0.65));
#3521=CARTESIAN_POINT('',(1.12,-0.69,-0.400000000000001));
#3522=CARTESIAN_POINT('',(0.,-0.69,-0.4));
#3523=CARTESIAN_POINT('',(1.12,-0.69,-0.400000000000001));
#3524=CARTESIAN_POINT('Origin',(2.85,-0.765,0.15));
#3525=CARTESIAN_POINT('',(3.,-0.84,0.15));
#3526=CARTESIAN_POINT('',(2.85384409927013,-0.690000000000002,4.92650874914829E-5));
#3527=CARTESIAN_POINT('Origin',(2.85,0.765,0.15));
#3528=CARTESIAN_POINT('',(3.,0.69,0.15));
#3529=CARTESIAN_POINT('',(2.85384409927011,0.839999999999998,4.92650874910794E-5));
#3530=CARTESIAN_POINT('Origin',(1.74460142399895,1.46460001059813,-0.85));
#3531=CARTESIAN_POINT('',(4.3,0.84,-0.85));
#3532=CARTESIAN_POINT('Origin',(3.6746,1.20803650813897,-1.1));
#3533=CARTESIAN_POINT('',(1.2,1.31381825406948,-1.1));
#3534=CARTESIAN_POINT('Origin',(1.2,1.4196,-1.7346));
#3535=CARTESIAN_POINT('',(1.2,1.44210000529907,-0.85));
#3536=CARTESIAN_POINT('',(1.2,1.44210000529907,-0.85));
#3537=CARTESIAN_POINT('Origin',(1.74460142399895,1.46460001059813,-0.85));
#3538=CARTESIAN_POINT('',(0.2,-0.84,-0.85));
#3539=CARTESIAN_POINT('Origin',(0.2,-0.0654000000000003,-0.65));
#3540=CARTESIAN_POINT('',(-2.77555756156289E-17,-0.84,-0.65));
#3541=CARTESIAN_POINT('Origin',(0.,-1.4646,-1.2846));
#3542=CARTESIAN_POINT('',(0.,-0.84,-0.4));
#3543=CARTESIAN_POINT('Origin',(3.,1.4796,1.2896));
#3544=CARTESIAN_POINT('',(3.,0.452,0.65));
#3545=CARTESIAN_POINT('',(3.,-0.08,0.5));
#3546=CARTESIAN_POINT('Origin',(2.2304,-0.5756,0.65));
#3547=CARTESIAN_POINT('',(4.6,0.452,0.65));
#3548=CARTESIAN_POINT('Origin',(2.2304,-0.5756,0.5));
#3549=CARTESIAN_POINT('',(4.6,0.452,0.5));
#3550=CARTESIAN_POINT('Origin',(4.6,1.4796,1.2896));
#3551=CARTESIAN_POINT('',(4.6,-0.84,-0.55));
#3552=CARTESIAN_POINT('Origin',(4.3,-1.4646,-0.55));
#3553=CARTESIAN_POINT('',(4.3,-0.84,-0.85));
#3554=CARTESIAN_POINT('Origin',(1.74460142399895,1.46460001059813,-0.85));
#3555=CARTESIAN_POINT('Origin',(1.74460142399895,1.46460001059813,-0.85));
#3556=CARTESIAN_POINT('',(0.2,0.69,-0.85));
#3557=CARTESIAN_POINT('Origin',(0.2,0.0653999999999968,-0.65));
#3558=CARTESIAN_POINT('',(-9.25185853854297E-18,0.69,-0.65));
#3559=CARTESIAN_POINT('Origin',(0.,1.4646,0.4546));
#3560=CARTESIAN_POINT('',(0.,0.69,-0.2));
#3561=CARTESIAN_POINT('Origin',(3.,1.4796,1.2896));
#3562=CARTESIAN_POINT('',(3.,0.08,0.5));
#3563=CARTESIAN_POINT('',(3.,0.54,0.65));
#3564=CARTESIAN_POINT('Origin',(4.6,1.4796,1.2896));
#3565=CARTESIAN_POINT('',(4.6,0.452,0.65));
#3566=CARTESIAN_POINT('',(4.6,0.452,0.5));
#3567=CARTESIAN_POINT('',(4.6,0.69,-0.55));
#3568=CARTESIAN_POINT('Origin',(4.3,0.0654000000000003,-0.55));
#3569=CARTESIAN_POINT('Origin',(2.2304,-0.5756,0.5));
#3570=CARTESIAN_POINT('Origin',(2.2304,-0.5756,0.65));
#3571=CARTESIAN_POINT('Origin',(2.85384409927012,1.4646,-1.32460492650875));
#3572=CARTESIAN_POINT('',(2.85384409927012,0.84,-0.65));
#3573=CARTESIAN_POINT('Origin',(1.12,0.0653999999999999,0.454599999999999));
#3574=CARTESIAN_POINT('',(1.12,0.84,-0.199999999999999));
#3575=CARTESIAN_POINT('',(1.12,0.69,-0.65));
#3576=CARTESIAN_POINT('Origin',(0.337015590072988,0.0653999999999999,-0.65));
#3577=CARTESIAN_POINT('Origin',(0.337015590072988,-1.4646,-0.65));
#3578=CARTESIAN_POINT('',(2.85384409927012,-0.84,-0.65));
#3579=CARTESIAN_POINT('',(1.12,-0.69,-0.65));
#3580=CARTESIAN_POINT('Origin',(1.12,-1.4646,0.2346));
#3581=CARTESIAN_POINT('',(1.12,-0.69,-0.400000000000001));
#3582=CARTESIAN_POINT('Origin',(2.85384409927012,-0.0653999999999997,-1.32460492650875));
#3583=CARTESIAN_POINT('Origin',(1.8416,-1.4646,-0.4));
#3584=CARTESIAN_POINT('Origin',(1.8416,0.0653999999999999,-0.2));
#3585=CARTESIAN_POINT('Origin',(-1.3296,11.6621,-0.825));
#3586=CARTESIAN_POINT('',(0.6,10.9,-0.825));
#3587=CARTESIAN_POINT('',(-0.6,10.9,-0.825));
#3588=CARTESIAN_POINT('',(0.6,10.9,-0.825));
#3589=CARTESIAN_POINT('',(0.6,9.375,-0.825));
#3590=CARTESIAN_POINT('',(0.6,9.375,-0.825));
#3591=CARTESIAN_POINT('',(-0.6,9.375,-0.825));
#3592=CARTESIAN_POINT('',(0.6,9.375,-0.825));
#3593=CARTESIAN_POINT('',(-0.6,10.7,-0.825));
#3594=CARTESIAN_POINT('Origin',(-1.3296,8.6129,-2.525));
#3595=CARTESIAN_POINT('',(-0.6,10.9,-2.525));
#3596=CARTESIAN_POINT('',(0.6,10.9,-2.525));
#3597=CARTESIAN_POINT('',(-0.4,10.9,-2.525));
#3598=CARTESIAN_POINT('',(-0.6,9.375,-2.525));
#3599=CARTESIAN_POINT('',(-0.6,9.375,-2.525));
#3600=CARTESIAN_POINT('',(0.6,9.375,-2.525));
#3601=CARTESIAN_POINT('',(-0.6,9.375,-2.525));
#3602=CARTESIAN_POINT('',(0.6,10.9,-2.525));
#3603=CARTESIAN_POINT('Origin',(1.8596,4.1234005717914,-5.89));
#3604=CARTESIAN_POINT('',(1.1,0.,-5.89));
#3605=CARTESIAN_POINT('',(-0.6,0.,-5.89));
#3606=CARTESIAN_POINT('',(1.1,0.,-5.89));
#3607=CARTESIAN_POINT('',(-0.6,3.19436415609622,-5.89));
#3608=CARTESIAN_POINT('',(-0.6,1.3319002858957,-5.89));
#3609=CARTESIAN_POINT('',(1.1,3.194364156174,-5.89));
#3610=CARTESIAN_POINT('',(-0.4,3.19436415610537,-5.89));
#3611=CARTESIAN_POINT('',(1.1,3.194364156174,-5.89));
#3612=CARTESIAN_POINT('Origin',(-1.3296,-0.7621,-5.065));
#3613=CARTESIAN_POINT('',(-0.6,0.,-5.065));
#3614=CARTESIAN_POINT('',(0.6,0.,-5.065));
#3615=CARTESIAN_POINT('',(-0.4,-9.25185853854297E-18,-5.065));
#3616=CARTESIAN_POINT('',(0.6,1.525,-5.065));
#3617=CARTESIAN_POINT('',(0.6,0.,-5.065));
#3618=CARTESIAN_POINT('',(-0.6,1.525,-5.065));
#3619=CARTESIAN_POINT('',(0.6,1.525,-5.065));
#3620=CARTESIAN_POINT('',(-0.6,0.2,-5.065));
#3621=CARTESIAN_POINT('Origin',(-1.3296,2.2871,-3.365));
#3622=CARTESIAN_POINT('',(0.6,0.,-3.365));
#3623=CARTESIAN_POINT('',(-0.6,0.,-3.365));
#3624=CARTESIAN_POINT('',(0.6,0.,-3.365));
#3625=CARTESIAN_POINT('',(-0.6,1.525,-3.365));
#3626=CARTESIAN_POINT('',(-0.6,1.525,-3.365));
#3627=CARTESIAN_POINT('',(0.6,1.525,-3.365));
#3628=CARTESIAN_POINT('',(-0.6,1.525,-3.365));
#3629=CARTESIAN_POINT('',(0.6,1.525,-3.365));
#3630=CARTESIAN_POINT('Origin',(1.8596,10.9,0.9596));
#3631=CARTESIAN_POINT('',(-0.6,10.9,0.));
#3632=CARTESIAN_POINT('',(-0.6,10.9,0.9591));
#3633=CARTESIAN_POINT('',(1.1,10.9,0.));
#3634=CARTESIAN_POINT('',(1.1,10.9,0.));
#3635=CARTESIAN_POINT('',(1.1,10.9,-3.5));
#3636=CARTESIAN_POINT('',(1.1,10.9,-3.5));
#3637=CARTESIAN_POINT('',(-0.6,10.9,-3.5));
#3638=CARTESIAN_POINT('',(-0.4,10.9,-3.5));
#3639=CARTESIAN_POINT('',(-0.6,10.9,0.9591));
#3640=CARTESIAN_POINT('',(0.6,10.9,-2.01510514803926));
#3641=CARTESIAN_POINT('',(0.6,10.9,-2.01510514803926));
#3642=CARTESIAN_POINT('',(-0.3,10.9,-2.01510514803926));
#3643=CARTESIAN_POINT('',(-0.3,10.9,-2.01510514803926));
#3644=CARTESIAN_POINT('',(-0.3,10.9,-1.334894851961));
#3645=CARTESIAN_POINT('',(-0.3,10.9,-1.334894851961));
#3646=CARTESIAN_POINT('',(0.6,10.9,-1.334894851961));
#3647=CARTESIAN_POINT('',(0.6,10.9,-1.334894851961));
#3648=CARTESIAN_POINT('',(0.6,10.9,-0.825));
#3649=CARTESIAN_POINT('Origin',(1.8596,11.4726,-4.));
#3650=CARTESIAN_POINT('',(-0.6,10.399999999898,-4.));
#3651=CARTESIAN_POINT('',(-0.6,5.77,-4.));
#3652=CARTESIAN_POINT('',(-0.6,5.0065,-4.));
#3653=CARTESIAN_POINT('',(1.1,10.4,-4.));
#3654=CARTESIAN_POINT('',(-0.4,10.39999999991,-4.));
#3655=CARTESIAN_POINT('',(1.1,5.77,-4.));
#3656=CARTESIAN_POINT('',(1.1,10.4,-4.));
#3657=CARTESIAN_POINT('',(1.1,5.77,-4.));
#3658=CARTESIAN_POINT('Origin',(1.8596,10.4,-3.5));
#3659=CARTESIAN_POINT('Origin',(-0.6,10.4,-3.5));
#3660=CARTESIAN_POINT('Origin',(1.1,10.4,-3.5));
#3661=CARTESIAN_POINT('Origin',(0.35,5.77,-6.2));
#3662=CARTESIAN_POINT('',(-0.6,3.6713337568825,-5.53999999999992));
#3663=CARTESIAN_POINT('Origin',(-0.6,5.77,-6.2));
#3664=CARTESIAN_POINT('',(1.1,3.67133375688275,-5.53999999999992));
#3665=CARTESIAN_POINT('Origin',(1.1,5.77,-6.19999999999999));
#3666=CARTESIAN_POINT('',(-0.4,3.67133375688261,-5.53999999999995));
#3667=CARTESIAN_POINT('Origin',(1.8596,3.194364156174,-5.39));
#3668=CARTESIAN_POINT('Origin',(-0.6,3.194364156174,-5.39));
#3669=CARTESIAN_POINT('Origin',(1.1,3.194364156174,-5.38999999999966));
#3670=CARTESIAN_POINT('Origin',(-0.6,-1.4596,0.9586));
#3671=CARTESIAN_POINT('',(-0.6,9.375,-0.625));
#3672=CARTESIAN_POINT('',(-0.6,9.375,-0.825));
#3673=CARTESIAN_POINT('',(-0.6,8.025,-0.625));
#3674=CARTESIAN_POINT('',(-0.6,9.375,-0.625));
#3675=CARTESIAN_POINT('',(-0.6,8.025,-2.725));
#3676=CARTESIAN_POINT('',(-0.6,8.025,-0.625));
#3677=CARTESIAN_POINT('',(-0.6,9.375,-2.725));
#3678=CARTESIAN_POINT('',(-0.6,8.025,-2.725));
#3679=CARTESIAN_POINT('',(-0.6,9.375,-2.725));
#3680=CARTESIAN_POINT('',(-0.6,0.,-2.965));
#3681=CARTESIAN_POINT('',(-0.6,1.525,-5.265));
#3682=CARTESIAN_POINT('',(-0.6,1.525,-5.065));
#3683=CARTESIAN_POINT('',(-0.6,2.875,-5.265));
#3684=CARTESIAN_POINT('',(-0.6,1.525,-5.265));
#3685=CARTESIAN_POINT('',(-0.6,2.875,-3.165));
#3686=CARTESIAN_POINT('',(-0.6,2.875,-5.265));
#3687=CARTESIAN_POINT('',(-0.6,1.525,-3.165));
#3688=CARTESIAN_POINT('',(-0.6,2.875,-3.165));
#3689=CARTESIAN_POINT('',(-0.6,1.525,-3.165));
#3690=CARTESIAN_POINT('',(-0.6,0.,-2.));
#3691=CARTESIAN_POINT('',(-0.6,0.,-2.965));
#3692=CARTESIAN_POINT('',(-0.6,2.,2.77555756156289E-16));
#3693=CARTESIAN_POINT('Origin',(-0.6,2.,-2.));
#3694=CARTESIAN_POINT('',(-0.6,-0.479600000000001,0.));
#3695=CARTESIAN_POINT('Origin',(1.8596,0.,-6.8886));
#3696=CARTESIAN_POINT('',(1.1,0.,-2.));
#3697=CARTESIAN_POINT('',(1.1,0.,-2.));
#3698=CARTESIAN_POINT('',(-0.4,-1.18720137887163E-16,-2.));
#3699=CARTESIAN_POINT('',(0.6,0.,-3.87489485196075));
#3700=CARTESIAN_POINT('',(0.6,0.,-3.365));
#3701=CARTESIAN_POINT('',(-0.3,0.,-3.87489485196075));
#3702=CARTESIAN_POINT('',(0.6,0.,-3.87489485196075));
#3703=CARTESIAN_POINT('',(-0.3,0.,-4.555105148039));
#3704=CARTESIAN_POINT('',(-0.3,0.,-3.87489485196075));
#3705=CARTESIAN_POINT('',(0.6,0.,-4.555105148039));
#3706=CARTESIAN_POINT('',(-0.3,0.,-4.555105148039));
#3707=CARTESIAN_POINT('',(0.6,0.,-4.555105148039));
#3708=CARTESIAN_POINT('Origin',(1.8596,2.,-2.));
#3709=CARTESIAN_POINT('',(1.1,2.,0.));
#3710=CARTESIAN_POINT('Origin',(1.1,2.,-2.));
#3711=CARTESIAN_POINT('',(1.1,2.,0.));
#3712=CARTESIAN_POINT('Origin',(1.8596,0.500399999999999,0.));
#3713=CARTESIAN_POINT('',(1.1,10.9,0.));
#3714=CARTESIAN_POINT('Origin',(-0.9996,-0.7621,-3.87489485196075));
#3715=CARTESIAN_POINT('',(0.6,1.525,-3.87489485196075));
#3716=CARTESIAN_POINT('',(0.6,0.,-3.87489485196075));
#3717=CARTESIAN_POINT('',(-0.14,1.525,-3.87489485196075));
#3718=CARTESIAN_POINT('',(0.6,1.525,-3.87489485196075));
#3719=CARTESIAN_POINT('',(-0.3,1.365,-3.87489485196075));
#3720=CARTESIAN_POINT('',(-0.14,1.525,-3.87489485196075));
#3721=CARTESIAN_POINT('',(-0.3,1.365,-3.87489485196075));
#3722=CARTESIAN_POINT('Origin',(0.6,3.7721,-2.3454));
#3723=CARTESIAN_POINT('',(0.6,1.525,-3.165));
#3724=CARTESIAN_POINT('',(0.6,1.525,-3.165));
#3725=CARTESIAN_POINT('',(0.6,2.875,-3.165));
#3726=CARTESIAN_POINT('',(0.6,2.875,-3.165));
#3727=CARTESIAN_POINT('',(0.6,2.875,-3.74));
#3728=CARTESIAN_POINT('',(0.6,2.875,-3.74));
#3729=CARTESIAN_POINT('',(0.6,1.675,-3.74));
#3730=CARTESIAN_POINT('',(0.6,1.675,-3.74));
#3731=CARTESIAN_POINT('',(0.6,1.675,-4.69));
#3732=CARTESIAN_POINT('',(0.6,1.675,-4.69));
#3733=CARTESIAN_POINT('',(0.6,2.875,-4.69));
#3734=CARTESIAN_POINT('',(0.6,2.875,-4.69));
#3735=CARTESIAN_POINT('',(0.6,2.875,-5.265));
#3736=CARTESIAN_POINT('',(0.6,2.875,-5.265));
#3737=CARTESIAN_POINT('',(0.6,1.525,-5.265));
#3738=CARTESIAN_POINT('',(0.6,1.525,-5.265));
#3739=CARTESIAN_POINT('',(0.6,1.525,-5.065));
#3740=CARTESIAN_POINT('',(0.6,1.525,-4.555105148039));
#3741=CARTESIAN_POINT('',(0.6,1.525,-4.555105148039));
#3742=CARTESIAN_POINT('',(0.6,1.525,-3.87489485196075));
#3743=CARTESIAN_POINT('Origin',(2.9696000001584,9.225,-2.7046));
#3744=CARTESIAN_POINT('',(2.20000000014397,9.225,-1.875));
#3745=CARTESIAN_POINT('',(2.20000000014397,9.225,-1.475));
#3746=CARTESIAN_POINT('',(2.200000000144,9.225,-1.725));
#3747=CARTESIAN_POINT('',(1.9,9.225,-1.475));
#3748=CARTESIAN_POINT('',(2.85336233416997,9.225,-1.475));
#3749=CARTESIAN_POINT('',(1.9,9.225,-1.325));
#3750=CARTESIAN_POINT('',(1.9,9.225,-1.625));
#3751=CARTESIAN_POINT('',(0.6,9.225,-1.325));
#3752=CARTESIAN_POINT('',(0.6,9.225,-1.325));
#3753=CARTESIAN_POINT('',(0.6,9.225,-2.025));
#3754=CARTESIAN_POINT('',(0.6,9.225,-1.325));
#3755=CARTESIAN_POINT('',(1.9,9.225,-2.025));
#3756=CARTESIAN_POINT('',(1.9,9.225,-2.025));
#3757=CARTESIAN_POINT('',(1.9,9.225,-1.875));
#3758=CARTESIAN_POINT('',(1.9,9.225,-2.025));
#3759=CARTESIAN_POINT('',(2.85336233417061,9.225,-1.875));
#3760=CARTESIAN_POINT('Origin',(3.08635194755557,10.1113519474116,-0.599958441226624));
#3761=CARTESIAN_POINT('',(2.050000000144,9.07499999999991,-1.875));
#3762=CARTESIAN_POINT('',(2.34005714085935,9.36505714071538,-1.875));
#3763=CARTESIAN_POINT('',(2.450000000144,9.47500000000003,-2.275));
#3764=CARTESIAN_POINT('',(2.68698398261437,9.7119839824704,-2.51198398247037));
#3765=CARTESIAN_POINT('',(2.450000000144,9.47500000000003,-1.075));
#3766=CARTESIAN_POINT('',(2.45000000014383,9.47499999999862,-2.06286796564465));
#3767=CARTESIAN_POINT('',(2.050000000144,9.07500000000005,-1.475));
#3768=CARTESIAN_POINT('',(2.58698398261461,9.61198398247064,-0.938016017529393));
#3769=CARTESIAN_POINT('',(2.91485714085919,9.93985714071522,-1.475));
#3770=CARTESIAN_POINT('Origin',(2.73712466818282,7.47539999999946,-1.875));
#3771=CARTESIAN_POINT('',(1.9,8.025,-1.875));
#3772=CARTESIAN_POINT('',(2.200000000144,8.025,-1.875));
#3773=CARTESIAN_POINT('',(2.91336233417061,8.025,-1.875));
#3774=CARTESIAN_POINT('',(2.050000000144,8.175,-1.875));
#3775=CARTESIAN_POINT('',(2.91485714086022,7.31014285928379,-1.875));
#3776=CARTESIAN_POINT('',(2.05000000014342,8.38713203435398,-1.87499999999996));
#3777=CARTESIAN_POINT('',(1.9,8.175,-1.875));
#3778=CARTESIAN_POINT('Origin',(3.08635194755675,7.13864805258725,-2.75004155877338));
#3779=CARTESIAN_POINT('',(2.200000000144,8.025,-1.475));
#3780=CARTESIAN_POINT('',(2.05000000014401,8.17499999999997,-1.47499999999999));
#3781=CARTESIAN_POINT('',(2.34005714085973,7.88494285928427,-1.475));
#3782=CARTESIAN_POINT('',(2.450000000144,7.775,-1.075));
#3783=CARTESIAN_POINT('',(2.68698398261501,7.53801601752899,-0.838016017528993));
#3784=CARTESIAN_POINT('',(2.450000000144,7.775,-2.275));
#3785=CARTESIAN_POINT('',(2.450000000144,7.77499999999946,-1.28713203435544));
#3786=CARTESIAN_POINT('',(2.58698398261526,7.63801601752874,-2.41198398247126));
#3787=CARTESIAN_POINT('',(2.200000000144,8.025,-1.625));
#3788=CARTESIAN_POINT('Origin',(2.80351191201338,1.12539999999985,-4.515));
#3789=CARTESIAN_POINT('',(2.20000000000001,1.675,-4.515));
#3790=CARTESIAN_POINT('',(1.9,1.675,-4.515));
#3791=CARTESIAN_POINT('',(2.88668078079471,1.675,-4.515));
#3792=CARTESIAN_POINT('',(2.15,1.725,-4.515));
#3793=CARTESIAN_POINT('',(2.93058841790489,0.944411582095117,-4.515));
#3794=CARTESIAN_POINT('',(2.15,2.825,-4.515));
#3795=CARTESIAN_POINT('',(2.15000000000005,1.93713203435598,-4.515));
#3796=CARTESIAN_POINT('',(2.2,2.875,-4.515));
#3797=CARTESIAN_POINT('',(2.35578841790365,3.03078841790365,-4.515));
#3798=CARTESIAN_POINT('',(1.9,2.875,-4.515));
#3799=CARTESIAN_POINT('',(2.94668078080355,2.875,-4.515));
#3800=CARTESIAN_POINT('',(1.9,2.725,-4.515));
#3801=CARTESIAN_POINT('Origin',(3.08462087980301,0.790379120196995,-5.29004155877271));
#3802=CARTESIAN_POINT('',(2.20000000000001,1.675,-3.915));
#3803=CARTESIAN_POINT('',(2.20000000000001,1.675,-4.16272077938635));
#3804=CARTESIAN_POINT('',(2.15,1.72500000000001,-3.915));
#3805=CARTESIAN_POINT('',(2.35578841790501,1.519211582095,-3.915));
#3806=CARTESIAN_POINT('',(2.45,1.42500000000001,-3.615));
#3807=CARTESIAN_POINT('',(2.68307362660098,1.19192637339903,-3.38192637339902));
#3808=CARTESIAN_POINT('',(2.45,1.42500000000001,-4.815));
#3809=CARTESIAN_POINT('',(2.45,1.42500000000004,-4.60286796564396));
#3810=CARTESIAN_POINT('',(2.58307362660099,1.29192637339901,-4.94807362660099));
#3811=CARTESIAN_POINT('Origin',(3.08462087980068,3.75962087980068,-3.1399584412274));
#3812=CARTESIAN_POINT('',(2.45,3.125,-3.615));
#3813=CARTESIAN_POINT('',(2.15,2.825,-3.915));
#3814=CARTESIAN_POINT('',(2.58307362660016,3.25807362660016,-3.48192637339984));
#3815=CARTESIAN_POINT('',(2.2,2.875,-3.915));
#3816=CARTESIAN_POINT('',(2.93058841790391,3.60558841790391,-3.915));
#3817=CARTESIAN_POINT('',(2.2,2.875,-4.6122792206137));
#3818=CARTESIAN_POINT('',(2.45,3.125,-4.815));
#3819=CARTESIAN_POINT('',(2.68307362660026,3.35807362660026,-5.04807362660026));
#3820=CARTESIAN_POINT('',(2.45000000000001,3.12499999999997,-3.82713203435621));
#3821=CARTESIAN_POINT('Origin',(3.08984964959373,2.875,-6.0846));
#3822=CARTESIAN_POINT('',(1.9,2.875,-3.915));
#3823=CARTESIAN_POINT('',(2.94668078080394,2.875,-3.915));
#3824=CARTESIAN_POINT('',(1.9,2.875,-3.74));
#3825=CARTESIAN_POINT('',(1.9,2.875,-4.065));
#3826=CARTESIAN_POINT('',(0.6,2.875,-3.74));
#3827=CARTESIAN_POINT('',(-0.6,2.875,-3.165));
#3828=CARTESIAN_POINT('',(0.6,2.875,-5.265));
#3829=CARTESIAN_POINT('',(1.9,2.875,-4.69));
#3830=CARTESIAN_POINT('',(1.9,2.875,-4.69));
#3831=CARTESIAN_POINT('',(1.9,2.875,-4.69));
#3832=CARTESIAN_POINT('Origin',(1.9,3.6046,-4.7071));
#3833=CARTESIAN_POINT('',(1.9,8.025,-2.025));
#3834=CARTESIAN_POINT('',(1.9,8.025,-2.025));
#3835=CARTESIAN_POINT('',(1.9,8.025,-1.725));
#3836=CARTESIAN_POINT('Origin',(1.9,3.6046,-4.7071));
#3837=CARTESIAN_POINT('',(1.9,8.025,-1.475));
#3838=CARTESIAN_POINT('',(1.9,8.175,-1.475));
#3839=CARTESIAN_POINT('',(1.9,8.025,-1.325));
#3840=CARTESIAN_POINT('',(1.9,8.025,-1.325));
#3841=CARTESIAN_POINT('',(1.9,9.225,-1.325));
#3842=CARTESIAN_POINT('Origin',(3.0896000001584,8.025,0.1946));
#3843=CARTESIAN_POINT('',(0.6,8.025,-2.025));
#3844=CARTESIAN_POINT('',(0.6,8.025,-2.025));
#3845=CARTESIAN_POINT('',(0.6,8.025,-2.725));
#3846=CARTESIAN_POINT('',(0.6,8.025,-2.025));
#3847=CARTESIAN_POINT('',(-0.6,8.025,-2.725));
#3848=CARTESIAN_POINT('',(0.6,8.025,-0.625));
#3849=CARTESIAN_POINT('',(0.6,8.025,-0.625));
#3850=CARTESIAN_POINT('',(0.6,8.025,-1.325));
#3851=CARTESIAN_POINT('',(0.6,8.025,-0.625));
#3852=CARTESIAN_POINT('',(1.9,8.025,-1.325));
#3853=CARTESIAN_POINT('',(2.91336233416997,8.025,-1.475));
#3854=CARTESIAN_POINT('Origin',(2.96984964957604,1.675,-3.0354));
#3855=CARTESIAN_POINT('',(1.9,1.675,-3.915));
#3856=CARTESIAN_POINT('',(2.88668078079509,1.675,-3.915));
#3857=CARTESIAN_POINT('',(1.9,1.675,-4.69));
#3858=CARTESIAN_POINT('',(1.9,1.675,-4.365));
#3859=CARTESIAN_POINT('',(0.6,1.675,-4.69));
#3860=CARTESIAN_POINT('',(1.9,1.675,-3.74));
#3861=CARTESIAN_POINT('',(1.9,1.675,-3.74));
#3862=CARTESIAN_POINT('',(1.9,1.675,-3.74));
#3863=CARTESIAN_POINT('Origin',(1.9,3.6046,-4.7071));
#3864=CARTESIAN_POINT('',(1.9,2.875,-3.74));
#3865=CARTESIAN_POINT('',(1.9,1.825,-3.915));
#3866=CARTESIAN_POINT('Origin',(2.80351191201414,3.42460000000013,-3.915));
#3867=CARTESIAN_POINT('',(2.15000000000067,1.93713203435548,-3.91499999999995));
#3868=CARTESIAN_POINT('Origin',(3.0896,3.65004155877279,-5.4546));
#3869=CARTESIAN_POINT('',(2.45000000000001,1.63713203435602,-4.81499999999997));
#3870=CARTESIAN_POINT('Origin',(2.45,4.3919780223148,-6.3319780223148));
#3871=CARTESIAN_POINT('',(2.44999999999979,3.29728623394205,-4.94495858645901));
#3872=CARTESIAN_POINT('Origin',(2.44999999999986,2.275,-4.215));
#3873=CARTESIAN_POINT('',(2.44999999999995,1.63713203435602,-3.61500000000067));
#3874=CARTESIAN_POINT('Origin',(3.08959999999989,0.899958441227223,-2.97540000000011));
#3875=CARTESIAN_POINT('Origin',(3.09960000014428,10.0000415587719,-2.92460000000028));
#3876=CARTESIAN_POINT('',(2.45000000014404,7.98713203435352,-2.27500000000058));
#3877=CARTESIAN_POINT('Origin',(3.09960000014428,7.24995844122662,-0.425399999999724));
#3878=CARTESIAN_POINT('',(2.45000000014404,9.26286796564448,-1.07499999999942));
#3879=CARTESIAN_POINT('',(2.05000000014342,8.86286796564402,-1.47500000000004));
#3880=CARTESIAN_POINT('Origin',(-0.3,11.6461,-0.657273822353174));
#3881=CARTESIAN_POINT('',(-0.3,9.535,-1.334894851961));
#3882=CARTESIAN_POINT('',(-0.3,9.535,-1.334894851961));
#3883=CARTESIAN_POINT('',(-0.3,9.535,-2.01510514803926));
#3884=CARTESIAN_POINT('',(-0.3,10.9,-2.01510514803926));
#3885=CARTESIAN_POINT('',(-0.3,9.535,-2.01510514803926));
#3886=CARTESIAN_POINT('Origin',(-0.9996,8.6129,-1.334894851961));
#3887=CARTESIAN_POINT('',(-0.14,9.375,-1.334894851961));
#3888=CARTESIAN_POINT('',(0.6,9.375,-1.334894851961));
#3889=CARTESIAN_POINT('',(-0.14,9.375,-1.334894851961));
#3890=CARTESIAN_POINT('',(0.6,9.375,-1.334894851961));
#3891=CARTESIAN_POINT('',(-0.3,9.535,-1.334894851961));
#3892=CARTESIAN_POINT('Origin',(0.485599999999999,8.7494,-0.657273822353174));
#3893=CARTESIAN_POINT('',(-0.14,9.375,-2.01510514803926));
#3894=CARTESIAN_POINT('',(-0.3,9.535,-2.01510514803926));
#3895=CARTESIAN_POINT('',(-0.14,9.375,-2.01510514803926));
#3896=CARTESIAN_POINT('Origin',(1.2996,8.6129,-2.01510514803926));
#3897=CARTESIAN_POINT('',(0.6,9.375,-2.01510514803926));
#3898=CARTESIAN_POINT('',(0.6,10.9,-2.01510514803926));
#3899=CARTESIAN_POINT('',(0.6,9.375,-2.01510514803926));
#3900=CARTESIAN_POINT('Origin',(-1.3296,0.7804,-5.265));
#3901=CARTESIAN_POINT('',(-0.6,1.525,-5.265));
#3902=CARTESIAN_POINT('Origin',(-0.1396,0.9454,-4.69));
#3903=CARTESIAN_POINT('',(1.9,1.675,-4.69));
#3904=CARTESIAN_POINT('Origin',(-1.3296,3.6196,-3.165));
#3905=CARTESIAN_POINT('',(0.6,1.525,-3.165));
#3906=CARTESIAN_POINT('Origin',(-0.1396,3.6046,-3.74));
#3907=CARTESIAN_POINT('Origin',(5.13066087982138,2.275,-4.215));
#3908=CARTESIAN_POINT('',(1.96537087982185,3.45504775227377,-5.05760744261643));
#3909=CARTESIAN_POINT('',(5.13066087982138,2.42464958681318,-4.32185657032971));
#3910=CARTESIAN_POINT('',(1.96537087982197,2.27500000000001,-5.665));
#3911=CARTESIAN_POINT('Origin',(1.96537087982186,2.2750000000003,-4.21499999999982));
#3912=CARTESIAN_POINT('Origin',(1.96537087982186,2.2750000000003,-4.21499999999982));
#3913=CARTESIAN_POINT('Origin',(0.4038629120178,2.275,-4.215));
#3914=CARTESIAN_POINT('',(1.1,2.27500000000001,-5.665));
#3915=CARTESIAN_POINT('Origin',(1.1,2.275,-4.215));
#3916=CARTESIAN_POINT('',(0.4038629120178,2.27500000000001,-5.665));
#3917=CARTESIAN_POINT('Origin',(-0.1396,9.9546,-1.325));
#3918=CARTESIAN_POINT('',(0.6,8.025,-1.325));
#3919=CARTESIAN_POINT('Origin',(-1.3296,10.1196,-0.625));
#3920=CARTESIAN_POINT('',(0.6,9.375,-0.625));
#3921=CARTESIAN_POINT('',(0.6,9.375,-0.625));
#3922=CARTESIAN_POINT('',(-0.6,9.375,-0.625));
#3923=CARTESIAN_POINT('Origin',(-1.3296,7.2804,-2.725));
#3924=CARTESIAN_POINT('',(0.6,9.375,-2.725));
#3925=CARTESIAN_POINT('',(0.6,8.025,-2.725));
#3926=CARTESIAN_POINT('',(0.6,9.375,-2.725));
#3927=CARTESIAN_POINT('Origin',(-0.1396,7.2954,-2.025));
#3928=CARTESIAN_POINT('',(0.6,9.225,-2.025));
#3929=CARTESIAN_POINT('Origin',(2.73712466818154,9.77460000000012,-1.475));
#3930=CARTESIAN_POINT('Origin',(1.9,3.6046,-4.7071));
#3931=CARTESIAN_POINT('Origin',(2.450000000144,10.7419780222453,0.44197802224542));
#3932=CARTESIAN_POINT('',(2.4500000001442,7.60271376610431,-0.945041413574096));
#3933=CARTESIAN_POINT('Origin',(2.45000000014412,8.625,-1.67499999999996));
#3934=CARTESIAN_POINT('Origin',(0.4038629120178,8.625,-1.675));
#3935=CARTESIAN_POINT('',(1.1,8.62500000000001,-3.125));
#3936=CARTESIAN_POINT('Origin',(1.1,8.625,-1.675));
#3937=CARTESIAN_POINT('',(1.96537087982226,8.62500000000001,-3.125));
#3938=CARTESIAN_POINT('',(0.4038629120178,8.62500000000001,-3.125));
#3939=CARTESIAN_POINT('',(1.96537087982204,7.44495224772565,-0.832392557383155));
#3940=CARTESIAN_POINT('Origin',(1.96537087982214,8.62499999999965,-1.67499999999978));
#3941=CARTESIAN_POINT('Origin',(1.96537087982214,8.62499999999965,-1.67499999999978));
#3942=CARTESIAN_POINT('Origin',(5.13066087982317,8.625,-1.675));
#3943=CARTESIAN_POINT('',(5.13066087982317,8.47535041318675,-1.56814342967024));
#3944=CARTESIAN_POINT('Origin',(1.1,-1.6996,-7.0886));
#3945=CARTESIAN_POINT('Origin',(-0.3,-0.7461,-5.23272617764682));
#3946=CARTESIAN_POINT('',(-0.3,1.365,-4.555105148039));
#3947=CARTESIAN_POINT('',(-0.3,1.365,-4.555105148039));
#3948=CARTESIAN_POINT('',(-0.3,1.365,-3.87489485196075));
#3949=CARTESIAN_POINT('Origin',(1.2996,-0.7621,-4.555105148039));
#3950=CARTESIAN_POINT('',(-0.14,1.525,-4.555105148039));
#3951=CARTESIAN_POINT('',(-0.14,1.525,-4.555105148039));
#3952=CARTESIAN_POINT('',(-0.3,1.365,-4.555105148039));
#3953=CARTESIAN_POINT('Origin',(0.4856,2.1506,-5.23272617764682));
#3954=CARTESIAN_POINT('',(-0.14,1.525,-3.87489485196075));
#3955=CARTESIAN_POINT('Origin',(-1.3296,1.525,-4.4354));
#3956=CARTESIAN_POINT('Origin',(-1.3296,1.525,-2.5354));
#3957=CARTESIAN_POINT('Origin',(-0.8236,1.525,-3.19727382235292));
#3958=CARTESIAN_POINT('Origin',(0.6,11.7971,0.1946));
#3959=CARTESIAN_POINT('',(0.6,9.375,-2.525));
#3960=CARTESIAN_POINT('',(0.6,9.375,-0.625));
#3961=CARTESIAN_POINT('',(0.6,9.375,-1.334894851961));
#3962=CARTESIAN_POINT('Origin',(-1.3296,9.375,-3.3546));
#3963=CARTESIAN_POINT('Origin',(-0.8236,9.375,-2.69272617764709));
#3964=CARTESIAN_POINT('Origin',(-1.3296,9.375,-1.4546));
#3965=CARTESIAN_POINT('',(0.6,2.8,-4.215));
#3966=CARTESIAN_POINT('',(0.6,8.1,-1.675));
#3967=UNCERTAINTY_MEASURE_WITH_UNIT(LENGTH_MEASURE(0.01),#3973,
'DISTANCE_ACCURACY_VALUE',
'Maximum model space distance between geometric entities at asserted c
onnectivities');
#3968=UNCERTAINTY_MEASURE_WITH_UNIT(LENGTH_MEASURE(0.01),#3973,
'DISTANCE_ACCURACY_VALUE',
'Maximum model space distance between geometric entities at asserted c
onnectivities');
#3969=UNCERTAINTY_MEASURE_WITH_UNIT(LENGTH_MEASURE(0.01),#3973,
'DISTANCE_ACCURACY_VALUE',
'Maximum model space distance between geometric entities at asserted c
onnectivities');
#3970=(
GEOMETRIC_REPRESENTATION_CONTEXT(3)
GLOBAL_UNCERTAINTY_ASSIGNED_CONTEXT((#3967))
GLOBAL_UNIT_ASSIGNED_CONTEXT((#3973,#3975,#3976))
REPRESENTATION_CONTEXT('','3D')
);
#3971=(
GEOMETRIC_REPRESENTATION_CONTEXT(3)
GLOBAL_UNCERTAINTY_ASSIGNED_CONTEXT((#3968))
GLOBAL_UNIT_ASSIGNED_CONTEXT((#3973,#3975,#3976))
REPRESENTATION_CONTEXT('','3D')
);
#3972=(
GEOMETRIC_REPRESENTATION_CONTEXT(3)
GLOBAL_UNCERTAINTY_ASSIGNED_CONTEXT((#3969))
GLOBAL_UNIT_ASSIGNED_CONTEXT((#3973,#3975,#3976))
REPRESENTATION_CONTEXT('','3D')
);
#3973=(
LENGTH_UNIT()
NAMED_UNIT(*)
SI_UNIT(.MILLI.,.METRE.)
);
#3974=(
LENGTH_UNIT()
NAMED_UNIT(*)
SI_UNIT($,.METRE.)
);
#3975=(
NAMED_UNIT(*)
PLANE_ANGLE_UNIT()
SI_UNIT($,.RADIAN.)
);
#3976=(
NAMED_UNIT(*)
SI_UNIT($,.STERADIAN.)
SOLID_ANGLE_UNIT()
);
#3977=SHAPE_DEFINITION_REPRESENTATION(#3979,#3983);
#3978=SHAPE_DEFINITION_REPRESENTATION(#3980,#3984);
#3979=PRODUCT_DEFINITION_SHAPE('',$,#3986);
#3980=PRODUCT_DEFINITION_SHAPE('',$,#3987);
#3981=PRODUCT_DEFINITION_SHAPE($,$,#17);
#3982=PRODUCT_DEFINITION_SHAPE($,$,#18);
#3983=SHAPE_REPRESENTATION('',(#2459,#2625,#2626),#3970);
#3984=SHAPE_REPRESENTATION('',(#2460),#3971);
#3985=PRODUCT_DEFINITION_CONTEXT('part definition',#3993,'design');
#3986=PRODUCT_DEFINITION('Document','(Unsaved)',#3988,#3985);
#3987=PRODUCT_DEFINITION('CPG151101S11_id11_x_t',
'CPG151101S11_id11_x_t',#3989,#3985);
#3988=PRODUCT_DEFINITION_FORMATION('',$,#3995);
#3989=PRODUCT_DEFINITION_FORMATION('',$,#3996);
#3990=PRODUCT_RELATED_PRODUCT_CATEGORY('(Unsaved)','(Unsaved)',(#3995));
#3991=PRODUCT_RELATED_PRODUCT_CATEGORY('CPG151101S11_id11_x_t',
'CPG151101S11_id11_x_t',(#3996));
#3992=APPLICATION_PROTOCOL_DEFINITION('international standard',
'automotive_design',2009,#3993);
#3993=APPLICATION_CONTEXT(
'Core Data for Automotive Mechanical Design Process');
#3994=PRODUCT_CONTEXT('part definition',#3993,'mechanical');
#3995=PRODUCT('Document','(Unsaved)',$,(#3994));
#3996=PRODUCT('CPG151101S11_id11_x_t','CPG151101S11_id11_x_t',
'Rhino converted to STEP',(#3994));
#3997=PRESENTATION_STYLE_ASSIGNMENT((#3998));
#3998=SURFACE_STYLE_USAGE(.BOTH.,#3999);
#3999=SURFACE_SIDE_STYLE('',(#4000));
#4000=SURFACE_STYLE_FILL_AREA(#4001);
#4001=FILL_AREA_STYLE('Aluminum - Satin',(#4002));
#4002=FILL_AREA_STYLE_COLOUR('Aluminum - Satin',#4003);
#4003=COLOUR_RGB('Aluminum - Satin',0.96078431372549,0.96078431372549,0.964705882352941);
ENDSEC;
END-ISO-10303-21;
