ISO-10303-21;
HEADER;
/* Generated by software containing ST-Developer
 * from STEP Tools, Inc. (www.steptools.com) 
 */
/* OPTION: using custom schema-name function */

FILE_DESCRIPTION(
/* description */ (''),
/* implementation_level */ '2;1');

FILE_NAME(
/* name */ 'T4-3D~1',
/* time_stamp */ '2026-07-05T17:29:49+08:00',
/* author */ (''),
/* organization */ (''),
/* preprocessor_version */ 'ST-DEVELOPER v15',
/* originating_system */ '',
/* authorisation */ '');

FILE_SCHEMA (('AUTOMOTIVE_DESIGN'));
ENDSEC;

DATA;
#10=SHAPE_REPRESENTATION_RELATIONSHIP('','',#2177,#13);
#11=PRESENTATION_LAYER_ASSIGNMENT('\X2\98848BBE503C\X0\','',(#12));
#12=MANIFOLD_SOLID_BREP('brep_1',#14);
#13=ADVANCED_BREP_SHAPE_REPRESENTATION('brep_rep_0',(#12,#2237),#2176);
#14=CLOSED_SHELL('',(#15,#16,#17,#18,#19,#20,#21,#22,#23,#24,#25,#26,#27,
#28,#29,#30,#31,#32,#33,#34,#35,#36,#37,#38,#39,#40,#41,#42,#43,#44,#45,
#46,#47,#48,#49,#50,#51,#52,#53,#54,#55,#56,#57,#58,#59,#60,#61,#62,#63,
#64,#65,#66,#67,#68,#69,#70,#71,#72,#73,#74,#75,#76,#77,#78,#79,#80,#81,
#82,#83,#84,#85,#86,#87,#88));
#15=ADVANCED_FACE('',(#89),#2101,.T.);
#16=ADVANCED_FACE('',(#90),#2102,.T.);
#17=ADVANCED_FACE('',(#91),#2103,.T.);
#18=ADVANCED_FACE('',(#92),#2104,.T.);
#19=ADVANCED_FACE('',(#93),#2105,.T.);
#20=ADVANCED_FACE('',(#94),#2106,.T.);
#21=ADVANCED_FACE('',(#95),#2107,.T.);
#22=ADVANCED_FACE('',(#96),#2108,.T.);
#23=ADVANCED_FACE('',(#97),#2109,.T.);
#24=ADVANCED_FACE('',(#98),#2110,.T.);
#25=ADVANCED_FACE('',(#99),#2085,.T.);
#26=ADVANCED_FACE('',(#100),#2111,.T.);
#27=ADVANCED_FACE('',(#101),#2086,.T.);
#28=ADVANCED_FACE('',(#102),#2112,.T.);
#29=ADVANCED_FACE('',(#103),#2113,.T.);
#30=ADVANCED_FACE('',(#104),#2114,.T.);
#31=ADVANCED_FACE('',(#105),#2115,.T.);
#32=ADVANCED_FACE('',(#106),#2116,.T.);
#33=ADVANCED_FACE('',(#107),#2087,.T.);
#34=ADVANCED_FACE('',(#108),#2117,.T.);
#35=ADVANCED_FACE('',(#109),#2088,.T.);
#36=ADVANCED_FACE('',(#110),#2118,.T.);
#37=ADVANCED_FACE('',(#111),#2119,.T.);
#38=ADVANCED_FACE('',(#112),#2120,.T.);
#39=ADVANCED_FACE('',(#113),#2121,.T.);
#40=ADVANCED_FACE('',(#114),#2122,.T.);
#41=ADVANCED_FACE('',(#115),#2123,.T.);
#42=ADVANCED_FACE('',(#116),#2124,.T.);
#43=ADVANCED_FACE('',(#117),#2125,.T.);
#44=ADVANCED_FACE('',(#118),#2126,.T.);
#45=ADVANCED_FACE('',(#119),#2127,.T.);
#46=ADVANCED_FACE('',(#120),#2128,.T.);
#47=ADVANCED_FACE('',(#121),#2129,.T.);
#48=ADVANCED_FACE('',(#122),#2089,.T.);
#49=ADVANCED_FACE('',(#123),#2130,.T.);
#50=ADVANCED_FACE('',(#124),#2090,.T.);
#51=ADVANCED_FACE('',(#125),#2131,.T.);
#52=ADVANCED_FACE('',(#126),#2132,.T.);
#53=ADVANCED_FACE('',(#127),#2133,.T.);
#54=ADVANCED_FACE('',(#128),#2134,.T.);
#55=ADVANCED_FACE('',(#129),#2135,.T.);
#56=ADVANCED_FACE('',(#130),#2091,.T.);
#57=ADVANCED_FACE('',(#131),#2136,.T.);
#58=ADVANCED_FACE('',(#132),#2092,.T.);
#59=ADVANCED_FACE('',(#133),#2137,.T.);
#60=ADVANCED_FACE('',(#134),#2138,.T.);
#61=ADVANCED_FACE('',(#135),#2139,.T.);
#62=ADVANCED_FACE('',(#136),#2140,.T.);
#63=ADVANCED_FACE('',(#137),#2141,.T.);
#64=ADVANCED_FACE('',(#138),#2142,.T.);
#65=ADVANCED_FACE('',(#139),#2093,.T.);
#66=ADVANCED_FACE('',(#140),#2094,.T.);
#67=ADVANCED_FACE('',(#141),#2095,.T.);
#68=ADVANCED_FACE('',(#142),#2096,.T.);
#69=ADVANCED_FACE('',(#143),#2097,.T.);
#70=ADVANCED_FACE('',(#144),#2098,.T.);
#71=ADVANCED_FACE('',(#145),#2099,.T.);
#72=ADVANCED_FACE('',(#146),#2100,.T.);
#73=ADVANCED_FACE('',(#147),#2143,.T.);
#74=ADVANCED_FACE('',(#148),#2144,.T.);
#75=ADVANCED_FACE('',(#149),#2145,.T.);
#76=ADVANCED_FACE('',(#150),#2146,.T.);
#77=ADVANCED_FACE('',(#151),#2147,.T.);
#78=ADVANCED_FACE('',(#152),#2148,.T.);
#79=ADVANCED_FACE('',(#153),#2149,.T.);
#80=ADVANCED_FACE('',(#154),#2150,.T.);
#81=ADVANCED_FACE('',(#155),#2151,.T.);
#82=ADVANCED_FACE('',(#156),#2152,.T.);
#83=ADVANCED_FACE('',(#157),#2153,.T.);
#84=ADVANCED_FACE('',(#158),#2154,.T.);
#85=ADVANCED_FACE('',(#159),#2155,.T.);
#86=ADVANCED_FACE('',(#160),#2156,.T.);
#87=ADVANCED_FACE('',(#161),#2157,.T.);
#88=ADVANCED_FACE('',(#162),#2158,.T.);
#89=FACE_OUTER_BOUND('',#163,.T.);
#90=FACE_OUTER_BOUND('',#164,.T.);
#91=FACE_OUTER_BOUND('',#165,.T.);
#92=FACE_OUTER_BOUND('',#166,.T.);
#93=FACE_OUTER_BOUND('',#167,.T.);
#94=FACE_OUTER_BOUND('',#168,.T.);
#95=FACE_OUTER_BOUND('',#169,.T.);
#96=FACE_OUTER_BOUND('',#170,.T.);
#97=FACE_OUTER_BOUND('',#171,.T.);
#98=FACE_OUTER_BOUND('',#172,.T.);
#99=FACE_OUTER_BOUND('',#173,.T.);
#100=FACE_OUTER_BOUND('',#174,.T.);
#101=FACE_OUTER_BOUND('',#175,.T.);
#102=FACE_OUTER_BOUND('',#176,.T.);
#103=FACE_OUTER_BOUND('',#177,.T.);
#104=FACE_OUTER_BOUND('',#178,.T.);
#105=FACE_OUTER_BOUND('',#179,.T.);
#106=FACE_OUTER_BOUND('',#180,.T.);
#107=FACE_OUTER_BOUND('',#181,.T.);
#108=FACE_OUTER_BOUND('',#182,.T.);
#109=FACE_OUTER_BOUND('',#183,.T.);
#110=FACE_OUTER_BOUND('',#184,.T.);
#111=FACE_OUTER_BOUND('',#185,.T.);
#112=FACE_OUTER_BOUND('',#186,.T.);
#113=FACE_OUTER_BOUND('',#187,.T.);
#114=FACE_OUTER_BOUND('',#188,.T.);
#115=FACE_OUTER_BOUND('',#189,.T.);
#116=FACE_OUTER_BOUND('',#190,.T.);
#117=FACE_OUTER_BOUND('',#191,.T.);
#118=FACE_OUTER_BOUND('',#192,.T.);
#119=FACE_OUTER_BOUND('',#193,.T.);
#120=FACE_OUTER_BOUND('',#194,.T.);
#121=FACE_OUTER_BOUND('',#195,.T.);
#122=FACE_OUTER_BOUND('',#196,.T.);
#123=FACE_OUTER_BOUND('',#197,.T.);
#124=FACE_OUTER_BOUND('',#198,.T.);
#125=FACE_OUTER_BOUND('',#199,.T.);
#126=FACE_OUTER_BOUND('',#200,.T.);
#127=FACE_OUTER_BOUND('',#201,.T.);
#128=FACE_OUTER_BOUND('',#202,.T.);
#129=FACE_OUTER_BOUND('',#203,.T.);
#130=FACE_OUTER_BOUND('',#204,.T.);
#131=FACE_OUTER_BOUND('',#205,.T.);
#132=FACE_OUTER_BOUND('',#206,.T.);
#133=FACE_OUTER_BOUND('',#207,.T.);
#134=FACE_OUTER_BOUND('',#208,.T.);
#135=FACE_OUTER_BOUND('',#209,.T.);
#136=FACE_OUTER_BOUND('',#210,.T.);
#137=FACE_OUTER_BOUND('',#211,.T.);
#138=FACE_OUTER_BOUND('',#212,.T.);
#139=FACE_OUTER_BOUND('',#213,.T.);
#140=FACE_OUTER_BOUND('',#214,.T.);
#141=FACE_OUTER_BOUND('',#215,.T.);
#142=FACE_OUTER_BOUND('',#216,.T.);
#143=FACE_OUTER_BOUND('',#217,.T.);
#144=FACE_OUTER_BOUND('',#218,.T.);
#145=FACE_OUTER_BOUND('',#219,.T.);
#146=FACE_OUTER_BOUND('',#220,.T.);
#147=FACE_OUTER_BOUND('',#221,.T.);
#148=FACE_OUTER_BOUND('',#222,.T.);
#149=FACE_OUTER_BOUND('',#223,.T.);
#150=FACE_OUTER_BOUND('',#224,.T.);
#151=FACE_OUTER_BOUND('',#225,.T.);
#152=FACE_OUTER_BOUND('',#226,.T.);
#153=FACE_OUTER_BOUND('',#227,.T.);
#154=FACE_OUTER_BOUND('',#228,.T.);
#155=FACE_OUTER_BOUND('',#229,.T.);
#156=FACE_OUTER_BOUND('',#230,.T.);
#157=FACE_OUTER_BOUND('',#231,.T.);
#158=FACE_OUTER_BOUND('',#232,.T.);
#159=FACE_OUTER_BOUND('',#233,.T.);
#160=FACE_OUTER_BOUND('',#234,.T.);
#161=FACE_OUTER_BOUND('',#235,.T.);
#162=FACE_OUTER_BOUND('',#236,.T.);
#163=EDGE_LOOP('',(#237,#238,#239,#240));
#164=EDGE_LOOP('',(#241,#242,#243,#244));
#165=EDGE_LOOP('',(#245,#246,#247,#248));
#166=EDGE_LOOP('',(#249,#250,#251,#252));
#167=EDGE_LOOP('',(#253,#254,#255,#256));
#168=EDGE_LOOP('',(#257,#258,#259,#260));
#169=EDGE_LOOP('',(#261,#262,#263,#264));
#170=EDGE_LOOP('',(#265,#266,#267,#268,#269,#270));
#171=EDGE_LOOP('',(#271,#272,#273,#274));
#172=EDGE_LOOP('',(#275,#276,#277,#278,#279,#280));
#173=EDGE_LOOP('',(#281,#282,#283,#284));
#174=EDGE_LOOP('',(#285,#286,#287,#288));
#175=EDGE_LOOP('',(#289,#290,#291,#292));
#176=EDGE_LOOP('',(#293,#294,#295,#296));
#177=EDGE_LOOP('',(#297,#298,#299,#300));
#178=EDGE_LOOP('',(#301,#302,#303,#304));
#179=EDGE_LOOP('',(#305,#306,#307,#308));
#180=EDGE_LOOP('',(#309,#310,#311,#312));
#181=EDGE_LOOP('',(#313,#314,#315,#316));
#182=EDGE_LOOP('',(#317,#318,#319,#320));
#183=EDGE_LOOP('',(#321,#322,#323,#324));
#184=EDGE_LOOP('',(#325,#326,#327,#328));
#185=EDGE_LOOP('',(#329,#330,#331,#332));
#186=EDGE_LOOP('',(#333,#334,#335,#336));
#187=EDGE_LOOP('',(#337,#338,#339,#340));
#188=EDGE_LOOP('',(#341,#342,#343,#344));
#189=EDGE_LOOP('',(#345,#346,#347,#348));
#190=EDGE_LOOP('',(#349,#350,#351,#352));
#191=EDGE_LOOP('',(#353,#354,#355,#356));
#192=EDGE_LOOP('',(#357,#358,#359,#360));
#193=EDGE_LOOP('',(#361,#362,#363,#364,#365,#366));
#194=EDGE_LOOP('',(#367,#368,#369,#370));
#195=EDGE_LOOP('',(#371,#372,#373,#374,#375,#376));
#196=EDGE_LOOP('',(#377,#378,#379,#380));
#197=EDGE_LOOP('',(#381,#382,#383,#384));
#198=EDGE_LOOP('',(#385,#386,#387,#388));
#199=EDGE_LOOP('',(#389,#390,#391,#392));
#200=EDGE_LOOP('',(#393,#394,#395,#396));
#201=EDGE_LOOP('',(#397,#398,#399,#400));
#202=EDGE_LOOP('',(#401,#402,#403,#404));
#203=EDGE_LOOP('',(#405,#406,#407,#408));
#204=EDGE_LOOP('',(#409,#410,#411,#412));
#205=EDGE_LOOP('',(#413,#414,#415,#416));
#206=EDGE_LOOP('',(#417,#418,#419,#420));
#207=EDGE_LOOP('',(#421,#422,#423,#424));
#208=EDGE_LOOP('',(#425,#426,#427,#428));
#209=EDGE_LOOP('',(#429,#430,#431,#432));
#210=EDGE_LOOP('',(#433,#434,#435,#436));
#211=EDGE_LOOP('',(#437,#438,#439,#440));
#212=EDGE_LOOP('',(#441,#442,#443,#444));
#213=EDGE_LOOP('',(#445,#446,#447,#448,#449,#450,#451,#452));
#214=EDGE_LOOP('',(#453,#454,#455,#456));
#215=EDGE_LOOP('',(#457,#458,#459,#460));
#216=EDGE_LOOP('',(#461,#462,#463,#464,#465,#466,#467,#468));
#217=EDGE_LOOP('',(#469,#470,#471,#472));
#218=EDGE_LOOP('',(#473,#474,#475,#476));
#219=EDGE_LOOP('',(#477,#478,#479,#480));
#220=EDGE_LOOP('',(#481,#482,#483,#484));
#221=EDGE_LOOP('',(#485,#486,#487,#488));
#222=EDGE_LOOP('',(#489,#490,#491,#492,#493,#494));
#223=EDGE_LOOP('',(#495,#496,#497,#498,#499,#500));
#224=EDGE_LOOP('',(#501,#502,#503,#504));
#225=EDGE_LOOP('',(#505,#506,#507,#508,#509,#510));
#226=EDGE_LOOP('',(#511,#512,#513,#514,#515,#516));
#227=EDGE_LOOP('',(#517,#518,#519,#520));
#228=EDGE_LOOP('',(#521,#522,#523,#524));
#229=EDGE_LOOP('',(#525,#526,#527,#528));
#230=EDGE_LOOP('',(#529,#530,#531,#532));
#231=EDGE_LOOP('',(#533,#534,#535,#536));
#232=EDGE_LOOP('',(#537,#538,#539,#540));
#233=EDGE_LOOP('',(#541,#542,#543,#544));
#234=EDGE_LOOP('',(#545,#546,#547,#548));
#235=EDGE_LOOP('',(#549,#550,#551,#552));
#236=EDGE_LOOP('',(#553,#554,#555,#556));
#237=ORIENTED_EDGE('',*,*,#1397,.T.);
#238=ORIENTED_EDGE('',*,*,#1398,.T.);
#239=ORIENTED_EDGE('',*,*,#1399,.T.);
#240=ORIENTED_EDGE('',*,*,#1400,.T.);
#241=ORIENTED_EDGE('',*,*,#1401,.T.);
#242=ORIENTED_EDGE('',*,*,#1402,.T.);
#243=ORIENTED_EDGE('',*,*,#1403,.T.);
#244=ORIENTED_EDGE('',*,*,#1404,.T.);
#245=ORIENTED_EDGE('',*,*,#1405,.T.);
#246=ORIENTED_EDGE('',*,*,#1406,.T.);
#247=ORIENTED_EDGE('',*,*,#1401,.F.);
#248=ORIENTED_EDGE('',*,*,#1407,.T.);
#249=ORIENTED_EDGE('',*,*,#1403,.F.);
#250=ORIENTED_EDGE('',*,*,#1408,.T.);
#251=ORIENTED_EDGE('',*,*,#1409,.T.);
#252=ORIENTED_EDGE('',*,*,#1410,.T.);
#253=ORIENTED_EDGE('',*,*,#1411,.T.);
#254=ORIENTED_EDGE('',*,*,#1412,.T.);
#255=ORIENTED_EDGE('',*,*,#1413,.T.);
#256=ORIENTED_EDGE('',*,*,#1414,.T.);
#257=ORIENTED_EDGE('',*,*,#1415,.T.);
#258=ORIENTED_EDGE('',*,*,#1416,.T.);
#259=ORIENTED_EDGE('',*,*,#1417,.T.);
#260=ORIENTED_EDGE('',*,*,#1418,.T.);
#261=ORIENTED_EDGE('',*,*,#1419,.T.);
#262=ORIENTED_EDGE('',*,*,#1420,.T.);
#263=ORIENTED_EDGE('',*,*,#1421,.T.);
#264=ORIENTED_EDGE('',*,*,#1414,.F.);
#265=ORIENTED_EDGE('',*,*,#1422,.T.);
#266=ORIENTED_EDGE('',*,*,#1423,.T.);
#267=ORIENTED_EDGE('',*,*,#1419,.F.);
#268=ORIENTED_EDGE('',*,*,#1413,.F.);
#269=ORIENTED_EDGE('',*,*,#1424,.T.);
#270=ORIENTED_EDGE('',*,*,#1425,.T.);
#271=ORIENTED_EDGE('',*,*,#1426,.T.);
#272=ORIENTED_EDGE('',*,*,#1427,.T.);
#273=ORIENTED_EDGE('',*,*,#1422,.F.);
#274=ORIENTED_EDGE('',*,*,#1428,.T.);
#275=ORIENTED_EDGE('',*,*,#1429,.T.);
#276=ORIENTED_EDGE('',*,*,#1426,.F.);
#277=ORIENTED_EDGE('',*,*,#1430,.T.);
#278=ORIENTED_EDGE('',*,*,#1431,.T.);
#279=ORIENTED_EDGE('',*,*,#1411,.F.);
#280=ORIENTED_EDGE('',*,*,#1421,.F.);
#281=ORIENTED_EDGE('',*,*,#1432,.T.);
#282=ORIENTED_EDGE('',*,*,#1433,.T.);
#283=ORIENTED_EDGE('',*,*,#1434,.T.);
#284=ORIENTED_EDGE('',*,*,#1420,.F.);
#285=ORIENTED_EDGE('',*,*,#1435,.T.);
#286=ORIENTED_EDGE('',*,*,#1436,.T.);
#287=ORIENTED_EDGE('',*,*,#1432,.F.);
#288=ORIENTED_EDGE('',*,*,#1423,.F.);
#289=ORIENTED_EDGE('',*,*,#1437,.T.);
#290=ORIENTED_EDGE('',*,*,#1435,.F.);
#291=ORIENTED_EDGE('',*,*,#1427,.F.);
#292=ORIENTED_EDGE('',*,*,#1438,.T.);
#293=ORIENTED_EDGE('',*,*,#1439,.T.);
#294=ORIENTED_EDGE('',*,*,#1438,.F.);
#295=ORIENTED_EDGE('',*,*,#1429,.F.);
#296=ORIENTED_EDGE('',*,*,#1434,.F.);
#297=ORIENTED_EDGE('',*,*,#1440,.T.);
#298=ORIENTED_EDGE('',*,*,#1441,.T.);
#299=ORIENTED_EDGE('',*,*,#1442,.T.);
#300=ORIENTED_EDGE('',*,*,#1433,.F.);
#301=ORIENTED_EDGE('',*,*,#1443,.T.);
#302=ORIENTED_EDGE('',*,*,#1444,.T.);
#303=ORIENTED_EDGE('',*,*,#1440,.F.);
#304=ORIENTED_EDGE('',*,*,#1436,.F.);
#305=ORIENTED_EDGE('',*,*,#1445,.T.);
#306=ORIENTED_EDGE('',*,*,#1446,.T.);
#307=ORIENTED_EDGE('',*,*,#1443,.F.);
#308=ORIENTED_EDGE('',*,*,#1437,.F.);
#309=ORIENTED_EDGE('',*,*,#1447,.T.);
#310=ORIENTED_EDGE('',*,*,#1445,.F.);
#311=ORIENTED_EDGE('',*,*,#1439,.F.);
#312=ORIENTED_EDGE('',*,*,#1442,.F.);
#313=ORIENTED_EDGE('',*,*,#1448,.T.);
#314=ORIENTED_EDGE('',*,*,#1449,.T.);
#315=ORIENTED_EDGE('',*,*,#1441,.F.);
#316=ORIENTED_EDGE('',*,*,#1450,.T.);
#317=ORIENTED_EDGE('',*,*,#1451,.T.);
#318=ORIENTED_EDGE('',*,*,#1452,.T.);
#319=ORIENTED_EDGE('',*,*,#1450,.F.);
#320=ORIENTED_EDGE('',*,*,#1444,.F.);
#321=ORIENTED_EDGE('',*,*,#1453,.T.);
#322=ORIENTED_EDGE('',*,*,#1454,.T.);
#323=ORIENTED_EDGE('',*,*,#1451,.F.);
#324=ORIENTED_EDGE('',*,*,#1446,.F.);
#325=ORIENTED_EDGE('',*,*,#1455,.T.);
#326=ORIENTED_EDGE('',*,*,#1453,.F.);
#327=ORIENTED_EDGE('',*,*,#1447,.F.);
#328=ORIENTED_EDGE('',*,*,#1449,.F.);
#329=ORIENTED_EDGE('',*,*,#1456,.T.);
#330=ORIENTED_EDGE('',*,*,#1416,.F.);
#331=ORIENTED_EDGE('',*,*,#1457,.T.);
#332=ORIENTED_EDGE('',*,*,#1448,.F.);
#333=ORIENTED_EDGE('',*,*,#1458,.T.);
#334=ORIENTED_EDGE('',*,*,#1417,.F.);
#335=ORIENTED_EDGE('',*,*,#1456,.F.);
#336=ORIENTED_EDGE('',*,*,#1452,.F.);
#337=ORIENTED_EDGE('',*,*,#1459,.T.);
#338=ORIENTED_EDGE('',*,*,#1418,.F.);
#339=ORIENTED_EDGE('',*,*,#1458,.F.);
#340=ORIENTED_EDGE('',*,*,#1454,.F.);
#341=ORIENTED_EDGE('',*,*,#1415,.F.);
#342=ORIENTED_EDGE('',*,*,#1459,.F.);
#343=ORIENTED_EDGE('',*,*,#1455,.F.);
#344=ORIENTED_EDGE('',*,*,#1457,.F.);
#345=ORIENTED_EDGE('',*,*,#1425,.F.);
#346=ORIENTED_EDGE('',*,*,#1460,.T.);
#347=ORIENTED_EDGE('',*,*,#1430,.F.);
#348=ORIENTED_EDGE('',*,*,#1428,.F.);
#349=ORIENTED_EDGE('',*,*,#1461,.T.);
#350=ORIENTED_EDGE('',*,*,#1462,.T.);
#351=ORIENTED_EDGE('',*,*,#1463,.T.);
#352=ORIENTED_EDGE('',*,*,#1464,.T.);
#353=ORIENTED_EDGE('',*,*,#1465,.T.);
#354=ORIENTED_EDGE('',*,*,#1466,.T.);
#355=ORIENTED_EDGE('',*,*,#1467,.T.);
#356=ORIENTED_EDGE('',*,*,#1468,.T.);
#357=ORIENTED_EDGE('',*,*,#1469,.T.);
#358=ORIENTED_EDGE('',*,*,#1470,.T.);
#359=ORIENTED_EDGE('',*,*,#1471,.T.);
#360=ORIENTED_EDGE('',*,*,#1472,.T.);
#361=ORIENTED_EDGE('',*,*,#1473,.T.);
#362=ORIENTED_EDGE('',*,*,#1474,.T.);
#363=ORIENTED_EDGE('',*,*,#1469,.F.);
#364=ORIENTED_EDGE('',*,*,#1475,.T.);
#365=ORIENTED_EDGE('',*,*,#1476,.T.);
#366=ORIENTED_EDGE('',*,*,#1461,.F.);
#367=ORIENTED_EDGE('',*,*,#1477,.T.);
#368=ORIENTED_EDGE('',*,*,#1478,.T.);
#369=ORIENTED_EDGE('',*,*,#1473,.F.);
#370=ORIENTED_EDGE('',*,*,#1464,.F.);
#371=ORIENTED_EDGE('',*,*,#1479,.T.);
#372=ORIENTED_EDGE('',*,*,#1477,.F.);
#373=ORIENTED_EDGE('',*,*,#1463,.F.);
#374=ORIENTED_EDGE('',*,*,#1480,.T.);
#375=ORIENTED_EDGE('',*,*,#1481,.T.);
#376=ORIENTED_EDGE('',*,*,#1471,.F.);
#377=ORIENTED_EDGE('',*,*,#1482,.T.);
#378=ORIENTED_EDGE('',*,*,#1483,.T.);
#379=ORIENTED_EDGE('',*,*,#1470,.F.);
#380=ORIENTED_EDGE('',*,*,#1484,.T.);
#381=ORIENTED_EDGE('',*,*,#1485,.T.);
#382=ORIENTED_EDGE('',*,*,#1486,.T.);
#383=ORIENTED_EDGE('',*,*,#1484,.F.);
#384=ORIENTED_EDGE('',*,*,#1474,.F.);
#385=ORIENTED_EDGE('',*,*,#1487,.T.);
#386=ORIENTED_EDGE('',*,*,#1488,.T.);
#387=ORIENTED_EDGE('',*,*,#1485,.F.);
#388=ORIENTED_EDGE('',*,*,#1478,.F.);
#389=ORIENTED_EDGE('',*,*,#1489,.T.);
#390=ORIENTED_EDGE('',*,*,#1487,.F.);
#391=ORIENTED_EDGE('',*,*,#1479,.F.);
#392=ORIENTED_EDGE('',*,*,#1483,.F.);
#393=ORIENTED_EDGE('',*,*,#1490,.T.);
#394=ORIENTED_EDGE('',*,*,#1491,.T.);
#395=ORIENTED_EDGE('',*,*,#1492,.T.);
#396=ORIENTED_EDGE('',*,*,#1482,.F.);
#397=ORIENTED_EDGE('',*,*,#1493,.T.);
#398=ORIENTED_EDGE('',*,*,#1494,.T.);
#399=ORIENTED_EDGE('',*,*,#1490,.F.);
#400=ORIENTED_EDGE('',*,*,#1486,.F.);
#401=ORIENTED_EDGE('',*,*,#1495,.T.);
#402=ORIENTED_EDGE('',*,*,#1496,.T.);
#403=ORIENTED_EDGE('',*,*,#1493,.F.);
#404=ORIENTED_EDGE('',*,*,#1488,.F.);
#405=ORIENTED_EDGE('',*,*,#1497,.T.);
#406=ORIENTED_EDGE('',*,*,#1495,.F.);
#407=ORIENTED_EDGE('',*,*,#1489,.F.);
#408=ORIENTED_EDGE('',*,*,#1492,.F.);
#409=ORIENTED_EDGE('',*,*,#1498,.T.);
#410=ORIENTED_EDGE('',*,*,#1499,.T.);
#411=ORIENTED_EDGE('',*,*,#1500,.T.);
#412=ORIENTED_EDGE('',*,*,#1491,.F.);
#413=ORIENTED_EDGE('',*,*,#1501,.T.);
#414=ORIENTED_EDGE('',*,*,#1502,.T.);
#415=ORIENTED_EDGE('',*,*,#1498,.F.);
#416=ORIENTED_EDGE('',*,*,#1494,.F.);
#417=ORIENTED_EDGE('',*,*,#1503,.T.);
#418=ORIENTED_EDGE('',*,*,#1501,.F.);
#419=ORIENTED_EDGE('',*,*,#1496,.F.);
#420=ORIENTED_EDGE('',*,*,#1504,.T.);
#421=ORIENTED_EDGE('',*,*,#1505,.T.);
#422=ORIENTED_EDGE('',*,*,#1504,.F.);
#423=ORIENTED_EDGE('',*,*,#1497,.F.);
#424=ORIENTED_EDGE('',*,*,#1500,.F.);
#425=ORIENTED_EDGE('',*,*,#1506,.T.);
#426=ORIENTED_EDGE('',*,*,#1468,.F.);
#427=ORIENTED_EDGE('',*,*,#1507,.T.);
#428=ORIENTED_EDGE('',*,*,#1499,.F.);
#429=ORIENTED_EDGE('',*,*,#1508,.T.);
#430=ORIENTED_EDGE('',*,*,#1465,.F.);
#431=ORIENTED_EDGE('',*,*,#1506,.F.);
#432=ORIENTED_EDGE('',*,*,#1502,.F.);
#433=ORIENTED_EDGE('',*,*,#1509,.T.);
#434=ORIENTED_EDGE('',*,*,#1466,.F.);
#435=ORIENTED_EDGE('',*,*,#1508,.F.);
#436=ORIENTED_EDGE('',*,*,#1503,.F.);
#437=ORIENTED_EDGE('',*,*,#1467,.F.);
#438=ORIENTED_EDGE('',*,*,#1509,.F.);
#439=ORIENTED_EDGE('',*,*,#1505,.F.);
#440=ORIENTED_EDGE('',*,*,#1507,.F.);
#441=ORIENTED_EDGE('',*,*,#1481,.F.);
#442=ORIENTED_EDGE('',*,*,#1510,.T.);
#443=ORIENTED_EDGE('',*,*,#1475,.F.);
#444=ORIENTED_EDGE('',*,*,#1472,.F.);
#445=ORIENTED_EDGE('',*,*,#1408,.F.);
#446=ORIENTED_EDGE('',*,*,#1402,.F.);
#447=ORIENTED_EDGE('',*,*,#1406,.F.);
#448=ORIENTED_EDGE('',*,*,#1511,.T.);
#449=ORIENTED_EDGE('',*,*,#1512,.T.);
#450=ORIENTED_EDGE('',*,*,#1513,.T.);
#451=ORIENTED_EDGE('',*,*,#1514,.T.);
#452=ORIENTED_EDGE('',*,*,#1515,.T.);
#453=ORIENTED_EDGE('',*,*,#1516,.T.);
#454=ORIENTED_EDGE('',*,*,#1517,.T.);
#455=ORIENTED_EDGE('',*,*,#1514,.F.);
#456=ORIENTED_EDGE('',*,*,#1518,.T.);
#457=ORIENTED_EDGE('',*,*,#1519,.T.);
#458=ORIENTED_EDGE('',*,*,#1520,.T.);
#459=ORIENTED_EDGE('',*,*,#1512,.F.);
#460=ORIENTED_EDGE('',*,*,#1521,.T.);
#461=ORIENTED_EDGE('',*,*,#1410,.F.);
#462=ORIENTED_EDGE('',*,*,#1522,.T.);
#463=ORIENTED_EDGE('',*,*,#1516,.F.);
#464=ORIENTED_EDGE('',*,*,#1398,.F.);
#465=ORIENTED_EDGE('',*,*,#1519,.F.);
#466=ORIENTED_EDGE('',*,*,#1523,.T.);
#467=ORIENTED_EDGE('',*,*,#1407,.F.);
#468=ORIENTED_EDGE('',*,*,#1404,.F.);
#469=ORIENTED_EDGE('',*,*,#1524,.T.);
#470=ORIENTED_EDGE('',*,*,#1525,.T.);
#471=ORIENTED_EDGE('',*,*,#1526,.T.);
#472=ORIENTED_EDGE('',*,*,#1527,.T.);
#473=ORIENTED_EDGE('',*,*,#1528,.T.);
#474=ORIENTED_EDGE('',*,*,#1529,.T.);
#475=ORIENTED_EDGE('',*,*,#1526,.F.);
#476=ORIENTED_EDGE('',*,*,#1530,.T.);
#477=ORIENTED_EDGE('',*,*,#1531,.T.);
#478=ORIENTED_EDGE('',*,*,#1532,.T.);
#479=ORIENTED_EDGE('',*,*,#1524,.F.);
#480=ORIENTED_EDGE('',*,*,#1533,.T.);
#481=ORIENTED_EDGE('',*,*,#1528,.F.);
#482=ORIENTED_EDGE('',*,*,#1534,.T.);
#483=ORIENTED_EDGE('',*,*,#1531,.F.);
#484=ORIENTED_EDGE('',*,*,#1535,.T.);
#485=ORIENTED_EDGE('',*,*,#1534,.F.);
#486=ORIENTED_EDGE('',*,*,#1536,.T.);
#487=ORIENTED_EDGE('',*,*,#1537,.T.);
#488=ORIENTED_EDGE('',*,*,#1538,.T.);
#489=ORIENTED_EDGE('',*,*,#1530,.F.);
#490=ORIENTED_EDGE('',*,*,#1539,.T.);
#491=ORIENTED_EDGE('',*,*,#1540,.T.);
#492=ORIENTED_EDGE('',*,*,#1510,.F.);
#493=ORIENTED_EDGE('',*,*,#1541,.T.);
#494=ORIENTED_EDGE('',*,*,#1536,.F.);
#495=ORIENTED_EDGE('',*,*,#1532,.F.);
#496=ORIENTED_EDGE('',*,*,#1538,.F.);
#497=ORIENTED_EDGE('',*,*,#1542,.T.);
#498=ORIENTED_EDGE('',*,*,#1460,.F.);
#499=ORIENTED_EDGE('',*,*,#1543,.T.);
#500=ORIENTED_EDGE('',*,*,#1544,.T.);
#501=ORIENTED_EDGE('',*,*,#1525,.F.);
#502=ORIENTED_EDGE('',*,*,#1544,.F.);
#503=ORIENTED_EDGE('',*,*,#1545,.T.);
#504=ORIENTED_EDGE('',*,*,#1539,.F.);
#505=ORIENTED_EDGE('',*,*,#1546,.T.);
#506=ORIENTED_EDGE('',*,*,#1520,.F.);
#507=ORIENTED_EDGE('',*,*,#1397,.F.);
#508=ORIENTED_EDGE('',*,*,#1547,.T.);
#509=ORIENTED_EDGE('',*,*,#1462,.F.);
#510=ORIENTED_EDGE('',*,*,#1548,.T.);
#511=ORIENTED_EDGE('',*,*,#1399,.F.);
#512=ORIENTED_EDGE('',*,*,#1518,.F.);
#513=ORIENTED_EDGE('',*,*,#1549,.T.);
#514=ORIENTED_EDGE('',*,*,#1550,.T.);
#515=ORIENTED_EDGE('',*,*,#1412,.F.);
#516=ORIENTED_EDGE('',*,*,#1551,.T.);
#517=ORIENTED_EDGE('',*,*,#1549,.F.);
#518=ORIENTED_EDGE('',*,*,#1513,.F.);
#519=ORIENTED_EDGE('',*,*,#1546,.F.);
#520=ORIENTED_EDGE('',*,*,#1552,.T.);
#521=ORIENTED_EDGE('',*,*,#1527,.F.);
#522=ORIENTED_EDGE('',*,*,#1529,.F.);
#523=ORIENTED_EDGE('',*,*,#1535,.F.);
#524=ORIENTED_EDGE('',*,*,#1533,.F.);
#525=ORIENTED_EDGE('',*,*,#1405,.F.);
#526=ORIENTED_EDGE('',*,*,#1523,.F.);
#527=ORIENTED_EDGE('',*,*,#1521,.F.);
#528=ORIENTED_EDGE('',*,*,#1511,.F.);
#529=ORIENTED_EDGE('',*,*,#1545,.F.);
#530=ORIENTED_EDGE('',*,*,#1553,.T.);
#531=ORIENTED_EDGE('',*,*,#1552,.F.);
#532=ORIENTED_EDGE('',*,*,#1554,.T.);
#533=ORIENTED_EDGE('',*,*,#1537,.F.);
#534=ORIENTED_EDGE('',*,*,#1555,.T.);
#535=ORIENTED_EDGE('',*,*,#1400,.F.);
#536=ORIENTED_EDGE('',*,*,#1556,.T.);
#537=ORIENTED_EDGE('',*,*,#1540,.F.);
#538=ORIENTED_EDGE('',*,*,#1554,.F.);
#539=ORIENTED_EDGE('',*,*,#1548,.F.);
#540=ORIENTED_EDGE('',*,*,#1476,.F.);
#541=ORIENTED_EDGE('',*,*,#1547,.F.);
#542=ORIENTED_EDGE('',*,*,#1555,.F.);
#543=ORIENTED_EDGE('',*,*,#1541,.F.);
#544=ORIENTED_EDGE('',*,*,#1480,.F.);
#545=ORIENTED_EDGE('',*,*,#1542,.F.);
#546=ORIENTED_EDGE('',*,*,#1556,.F.);
#547=ORIENTED_EDGE('',*,*,#1551,.F.);
#548=ORIENTED_EDGE('',*,*,#1431,.F.);
#549=ORIENTED_EDGE('',*,*,#1550,.F.);
#550=ORIENTED_EDGE('',*,*,#1553,.F.);
#551=ORIENTED_EDGE('',*,*,#1543,.F.);
#552=ORIENTED_EDGE('',*,*,#1424,.F.);
#553=ORIENTED_EDGE('',*,*,#1409,.F.);
#554=ORIENTED_EDGE('',*,*,#1515,.F.);
#555=ORIENTED_EDGE('',*,*,#1517,.F.);
#556=ORIENTED_EDGE('',*,*,#1522,.F.);
#557=(
BOUNDED_CURVE()
B_SPLINE_CURVE(2,(#2771,#2772,#2773),.UNSPECIFIED.,.F.,.F.)
B_SPLINE_CURVE_WITH_KNOTS((3,3),(0.,0.0141539473327735),.UNSPECIFIED.)
CURVE()
GEOMETRIC_REPRESENTATION_ITEM()
RATIONAL_B_SPLINE_CURVE((1.,0.997496867163037,1.))
REPRESENTATION_ITEM('')
);
#558=(
BOUNDED_CURVE()
B_SPLINE_CURVE(2,(#2774,#2775,#2776),.UNSPECIFIED.,.F.,.F.)
B_SPLINE_CURVE_WITH_KNOTS((3,3),(0.,0.0141539473327735),.UNSPECIFIED.)
CURVE()
GEOMETRIC_REPRESENTATION_ITEM()
RATIONAL_B_SPLINE_CURVE((1.,0.997496867163117,1.))
REPRESENTATION_ITEM('')
);
#559=(
BOUNDED_CURVE()
B_SPLINE_CURVE(2,(#2779,#2780,#2781),.UNSPECIFIED.,.F.,.F.)
B_SPLINE_CURVE_WITH_KNOTS((3,3),(0.,0.0141539473327735),.UNSPECIFIED.)
CURVE()
GEOMETRIC_REPRESENTATION_ITEM()
RATIONAL_B_SPLINE_CURVE((1.,0.997496867163036,1.))
REPRESENTATION_ITEM('')
);
#560=(
BOUNDED_CURVE()
B_SPLINE_CURVE(2,(#2782,#2783,#2784),.UNSPECIFIED.,.F.,.F.)
B_SPLINE_CURVE_WITH_KNOTS((3,3),(0.,0.0141539473327735),.UNSPECIFIED.)
CURVE()
GEOMETRIC_REPRESENTATION_ITEM()
RATIONAL_B_SPLINE_CURVE((1.,0.997496867163119,1.))
REPRESENTATION_ITEM('')
);
#561=(
BOUNDED_CURVE()
B_SPLINE_CURVE(2,(#2787,#2788,#2789),.UNSPECIFIED.,.F.,.F.)
B_SPLINE_CURVE_WITH_KNOTS((3,3),(0.,0.0141539473327735),.UNSPECIFIED.)
CURVE()
GEOMETRIC_REPRESENTATION_ITEM()
RATIONAL_B_SPLINE_CURVE((1.,0.997496867163038,1.))
REPRESENTATION_ITEM('')
);
#562=(
BOUNDED_CURVE()
B_SPLINE_CURVE(2,(#2790,#2791,#2792),.UNSPECIFIED.,.F.,.F.)
B_SPLINE_CURVE_WITH_KNOTS((3,3),(0.,0.0141539473327735),.UNSPECIFIED.)
CURVE()
GEOMETRIC_REPRESENTATION_ITEM()
RATIONAL_B_SPLINE_CURVE((1.,0.997496867163119,1.))
REPRESENTATION_ITEM('')
);
#563=(
BOUNDED_CURVE()
B_SPLINE_CURVE(2,(#2797,#2798,#2799),.UNSPECIFIED.,.F.,.F.)
B_SPLINE_CURVE_WITH_KNOTS((3,3),(0.,0.0141539473327735),.UNSPECIFIED.)
CURVE()
GEOMETRIC_REPRESENTATION_ITEM()
RATIONAL_B_SPLINE_CURVE((1.,0.997496867163038,1.))
REPRESENTATION_ITEM('')
);
#564=(
BOUNDED_CURVE()
B_SPLINE_CURVE(2,(#2800,#2801,#2802),.UNSPECIFIED.,.F.,.F.)
B_SPLINE_CURVE_WITH_KNOTS((3,3),(0.,0.0141539473327735),.UNSPECIFIED.)
CURVE()
GEOMETRIC_REPRESENTATION_ITEM()
RATIONAL_B_SPLINE_CURVE((1.,0.997496867163117,1.))
REPRESENTATION_ITEM('')
);
#565=(
BOUNDED_CURVE()
B_SPLINE_CURVE(2,(#2901,#2902,#2903),.UNSPECIFIED.,.F.,.F.)
B_SPLINE_CURVE_WITH_KNOTS((3,3),(0.,0.263326550893843),.UNSPECIFIED.)
CURVE()
GEOMETRIC_REPRESENTATION_ITEM()
RATIONAL_B_SPLINE_CURVE((1.,0.737277336811408,1.))
REPRESENTATION_ITEM('')
);
#566=(
BOUNDED_CURVE()
B_SPLINE_CURVE(2,(#2910,#2911,#2912),.UNSPECIFIED.,.F.,.F.)
B_SPLINE_CURVE_WITH_KNOTS((3,3),(-0.263326550893843,0.),.UNSPECIFIED.)
CURVE()
GEOMETRIC_REPRESENTATION_ITEM()
RATIONAL_B_SPLINE_CURVE((1.,0.737277336811406,1.))
REPRESENTATION_ITEM('')
);
#567=(
BOUNDED_CURVE()
B_SPLINE_CURVE(2,(#2917,#2918,#2919),.UNSPECIFIED.,.F.,.F.)
B_SPLINE_CURVE_WITH_KNOTS((3,3),(0.,0.0333794219437216),.UNSPECIFIED.)
CURVE()
GEOMETRIC_REPRESENTATION_ITEM()
RATIONAL_B_SPLINE_CURVE((1.,0.737277336816704,1.))
REPRESENTATION_ITEM('')
);
#568=(
BOUNDED_CURVE()
B_SPLINE_CURVE(2,(#2920,#2921,#2922),.UNSPECIFIED.,.F.,.F.)
B_SPLINE_CURVE_WITH_KNOTS((3,3),(0.,0.0333794219437216),.UNSPECIFIED.)
CURVE()
GEOMETRIC_REPRESENTATION_ITEM()
RATIONAL_B_SPLINE_CURVE((1.,0.737277336828457,1.))
REPRESENTATION_ITEM('')
);
#569=(
BOUNDED_CURVE()
B_SPLINE_CURVE(2,(#2927,#2928,#2929),.UNSPECIFIED.,.F.,.F.)
B_SPLINE_CURVE_WITH_KNOTS((3,3),(0.,0.263326550893843),.UNSPECIFIED.)
CURVE()
GEOMETRIC_REPRESENTATION_ITEM()
RATIONAL_B_SPLINE_CURVE((1.,0.737277336812263,1.))
REPRESENTATION_ITEM('')
);
#570=(
BOUNDED_CURVE()
B_SPLINE_CURVE(2,(#2940,#2941,#2942),.UNSPECIFIED.,.F.,.F.)
B_SPLINE_CURVE_WITH_KNOTS((3,3),(0.,0.0333794219437216),.UNSPECIFIED.)
CURVE()
GEOMETRIC_REPRESENTATION_ITEM()
RATIONAL_B_SPLINE_CURVE((1.,0.737277336808534,1.))
REPRESENTATION_ITEM('')
);
#571=(
BOUNDED_CURVE()
B_SPLINE_CURVE(2,(#2949,#2950,#2951),.UNSPECIFIED.,.F.,.F.)
B_SPLINE_CURVE_WITH_KNOTS((3,3),(0.,0.0333794219437216),.UNSPECIFIED.)
CURVE()
GEOMETRIC_REPRESENTATION_ITEM()
RATIONAL_B_SPLINE_CURVE((1.,0.737277336812072,1.))
REPRESENTATION_ITEM('')
);
#572=(
BOUNDED_CURVE()
B_SPLINE_CURVE(2,(#2954,#2955,#2956),.UNSPECIFIED.,.F.,.F.)
B_SPLINE_CURVE_WITH_KNOTS((3,3),(-0.263326550893843,0.),.UNSPECIFIED.)
CURVE()
GEOMETRIC_REPRESENTATION_ITEM()
RATIONAL_B_SPLINE_CURVE((1.,0.737277336812263,1.))
REPRESENTATION_ITEM('')
);
#573=(
BOUNDED_CURVE()
B_SPLINE_CURVE(2,(#3009,#3010,#3011),.UNSPECIFIED.,.F.,.F.)
B_SPLINE_CURVE_WITH_KNOTS((3,3),(-0.0333794219452051,0.),.UNSPECIFIED.)
CURVE()
GEOMETRIC_REPRESENTATION_ITEM()
RATIONAL_B_SPLINE_CURVE((1.,0.737277336798767,1.))
REPRESENTATION_ITEM('')
);
#574=(
BOUNDED_CURVE()
B_SPLINE_CURVE(2,(#3016,#3017,#3018),.UNSPECIFIED.,.F.,.F.)
B_SPLINE_CURVE_WITH_KNOTS((3,3),(0.,0.0333794219452051),.UNSPECIFIED.)
CURVE()
GEOMETRIC_REPRESENTATION_ITEM()
RATIONAL_B_SPLINE_CURVE((1.,0.737277336798756,1.))
REPRESENTATION_ITEM('')
);
#575=(
BOUNDED_CURVE()
B_SPLINE_CURVE(2,(#3021,#3022,#3023),.UNSPECIFIED.,.F.,.F.)
B_SPLINE_CURVE_WITH_KNOTS((3,3),(0.,0.26332655089393),.UNSPECIFIED.)
CURVE()
GEOMETRIC_REPRESENTATION_ITEM()
RATIONAL_B_SPLINE_CURVE((1.,0.737277336811035,1.))
REPRESENTATION_ITEM('')
);
#576=(
BOUNDED_CURVE()
B_SPLINE_CURVE(2,(#3024,#3025,#3026),.UNSPECIFIED.,.F.,.F.)
B_SPLINE_CURVE_WITH_KNOTS((3,3),(0.,0.26332655089393),.UNSPECIFIED.)
CURVE()
GEOMETRIC_REPRESENTATION_ITEM()
RATIONAL_B_SPLINE_CURVE((1.,0.737277336812089,1.))
REPRESENTATION_ITEM('')
);
#577=(
BOUNDED_CURVE()
B_SPLINE_CURVE(2,(#3031,#3032,#3033),.UNSPECIFIED.,.F.,.F.)
B_SPLINE_CURVE_WITH_KNOTS((3,3),(0.,0.0333794219452051),.UNSPECIFIED.)
CURVE()
GEOMETRIC_REPRESENTATION_ITEM()
RATIONAL_B_SPLINE_CURVE((1.,0.737277336795686,1.))
REPRESENTATION_ITEM('')
);
#578=(
BOUNDED_CURVE()
B_SPLINE_CURVE(2,(#3036,#3037,#3038),.UNSPECIFIED.,.F.,.F.)
B_SPLINE_CURVE_WITH_KNOTS((3,3),(0.,0.26332655089393),.UNSPECIFIED.)
CURVE()
GEOMETRIC_REPRESENTATION_ITEM()
RATIONAL_B_SPLINE_CURVE((1.,0.737277336811035,1.))
REPRESENTATION_ITEM('')
);
#579=(
BOUNDED_CURVE()
B_SPLINE_CURVE(2,(#3053,#3054,#3055),.UNSPECIFIED.,.F.,.F.)
B_SPLINE_CURVE_WITH_KNOTS((3,3),(0.,0.26332655089393),.UNSPECIFIED.)
CURVE()
GEOMETRIC_REPRESENTATION_ITEM()
RATIONAL_B_SPLINE_CURVE((1.,0.737277336812089,1.))
REPRESENTATION_ITEM('')
);
#580=(
BOUNDED_CURVE()
B_SPLINE_CURVE(2,(#3058,#3059,#3060),.UNSPECIFIED.,.F.,.F.)
B_SPLINE_CURVE_WITH_KNOTS((3,3),(-0.0333794219452051,0.),.UNSPECIFIED.)
CURVE()
GEOMETRIC_REPRESENTATION_ITEM()
RATIONAL_B_SPLINE_CURVE((1.,0.737277336795686,1.))
REPRESENTATION_ITEM('')
);
#581=(
BOUNDED_CURVE()
B_SPLINE_CURVE(2,(#3213,#3214,#3215),.UNSPECIFIED.,.F.,.F.)
B_SPLINE_CURVE_WITH_KNOTS((3,3),(-0.0333794219437216,0.),.UNSPECIFIED.)
CURVE()
GEOMETRIC_REPRESENTATION_ITEM()
RATIONAL_B_SPLINE_CURVE((1.,0.73727733680853,1.))
REPRESENTATION_ITEM('')
);
#582=(
BOUNDED_CURVE()
B_SPLINE_CURVE(2,(#3220,#3221,#3222),.UNSPECIFIED.,.F.,.F.)
B_SPLINE_CURVE_WITH_KNOTS((3,3),(0.,0.0333794219437216),.UNSPECIFIED.)
CURVE()
GEOMETRIC_REPRESENTATION_ITEM()
RATIONAL_B_SPLINE_CURVE((1.,0.737277336816722,1.))
REPRESENTATION_ITEM('')
);
#583=(
BOUNDED_CURVE()
B_SPLINE_CURVE(2,(#3225,#3226,#3227),.UNSPECIFIED.,.F.,.F.)
B_SPLINE_CURVE_WITH_KNOTS((3,3),(0.,0.263326550893843),.UNSPECIFIED.)
CURVE()
GEOMETRIC_REPRESENTATION_ITEM()
RATIONAL_B_SPLINE_CURVE((1.,0.737277336811404,1.))
REPRESENTATION_ITEM('')
);
#584=(
BOUNDED_CURVE()
B_SPLINE_CURVE(2,(#3228,#3229,#3230),.UNSPECIFIED.,.F.,.F.)
B_SPLINE_CURVE_WITH_KNOTS((3,3),(0.,0.263326550893843),.UNSPECIFIED.)
CURVE()
GEOMETRIC_REPRESENTATION_ITEM()
RATIONAL_B_SPLINE_CURVE((1.,0.737277336812263,1.))
REPRESENTATION_ITEM('')
);
#585=(
BOUNDED_CURVE()
B_SPLINE_CURVE(2,(#3235,#3236,#3237),.UNSPECIFIED.,.F.,.F.)
B_SPLINE_CURVE_WITH_KNOTS((3,3),(0.,0.0333794219437216),.UNSPECIFIED.)
CURVE()
GEOMETRIC_REPRESENTATION_ITEM()
RATIONAL_B_SPLINE_CURVE((1.,0.737277336828457,1.))
REPRESENTATION_ITEM('')
);
#586=(
BOUNDED_CURVE()
B_SPLINE_CURVE(2,(#3240,#3241,#3242),.UNSPECIFIED.,.F.,.F.)
B_SPLINE_CURVE_WITH_KNOTS((3,3),(0.,0.263326550893843),.UNSPECIFIED.)
CURVE()
GEOMETRIC_REPRESENTATION_ITEM()
RATIONAL_B_SPLINE_CURVE((1.,0.737277336811405,1.))
REPRESENTATION_ITEM('')
);
#587=(
BOUNDED_CURVE()
B_SPLINE_CURVE(2,(#3257,#3258,#3259),.UNSPECIFIED.,.F.,.F.)
B_SPLINE_CURVE_WITH_KNOTS((3,3),(0.,0.263326550893843),.UNSPECIFIED.)
CURVE()
GEOMETRIC_REPRESENTATION_ITEM()
RATIONAL_B_SPLINE_CURVE((1.,0.737277336812263,1.))
REPRESENTATION_ITEM('')
);
#588=(
BOUNDED_CURVE()
B_SPLINE_CURVE(2,(#3262,#3263,#3264),.UNSPECIFIED.,.F.,.F.)
B_SPLINE_CURVE_WITH_KNOTS((3,3),(-0.0333794219437216,0.),.UNSPECIFIED.)
CURVE()
GEOMETRIC_REPRESENTATION_ITEM()
RATIONAL_B_SPLINE_CURVE((1.,0.737277336812072,1.))
REPRESENTATION_ITEM('')
);
#589=(
BOUNDED_CURVE()
B_SPLINE_CURVE(2,(#3313,#3314,#3315),.UNSPECIFIED.,.F.,.F.)
B_SPLINE_CURVE_WITH_KNOTS((3,3),(0.,0.26332655089393),.UNSPECIFIED.)
CURVE()
GEOMETRIC_REPRESENTATION_ITEM()
RATIONAL_B_SPLINE_CURVE((1.,0.737277336811039,1.))
REPRESENTATION_ITEM('')
);
#590=(
BOUNDED_CURVE()
B_SPLINE_CURVE(2,(#3322,#3323,#3324),.UNSPECIFIED.,.F.,.F.)
B_SPLINE_CURVE_WITH_KNOTS((3,3),(-0.26332655089393,0.),.UNSPECIFIED.)
CURVE()
GEOMETRIC_REPRESENTATION_ITEM()
RATIONAL_B_SPLINE_CURVE((1.,0.73727733681103,1.))
REPRESENTATION_ITEM('')
);
#591=(
BOUNDED_CURVE()
B_SPLINE_CURVE(2,(#3329,#3330,#3331),.UNSPECIFIED.,.F.,.F.)
B_SPLINE_CURVE_WITH_KNOTS((3,3),(0.,0.0333794219452051),.UNSPECIFIED.)
CURVE()
GEOMETRIC_REPRESENTATION_ITEM()
RATIONAL_B_SPLINE_CURVE((1.,0.737277336798748,1.))
REPRESENTATION_ITEM('')
);
#592=(
BOUNDED_CURVE()
B_SPLINE_CURVE(2,(#3332,#3333,#3334),.UNSPECIFIED.,.F.,.F.)
B_SPLINE_CURVE_WITH_KNOTS((3,3),(0.,0.0333794219452051),.UNSPECIFIED.)
CURVE()
GEOMETRIC_REPRESENTATION_ITEM()
RATIONAL_B_SPLINE_CURVE((1.,0.737277336795686,1.))
REPRESENTATION_ITEM('')
);
#593=(
BOUNDED_CURVE()
B_SPLINE_CURVE(2,(#3339,#3340,#3341),.UNSPECIFIED.,.F.,.F.)
B_SPLINE_CURVE_WITH_KNOTS((3,3),(0.,0.26332655089393),.UNSPECIFIED.)
CURVE()
GEOMETRIC_REPRESENTATION_ITEM()
RATIONAL_B_SPLINE_CURVE((1.,0.737277336812089,1.))
REPRESENTATION_ITEM('')
);
#594=(
BOUNDED_CURVE()
B_SPLINE_CURVE(2,(#3352,#3353,#3354),.UNSPECIFIED.,.F.,.F.)
B_SPLINE_CURVE_WITH_KNOTS((3,3),(0.,0.0333794219452051),.UNSPECIFIED.)
CURVE()
GEOMETRIC_REPRESENTATION_ITEM()
RATIONAL_B_SPLINE_CURVE((1.,0.73727733679877,1.))
REPRESENTATION_ITEM('')
);
#595=(
BOUNDED_CURVE()
B_SPLINE_CURVE(2,(#3361,#3362,#3363),.UNSPECIFIED.,.F.,.F.)
B_SPLINE_CURVE_WITH_KNOTS((3,3),(0.,0.0333794219452051),.UNSPECIFIED.)
CURVE()
GEOMETRIC_REPRESENTATION_ITEM()
RATIONAL_B_SPLINE_CURVE((1.,0.737277336795686,1.))
REPRESENTATION_ITEM('')
);
#596=(
BOUNDED_CURVE()
B_SPLINE_CURVE(2,(#3366,#3367,#3368),.UNSPECIFIED.,.F.,.F.)
B_SPLINE_CURVE_WITH_KNOTS((3,3),(-0.26332655089393,0.),.UNSPECIFIED.)
CURVE()
GEOMETRIC_REPRESENTATION_ITEM()
RATIONAL_B_SPLINE_CURVE((1.,0.737277336812089,1.))
REPRESENTATION_ITEM('')
);
#597=PCURVE('',#2101,#917);
#598=PCURVE('',#2101,#918);
#599=PCURVE('',#2101,#919);
#600=PCURVE('',#2101,#920);
#601=PCURVE('',#2102,#921);
#602=PCURVE('',#2102,#922);
#603=PCURVE('',#2102,#923);
#604=PCURVE('',#2102,#924);
#605=PCURVE('',#2103,#925);
#606=PCURVE('',#2103,#926);
#607=PCURVE('',#2103,#927);
#608=PCURVE('',#2103,#928);
#609=PCURVE('',#2104,#929);
#610=PCURVE('',#2104,#930);
#611=PCURVE('',#2104,#931);
#612=PCURVE('',#2104,#932);
#613=PCURVE('',#2105,#933);
#614=PCURVE('',#2105,#934);
#615=PCURVE('',#2105,#935);
#616=PCURVE('',#2105,#936);
#617=PCURVE('',#2106,#937);
#618=PCURVE('',#2106,#938);
#619=PCURVE('',#2106,#939);
#620=PCURVE('',#2106,#940);
#621=PCURVE('',#2107,#941);
#622=PCURVE('',#2107,#942);
#623=PCURVE('',#2107,#943);
#624=PCURVE('',#2107,#944);
#625=PCURVE('',#2108,#945);
#626=PCURVE('',#2108,#946);
#627=PCURVE('',#2108,#947);
#628=PCURVE('',#2108,#948);
#629=PCURVE('',#2108,#949);
#630=PCURVE('',#2108,#950);
#631=PCURVE('',#2109,#951);
#632=PCURVE('',#2109,#952);
#633=PCURVE('',#2109,#953);
#634=PCURVE('',#2109,#954);
#635=PCURVE('',#2110,#955);
#636=PCURVE('',#2110,#956);
#637=PCURVE('',#2110,#957);
#638=PCURVE('',#2110,#958);
#639=PCURVE('',#2110,#959);
#640=PCURVE('',#2110,#960);
#641=PCURVE('',#2085,#961);
#642=PCURVE('',#2085,#962);
#643=PCURVE('',#2085,#963);
#644=PCURVE('',#2085,#964);
#645=PCURVE('',#2111,#965);
#646=PCURVE('',#2111,#966);
#647=PCURVE('',#2111,#967);
#648=PCURVE('',#2111,#968);
#649=PCURVE('',#2086,#969);
#650=PCURVE('',#2086,#970);
#651=PCURVE('',#2086,#971);
#652=PCURVE('',#2086,#972);
#653=PCURVE('',#2112,#973);
#654=PCURVE('',#2112,#974);
#655=PCURVE('',#2112,#975);
#656=PCURVE('',#2112,#976);
#657=PCURVE('',#2113,#977);
#658=PCURVE('',#2113,#978);
#659=PCURVE('',#2113,#979);
#660=PCURVE('',#2113,#980);
#661=PCURVE('',#2114,#981);
#662=PCURVE('',#2114,#982);
#663=PCURVE('',#2114,#983);
#664=PCURVE('',#2114,#984);
#665=PCURVE('',#2115,#985);
#666=PCURVE('',#2115,#986);
#667=PCURVE('',#2115,#987);
#668=PCURVE('',#2115,#988);
#669=PCURVE('',#2116,#989);
#670=PCURVE('',#2116,#990);
#671=PCURVE('',#2116,#991);
#672=PCURVE('',#2116,#992);
#673=PCURVE('',#2087,#993);
#674=PCURVE('',#2087,#994);
#675=PCURVE('',#2087,#995);
#676=PCURVE('',#2087,#996);
#677=PCURVE('',#2117,#997);
#678=PCURVE('',#2117,#998);
#679=PCURVE('',#2117,#999);
#680=PCURVE('',#2117,#1000);
#681=PCURVE('',#2088,#1001);
#682=PCURVE('',#2088,#1002);
#683=PCURVE('',#2088,#1003);
#684=PCURVE('',#2088,#1004);
#685=PCURVE('',#2118,#1005);
#686=PCURVE('',#2118,#1006);
#687=PCURVE('',#2118,#1007);
#688=PCURVE('',#2118,#1008);
#689=PCURVE('',#2119,#1009);
#690=PCURVE('',#2119,#1010);
#691=PCURVE('',#2119,#1011);
#692=PCURVE('',#2119,#1012);
#693=PCURVE('',#2120,#1013);
#694=PCURVE('',#2120,#1014);
#695=PCURVE('',#2120,#1015);
#696=PCURVE('',#2120,#1016);
#697=PCURVE('',#2121,#1017);
#698=PCURVE('',#2121,#1018);
#699=PCURVE('',#2121,#1019);
#700=PCURVE('',#2121,#1020);
#701=PCURVE('',#2122,#1021);
#702=PCURVE('',#2122,#1022);
#703=PCURVE('',#2122,#1023);
#704=PCURVE('',#2122,#1024);
#705=PCURVE('',#2123,#1025);
#706=PCURVE('',#2123,#1026);
#707=PCURVE('',#2123,#1027);
#708=PCURVE('',#2123,#1028);
#709=PCURVE('',#2124,#1029);
#710=PCURVE('',#2124,#1030);
#711=PCURVE('',#2124,#1031);
#712=PCURVE('',#2124,#1032);
#713=PCURVE('',#2125,#1033);
#714=PCURVE('',#2125,#1034);
#715=PCURVE('',#2125,#1035);
#716=PCURVE('',#2125,#1036);
#717=PCURVE('',#2126,#1037);
#718=PCURVE('',#2126,#1038);
#719=PCURVE('',#2126,#1039);
#720=PCURVE('',#2126,#1040);
#721=PCURVE('',#2127,#1041);
#722=PCURVE('',#2127,#1042);
#723=PCURVE('',#2127,#1043);
#724=PCURVE('',#2127,#1044);
#725=PCURVE('',#2127,#1045);
#726=PCURVE('',#2127,#1046);
#727=PCURVE('',#2128,#1047);
#728=PCURVE('',#2128,#1048);
#729=PCURVE('',#2128,#1049);
#730=PCURVE('',#2128,#1050);
#731=PCURVE('',#2129,#1051);
#732=PCURVE('',#2129,#1052);
#733=PCURVE('',#2129,#1053);
#734=PCURVE('',#2129,#1054);
#735=PCURVE('',#2129,#1055);
#736=PCURVE('',#2129,#1056);
#737=PCURVE('',#2089,#1057);
#738=PCURVE('',#2089,#1058);
#739=PCURVE('',#2089,#1059);
#740=PCURVE('',#2089,#1060);
#741=PCURVE('',#2130,#1061);
#742=PCURVE('',#2130,#1062);
#743=PCURVE('',#2130,#1063);
#744=PCURVE('',#2130,#1064);
#745=PCURVE('',#2090,#1065);
#746=PCURVE('',#2090,#1066);
#747=PCURVE('',#2090,#1067);
#748=PCURVE('',#2090,#1068);
#749=PCURVE('',#2131,#1069);
#750=PCURVE('',#2131,#1070);
#751=PCURVE('',#2131,#1071);
#752=PCURVE('',#2131,#1072);
#753=PCURVE('',#2132,#1073);
#754=PCURVE('',#2132,#1074);
#755=PCURVE('',#2132,#1075);
#756=PCURVE('',#2132,#1076);
#757=PCURVE('',#2133,#1077);
#758=PCURVE('',#2133,#1078);
#759=PCURVE('',#2133,#1079);
#760=PCURVE('',#2133,#1080);
#761=PCURVE('',#2134,#1081);
#762=PCURVE('',#2134,#1082);
#763=PCURVE('',#2134,#1083);
#764=PCURVE('',#2134,#1084);
#765=PCURVE('',#2135,#1085);
#766=PCURVE('',#2135,#1086);
#767=PCURVE('',#2135,#1087);
#768=PCURVE('',#2135,#1088);
#769=PCURVE('',#2091,#1089);
#770=PCURVE('',#2091,#1090);
#771=PCURVE('',#2091,#1091);
#772=PCURVE('',#2091,#1092);
#773=PCURVE('',#2136,#1093);
#774=PCURVE('',#2136,#1094);
#775=PCURVE('',#2136,#1095);
#776=PCURVE('',#2136,#1096);
#777=PCURVE('',#2092,#1097);
#778=PCURVE('',#2092,#1098);
#779=PCURVE('',#2092,#1099);
#780=PCURVE('',#2092,#1100);
#781=PCURVE('',#2137,#1101);
#782=PCURVE('',#2137,#1102);
#783=PCURVE('',#2137,#1103);
#784=PCURVE('',#2137,#1104);
#785=PCURVE('',#2138,#1105);
#786=PCURVE('',#2138,#1106);
#787=PCURVE('',#2138,#1107);
#788=PCURVE('',#2138,#1108);
#789=PCURVE('',#2139,#1109);
#790=PCURVE('',#2139,#1110);
#791=PCURVE('',#2139,#1111);
#792=PCURVE('',#2139,#1112);
#793=PCURVE('',#2140,#1113);
#794=PCURVE('',#2140,#1114);
#795=PCURVE('',#2140,#1115);
#796=PCURVE('',#2140,#1116);
#797=PCURVE('',#2141,#1117);
#798=PCURVE('',#2141,#1118);
#799=PCURVE('',#2141,#1119);
#800=PCURVE('',#2141,#1120);
#801=PCURVE('',#2142,#1121);
#802=PCURVE('',#2142,#1122);
#803=PCURVE('',#2142,#1123);
#804=PCURVE('',#2142,#1124);
#805=PCURVE('',#2093,#1125);
#806=PCURVE('',#2093,#1126);
#807=PCURVE('',#2093,#1127);
#808=PCURVE('',#2093,#1128);
#809=PCURVE('',#2093,#1129);
#810=PCURVE('',#2093,#1130);
#811=PCURVE('',#2093,#1131);
#812=PCURVE('',#2093,#1132);
#813=PCURVE('',#2094,#1133);
#814=PCURVE('',#2094,#1134);
#815=PCURVE('',#2094,#1135);
#816=PCURVE('',#2094,#1136);
#817=PCURVE('',#2095,#1137);
#818=PCURVE('',#2095,#1138);
#819=PCURVE('',#2095,#1139);
#820=PCURVE('',#2095,#1140);
#821=PCURVE('',#2096,#1141);
#822=PCURVE('',#2096,#1142);
#823=PCURVE('',#2096,#1143);
#824=PCURVE('',#2096,#1144);
#825=PCURVE('',#2096,#1145);
#826=PCURVE('',#2096,#1146);
#827=PCURVE('',#2096,#1147);
#828=PCURVE('',#2096,#1148);
#829=PCURVE('',#2097,#1149);
#830=PCURVE('',#2097,#1150);
#831=PCURVE('',#2097,#1151);
#832=PCURVE('',#2097,#1152);
#833=PCURVE('',#2098,#1153);
#834=PCURVE('',#2098,#1154);
#835=PCURVE('',#2098,#1155);
#836=PCURVE('',#2098,#1156);
#837=PCURVE('',#2099,#1157);
#838=PCURVE('',#2099,#1158);
#839=PCURVE('',#2099,#1159);
#840=PCURVE('',#2099,#1160);
#841=PCURVE('',#2100,#1161);
#842=PCURVE('',#2100,#1162);
#843=PCURVE('',#2100,#1163);
#844=PCURVE('',#2100,#1164);
#845=PCURVE('',#2143,#1165);
#846=PCURVE('',#2143,#1166);
#847=PCURVE('',#2143,#1167);
#848=PCURVE('',#2143,#1168);
#849=PCURVE('',#2144,#1169);
#850=PCURVE('',#2144,#1170);
#851=PCURVE('',#2144,#1171);
#852=PCURVE('',#2144,#1172);
#853=PCURVE('',#2144,#1173);
#854=PCURVE('',#2144,#1174);
#855=PCURVE('',#2145,#1175);
#856=PCURVE('',#2145,#1176);
#857=PCURVE('',#2145,#1177);
#858=PCURVE('',#2145,#1178);
#859=PCURVE('',#2145,#1179);
#860=PCURVE('',#2145,#1180);
#861=PCURVE('',#2146,#1181);
#862=PCURVE('',#2146,#1182);
#863=PCURVE('',#2146,#1183);
#864=PCURVE('',#2146,#1184);
#865=PCURVE('',#2147,#1185);
#866=PCURVE('',#2147,#1186);
#867=PCURVE('',#2147,#1187);
#868=PCURVE('',#2147,#1188);
#869=PCURVE('',#2147,#1189);
#870=PCURVE('',#2147,#1190);
#871=PCURVE('',#2148,#1191);
#872=PCURVE('',#2148,#1192);
#873=PCURVE('',#2148,#1193);
#874=PCURVE('',#2148,#1194);
#875=PCURVE('',#2148,#1195);
#876=PCURVE('',#2148,#1196);
#877=PCURVE('',#2149,#1197);
#878=PCURVE('',#2149,#1198);
#879=PCURVE('',#2149,#1199);
#880=PCURVE('',#2149,#1200);
#881=PCURVE('',#2150,#1201);
#882=PCURVE('',#2150,#1202);
#883=PCURVE('',#2150,#1203);
#884=PCURVE('',#2150,#1204);
#885=PCURVE('',#2151,#1205);
#886=PCURVE('',#2151,#1206);
#887=PCURVE('',#2151,#1207);
#888=PCURVE('',#2151,#1208);
#889=PCURVE('',#2152,#1209);
#890=PCURVE('',#2152,#1210);
#891=PCURVE('',#2152,#1211);
#892=PCURVE('',#2152,#1212);
#893=PCURVE('',#2153,#1213);
#894=PCURVE('',#2153,#1214);
#895=PCURVE('',#2153,#1215);
#896=PCURVE('',#2153,#1216);
#897=PCURVE('',#2154,#1217);
#898=PCURVE('',#2154,#1218);
#899=PCURVE('',#2154,#1219);
#900=PCURVE('',#2154,#1220);
#901=PCURVE('',#2155,#1221);
#902=PCURVE('',#2155,#1222);
#903=PCURVE('',#2155,#1223);
#904=PCURVE('',#2155,#1224);
#905=PCURVE('',#2156,#1225);
#906=PCURVE('',#2156,#1226);
#907=PCURVE('',#2156,#1227);
#908=PCURVE('',#2156,#1228);
#909=PCURVE('',#2157,#1229);
#910=PCURVE('',#2157,#1230);
#911=PCURVE('',#2157,#1231);
#912=PCURVE('',#2157,#1232);
#913=PCURVE('',#2158,#1233);
#914=PCURVE('',#2158,#1234);
#915=PCURVE('',#2158,#1235);
#916=PCURVE('',#2158,#1236);
#917=DEFINITIONAL_REPRESENTATION('',(#1558),#3800);
#918=DEFINITIONAL_REPRESENTATION('',(#1560),#3800);
#919=DEFINITIONAL_REPRESENTATION('',(#1562),#3800);
#920=DEFINITIONAL_REPRESENTATION('',(#1564),#3800);
#921=DEFINITIONAL_REPRESENTATION('',(#1566),#3800);
#922=DEFINITIONAL_REPRESENTATION('',(#1568),#3800);
#923=DEFINITIONAL_REPRESENTATION('',(#1570),#3800);
#924=DEFINITIONAL_REPRESENTATION('',(#1572),#3800);
#925=DEFINITIONAL_REPRESENTATION('',(#1574),#3800);
#926=DEFINITIONAL_REPRESENTATION('',(#558),#3800);
#927=DEFINITIONAL_REPRESENTATION('',(#1575),#3800);
#928=DEFINITIONAL_REPRESENTATION('',(#560),#3800);
#929=DEFINITIONAL_REPRESENTATION('',(#1576),#3800);
#930=DEFINITIONAL_REPRESENTATION('',(#562),#3800);
#931=DEFINITIONAL_REPRESENTATION('',(#1578),#3800);
#932=DEFINITIONAL_REPRESENTATION('',(#564),#3800);
#933=DEFINITIONAL_REPRESENTATION('',(#1580),#3800);
#934=DEFINITIONAL_REPRESENTATION('',(#1582),#3800);
#935=DEFINITIONAL_REPRESENTATION('',(#1584),#3800);
#936=DEFINITIONAL_REPRESENTATION('',(#1586),#3800);
#937=DEFINITIONAL_REPRESENTATION('',(#1588),#3800);
#938=DEFINITIONAL_REPRESENTATION('',(#1590),#3800);
#939=DEFINITIONAL_REPRESENTATION('',(#1592),#3800);
#940=DEFINITIONAL_REPRESENTATION('',(#1594),#3800);
#941=DEFINITIONAL_REPRESENTATION('',(#1596),#3800);
#942=DEFINITIONAL_REPRESENTATION('',(#1598),#3800);
#943=DEFINITIONAL_REPRESENTATION('',(#1600),#3800);
#944=DEFINITIONAL_REPRESENTATION('',(#1601),#3800);
#945=DEFINITIONAL_REPRESENTATION('',(#1603),#3800);
#946=DEFINITIONAL_REPRESENTATION('',(#1605),#3800);
#947=DEFINITIONAL_REPRESENTATION('',(#1606),#3800);
#948=DEFINITIONAL_REPRESENTATION('',(#1607),#3800);
#949=DEFINITIONAL_REPRESENTATION('',(#1609),#3800);
#950=DEFINITIONAL_REPRESENTATION('',(#1611),#3800);
#951=DEFINITIONAL_REPRESENTATION('',(#1613),#3800);
#952=DEFINITIONAL_REPRESENTATION('',(#1615),#3800);
#953=DEFINITIONAL_REPRESENTATION('',(#1616),#3800);
#954=DEFINITIONAL_REPRESENTATION('',(#1618),#3800);
#955=DEFINITIONAL_REPRESENTATION('',(#1620),#3800);
#956=DEFINITIONAL_REPRESENTATION('',(#1621),#3800);
#957=DEFINITIONAL_REPRESENTATION('',(#1623),#3800);
#958=DEFINITIONAL_REPRESENTATION('',(#1625),#3800);
#959=DEFINITIONAL_REPRESENTATION('',(#1626),#3800);
#960=DEFINITIONAL_REPRESENTATION('',(#1627),#3800);
#961=DEFINITIONAL_REPRESENTATION('',(#1628),#3800);
#962=DEFINITIONAL_REPRESENTATION('',(#1630),#3800);
#963=DEFINITIONAL_REPRESENTATION('',(#1631),#3800);
#964=DEFINITIONAL_REPRESENTATION('',(#1632),#3800);
#965=DEFINITIONAL_REPRESENTATION('',(#568),#3800);
#966=DEFINITIONAL_REPRESENTATION('',(#1634),#3800);
#967=DEFINITIONAL_REPRESENTATION('',(#569),#3800);
#968=DEFINITIONAL_REPRESENTATION('',(#1635),#3800);
#969=DEFINITIONAL_REPRESENTATION('',(#1637),#3800);
#970=DEFINITIONAL_REPRESENTATION('',(#1638),#3800);
#971=DEFINITIONAL_REPRESENTATION('',(#1639),#3800);
#972=DEFINITIONAL_REPRESENTATION('',(#1640),#3800);
#973=DEFINITIONAL_REPRESENTATION('',(#1642),#3800);
#974=DEFINITIONAL_REPRESENTATION('',(#571),#3800);
#975=DEFINITIONAL_REPRESENTATION('',(#1643),#3800);
#976=DEFINITIONAL_REPRESENTATION('',(#572),#3800);
#977=DEFINITIONAL_REPRESENTATION('',(#1645),#3800);
#978=DEFINITIONAL_REPRESENTATION('',(#1647),#3800);
#979=DEFINITIONAL_REPRESENTATION('',(#1649),#3800);
#980=DEFINITIONAL_REPRESENTATION('',(#1650),#3800);
#981=DEFINITIONAL_REPRESENTATION('',(#1652),#3800);
#982=DEFINITIONAL_REPRESENTATION('',(#1654),#3800);
#983=DEFINITIONAL_REPRESENTATION('',(#1655),#3800);
#984=DEFINITIONAL_REPRESENTATION('',(#1656),#3800);
#985=DEFINITIONAL_REPRESENTATION('',(#1658),#3800);
#986=DEFINITIONAL_REPRESENTATION('',(#1660),#3800);
#987=DEFINITIONAL_REPRESENTATION('',(#1661),#3800);
#988=DEFINITIONAL_REPRESENTATION('',(#1662),#3800);
#989=DEFINITIONAL_REPRESENTATION('',(#1664),#3800);
#990=DEFINITIONAL_REPRESENTATION('',(#1665),#3800);
#991=DEFINITIONAL_REPRESENTATION('',(#1666),#3800);
#992=DEFINITIONAL_REPRESENTATION('',(#1667),#3800);
#993=DEFINITIONAL_REPRESENTATION('',(#1669),#3800);
#994=DEFINITIONAL_REPRESENTATION('',(#1670),#3800);
#995=DEFINITIONAL_REPRESENTATION('',(#1671),#3800);
#996=DEFINITIONAL_REPRESENTATION('',(#1672),#3800);
#997=DEFINITIONAL_REPRESENTATION('',(#576),#3800);
#998=DEFINITIONAL_REPRESENTATION('',(#1674),#3800);
#999=DEFINITIONAL_REPRESENTATION('',(#577),#3800);
#1000=DEFINITIONAL_REPRESENTATION('',(#1675),#3800);
#1001=DEFINITIONAL_REPRESENTATION('',(#1676),#3800);
#1002=DEFINITIONAL_REPRESENTATION('',(#1678),#3800);
#1003=DEFINITIONAL_REPRESENTATION('',(#1679),#3800);
#1004=DEFINITIONAL_REPRESENTATION('',(#1680),#3800);
#1005=DEFINITIONAL_REPRESENTATION('',(#1682),#3800);
#1006=DEFINITIONAL_REPRESENTATION('',(#579),#3800);
#1007=DEFINITIONAL_REPRESENTATION('',(#1683),#3800);
#1008=DEFINITIONAL_REPRESENTATION('',(#580),#3800);
#1009=DEFINITIONAL_REPRESENTATION('',(#1685),#3800);
#1010=DEFINITIONAL_REPRESENTATION('',(#1686),#3800);
#1011=DEFINITIONAL_REPRESENTATION('',(#1688),#3800);
#1012=DEFINITIONAL_REPRESENTATION('',(#1689),#3800);
#1013=DEFINITIONAL_REPRESENTATION('',(#1691),#3800);
#1014=DEFINITIONAL_REPRESENTATION('',(#1692),#3800);
#1015=DEFINITIONAL_REPRESENTATION('',(#1693),#3800);
#1016=DEFINITIONAL_REPRESENTATION('',(#1694),#3800);
#1017=DEFINITIONAL_REPRESENTATION('',(#1696),#3800);
#1018=DEFINITIONAL_REPRESENTATION('',(#1697),#3800);
#1019=DEFINITIONAL_REPRESENTATION('',(#1698),#3800);
#1020=DEFINITIONAL_REPRESENTATION('',(#1699),#3800);
#1021=DEFINITIONAL_REPRESENTATION('',(#1700),#3800);
#1022=DEFINITIONAL_REPRESENTATION('',(#1701),#3800);
#1023=DEFINITIONAL_REPRESENTATION('',(#1702),#3800);
#1024=DEFINITIONAL_REPRESENTATION('',(#1703),#3800);
#1025=DEFINITIONAL_REPRESENTATION('',(#1704),#3800);
#1026=DEFINITIONAL_REPRESENTATION('',(#1706),#3800);
#1027=DEFINITIONAL_REPRESENTATION('',(#1707),#3800);
#1028=DEFINITIONAL_REPRESENTATION('',(#1708),#3800);
#1029=DEFINITIONAL_REPRESENTATION('',(#1710),#3800);
#1030=DEFINITIONAL_REPRESENTATION('',(#1712),#3800);
#1031=DEFINITIONAL_REPRESENTATION('',(#1714),#3800);
#1032=DEFINITIONAL_REPRESENTATION('',(#1716),#3800);
#1033=DEFINITIONAL_REPRESENTATION('',(#1718),#3800);
#1034=DEFINITIONAL_REPRESENTATION('',(#1720),#3800);
#1035=DEFINITIONAL_REPRESENTATION('',(#1722),#3800);
#1036=DEFINITIONAL_REPRESENTATION('',(#1724),#3800);
#1037=DEFINITIONAL_REPRESENTATION('',(#1726),#3800);
#1038=DEFINITIONAL_REPRESENTATION('',(#1728),#3800);
#1039=DEFINITIONAL_REPRESENTATION('',(#1730),#3800);
#1040=DEFINITIONAL_REPRESENTATION('',(#1732),#3800);
#1041=DEFINITIONAL_REPRESENTATION('',(#1734),#3800);
#1042=DEFINITIONAL_REPRESENTATION('',(#1736),#3800);
#1043=DEFINITIONAL_REPRESENTATION('',(#1737),#3800);
#1044=DEFINITIONAL_REPRESENTATION('',(#1739),#3800);
#1045=DEFINITIONAL_REPRESENTATION('',(#1741),#3800);
#1046=DEFINITIONAL_REPRESENTATION('',(#1742),#3800);
#1047=DEFINITIONAL_REPRESENTATION('',(#1744),#3800);
#1048=DEFINITIONAL_REPRESENTATION('',(#1746),#3800);
#1049=DEFINITIONAL_REPRESENTATION('',(#1747),#3800);
#1050=DEFINITIONAL_REPRESENTATION('',(#1748),#3800);
#1051=DEFINITIONAL_REPRESENTATION('',(#1750),#3800);
#1052=DEFINITIONAL_REPRESENTATION('',(#1751),#3800);
#1053=DEFINITIONAL_REPRESENTATION('',(#1752),#3800);
#1054=DEFINITIONAL_REPRESENTATION('',(#1754),#3800);
#1055=DEFINITIONAL_REPRESENTATION('',(#1756),#3800);
#1056=DEFINITIONAL_REPRESENTATION('',(#1757),#3800);
#1057=DEFINITIONAL_REPRESENTATION('',(#1759),#3800);
#1058=DEFINITIONAL_REPRESENTATION('',(#1760),#3800);
#1059=DEFINITIONAL_REPRESENTATION('',(#1761),#3800);
#1060=DEFINITIONAL_REPRESENTATION('',(#1762),#3800);
#1061=DEFINITIONAL_REPRESENTATION('',(#584),#3800);
#1062=DEFINITIONAL_REPRESENTATION('',(#1764),#3800);
#1063=DEFINITIONAL_REPRESENTATION('',(#585),#3800);
#1064=DEFINITIONAL_REPRESENTATION('',(#1765),#3800);
#1065=DEFINITIONAL_REPRESENTATION('',(#1766),#3800);
#1066=DEFINITIONAL_REPRESENTATION('',(#1768),#3800);
#1067=DEFINITIONAL_REPRESENTATION('',(#1769),#3800);
#1068=DEFINITIONAL_REPRESENTATION('',(#1770),#3800);
#1069=DEFINITIONAL_REPRESENTATION('',(#1772),#3800);
#1070=DEFINITIONAL_REPRESENTATION('',(#587),#3800);
#1071=DEFINITIONAL_REPRESENTATION('',(#1773),#3800);
#1072=DEFINITIONAL_REPRESENTATION('',(#588),#3800);
#1073=DEFINITIONAL_REPRESENTATION('',(#1775),#3800);
#1074=DEFINITIONAL_REPRESENTATION('',(#1777),#3800);
#1075=DEFINITIONAL_REPRESENTATION('',(#1779),#3800);
#1076=DEFINITIONAL_REPRESENTATION('',(#1780),#3800);
#1077=DEFINITIONAL_REPRESENTATION('',(#1782),#3800);
#1078=DEFINITIONAL_REPRESENTATION('',(#1784),#3800);
#1079=DEFINITIONAL_REPRESENTATION('',(#1785),#3800);
#1080=DEFINITIONAL_REPRESENTATION('',(#1786),#3800);
#1081=DEFINITIONAL_REPRESENTATION('',(#1788),#3800);
#1082=DEFINITIONAL_REPRESENTATION('',(#1790),#3800);
#1083=DEFINITIONAL_REPRESENTATION('',(#1791),#3800);
#1084=DEFINITIONAL_REPRESENTATION('',(#1792),#3800);
#1085=DEFINITIONAL_REPRESENTATION('',(#1794),#3800);
#1086=DEFINITIONAL_REPRESENTATION('',(#1795),#3800);
#1087=DEFINITIONAL_REPRESENTATION('',(#1796),#3800);
#1088=DEFINITIONAL_REPRESENTATION('',(#1797),#3800);
#1089=DEFINITIONAL_REPRESENTATION('',(#1798),#3800);
#1090=DEFINITIONAL_REPRESENTATION('',(#1800),#3800);
#1091=DEFINITIONAL_REPRESENTATION('',(#1801),#3800);
#1092=DEFINITIONAL_REPRESENTATION('',(#1802),#3800);
#1093=DEFINITIONAL_REPRESENTATION('',(#592),#3800);
#1094=DEFINITIONAL_REPRESENTATION('',(#1804),#3800);
#1095=DEFINITIONAL_REPRESENTATION('',(#593),#3800);
#1096=DEFINITIONAL_REPRESENTATION('',(#1805),#3800);
#1097=DEFINITIONAL_REPRESENTATION('',(#1807),#3800);
#1098=DEFINITIONAL_REPRESENTATION('',(#1808),#3800);
#1099=DEFINITIONAL_REPRESENTATION('',(#1809),#3800);
#1100=DEFINITIONAL_REPRESENTATION('',(#1810),#3800);
#1101=DEFINITIONAL_REPRESENTATION('',(#1812),#3800);
#1102=DEFINITIONAL_REPRESENTATION('',(#595),#3800);
#1103=DEFINITIONAL_REPRESENTATION('',(#1813),#3800);
#1104=DEFINITIONAL_REPRESENTATION('',(#596),#3800);
#1105=DEFINITIONAL_REPRESENTATION('',(#1815),#3800);
#1106=DEFINITIONAL_REPRESENTATION('',(#1816),#3800);
#1107=DEFINITIONAL_REPRESENTATION('',(#1818),#3800);
#1108=DEFINITIONAL_REPRESENTATION('',(#1819),#3800);
#1109=DEFINITIONAL_REPRESENTATION('',(#1821),#3800);
#1110=DEFINITIONAL_REPRESENTATION('',(#1822),#3800);
#1111=DEFINITIONAL_REPRESENTATION('',(#1823),#3800);
#1112=DEFINITIONAL_REPRESENTATION('',(#1824),#3800);
#1113=DEFINITIONAL_REPRESENTATION('',(#1826),#3800);
#1114=DEFINITIONAL_REPRESENTATION('',(#1827),#3800);
#1115=DEFINITIONAL_REPRESENTATION('',(#1828),#3800);
#1116=DEFINITIONAL_REPRESENTATION('',(#1829),#3800);
#1117=DEFINITIONAL_REPRESENTATION('',(#1830),#3800);
#1118=DEFINITIONAL_REPRESENTATION('',(#1831),#3800);
#1119=DEFINITIONAL_REPRESENTATION('',(#1832),#3800);
#1120=DEFINITIONAL_REPRESENTATION('',(#1833),#3800);
#1121=DEFINITIONAL_REPRESENTATION('',(#1834),#3800);
#1122=DEFINITIONAL_REPRESENTATION('',(#1836),#3800);
#1123=DEFINITIONAL_REPRESENTATION('',(#1837),#3800);
#1124=DEFINITIONAL_REPRESENTATION('',(#1838),#3800);
#1125=DEFINITIONAL_REPRESENTATION('',(#1839),#3800);
#1126=DEFINITIONAL_REPRESENTATION('',(#1840),#3800);
#1127=DEFINITIONAL_REPRESENTATION('',(#1841),#3800);
#1128=DEFINITIONAL_REPRESENTATION('',(#1843),#3800);
#1129=DEFINITIONAL_REPRESENTATION('',(#1845),#3800);
#1130=DEFINITIONAL_REPRESENTATION('',(#1847),#3800);
#1131=DEFINITIONAL_REPRESENTATION('',(#1849),#3800);
#1132=DEFINITIONAL_REPRESENTATION('',(#1851),#3800);
#1133=DEFINITIONAL_REPRESENTATION('',(#1853),#3800);
#1134=DEFINITIONAL_REPRESENTATION('',(#1855),#3800);
#1135=DEFINITIONAL_REPRESENTATION('',(#1856),#3800);
#1136=DEFINITIONAL_REPRESENTATION('',(#1858),#3800);
#1137=DEFINITIONAL_REPRESENTATION('',(#1860),#3800);
#1138=DEFINITIONAL_REPRESENTATION('',(#1862),#3800);
#1139=DEFINITIONAL_REPRESENTATION('',(#1863),#3800);
#1140=DEFINITIONAL_REPRESENTATION('',(#1865),#3800);
#1141=DEFINITIONAL_REPRESENTATION('',(#1866),#3800);
#1142=DEFINITIONAL_REPRESENTATION('',(#1868),#3800);
#1143=DEFINITIONAL_REPRESENTATION('',(#1869),#3800);
#1144=DEFINITIONAL_REPRESENTATION('',(#1870),#3800);
#1145=DEFINITIONAL_REPRESENTATION('',(#1871),#3800);
#1146=DEFINITIONAL_REPRESENTATION('',(#1873),#3800);
#1147=DEFINITIONAL_REPRESENTATION('',(#1874),#3800);
#1148=DEFINITIONAL_REPRESENTATION('',(#1875),#3800);
#1149=DEFINITIONAL_REPRESENTATION('',(#1877),#3800);
#1150=DEFINITIONAL_REPRESENTATION('',(#1879),#3800);
#1151=DEFINITIONAL_REPRESENTATION('',(#1881),#3800);
#1152=DEFINITIONAL_REPRESENTATION('',(#1883),#3800);
#1153=DEFINITIONAL_REPRESENTATION('',(#1885),#3800);
#1154=DEFINITIONAL_REPRESENTATION('',(#1887),#3800);
#1155=DEFINITIONAL_REPRESENTATION('',(#1888),#3800);
#1156=DEFINITIONAL_REPRESENTATION('',(#1890),#3800);
#1157=DEFINITIONAL_REPRESENTATION('',(#1892),#3800);
#1158=DEFINITIONAL_REPRESENTATION('',(#1894),#3800);
#1159=DEFINITIONAL_REPRESENTATION('',(#1895),#3800);
#1160=DEFINITIONAL_REPRESENTATION('',(#1897),#3800);
#1161=DEFINITIONAL_REPRESENTATION('',(#1898),#3800);
#1162=DEFINITIONAL_REPRESENTATION('',(#1900),#3800);
#1163=DEFINITIONAL_REPRESENTATION('',(#1901),#3800);
#1164=DEFINITIONAL_REPRESENTATION('',(#1903),#3800);
#1165=DEFINITIONAL_REPRESENTATION('',(#1904),#3800);
#1166=DEFINITIONAL_REPRESENTATION('',(#1906),#3800);
#1167=DEFINITIONAL_REPRESENTATION('',(#1908),#3800);
#1168=DEFINITIONAL_REPRESENTATION('',(#1910),#3800);
#1169=DEFINITIONAL_REPRESENTATION('',(#1911),#3800);
#1170=DEFINITIONAL_REPRESENTATION('',(#1913),#3800);
#1171=DEFINITIONAL_REPRESENTATION('',(#1915),#3800);
#1172=DEFINITIONAL_REPRESENTATION('',(#1916),#3800);
#1173=DEFINITIONAL_REPRESENTATION('',(#1918),#3800);
#1174=DEFINITIONAL_REPRESENTATION('',(#1919),#3800);
#1175=DEFINITIONAL_REPRESENTATION('',(#1920),#3800);
#1176=DEFINITIONAL_REPRESENTATION('',(#1921),#3800);
#1177=DEFINITIONAL_REPRESENTATION('',(#1923),#3800);
#1178=DEFINITIONAL_REPRESENTATION('',(#1924),#3800);
#1179=DEFINITIONAL_REPRESENTATION('',(#1926),#3800);
#1180=DEFINITIONAL_REPRESENTATION('',(#1928),#3800);
#1181=DEFINITIONAL_REPRESENTATION('',(#1929),#3800);
#1182=DEFINITIONAL_REPRESENTATION('',(#1930),#3800);
#1183=DEFINITIONAL_REPRESENTATION('',(#1932),#3800);
#1184=DEFINITIONAL_REPRESENTATION('',(#1933),#3800);
#1185=DEFINITIONAL_REPRESENTATION('',(#1935),#3800);
#1186=DEFINITIONAL_REPRESENTATION('',(#1936),#3800);
#1187=DEFINITIONAL_REPRESENTATION('',(#1937),#3800);
#1188=DEFINITIONAL_REPRESENTATION('',(#1939),#3800);
#1189=DEFINITIONAL_REPRESENTATION('',(#1940),#3800);
#1190=DEFINITIONAL_REPRESENTATION('',(#1942),#3800);
#1191=DEFINITIONAL_REPRESENTATION('',(#1943),#3800);
#1192=DEFINITIONAL_REPRESENTATION('',(#1944),#3800);
#1193=DEFINITIONAL_REPRESENTATION('',(#1946),#3800);
#1194=DEFINITIONAL_REPRESENTATION('',(#1948),#3800);
#1195=DEFINITIONAL_REPRESENTATION('',(#1949),#3800);
#1196=DEFINITIONAL_REPRESENTATION('',(#1951),#3800);
#1197=DEFINITIONAL_REPRESENTATION('',(#1952),#3800);
#1198=DEFINITIONAL_REPRESENTATION('',(#1953),#3800);
#1199=DEFINITIONAL_REPRESENTATION('',(#1954),#3800);
#1200=DEFINITIONAL_REPRESENTATION('',(#1956),#3800);
#1201=DEFINITIONAL_REPRESENTATION('',(#1957),#3800);
#1202=DEFINITIONAL_REPRESENTATION('',(#1958),#3800);
#1203=DEFINITIONAL_REPRESENTATION('',(#1959),#3800);
#1204=DEFINITIONAL_REPRESENTATION('',(#1960),#3800);
#1205=DEFINITIONAL_REPRESENTATION('',(#1961),#3800);
#1206=DEFINITIONAL_REPRESENTATION('',(#1962),#3800);
#1207=DEFINITIONAL_REPRESENTATION('',(#1963),#3800);
#1208=DEFINITIONAL_REPRESENTATION('',(#1964),#3800);
#1209=DEFINITIONAL_REPRESENTATION('',(#1965),#3800);
#1210=DEFINITIONAL_REPRESENTATION('',(#1967),#3800);
#1211=DEFINITIONAL_REPRESENTATION('',(#1968),#3800);
#1212=DEFINITIONAL_REPRESENTATION('',(#1970),#3800);
#1213=DEFINITIONAL_REPRESENTATION('',(#1971),#3800);
#1214=DEFINITIONAL_REPRESENTATION('',(#1973),#3800);
#1215=DEFINITIONAL_REPRESENTATION('',(#1974),#3800);
#1216=DEFINITIONAL_REPRESENTATION('',(#1976),#3800);
#1217=DEFINITIONAL_REPRESENTATION('',(#1977),#3800);
#1218=DEFINITIONAL_REPRESENTATION('',(#1978),#3800);
#1219=DEFINITIONAL_REPRESENTATION('',(#1979),#3800);
#1220=DEFINITIONAL_REPRESENTATION('',(#1980),#3800);
#1221=DEFINITIONAL_REPRESENTATION('',(#1981),#3800);
#1222=DEFINITIONAL_REPRESENTATION('',(#1982),#3800);
#1223=DEFINITIONAL_REPRESENTATION('',(#1983),#3800);
#1224=DEFINITIONAL_REPRESENTATION('',(#1984),#3800);
#1225=DEFINITIONAL_REPRESENTATION('',(#1985),#3800);
#1226=DEFINITIONAL_REPRESENTATION('',(#1986),#3800);
#1227=DEFINITIONAL_REPRESENTATION('',(#1987),#3800);
#1228=DEFINITIONAL_REPRESENTATION('',(#1988),#3800);
#1229=DEFINITIONAL_REPRESENTATION('',(#1989),#3800);
#1230=DEFINITIONAL_REPRESENTATION('',(#1990),#3800);
#1231=DEFINITIONAL_REPRESENTATION('',(#1991),#3800);
#1232=DEFINITIONAL_REPRESENTATION('',(#1992),#3800);
#1233=DEFINITIONAL_REPRESENTATION('',(#1993),#3800);
#1234=DEFINITIONAL_REPRESENTATION('',(#1994),#3800);
#1235=DEFINITIONAL_REPRESENTATION('',(#1995),#3800);
#1236=DEFINITIONAL_REPRESENTATION('',(#1996),#3800);
#1237=SURFACE_CURVE('',#1557,(#597,#867),.PCURVE_S1.);
#1238=SURFACE_CURVE('',#1559,(#598,#824),.PCURVE_S1.);
#1239=SURFACE_CURVE('',#1561,(#599,#871),.PCURVE_S1.);
#1240=SURFACE_CURVE('',#1563,(#600,#895),.PCURVE_S1.);
#1241=SURFACE_CURVE('',#1565,(#601,#607),.PCURVE_S1.);
#1242=SURFACE_CURVE('',#1567,(#602,#806),.PCURVE_S1.);
#1243=SURFACE_CURVE('',#1569,(#603,#609),.PCURVE_S1.);
#1244=SURFACE_CURVE('',#1571,(#604,#828),.PCURVE_S1.);
#1245=SURFACE_CURVE('',#1573,(#605,#885),.PCURVE_S1.);
#1246=SURFACE_CURVE('',#557,(#606,#807),.PCURVE_S1.);
#1247=SURFACE_CURVE('',#559,(#608,#827),.PCURVE_S1.);
#1248=SURFACE_CURVE('',#561,(#610,#805),.PCURVE_S1.);
#1249=SURFACE_CURVE('',#1577,(#611,#913),.PCURVE_S1.);
#1250=SURFACE_CURVE('',#563,(#612,#821),.PCURVE_S1.);
#1251=SURFACE_CURVE('',#1579,(#613,#639),.PCURVE_S1.);
#1252=SURFACE_CURVE('',#1581,(#614,#875),.PCURVE_S1.);
#1253=SURFACE_CURVE('',#1583,(#615,#628),.PCURVE_S1.);
#1254=SURFACE_CURVE('',#1585,(#616,#624),.PCURVE_S1.);
#1255=SURFACE_CURVE('',#1587,(#617,#701),.PCURVE_S1.);
#1256=SURFACE_CURVE('',#1589,(#618,#690),.PCURVE_S1.);
#1257=SURFACE_CURVE('',#1591,(#619,#694),.PCURVE_S1.);
#1258=SURFACE_CURVE('',#1593,(#620,#698),.PCURVE_S1.);
#1259=SURFACE_CURVE('',#1595,(#621,#627),.PCURVE_S1.);
#1260=SURFACE_CURVE('',#1597,(#622,#644),.PCURVE_S1.);
#1261=SURFACE_CURVE('',#1599,(#623,#640),.PCURVE_S1.);
#1262=SURFACE_CURVE('',#1602,(#625,#633),.PCURVE_S1.);
#1263=SURFACE_CURVE('',#1604,(#626,#648),.PCURVE_S1.);
#1264=SURFACE_CURVE('',#1608,(#629,#912),.PCURVE_S1.);
#1265=SURFACE_CURVE('',#1610,(#630,#705),.PCURVE_S1.);
#1266=SURFACE_CURVE('',#1612,(#631,#636),.PCURVE_S1.);
#1267=SURFACE_CURVE('',#1614,(#632,#651),.PCURVE_S1.);
#1268=SURFACE_CURVE('',#1617,(#634,#708),.PCURVE_S1.);
#1269=SURFACE_CURVE('',#1619,(#635,#655),.PCURVE_S1.);
#1270=SURFACE_CURVE('',#1622,(#637,#707),.PCURVE_S1.);
#1271=SURFACE_CURVE('',#1624,(#638,#908),.PCURVE_S1.);
#1272=SURFACE_CURVE('',#565,(#641,#647),.PCURVE_S1.);
#1273=SURFACE_CURVE('',#1629,(#642,#660),.PCURVE_S1.);
#1274=SURFACE_CURVE('',#566,(#643,#656),.PCURVE_S1.);
#1275=SURFACE_CURVE('',#567,(#645,#650),.PCURVE_S1.);
#1276=SURFACE_CURVE('',#1633,(#646,#664),.PCURVE_S1.);
#1277=SURFACE_CURVE('',#1636,(#649,#668),.PCURVE_S1.);
#1278=SURFACE_CURVE('',#570,(#652,#654),.PCURVE_S1.);
#1279=SURFACE_CURVE('',#1641,(#653,#671),.PCURVE_S1.);
#1280=SURFACE_CURVE('',#1644,(#657,#663),.PCURVE_S1.);
#1281=SURFACE_CURVE('',#1646,(#658,#675),.PCURVE_S1.);
#1282=SURFACE_CURVE('',#1648,(#659,#672),.PCURVE_S1.);
#1283=SURFACE_CURVE('',#1651,(#661,#667),.PCURVE_S1.);
#1284=SURFACE_CURVE('',#1653,(#662,#680),.PCURVE_S1.);
#1285=SURFACE_CURVE('',#1657,(#665,#670),.PCURVE_S1.);
#1286=SURFACE_CURVE('',#1659,(#666,#684),.PCURVE_S1.);
#1287=SURFACE_CURVE('',#1663,(#669,#687),.PCURVE_S1.);
#1288=SURFACE_CURVE('',#1668,(#673,#692),.PCURVE_S1.);
#1289=SURFACE_CURVE('',#573,(#674,#688),.PCURVE_S1.);
#1290=SURFACE_CURVE('',#574,(#676,#679),.PCURVE_S1.);
#1291=SURFACE_CURVE('',#575,(#677,#683),.PCURVE_S1.);
#1292=SURFACE_CURVE('',#1673,(#678,#696),.PCURVE_S1.);
#1293=SURFACE_CURVE('',#578,(#681,#686),.PCURVE_S1.);
#1294=SURFACE_CURVE('',#1677,(#682,#700),.PCURVE_S1.);
#1295=SURFACE_CURVE('',#1681,(#685,#703),.PCURVE_S1.);
#1296=SURFACE_CURVE('',#1684,(#689,#695),.PCURVE_S1.);
#1297=SURFACE_CURVE('',#1687,(#691,#704),.PCURVE_S1.);
#1298=SURFACE_CURVE('',#1690,(#693,#699),.PCURVE_S1.);
#1299=SURFACE_CURVE('',#1695,(#697,#702),.PCURVE_S1.);
#1300=SURFACE_CURVE('',#1705,(#706,#858),.PCURVE_S1.);
#1301=SURFACE_CURVE('',#1709,(#709,#726),.PCURVE_S1.);
#1302=SURFACE_CURVE('',#1711,(#710,#869),.PCURVE_S1.);
#1303=SURFACE_CURVE('',#1713,(#711,#733),.PCURVE_S1.);
#1304=SURFACE_CURVE('',#1715,(#712,#730),.PCURVE_S1.);
#1305=SURFACE_CURVE('',#1717,(#713,#790),.PCURVE_S1.);
#1306=SURFACE_CURVE('',#1719,(#714,#794),.PCURVE_S1.);
#1307=SURFACE_CURVE('',#1721,(#715,#797),.PCURVE_S1.);
#1308=SURFACE_CURVE('',#1723,(#716,#786),.PCURVE_S1.);
#1309=SURFACE_CURVE('',#1725,(#717,#723),.PCURVE_S1.);
#1310=SURFACE_CURVE('',#1727,(#718,#739),.PCURVE_S1.);
#1311=SURFACE_CURVE('',#1729,(#719,#736),.PCURVE_S1.);
#1312=SURFACE_CURVE('',#1731,(#720,#804),.PCURVE_S1.);
#1313=SURFACE_CURVE('',#1733,(#721,#729),.PCURVE_S1.);
#1314=SURFACE_CURVE('',#1735,(#722,#744),.PCURVE_S1.);
#1315=SURFACE_CURVE('',#1738,(#724,#803),.PCURVE_S1.);
#1316=SURFACE_CURVE('',#1740,(#725,#900),.PCURVE_S1.);
#1317=SURFACE_CURVE('',#1743,(#727,#732),.PCURVE_S1.);
#1318=SURFACE_CURVE('',#1745,(#728,#748),.PCURVE_S1.);
#1319=SURFACE_CURVE('',#1749,(#731,#751),.PCURVE_S1.);
#1320=SURFACE_CURVE('',#1753,(#734,#904),.PCURVE_S1.);
#1321=SURFACE_CURVE('',#1755,(#735,#801),.PCURVE_S1.);
#1322=SURFACE_CURVE('',#1758,(#737,#756),.PCURVE_S1.);
#1323=SURFACE_CURVE('',#581,(#738,#752),.PCURVE_S1.);
#1324=SURFACE_CURVE('',#582,(#740,#743),.PCURVE_S1.);
#1325=SURFACE_CURVE('',#583,(#741,#747),.PCURVE_S1.);
#1326=SURFACE_CURVE('',#1763,(#742,#760),.PCURVE_S1.);
#1327=SURFACE_CURVE('',#586,(#745,#750),.PCURVE_S1.);
#1328=SURFACE_CURVE('',#1767,(#746,#764),.PCURVE_S1.);
#1329=SURFACE_CURVE('',#1771,(#749,#767),.PCURVE_S1.);
#1330=SURFACE_CURVE('',#1774,(#753,#759),.PCURVE_S1.);
#1331=SURFACE_CURVE('',#1776,(#754,#772),.PCURVE_S1.);
#1332=SURFACE_CURVE('',#1778,(#755,#768),.PCURVE_S1.);
#1333=SURFACE_CURVE('',#1781,(#757,#763),.PCURVE_S1.);
#1334=SURFACE_CURVE('',#1783,(#758,#776),.PCURVE_S1.);
#1335=SURFACE_CURVE('',#1787,(#761,#766),.PCURVE_S1.);
#1336=SURFACE_CURVE('',#1789,(#762,#779),.PCURVE_S1.);
#1337=SURFACE_CURVE('',#1793,(#765,#783),.PCURVE_S1.);
#1338=SURFACE_CURVE('',#589,(#769,#775),.PCURVE_S1.);
#1339=SURFACE_CURVE('',#1799,(#770,#788),.PCURVE_S1.);
#1340=SURFACE_CURVE('',#590,(#771,#784),.PCURVE_S1.);
#1341=SURFACE_CURVE('',#591,(#773,#778),.PCURVE_S1.);
#1342=SURFACE_CURVE('',#1803,(#774,#792),.PCURVE_S1.);
#1343=SURFACE_CURVE('',#1806,(#777,#796),.PCURVE_S1.);
#1344=SURFACE_CURVE('',#594,(#780,#782),.PCURVE_S1.);
#1345=SURFACE_CURVE('',#1811,(#781,#799),.PCURVE_S1.);
#1346=SURFACE_CURVE('',#1814,(#785,#791),.PCURVE_S1.);
#1347=SURFACE_CURVE('',#1817,(#787,#800),.PCURVE_S1.);
#1348=SURFACE_CURVE('',#1820,(#789,#795),.PCURVE_S1.);
#1349=SURFACE_CURVE('',#1825,(#793,#798),.PCURVE_S1.);
#1350=SURFACE_CURVE('',#1835,(#802,#852),.PCURVE_S1.);
#1351=SURFACE_CURVE('',#1842,(#808,#888),.PCURVE_S1.);
#1352=SURFACE_CURVE('',#1844,(#809,#819),.PCURVE_S1.);
#1353=SURFACE_CURVE('',#1846,(#810,#878),.PCURVE_S1.);
#1354=SURFACE_CURVE('',#1848,(#811,#815),.PCURVE_S1.);
#1355=SURFACE_CURVE('',#1850,(#812,#914),.PCURVE_S1.);
#1356=SURFACE_CURVE('',#1852,(#813,#823),.PCURVE_S1.);
#1357=SURFACE_CURVE('',#1854,(#814,#915),.PCURVE_S1.);
#1358=SURFACE_CURVE('',#1857,(#816,#872),.PCURVE_S1.);
#1359=SURFACE_CURVE('',#1859,(#817,#825),.PCURVE_S1.);
#1360=SURFACE_CURVE('',#1861,(#818,#866),.PCURVE_S1.);
#1361=SURFACE_CURVE('',#1864,(#820,#887),.PCURVE_S1.);
#1362=SURFACE_CURVE('',#1867,(#822,#916),.PCURVE_S1.);
#1363=SURFACE_CURVE('',#1872,(#826,#886),.PCURVE_S1.);
#1364=SURFACE_CURVE('',#1876,(#829,#839),.PCURVE_S1.);
#1365=SURFACE_CURVE('',#1878,(#830,#861),.PCURVE_S1.);
#1366=SURFACE_CURVE('',#1880,(#831,#835),.PCURVE_S1.);
#1367=SURFACE_CURVE('',#1882,(#832,#881),.PCURVE_S1.);
#1368=SURFACE_CURVE('',#1884,(#833,#841),.PCURVE_S1.);
#1369=SURFACE_CURVE('',#1886,(#834,#882),.PCURVE_S1.);
#1370=SURFACE_CURVE('',#1889,(#836,#849),.PCURVE_S1.);
#1371=SURFACE_CURVE('',#1891,(#837,#843),.PCURVE_S1.);
#1372=SURFACE_CURVE('',#1893,(#838,#855),.PCURVE_S1.);
#1373=SURFACE_CURVE('',#1896,(#840,#884),.PCURVE_S1.);
#1374=SURFACE_CURVE('',#1899,(#842,#845),.PCURVE_S1.);
#1375=SURFACE_CURVE('',#1902,(#844,#883),.PCURVE_S1.);
#1376=SURFACE_CURVE('',#1905,(#846,#854),.PCURVE_S1.);
#1377=SURFACE_CURVE('',#1907,(#847,#893),.PCURVE_S1.);
#1378=SURFACE_CURVE('',#1909,(#848,#856),.PCURVE_S1.);
#1379=SURFACE_CURVE('',#1912,(#850,#864),.PCURVE_S1.);
#1380=SURFACE_CURVE('',#1914,(#851,#897),.PCURVE_S1.);
#1381=SURFACE_CURVE('',#1917,(#853,#903),.PCURVE_S1.);
#1382=SURFACE_CURVE('',#1922,(#857,#905),.PCURVE_S1.);
#1383=SURFACE_CURVE('',#1925,(#859,#911),.PCURVE_S1.);
#1384=SURFACE_CURVE('',#1927,(#860,#862),.PCURVE_S1.);
#1385=SURFACE_CURVE('',#1931,(#863,#889),.PCURVE_S1.);
#1386=SURFACE_CURVE('',#1934,(#865,#879),.PCURVE_S1.);
#1387=SURFACE_CURVE('',#1938,(#868,#901),.PCURVE_S1.);
#1388=SURFACE_CURVE('',#1941,(#870,#899),.PCURVE_S1.);
#1389=SURFACE_CURVE('',#1945,(#873,#877),.PCURVE_S1.);
#1390=SURFACE_CURVE('',#1947,(#874,#909),.PCURVE_S1.);
#1391=SURFACE_CURVE('',#1950,(#876,#907),.PCURVE_S1.);
#1392=SURFACE_CURVE('',#1955,(#880,#891),.PCURVE_S1.);
#1393=SURFACE_CURVE('',#1966,(#890,#910),.PCURVE_S1.);
#1394=SURFACE_CURVE('',#1969,(#892,#898),.PCURVE_S1.);
#1395=SURFACE_CURVE('',#1972,(#894,#902),.PCURVE_S1.);
#1396=SURFACE_CURVE('',#1975,(#896,#906),.PCURVE_S1.);
#1397=EDGE_CURVE('',#1997,#2000,#1237,.T.);
#1398=EDGE_CURVE('',#2000,#1999,#1238,.T.);
#1399=EDGE_CURVE('',#1999,#1998,#1239,.T.);
#1400=EDGE_CURVE('',#1998,#1997,#1240,.T.);
#1401=EDGE_CURVE('',#2002,#2004,#1241,.T.);
#1402=EDGE_CURVE('',#2004,#2003,#1242,.T.);
#1403=EDGE_CURVE('',#2003,#2001,#1243,.T.);
#1404=EDGE_CURVE('',#2001,#2002,#1244,.T.);
#1405=EDGE_CURVE('',#2006,#2005,#1245,.T.);
#1406=EDGE_CURVE('',#2005,#2004,#1246,.T.);
#1407=EDGE_CURVE('',#2002,#2006,#1247,.T.);
#1408=EDGE_CURVE('',#2003,#2008,#1248,.T.);
#1409=EDGE_CURVE('',#2008,#2007,#1249,.T.);
#1410=EDGE_CURVE('',#2007,#2001,#1250,.T.);
#1411=EDGE_CURVE('',#2011,#2010,#1251,.T.);
#1412=EDGE_CURVE('',#2010,#2009,#1252,.T.);
#1413=EDGE_CURVE('',#2009,#2012,#1253,.T.);
#1414=EDGE_CURVE('',#2012,#2011,#1254,.T.);
#1415=EDGE_CURVE('',#2014,#2013,#1255,.T.);
#1416=EDGE_CURVE('',#2013,#2016,#1256,.T.);
#1417=EDGE_CURVE('',#2016,#2015,#1257,.T.);
#1418=EDGE_CURVE('',#2015,#2014,#1258,.T.);
#1419=EDGE_CURVE('',#2012,#2018,#1259,.T.);
#1420=EDGE_CURVE('',#2018,#2017,#1260,.T.);
#1421=EDGE_CURVE('',#2017,#2011,#1261,.T.);
#1422=EDGE_CURVE('',#2020,#2021,#1262,.T.);
#1423=EDGE_CURVE('',#2021,#2018,#1263,.T.);
#1424=EDGE_CURVE('',#2009,#2019,#1264,.T.);
#1425=EDGE_CURVE('',#2019,#2020,#1265,.T.);
#1426=EDGE_CURVE('',#2022,#2023,#1266,.T.);
#1427=EDGE_CURVE('',#2023,#2021,#1267,.T.);
#1428=EDGE_CURVE('',#2020,#2022,#1268,.T.);
#1429=EDGE_CURVE('',#2017,#2023,#1269,.T.);
#1430=EDGE_CURVE('',#2022,#2024,#1270,.T.);
#1431=EDGE_CURVE('',#2024,#2010,#1271,.T.);
#1432=EDGE_CURVE('',#2018,#2026,#1272,.T.);
#1433=EDGE_CURVE('',#2026,#2025,#1273,.T.);
#1434=EDGE_CURVE('',#2025,#2017,#1274,.T.);
#1435=EDGE_CURVE('',#2021,#2027,#1275,.T.);
#1436=EDGE_CURVE('',#2027,#2026,#1276,.T.);
#1437=EDGE_CURVE('',#2028,#2027,#1277,.T.);
#1438=EDGE_CURVE('',#2023,#2028,#1278,.T.);
#1439=EDGE_CURVE('',#2025,#2028,#1279,.T.);
#1440=EDGE_CURVE('',#2026,#2030,#1280,.T.);
#1441=EDGE_CURVE('',#2030,#2029,#1281,.T.);
#1442=EDGE_CURVE('',#2029,#2025,#1282,.T.);
#1443=EDGE_CURVE('',#2027,#2031,#1283,.T.);
#1444=EDGE_CURVE('',#2031,#2030,#1284,.T.);
#1445=EDGE_CURVE('',#2028,#2032,#1285,.T.);
#1446=EDGE_CURVE('',#2032,#2031,#1286,.T.);
#1447=EDGE_CURVE('',#2029,#2032,#1287,.T.);
#1448=EDGE_CURVE('',#2034,#2033,#1288,.T.);
#1449=EDGE_CURVE('',#2033,#2029,#1289,.T.);
#1450=EDGE_CURVE('',#2030,#2034,#1290,.T.);
#1451=EDGE_CURVE('',#2031,#2035,#1291,.T.);
#1452=EDGE_CURVE('',#2035,#2034,#1292,.T.);
#1453=EDGE_CURVE('',#2032,#2036,#1293,.T.);
#1454=EDGE_CURVE('',#2036,#2035,#1294,.T.);
#1455=EDGE_CURVE('',#2033,#2036,#1295,.T.);
#1456=EDGE_CURVE('',#2034,#2016,#1296,.T.);
#1457=EDGE_CURVE('',#2013,#2033,#1297,.T.);
#1458=EDGE_CURVE('',#2035,#2015,#1298,.T.);
#1459=EDGE_CURVE('',#2036,#2014,#1299,.T.);
#1460=EDGE_CURVE('',#2019,#2024,#1300,.T.);
#1461=EDGE_CURVE('',#2040,#2038,#1301,.T.);
#1462=EDGE_CURVE('',#2038,#2037,#1302,.T.);
#1463=EDGE_CURVE('',#2037,#2039,#1303,.T.);
#1464=EDGE_CURVE('',#2039,#2040,#1304,.T.);
#1465=EDGE_CURVE('',#2044,#2043,#1305,.T.);
#1466=EDGE_CURVE('',#2043,#2042,#1306,.T.);
#1467=EDGE_CURVE('',#2042,#2041,#1307,.T.);
#1468=EDGE_CURVE('',#2041,#2044,#1308,.T.);
#1469=EDGE_CURVE('',#2046,#2048,#1309,.T.);
#1470=EDGE_CURVE('',#2048,#2047,#1310,.T.);
#1471=EDGE_CURVE('',#2047,#2045,#1311,.T.);
#1472=EDGE_CURVE('',#2045,#2046,#1312,.T.);
#1473=EDGE_CURVE('',#2040,#2050,#1313,.T.);
#1474=EDGE_CURVE('',#2050,#2048,#1314,.T.);
#1475=EDGE_CURVE('',#2046,#2049,#1315,.T.);
#1476=EDGE_CURVE('',#2049,#2038,#1316,.T.);
#1477=EDGE_CURVE('',#2039,#2051,#1317,.T.);
#1478=EDGE_CURVE('',#2051,#2050,#1318,.T.);
#1479=EDGE_CURVE('',#2047,#2051,#1319,.T.);
#1480=EDGE_CURVE('',#2037,#2052,#1320,.T.);
#1481=EDGE_CURVE('',#2052,#2045,#1321,.T.);
#1482=EDGE_CURVE('',#2054,#2053,#1322,.T.);
#1483=EDGE_CURVE('',#2053,#2047,#1323,.T.);
#1484=EDGE_CURVE('',#2048,#2054,#1324,.T.);
#1485=EDGE_CURVE('',#2050,#2055,#1325,.T.);
#1486=EDGE_CURVE('',#2055,#2054,#1326,.T.);
#1487=EDGE_CURVE('',#2051,#2056,#1327,.T.);
#1488=EDGE_CURVE('',#2056,#2055,#1328,.T.);
#1489=EDGE_CURVE('',#2053,#2056,#1329,.T.);
#1490=EDGE_CURVE('',#2054,#2058,#1330,.T.);
#1491=EDGE_CURVE('',#2058,#2057,#1331,.T.);
#1492=EDGE_CURVE('',#2057,#2053,#1332,.T.);
#1493=EDGE_CURVE('',#2055,#2059,#1333,.T.);
#1494=EDGE_CURVE('',#2059,#2058,#1334,.T.);
#1495=EDGE_CURVE('',#2056,#2060,#1335,.T.);
#1496=EDGE_CURVE('',#2060,#2059,#1336,.T.);
#1497=EDGE_CURVE('',#2057,#2060,#1337,.T.);
#1498=EDGE_CURVE('',#2058,#2062,#1338,.T.);
#1499=EDGE_CURVE('',#2062,#2061,#1339,.T.);
#1500=EDGE_CURVE('',#2061,#2057,#1340,.T.);
#1501=EDGE_CURVE('',#2059,#2063,#1341,.T.);
#1502=EDGE_CURVE('',#2063,#2062,#1342,.T.);
#1503=EDGE_CURVE('',#2064,#2063,#1343,.T.);
#1504=EDGE_CURVE('',#2060,#2064,#1344,.T.);
#1505=EDGE_CURVE('',#2061,#2064,#1345,.T.);
#1506=EDGE_CURVE('',#2062,#2044,#1346,.T.);
#1507=EDGE_CURVE('',#2041,#2061,#1347,.T.);
#1508=EDGE_CURVE('',#2063,#2043,#1348,.T.);
#1509=EDGE_CURVE('',#2064,#2042,#1349,.T.);
#1510=EDGE_CURVE('',#2052,#2049,#1350,.T.);
#1511=EDGE_CURVE('',#2005,#2066,#1351,.T.);
#1512=EDGE_CURVE('',#2066,#2068,#1352,.T.);
#1513=EDGE_CURVE('',#2068,#2067,#1353,.T.);
#1514=EDGE_CURVE('',#2067,#2065,#1354,.T.);
#1515=EDGE_CURVE('',#2065,#2008,#1355,.T.);
#1516=EDGE_CURVE('',#1999,#2069,#1356,.T.);
#1517=EDGE_CURVE('',#2069,#2065,#1357,.T.);
#1518=EDGE_CURVE('',#2067,#1999,#1358,.T.);
#1519=EDGE_CURVE('',#2070,#2000,#1359,.T.);
#1520=EDGE_CURVE('',#2000,#2068,#1360,.T.);
#1521=EDGE_CURVE('',#2066,#2070,#1361,.T.);
#1522=EDGE_CURVE('',#2007,#2069,#1362,.T.);
#1523=EDGE_CURVE('',#2070,#2006,#1363,.T.);
#1524=EDGE_CURVE('',#2071,#2074,#1364,.T.);
#1525=EDGE_CURVE('',#2074,#2073,#1365,.T.);
#1526=EDGE_CURVE('',#2073,#2072,#1366,.T.);
#1527=EDGE_CURVE('',#2072,#2071,#1367,.T.);
#1528=EDGE_CURVE('',#2076,#2075,#1368,.T.);
#1529=EDGE_CURVE('',#2075,#2072,#1369,.T.);
#1530=EDGE_CURVE('',#2073,#2076,#1370,.T.);
#1531=EDGE_CURVE('',#2077,#2078,#1371,.T.);
#1532=EDGE_CURVE('',#2078,#2074,#1372,.T.);
#1533=EDGE_CURVE('',#2071,#2077,#1373,.T.);
#1534=EDGE_CURVE('',#2076,#2078,#1374,.T.);
#1535=EDGE_CURVE('',#2077,#2075,#1375,.T.);
#1536=EDGE_CURVE('',#2076,#2080,#1376,.T.);
#1537=EDGE_CURVE('',#2080,#2079,#1377,.T.);
#1538=EDGE_CURVE('',#2079,#2078,#1378,.T.);
#1539=EDGE_CURVE('',#2073,#2081,#1379,.T.);
#1540=EDGE_CURVE('',#2081,#2049,#1380,.T.);
#1541=EDGE_CURVE('',#2052,#2080,#1381,.T.);
#1542=EDGE_CURVE('',#2079,#2024,#1382,.T.);
#1543=EDGE_CURVE('',#2019,#2082,#1383,.T.);
#1544=EDGE_CURVE('',#2082,#2074,#1384,.T.);
#1545=EDGE_CURVE('',#2082,#2081,#1385,.T.);
#1546=EDGE_CURVE('',#2083,#2068,#1386,.T.);
#1547=EDGE_CURVE('',#1997,#2037,#1387,.T.);
#1548=EDGE_CURVE('',#2038,#2083,#1388,.T.);
#1549=EDGE_CURVE('',#2067,#2084,#1389,.T.);
#1550=EDGE_CURVE('',#2084,#2009,#1390,.T.);
#1551=EDGE_CURVE('',#2010,#1998,#1391,.T.);
#1552=EDGE_CURVE('',#2083,#2084,#1392,.T.);
#1553=EDGE_CURVE('',#2082,#2084,#1393,.T.);
#1554=EDGE_CURVE('',#2083,#2081,#1394,.T.);
#1555=EDGE_CURVE('',#2080,#1997,#1395,.T.);
#1556=EDGE_CURVE('',#1998,#2079,#1396,.T.);
#1557=B_SPLINE_CURVE_WITH_KNOTS('',1,(#2735,#2736),.UNSPECIFIED.,.F.,.F.,
(2,2),(0.,0.610214418107308),.UNSPECIFIED.);
#1558=B_SPLINE_CURVE_WITH_KNOTS('',1,(#2737,#2738),.UNSPECIFIED.,.F.,.F.,
(2,2),(0.,0.610214418107308),.UNSPECIFIED.);
#1559=B_SPLINE_CURVE_WITH_KNOTS('',1,(#2739,#2740),.UNSPECIFIED.,.F.,.F.,
(2,2),(0.610214418107308,3.17348231739131),.UNSPECIFIED.);
#1560=B_SPLINE_CURVE_WITH_KNOTS('',1,(#2741,#2742),.UNSPECIFIED.,.F.,.F.,
(2,2),(0.610214418107308,3.17348231739131),.UNSPECIFIED.);
#1561=B_SPLINE_CURVE_WITH_KNOTS('',1,(#2743,#2744),.UNSPECIFIED.,.F.,.F.,
(2,2),(3.17348231739131,3.78369673549869),.UNSPECIFIED.);
#1562=B_SPLINE_CURVE_WITH_KNOTS('',1,(#2745,#2746),.UNSPECIFIED.,.F.,.F.,
(2,2),(3.17348231739131,3.78369673549869),.UNSPECIFIED.);
#1563=B_SPLINE_CURVE_WITH_KNOTS('',1,(#2747,#2748),.UNSPECIFIED.,.F.,.F.,
(2,2),(3.78369673549869,6.43369673549769),.UNSPECIFIED.);
#1564=B_SPLINE_CURVE_WITH_KNOTS('',1,(#2749,#2750),.UNSPECIFIED.,.F.,.F.,
(2,2),(3.78369673549869,6.43369673549769),.UNSPECIFIED.);
#1565=B_SPLINE_CURVE_WITH_KNOTS('',1,(#2751,#2752),.UNSPECIFIED.,.F.,.F.,
(2,2),(0.,1.391989631278),.UNSPECIFIED.);
#1566=B_SPLINE_CURVE_WITH_KNOTS('',1,(#2753,#2754),.UNSPECIFIED.,.F.,.F.,
(2,2),(0.,1.391989631278),.UNSPECIFIED.);
#1567=B_SPLINE_CURVE_WITH_KNOTS('',1,(#2755,#2756),.UNSPECIFIED.,.F.,.F.,
(2,2),(0.,0.299255177637),.UNSPECIFIED.);
#1568=B_SPLINE_CURVE_WITH_KNOTS('',1,(#2757,#2758),.UNSPECIFIED.,.F.,.F.,
(2,2),(0.,0.299255177637),.UNSPECIFIED.);
#1569=B_SPLINE_CURVE_WITH_KNOTS('',1,(#2759,#2760),.UNSPECIFIED.,.F.,.F.,
(2,2),(0.,1.391989631278),.UNSPECIFIED.);
#1570=B_SPLINE_CURVE_WITH_KNOTS('',1,(#2761,#2762),.UNSPECIFIED.,.F.,.F.,
(2,2),(0.,1.391989631278),.UNSPECIFIED.);
#1571=B_SPLINE_CURVE_WITH_KNOTS('',1,(#2763,#2764),.UNSPECIFIED.,.F.,.F.,
(2,2),(0.,0.299255177637),.UNSPECIFIED.);
#1572=B_SPLINE_CURVE_WITH_KNOTS('',1,(#2765,#2766),.UNSPECIFIED.,.F.,.F.,
(2,2),(0.,0.299255177637),.UNSPECIFIED.);
#1573=B_SPLINE_CURVE_WITH_KNOTS('',1,(#2767,#2768),.UNSPECIFIED.,.F.,.F.,
(2,2),(0.,1.363776159318),.UNSPECIFIED.);
#1574=B_SPLINE_CURVE_WITH_KNOTS('',1,(#2769,#2770),.UNSPECIFIED.,.F.,.F.,
(2,2),(0.,1.363776159318),.UNSPECIFIED.);
#1575=B_SPLINE_CURVE_WITH_KNOTS('',1,(#2777,#2778),.UNSPECIFIED.,.F.,.F.,
(2,2),(0.,1.391989631278),.UNSPECIFIED.);
#1576=B_SPLINE_CURVE_WITH_KNOTS('',1,(#2785,#2786),.UNSPECIFIED.,.F.,.F.,
(2,2),(0.,1.391989631278),.UNSPECIFIED.);
#1577=B_SPLINE_CURVE_WITH_KNOTS('',1,(#2793,#2794),.UNSPECIFIED.,.F.,.F.,
(2,2),(0.,1.363776159318),.UNSPECIFIED.);
#1578=B_SPLINE_CURVE_WITH_KNOTS('',1,(#2795,#2796),.UNSPECIFIED.,.F.,.F.,
(2,2),(0.,1.363776159318),.UNSPECIFIED.);
#1579=B_SPLINE_CURVE_WITH_KNOTS('',1,(#2803,#2804),.UNSPECIFIED.,.F.,.F.,
(2,2),(-0.0275,0.),.UNSPECIFIED.);
#1580=B_SPLINE_CURVE_WITH_KNOTS('',1,(#2805,#2806),.UNSPECIFIED.,.F.,.F.,
(2,2),(-0.0275,0.),.UNSPECIFIED.);
#1581=B_SPLINE_CURVE_WITH_KNOTS('',1,(#2807,#2808),.UNSPECIFIED.,.F.,.F.,
(2,2),(0.,0.599999999999),.UNSPECIFIED.);
#1582=B_SPLINE_CURVE_WITH_KNOTS('',1,(#2809,#2810),.UNSPECIFIED.,.F.,.F.,
(2,2),(0.,0.599999999999),.UNSPECIFIED.);
#1583=B_SPLINE_CURVE_WITH_KNOTS('',1,(#2811,#2812),.UNSPECIFIED.,.F.,.F.,
(2,2),(-0.0275,0.),.UNSPECIFIED.);
#1584=B_SPLINE_CURVE_WITH_KNOTS('',1,(#2813,#2814),.UNSPECIFIED.,.F.,.F.,
(2,2),(-0.0275,0.),.UNSPECIFIED.);
#1585=B_SPLINE_CURVE_WITH_KNOTS('',1,(#2815,#2816),.UNSPECIFIED.,.F.,.F.,
(2,2),(-0.599999999999,0.),.UNSPECIFIED.);
#1586=B_SPLINE_CURVE_WITH_KNOTS('',1,(#2817,#2818),.UNSPECIFIED.,.F.,.F.,
(2,2),(-0.599999999999,0.),.UNSPECIFIED.);
#1587=B_SPLINE_CURVE_WITH_KNOTS('',1,(#2819,#2820),.UNSPECIFIED.,.F.,.F.,
(2,2),(0.,0.154999999999),.UNSPECIFIED.);
#1588=B_SPLINE_CURVE_WITH_KNOTS('',1,(#2821,#2822),.UNSPECIFIED.,.F.,.F.,
(2,2),(0.,0.154999999999),.UNSPECIFIED.);
#1589=B_SPLINE_CURVE_WITH_KNOTS('',1,(#2823,#2824),.UNSPECIFIED.,.F.,.F.,
(2,2),(0.,0.599999999999),.UNSPECIFIED.);
#1590=B_SPLINE_CURVE_WITH_KNOTS('',1,(#2825,#2826),.UNSPECIFIED.,.F.,.F.,
(2,2),(0.,0.599999999999),.UNSPECIFIED.);
#1591=B_SPLINE_CURVE_WITH_KNOTS('',1,(#2827,#2828),.UNSPECIFIED.,.F.,.F.,
(2,2),(0.,0.154999999999),.UNSPECIFIED.);
#1592=B_SPLINE_CURVE_WITH_KNOTS('',1,(#2829,#2830),.UNSPECIFIED.,.F.,.F.,
(2,2),(0.,0.154999999999),.UNSPECIFIED.);
#1593=B_SPLINE_CURVE_WITH_KNOTS('',1,(#2831,#2832),.UNSPECIFIED.,.F.,.F.,
(2,2),(0.,0.599999999999),.UNSPECIFIED.);
#1594=B_SPLINE_CURVE_WITH_KNOTS('',1,(#2833,#2834),.UNSPECIFIED.,.F.,.F.,
(2,2),(0.,0.599999999999),.UNSPECIFIED.);
#1595=B_SPLINE_CURVE_WITH_KNOTS('',1,(#2835,#2836),.UNSPECIFIED.,.F.,.F.,
(2,2),(0.,0.0418289389059998),.UNSPECIFIED.);
#1596=B_SPLINE_CURVE_WITH_KNOTS('',1,(#2837,#2838),.UNSPECIFIED.,.F.,.F.,
(2,2),(0.,0.0418289389059998),.UNSPECIFIED.);
#1597=B_SPLINE_CURVE_WITH_KNOTS('',1,(#2839,#2840),.UNSPECIFIED.,.F.,.F.,
(2,2),(-0.599999999999,0.),.UNSPECIFIED.);
#1598=B_SPLINE_CURVE_WITH_KNOTS('',1,(#2841,#2842),.UNSPECIFIED.,.F.,.F.,
(2,2),(-0.599999999999,0.),.UNSPECIFIED.);
#1599=B_SPLINE_CURVE_WITH_KNOTS('',1,(#2843,#2844),.UNSPECIFIED.,.F.,.F.,
(2,2),(-0.0418289389059998,0.),.UNSPECIFIED.);
#1600=B_SPLINE_CURVE_WITH_KNOTS('',1,(#2845,#2846),.UNSPECIFIED.,.F.,.F.,
(2,2),(-0.0418289389059998,0.),.UNSPECIFIED.);
#1601=B_SPLINE_CURVE_WITH_KNOTS('',1,(#2847,#2848),.UNSPECIFIED.,.F.,.F.,
(2,2),(-0.599999999999,0.),.UNSPECIFIED.);
#1602=B_SPLINE_CURVE_WITH_KNOTS('',1,(#2849,#2850),.UNSPECIFIED.,.F.,.F.,
(2,2),(0.,0.0418289389059998),.UNSPECIFIED.);
#1603=B_SPLINE_CURVE_WITH_KNOTS('',1,(#2851,#2852),.UNSPECIFIED.,.F.,.F.,
(2,2),(0.,0.0418289389059998),.UNSPECIFIED.);
#1604=B_SPLINE_CURVE_WITH_KNOTS('',1,(#2853,#2854),.UNSPECIFIED.,.F.,.F.,
(2,2),(-0.155,0.),.UNSPECIFIED.);
#1605=B_SPLINE_CURVE_WITH_KNOTS('',1,(#2855,#2856),.UNSPECIFIED.,.F.,.F.,
(2,2),(-0.155,0.),.UNSPECIFIED.);
#1606=B_SPLINE_CURVE_WITH_KNOTS('',1,(#2857,#2858),.UNSPECIFIED.,.F.,.F.,
(2,2),(0.,0.0418289389059998),.UNSPECIFIED.);
#1607=B_SPLINE_CURVE_WITH_KNOTS('',1,(#2859,#2860),.UNSPECIFIED.,.F.,.F.,
(2,2),(-0.0275,0.),.UNSPECIFIED.);
#1608=B_SPLINE_CURVE_WITH_KNOTS('',1,(#2861,#2862),.UNSPECIFIED.,.F.,.F.,
(2,2),(0.,0.100000000001),.UNSPECIFIED.);
#1609=B_SPLINE_CURVE_WITH_KNOTS('',1,(#2863,#2864),.UNSPECIFIED.,.F.,.F.,
(2,2),(0.,0.100000000001),.UNSPECIFIED.);
#1610=B_SPLINE_CURVE_WITH_KNOTS('',1,(#2865,#2866),.UNSPECIFIED.,.F.,.F.,
(2,2),(0.,0.027499999999),.UNSPECIFIED.);
#1611=B_SPLINE_CURVE_WITH_KNOTS('',1,(#2867,#2868),.UNSPECIFIED.,.F.,.F.,
(2,2),(0.,0.027499999999),.UNSPECIFIED.);
#1612=B_SPLINE_CURVE_WITH_KNOTS('',1,(#2869,#2870),.UNSPECIFIED.,.F.,.F.,
(2,2),(0.,0.0418289389059998),.UNSPECIFIED.);
#1613=B_SPLINE_CURVE_WITH_KNOTS('',1,(#2871,#2872),.UNSPECIFIED.,.F.,.F.,
(2,2),(0.,0.0418289389059998),.UNSPECIFIED.);
#1614=B_SPLINE_CURVE_WITH_KNOTS('',1,(#2873,#2874),.UNSPECIFIED.,.F.,.F.,
(2,2),(-0.599999999999,0.),.UNSPECIFIED.);
#1615=B_SPLINE_CURVE_WITH_KNOTS('',1,(#2875,#2876),.UNSPECIFIED.,.F.,.F.,
(2,2),(-0.599999999999,0.),.UNSPECIFIED.);
#1616=B_SPLINE_CURVE_WITH_KNOTS('',1,(#2877,#2878),.UNSPECIFIED.,.F.,.F.,
(2,2),(0.,0.0418289389059998),.UNSPECIFIED.);
#1617=B_SPLINE_CURVE_WITH_KNOTS('',1,(#2879,#2880),.UNSPECIFIED.,.F.,.F.,
(2,2),(0.,0.599999999999),.UNSPECIFIED.);
#1618=B_SPLINE_CURVE_WITH_KNOTS('',1,(#2881,#2882),.UNSPECIFIED.,.F.,.F.,
(2,2),(0.,0.599999999999),.UNSPECIFIED.);
#1619=B_SPLINE_CURVE_WITH_KNOTS('',1,(#2883,#2884),.UNSPECIFIED.,.F.,.F.,
(2,2),(-0.155000000001,0.),.UNSPECIFIED.);
#1620=B_SPLINE_CURVE_WITH_KNOTS('',1,(#2885,#2886),.UNSPECIFIED.,.F.,.F.,
(2,2),(-0.155000000001,0.),.UNSPECIFIED.);
#1621=B_SPLINE_CURVE_WITH_KNOTS('',1,(#2887,#2888),.UNSPECIFIED.,.F.,.F.,
(2,2),(0.,0.0418289389059998),.UNSPECIFIED.);
#1622=B_SPLINE_CURVE_WITH_KNOTS('',1,(#2889,#2890),.UNSPECIFIED.,.F.,.F.,
(2,2),(0.,0.0275),.UNSPECIFIED.);
#1623=B_SPLINE_CURVE_WITH_KNOTS('',1,(#2891,#2892),.UNSPECIFIED.,.F.,.F.,
(2,2),(0.,0.0275),.UNSPECIFIED.);
#1624=B_SPLINE_CURVE_WITH_KNOTS('',1,(#2893,#2894),.UNSPECIFIED.,.F.,.F.,
(2,2),(0.,0.100000000001),.UNSPECIFIED.);
#1625=B_SPLINE_CURVE_WITH_KNOTS('',1,(#2895,#2896),.UNSPECIFIED.,.F.,.F.,
(2,2),(0.,0.100000000001),.UNSPECIFIED.);
#1626=B_SPLINE_CURVE_WITH_KNOTS('',1,(#2897,#2898),.UNSPECIFIED.,.F.,.F.,
(2,2),(-0.0275,0.),.UNSPECIFIED.);
#1627=B_SPLINE_CURVE_WITH_KNOTS('',1,(#2899,#2900),.UNSPECIFIED.,.F.,.F.,
(2,2),(-0.0418289389059998,0.),.UNSPECIFIED.);
#1628=B_SPLINE_CURVE_WITH_KNOTS('',1,(#2904,#2905),.UNSPECIFIED.,.F.,.F.,
(2,2),(0.,0.263326550893843),.UNSPECIFIED.);
#1629=B_SPLINE_CURVE_WITH_KNOTS('',1,(#2906,#2907),.UNSPECIFIED.,.F.,.F.,
(2,2),(-0.599999999999,0.),.UNSPECIFIED.);
#1630=B_SPLINE_CURVE_WITH_KNOTS('',1,(#2908,#2909),.UNSPECIFIED.,.F.,.F.,
(2,2),(-0.599999999999,0.),.UNSPECIFIED.);
#1631=B_SPLINE_CURVE_WITH_KNOTS('',1,(#2913,#2914),.UNSPECIFIED.,.F.,.F.,
(2,2),(-0.263326550893843,0.),.UNSPECIFIED.);
#1632=B_SPLINE_CURVE_WITH_KNOTS('',1,(#2915,#2916),.UNSPECIFIED.,.F.,.F.,
(2,2),(-0.599999999999,0.),.UNSPECIFIED.);
#1633=B_SPLINE_CURVE_WITH_KNOTS('',1,(#2923,#2924),.UNSPECIFIED.,.F.,.F.,
(2,2),(-0.15499999999979,0.),.UNSPECIFIED.);
#1634=B_SPLINE_CURVE_WITH_KNOTS('',1,(#2925,#2926),.UNSPECIFIED.,.F.,.F.,
(2,2),(-0.15499999999979,0.),.UNSPECIFIED.);
#1635=B_SPLINE_CURVE_WITH_KNOTS('',1,(#2930,#2931),.UNSPECIFIED.,.F.,.F.,
(2,2),(-0.155,0.),.UNSPECIFIED.);
#1636=B_SPLINE_CURVE_WITH_KNOTS('',1,(#2932,#2933),.UNSPECIFIED.,.F.,.F.,
(2,2),(-0.599999999999,0.),.UNSPECIFIED.);
#1637=B_SPLINE_CURVE_WITH_KNOTS('',1,(#2934,#2935),.UNSPECIFIED.,.F.,.F.,
(2,2),(-0.599999999999,0.),.UNSPECIFIED.);
#1638=B_SPLINE_CURVE_WITH_KNOTS('',1,(#2936,#2937),.UNSPECIFIED.,.F.,.F.,
(2,2),(0.,0.0333794219437216),.UNSPECIFIED.);
#1639=B_SPLINE_CURVE_WITH_KNOTS('',1,(#2938,#2939),.UNSPECIFIED.,.F.,.F.,
(2,2),(-0.599999999999,0.),.UNSPECIFIED.);
#1640=B_SPLINE_CURVE_WITH_KNOTS('',1,(#2943,#2944),.UNSPECIFIED.,.F.,.F.,
(2,2),(0.,0.0333794219437216),.UNSPECIFIED.);
#1641=B_SPLINE_CURVE_WITH_KNOTS('',1,(#2945,#2946),.UNSPECIFIED.,.F.,.F.,
(2,2),(-0.15499999999979,0.),.UNSPECIFIED.);
#1642=B_SPLINE_CURVE_WITH_KNOTS('',1,(#2947,#2948),.UNSPECIFIED.,.F.,.F.,
(2,2),(-0.15499999999979,0.),.UNSPECIFIED.);
#1643=B_SPLINE_CURVE_WITH_KNOTS('',1,(#2952,#2953),.UNSPECIFIED.,.F.,.F.,
(2,2),(-0.155000000001,0.),.UNSPECIFIED.);
#1644=B_SPLINE_CURVE_WITH_KNOTS('',1,(#2957,#2958),.UNSPECIFIED.,.F.,.F.,
(2,2),(0.,0.190656654680922),.UNSPECIFIED.);
#1645=B_SPLINE_CURVE_WITH_KNOTS('',1,(#2959,#2960),.UNSPECIFIED.,.F.,.F.,
(2,2),(0.,0.190656654680922),.UNSPECIFIED.);
#1646=B_SPLINE_CURVE_WITH_KNOTS('',1,(#2961,#2962),.UNSPECIFIED.,.F.,.F.,
(2,2),(-0.599999999999,0.),.UNSPECIFIED.);
#1647=B_SPLINE_CURVE_WITH_KNOTS('',1,(#2963,#2964),.UNSPECIFIED.,.F.,.F.,
(2,2),(-0.599999999999,0.),.UNSPECIFIED.);
#1648=B_SPLINE_CURVE_WITH_KNOTS('',1,(#2965,#2966),.UNSPECIFIED.,.F.,.F.,
(2,2),(-0.190656654680922,0.),.UNSPECIFIED.);
#1649=B_SPLINE_CURVE_WITH_KNOTS('',1,(#2967,#2968),.UNSPECIFIED.,.F.,.F.,
(2,2),(-0.190656654680922,0.),.UNSPECIFIED.);
#1650=B_SPLINE_CURVE_WITH_KNOTS('',1,(#2969,#2970),.UNSPECIFIED.,.F.,.F.,
(2,2),(-0.599999999999,0.),.UNSPECIFIED.);
#1651=B_SPLINE_CURVE_WITH_KNOTS('',1,(#2971,#2972),.UNSPECIFIED.,.F.,.F.,
(2,2),(0.,0.190656654680835),.UNSPECIFIED.);
#1652=B_SPLINE_CURVE_WITH_KNOTS('',1,(#2973,#2974),.UNSPECIFIED.,.F.,.F.,
(2,2),(0.,0.190656654680835),.UNSPECIFIED.);
#1653=B_SPLINE_CURVE_WITH_KNOTS('',1,(#2975,#2976),.UNSPECIFIED.,.F.,.F.,
(2,2),(-0.155000000000786,0.),.UNSPECIFIED.);
#1654=B_SPLINE_CURVE_WITH_KNOTS('',1,(#2977,#2978),.UNSPECIFIED.,.F.,.F.,
(2,2),(-0.155000000000786,0.),.UNSPECIFIED.);
#1655=B_SPLINE_CURVE_WITH_KNOTS('',1,(#2979,#2980),.UNSPECIFIED.,.F.,.F.,
(2,2),(0.,0.190656654680922),.UNSPECIFIED.);
#1656=B_SPLINE_CURVE_WITH_KNOTS('',1,(#2981,#2982),.UNSPECIFIED.,.F.,.F.,
(2,2),(-0.15499999999979,0.),.UNSPECIFIED.);
#1657=B_SPLINE_CURVE_WITH_KNOTS('',1,(#2983,#2984),.UNSPECIFIED.,.F.,.F.,
(2,2),(0.,0.190656654680835),.UNSPECIFIED.);
#1658=B_SPLINE_CURVE_WITH_KNOTS('',1,(#2985,#2986),.UNSPECIFIED.,.F.,.F.,
(2,2),(0.,0.190656654680835),.UNSPECIFIED.);
#1659=B_SPLINE_CURVE_WITH_KNOTS('',1,(#2987,#2988),.UNSPECIFIED.,.F.,.F.,
(2,2),(-0.599999999999,0.),.UNSPECIFIED.);
#1660=B_SPLINE_CURVE_WITH_KNOTS('',1,(#2989,#2990),.UNSPECIFIED.,.F.,.F.,
(2,2),(-0.599999999999,0.),.UNSPECIFIED.);
#1661=B_SPLINE_CURVE_WITH_KNOTS('',1,(#2991,#2992),.UNSPECIFIED.,.F.,.F.,
(2,2),(0.,0.190656654680835),.UNSPECIFIED.);
#1662=B_SPLINE_CURVE_WITH_KNOTS('',1,(#2993,#2994),.UNSPECIFIED.,.F.,.F.,
(2,2),(-0.599999999999,0.),.UNSPECIFIED.);
#1663=B_SPLINE_CURVE_WITH_KNOTS('',1,(#2995,#2996),.UNSPECIFIED.,.F.,.F.,
(2,2),(-0.155000000000786,0.),.UNSPECIFIED.);
#1664=B_SPLINE_CURVE_WITH_KNOTS('',1,(#2997,#2998),.UNSPECIFIED.,.F.,.F.,
(2,2),(-0.155000000000786,0.),.UNSPECIFIED.);
#1665=B_SPLINE_CURVE_WITH_KNOTS('',1,(#2999,#3000),.UNSPECIFIED.,.F.,.F.,
(2,2),(0.,0.190656654680835),.UNSPECIFIED.);
#1666=B_SPLINE_CURVE_WITH_KNOTS('',1,(#3001,#3002),.UNSPECIFIED.,.F.,.F.,
(2,2),(-0.15499999999979,0.),.UNSPECIFIED.);
#1667=B_SPLINE_CURVE_WITH_KNOTS('',1,(#3003,#3004),.UNSPECIFIED.,.F.,.F.,
(2,2),(-0.190656654680922,0.),.UNSPECIFIED.);
#1668=B_SPLINE_CURVE_WITH_KNOTS('',1,(#3005,#3006),.UNSPECIFIED.,.F.,.F.,
(2,2),(-0.599999999999,0.),.UNSPECIFIED.);
#1669=B_SPLINE_CURVE_WITH_KNOTS('',1,(#3007,#3008),.UNSPECIFIED.,.F.,.F.,
(2,2),(-0.599999999999,0.),.UNSPECIFIED.);
#1670=B_SPLINE_CURVE_WITH_KNOTS('',1,(#3012,#3013),.UNSPECIFIED.,.F.,.F.,
(2,2),(-0.0333794219452051,0.),.UNSPECIFIED.);
#1671=B_SPLINE_CURVE_WITH_KNOTS('',1,(#3014,#3015),.UNSPECIFIED.,.F.,.F.,
(2,2),(-0.599999999999,0.),.UNSPECIFIED.);
#1672=B_SPLINE_CURVE_WITH_KNOTS('',1,(#3019,#3020),.UNSPECIFIED.,.F.,.F.,
(2,2),(0.,0.0333794219452051),.UNSPECIFIED.);
#1673=B_SPLINE_CURVE_WITH_KNOTS('',1,(#3027,#3028),.UNSPECIFIED.,.F.,.F.,
(2,2),(-0.154999999999,0.),.UNSPECIFIED.);
#1674=B_SPLINE_CURVE_WITH_KNOTS('',1,(#3029,#3030),.UNSPECIFIED.,.F.,.F.,
(2,2),(-0.154999999999,0.),.UNSPECIFIED.);
#1675=B_SPLINE_CURVE_WITH_KNOTS('',1,(#3034,#3035),.UNSPECIFIED.,.F.,.F.,
(2,2),(-0.155000000000786,0.),.UNSPECIFIED.);
#1676=B_SPLINE_CURVE_WITH_KNOTS('',1,(#3039,#3040),.UNSPECIFIED.,.F.,.F.,
(2,2),(0.,0.26332655089393),.UNSPECIFIED.);
#1677=B_SPLINE_CURVE_WITH_KNOTS('',1,(#3041,#3042),.UNSPECIFIED.,.F.,.F.,
(2,2),(-0.599999999999,0.),.UNSPECIFIED.);
#1678=B_SPLINE_CURVE_WITH_KNOTS('',1,(#3043,#3044),.UNSPECIFIED.,.F.,.F.,
(2,2),(-0.599999999999,0.),.UNSPECIFIED.);
#1679=B_SPLINE_CURVE_WITH_KNOTS('',1,(#3045,#3046),.UNSPECIFIED.,.F.,.F.,
(2,2),(0.,0.26332655089393),.UNSPECIFIED.);
#1680=B_SPLINE_CURVE_WITH_KNOTS('',1,(#3047,#3048),.UNSPECIFIED.,.F.,.F.,
(2,2),(-0.599999999999,0.),.UNSPECIFIED.);
#1681=B_SPLINE_CURVE_WITH_KNOTS('',1,(#3049,#3050),.UNSPECIFIED.,.F.,.F.,
(2,2),(-0.154999999999,0.),.UNSPECIFIED.);
#1682=B_SPLINE_CURVE_WITH_KNOTS('',1,(#3051,#3052),.UNSPECIFIED.,.F.,.F.,
(2,2),(-0.154999999999,0.),.UNSPECIFIED.);
#1683=B_SPLINE_CURVE_WITH_KNOTS('',1,(#3056,#3057),.UNSPECIFIED.,.F.,.F.,
(2,2),(-0.155000000000786,0.),.UNSPECIFIED.);
#1684=B_SPLINE_CURVE_WITH_KNOTS('',1,(#3061,#3062),.UNSPECIFIED.,.F.,.F.,
(2,2),(0.,0.258366882598),.UNSPECIFIED.);
#1685=B_SPLINE_CURVE_WITH_KNOTS('',1,(#3063,#3064),.UNSPECIFIED.,.F.,.F.,
(2,2),(0.,0.258366882598),.UNSPECIFIED.);
#1686=B_SPLINE_CURVE_WITH_KNOTS('',1,(#3065,#3066),.UNSPECIFIED.,.F.,.F.,
(2,2),(0.,0.599999999999),.UNSPECIFIED.);
#1687=B_SPLINE_CURVE_WITH_KNOTS('',1,(#3067,#3068),.UNSPECIFIED.,.F.,.F.,
(2,2),(-0.258366882598,0.),.UNSPECIFIED.);
#1688=B_SPLINE_CURVE_WITH_KNOTS('',1,(#3069,#3070),.UNSPECIFIED.,.F.,.F.,
(2,2),(-0.258366882598,0.),.UNSPECIFIED.);
#1689=B_SPLINE_CURVE_WITH_KNOTS('',1,(#3071,#3072),.UNSPECIFIED.,.F.,.F.,
(2,2),(-0.599999999999,0.),.UNSPECIFIED.);
#1690=B_SPLINE_CURVE_WITH_KNOTS('',1,(#3073,#3074),.UNSPECIFIED.,.F.,.F.,
(2,2),(0.,0.258366882598),.UNSPECIFIED.);
#1691=B_SPLINE_CURVE_WITH_KNOTS('',1,(#3075,#3076),.UNSPECIFIED.,.F.,.F.,
(2,2),(0.,0.258366882598),.UNSPECIFIED.);
#1692=B_SPLINE_CURVE_WITH_KNOTS('',1,(#3077,#3078),.UNSPECIFIED.,.F.,.F.,
(2,2),(0.,0.154999999999),.UNSPECIFIED.);
#1693=B_SPLINE_CURVE_WITH_KNOTS('',1,(#3079,#3080),.UNSPECIFIED.,.F.,.F.,
(2,2),(0.,0.258366882598),.UNSPECIFIED.);
#1694=B_SPLINE_CURVE_WITH_KNOTS('',1,(#3081,#3082),.UNSPECIFIED.,.F.,.F.,
(2,2),(-0.154999999999,0.),.UNSPECIFIED.);
#1695=B_SPLINE_CURVE_WITH_KNOTS('',1,(#3083,#3084),.UNSPECIFIED.,.F.,.F.,
(2,2),(0.,0.258366882598),.UNSPECIFIED.);
#1696=B_SPLINE_CURVE_WITH_KNOTS('',1,(#3085,#3086),.UNSPECIFIED.,.F.,.F.,
(2,2),(0.,0.258366882598),.UNSPECIFIED.);
#1697=B_SPLINE_CURVE_WITH_KNOTS('',1,(#3087,#3088),.UNSPECIFIED.,.F.,.F.,
(2,2),(0.,0.599999999999),.UNSPECIFIED.);
#1698=B_SPLINE_CURVE_WITH_KNOTS('',1,(#3089,#3090),.UNSPECIFIED.,.F.,.F.,
(2,2),(0.,0.258366882598),.UNSPECIFIED.);
#1699=B_SPLINE_CURVE_WITH_KNOTS('',1,(#3091,#3092),.UNSPECIFIED.,.F.,.F.,
(2,2),(-0.599999999999,0.),.UNSPECIFIED.);
#1700=B_SPLINE_CURVE_WITH_KNOTS('',1,(#3093,#3094),.UNSPECIFIED.,.F.,.F.,
(2,2),(0.,0.154999999999),.UNSPECIFIED.);
#1701=B_SPLINE_CURVE_WITH_KNOTS('',1,(#3095,#3096),.UNSPECIFIED.,.F.,.F.,
(2,2),(0.,0.258366882598),.UNSPECIFIED.);
#1702=B_SPLINE_CURVE_WITH_KNOTS('',1,(#3097,#3098),.UNSPECIFIED.,.F.,.F.,
(2,2),(-0.154999999999,0.),.UNSPECIFIED.);
#1703=B_SPLINE_CURVE_WITH_KNOTS('',1,(#3099,#3100),.UNSPECIFIED.,.F.,.F.,
(2,2),(-0.258366882598,0.),.UNSPECIFIED.);
#1704=B_SPLINE_CURVE_WITH_KNOTS('',1,(#3101,#3102),.UNSPECIFIED.,.F.,.F.,
(2,2),(0.,0.027499999999),.UNSPECIFIED.);
#1705=B_SPLINE_CURVE_WITH_KNOTS('',1,(#3103,#3104),.UNSPECIFIED.,.F.,.F.,
(2,2),(0.,0.599999999999),.UNSPECIFIED.);
#1706=B_SPLINE_CURVE_WITH_KNOTS('',1,(#3105,#3106),.UNSPECIFIED.,.F.,.F.,
(2,2),(0.,0.599999999999),.UNSPECIFIED.);
#1707=B_SPLINE_CURVE_WITH_KNOTS('',1,(#3107,#3108),.UNSPECIFIED.,.F.,.F.,
(2,2),(0.,0.0275),.UNSPECIFIED.);
#1708=B_SPLINE_CURVE_WITH_KNOTS('',1,(#3109,#3110),.UNSPECIFIED.,.F.,.F.,
(2,2),(0.,0.599999999999),.UNSPECIFIED.);
#1709=B_SPLINE_CURVE_WITH_KNOTS('',1,(#3111,#3112),.UNSPECIFIED.,.F.,.F.,
(2,2),(-0.0275,0.),.UNSPECIFIED.);
#1710=B_SPLINE_CURVE_WITH_KNOTS('',1,(#3113,#3114),.UNSPECIFIED.,.F.,.F.,
(2,2),(-0.0275,0.),.UNSPECIFIED.);
#1711=B_SPLINE_CURVE_WITH_KNOTS('',1,(#3115,#3116),.UNSPECIFIED.,.F.,.F.,
(2,2),(0.,0.599999999999),.UNSPECIFIED.);
#1712=B_SPLINE_CURVE_WITH_KNOTS('',1,(#3117,#3118),.UNSPECIFIED.,.F.,.F.,
(2,2),(0.,0.599999999999),.UNSPECIFIED.);
#1713=B_SPLINE_CURVE_WITH_KNOTS('',1,(#3119,#3120),.UNSPECIFIED.,.F.,.F.,
(2,2),(-0.0275,0.),.UNSPECIFIED.);
#1714=B_SPLINE_CURVE_WITH_KNOTS('',1,(#3121,#3122),.UNSPECIFIED.,.F.,.F.,
(2,2),(-0.0275,0.),.UNSPECIFIED.);
#1715=B_SPLINE_CURVE_WITH_KNOTS('',1,(#3123,#3124),.UNSPECIFIED.,.F.,.F.,
(2,2),(-0.599999999999,0.),.UNSPECIFIED.);
#1716=B_SPLINE_CURVE_WITH_KNOTS('',1,(#3125,#3126),.UNSPECIFIED.,.F.,.F.,
(2,2),(-0.599999999999,0.),.UNSPECIFIED.);
#1717=B_SPLINE_CURVE_WITH_KNOTS('',1,(#3127,#3128),.UNSPECIFIED.,.F.,.F.,
(2,2),(0.,0.154999999999),.UNSPECIFIED.);
#1718=B_SPLINE_CURVE_WITH_KNOTS('',1,(#3129,#3130),.UNSPECIFIED.,.F.,.F.,
(2,2),(0.,0.154999999999),.UNSPECIFIED.);
#1719=B_SPLINE_CURVE_WITH_KNOTS('',1,(#3131,#3132),.UNSPECIFIED.,.F.,.F.,
(2,2),(0.,0.599999999999),.UNSPECIFIED.);
#1720=B_SPLINE_CURVE_WITH_KNOTS('',1,(#3133,#3134),.UNSPECIFIED.,.F.,.F.,
(2,2),(0.,0.599999999999),.UNSPECIFIED.);
#1721=B_SPLINE_CURVE_WITH_KNOTS('',1,(#3135,#3136),.UNSPECIFIED.,.F.,.F.,
(2,2),(0.,0.154999999999),.UNSPECIFIED.);
#1722=B_SPLINE_CURVE_WITH_KNOTS('',1,(#3137,#3138),.UNSPECIFIED.,.F.,.F.,
(2,2),(0.,0.154999999999),.UNSPECIFIED.);
#1723=B_SPLINE_CURVE_WITH_KNOTS('',1,(#3139,#3140),.UNSPECIFIED.,.F.,.F.,
(2,2),(0.,0.599999999999),.UNSPECIFIED.);
#1724=B_SPLINE_CURVE_WITH_KNOTS('',1,(#3141,#3142),.UNSPECIFIED.,.F.,.F.,
(2,2),(0.,0.599999999999),.UNSPECIFIED.);
#1725=B_SPLINE_CURVE_WITH_KNOTS('',1,(#3143,#3144),.UNSPECIFIED.,.F.,.F.,
(2,2),(0.,0.0418289389059998),.UNSPECIFIED.);
#1726=B_SPLINE_CURVE_WITH_KNOTS('',1,(#3145,#3146),.UNSPECIFIED.,.F.,.F.,
(2,2),(0.,0.0418289389059998),.UNSPECIFIED.);
#1727=B_SPLINE_CURVE_WITH_KNOTS('',1,(#3147,#3148),.UNSPECIFIED.,.F.,.F.,
(2,2),(-0.599999999999,0.),.UNSPECIFIED.);
#1728=B_SPLINE_CURVE_WITH_KNOTS('',1,(#3149,#3150),.UNSPECIFIED.,.F.,.F.,
(2,2),(-0.599999999999,0.),.UNSPECIFIED.);
#1729=B_SPLINE_CURVE_WITH_KNOTS('',1,(#3151,#3152),.UNSPECIFIED.,.F.,.F.,
(2,2),(-0.0418289389059998,0.),.UNSPECIFIED.);
#1730=B_SPLINE_CURVE_WITH_KNOTS('',1,(#3153,#3154),.UNSPECIFIED.,.F.,.F.,
(2,2),(-0.0418289389059998,0.),.UNSPECIFIED.);
#1731=B_SPLINE_CURVE_WITH_KNOTS('',1,(#3155,#3156),.UNSPECIFIED.,.F.,.F.,
(2,2),(0.,0.599999999999),.UNSPECIFIED.);
#1732=B_SPLINE_CURVE_WITH_KNOTS('',1,(#3157,#3158),.UNSPECIFIED.,.F.,.F.,
(2,2),(0.,0.599999999999),.UNSPECIFIED.);
#1733=B_SPLINE_CURVE_WITH_KNOTS('',1,(#3159,#3160),.UNSPECIFIED.,.F.,.F.,
(2,2),(0.,0.0418289389059998),.UNSPECIFIED.);
#1734=B_SPLINE_CURVE_WITH_KNOTS('',1,(#3161,#3162),.UNSPECIFIED.,.F.,.F.,
(2,2),(0.,0.0418289389059998),.UNSPECIFIED.);
#1735=B_SPLINE_CURVE_WITH_KNOTS('',1,(#3163,#3164),.UNSPECIFIED.,.F.,.F.,
(2,2),(-0.155,0.),.UNSPECIFIED.);
#1736=B_SPLINE_CURVE_WITH_KNOTS('',1,(#3165,#3166),.UNSPECIFIED.,.F.,.F.,
(2,2),(-0.155,0.),.UNSPECIFIED.);
#1737=B_SPLINE_CURVE_WITH_KNOTS('',1,(#3167,#3168),.UNSPECIFIED.,.F.,.F.,
(2,2),(0.,0.0418289389059998),.UNSPECIFIED.);
#1738=B_SPLINE_CURVE_WITH_KNOTS('',1,(#3169,#3170),.UNSPECIFIED.,.F.,.F.,
(2,2),(0.,0.027499999999),.UNSPECIFIED.);
#1739=B_SPLINE_CURVE_WITH_KNOTS('',1,(#3171,#3172),.UNSPECIFIED.,.F.,.F.,
(2,2),(0.,0.027499999999),.UNSPECIFIED.);
#1740=B_SPLINE_CURVE_WITH_KNOTS('',1,(#3173,#3174),.UNSPECIFIED.,.F.,.F.,
(2,2),(0.,0.100000000001),.UNSPECIFIED.);
#1741=B_SPLINE_CURVE_WITH_KNOTS('',1,(#3175,#3176),.UNSPECIFIED.,.F.,.F.,
(2,2),(0.,0.100000000001),.UNSPECIFIED.);
#1742=B_SPLINE_CURVE_WITH_KNOTS('',1,(#3177,#3178),.UNSPECIFIED.,.F.,.F.,
(2,2),(-0.0275,0.),.UNSPECIFIED.);
#1743=B_SPLINE_CURVE_WITH_KNOTS('',1,(#3179,#3180),.UNSPECIFIED.,.F.,.F.,
(2,2),(0.,0.0418289389059998),.UNSPECIFIED.);
#1744=B_SPLINE_CURVE_WITH_KNOTS('',1,(#3181,#3182),.UNSPECIFIED.,.F.,.F.,
(2,2),(0.,0.0418289389059998),.UNSPECIFIED.);
#1745=B_SPLINE_CURVE_WITH_KNOTS('',1,(#3183,#3184),.UNSPECIFIED.,.F.,.F.,
(2,2),(-0.599999999999,0.),.UNSPECIFIED.);
#1746=B_SPLINE_CURVE_WITH_KNOTS('',1,(#3185,#3186),.UNSPECIFIED.,.F.,.F.,
(2,2),(-0.599999999999,0.),.UNSPECIFIED.);
#1747=B_SPLINE_CURVE_WITH_KNOTS('',1,(#3187,#3188),.UNSPECIFIED.,.F.,.F.,
(2,2),(0.,0.0418289389059998),.UNSPECIFIED.);
#1748=B_SPLINE_CURVE_WITH_KNOTS('',1,(#3189,#3190),.UNSPECIFIED.,.F.,.F.,
(2,2),(-0.599999999999,0.),.UNSPECIFIED.);
#1749=B_SPLINE_CURVE_WITH_KNOTS('',1,(#3191,#3192),.UNSPECIFIED.,.F.,.F.,
(2,2),(-0.155000000001,0.),.UNSPECIFIED.);
#1750=B_SPLINE_CURVE_WITH_KNOTS('',1,(#3193,#3194),.UNSPECIFIED.,.F.,.F.,
(2,2),(-0.155000000001,0.),.UNSPECIFIED.);
#1751=B_SPLINE_CURVE_WITH_KNOTS('',1,(#3195,#3196),.UNSPECIFIED.,.F.,.F.,
(2,2),(0.,0.0418289389059998),.UNSPECIFIED.);
#1752=B_SPLINE_CURVE_WITH_KNOTS('',1,(#3197,#3198),.UNSPECIFIED.,.F.,.F.,
(2,2),(-0.0275,0.),.UNSPECIFIED.);
#1753=B_SPLINE_CURVE_WITH_KNOTS('',1,(#3199,#3200),.UNSPECIFIED.,.F.,.F.,
(2,2),(0.,0.100000000001),.UNSPECIFIED.);
#1754=B_SPLINE_CURVE_WITH_KNOTS('',1,(#3201,#3202),.UNSPECIFIED.,.F.,.F.,
(2,2),(0.,0.100000000001),.UNSPECIFIED.);
#1755=B_SPLINE_CURVE_WITH_KNOTS('',1,(#3203,#3204),.UNSPECIFIED.,.F.,.F.,
(2,2),(0.,0.0275),.UNSPECIFIED.);
#1756=B_SPLINE_CURVE_WITH_KNOTS('',1,(#3205,#3206),.UNSPECIFIED.,.F.,.F.,
(2,2),(0.,0.0275),.UNSPECIFIED.);
#1757=B_SPLINE_CURVE_WITH_KNOTS('',1,(#3207,#3208),.UNSPECIFIED.,.F.,.F.,
(2,2),(-0.0418289389059998,0.),.UNSPECIFIED.);
#1758=B_SPLINE_CURVE_WITH_KNOTS('',1,(#3209,#3210),.UNSPECIFIED.,.F.,.F.,
(2,2),(-0.599999999999,0.),.UNSPECIFIED.);
#1759=B_SPLINE_CURVE_WITH_KNOTS('',1,(#3211,#3212),.UNSPECIFIED.,.F.,.F.,
(2,2),(-0.599999999999,0.),.UNSPECIFIED.);
#1760=B_SPLINE_CURVE_WITH_KNOTS('',1,(#3216,#3217),.UNSPECIFIED.,.F.,.F.,
(2,2),(-0.0333794219437216,0.),.UNSPECIFIED.);
#1761=B_SPLINE_CURVE_WITH_KNOTS('',1,(#3218,#3219),.UNSPECIFIED.,.F.,.F.,
(2,2),(-0.599999999999,0.),.UNSPECIFIED.);
#1762=B_SPLINE_CURVE_WITH_KNOTS('',1,(#3223,#3224),.UNSPECIFIED.,.F.,.F.,
(2,2),(0.,0.0333794219437216),.UNSPECIFIED.);
#1763=B_SPLINE_CURVE_WITH_KNOTS('',1,(#3231,#3232),.UNSPECIFIED.,.F.,.F.,
(2,2),(-0.15499999999979,0.),.UNSPECIFIED.);
#1764=B_SPLINE_CURVE_WITH_KNOTS('',1,(#3233,#3234),.UNSPECIFIED.,.F.,.F.,
(2,2),(-0.15499999999979,0.),.UNSPECIFIED.);
#1765=B_SPLINE_CURVE_WITH_KNOTS('',1,(#3238,#3239),.UNSPECIFIED.,.F.,.F.,
(2,2),(-0.155,0.),.UNSPECIFIED.);
#1766=B_SPLINE_CURVE_WITH_KNOTS('',1,(#3243,#3244),.UNSPECIFIED.,.F.,.F.,
(2,2),(0.,0.263326550893843),.UNSPECIFIED.);
#1767=B_SPLINE_CURVE_WITH_KNOTS('',1,(#3245,#3246),.UNSPECIFIED.,.F.,.F.,
(2,2),(-0.599999999999,0.),.UNSPECIFIED.);
#1768=B_SPLINE_CURVE_WITH_KNOTS('',1,(#3247,#3248),.UNSPECIFIED.,.F.,.F.,
(2,2),(-0.599999999999,0.),.UNSPECIFIED.);
#1769=B_SPLINE_CURVE_WITH_KNOTS('',1,(#3249,#3250),.UNSPECIFIED.,.F.,.F.,
(2,2),(0.,0.263326550893843),.UNSPECIFIED.);
#1770=B_SPLINE_CURVE_WITH_KNOTS('',1,(#3251,#3252),.UNSPECIFIED.,.F.,.F.,
(2,2),(-0.599999999999,0.),.UNSPECIFIED.);
#1771=B_SPLINE_CURVE_WITH_KNOTS('',1,(#3253,#3254),.UNSPECIFIED.,.F.,.F.,
(2,2),(-0.15499999999979,0.),.UNSPECIFIED.);
#1772=B_SPLINE_CURVE_WITH_KNOTS('',1,(#3255,#3256),.UNSPECIFIED.,.F.,.F.,
(2,2),(-0.15499999999979,0.),.UNSPECIFIED.);
#1773=B_SPLINE_CURVE_WITH_KNOTS('',1,(#3260,#3261),.UNSPECIFIED.,.F.,.F.,
(2,2),(-0.155000000001,0.),.UNSPECIFIED.);
#1774=B_SPLINE_CURVE_WITH_KNOTS('',1,(#3265,#3266),.UNSPECIFIED.,.F.,.F.,
(2,2),(0.,0.190656654680835),.UNSPECIFIED.);
#1775=B_SPLINE_CURVE_WITH_KNOTS('',1,(#3267,#3268),.UNSPECIFIED.,.F.,.F.,
(2,2),(0.,0.190656654680835),.UNSPECIFIED.);
#1776=B_SPLINE_CURVE_WITH_KNOTS('',1,(#3269,#3270),.UNSPECIFIED.,.F.,.F.,
(2,2),(-0.599999999999,0.),.UNSPECIFIED.);
#1777=B_SPLINE_CURVE_WITH_KNOTS('',1,(#3271,#3272),.UNSPECIFIED.,.F.,.F.,
(2,2),(-0.599999999999,0.),.UNSPECIFIED.);
#1778=B_SPLINE_CURVE_WITH_KNOTS('',1,(#3273,#3274),.UNSPECIFIED.,.F.,.F.,
(2,2),(-0.190656654680835,0.),.UNSPECIFIED.);
#1779=B_SPLINE_CURVE_WITH_KNOTS('',1,(#3275,#3276),.UNSPECIFIED.,.F.,.F.,
(2,2),(-0.190656654680835,0.),.UNSPECIFIED.);
#1780=B_SPLINE_CURVE_WITH_KNOTS('',1,(#3277,#3278),.UNSPECIFIED.,.F.,.F.,
(2,2),(-0.599999999999,0.),.UNSPECIFIED.);
#1781=B_SPLINE_CURVE_WITH_KNOTS('',1,(#3279,#3280),.UNSPECIFIED.,.F.,.F.,
(2,2),(0.,0.190656654680922),.UNSPECIFIED.);
#1782=B_SPLINE_CURVE_WITH_KNOTS('',1,(#3281,#3282),.UNSPECIFIED.,.F.,.F.,
(2,2),(0.,0.190656654680922),.UNSPECIFIED.);
#1783=B_SPLINE_CURVE_WITH_KNOTS('',1,(#3283,#3284),.UNSPECIFIED.,.F.,.F.,
(2,2),(-0.155000000000786,0.),.UNSPECIFIED.);
#1784=B_SPLINE_CURVE_WITH_KNOTS('',1,(#3285,#3286),.UNSPECIFIED.,.F.,.F.,
(2,2),(-0.155000000000786,0.),.UNSPECIFIED.);
#1785=B_SPLINE_CURVE_WITH_KNOTS('',1,(#3287,#3288),.UNSPECIFIED.,.F.,.F.,
(2,2),(0.,0.190656654680835),.UNSPECIFIED.);
#1786=B_SPLINE_CURVE_WITH_KNOTS('',1,(#3289,#3290),.UNSPECIFIED.,.F.,.F.,
(2,2),(-0.15499999999979,0.),.UNSPECIFIED.);
#1787=B_SPLINE_CURVE_WITH_KNOTS('',1,(#3291,#3292),.UNSPECIFIED.,.F.,.F.,
(2,2),(0.,0.190656654680922),.UNSPECIFIED.);
#1788=B_SPLINE_CURVE_WITH_KNOTS('',1,(#3293,#3294),.UNSPECIFIED.,.F.,.F.,
(2,2),(0.,0.190656654680922),.UNSPECIFIED.);
#1789=B_SPLINE_CURVE_WITH_KNOTS('',1,(#3295,#3296),.UNSPECIFIED.,.F.,.F.,
(2,2),(-0.599999999999,0.),.UNSPECIFIED.);
#1790=B_SPLINE_CURVE_WITH_KNOTS('',1,(#3297,#3298),.UNSPECIFIED.,.F.,.F.,
(2,2),(-0.599999999999,0.),.UNSPECIFIED.);
#1791=B_SPLINE_CURVE_WITH_KNOTS('',1,(#3299,#3300),.UNSPECIFIED.,.F.,.F.,
(2,2),(0.,0.190656654680922),.UNSPECIFIED.);
#1792=B_SPLINE_CURVE_WITH_KNOTS('',1,(#3301,#3302),.UNSPECIFIED.,.F.,.F.,
(2,2),(-0.599999999999,0.),.UNSPECIFIED.);
#1793=B_SPLINE_CURVE_WITH_KNOTS('',1,(#3303,#3304),.UNSPECIFIED.,.F.,.F.,
(2,2),(-0.155000000000786,0.),.UNSPECIFIED.);
#1794=B_SPLINE_CURVE_WITH_KNOTS('',1,(#3305,#3306),.UNSPECIFIED.,.F.,.F.,
(2,2),(-0.155000000000786,0.),.UNSPECIFIED.);
#1795=B_SPLINE_CURVE_WITH_KNOTS('',1,(#3307,#3308),.UNSPECIFIED.,.F.,.F.,
(2,2),(0.,0.190656654680922),.UNSPECIFIED.);
#1796=B_SPLINE_CURVE_WITH_KNOTS('',1,(#3309,#3310),.UNSPECIFIED.,.F.,.F.,
(2,2),(-0.15499999999979,0.),.UNSPECIFIED.);
#1797=B_SPLINE_CURVE_WITH_KNOTS('',1,(#3311,#3312),.UNSPECIFIED.,.F.,.F.,
(2,2),(-0.190656654680835,0.),.UNSPECIFIED.);
#1798=B_SPLINE_CURVE_WITH_KNOTS('',1,(#3316,#3317),.UNSPECIFIED.,.F.,.F.,
(2,2),(0.,0.26332655089393),.UNSPECIFIED.);
#1799=B_SPLINE_CURVE_WITH_KNOTS('',1,(#3318,#3319),.UNSPECIFIED.,.F.,.F.,
(2,2),(-0.599999999999,0.),.UNSPECIFIED.);
#1800=B_SPLINE_CURVE_WITH_KNOTS('',1,(#3320,#3321),.UNSPECIFIED.,.F.,.F.,
(2,2),(-0.599999999999,0.),.UNSPECIFIED.);
#1801=B_SPLINE_CURVE_WITH_KNOTS('',1,(#3325,#3326),.UNSPECIFIED.,.F.,.F.,
(2,2),(-0.26332655089393,0.),.UNSPECIFIED.);
#1802=B_SPLINE_CURVE_WITH_KNOTS('',1,(#3327,#3328),.UNSPECIFIED.,.F.,.F.,
(2,2),(-0.599999999999,0.),.UNSPECIFIED.);
#1803=B_SPLINE_CURVE_WITH_KNOTS('',1,(#3335,#3336),.UNSPECIFIED.,.F.,.F.,
(2,2),(-0.154999999999,0.),.UNSPECIFIED.);
#1804=B_SPLINE_CURVE_WITH_KNOTS('',1,(#3337,#3338),.UNSPECIFIED.,.F.,.F.,
(2,2),(-0.154999999999,0.),.UNSPECIFIED.);
#1805=B_SPLINE_CURVE_WITH_KNOTS('',1,(#3342,#3343),.UNSPECIFIED.,.F.,.F.,
(2,2),(-0.155000000000786,0.),.UNSPECIFIED.);
#1806=B_SPLINE_CURVE_WITH_KNOTS('',1,(#3344,#3345),.UNSPECIFIED.,.F.,.F.,
(2,2),(-0.599999999999,0.),.UNSPECIFIED.);
#1807=B_SPLINE_CURVE_WITH_KNOTS('',1,(#3346,#3347),.UNSPECIFIED.,.F.,.F.,
(2,2),(-0.599999999999,0.),.UNSPECIFIED.);
#1808=B_SPLINE_CURVE_WITH_KNOTS('',1,(#3348,#3349),.UNSPECIFIED.,.F.,.F.,
(2,2),(0.,0.0333794219452051),.UNSPECIFIED.);
#1809=B_SPLINE_CURVE_WITH_KNOTS('',1,(#3350,#3351),.UNSPECIFIED.,.F.,.F.,
(2,2),(-0.599999999999,0.),.UNSPECIFIED.);
#1810=B_SPLINE_CURVE_WITH_KNOTS('',1,(#3355,#3356),.UNSPECIFIED.,.F.,.F.,
(2,2),(0.,0.0333794219452051),.UNSPECIFIED.);
#1811=B_SPLINE_CURVE_WITH_KNOTS('',1,(#3357,#3358),.UNSPECIFIED.,.F.,.F.,
(2,2),(-0.154999999999,0.),.UNSPECIFIED.);
#1812=B_SPLINE_CURVE_WITH_KNOTS('',1,(#3359,#3360),.UNSPECIFIED.,.F.,.F.,
(2,2),(-0.154999999999,0.),.UNSPECIFIED.);
#1813=B_SPLINE_CURVE_WITH_KNOTS('',1,(#3364,#3365),.UNSPECIFIED.,.F.,.F.,
(2,2),(-0.155000000000786,0.),.UNSPECIFIED.);
#1814=B_SPLINE_CURVE_WITH_KNOTS('',1,(#3369,#3370),.UNSPECIFIED.,.F.,.F.,
(2,2),(0.,0.258366882598),.UNSPECIFIED.);
#1815=B_SPLINE_CURVE_WITH_KNOTS('',1,(#3371,#3372),.UNSPECIFIED.,.F.,.F.,
(2,2),(0.,0.258366882598),.UNSPECIFIED.);
#1816=B_SPLINE_CURVE_WITH_KNOTS('',1,(#3373,#3374),.UNSPECIFIED.,.F.,.F.,
(2,2),(0.,0.599999999999),.UNSPECIFIED.);
#1817=B_SPLINE_CURVE_WITH_KNOTS('',1,(#3375,#3376),.UNSPECIFIED.,.F.,.F.,
(2,2),(-0.258366882598,0.),.UNSPECIFIED.);
#1818=B_SPLINE_CURVE_WITH_KNOTS('',1,(#3377,#3378),.UNSPECIFIED.,.F.,.F.,
(2,2),(-0.258366882598,0.),.UNSPECIFIED.);
#1819=B_SPLINE_CURVE_WITH_KNOTS('',1,(#3379,#3380),.UNSPECIFIED.,.F.,.F.,
(2,2),(-0.599999999999,0.),.UNSPECIFIED.);
#1820=B_SPLINE_CURVE_WITH_KNOTS('',1,(#3381,#3382),.UNSPECIFIED.,.F.,.F.,
(2,2),(0.,0.258366882598),.UNSPECIFIED.);
#1821=B_SPLINE_CURVE_WITH_KNOTS('',1,(#3383,#3384),.UNSPECIFIED.,.F.,.F.,
(2,2),(0.,0.258366882598),.UNSPECIFIED.);
#1822=B_SPLINE_CURVE_WITH_KNOTS('',1,(#3385,#3386),.UNSPECIFIED.,.F.,.F.,
(2,2),(0.,0.154999999999),.UNSPECIFIED.);
#1823=B_SPLINE_CURVE_WITH_KNOTS('',1,(#3387,#3388),.UNSPECIFIED.,.F.,.F.,
(2,2),(0.,0.258366882598),.UNSPECIFIED.);
#1824=B_SPLINE_CURVE_WITH_KNOTS('',1,(#3389,#3390),.UNSPECIFIED.,.F.,.F.,
(2,2),(-0.154999999999,0.),.UNSPECIFIED.);
#1825=B_SPLINE_CURVE_WITH_KNOTS('',1,(#3391,#3392),.UNSPECIFIED.,.F.,.F.,
(2,2),(0.,0.258366882598),.UNSPECIFIED.);
#1826=B_SPLINE_CURVE_WITH_KNOTS('',1,(#3393,#3394),.UNSPECIFIED.,.F.,.F.,
(2,2),(0.,0.258366882598),.UNSPECIFIED.);
#1827=B_SPLINE_CURVE_WITH_KNOTS('',1,(#3395,#3396),.UNSPECIFIED.,.F.,.F.,
(2,2),(0.,0.599999999999),.UNSPECIFIED.);
#1828=B_SPLINE_CURVE_WITH_KNOTS('',1,(#3397,#3398),.UNSPECIFIED.,.F.,.F.,
(2,2),(0.,0.258366882598),.UNSPECIFIED.);
#1829=B_SPLINE_CURVE_WITH_KNOTS('',1,(#3399,#3400),.UNSPECIFIED.,.F.,.F.,
(2,2),(-0.599999999999,0.),.UNSPECIFIED.);
#1830=B_SPLINE_CURVE_WITH_KNOTS('',1,(#3401,#3402),.UNSPECIFIED.,.F.,.F.,
(2,2),(0.,0.154999999999),.UNSPECIFIED.);
#1831=B_SPLINE_CURVE_WITH_KNOTS('',1,(#3403,#3404),.UNSPECIFIED.,.F.,.F.,
(2,2),(0.,0.258366882598),.UNSPECIFIED.);
#1832=B_SPLINE_CURVE_WITH_KNOTS('',1,(#3405,#3406),.UNSPECIFIED.,.F.,.F.,
(2,2),(-0.154999999999,0.),.UNSPECIFIED.);
#1833=B_SPLINE_CURVE_WITH_KNOTS('',1,(#3407,#3408),.UNSPECIFIED.,.F.,.F.,
(2,2),(-0.258366882598,0.),.UNSPECIFIED.);
#1834=B_SPLINE_CURVE_WITH_KNOTS('',1,(#3409,#3410),.UNSPECIFIED.,.F.,.F.,
(2,2),(0.,0.0275),.UNSPECIFIED.);
#1835=B_SPLINE_CURVE_WITH_KNOTS('',1,(#3411,#3412),.UNSPECIFIED.,.F.,.F.,
(2,2),(0.,0.599999999999),.UNSPECIFIED.);
#1836=B_SPLINE_CURVE_WITH_KNOTS('',1,(#3413,#3414),.UNSPECIFIED.,.F.,.F.,
(2,2),(0.,0.599999999999),.UNSPECIFIED.);
#1837=B_SPLINE_CURVE_WITH_KNOTS('',1,(#3415,#3416),.UNSPECIFIED.,.F.,.F.,
(2,2),(0.,0.027499999999),.UNSPECIFIED.);
#1838=B_SPLINE_CURVE_WITH_KNOTS('',1,(#3417,#3418),.UNSPECIFIED.,.F.,.F.,
(2,2),(0.,0.599999999999),.UNSPECIFIED.);
#1839=B_SPLINE_CURVE_WITH_KNOTS('',1,(#3419,#3420),.UNSPECIFIED.,.F.,.F.,
(2,2),(0.,0.0141539473327735),.UNSPECIFIED.);
#1840=B_SPLINE_CURVE_WITH_KNOTS('',1,(#3421,#3422),.UNSPECIFIED.,.F.,.F.,
(2,2),(0.,0.299255177637),.UNSPECIFIED.);
#1841=B_SPLINE_CURVE_WITH_KNOTS('',1,(#3423,#3424),.UNSPECIFIED.,.F.,.F.,
(2,2),(0.,0.0141539473327735),.UNSPECIFIED.);
#1842=B_SPLINE_CURVE_WITH_KNOTS('',1,(#3425,#3426),.UNSPECIFIED.,.F.,.F.,
(2,2),(-0.0652695302489998,0.),.UNSPECIFIED.);
#1843=B_SPLINE_CURVE_WITH_KNOTS('',1,(#3427,#3428),.UNSPECIFIED.,.F.,.F.,
(2,2),(-0.0652695302489998,0.),.UNSPECIFIED.);
#1844=B_SPLINE_CURVE_WITH_KNOTS('',3,(#3429,#3430,#3431,#3432,#3433,#3434,
#3435,#3436),.UNSPECIFIED.,.F.,.F.,(4,2,2,4),(4.712388980384,5.08627230617983,
5.4601241494183,6.211877842394),.UNSPECIFIED.);
#1845=B_SPLINE_CURVE_WITH_KNOTS('',3,(#3437,#3438,#3439,#3440),
 .UNSPECIFIED.,.F.,.F.,(4,4),(4.712388980384,6.211877842394),
 .UNSPECIFIED.);
#1846=B_SPLINE_CURVE_WITH_KNOTS('',1,(#3441,#3442),.UNSPECIFIED.,.F.,.F.,
(2,2),(-2.563267899284,0.),.UNSPECIFIED.);
#1847=B_SPLINE_CURVE_WITH_KNOTS('',1,(#3443,#3444),.UNSPECIFIED.,.F.,.F.,
(2,2),(-2.563267899284,0.),.UNSPECIFIED.);
#1848=B_SPLINE_CURVE_WITH_KNOTS('',3,(#3445,#3446,#3447,#3448,#3449,#3450,
#3451,#3452),.UNSPECIFIED.,.F.,.F.,(4,2,2,4),(3.212900118375,3.96465381135025,
4.33850565458844,4.712388980384),.UNSPECIFIED.);
#1849=B_SPLINE_CURVE_WITH_KNOTS('',3,(#3453,#3454,#3455,#3456),
 .UNSPECIFIED.,.F.,.F.,(4,4),(3.212900118375,4.712388980384),
 .UNSPECIFIED.);
#1850=B_SPLINE_CURVE_WITH_KNOTS('',1,(#3457,#3458),.UNSPECIFIED.,.F.,.F.,
(2,2),(-1.999251451432,0.),.UNSPECIFIED.);
#1851=B_SPLINE_CURVE_WITH_KNOTS('',1,(#3459,#3460),.UNSPECIFIED.,.F.,.F.,
(2,2),(-1.999251451432,0.),.UNSPECIFIED.);
#1852=B_SPLINE_CURVE_WITH_KNOTS('',3,(#3461,#3462,#3463,#3464,#3465,#3466,
#3467,#3468),.UNSPECIFIED.,.F.,.F.,(4,2,2,4),(0.071307464785,0.823061157760225,
1.19691300099843,1.570796326794),.UNSPECIFIED.);
#1853=B_SPLINE_CURVE_WITH_KNOTS('',3,(#3469,#3470,#3471,#3472),
 .UNSPECIFIED.,.F.,.F.,(4,4),(0.071307464785,1.570796326794),
 .UNSPECIFIED.);
#1854=B_SPLINE_CURVE_WITH_KNOTS('',1,(#3473,#3474),.UNSPECIFIED.,.F.,.F.,
(2,2),(-1.363776159318,0.),.UNSPECIFIED.);
#1855=B_SPLINE_CURVE_WITH_KNOTS('',1,(#3475,#3476),.UNSPECIFIED.,.F.,.F.,
(2,2),(-1.363776159318,0.),.UNSPECIFIED.);
#1856=B_SPLINE_CURVE_WITH_KNOTS('',3,(#3477,#3478,#3479,#3480),
 .UNSPECIFIED.,.F.,.F.,(4,4),(3.212900118375,4.712388980384),
 .UNSPECIFIED.);
#1857=B_SPLINE_CURVE_WITH_KNOTS('',1,(#3481,#3482),.UNSPECIFIED.,.F.,.F.,
(2,2),(-1.563267899284,0.),.UNSPECIFIED.);
#1858=B_SPLINE_CURVE_WITH_KNOTS('',1,(#3483,#3484),.UNSPECIFIED.,.F.,.F.,
(2,2),(-1.563267899284,0.),.UNSPECIFIED.);
#1859=B_SPLINE_CURVE_WITH_KNOTS('',3,(#3485,#3486,#3487,#3488,#3489,#3490,
#3491,#3492),.UNSPECIFIED.,.F.,.F.,(4,2,2,4),(4.712388980384,5.08627230617979,
5.46012414941822,6.211877842394),.UNSPECIFIED.);
#1860=B_SPLINE_CURVE_WITH_KNOTS('',3,(#3493,#3494,#3495,#3496),
 .UNSPECIFIED.,.F.,.F.,(4,4),(4.712388980384,6.211877842394),
 .UNSPECIFIED.);
#1861=B_SPLINE_CURVE_WITH_KNOTS('',1,(#3497,#3498),.UNSPECIFIED.,.F.,.F.,
(2,2),(-1.563267899284,0.),.UNSPECIFIED.);
#1862=B_SPLINE_CURVE_WITH_KNOTS('',1,(#3499,#3500),.UNSPECIFIED.,.F.,.F.,
(2,2),(-1.563267899284,0.),.UNSPECIFIED.);
#1863=B_SPLINE_CURVE_WITH_KNOTS('',3,(#3501,#3502,#3503,#3504),
 .UNSPECIFIED.,.F.,.F.,(4,4),(4.712388980384,6.211877842394),
 .UNSPECIFIED.);
#1864=B_SPLINE_CURVE_WITH_KNOTS('',1,(#3505,#3506),.UNSPECIFIED.,.F.,.F.,
(2,2),(-1.363776159318,0.),.UNSPECIFIED.);
#1865=B_SPLINE_CURVE_WITH_KNOTS('',1,(#3507,#3508),.UNSPECIFIED.,.F.,.F.,
(2,2),(-1.363776159318,0.),.UNSPECIFIED.);
#1866=B_SPLINE_CURVE_WITH_KNOTS('',1,(#3509,#3510),.UNSPECIFIED.,.F.,.F.,
(2,2),(0.,0.0141539473327735),.UNSPECIFIED.);
#1867=B_SPLINE_CURVE_WITH_KNOTS('',1,(#3511,#3512),.UNSPECIFIED.,.F.,.F.,
(2,2),(-1.999251451432,0.),.UNSPECIFIED.);
#1868=B_SPLINE_CURVE_WITH_KNOTS('',1,(#3513,#3514),.UNSPECIFIED.,.F.,.F.,
(2,2),(-1.999251451432,0.),.UNSPECIFIED.);
#1869=B_SPLINE_CURVE_WITH_KNOTS('',3,(#3515,#3516,#3517,#3518),
 .UNSPECIFIED.,.F.,.F.,(4,4),(0.071307464785,1.570796326794),
 .UNSPECIFIED.);
#1870=B_SPLINE_CURVE_WITH_KNOTS('',1,(#3519,#3520),.UNSPECIFIED.,.F.,.F.,
(2,2),(0.610214418107308,3.17348231739131),.UNSPECIFIED.);
#1871=B_SPLINE_CURVE_WITH_KNOTS('',3,(#3521,#3522,#3523,#3524),
 .UNSPECIFIED.,.F.,.F.,(4,4),(4.712388980384,6.211877842394),
 .UNSPECIFIED.);
#1872=B_SPLINE_CURVE_WITH_KNOTS('',1,(#3525,#3526),.UNSPECIFIED.,.F.,.F.,
(2,2),(-0.0652695302489998,0.),.UNSPECIFIED.);
#1873=B_SPLINE_CURVE_WITH_KNOTS('',1,(#3527,#3528),.UNSPECIFIED.,.F.,.F.,
(2,2),(-0.0652695302489998,0.),.UNSPECIFIED.);
#1874=B_SPLINE_CURVE_WITH_KNOTS('',1,(#3529,#3530),.UNSPECIFIED.,.F.,.F.,
(2,2),(0.,0.0141539473327735),.UNSPECIFIED.);
#1875=B_SPLINE_CURVE_WITH_KNOTS('',1,(#3531,#3532),.UNSPECIFIED.,.F.,.F.,
(2,2),(0.,0.299255177637),.UNSPECIFIED.);
#1876=B_SPLINE_CURVE_WITH_KNOTS('',3,(#3533,#3534,#3535,#3536),
 .UNSPECIFIED.,.F.,.F.,(4,4),(4.712388980384,6.118036629764),
 .UNSPECIFIED.);
#1877=B_SPLINE_CURVE_WITH_KNOTS('',3,(#3537,#3538,#3539,#3540),
 .UNSPECIFIED.,.F.,.F.,(4,4),(4.712388980384,6.118036629764),
 .UNSPECIFIED.);
#1878=B_SPLINE_CURVE_WITH_KNOTS('',1,(#3541,#3542),.UNSPECIFIED.,.F.,.F.,
(2,2),(-2.577853367088,0.),.UNSPECIFIED.);
#1879=B_SPLINE_CURVE_WITH_KNOTS('',1,(#3543,#3544),.UNSPECIFIED.,.F.,.F.,
(2,2),(-2.577853367088,0.),.UNSPECIFIED.);
#1880=B_SPLINE_CURVE_WITH_KNOTS('',3,(#3545,#3546,#3547,#3548),
 .UNSPECIFIED.,.F.,.F.,(4,4),(3.306741331004,4.712388980384),
 .UNSPECIFIED.);
#1881=B_SPLINE_CURVE_WITH_KNOTS('',3,(#3549,#3550,#3551,#3552),
 .UNSPECIFIED.,.F.,.F.,(4,4),(3.306741331004,4.712388980384),
 .UNSPECIFIED.);
#1882=B_SPLINE_CURVE_WITH_KNOTS('',1,(#3553,#3554),.UNSPECIFIED.,.F.,.F.,
(2,2),(-2.380574582322,0.),.UNSPECIFIED.);
#1883=B_SPLINE_CURVE_WITH_KNOTS('',1,(#3555,#3556),.UNSPECIFIED.,.F.,.F.,
(2,2),(-2.380574582322,0.),.UNSPECIFIED.);
#1884=B_SPLINE_CURVE_WITH_KNOTS('',3,(#3557,#3558,#3559,#3560),
 .UNSPECIFIED.,.F.,.F.,(4,4),(0.165148677414,1.570796326794),
 .UNSPECIFIED.);
#1885=B_SPLINE_CURVE_WITH_KNOTS('',3,(#3561,#3562,#3563,#3564),
 .UNSPECIFIED.,.F.,.F.,(4,4),(0.165148677414,1.570796326794),
 .UNSPECIFIED.);
#1886=B_SPLINE_CURVE_WITH_KNOTS('',1,(#3565,#3566),.UNSPECIFIED.,.F.,.F.,
(2,2),(-1.380574582322,0.),.UNSPECIFIED.);
#1887=B_SPLINE_CURVE_WITH_KNOTS('',1,(#3567,#3568),.UNSPECIFIED.,.F.,.F.,
(2,2),(-1.380574582322,0.),.UNSPECIFIED.);
#1888=B_SPLINE_CURVE_WITH_KNOTS('',3,(#3569,#3570,#3571,#3572),
 .UNSPECIFIED.,.F.,.F.,(4,4),(3.306741331004,4.712388980384),
 .UNSPECIFIED.);
#1889=B_SPLINE_CURVE_WITH_KNOTS('',1,(#3573,#3574),.UNSPECIFIED.,.F.,.F.,
(2,2),(-1.577853367088,0.),.UNSPECIFIED.);
#1890=B_SPLINE_CURVE_WITH_KNOTS('',1,(#3575,#3576),.UNSPECIFIED.,.F.,.F.,
(2,2),(-1.577853367088,0.),.UNSPECIFIED.);
#1891=B_SPLINE_CURVE_WITH_KNOTS('',3,(#3577,#3578,#3579,#3580),
 .UNSPECIFIED.,.F.,.F.,(4,4),(4.712388980384,6.118036629764),
 .UNSPECIFIED.);
#1892=B_SPLINE_CURVE_WITH_KNOTS('',3,(#3581,#3582,#3583,#3584),
 .UNSPECIFIED.,.F.,.F.,(4,4),(4.712388980384,6.118036629764),
 .UNSPECIFIED.);
#1893=B_SPLINE_CURVE_WITH_KNOTS('',1,(#3585,#3586),.UNSPECIFIED.,.F.,.F.,
(2,2),(-1.577853367088,0.),.UNSPECIFIED.);
#1894=B_SPLINE_CURVE_WITH_KNOTS('',1,(#3587,#3588),.UNSPECIFIED.,.F.,.F.,
(2,2),(-1.577853367088,0.),.UNSPECIFIED.);
#1895=B_SPLINE_CURVE_WITH_KNOTS('',3,(#3589,#3590,#3591,#3592),
 .UNSPECIFIED.,.F.,.F.,(4,4),(4.712388980384,6.118036629764),
 .UNSPECIFIED.);
#1896=B_SPLINE_CURVE_WITH_KNOTS('',1,(#3593,#3594),.UNSPECIFIED.,.F.,.F.,
(2,2),(-1.380574582322,0.),.UNSPECIFIED.);
#1897=B_SPLINE_CURVE_WITH_KNOTS('',1,(#3595,#3596),.UNSPECIFIED.,.F.,.F.,
(2,2),(-1.380574582322,0.),.UNSPECIFIED.);
#1898=B_SPLINE_CURVE_WITH_KNOTS('',3,(#3597,#3598,#3599,#3600),
 .UNSPECIFIED.,.F.,.F.,(4,4),(0.165148677414,1.570796326794),
 .UNSPECIFIED.);
#1899=B_SPLINE_CURVE_WITH_KNOTS('',1,(#3601,#3602),.UNSPECIFIED.,.F.,.F.,
(2,2),(-2.577853367088,0.),.UNSPECIFIED.);
#1900=B_SPLINE_CURVE_WITH_KNOTS('',1,(#3603,#3604),.UNSPECIFIED.,.F.,.F.,
(2,2),(-2.577853367088,0.),.UNSPECIFIED.);
#1901=B_SPLINE_CURVE_WITH_KNOTS('',3,(#3605,#3606,#3607,#3608),
 .UNSPECIFIED.,.F.,.F.,(4,4),(4.712388980384,6.118036629764),
 .UNSPECIFIED.);
#1902=B_SPLINE_CURVE_WITH_KNOTS('',1,(#3609,#3610),.UNSPECIFIED.,.F.,.F.,
(2,2),(-2.380574582322,0.),.UNSPECIFIED.);
#1903=B_SPLINE_CURVE_WITH_KNOTS('',1,(#3611,#3612),.UNSPECIFIED.,.F.,.F.,
(2,2),(-2.380574582322,0.),.UNSPECIFIED.);
#1904=B_SPLINE_CURVE_WITH_KNOTS('',1,(#3613,#3614),.UNSPECIFIED.,.F.,.F.,
(2,2),(-2.577853367088,0.),.UNSPECIFIED.);
#1905=B_SPLINE_CURVE_WITH_KNOTS('',1,(#3615,#3616),.UNSPECIFIED.,.F.,.F.,
(2,2),(0.,0.222370857088733),.UNSPECIFIED.);
#1906=B_SPLINE_CURVE_WITH_KNOTS('',1,(#3617,#3618),.UNSPECIFIED.,.F.,.F.,
(2,2),(0.,0.222370857088733),.UNSPECIFIED.);
#1907=B_SPLINE_CURVE_WITH_KNOTS('',1,(#3619,#3620),.UNSPECIFIED.,.F.,.F.,
(2,2),(-2.649999999999,0.),.UNSPECIFIED.);
#1908=B_SPLINE_CURVE_WITH_KNOTS('',1,(#3621,#3622),.UNSPECIFIED.,.F.,.F.,
(2,2),(-2.649999999999,0.),.UNSPECIFIED.);
#1909=B_SPLINE_CURVE_WITH_KNOTS('',1,(#3623,#3624),.UNSPECIFIED.,.F.,.F.,
(2,2),(0.,0.222370857088895),.UNSPECIFIED.);
#1910=B_SPLINE_CURVE_WITH_KNOTS('',1,(#3625,#3626),.UNSPECIFIED.,.F.,.F.,
(2,2),(0.,0.222370857088895),.UNSPECIFIED.);
#1911=B_SPLINE_CURVE_WITH_KNOTS('',1,(#3627,#3628),.UNSPECIFIED.,.F.,.F.,
(2,2),(-1.577853367088,0.),.UNSPECIFIED.);
#1912=B_SPLINE_CURVE_WITH_KNOTS('',1,(#3629,#3630),.UNSPECIFIED.,.F.,.F.,
(2,2),(0.,0.222370857088895),.UNSPECIFIED.);
#1913=B_SPLINE_CURVE_WITH_KNOTS('',1,(#3631,#3632),.UNSPECIFIED.,.F.,.F.,
(2,2),(0.,0.222370857088895),.UNSPECIFIED.);
#1914=B_SPLINE_CURVE_WITH_KNOTS('',1,(#3633,#3634),.UNSPECIFIED.,.F.,.F.,
(2,2),(-0.525,0.),.UNSPECIFIED.);
#1915=B_SPLINE_CURVE_WITH_KNOTS('',1,(#3635,#3636),.UNSPECIFIED.,.F.,.F.,
(2,2),(-0.525,0.),.UNSPECIFIED.);
#1916=B_SPLINE_CURVE_WITH_KNOTS('',1,(#3637,#3638),.UNSPECIFIED.,.F.,.F.,
(2,2),(0.,0.599999999999),.UNSPECIFIED.);
#1917=B_SPLINE_CURVE_WITH_KNOTS('',1,(#3639,#3640),.UNSPECIFIED.,.F.,.F.,
(2,2),(-0.525,0.),.UNSPECIFIED.);
#1918=B_SPLINE_CURVE_WITH_KNOTS('',1,(#3641,#3642),.UNSPECIFIED.,.F.,.F.,
(2,2),(-0.525,0.),.UNSPECIFIED.);
#1919=B_SPLINE_CURVE_WITH_KNOTS('',1,(#3643,#3644),.UNSPECIFIED.,.F.,.F.,
(2,2),(0.,0.222370857088733),.UNSPECIFIED.);
#1920=B_SPLINE_CURVE_WITH_KNOTS('',1,(#3645,#3646),.UNSPECIFIED.,.F.,.F.,
(2,2),(-1.577853367088,0.),.UNSPECIFIED.);
#1921=B_SPLINE_CURVE_WITH_KNOTS('',1,(#3647,#3648),.UNSPECIFIED.,.F.,.F.,
(2,2),(0.,0.222370857088895),.UNSPECIFIED.);
#1922=B_SPLINE_CURVE_WITH_KNOTS('',1,(#3649,#3650),.UNSPECIFIED.,.F.,.F.,
(2,2),(-0.525,0.),.UNSPECIFIED.);
#1923=B_SPLINE_CURVE_WITH_KNOTS('',1,(#3651,#3652),.UNSPECIFIED.,.F.,.F.,
(2,2),(-0.525,0.),.UNSPECIFIED.);
#1924=B_SPLINE_CURVE_WITH_KNOTS('',1,(#3653,#3654),.UNSPECIFIED.,.F.,.F.,
(2,2),(0.,0.599999999999),.UNSPECIFIED.);
#1925=B_SPLINE_CURVE_WITH_KNOTS('',1,(#3655,#3656),.UNSPECIFIED.,.F.,.F.,
(2,2),(-0.525,0.),.UNSPECIFIED.);
#1926=B_SPLINE_CURVE_WITH_KNOTS('',1,(#3657,#3658),.UNSPECIFIED.,.F.,.F.,
(2,2),(-0.525,0.),.UNSPECIFIED.);
#1927=B_SPLINE_CURVE_WITH_KNOTS('',1,(#3659,#3660),.UNSPECIFIED.,.F.,.F.,
(2,2),(0.,0.222370857089058),.UNSPECIFIED.);
#1928=B_SPLINE_CURVE_WITH_KNOTS('',1,(#3661,#3662),.UNSPECIFIED.,.F.,.F.,
(2,2),(0.,0.222370857089058),.UNSPECIFIED.);
#1929=B_SPLINE_CURVE_WITH_KNOTS('',1,(#3663,#3664),.UNSPECIFIED.,.F.,.F.,
(2,2),(-2.577853367088,0.),.UNSPECIFIED.);
#1930=B_SPLINE_CURVE_WITH_KNOTS('',1,(#3665,#3666),.UNSPECIFIED.,.F.,.F.,
(2,2),(0.,0.222370857089058),.UNSPECIFIED.);
#1931=B_SPLINE_CURVE_WITH_KNOTS('',1,(#3667,#3668),.UNSPECIFIED.,.F.,.F.,
(2,2),(-2.649999999999,0.),.UNSPECIFIED.);
#1932=B_SPLINE_CURVE_WITH_KNOTS('',1,(#3669,#3670),.UNSPECIFIED.,.F.,.F.,
(2,2),(-2.649999999999,0.),.UNSPECIFIED.);
#1933=B_SPLINE_CURVE_WITH_KNOTS('',1,(#3671,#3672),.UNSPECIFIED.,.F.,.F.,
(2,2),(0.,0.222370857088895),.UNSPECIFIED.);
#1934=B_SPLINE_CURVE_WITH_KNOTS('',1,(#3673,#3674),.UNSPECIFIED.,.F.,.F.,
(2,2),(0.,0.610214418107379),.UNSPECIFIED.);
#1935=B_SPLINE_CURVE_WITH_KNOTS('',1,(#3675,#3676),.UNSPECIFIED.,.F.,.F.,
(2,2),(0.,0.610214418107379),.UNSPECIFIED.);
#1936=B_SPLINE_CURVE_WITH_KNOTS('',1,(#3677,#3678),.UNSPECIFIED.,.F.,.F.,
(2,2),(-1.563267899284,0.),.UNSPECIFIED.);
#1937=B_SPLINE_CURVE_WITH_KNOTS('',1,(#3679,#3680),.UNSPECIFIED.,.F.,.F.,
(2,2),(0.,0.610214418107308),.UNSPECIFIED.);
#1938=B_SPLINE_CURVE_WITH_KNOTS('',1,(#3681,#3682),.UNSPECIFIED.,.F.,.F.,
(2,2),(-0.525,0.),.UNSPECIFIED.);
#1939=B_SPLINE_CURVE_WITH_KNOTS('',1,(#3683,#3684),.UNSPECIFIED.,.F.,.F.,
(2,2),(-0.525,0.),.UNSPECIFIED.);
#1940=B_SPLINE_CURVE_WITH_KNOTS('',1,(#3685,#3686),.UNSPECIFIED.,.F.,.F.,
(2,2),(0.,0.599999999999),.UNSPECIFIED.);
#1941=B_SPLINE_CURVE_WITH_KNOTS('',1,(#3687,#3688),.UNSPECIFIED.,.F.,.F.,
(2,2),(-0.525,0.),.UNSPECIFIED.);
#1942=B_SPLINE_CURVE_WITH_KNOTS('',1,(#3689,#3690),.UNSPECIFIED.,.F.,.F.,
(2,2),(-0.525,0.),.UNSPECIFIED.);
#1943=B_SPLINE_CURVE_WITH_KNOTS('',1,(#3691,#3692),.UNSPECIFIED.,.F.,.F.,
(2,2),(3.17348231739131,3.78369673549869),.UNSPECIFIED.);
#1944=B_SPLINE_CURVE_WITH_KNOTS('',1,(#3693,#3694),.UNSPECIFIED.,.F.,.F.,
(2,2),(-1.563267899284,0.),.UNSPECIFIED.);
#1945=B_SPLINE_CURVE_WITH_KNOTS('',1,(#3695,#3696),.UNSPECIFIED.,.F.,.F.,
(2,2),(0.,0.61021441810745),.UNSPECIFIED.);
#1946=B_SPLINE_CURVE_WITH_KNOTS('',1,(#3697,#3698),.UNSPECIFIED.,.F.,.F.,
(2,2),(0.,0.61021441810745),.UNSPECIFIED.);
#1947=B_SPLINE_CURVE_WITH_KNOTS('',1,(#3699,#3700),.UNSPECIFIED.,.F.,.F.,
(2,2),(-0.525,0.),.UNSPECIFIED.);
#1948=B_SPLINE_CURVE_WITH_KNOTS('',1,(#3701,#3702),.UNSPECIFIED.,.F.,.F.,
(2,2),(-0.525,0.),.UNSPECIFIED.);
#1949=B_SPLINE_CURVE_WITH_KNOTS('',1,(#3703,#3704),.UNSPECIFIED.,.F.,.F.,
(2,2),(0.,0.599999999999),.UNSPECIFIED.);
#1950=B_SPLINE_CURVE_WITH_KNOTS('',1,(#3705,#3706),.UNSPECIFIED.,.F.,.F.,
(2,2),(-0.525,0.),.UNSPECIFIED.);
#1951=B_SPLINE_CURVE_WITH_KNOTS('',1,(#3707,#3708),.UNSPECIFIED.,.F.,.F.,
(2,2),(-0.525,0.),.UNSPECIFIED.);
#1952=B_SPLINE_CURVE_WITH_KNOTS('',1,(#3709,#3710),.UNSPECIFIED.,.F.,.F.,
(2,2),(0.,0.61021441810745),.UNSPECIFIED.);
#1953=B_SPLINE_CURVE_WITH_KNOTS('',1,(#3711,#3712),.UNSPECIFIED.,.F.,.F.,
(2,2),(-2.563267899284,0.),.UNSPECIFIED.);
#1954=B_SPLINE_CURVE_WITH_KNOTS('',1,(#3713,#3714),.UNSPECIFIED.,.F.,.F.,
(2,2),(0.,0.610214418107379),.UNSPECIFIED.);
#1955=B_SPLINE_CURVE_WITH_KNOTS('',1,(#3715,#3716),.UNSPECIFIED.,.F.,.F.,
(2,2),(-2.649999999999,0.),.UNSPECIFIED.);
#1956=B_SPLINE_CURVE_WITH_KNOTS('',1,(#3717,#3718),.UNSPECIFIED.,.F.,.F.,
(2,2),(-2.649999999999,0.),.UNSPECIFIED.);
#1957=B_SPLINE_CURVE_WITH_KNOTS('',1,(#3719,#3720),.UNSPECIFIED.,.F.,.F.,
(2,2),(-2.380574582322,0.),.UNSPECIFIED.);
#1958=B_SPLINE_CURVE_WITH_KNOTS('',1,(#3721,#3722),.UNSPECIFIED.,.F.,.F.,
(2,2),(-1.380574582322,0.),.UNSPECIFIED.);
#1959=B_SPLINE_CURVE_WITH_KNOTS('',1,(#3723,#3724),.UNSPECIFIED.,.F.,.F.,
(2,2),(-2.380574582322,0.),.UNSPECIFIED.);
#1960=B_SPLINE_CURVE_WITH_KNOTS('',1,(#3725,#3726),.UNSPECIFIED.,.F.,.F.,
(2,2),(-1.380574582322,0.),.UNSPECIFIED.);
#1961=B_SPLINE_CURVE_WITH_KNOTS('',1,(#3727,#3728),.UNSPECIFIED.,.F.,.F.,
(2,2),(0.,1.363776159318),.UNSPECIFIED.);
#1962=B_SPLINE_CURVE_WITH_KNOTS('',1,(#3729,#3730),.UNSPECIFIED.,.F.,.F.,
(2,2),(-0.0652695302489998,0.),.UNSPECIFIED.);
#1963=B_SPLINE_CURVE_WITH_KNOTS('',1,(#3731,#3732),.UNSPECIFIED.,.F.,.F.,
(2,2),(-1.363776159318,0.),.UNSPECIFIED.);
#1964=B_SPLINE_CURVE_WITH_KNOTS('',1,(#3733,#3734),.UNSPECIFIED.,.F.,.F.,
(2,2),(-0.0652695302489998,0.),.UNSPECIFIED.);
#1965=B_SPLINE_CURVE_WITH_KNOTS('',1,(#3735,#3736),.UNSPECIFIED.,.F.,.F.,
(2,2),(-2.649999999999,0.),.UNSPECIFIED.);
#1966=B_SPLINE_CURVE_WITH_KNOTS('',1,(#3737,#3738),.UNSPECIFIED.,.F.,.F.,
(2,2),(-0.100000000001,0.),.UNSPECIFIED.);
#1967=B_SPLINE_CURVE_WITH_KNOTS('',1,(#3739,#3740),.UNSPECIFIED.,.F.,.F.,
(2,2),(-0.100000000001,0.),.UNSPECIFIED.);
#1968=B_SPLINE_CURVE_WITH_KNOTS('',1,(#3741,#3742),.UNSPECIFIED.,.F.,.F.,
(2,2),(-2.649999999999,0.),.UNSPECIFIED.);
#1969=B_SPLINE_CURVE_WITH_KNOTS('',1,(#3743,#3744),.UNSPECIFIED.,.F.,.F.,
(2,2),(0.,0.100000000001),.UNSPECIFIED.);
#1970=B_SPLINE_CURVE_WITH_KNOTS('',1,(#3745,#3746),.UNSPECIFIED.,.F.,.F.,
(2,2),(0.,0.100000000001),.UNSPECIFIED.);
#1971=B_SPLINE_CURVE_WITH_KNOTS('',1,(#3747,#3748),.UNSPECIFIED.,.F.,.F.,
(2,2),(-2.649999999999,0.),.UNSPECIFIED.);
#1972=B_SPLINE_CURVE_WITH_KNOTS('',1,(#3749,#3750),.UNSPECIFIED.,.F.,.F.,
(2,2),(-0.100000000001,0.),.UNSPECIFIED.);
#1973=B_SPLINE_CURVE_WITH_KNOTS('',1,(#3751,#3752),.UNSPECIFIED.,.F.,.F.,
(2,2),(-0.100000000001,0.),.UNSPECIFIED.);
#1974=B_SPLINE_CURVE_WITH_KNOTS('',1,(#3753,#3754),.UNSPECIFIED.,.F.,.F.,
(2,2),(3.78369673549869,6.43369673549769),.UNSPECIFIED.);
#1975=B_SPLINE_CURVE_WITH_KNOTS('',1,(#3755,#3756),.UNSPECIFIED.,.F.,.F.,
(2,2),(0.,0.100000000001),.UNSPECIFIED.);
#1976=B_SPLINE_CURVE_WITH_KNOTS('',1,(#3757,#3758),.UNSPECIFIED.,.F.,.F.,
(2,2),(0.,0.100000000001),.UNSPECIFIED.);
#1977=B_SPLINE_CURVE_WITH_KNOTS('',1,(#3759,#3760),.UNSPECIFIED.,.F.,.F.,
(2,2),(-0.525,0.),.UNSPECIFIED.);
#1978=B_SPLINE_CURVE_WITH_KNOTS('',1,(#3761,#3762),.UNSPECIFIED.,.F.,.F.,
(2,2),(0.,0.100000000001),.UNSPECIFIED.);
#1979=B_SPLINE_CURVE_WITH_KNOTS('',1,(#3763,#3764),.UNSPECIFIED.,.F.,.F.,
(2,2),(-0.525,0.),.UNSPECIFIED.);
#1980=B_SPLINE_CURVE_WITH_KNOTS('',1,(#3765,#3766),.UNSPECIFIED.,.F.,.F.,
(2,2),(0.,0.100000000001),.UNSPECIFIED.);
#1981=B_SPLINE_CURVE_WITH_KNOTS('',1,(#3767,#3768),.UNSPECIFIED.,.F.,.F.,
(2,2),(-0.525,0.),.UNSPECIFIED.);
#1982=B_SPLINE_CURVE_WITH_KNOTS('',1,(#3769,#3770),.UNSPECIFIED.,.F.,.F.,
(2,2),(-0.100000000001,0.),.UNSPECIFIED.);
#1983=B_SPLINE_CURVE_WITH_KNOTS('',1,(#3771,#3772),.UNSPECIFIED.,.F.,.F.,
(2,2),(-0.525,0.),.UNSPECIFIED.);
#1984=B_SPLINE_CURVE_WITH_KNOTS('',1,(#3773,#3774),.UNSPECIFIED.,.F.,.F.,
(2,2),(0.,0.100000000001),.UNSPECIFIED.);
#1985=B_SPLINE_CURVE_WITH_KNOTS('',1,(#3775,#3776),.UNSPECIFIED.,.F.,.F.,
(2,2),(-0.525,0.),.UNSPECIFIED.);
#1986=B_SPLINE_CURVE_WITH_KNOTS('',1,(#3777,#3778),.UNSPECIFIED.,.F.,.F.,
(2,2),(0.,0.100000000001),.UNSPECIFIED.);
#1987=B_SPLINE_CURVE_WITH_KNOTS('',1,(#3779,#3780),.UNSPECIFIED.,.F.,.F.,
(2,2),(-0.525,0.),.UNSPECIFIED.);
#1988=B_SPLINE_CURVE_WITH_KNOTS('',1,(#3781,#3782),.UNSPECIFIED.,.F.,.F.,
(2,2),(0.,0.100000000001),.UNSPECIFIED.);
#1989=B_SPLINE_CURVE_WITH_KNOTS('',1,(#3783,#3784),.UNSPECIFIED.,.F.,.F.,
(2,2),(-0.525,0.),.UNSPECIFIED.);
#1990=B_SPLINE_CURVE_WITH_KNOTS('',1,(#3785,#3786),.UNSPECIFIED.,.F.,.F.,
(2,2),(-0.100000000001,0.),.UNSPECIFIED.);
#1991=B_SPLINE_CURVE_WITH_KNOTS('',1,(#3787,#3788),.UNSPECIFIED.,.F.,.F.,
(2,2),(-0.525,0.),.UNSPECIFIED.);
#1992=B_SPLINE_CURVE_WITH_KNOTS('',1,(#3789,#3790),.UNSPECIFIED.,.F.,.F.,
(2,2),(0.,0.100000000001),.UNSPECIFIED.);
#1993=B_SPLINE_CURVE_WITH_KNOTS('',1,(#3791,#3792),.UNSPECIFIED.,.F.,.F.,
(2,2),(0.,1.363776159318),.UNSPECIFIED.);
#1994=B_SPLINE_CURVE_WITH_KNOTS('',1,(#3793,#3794),.UNSPECIFIED.,.F.,.F.,
(2,2),(-1.999251451432,0.),.UNSPECIFIED.);
#1995=B_SPLINE_CURVE_WITH_KNOTS('',1,(#3795,#3796),.UNSPECIFIED.,.F.,.F.,
(2,2),(-1.363776159318,0.),.UNSPECIFIED.);
#1996=B_SPLINE_CURVE_WITH_KNOTS('',1,(#3797,#3798),.UNSPECIFIED.,.F.,.F.,
(2,2),(-1.999251451432,0.),.UNSPECIFIED.);
#1997=VERTEX_POINT('',#2647);
#1998=VERTEX_POINT('',#2648);
#1999=VERTEX_POINT('',#2649);
#2000=VERTEX_POINT('',#2650);
#2001=VERTEX_POINT('',#2651);
#2002=VERTEX_POINT('',#2652);
#2003=VERTEX_POINT('',#2653);
#2004=VERTEX_POINT('',#2654);
#2005=VERTEX_POINT('',#2655);
#2006=VERTEX_POINT('',#2656);
#2007=VERTEX_POINT('',#2657);
#2008=VERTEX_POINT('',#2658);
#2009=VERTEX_POINT('',#2659);
#2010=VERTEX_POINT('',#2660);
#2011=VERTEX_POINT('',#2661);
#2012=VERTEX_POINT('',#2662);
#2013=VERTEX_POINT('',#2663);
#2014=VERTEX_POINT('',#2664);
#2015=VERTEX_POINT('',#2665);
#2016=VERTEX_POINT('',#2666);
#2017=VERTEX_POINT('',#2667);
#2018=VERTEX_POINT('',#2668);
#2019=VERTEX_POINT('',#2669);
#2020=VERTEX_POINT('',#2670);
#2021=VERTEX_POINT('',#2671);
#2022=VERTEX_POINT('',#2672);
#2023=VERTEX_POINT('',#2673);
#2024=VERTEX_POINT('',#2674);
#2025=VERTEX_POINT('',#2675);
#2026=VERTEX_POINT('',#2676);
#2027=VERTEX_POINT('',#2677);
#2028=VERTEX_POINT('',#2678);
#2029=VERTEX_POINT('',#2679);
#2030=VERTEX_POINT('',#2680);
#2031=VERTEX_POINT('',#2681);
#2032=VERTEX_POINT('',#2682);
#2033=VERTEX_POINT('',#2683);
#2034=VERTEX_POINT('',#2684);
#2035=VERTEX_POINT('',#2685);
#2036=VERTEX_POINT('',#2686);
#2037=VERTEX_POINT('',#2687);
#2038=VERTEX_POINT('',#2688);
#2039=VERTEX_POINT('',#2689);
#2040=VERTEX_POINT('',#2690);
#2041=VERTEX_POINT('',#2691);
#2042=VERTEX_POINT('',#2692);
#2043=VERTEX_POINT('',#2693);
#2044=VERTEX_POINT('',#2694);
#2045=VERTEX_POINT('',#2695);
#2046=VERTEX_POINT('',#2696);
#2047=VERTEX_POINT('',#2697);
#2048=VERTEX_POINT('',#2698);
#2049=VERTEX_POINT('',#2699);
#2050=VERTEX_POINT('',#2700);
#2051=VERTEX_POINT('',#2701);
#2052=VERTEX_POINT('',#2702);
#2053=VERTEX_POINT('',#2703);
#2054=VERTEX_POINT('',#2704);
#2055=VERTEX_POINT('',#2705);
#2056=VERTEX_POINT('',#2706);
#2057=VERTEX_POINT('',#2707);
#2058=VERTEX_POINT('',#2708);
#2059=VERTEX_POINT('',#2709);
#2060=VERTEX_POINT('',#2710);
#2061=VERTEX_POINT('',#2711);
#2062=VERTEX_POINT('',#2712);
#2063=VERTEX_POINT('',#2713);
#2064=VERTEX_POINT('',#2714);
#2065=VERTEX_POINT('',#2715);
#2066=VERTEX_POINT('',#2716);
#2067=VERTEX_POINT('',#2717);
#2068=VERTEX_POINT('',#2718);
#2069=VERTEX_POINT('',#2719);
#2070=VERTEX_POINT('',#2720);
#2071=VERTEX_POINT('',#2721);
#2072=VERTEX_POINT('',#2722);
#2073=VERTEX_POINT('',#2723);
#2074=VERTEX_POINT('',#2724);
#2075=VERTEX_POINT('',#2725);
#2076=VERTEX_POINT('',#2726);
#2077=VERTEX_POINT('',#2727);
#2078=VERTEX_POINT('',#2728);
#2079=VERTEX_POINT('',#2729);
#2080=VERTEX_POINT('',#2730);
#2081=VERTEX_POINT('',#2731);
#2082=VERTEX_POINT('',#2732);
#2083=VERTEX_POINT('',#2733);
#2084=VERTEX_POINT('',#2734);
#2085=(
BOUNDED_SURFACE()
B_SPLINE_SURFACE(2,1,((#2311,#2312),(#2313,#2314),(#2315,#2316),(#2317,
#2318),(#2319,#2320),(#2321,#2322),(#2323,#2324),(#2325,#2326),(#2327,#2328)),
 .UNSPECIFIED.,.T.,.F.,.F.)
B_SPLINE_SURFACE_WITH_KNOTS((3,2,2,2,3),(2,2),(0.,1.5707963267949,3.14159265358979,
4.71238898038469,6.28318530717959),(0.,0.7223999999988),.UNSPECIFIED.)
GEOMETRIC_REPRESENTATION_ITEM()
RATIONAL_B_SPLINE_SURFACE(((1.,1.),(0.707106781186548,0.707106781186548),
(1.,1.),(0.707106781186548,0.707106781186548),(1.,1.),(0.707106781186548,
0.707106781186548),(1.,1.),(0.707106781186548,0.707106781186548),(1.,1.)))
REPRESENTATION_ITEM('')
SURFACE()
);
#2086=(
BOUNDED_SURFACE()
B_SPLINE_SURFACE(1,2,((#2330,#2331,#2332,#2333,#2334,#2335,#2336,#2337,
#2338),(#2339,#2340,#2341,#2342,#2343,#2344,#2345,#2346,#2347)),
 .UNSPECIFIED.,.F.,.F.,.F.)
B_SPLINE_SURFACE_WITH_KNOTS((2,2),(3,2,2,2,3),(0.,0.7223999999988),(0.,
1.5707963267949,3.14159265358979,4.71238898038469,6.28318530717959),
 .UNSPECIFIED.)
GEOMETRIC_REPRESENTATION_ITEM()
RATIONAL_B_SPLINE_SURFACE(((1.,0.707106781186548,1.,0.707106781186548,1.,
0.707106781186548,1.,0.707106781186548,1.),(1.,0.707106781186548,1.,0.707106781186548,
1.,0.707106781186548,1.,0.707106781186548,1.)))
REPRESENTATION_ITEM('')
SURFACE()
);
#2087=(
BOUNDED_SURFACE()
B_SPLINE_SURFACE(1,2,((#2353,#2354,#2355,#2356,#2357,#2358,#2359,#2360,
#2361),(#2362,#2363,#2364,#2365,#2366,#2367,#2368,#2369,#2370)),
 .UNSPECIFIED.,.F.,.F.,.F.)
B_SPLINE_SURFACE_WITH_KNOTS((2,2),(3,2,2,2,3),(0.,0.7223999999988),(0.,
1.5707963267949,3.14159265358979,4.71238898038469,6.28318530717959),
 .UNSPECIFIED.)
GEOMETRIC_REPRESENTATION_ITEM()
RATIONAL_B_SPLINE_SURFACE(((1.,0.707106781186548,1.,0.707106781186548,1.,
0.707106781186548,1.,0.707106781186548,1.),(1.,0.707106781186548,1.,0.707106781186548,
1.,0.707106781186548,1.,0.707106781186548,1.)))
REPRESENTATION_ITEM('')
SURFACE()
);
#2088=(
BOUNDED_SURFACE()
B_SPLINE_SURFACE(2,1,((#2372,#2373),(#2374,#2375),(#2376,#2377),(#2378,
#2379),(#2380,#2381),(#2382,#2383),(#2384,#2385),(#2386,#2387),(#2388,#2389)),
 .UNSPECIFIED.,.T.,.F.,.F.)
B_SPLINE_SURFACE_WITH_KNOTS((3,2,2,2,3),(2,2),(0.,1.5707963267949,3.14159265358979,
4.71238898038469,6.28318530717959),(0.,0.7223999999988),.UNSPECIFIED.)
GEOMETRIC_REPRESENTATION_ITEM()
RATIONAL_B_SPLINE_SURFACE(((1.,1.),(0.707106781186548,0.707106781186548),
(1.,1.),(0.707106781186548,0.707106781186548),(1.,1.),(0.707106781186548,
0.707106781186548),(1.,1.),(0.707106781186548,0.707106781186548),(1.,1.)))
REPRESENTATION_ITEM('')
SURFACE()
);
#2089=(
BOUNDED_SURFACE()
B_SPLINE_SURFACE(1,2,((#2402,#2403,#2404,#2405,#2406,#2407,#2408,#2409,
#2410),(#2411,#2412,#2413,#2414,#2415,#2416,#2417,#2418,#2419)),
 .UNSPECIFIED.,.F.,.F.,.F.)
B_SPLINE_SURFACE_WITH_KNOTS((2,2),(3,2,2,2,3),(0.,0.7223999999988),(0.,
1.5707963267949,3.14159265358979,4.71238898038469,6.28318530717959),
 .UNSPECIFIED.)
GEOMETRIC_REPRESENTATION_ITEM()
RATIONAL_B_SPLINE_SURFACE(((1.,0.707106781186548,1.,0.707106781186548,1.,
0.707106781186548,1.,0.707106781186548,1.),(1.,0.707106781186548,1.,0.707106781186548,
1.,0.707106781186548,1.,0.707106781186548,1.)))
REPRESENTATION_ITEM('')
SURFACE()
);
#2090=(
BOUNDED_SURFACE()
B_SPLINE_SURFACE(2,1,((#2421,#2422),(#2423,#2424),(#2425,#2426),(#2427,
#2428),(#2429,#2430),(#2431,#2432),(#2433,#2434),(#2435,#2436),(#2437,#2438)),
 .UNSPECIFIED.,.T.,.F.,.F.)
B_SPLINE_SURFACE_WITH_KNOTS((3,2,2,2,3),(2,2),(0.,1.5707963267949,3.14159265358979,
4.71238898038469,6.28318530717959),(0.,0.7223999999988),.UNSPECIFIED.)
GEOMETRIC_REPRESENTATION_ITEM()
RATIONAL_B_SPLINE_SURFACE(((1.,1.),(0.707106781186548,0.707106781186548),
(1.,1.),(0.707106781186548,0.707106781186548),(1.,1.),(0.707106781186548,
0.707106781186548),(1.,1.),(0.707106781186548,0.707106781186548),(1.,1.)))
REPRESENTATION_ITEM('')
SURFACE()
);
#2091=(
BOUNDED_SURFACE()
B_SPLINE_SURFACE(2,1,((#2444,#2445),(#2446,#2447),(#2448,#2449),(#2450,
#2451),(#2452,#2453),(#2454,#2455),(#2456,#2457),(#2458,#2459),(#2460,#2461)),
 .UNSPECIFIED.,.T.,.F.,.F.)
B_SPLINE_SURFACE_WITH_KNOTS((3,2,2,2,3),(2,2),(0.,1.5707963267949,3.14159265358979,
4.71238898038469,6.28318530717959),(0.,0.7223999999988),.UNSPECIFIED.)
GEOMETRIC_REPRESENTATION_ITEM()
RATIONAL_B_SPLINE_SURFACE(((1.,1.),(0.707106781186548,0.707106781186548),
(1.,1.),(0.707106781186548,0.707106781186548),(1.,1.),(0.707106781186548,
0.707106781186548),(1.,1.),(0.707106781186548,0.707106781186548),(1.,1.)))
REPRESENTATION_ITEM('')
SURFACE()
);
#2092=(
BOUNDED_SURFACE()
B_SPLINE_SURFACE(1,2,((#2463,#2464,#2465,#2466,#2467,#2468,#2469,#2470,
#2471),(#2472,#2473,#2474,#2475,#2476,#2477,#2478,#2479,#2480)),
 .UNSPECIFIED.,.F.,.F.,.F.)
B_SPLINE_SURFACE_WITH_KNOTS((2,2),(3,2,2,2,3),(0.,0.7223999999988),(0.,
1.5707963267949,3.14159265358979,4.71238898038469,6.28318530717959),
 .UNSPECIFIED.)
GEOMETRIC_REPRESENTATION_ITEM()
RATIONAL_B_SPLINE_SURFACE(((1.,0.707106781186548,1.,0.707106781186548,1.,
0.707106781186548,1.,0.707106781186548,1.),(1.,0.707106781186548,1.,0.707106781186548,
1.,0.707106781186548,1.,0.707106781186548,1.)))
REPRESENTATION_ITEM('')
SURFACE()
);
#2093=(
BOUNDED_SURFACE()
B_SPLINE_SURFACE(2,1,((#2487,#2488),(#2489,#2490),(#2491,#2492),(#2493,
#2494),(#2495,#2496),(#2497,#2498),(#2499,#2500),(#2501,#2502),(#2503,#2504)),
 .UNSPECIFIED.,.T.,.F.,.F.)
B_SPLINE_SURFACE_WITH_KNOTS((3,2,2,2,3),(2,2),(0.,1.5707963267949,3.14159265358979,
4.71238898038469,6.28318530717959),(0.,3.0783214791408),.UNSPECIFIED.)
GEOMETRIC_REPRESENTATION_ITEM()
RATIONAL_B_SPLINE_SURFACE(((1.,1.),(0.707106781186548,0.707106781186548),
(1.,1.),(0.707106781186548,0.707106781186548),(1.,1.),(0.707106781186548,
0.707106781186548),(1.,1.),(0.707106781186548,0.707106781186548),(1.,1.)))
REPRESENTATION_ITEM('')
SURFACE()
);
#2094=(
BOUNDED_SURFACE()
B_SPLINE_SURFACE(2,1,((#2505,#2506),(#2507,#2508),(#2509,#2510),(#2511,
#2512),(#2513,#2514),(#2515,#2516),(#2517,#2518),(#2519,#2520),(#2521,#2522)),
 .UNSPECIFIED.,.T.,.F.,.F.)
B_SPLINE_SURFACE_WITH_KNOTS((3,2,2,2,3),(2,2),(0.,1.5707963267949,3.14159265358979,
4.71238898038469,6.28318530717959),(0.,1.8783214791408),.UNSPECIFIED.)
GEOMETRIC_REPRESENTATION_ITEM()
RATIONAL_B_SPLINE_SURFACE(((1.,1.),(0.707106781186548,0.707106781186548),
(1.,1.),(0.707106781186548,0.707106781186548),(1.,1.),(0.707106781186548,
0.707106781186548),(1.,1.),(0.707106781186548,0.707106781186548),(1.,1.)))
REPRESENTATION_ITEM('')
SURFACE()
);
#2095=(
BOUNDED_SURFACE()
B_SPLINE_SURFACE(2,1,((#2523,#2524),(#2525,#2526),(#2527,#2528),(#2529,
#2530),(#2531,#2532),(#2533,#2534),(#2535,#2536),(#2537,#2538),(#2539,#2540)),
 .UNSPECIFIED.,.T.,.F.,.F.)
B_SPLINE_SURFACE_WITH_KNOTS((3,2,2,2,3),(2,2),(0.,1.5707963267949,3.14159265358979,
4.71238898038469,6.28318530717959),(0.,1.8783214791408),.UNSPECIFIED.)
GEOMETRIC_REPRESENTATION_ITEM()
RATIONAL_B_SPLINE_SURFACE(((1.,1.),(0.707106781186548,0.707106781186548),
(1.,1.),(0.707106781186548,0.707106781186548),(1.,1.),(0.707106781186548,
0.707106781186548),(1.,1.),(0.707106781186548,0.707106781186548),(1.,1.)))
REPRESENTATION_ITEM('')
SURFACE()
);
#2096=(
BOUNDED_SURFACE()
B_SPLINE_SURFACE(2,1,((#2541,#2542),(#2543,#2544),(#2545,#2546),(#2547,
#2548),(#2549,#2550),(#2551,#2552),(#2553,#2554),(#2555,#2556),(#2557,#2558)),
 .UNSPECIFIED.,.T.,.F.,.F.)
B_SPLINE_SURFACE_WITH_KNOTS((3,2,2,2,3),(2,2),(0.,1.5707963267949,3.14159265358979,
4.71238898038469,6.28318530717959),(0.,3.0783214791408),.UNSPECIFIED.)
GEOMETRIC_REPRESENTATION_ITEM()
RATIONAL_B_SPLINE_SURFACE(((1.,1.),(0.707106781186548,0.707106781186548),
(1.,1.),(0.707106781186548,0.707106781186548),(1.,1.),(0.707106781186548,
0.707106781186548),(1.,1.),(0.707106781186548,0.707106781186548),(1.,1.)))
REPRESENTATION_ITEM('')
SURFACE()
);
#2097=(
BOUNDED_SURFACE()
B_SPLINE_SURFACE(2,1,((#2559,#2560),(#2561,#2562),(#2563,#2564),(#2565,
#2566),(#2567,#2568),(#2569,#2570),(#2571,#2572),(#2573,#2574),(#2575,#2576)),
 .UNSPECIFIED.,.T.,.F.,.F.)
B_SPLINE_SURFACE_WITH_KNOTS((3,2,2,2,3),(2,2),(0.,1.5707963267949,3.14159265358979,
4.71238898038469,6.28318530717959),(0.,3.0958240405056),.UNSPECIFIED.)
GEOMETRIC_REPRESENTATION_ITEM()
RATIONAL_B_SPLINE_SURFACE(((1.,1.),(0.707106781186548,0.707106781186548),
(1.,1.),(0.707106781186548,0.707106781186548),(1.,1.),(0.707106781186548,
0.707106781186548),(1.,1.),(0.707106781186548,0.707106781186548),(1.,1.)))
REPRESENTATION_ITEM('')
SURFACE()
);
#2098=(
BOUNDED_SURFACE()
B_SPLINE_SURFACE(2,1,((#2577,#2578),(#2579,#2580),(#2581,#2582),(#2583,
#2584),(#2585,#2586),(#2587,#2588),(#2589,#2590),(#2591,#2592),(#2593,#2594)),
 .UNSPECIFIED.,.T.,.F.,.F.)
B_SPLINE_SURFACE_WITH_KNOTS((3,2,2,2,3),(2,2),(0.,1.5707963267949,3.14159265358979,
4.71238898038469,6.28318530717959),(0.,1.8958240405056),.UNSPECIFIED.)
GEOMETRIC_REPRESENTATION_ITEM()
RATIONAL_B_SPLINE_SURFACE(((1.,1.),(0.707106781186548,0.707106781186548),
(1.,1.),(0.707106781186548,0.707106781186548),(1.,1.),(0.707106781186548,
0.707106781186548),(1.,1.),(0.707106781186548,0.707106781186548),(1.,1.)))
REPRESENTATION_ITEM('')
SURFACE()
);
#2099=(
BOUNDED_SURFACE()
B_SPLINE_SURFACE(2,1,((#2595,#2596),(#2597,#2598),(#2599,#2600),(#2601,
#2602),(#2603,#2604),(#2605,#2606),(#2607,#2608),(#2609,#2610),(#2611,#2612)),
 .UNSPECIFIED.,.T.,.F.,.F.)
B_SPLINE_SURFACE_WITH_KNOTS((3,2,2,2,3),(2,2),(0.,1.5707963267949,3.14159265358979,
4.71238898038469,6.28318530717959),(0.,1.8958240405056),.UNSPECIFIED.)
GEOMETRIC_REPRESENTATION_ITEM()
RATIONAL_B_SPLINE_SURFACE(((1.,1.),(0.707106781186548,0.707106781186548),
(1.,1.),(0.707106781186548,0.707106781186548),(1.,1.),(0.707106781186548,
0.707106781186548),(1.,1.),(0.707106781186548,0.707106781186548),(1.,1.)))
REPRESENTATION_ITEM('')
SURFACE()
);
#2100=(
BOUNDED_SURFACE()
B_SPLINE_SURFACE(2,1,((#2613,#2614),(#2615,#2616),(#2617,#2618),(#2619,
#2620),(#2621,#2622),(#2623,#2624),(#2625,#2626),(#2627,#2628),(#2629,#2630)),
 .UNSPECIFIED.,.T.,.F.,.F.)
B_SPLINE_SURFACE_WITH_KNOTS((3,2,2,2,3),(2,2),(0.,1.5707963267949,3.14159265358979,
4.71238898038469,6.28318530717959),(0.,3.0958240405056),.UNSPECIFIED.)
GEOMETRIC_REPRESENTATION_ITEM()
RATIONAL_B_SPLINE_SURFACE(((1.,1.),(0.707106781186548,0.707106781186548),
(1.,1.),(0.707106781186548,0.707106781186548),(1.,1.),(0.707106781186548,
0.707106781186548),(1.,1.),(0.707106781186548,0.707106781186548),(1.,1.)))
REPRESENTATION_ITEM('')
SURFACE()
);
#2101=PLANE('',#2179);
#2102=PLANE('',#2180);
#2103=PLANE('',#2181);
#2104=PLANE('',#2182);
#2105=PLANE('',#2183);
#2106=PLANE('',#2184);
#2107=PLANE('',#2185);
#2108=PLANE('',#2186);
#2109=PLANE('',#2187);
#2110=PLANE('',#2188);
#2111=PLANE('',#2189);
#2112=PLANE('',#2190);
#2113=PLANE('',#2191);
#2114=PLANE('',#2192);
#2115=PLANE('',#2193);
#2116=PLANE('',#2194);
#2117=PLANE('',#2195);
#2118=PLANE('',#2196);
#2119=PLANE('',#2197);
#2120=PLANE('',#2198);
#2121=PLANE('',#2199);
#2122=PLANE('',#2200);
#2123=PLANE('',#2201);
#2124=PLANE('',#2202);
#2125=PLANE('',#2203);
#2126=PLANE('',#2204);
#2127=PLANE('',#2205);
#2128=PLANE('',#2206);
#2129=PLANE('',#2207);
#2130=PLANE('',#2208);
#2131=PLANE('',#2209);
#2132=PLANE('',#2210);
#2133=PLANE('',#2211);
#2134=PLANE('',#2212);
#2135=PLANE('',#2213);
#2136=PLANE('',#2214);
#2137=PLANE('',#2215);
#2138=PLANE('',#2216);
#2139=PLANE('',#2217);
#2140=PLANE('',#2218);
#2141=PLANE('',#2219);
#2142=PLANE('',#2220);
#2143=PLANE('',#2221);
#2144=PLANE('',#2222);
#2145=PLANE('',#2223);
#2146=PLANE('',#2224);
#2147=PLANE('',#2225);
#2148=PLANE('',#2226);
#2149=PLANE('',#2227);
#2150=PLANE('',#2228);
#2151=PLANE('',#2229);
#2152=PLANE('',#2230);
#2153=PLANE('',#2231);
#2154=PLANE('',#2232);
#2155=PLANE('',#2233);
#2156=PLANE('',#2234);
#2157=PLANE('',#2235);
#2158=PLANE('',#2236);
#2159=SHAPE_DEFINITION_REPRESENTATION(#2160,#2177);
#2160=PRODUCT_DEFINITION_SHAPE('Document','',#2162);
#2161=PRODUCT_DEFINITION_CONTEXT('3D Mechanical Parts',#2166,'design');
#2162=PRODUCT_DEFINITION('A','First version',#2163,#2161);
#2163=PRODUCT_DEFINITION_FORMATION_WITH_SPECIFIED_SOURCE('A',
'First version',#2168,.MADE.);
#2164=PRODUCT_RELATED_PRODUCT_CATEGORY('tool','tool',(#2168));
#2165=APPLICATION_PROTOCOL_DEFINITION('Draft International Standard',
'automotive_design',1999,#2166);
#2166=APPLICATION_CONTEXT(
'data for automotive mechanical design processes');
#2167=PRODUCT_CONTEXT('3D Mechanical Parts',#2166,'mechanical');
#2168=PRODUCT('Document','Document','Rhino converted to STEP',(#2167));
#2169=(
LENGTH_UNIT()
NAMED_UNIT(*)
SI_UNIT(.MILLI.,.METRE.)
);
#2170=(
NAMED_UNIT(*)
PLANE_ANGLE_UNIT()
SI_UNIT($,.RADIAN.)
);
#2171=DIMENSIONAL_EXPONENTS(0.,0.,0.,0.,0.,0.,0.);
#2172=PLANE_ANGLE_MEASURE_WITH_UNIT(PLANE_ANGLE_MEASURE(0.01745329252),
#2170);
#2173=(
CONVERSION_BASED_UNIT('DEGREES',#2172)
NAMED_UNIT(#2171)
PLANE_ANGLE_UNIT()
);
#2174=(
NAMED_UNIT(*)
SI_UNIT($,.STERADIAN.)
SOLID_ANGLE_UNIT()
);
#2175=UNCERTAINTY_MEASURE_WITH_UNIT(LENGTH_MEASURE(0.0001),#2169,
'DISTANCE_ACCURACY_VALUE',
'Maximum model space distance between geometric entities at asserted c
onnectivities');
#2176=(
GEOMETRIC_REPRESENTATION_CONTEXT(3)
GLOBAL_UNCERTAINTY_ASSIGNED_CONTEXT((#2175))
GLOBAL_UNIT_ASSIGNED_CONTEXT((#2174,#2173,#2169))
REPRESENTATION_CONTEXT('ID1','3D')
);
#2177=SHAPE_REPRESENTATION('Document',(#2178,#2237),#2176);
#2178=AXIS2_PLACEMENT_3D('',#2300,#2238,#2239);
#2179=AXIS2_PLACEMENT_3D('',#2301,#2240,$);
#2180=AXIS2_PLACEMENT_3D('',#2302,#2241,$);
#2181=AXIS2_PLACEMENT_3D('',#2303,#2242,$);
#2182=AXIS2_PLACEMENT_3D('',#2304,#2243,$);
#2183=AXIS2_PLACEMENT_3D('',#2305,#2244,$);
#2184=AXIS2_PLACEMENT_3D('',#2306,#2245,$);
#2185=AXIS2_PLACEMENT_3D('',#2307,#2246,$);
#2186=AXIS2_PLACEMENT_3D('',#2308,#2247,$);
#2187=AXIS2_PLACEMENT_3D('',#2309,#2248,$);
#2188=AXIS2_PLACEMENT_3D('',#2310,#2249,$);
#2189=AXIS2_PLACEMENT_3D('',#2329,#2250,$);
#2190=AXIS2_PLACEMENT_3D('',#2348,#2251,$);
#2191=AXIS2_PLACEMENT_3D('',#2349,#2252,$);
#2192=AXIS2_PLACEMENT_3D('',#2350,#2253,$);
#2193=AXIS2_PLACEMENT_3D('',#2351,#2254,$);
#2194=AXIS2_PLACEMENT_3D('',#2352,#2255,$);
#2195=AXIS2_PLACEMENT_3D('',#2371,#2256,$);
#2196=AXIS2_PLACEMENT_3D('',#2390,#2257,$);
#2197=AXIS2_PLACEMENT_3D('',#2391,#2258,$);
#2198=AXIS2_PLACEMENT_3D('',#2392,#2259,$);
#2199=AXIS2_PLACEMENT_3D('',#2393,#2260,$);
#2200=AXIS2_PLACEMENT_3D('',#2394,#2261,$);
#2201=AXIS2_PLACEMENT_3D('',#2395,#2262,$);
#2202=AXIS2_PLACEMENT_3D('',#2396,#2263,$);
#2203=AXIS2_PLACEMENT_3D('',#2397,#2264,$);
#2204=AXIS2_PLACEMENT_3D('',#2398,#2265,$);
#2205=AXIS2_PLACEMENT_3D('',#2399,#2266,$);
#2206=AXIS2_PLACEMENT_3D('',#2400,#2267,$);
#2207=AXIS2_PLACEMENT_3D('',#2401,#2268,$);
#2208=AXIS2_PLACEMENT_3D('',#2420,#2269,$);
#2209=AXIS2_PLACEMENT_3D('',#2439,#2270,$);
#2210=AXIS2_PLACEMENT_3D('',#2440,#2271,$);
#2211=AXIS2_PLACEMENT_3D('',#2441,#2272,$);
#2212=AXIS2_PLACEMENT_3D('',#2442,#2273,$);
#2213=AXIS2_PLACEMENT_3D('',#2443,#2274,$);
#2214=AXIS2_PLACEMENT_3D('',#2462,#2275,$);
#2215=AXIS2_PLACEMENT_3D('',#2481,#2276,$);
#2216=AXIS2_PLACEMENT_3D('',#2482,#2277,$);
#2217=AXIS2_PLACEMENT_3D('',#2483,#2278,$);
#2218=AXIS2_PLACEMENT_3D('',#2484,#2279,$);
#2219=AXIS2_PLACEMENT_3D('',#2485,#2280,$);
#2220=AXIS2_PLACEMENT_3D('',#2486,#2281,$);
#2221=AXIS2_PLACEMENT_3D('',#2631,#2282,$);
#2222=AXIS2_PLACEMENT_3D('',#2632,#2283,$);
#2223=AXIS2_PLACEMENT_3D('',#2633,#2284,$);
#2224=AXIS2_PLACEMENT_3D('',#2634,#2285,$);
#2225=AXIS2_PLACEMENT_3D('',#2635,#2286,$);
#2226=AXIS2_PLACEMENT_3D('',#2636,#2287,$);
#2227=AXIS2_PLACEMENT_3D('',#2637,#2288,$);
#2228=AXIS2_PLACEMENT_3D('',#2638,#2289,$);
#2229=AXIS2_PLACEMENT_3D('',#2639,#2290,$);
#2230=AXIS2_PLACEMENT_3D('',#2640,#2291,$);
#2231=AXIS2_PLACEMENT_3D('',#2641,#2292,$);
#2232=AXIS2_PLACEMENT_3D('',#2642,#2293,$);
#2233=AXIS2_PLACEMENT_3D('',#2643,#2294,$);
#2234=AXIS2_PLACEMENT_3D('',#2644,#2295,$);
#2235=AXIS2_PLACEMENT_3D('',#2645,#2296,$);
#2236=AXIS2_PLACEMENT_3D('',#2646,#2297,$);
#2237=AXIS2_PLACEMENT_3D('',#3799,#2298,#2299);
#2238=DIRECTION('',(0.,0.,1.));
#2239=DIRECTION('',(1.,0.,0.));
#2240=DIRECTION('',(-0.997458699830754,6.92126009165485E-18,-0.0712470499876394));
#2241=DIRECTION('',(0.,0.,-1.));
#2242=DIRECTION('',(0.,-1.,0.));
#2243=DIRECTION('',(0.,1.,0.));
#2244=DIRECTION('',(0.,1.,0.));
#2245=DIRECTION('',(0.,-1.,0.));
#2246=DIRECTION('',(0.,0.,-1.));
#2247=DIRECTION('',(1.,0.,0.));
#2248=DIRECTION('',(0.,0.,1.));
#2249=DIRECTION('',(-1.,0.,0.));
#2250=DIRECTION('',(1.,0.,0.));
#2251=DIRECTION('',(-1.,0.,0.));
#2252=DIRECTION('',(1.65899743624653E-16,-0.996194698091797,-0.0871557427470697));
#2253=DIRECTION('',(1.,0.,0.));
#2254=DIRECTION('',(1.93549700895428E-16,0.996194698091797,0.0871557427470697));
#2255=DIRECTION('',(-1.,0.,0.));
#2256=DIRECTION('',(1.,0.,0.));
#2257=DIRECTION('',(-1.,0.,0.));
#2258=DIRECTION('',(0.,0.,-1.));
#2259=DIRECTION('',(1.,0.,0.));
#2260=DIRECTION('',(0.,0.,1.));
#2261=DIRECTION('',(-1.,0.,0.));
#2262=DIRECTION('',(0.,1.,0.));
#2263=DIRECTION('',(0.,-1.,0.));
#2264=DIRECTION('',(0.,1.,0.));
#2265=DIRECTION('',(0.,0.,1.));
#2266=DIRECTION('',(1.,0.,0.));
#2267=DIRECTION('',(0.,0.,-1.));
#2268=DIRECTION('',(-1.,0.,0.));
#2269=DIRECTION('',(1.,0.,0.));
#2270=DIRECTION('',(-1.,0.,0.));
#2271=DIRECTION('',(2.21199658166204E-16,-0.996194698091797,0.0871557427470697));
#2272=DIRECTION('',(1.,0.,0.));
#2273=DIRECTION('',(2.21199658166204E-16,0.996194698091797,-0.0871557427470704));
#2274=DIRECTION('',(-1.,0.,0.));
#2275=DIRECTION('',(1.,0.,0.));
#2276=DIRECTION('',(-1.,0.,0.));
#2277=DIRECTION('',(0.,0.,1.));
#2278=DIRECTION('',(1.,0.,0.));
#2279=DIRECTION('',(0.,0.,-1.));
#2280=DIRECTION('',(-1.,0.,0.));
#2281=DIRECTION('',(0.,-1.,0.));
#2282=DIRECTION('',(-0.986393923832198,0.,0.164398987305033));
#2283=DIRECTION('',(0.,0.986393923832198,0.164398987305033));
#2284=DIRECTION('',(0.,-0.986393923832198,0.164398987305033));
#2285=DIRECTION('',(0.986393923832198,0.,0.164398987305033));
#2286=DIRECTION('',(-4.94375720826562E-19,0.997458699830796,-0.0712470499870568));
#2287=DIRECTION('',(1.97750288330625E-18,-0.997458699830796,-0.0712470499870569));
#2288=DIRECTION('',(0.997458699830796,5.4381329291588E-17,-0.0712470499870569));
#2289=DIRECTION('',(0.,0.,1.));
#2290=DIRECTION('',(0.,0.,-1.));
#2291=DIRECTION('',(1.,0.,0.));
#2292=DIRECTION('',(-1.,0.,0.));
#2293=DIRECTION('',(0.,1.,0.));
#2294=DIRECTION('',(0.,1.,0.));
#2295=DIRECTION('',(0.,-1.,0.));
#2296=DIRECTION('',(0.,-1.,0.));
#2297=DIRECTION('',(0.,0.,-1.));
#2298=DIRECTION('',(0.,0.,1.));
#2299=DIRECTION('',(1.,0.,0.));
#2300=CARTESIAN_POINT('',(0.,0.,0.));
#2301=CARTESIAN_POINT('',(0.174287529500773,0.648500050151548,-0.490025413001671));
#2302=CARTESIAN_POINT('',(1.8363937787663,2.18623790416069,-1.199));
#2303=CARTESIAN_POINT('',(0.163606221232699,3.11661859956139,-0.5977));
#2304=CARTESIAN_POINT('',(1.8363937787663,2.81736342192439,-1.8013));
#2305=CARTESIAN_POINT('',(0.038800000000599,0.675000050152385,-1.13145));
#2306=CARTESIAN_POINT('',(0.038800000000599,0.158948466681386,-0.7716999999989));
#2307=CARTESIAN_POINT('',(0.0388000000005985,1.28038294404299,-0.5275));
#2308=CARTESIAN_POINT('',(1.2999999999995,1.28038294404299,-1.1442));
#2309=CARTESIAN_POINT('',(1.9611999999994,1.28038294404299,-0.372499999999));
#2310=CARTESIAN_POINT('',(0.700000000000498,1.28038294404299,0.2442000000011));
#2311=CARTESIAN_POINT('',(1.3611999999994,0.633171111246385,-0.172500000001));
#2312=CARTESIAN_POINT('',(0.638800000000598,0.633171111246385,-0.172500000001));
#2313=CARTESIAN_POINT('',(1.3611999999994,0.810671111245385,-0.172500000001));
#2314=CARTESIAN_POINT('',(0.638800000000598,0.810671111245385,-0.172500000001));
#2315=CARTESIAN_POINT('',(1.3611999999994,0.810671111245385,-0.35));
#2316=CARTESIAN_POINT('',(0.638800000000598,0.810671111245385,-0.35));
#2317=CARTESIAN_POINT('',(1.3611999999994,0.810671111245385,-0.527499999999));
#2318=CARTESIAN_POINT('',(0.638800000000598,0.810671111245385,-0.527499999999));
#2319=CARTESIAN_POINT('',(1.3611999999994,0.633171111246385,-0.527499999999));
#2320=CARTESIAN_POINT('',(0.638800000000598,0.633171111246385,-0.527499999999));
#2321=CARTESIAN_POINT('',(1.3611999999994,0.455671111247385,-0.527499999999));
#2322=CARTESIAN_POINT('',(0.638800000000598,0.455671111247385,-0.527499999999));
#2323=CARTESIAN_POINT('',(1.3611999999994,0.455671111247385,-0.35));
#2324=CARTESIAN_POINT('',(0.638800000000598,0.455671111247385,-0.35));
#2325=CARTESIAN_POINT('',(1.3611999999994,0.455671111247385,-0.172500000001));
#2326=CARTESIAN_POINT('',(0.638800000000598,0.455671111247385,-0.172500000001));
#2327=CARTESIAN_POINT('',(1.3611999999994,0.633171111246385,-0.172500000001));
#2328=CARTESIAN_POINT('',(0.638800000000598,0.633171111246385,-0.172500000001));
#2329=CARTESIAN_POINT('',(1.2999999999995,1.25205356713749,-1.1462538995789));
#2330=CARTESIAN_POINT('',(1.3611999999994,0.633171111246385,-0.327500000001));
#2331=CARTESIAN_POINT('',(1.3611999999994,0.655671111245385,-0.327500000001));
#2332=CARTESIAN_POINT('',(1.3611999999994,0.655671111245385,-0.35));
#2333=CARTESIAN_POINT('',(1.3611999999994,0.655671111245385,-0.372499999999));
#2334=CARTESIAN_POINT('',(1.3611999999994,0.633171111246385,-0.372499999999));
#2335=CARTESIAN_POINT('',(1.3611999999994,0.610671111247385,-0.372499999999));
#2336=CARTESIAN_POINT('',(1.3611999999994,0.610671111247385,-0.35));
#2337=CARTESIAN_POINT('',(1.3611999999994,0.610671111247385,-0.327500000001));
#2338=CARTESIAN_POINT('',(1.3611999999994,0.633171111246385,-0.327500000001));
#2339=CARTESIAN_POINT('',(0.638800000000598,0.633171111246385,-0.327500000001));
#2340=CARTESIAN_POINT('',(0.638800000000598,0.655671111245385,-0.327500000001));
#2341=CARTESIAN_POINT('',(0.638800000000598,0.655671111245385,-0.35));
#2342=CARTESIAN_POINT('',(0.638800000000598,0.655671111245385,-0.372499999999));
#2343=CARTESIAN_POINT('',(0.638800000000598,0.633171111246385,-0.372499999999));
#2344=CARTESIAN_POINT('',(0.638800000000598,0.610671111247385,-0.372499999999));
#2345=CARTESIAN_POINT('',(0.638800000000598,0.610671111247385,-0.35));
#2346=CARTESIAN_POINT('',(0.638800000000598,0.610671111247385,-0.327500000001));
#2347=CARTESIAN_POINT('',(0.638800000000598,0.633171111246385,-0.327500000001));
#2348=CARTESIAN_POINT('',(0.700000000000498,1.25205356713749,0.2667928953679));
#2349=CARTESIAN_POINT('',(1.9611999999994,0.510414984473258,-0.983475151605391));
#2350=CARTESIAN_POINT('',(1.2999999999995,1.22905943059469,0.4595141732055));
#2351=CARTESIAN_POINT('',(1.9611999999994,0.540071476053134,0.455975151606349));
#2352=CARTESIAN_POINT('',(0.700000000000498,1.22905943059469,0.4595141732055));
#2353=CARTESIAN_POINT('',(0.638800000000598,0.417315349279385,-0.199999999999));
#2354=CARTESIAN_POINT('',(0.638800000000598,0.439815349279385,-0.199999999999));
#2355=CARTESIAN_POINT('',(0.638800000000598,0.439815349279385,-0.177499999999));
#2356=CARTESIAN_POINT('',(0.638800000000598,0.439815349279385,-0.154999999999));
#2357=CARTESIAN_POINT('',(0.638800000000598,0.417315349279385,-0.154999999999));
#2358=CARTESIAN_POINT('',(0.638800000000598,0.394815349279385,-0.154999999999));
#2359=CARTESIAN_POINT('',(0.638800000000598,0.394815349279385,-0.177499999999));
#2360=CARTESIAN_POINT('',(0.638800000000598,0.394815349279385,-0.199999999999));
#2361=CARTESIAN_POINT('',(0.638800000000598,0.417315349279385,-0.199999999999));
#2362=CARTESIAN_POINT('',(1.3611999999994,0.417315349279385,-0.199999999999));
#2363=CARTESIAN_POINT('',(1.3611999999994,0.439815349279385,-0.199999999999));
#2364=CARTESIAN_POINT('',(1.3611999999994,0.439815349279385,-0.177499999999));
#2365=CARTESIAN_POINT('',(1.3611999999994,0.439815349279385,-0.154999999999));
#2366=CARTESIAN_POINT('',(1.3611999999994,0.417315349279385,-0.154999999999));
#2367=CARTESIAN_POINT('',(1.3611999999994,0.394815349279385,-0.154999999999));
#2368=CARTESIAN_POINT('',(1.3611999999994,0.394815349279385,-0.177499999999));
#2369=CARTESIAN_POINT('',(1.3611999999994,0.394815349279385,-0.199999999999));
#2370=CARTESIAN_POINT('',(1.3611999999994,0.417315349279385,-0.199999999999));
#2371=CARTESIAN_POINT('',(1.2999999999995,1.21302236408259,-0.7942928953668));
#2372=CARTESIAN_POINT('',(0.638800000000598,0.417315349279385,-0.354999999998));
#2373=CARTESIAN_POINT('',(1.3611999999994,0.417315349279385,-0.354999999998));
#2374=CARTESIAN_POINT('',(0.638800000000598,0.594815349278385,-0.354999999998));
#2375=CARTESIAN_POINT('',(1.3611999999994,0.594815349278385,-0.354999999998));
#2376=CARTESIAN_POINT('',(0.638800000000598,0.594815349278385,-0.177499999999));
#2377=CARTESIAN_POINT('',(1.3611999999994,0.594815349278385,-0.177499999999));
#2378=CARTESIAN_POINT('',(0.638800000000598,0.594815349278385,-2.77555756156289E-17));
#2379=CARTESIAN_POINT('',(1.3611999999994,0.594815349278385,-2.77555756156289E-17));
#2380=CARTESIAN_POINT('',(0.638800000000598,0.417315349279385,0.));
#2381=CARTESIAN_POINT('',(1.3611999999994,0.417315349279385,0.));
#2382=CARTESIAN_POINT('',(0.638800000000598,0.239815349280385,0.));
#2383=CARTESIAN_POINT('',(1.3611999999994,0.239815349280385,0.));
#2384=CARTESIAN_POINT('',(0.638800000000598,0.239815349280385,-0.177499999999));
#2385=CARTESIAN_POINT('',(1.3611999999994,0.239815349280385,-0.177499999999));
#2386=CARTESIAN_POINT('',(0.638800000000598,0.239815349280385,-0.354999999998));
#2387=CARTESIAN_POINT('',(1.3611999999994,0.239815349280385,-0.354999999998));
#2388=CARTESIAN_POINT('',(0.638800000000598,0.417315349279385,-0.354999999998));
#2389=CARTESIAN_POINT('',(1.3611999999994,0.417315349279385,-0.354999999998));
#2390=CARTESIAN_POINT('',(0.700000000000498,1.21302236408259,0.6187538995788));
#2391=CARTESIAN_POINT('',(0.0388000000005985,1.04435203753919,-0.154999999999));
#2392=CARTESIAN_POINT('',(1.2999999999995,1.04435203753919,-0.7716999999989));
#2393=CARTESIAN_POINT('',(1.9611999999994,1.04435203753919,1.08933142813633E-16));
#2394=CARTESIAN_POINT('',(0.700000000000498,1.04435203753919,0.6166999999999));
#2395=CARTESIAN_POINT('',(0.038800000000599,0.675000050152385,-1.003949999999));
#2396=CARTESIAN_POINT('',(1.9611999999994,3.32500005015038,-1.13145));
#2397=CARTESIAN_POINT('',(1.9611999999994,3.84105163362138,-0.7716999999989));
#2398=CARTESIAN_POINT('',(1.9611999999994,3.97221188294698,-0.372499999999));
#2399=CARTESIAN_POINT('',(1.2999999999995,3.97221188294698,-1.1442));
#2400=CARTESIAN_POINT('',(0.0388000000005985,3.97221188294698,-0.5275));
#2401=CARTESIAN_POINT('',(0.700000000000498,3.97221188294698,0.2442000000011));
#2402=CARTESIAN_POINT('',(0.638800000000598,3.36682898905639,-0.327500000001));
#2403=CARTESIAN_POINT('',(0.638800000000598,3.34432898905739,-0.327500000001));
#2404=CARTESIAN_POINT('',(0.638800000000598,3.34432898905739,-0.35));
#2405=CARTESIAN_POINT('',(0.638800000000598,3.34432898905739,-0.372499999999));
#2406=CARTESIAN_POINT('',(0.638800000000598,3.36682898905639,-0.372499999999));
#2407=CARTESIAN_POINT('',(0.638800000000598,3.38932898905539,-0.372499999999));
#2408=CARTESIAN_POINT('',(0.638800000000598,3.38932898905539,-0.35));
#2409=CARTESIAN_POINT('',(0.638800000000598,3.38932898905539,-0.327500000001));
#2410=CARTESIAN_POINT('',(0.638800000000598,3.36682898905639,-0.327500000001));
#2411=CARTESIAN_POINT('',(1.3611999999994,3.36682898905639,-0.327500000001));
#2412=CARTESIAN_POINT('',(1.3611999999994,3.34432898905739,-0.327500000001));
#2413=CARTESIAN_POINT('',(1.3611999999994,3.34432898905739,-0.35));
#2414=CARTESIAN_POINT('',(1.3611999999994,3.34432898905739,-0.372499999999));
#2415=CARTESIAN_POINT('',(1.3611999999994,3.36682898905639,-0.372499999999));
#2416=CARTESIAN_POINT('',(1.3611999999994,3.38932898905539,-0.372499999999));
#2417=CARTESIAN_POINT('',(1.3611999999994,3.38932898905539,-0.35));
#2418=CARTESIAN_POINT('',(1.3611999999994,3.38932898905539,-0.327500000001));
#2419=CARTESIAN_POINT('',(1.3611999999994,3.36682898905639,-0.327500000001));
#2420=CARTESIAN_POINT('',(1.2999999999995,4.16253600385849,-1.1462538995789));
#2421=CARTESIAN_POINT('',(0.638800000000598,3.36682898905639,-0.172500000001));
#2422=CARTESIAN_POINT('',(1.3611999999994,3.36682898905639,-0.172500000001));
#2423=CARTESIAN_POINT('',(0.638800000000598,3.18932898905739,-0.172500000001));
#2424=CARTESIAN_POINT('',(1.3611999999994,3.18932898905739,-0.172500000001));
#2425=CARTESIAN_POINT('',(0.638800000000598,3.18932898905739,-0.35));
#2426=CARTESIAN_POINT('',(1.3611999999994,3.18932898905739,-0.35));
#2427=CARTESIAN_POINT('',(0.638800000000598,3.18932898905739,-0.527499999999));
#2428=CARTESIAN_POINT('',(1.3611999999994,3.18932898905739,-0.527499999999));
#2429=CARTESIAN_POINT('',(0.638800000000598,3.36682898905639,-0.527499999999));
#2430=CARTESIAN_POINT('',(1.3611999999994,3.36682898905639,-0.527499999999));
#2431=CARTESIAN_POINT('',(0.638800000000598,3.54432898905539,-0.527499999999));
#2432=CARTESIAN_POINT('',(1.3611999999994,3.54432898905539,-0.527499999999));
#2433=CARTESIAN_POINT('',(0.638800000000598,3.54432898905539,-0.35));
#2434=CARTESIAN_POINT('',(1.3611999999994,3.54432898905539,-0.35));
#2435=CARTESIAN_POINT('',(0.638800000000598,3.54432898905539,-0.172500000001));
#2436=CARTESIAN_POINT('',(1.3611999999994,3.54432898905539,-0.172500000001));
#2437=CARTESIAN_POINT('',(0.638800000000598,3.36682898905639,-0.172500000001));
#2438=CARTESIAN_POINT('',(1.3611999999994,3.36682898905639,-0.172500000001));
#2439=CARTESIAN_POINT('',(0.700000000000498,4.16253600385849,0.2667928953679));
#2440=CARTESIAN_POINT('',(1.9611999999994,3.33517493762551,-0.969966011479382));
#2441=CARTESIAN_POINT('',(1.2999999999995,4.17857307037169,0.4595141732055));
#2442=CARTESIAN_POINT('',(1.9611999999994,3.61433880245365,0.442466011480444));
#2443=CARTESIAN_POINT('',(0.700000000000498,4.17857307037169,0.4595141732055));
#2444=CARTESIAN_POINT('',(1.3611999999994,3.58268475102338,-0.354999999998));
#2445=CARTESIAN_POINT('',(0.638800000000598,3.58268475102338,-0.354999999998));
#2446=CARTESIAN_POINT('',(1.3611999999994,3.40518475102438,-0.354999999998));
#2447=CARTESIAN_POINT('',(0.638800000000598,3.40518475102438,-0.354999999998));
#2448=CARTESIAN_POINT('',(1.3611999999994,3.40518475102438,-0.177499999999));
#2449=CARTESIAN_POINT('',(0.638800000000598,3.40518475102438,-0.177499999999));
#2450=CARTESIAN_POINT('',(1.3611999999994,3.40518475102438,-2.77555756156289E-17));
#2451=CARTESIAN_POINT('',(0.638800000000598,3.40518475102438,-2.77555756156289E-17));
#2452=CARTESIAN_POINT('',(1.3611999999994,3.58268475102338,0.));
#2453=CARTESIAN_POINT('',(0.638800000000598,3.58268475102338,0.));
#2454=CARTESIAN_POINT('',(1.3611999999994,3.76018475102238,0.));
#2455=CARTESIAN_POINT('',(0.638800000000598,3.76018475102238,0.));
#2456=CARTESIAN_POINT('',(1.3611999999994,3.76018475102238,-0.177499999999));
#2457=CARTESIAN_POINT('',(0.638800000000598,3.76018475102238,-0.177499999999));
#2458=CARTESIAN_POINT('',(1.3611999999994,3.76018475102238,-0.354999999998));
#2459=CARTESIAN_POINT('',(0.638800000000598,3.76018475102238,-0.354999999998));
#2460=CARTESIAN_POINT('',(1.3611999999994,3.58268475102338,-0.354999999998));
#2461=CARTESIAN_POINT('',(0.638800000000598,3.58268475102338,-0.354999999998));
#2462=CARTESIAN_POINT('',(1.2999999999995,4.20156720691458,-0.7942928953668));
#2463=CARTESIAN_POINT('',(1.3611999999994,3.58268475102338,-0.199999999999));
#2464=CARTESIAN_POINT('',(1.3611999999994,3.56018475102338,-0.199999999999));
#2465=CARTESIAN_POINT('',(1.3611999999994,3.56018475102338,-0.177499999999));
#2466=CARTESIAN_POINT('',(1.3611999999994,3.56018475102338,-0.154999999999));
#2467=CARTESIAN_POINT('',(1.3611999999994,3.58268475102338,-0.154999999999));
#2468=CARTESIAN_POINT('',(1.3611999999994,3.60518475102338,-0.154999999999));
#2469=CARTESIAN_POINT('',(1.3611999999994,3.60518475102338,-0.177499999999));
#2470=CARTESIAN_POINT('',(1.3611999999994,3.60518475102338,-0.199999999999));
#2471=CARTESIAN_POINT('',(1.3611999999994,3.58268475102338,-0.199999999999));
#2472=CARTESIAN_POINT('',(0.638800000000598,3.58268475102338,-0.199999999999));
#2473=CARTESIAN_POINT('',(0.638800000000598,3.56018475102338,-0.199999999999));
#2474=CARTESIAN_POINT('',(0.638800000000598,3.56018475102338,-0.177499999999));
#2475=CARTESIAN_POINT('',(0.638800000000598,3.56018475102338,-0.154999999999));
#2476=CARTESIAN_POINT('',(0.638800000000598,3.58268475102338,-0.154999999999));
#2477=CARTESIAN_POINT('',(0.638800000000598,3.60518475102338,-0.154999999999));
#2478=CARTESIAN_POINT('',(0.638800000000598,3.60518475102338,-0.177499999999));
#2479=CARTESIAN_POINT('',(0.638800000000598,3.60518475102338,-0.199999999999));
#2480=CARTESIAN_POINT('',(0.638800000000598,3.58268475102338,-0.199999999999));
#2481=CARTESIAN_POINT('',(0.700000000000498,4.20156720691458,0.6187538995788));
#2482=CARTESIAN_POINT('',(1.9611999999994,4.46808832188118,-4.97357041956016E-17));
#2483=CARTESIAN_POINT('',(1.2999999999995,4.46808832188118,-0.7716999999989));
#2484=CARTESIAN_POINT('',(0.0388000000005985,4.46808832188118,-0.154999999999));
#2485=CARTESIAN_POINT('',(0.700000000000498,4.46808832188118,0.6166999999999));
#2486=CARTESIAN_POINT('',(1.9611999999994,3.32500005015038,-1.003949999999));
#2487=CARTESIAN_POINT('',(1.5818880796585,3.53916078972179,-1.1));
#2488=CARTESIAN_POINT('',(1.5818880796585,0.460839310580985,-1.1));
#2489=CARTESIAN_POINT('',(1.5818880796585,3.53916078972179,-1.2));
#2490=CARTESIAN_POINT('',(1.5818880796585,0.460839310580985,-1.2));
#2491=CARTESIAN_POINT('',(1.6818880796585,3.53916078972179,-1.2));
#2492=CARTESIAN_POINT('',(1.6818880796585,0.460839310580985,-1.2));
#2493=CARTESIAN_POINT('',(1.7818880796585,3.53916078972179,-1.2));
#2494=CARTESIAN_POINT('',(1.7818880796585,0.460839310580985,-1.2));
#2495=CARTESIAN_POINT('',(1.7818880796585,3.53916078972179,-1.1));
#2496=CARTESIAN_POINT('',(1.7818880796585,0.460839310580985,-1.1));
#2497=CARTESIAN_POINT('',(1.7818880796585,3.53916078972179,-1.));
#2498=CARTESIAN_POINT('',(1.7818880796585,0.460839310580985,-1.));
#2499=CARTESIAN_POINT('',(1.6818880796585,3.53916078972179,-1.));
#2500=CARTESIAN_POINT('',(1.6818880796585,0.460839310580985,-1.));
#2501=CARTESIAN_POINT('',(1.5818880796585,3.53916078972179,-1.));
#2502=CARTESIAN_POINT('',(1.5818880796585,0.460839310580985,-1.));
#2503=CARTESIAN_POINT('',(1.5818880796585,3.53916078972179,-1.1));
#2504=CARTESIAN_POINT('',(1.5818880796585,0.460839310580985,-1.1));
#2505=CARTESIAN_POINT('',(1.9391607395699,0.818111970492385,-1.));
#2506=CARTESIAN_POINT('',(0.0608392604290984,0.818111970492385,-1.));
#2507=CARTESIAN_POINT('',(1.9391607395699,0.918111970492385,-1.));
#2508=CARTESIAN_POINT('',(0.0608392604290984,0.918111970492385,-1.));
#2509=CARTESIAN_POINT('',(1.9391607395699,0.918111970492385,-1.1));
#2510=CARTESIAN_POINT('',(0.0608392604290984,0.918111970492385,-1.1));
#2511=CARTESIAN_POINT('',(1.9391607395699,0.918111970492385,-1.2));
#2512=CARTESIAN_POINT('',(0.0608392604290984,0.918111970492385,-1.2));
#2513=CARTESIAN_POINT('',(1.9391607395699,0.818111970492385,-1.2));
#2514=CARTESIAN_POINT('',(0.0608392604290984,0.818111970492385,-1.2));
#2515=CARTESIAN_POINT('',(1.9391607395699,0.718111970492385,-1.2));
#2516=CARTESIAN_POINT('',(0.0608392604290984,0.718111970492385,-1.2));
#2517=CARTESIAN_POINT('',(1.9391607395699,0.718111970492385,-1.1));
#2518=CARTESIAN_POINT('',(0.0608392604290984,0.718111970492385,-1.1));
#2519=CARTESIAN_POINT('',(1.9391607395699,0.718111970492385,-1.));
#2520=CARTESIAN_POINT('',(0.0608392604290984,0.718111970492385,-1.));
#2521=CARTESIAN_POINT('',(1.9391607395699,0.818111970492385,-1.));
#2522=CARTESIAN_POINT('',(0.0608392604290984,0.818111970492385,-1.));
#2523=CARTESIAN_POINT('',(0.0608392604290984,3.18188812981039,-1.));
#2524=CARTESIAN_POINT('',(1.9391607395699,3.18188812981039,-1.));
#2525=CARTESIAN_POINT('',(0.0608392604290984,3.08188812981038,-1.));
#2526=CARTESIAN_POINT('',(1.9391607395699,3.08188812981038,-1.));
#2527=CARTESIAN_POINT('',(0.0608392604290984,3.08188812981039,-1.1));
#2528=CARTESIAN_POINT('',(1.9391607395699,3.08188812981039,-1.1));
#2529=CARTESIAN_POINT('',(0.0608392604290984,3.08188812981038,-1.2));
#2530=CARTESIAN_POINT('',(1.9391607395699,3.08188812981038,-1.2));
#2531=CARTESIAN_POINT('',(0.0608392604290984,3.18188812981039,-1.2));
#2532=CARTESIAN_POINT('',(1.9391607395699,3.18188812981039,-1.2));
#2533=CARTESIAN_POINT('',(0.0608392604290984,3.28188812981039,-1.2));
#2534=CARTESIAN_POINT('',(1.9391607395699,3.28188812981039,-1.2));
#2535=CARTESIAN_POINT('',(0.0608392604290984,3.28188812981039,-1.1));
#2536=CARTESIAN_POINT('',(1.9391607395699,3.28188812981039,-1.1));
#2537=CARTESIAN_POINT('',(0.0608392604290984,3.28188812981039,-1.));
#2538=CARTESIAN_POINT('',(1.9391607395699,3.28188812981039,-1.));
#2539=CARTESIAN_POINT('',(0.0608392604290984,3.18188812981039,-1.));
#2540=CARTESIAN_POINT('',(1.9391607395699,3.18188812981039,-1.));
#2541=CARTESIAN_POINT('',(0.418111920340499,0.460839310580985,-1.1));
#2542=CARTESIAN_POINT('',(0.418111920340499,3.53916078972179,-1.1));
#2543=CARTESIAN_POINT('',(0.418111920340499,0.460839310580985,-1.2));
#2544=CARTESIAN_POINT('',(0.418111920340499,3.53916078972179,-1.2));
#2545=CARTESIAN_POINT('',(0.318111920340499,0.460839310580985,-1.2));
#2546=CARTESIAN_POINT('',(0.318111920340499,3.53916078972179,-1.2));
#2547=CARTESIAN_POINT('',(0.218111920340499,0.460839310580985,-1.2));
#2548=CARTESIAN_POINT('',(0.218111920340499,3.53916078972179,-1.2));
#2549=CARTESIAN_POINT('',(0.218111920340499,0.460839310580985,-1.1));
#2550=CARTESIAN_POINT('',(0.218111920340499,3.53916078972179,-1.1));
#2551=CARTESIAN_POINT('',(0.218111920340499,0.460839310580985,-1.));
#2552=CARTESIAN_POINT('',(0.218111920340499,3.53916078972179,-1.));
#2553=CARTESIAN_POINT('',(0.318111920340499,0.460839310580985,-1.));
#2554=CARTESIAN_POINT('',(0.318111920340499,3.53916078972179,-1.));
#2555=CARTESIAN_POINT('',(0.418111920340499,0.460839310580985,-1.));
#2556=CARTESIAN_POINT('',(0.418111920340499,3.53916078972179,-1.));
#2557=CARTESIAN_POINT('',(0.418111920340499,0.460839310580985,-1.1));
#2558=CARTESIAN_POINT('',(0.418111920340499,3.53916078972179,-1.1));
#2559=CARTESIAN_POINT('',(1.7902872911605,0.452088029898585,-0.2));
#2560=CARTESIAN_POINT('',(1.7902872911605,3.54791207040419,-0.2));
#2561=CARTESIAN_POINT('',(1.7902872911605,0.452088029898585,-0.3));
#2562=CARTESIAN_POINT('',(1.7902872911605,3.54791207040419,-0.3));
#2563=CARTESIAN_POINT('',(1.6902872911605,0.452088029898585,-0.300000000000001));
#2564=CARTESIAN_POINT('',(1.6902872911605,3.54791207040419,-0.300000000000001));
#2565=CARTESIAN_POINT('',(1.5902872911605,0.452088029898585,-0.300000000000001));
#2566=CARTESIAN_POINT('',(1.5902872911605,3.54791207040419,-0.300000000000001));
#2567=CARTESIAN_POINT('',(1.5902872911605,0.452088029898585,-0.2));
#2568=CARTESIAN_POINT('',(1.5902872911605,3.54791207040419,-0.2));
#2569=CARTESIAN_POINT('',(1.5902872911605,0.452088029898585,-0.0999999999999995));
#2570=CARTESIAN_POINT('',(1.5902872911605,3.54791207040419,-0.0999999999999995));
#2571=CARTESIAN_POINT('',(1.6902872911605,0.452088029898585,-0.0999999999999995));
#2572=CARTESIAN_POINT('',(1.6902872911605,3.54791207040419,-0.0999999999999995));
#2573=CARTESIAN_POINT('',(1.7902872911605,0.452088029898585,-0.0999999999999995));
#2574=CARTESIAN_POINT('',(1.7902872911605,3.54791207040419,-0.0999999999999995));
#2575=CARTESIAN_POINT('',(1.7902872911605,0.452088029898585,-0.2));
#2576=CARTESIAN_POINT('',(1.7902872911605,3.54791207040419,-0.2));
#2577=CARTESIAN_POINT('',(1.9479120202523,3.19028734131239,-0.3));
#2578=CARTESIAN_POINT('',(0.0520879797467,3.19028734131239,-0.3));
#2579=CARTESIAN_POINT('',(1.9479120202523,3.09028734131239,-0.3));
#2580=CARTESIAN_POINT('',(0.0520879797467,3.09028734131239,-0.3));
#2581=CARTESIAN_POINT('',(1.9479120202523,3.09028734131239,-0.2));
#2582=CARTESIAN_POINT('',(0.0520879797467,3.09028734131239,-0.2));
#2583=CARTESIAN_POINT('',(1.9479120202523,3.09028734131239,-0.1));
#2584=CARTESIAN_POINT('',(0.0520879797467,3.09028734131239,-0.1));
#2585=CARTESIAN_POINT('',(1.9479120202523,3.19028734131239,-0.1));
#2586=CARTESIAN_POINT('',(0.0520879797467,3.19028734131239,-0.1));
#2587=CARTESIAN_POINT('',(1.9479120202523,3.29028734131239,-0.1));
#2588=CARTESIAN_POINT('',(0.0520879797467,3.29028734131239,-0.1));
#2589=CARTESIAN_POINT('',(1.9479120202523,3.29028734131239,-0.2));
#2590=CARTESIAN_POINT('',(0.0520879797467,3.29028734131239,-0.2));
#2591=CARTESIAN_POINT('',(1.9479120202523,3.29028734131239,-0.3));
#2592=CARTESIAN_POINT('',(0.0520879797467,3.29028734131239,-0.3));
#2593=CARTESIAN_POINT('',(1.9479120202523,3.19028734131239,-0.3));
#2594=CARTESIAN_POINT('',(0.0520879797467,3.19028734131239,-0.3));
#2595=CARTESIAN_POINT('',(0.0520879797467,0.809712758990385,-0.3));
#2596=CARTESIAN_POINT('',(1.9479120202523,0.809712758990385,-0.3));
#2597=CARTESIAN_POINT('',(0.0520879797467,0.909712758990385,-0.3));
#2598=CARTESIAN_POINT('',(1.9479120202523,0.909712758990385,-0.3));
#2599=CARTESIAN_POINT('',(0.0520879797467,0.909712758990386,-0.2));
#2600=CARTESIAN_POINT('',(1.9479120202523,0.909712758990386,-0.2));
#2601=CARTESIAN_POINT('',(0.0520879797467,0.909712758990385,-0.1));
#2602=CARTESIAN_POINT('',(1.9479120202523,0.909712758990385,-0.1));
#2603=CARTESIAN_POINT('',(0.0520879797467,0.809712758990385,-0.1));
#2604=CARTESIAN_POINT('',(1.9479120202523,0.809712758990385,-0.1));
#2605=CARTESIAN_POINT('',(0.0520879797467,0.709712758990385,-0.1));
#2606=CARTESIAN_POINT('',(1.9479120202523,0.709712758990385,-0.1));
#2607=CARTESIAN_POINT('',(0.0520879797467,0.709712758990385,-0.2));
#2608=CARTESIAN_POINT('',(1.9479120202523,0.709712758990385,-0.2));
#2609=CARTESIAN_POINT('',(0.0520879797467,0.709712758990385,-0.3));
#2610=CARTESIAN_POINT('',(1.9479120202523,0.709712758990385,-0.3));
#2611=CARTESIAN_POINT('',(0.0520879797467,0.809712758990385,-0.3));
#2612=CARTESIAN_POINT('',(1.9479120202523,0.809712758990385,-0.3));
#2613=CARTESIAN_POINT('',(0.209712708838499,3.54791207040419,-0.2));
#2614=CARTESIAN_POINT('',(0.209712708838499,0.452088029898585,-0.2));
#2615=CARTESIAN_POINT('',(0.209712708838499,3.54791207040419,-0.3));
#2616=CARTESIAN_POINT('',(0.209712708838499,0.452088029898585,-0.3));
#2617=CARTESIAN_POINT('',(0.309712708838498,3.54791207040419,-0.3));
#2618=CARTESIAN_POINT('',(0.309712708838498,0.452088029898585,-0.3));
#2619=CARTESIAN_POINT('',(0.409712708838498,3.54791207040419,-0.3));
#2620=CARTESIAN_POINT('',(0.409712708838498,0.452088029898585,-0.3));
#2621=CARTESIAN_POINT('',(0.409712708838498,3.54791207040419,-0.2));
#2622=CARTESIAN_POINT('',(0.409712708838498,0.452088029898585,-0.2));
#2623=CARTESIAN_POINT('',(0.409712708838498,3.54791207040419,-0.1));
#2624=CARTESIAN_POINT('',(0.409712708838498,0.452088029898585,-0.1));
#2625=CARTESIAN_POINT('',(0.309712708838498,3.54791207040419,-0.1));
#2626=CARTESIAN_POINT('',(0.309712708838498,0.452088029898585,-0.1));
#2627=CARTESIAN_POINT('',(0.209712708838499,3.54791207040419,-0.1));
#2628=CARTESIAN_POINT('',(0.209712708838499,0.452088029898585,-0.1));
#2629=CARTESIAN_POINT('',(0.209712708838499,3.54791207040419,-0.2));
#2630=CARTESIAN_POINT('',(0.209712708838499,0.452088029898585,-0.2));
#2631=CARTESIAN_POINT('',(0.0725262489449607,0.408800050151485,-1.01484250633348));
#2632=CARTESIAN_POINT('',(0.00880000000059986,3.42747380120592,-1.01484250633348));
#2633=CARTESIAN_POINT('',(1.9911999999994,0.572526299095843,-1.0148425063335));
#2634=CARTESIAN_POINT('',(1.92747375105504,3.59120005015028,-1.0148425063335));
#2635=CARTESIAN_POINT('',(1.9911999999994,3.23445779420705,-1.76759158321353));
#2636=CARTESIAN_POINT('',(0.00880000000059911,0.765542306094727,-1.76759158321361));
#2637=CARTESIAN_POINT('',(1.73445774405616,0.408800050151485,-1.76759158321361));
#2638=CARTESIAN_POINT('',(1.8295447493927,3.42954479954459,-0.1));
#2639=CARTESIAN_POINT('',(1.8194656955903,3.78961508283528,-1.2));
#2640=CARTESIAN_POINT('',(1.8249999999995,3.59120005015028,0.2112000000011));
#2641=CARTESIAN_POINT('',(0.1750000000005,3.59120005015028,-1.1112000000001));
#2642=CARTESIAN_POINT('',(2.4786999999995,3.32500005015038,-1.1112000000001));
#2643=CARTESIAN_POINT('',(1.3537000000005,3.32500005015038,-1.1112000000001));
#2644=CARTESIAN_POINT('',(1.3537000000005,0.675000050151385,0.2112000000011));
#2645=CARTESIAN_POINT('',(2.4786999999995,0.675000050151385,0.2112000000011));
#2646=CARTESIAN_POINT('',(1.8194656955903,3.01848856706759,-1.2));
#2647=CARTESIAN_POINT('',(0.175000000000649,3.32500005015024,-0.499999999999979));
#2648=CARTESIAN_POINT('',(0.175000000000649,0.675000050151535,-0.499999999999979));
#2649=CARTESIAN_POINT('',(0.218366050357487,0.718366100509124,-1.10712470499802));
#2650=CARTESIAN_POINT('',(0.218366050357487,3.2816339997934,-1.107124704998));
#2651=CARTESIAN_POINT('',(0.304005184360504,2.81736342192439,-1.19899999999998));
#2652=CARTESIAN_POINT('',(0.304005184360504,3.11661859956138,-1.19899999999998));
#2653=CARTESIAN_POINT('',(1.6959948156385,2.81736342192439,-1.19899999999998));
#2654=CARTESIAN_POINT('',(1.6959948156385,3.11661859956139,-1.19899999999998));
#2655=CARTESIAN_POINT('',(1.6818880796585,3.11661859956139,-1.2));
#2656=CARTESIAN_POINT('',(0.318111920340499,3.11661859956138,-1.2));
#2657=CARTESIAN_POINT('',(0.318111920340499,2.81736342192439,-1.2));
#2658=CARTESIAN_POINT('',(1.6818880796585,2.81736342192439,-1.2));
#2659=CARTESIAN_POINT('',(1.2999999999995,0.675000050151785,-0.499999999999989));
#2660=CARTESIAN_POINT('',(0.700000000000498,0.675000050152036,-0.500000000000007));
#2661=CARTESIAN_POINT('',(0.700000000000498,0.675000050152384,-0.5275));
#2662=CARTESIAN_POINT('',(1.2999999999995,0.675000050152384,-0.5275));
#2663=CARTESIAN_POINT('',(0.700000000000498,0.158948466681386,-0.154999999999));
#2664=CARTESIAN_POINT('',(0.700000000000498,0.158948466681386,2.34910470705132E-16));
#2665=CARTESIAN_POINT('',(1.2999999999995,0.158948466681386,1.22423912405455E-16));
#2666=CARTESIAN_POINT('',(1.2999999999995,0.158948466681386,-0.154999999999));
#2667=CARTESIAN_POINT('',(0.700000000000498,0.633171111246385,-0.52749999999975));
#2668=CARTESIAN_POINT('',(1.2999999999995,0.633171111246385,-0.52749999999975));
#2669=CARTESIAN_POINT('',(1.2999999999995,0.675000050151636,-0.399999999999));
#2670=CARTESIAN_POINT('',(1.2999999999995,0.675000050152384,-0.372499999999667));
#2671=CARTESIAN_POINT('',(1.2999999999995,0.633171111246385,-0.3724999999995));
#2672=CARTESIAN_POINT('',(0.700000000000498,0.675000050152384,-0.372499999999));
#2673=CARTESIAN_POINT('',(0.700000000000498,0.633171111246385,-0.372499999999));
#2674=CARTESIAN_POINT('',(0.700000000000498,0.675000050151636,-0.399999999999));
#2675=CARTESIAN_POINT('',(0.700000000000498,0.456346552335548,-0.365470144336986));
#2676=CARTESIAN_POINT('',(1.2999999999995,0.456346552335548,-0.365470144336986));
#2677=CARTESIAN_POINT('',(1.2999999999995,0.610756730539601,-0.351961004210981));
#2678=CARTESIAN_POINT('',(0.700000000000498,0.610756730539601,-0.351961004210981));
#2679=CARTESIAN_POINT('',(0.700000000000498,0.439729729986572,-0.175538995787984));
#2680=CARTESIAN_POINT('',(1.2999999999995,0.439729729986572,-0.175538995787984));
#2681=CARTESIAN_POINT('',(1.2999999999995,0.594139908190879,-0.162029855662044));
#2682=CARTESIAN_POINT('',(0.700000000000498,0.594139908190879,-0.162029855662044));
#2683=CARTESIAN_POINT('',(0.700000000000498,0.417315349279385,-0.154999999999));
#2684=CARTESIAN_POINT('',(1.2999999999995,0.417315349279385,-0.154999999999));
#2685=CARTESIAN_POINT('',(1.2999999999995,0.417315349279385,5.81805619027269E-17));
#2686=CARTESIAN_POINT('',(0.700000000000498,0.417315349279385,8.83353720032346E-17));
#2687=CARTESIAN_POINT('',(0.700000000000498,3.32500005015024,-0.499999999999989));
#2688=CARTESIAN_POINT('',(1.2999999999995,3.32500005015024,-0.499999999999989));
#2689=CARTESIAN_POINT('',(0.700000000000498,3.32500005015038,-0.5275));
#2690=CARTESIAN_POINT('',(1.2999999999995,3.32500005015038,-0.5275));
#2691=CARTESIAN_POINT('',(0.700000000000498,3.84105163362138,2.34910470705132E-16));
#2692=CARTESIAN_POINT('',(0.700000000000498,3.84105163362138,-0.154999999999));
#2693=CARTESIAN_POINT('',(1.2999999999995,3.84105163362138,-0.154999999999));
#2694=CARTESIAN_POINT('',(1.2999999999995,3.84105163362138,1.22423912405455E-16));
#2695=CARTESIAN_POINT('',(0.700000000000498,3.32500005015038,-0.372499999999));
#2696=CARTESIAN_POINT('',(1.2999999999995,3.32500005015038,-0.372499999999667));
#2697=CARTESIAN_POINT('',(0.700000000000498,3.36682898905639,-0.372499999999));
#2698=CARTESIAN_POINT('',(1.2999999999995,3.36682898905639,-0.3724999999995));
#2699=CARTESIAN_POINT('',(1.2999999999995,3.32500005015038,-0.399999999999));
#2700=CARTESIAN_POINT('',(1.2999999999995,3.36682898905639,-0.52749999999975));
#2701=CARTESIAN_POINT('',(0.700000000000498,3.36682898905639,-0.52749999999975));
#2702=CARTESIAN_POINT('',(0.700000000000498,3.32500005015038,-0.399999999999));
#2703=CARTESIAN_POINT('',(0.700000000000498,3.38924336976317,-0.351961004210981));
#2704=CARTESIAN_POINT('',(1.2999999999995,3.38924336976317,-0.351961004210981));
#2705=CARTESIAN_POINT('',(1.2999999999995,3.54365354796722,-0.365470144336986));
#2706=CARTESIAN_POINT('',(0.700000000000498,3.54365354796722,-0.365470144336986));
#2707=CARTESIAN_POINT('',(0.700000000000498,3.40586019211189,-0.162029855662044));
#2708=CARTESIAN_POINT('',(1.2999999999995,3.40586019211189,-0.162029855662044));
#2709=CARTESIAN_POINT('',(1.2999999999995,3.5602703703162,-0.175538995787984));
#2710=CARTESIAN_POINT('',(0.700000000000498,3.5602703703162,-0.175538995787984));
#2711=CARTESIAN_POINT('',(0.700000000000498,3.58268475102338,8.83353720032346E-17));
#2712=CARTESIAN_POINT('',(1.2999999999995,3.58268475102338,5.81805619027269E-17));
#2713=CARTESIAN_POINT('',(1.2999999999995,3.58268475102338,-0.154999999999));
#2714=CARTESIAN_POINT('',(0.700000000000498,3.58268475102338,-0.154999999999));
#2715=CARTESIAN_POINT('',(1.6818880796585,0.818111970492384,-1.2));
#2716=CARTESIAN_POINT('',(1.6818880796585,3.18188812981038,-1.2));
#2717=CARTESIAN_POINT('',(1.78163394964176,0.718366100509124,-1.10712470499804));
#2718=CARTESIAN_POINT('',(1.78163394964176,3.2816339997934,-1.10712470499802));
#2719=CARTESIAN_POINT('',(0.318111920340499,0.818111970492384,-1.2));
#2720=CARTESIAN_POINT('',(0.318111920340499,3.18188812981038,-1.2));
#2721=CARTESIAN_POINT('',(1.6902872911605,0.809712758990385,-0.1));
#2722=CARTESIAN_POINT('',(1.6902872911605,3.19028734131239,-0.1));
#2723=CARTESIAN_POINT('',(1.78892668354379,3.28892673369544,-0.183560101268942));
#2724=CARTESIAN_POINT('',(1.78892668354379,0.71107336660709,-0.183560101268902));
#2725=CARTESIAN_POINT('',(0.309712708838498,3.19028734131239,-0.1));
#2726=CARTESIAN_POINT('',(0.211073316455447,3.28892673369544,-0.183560101268983));
#2727=CARTESIAN_POINT('',(0.309712708838498,0.809712758990385,-0.1));
#2728=CARTESIAN_POINT('',(0.211073316455447,0.71107336660709,-0.183560101268942));
#2729=CARTESIAN_POINT('',(0.1750000000005,0.675000050151385,-0.399999999999));
#2730=CARTESIAN_POINT('',(0.1750000000005,3.32500005015038,-0.399999999999));
#2731=CARTESIAN_POINT('',(1.8249999999995,3.32500005015038,-0.399999999999));
#2732=CARTESIAN_POINT('',(1.8249999999995,0.675000050151385,-0.399999999999));
#2733=CARTESIAN_POINT('',(1.82499999999935,3.32500005015024,-0.499999999999979));
#2734=CARTESIAN_POINT('',(1.82499999999935,0.675000050151535,-0.499999999999979));
#2735=CARTESIAN_POINT('',(0.175000000000649,3.32500005015024,-0.499999999999979));
#2736=CARTESIAN_POINT('',(0.218366050357487,3.2816339997934,-1.107124704998));
#2737=CARTESIAN_POINT('',(0.,0.));
#2738=CARTESIAN_POINT('',(-0.0433660503568376,0.608671522039999));
#2739=CARTESIAN_POINT('',(0.218366050357487,3.2816339997934,-1.107124704998));
#2740=CARTESIAN_POINT('',(0.218366050357487,0.718366100509124,-1.10712470499802));
#2741=CARTESIAN_POINT('',(-0.0433660503568376,0.608671522039999));
#2742=CARTESIAN_POINT('',(-2.60663394964111,0.608671522040016));
#2743=CARTESIAN_POINT('',(0.218366050357487,0.718366100509124,-1.10712470499802));
#2744=CARTESIAN_POINT('',(0.175000000000649,0.675000050151535,-0.499999999999979));
#2745=CARTESIAN_POINT('',(-2.60663394964111,0.608671522040016));
#2746=CARTESIAN_POINT('',(-2.6499999999987,0.));
#2747=CARTESIAN_POINT('',(0.175000000000649,0.675000050151535,-0.499999999999979));
#2748=CARTESIAN_POINT('',(0.175000000000649,3.32500005015024,-0.499999999999979));
#2749=CARTESIAN_POINT('',(-2.6499999999987,0.));
#2750=CARTESIAN_POINT('',(0.,0.));
#2751=CARTESIAN_POINT('',(0.304005184360504,3.11661859956138,-1.19899999999998));
#2752=CARTESIAN_POINT('',(1.6959948156385,3.11661859956139,-1.19899999999998));
#2753=CARTESIAN_POINT('',(0.695994815639,1.11661854941));
#2754=CARTESIAN_POINT('',(-0.695994815639,1.11661854941));
#2755=CARTESIAN_POINT('',(1.6959948156385,3.11661859956139,-1.19899999999998));
#2756=CARTESIAN_POINT('',(1.6959948156385,2.81736342192439,-1.19899999999998));
#2757=CARTESIAN_POINT('',(-0.695994815639,1.11661854941));
#2758=CARTESIAN_POINT('',(-0.695994815639,0.817363371773));
#2759=CARTESIAN_POINT('',(1.6959948156385,2.81736342192439,-1.19899999999998));
#2760=CARTESIAN_POINT('',(0.304005184360504,2.81736342192439,-1.19899999999998));
#2761=CARTESIAN_POINT('',(-0.695994815639,0.817363371773));
#2762=CARTESIAN_POINT('',(0.695994815639,0.817363371773));
#2763=CARTESIAN_POINT('',(0.304005184360504,2.81736342192439,-1.19899999999998));
#2764=CARTESIAN_POINT('',(0.304005184360504,3.11661859956138,-1.19899999999998));
#2765=CARTESIAN_POINT('',(0.695994815639,0.817363371773));
#2766=CARTESIAN_POINT('',(0.695994815639,1.11661854941));
#2767=CARTESIAN_POINT('',(0.318111920340499,3.11661859956138,-1.2));
#2768=CARTESIAN_POINT('',(1.6818880796585,3.11661859956139,-1.2));
#2769=CARTESIAN_POINT('',(0.001,0.143722088448));
#2770=CARTESIAN_POINT('',(0.00099999999999989,1.507498247766));
#2771=CARTESIAN_POINT('',(1.6818880796585,3.11661859956139,-1.2));
#2772=CARTESIAN_POINT('',(1.68897689170875,3.11661859956139,-1.2));
#2773=CARTESIAN_POINT('',(1.6959948156385,3.11661859956139,-1.19899999999999));
#2774=CARTESIAN_POINT('',(0.00099999999999989,1.507498247766));
#2775=CARTESIAN_POINT('',(0.00100000000000021,1.51458705981625));
#2776=CARTESIAN_POINT('',(0.,1.521604983746));
#2777=CARTESIAN_POINT('',(0.,0.129615352468));
#2778=CARTESIAN_POINT('',(0.,1.521604983746));
#2779=CARTESIAN_POINT('',(0.304005184360504,3.11661859956138,-1.19899999999998));
#2780=CARTESIAN_POINT('',(0.311023108290251,3.11661859956139,-1.2));
#2781=CARTESIAN_POINT('',(0.318111920340499,3.11661859956138,-1.2));
#2782=CARTESIAN_POINT('',(0.,0.129615352468));
#2783=CARTESIAN_POINT('',(0.00100000000000021,0.136633276397751));
#2784=CARTESIAN_POINT('',(0.001,0.143722088448));
#2785=CARTESIAN_POINT('',(-1.521604983746,0.));
#2786=CARTESIAN_POINT('',(-0.129615352468,0.));
#2787=CARTESIAN_POINT('',(1.6959948156385,2.81736342192439,-1.19899999999998));
#2788=CARTESIAN_POINT('',(1.68897689170875,2.81736342192439,-1.2));
#2789=CARTESIAN_POINT('',(1.6818880796585,2.81736342192439,-1.2));
#2790=CARTESIAN_POINT('',(-1.521604983746,0.));
#2791=CARTESIAN_POINT('',(-1.51458705981625,-0.00100000000000021));
#2792=CARTESIAN_POINT('',(-1.507498247766,-0.001));
#2793=CARTESIAN_POINT('',(1.6818880796585,2.81736342192439,-1.2));
#2794=CARTESIAN_POINT('',(0.318111920340499,2.81736342192439,-1.2));
#2795=CARTESIAN_POINT('',(-1.507498247766,-0.001));
#2796=CARTESIAN_POINT('',(-0.143722088448,-0.00099999999999989));
#2797=CARTESIAN_POINT('',(0.318111920340499,2.81736342192439,-1.2));
#2798=CARTESIAN_POINT('',(0.311023108290251,2.81736342192438,-1.2));
#2799=CARTESIAN_POINT('',(0.304005184360504,2.81736342192439,-1.19899999999998));
#2800=CARTESIAN_POINT('',(-0.143722088448,-0.00099999999999989));
#2801=CARTESIAN_POINT('',(-0.13663327639775,-0.00100000000000021));
#2802=CARTESIAN_POINT('',(-0.129615352468,0.));
#2803=CARTESIAN_POINT('',(0.700000000000498,0.675000050152384,-0.5275));
#2804=CARTESIAN_POINT('',(0.700000000000498,0.675000050152036,-0.500000000000007));
#2805=CARTESIAN_POINT('',(-0.5275,-0.299999999999));
#2806=CARTESIAN_POINT('',(-0.5,-0.299999999999));
#2807=CARTESIAN_POINT('',(0.700000000000498,0.675000050152036,-0.500000000000007));
#2808=CARTESIAN_POINT('',(1.2999999999995,0.675000050151785,-0.499999999999989));
#2809=CARTESIAN_POINT('',(-0.5,-0.299999999999));
#2810=CARTESIAN_POINT('',(-0.5,0.3));
#2811=CARTESIAN_POINT('',(1.2999999999995,0.675000050151785,-0.499999999999989));
#2812=CARTESIAN_POINT('',(1.2999999999995,0.675000050152384,-0.5275));
#2813=CARTESIAN_POINT('',(-0.5,0.3));
#2814=CARTESIAN_POINT('',(-0.5275,0.3));
#2815=CARTESIAN_POINT('',(1.2999999999995,0.675000050152384,-0.5275));
#2816=CARTESIAN_POINT('',(0.700000000000498,0.675000050152384,-0.5275));
#2817=CARTESIAN_POINT('',(-0.5275,0.3));
#2818=CARTESIAN_POINT('',(-0.5275,-0.299999999999));
#2819=CARTESIAN_POINT('',(0.700000000000498,0.158948466681386,2.34910470705132E-16));
#2820=CARTESIAN_POINT('',(0.700000000000498,0.158948466681386,-0.154999999999));
#2821=CARTESIAN_POINT('',(-0.299999999999,-0.3725));
#2822=CARTESIAN_POINT('',(-0.299999999999,-0.527499999999));
#2823=CARTESIAN_POINT('',(0.700000000000498,0.158948466681386,-0.154999999999));
#2824=CARTESIAN_POINT('',(1.2999999999995,0.158948466681386,-0.154999999999));
#2825=CARTESIAN_POINT('',(-0.299999999999,-0.527499999999));
#2826=CARTESIAN_POINT('',(0.3,-0.527499999999));
#2827=CARTESIAN_POINT('',(1.2999999999995,0.158948466681386,-0.154999999999));
#2828=CARTESIAN_POINT('',(1.2999999999995,0.158948466681386,1.22423912405455E-16));
#2829=CARTESIAN_POINT('',(0.3,-0.527499999999));
#2830=CARTESIAN_POINT('',(0.3,-0.3725));
#2831=CARTESIAN_POINT('',(1.2999999999995,0.158948466681386,1.22423912405455E-16));
#2832=CARTESIAN_POINT('',(0.700000000000498,0.158948466681386,2.34910470705132E-16));
#2833=CARTESIAN_POINT('',(0.3,-0.3725));
#2834=CARTESIAN_POINT('',(-0.299999999999,-0.3725));
#2835=CARTESIAN_POINT('',(1.2999999999995,0.675000050152384,-0.5275));
#2836=CARTESIAN_POINT('',(1.2999999999995,0.633171111246385,-0.52749999999975));
#2837=CARTESIAN_POINT('',(0.599999999999,0.));
#2838=CARTESIAN_POINT('',(0.599999999999,0.0418289389059998));
#2839=CARTESIAN_POINT('',(1.2999999999995,0.633171111246385,-0.52749999999975));
#2840=CARTESIAN_POINT('',(0.700000000000498,0.633171111246385,-0.52749999999975));
#2841=CARTESIAN_POINT('',(0.599999999999,0.0418289389059998));
#2842=CARTESIAN_POINT('',(0.,0.0418289389059998));
#2843=CARTESIAN_POINT('',(0.700000000000498,0.633171111246385,-0.52749999999975));
#2844=CARTESIAN_POINT('',(0.700000000000498,0.675000050152384,-0.5275));
#2845=CARTESIAN_POINT('',(0.,0.0418289389059998));
#2846=CARTESIAN_POINT('',(0.,0.));
#2847=CARTESIAN_POINT('',(0.599999999999,0.));
#2848=CARTESIAN_POINT('',(0.,0.));
#2849=CARTESIAN_POINT('',(1.2999999999995,0.675000050152384,-0.372499999999667));
#2850=CARTESIAN_POINT('',(1.2999999999995,0.633171111246385,-0.3724999999995));
#2851=CARTESIAN_POINT('',(0.155,0.));
#2852=CARTESIAN_POINT('',(0.155,0.0418289389059998));
#2853=CARTESIAN_POINT('',(1.2999999999995,0.633171111246385,-0.3724999999995));
#2854=CARTESIAN_POINT('',(1.2999999999995,0.633171111246385,-0.52749999999975));
#2855=CARTESIAN_POINT('',(0.155,0.0418289389059998));
#2856=CARTESIAN_POINT('',(0.,0.0418289389059998));
#2857=CARTESIAN_POINT('',(0.,0.));
#2858=CARTESIAN_POINT('',(0.,0.0418289389059998));
#2859=CARTESIAN_POINT('',(0.0275,9.99866855977416E-13));
#2860=CARTESIAN_POINT('',(0.,0.));
#2861=CARTESIAN_POINT('',(1.2999999999995,0.675000050151785,-0.499999999999989));
#2862=CARTESIAN_POINT('',(1.2999999999995,0.675000050151636,-0.399999999999));
#2863=CARTESIAN_POINT('',(0.0275,9.99866855977416E-13));
#2864=CARTESIAN_POINT('',(0.127500000001,9.99866855977416E-13));
#2865=CARTESIAN_POINT('',(1.2999999999995,0.675000050151636,-0.399999999999));
#2866=CARTESIAN_POINT('',(1.2999999999995,0.675000050152384,-0.372499999999667));
#2867=CARTESIAN_POINT('',(0.127500000001,9.99866855977416E-13));
#2868=CARTESIAN_POINT('',(0.155,0.));
#2869=CARTESIAN_POINT('',(0.700000000000498,0.675000050152384,-0.372499999999));
#2870=CARTESIAN_POINT('',(0.700000000000498,0.633171111246385,-0.372499999999));
#2871=CARTESIAN_POINT('',(0.,0.));
#2872=CARTESIAN_POINT('',(0.,0.0418289389059998));
#2873=CARTESIAN_POINT('',(0.700000000000498,0.633171111246385,-0.372499999999));
#2874=CARTESIAN_POINT('',(1.2999999999995,0.633171111246385,-0.3724999999995));
#2875=CARTESIAN_POINT('',(0.,0.0418289389059998));
#2876=CARTESIAN_POINT('',(-0.599999999999,0.0418289389059998));
#2877=CARTESIAN_POINT('',(-0.599999999999,0.));
#2878=CARTESIAN_POINT('',(-0.599999999999,0.0418289389059998));
#2879=CARTESIAN_POINT('',(1.2999999999995,0.675000050152384,-0.372499999999667));
#2880=CARTESIAN_POINT('',(0.700000000000498,0.675000050152384,-0.372499999999));
#2881=CARTESIAN_POINT('',(-0.599999999999,0.));
#2882=CARTESIAN_POINT('',(0.,0.));
#2883=CARTESIAN_POINT('',(0.700000000000498,0.633171111246385,-0.52749999999975));
#2884=CARTESIAN_POINT('',(0.700000000000498,0.633171111246385,-0.372499999999));
#2885=CARTESIAN_POINT('',(0.,0.0418289389059998));
#2886=CARTESIAN_POINT('',(-0.155000000001,0.0418289389059998));
#2887=CARTESIAN_POINT('',(-0.155000000001,0.));
#2888=CARTESIAN_POINT('',(-0.155000000001,0.0418289389059998));
#2889=CARTESIAN_POINT('',(0.700000000000498,0.675000050152384,-0.372499999999));
#2890=CARTESIAN_POINT('',(0.700000000000498,0.675000050151636,-0.399999999999));
#2891=CARTESIAN_POINT('',(-0.155000000001,0.));
#2892=CARTESIAN_POINT('',(-0.127500000001,9.99866855977416E-13));
#2893=CARTESIAN_POINT('',(0.700000000000498,0.675000050151636,-0.399999999999));
#2894=CARTESIAN_POINT('',(0.700000000000498,0.675000050152036,-0.500000000000007));
#2895=CARTESIAN_POINT('',(-0.127500000001,9.99866855977416E-13));
#2896=CARTESIAN_POINT('',(-0.0275,0.));
#2897=CARTESIAN_POINT('',(0.,0.));
#2898=CARTESIAN_POINT('',(-0.0275,0.));
#2899=CARTESIAN_POINT('',(0.,0.0418289389059998));
#2900=CARTESIAN_POINT('',(0.,0.));
#2901=CARTESIAN_POINT('',(1.2999999999995,0.633171111246385,-0.52749999999975));
#2902=CARTESIAN_POINT('',(1.2999999999995,0.470522327858582,-0.527499999999));
#2903=CARTESIAN_POINT('',(1.2999999999995,0.456346552335547,-0.365470144336986));
#2904=CARTESIAN_POINT('',(3.14159265358979,0.0611999999999));
#2905=CARTESIAN_POINT('',(4.61712165647008,0.0611999999999));
#2906=CARTESIAN_POINT('',(1.2999999999995,0.456346552335548,-0.365470144336986));
#2907=CARTESIAN_POINT('',(0.700000000000498,0.456346552335548,-0.365470144336986));
#2908=CARTESIAN_POINT('',(4.61712165647008,0.0611999999999));
#2909=CARTESIAN_POINT('',(4.61712165647008,0.6611999999989));
#2910=CARTESIAN_POINT('',(0.700000000000498,0.456346552335548,-0.365470144336986));
#2911=CARTESIAN_POINT('',(0.700000000000498,0.470522327858582,-0.527499999999));
#2912=CARTESIAN_POINT('',(0.700000000000498,0.633171111246385,-0.52749999999975));
#2913=CARTESIAN_POINT('',(4.61712165647008,0.6611999999989));
#2914=CARTESIAN_POINT('',(3.14159265358979,0.6611999999989));
#2915=CARTESIAN_POINT('',(3.14159265358979,0.0611999999999));
#2916=CARTESIAN_POINT('',(3.14159265358979,0.6611999999989));
#2917=CARTESIAN_POINT('',(1.2999999999995,0.633171111246385,-0.3724999999995));
#2918=CARTESIAN_POINT('',(1.2999999999995,0.612553659831161,-0.372499999999001));
#2919=CARTESIAN_POINT('',(1.2999999999995,0.610756730539601,-0.351961004210981));
#2920=CARTESIAN_POINT('',(0.154999999999,0.));
#2921=CARTESIAN_POINT('',(0.155,0.0206174514152241));
#2922=CARTESIAN_POINT('',(0.175538995788,0.0224143807070001));
#2923=CARTESIAN_POINT('',(1.2999999999995,0.610756730539601,-0.351961004210981));
#2924=CARTESIAN_POINT('',(1.2999999999995,0.456346552335548,-0.365470144336986));
#2925=CARTESIAN_POINT('',(0.175538995788,0.0224143807070001));
#2926=CARTESIAN_POINT('',(0.162029855662,0.176824558911));
#2927=CARTESIAN_POINT('',(-9.99977878279879E-13,0.));
#2928=CARTESIAN_POINT('',(3.01168358009046E-16,0.162648783387803));
#2929=CARTESIAN_POINT('',(0.162029855662,0.176824558911));
#2930=CARTESIAN_POINT('',(0.154999999999,0.));
#2931=CARTESIAN_POINT('',(-9.99977878279879E-13,0.));
#2932=CARTESIAN_POINT('',(0.700000000000498,0.610756730539601,-0.351961004210981));
#2933=CARTESIAN_POINT('',(1.2999999999995,0.610756730539601,-0.351961004210981));
#2934=CARTESIAN_POINT('',(0.6611999999989,4.61712165650478));
#2935=CARTESIAN_POINT('',(0.0611999999999001,4.61712165650478));
#2936=CARTESIAN_POINT('',(0.0611999999999001,3.14159265358979));
#2937=CARTESIAN_POINT('',(0.0611999999999001,4.61712165650478));
#2938=CARTESIAN_POINT('',(0.6611999999989,3.14159265358979));
#2939=CARTESIAN_POINT('',(0.0611999999999001,3.14159265358979));
#2940=CARTESIAN_POINT('',(0.700000000000498,0.633171111246385,-0.372499999999));
#2941=CARTESIAN_POINT('',(0.700000000000498,0.612553659831162,-0.372499999999));
#2942=CARTESIAN_POINT('',(0.700000000000498,0.610756730539601,-0.351961004210981));
#2943=CARTESIAN_POINT('',(0.6611999999989,3.14159265358979));
#2944=CARTESIAN_POINT('',(0.6611999999989,4.61712165650478));
#2945=CARTESIAN_POINT('',(0.700000000000498,0.456346552335548,-0.365470144336986));
#2946=CARTESIAN_POINT('',(0.700000000000498,0.610756730539601,-0.351961004210981));
#2947=CARTESIAN_POINT('',(-0.162029855662,0.176824558911));
#2948=CARTESIAN_POINT('',(-0.175538995788,0.0224143807070001));
#2949=CARTESIAN_POINT('',(-0.155,0.));
#2950=CARTESIAN_POINT('',(-0.155,0.0206174514152242));
#2951=CARTESIAN_POINT('',(-0.175538995788,0.0224143807070001));
#2952=CARTESIAN_POINT('',(9.99977878279879E-13,0.));
#2953=CARTESIAN_POINT('',(-0.155,0.));
#2954=CARTESIAN_POINT('',(-0.162029855662,0.176824558911));
#2955=CARTESIAN_POINT('',(-3.01168358009046E-16,0.162648783387803));
#2956=CARTESIAN_POINT('',(9.99977878279879E-13,0.));
#2957=CARTESIAN_POINT('',(1.2999999999995,0.456346552335548,-0.365470144336986));
#2958=CARTESIAN_POINT('',(1.2999999999995,0.439729729986572,-0.175538995787984));
#2959=CARTESIAN_POINT('',(-1.93524624652208E-17,-0.599999999999));
#2960=CARTESIAN_POINT('',(0.190656654680923,-0.599999999999));
#2961=CARTESIAN_POINT('',(1.2999999999995,0.439729729986572,-0.175538995787984));
#2962=CARTESIAN_POINT('',(0.700000000000498,0.439729729986572,-0.175538995787984));
#2963=CARTESIAN_POINT('',(0.190656654680923,-0.599999999999));
#2964=CARTESIAN_POINT('',(0.190656654680923,-7.3185337886715E-33));
#2965=CARTESIAN_POINT('',(0.700000000000498,0.439729729986572,-0.175538995787984));
#2966=CARTESIAN_POINT('',(0.700000000000498,0.456346552335548,-0.365470144336986));
#2967=CARTESIAN_POINT('',(0.190656654680923,-7.3185337886715E-33));
#2968=CARTESIAN_POINT('',(0.,0.));
#2969=CARTESIAN_POINT('',(-1.93524624652208E-17,-0.599999999999));
#2970=CARTESIAN_POINT('',(0.,0.));
#2971=CARTESIAN_POINT('',(1.2999999999995,0.610756730539601,-0.351961004210981));
#2972=CARTESIAN_POINT('',(1.2999999999995,0.594139908190879,-0.162029855662044));
#2973=CARTESIAN_POINT('',(-0.154410178204,-0.013509140126));
#2974=CARTESIAN_POINT('',(-0.137793355856,-0.203440288675));
#2975=CARTESIAN_POINT('',(1.2999999999995,0.594139908190879,-0.162029855662044));
#2976=CARTESIAN_POINT('',(1.2999999999995,0.439729729986572,-0.175538995787984));
#2977=CARTESIAN_POINT('',(-0.137793355856,-0.203440288675));
#2978=CARTESIAN_POINT('',(0.016616822349,-0.189931148549));
#2979=CARTESIAN_POINT('',(0.,0.));
#2980=CARTESIAN_POINT('',(0.016616822349,-0.189931148549));
#2981=CARTESIAN_POINT('',(-0.154410178204,-0.013509140126));
#2982=CARTESIAN_POINT('',(0.,0.));
#2983=CARTESIAN_POINT('',(0.700000000000498,0.610756730539601,-0.351961004210981));
#2984=CARTESIAN_POINT('',(0.700000000000498,0.594139908190879,-0.162029855662044));
#2985=CARTESIAN_POINT('',(0.,0.));
#2986=CARTESIAN_POINT('',(-0.190656654680835,-7.70371977754894E-34));
#2987=CARTESIAN_POINT('',(0.700000000000498,0.594139908190879,-0.162029855662044));
#2988=CARTESIAN_POINT('',(1.2999999999995,0.594139908190879,-0.162029855662044));
#2989=CARTESIAN_POINT('',(-0.190656654680835,-7.70371977754894E-34));
#2990=CARTESIAN_POINT('',(-0.190656654680835,-0.599999999999));
#2991=CARTESIAN_POINT('',(-1.93524624652208E-17,-0.599999999999));
#2992=CARTESIAN_POINT('',(-0.190656654680835,-0.599999999999));
#2993=CARTESIAN_POINT('',(0.,0.));
#2994=CARTESIAN_POINT('',(-1.93524624652208E-17,-0.599999999999));
#2995=CARTESIAN_POINT('',(0.700000000000498,0.439729729986572,-0.175538995787984));
#2996=CARTESIAN_POINT('',(0.700000000000498,0.594139908190879,-0.162029855662044));
#2997=CARTESIAN_POINT('',(-0.189931148549,0.016616822349));
#2998=CARTESIAN_POINT('',(-0.203440288675,-0.137793355856));
#2999=CARTESIAN_POINT('',(-0.013509140126,-0.154410178204));
#3000=CARTESIAN_POINT('',(-0.203440288675,-0.137793355856));
#3001=CARTESIAN_POINT('',(0.,0.));
#3002=CARTESIAN_POINT('',(-0.013509140126,-0.154410178204));
#3003=CARTESIAN_POINT('',(-0.189931148549,0.016616822349));
#3004=CARTESIAN_POINT('',(0.,0.));
#3005=CARTESIAN_POINT('',(1.2999999999995,0.417315349279385,-0.154999999999));
#3006=CARTESIAN_POINT('',(0.700000000000498,0.417315349279385,-0.154999999999));
#3007=CARTESIAN_POINT('',(0.6611999999989,3.14159265358979));
#3008=CARTESIAN_POINT('',(0.0611999999999,3.14159265358979));
#3009=CARTESIAN_POINT('',(0.700000000000498,0.417315349279385,-0.154999999999));
#3010=CARTESIAN_POINT('',(0.700000000000498,0.437932800695525,-0.154999999999));
#3011=CARTESIAN_POINT('',(0.700000000000498,0.439729729986572,-0.175538995787984));
#3012=CARTESIAN_POINT('',(0.0611999999999,3.14159265358979));
#3013=CARTESIAN_POINT('',(0.0611999999999,1.66606365067481));
#3014=CARTESIAN_POINT('',(0.6611999999989,1.66606365067481));
#3015=CARTESIAN_POINT('',(0.0611999999999,1.66606365067481));
#3016=CARTESIAN_POINT('',(1.2999999999995,0.439729729986573,-0.175538995787984));
#3017=CARTESIAN_POINT('',(1.2999999999995,0.437932800695526,-0.154999999999));
#3018=CARTESIAN_POINT('',(1.2999999999995,0.417315349279385,-0.154999999999001));
#3019=CARTESIAN_POINT('',(0.6611999999989,1.66606365067481));
#3020=CARTESIAN_POINT('',(0.6611999999989,3.14159265358979));
#3021=CARTESIAN_POINT('',(1.2999999999995,0.594139908190879,-0.162029855662044));
#3022=CARTESIAN_POINT('',(1.2999999999995,0.579964132667269,0.));
#3023=CARTESIAN_POINT('',(1.2999999999995,0.417315349279385,5.82867087928207E-16));
#3024=CARTESIAN_POINT('',(0.013509140126,-0.154410178205));
#3025=CARTESIAN_POINT('',(0.175538995788,-0.140234402680884));
#3026=CARTESIAN_POINT('',(0.175538995788,0.0224143807070001));
#3027=CARTESIAN_POINT('',(1.2999999999995,0.417315349279385,5.81805619027269E-17));
#3028=CARTESIAN_POINT('',(1.2999999999995,0.417315349279385,-0.154999999999));
#3029=CARTESIAN_POINT('',(0.175538995788,0.0224143807070001));
#3030=CARTESIAN_POINT('',(0.020538995789,0.0224143807070001));
#3031=CARTESIAN_POINT('',(0.,0.));
#3032=CARTESIAN_POINT('',(0.0205389957890001,0.00179692929085945));
#3033=CARTESIAN_POINT('',(0.020538995789,0.0224143807070001));
#3034=CARTESIAN_POINT('',(0.013509140126,-0.154410178205));
#3035=CARTESIAN_POINT('',(0.,0.));
#3036=CARTESIAN_POINT('',(0.700000000000498,0.594139908190879,-0.162029855662044));
#3037=CARTESIAN_POINT('',(0.700000000000499,0.579964132667269,0.));
#3038=CARTESIAN_POINT('',(0.700000000000498,0.417315349279385,5.82867087928207E-16));
#3039=CARTESIAN_POINT('',(1.66606365070898,0.0611999999999));
#3040=CARTESIAN_POINT('',(3.14159265358979,0.0611999999999));
#3041=CARTESIAN_POINT('',(0.700000000000498,0.417315349279385,8.83353720032346E-17));
#3042=CARTESIAN_POINT('',(1.2999999999995,0.417315349279385,5.81805619027269E-17));
#3043=CARTESIAN_POINT('',(3.14159265358979,0.0611999999999));
#3044=CARTESIAN_POINT('',(3.14159265358979,0.6611999999989));
#3045=CARTESIAN_POINT('',(1.66606365070898,0.6611999999989));
#3046=CARTESIAN_POINT('',(3.14159265358979,0.6611999999989));
#3047=CARTESIAN_POINT('',(1.66606365070898,0.0611999999999));
#3048=CARTESIAN_POINT('',(1.66606365070898,0.6611999999989));
#3049=CARTESIAN_POINT('',(0.700000000000498,0.417315349279385,-0.154999999999));
#3050=CARTESIAN_POINT('',(0.700000000000498,0.417315349279385,8.83353720032346E-17));
#3051=CARTESIAN_POINT('',(-0.020538995789,0.0224143807070001));
#3052=CARTESIAN_POINT('',(-0.175538995788,0.0224143807070001));
#3053=CARTESIAN_POINT('',(-0.013509140126,-0.154410178205));
#3054=CARTESIAN_POINT('',(-0.175538995788,-0.140234402680884));
#3055=CARTESIAN_POINT('',(-0.175538995788,0.0224143807070001));
#3056=CARTESIAN_POINT('',(0.,0.));
#3057=CARTESIAN_POINT('',(-0.013509140126,-0.154410178205));
#3058=CARTESIAN_POINT('',(-0.020538995789,0.0224143807070001));
#3059=CARTESIAN_POINT('',(-0.0205389957890001,0.00179692929085945));
#3060=CARTESIAN_POINT('',(0.,0.));
#3061=CARTESIAN_POINT('',(1.2999999999995,0.417315349279385,-0.154999999999));
#3062=CARTESIAN_POINT('',(1.2999999999995,0.158948466681386,-0.154999999999));
#3063=CARTESIAN_POINT('',(0.599999999999,-2.72982591055098E-34));
#3064=CARTESIAN_POINT('',(0.599999999999,0.258366882598));
#3065=CARTESIAN_POINT('',(-5.01544256350794E-33,0.258366882598));
#3066=CARTESIAN_POINT('',(0.599999999999,0.258366882598));
#3067=CARTESIAN_POINT('',(0.700000000000498,0.158948466681386,-0.154999999999));
#3068=CARTESIAN_POINT('',(0.700000000000498,0.417315349279385,-0.154999999999));
#3069=CARTESIAN_POINT('',(-5.01544256350794E-33,0.258366882598));
#3070=CARTESIAN_POINT('',(0.,0.));
#3071=CARTESIAN_POINT('',(0.599999999999,-2.72982591055098E-34));
#3072=CARTESIAN_POINT('',(0.,0.));
#3073=CARTESIAN_POINT('',(1.2999999999995,0.417315349279385,5.81805619027269E-17));
#3074=CARTESIAN_POINT('',(1.2999999999995,0.158948466681386,1.22423912405455E-16));
#3075=CARTESIAN_POINT('',(0.154999999999,4.77368255374486E-50));
#3076=CARTESIAN_POINT('',(0.154999999999,0.258366882598));
#3077=CARTESIAN_POINT('',(0.,0.258366882598));
#3078=CARTESIAN_POINT('',(0.154999999999,0.258366882598));
#3079=CARTESIAN_POINT('',(0.,0.));
#3080=CARTESIAN_POINT('',(0.,0.258366882598));
#3081=CARTESIAN_POINT('',(0.154999999999,4.77368255374486E-50));
#3082=CARTESIAN_POINT('',(0.,0.));
#3083=CARTESIAN_POINT('',(0.700000000000498,0.417315349279385,8.83353720032346E-17));
#3084=CARTESIAN_POINT('',(0.700000000000498,0.158948466681386,2.34910470705132E-16));
#3085=CARTESIAN_POINT('',(0.,0.));
#3086=CARTESIAN_POINT('',(-4.89789312841962E-33,0.258366882598));
#3087=CARTESIAN_POINT('',(-0.599999999999,0.258366882598));
#3088=CARTESIAN_POINT('',(-4.89789312841962E-33,0.258366882598));
#3089=CARTESIAN_POINT('',(-0.599999999999,-1.3684555315672E-48));
#3090=CARTESIAN_POINT('',(-0.599999999999,0.258366882598));
#3091=CARTESIAN_POINT('',(0.,0.));
#3092=CARTESIAN_POINT('',(-0.599999999999,-1.3684555315672E-48));
#3093=CARTESIAN_POINT('',(-0.154999999999,0.258366882598));
#3094=CARTESIAN_POINT('',(0.,0.258366882598));
#3095=CARTESIAN_POINT('',(-0.154999999999,0.));
#3096=CARTESIAN_POINT('',(-0.154999999999,0.258366882598));
#3097=CARTESIAN_POINT('',(0.,0.));
#3098=CARTESIAN_POINT('',(-0.154999999999,0.));
#3099=CARTESIAN_POINT('',(0.,0.258366882598));
#3100=CARTESIAN_POINT('',(0.,0.));
#3101=CARTESIAN_POINT('',(-0.399999999999,0.3));
#3102=CARTESIAN_POINT('',(-0.3725,0.3));
#3103=CARTESIAN_POINT('',(1.2999999999995,0.675000050151636,-0.399999999999));
#3104=CARTESIAN_POINT('',(0.700000000000498,0.675000050151636,-0.399999999999));
#3105=CARTESIAN_POINT('',(-0.399999999999,0.3));
#3106=CARTESIAN_POINT('',(-0.399999999999,-0.299999999999));
#3107=CARTESIAN_POINT('',(-0.372499999999,-0.299999999999));
#3108=CARTESIAN_POINT('',(-0.399999999999,-0.299999999999));
#3109=CARTESIAN_POINT('',(-0.3725,0.3));
#3110=CARTESIAN_POINT('',(-0.372499999999,-0.299999999999));
#3111=CARTESIAN_POINT('',(1.2999999999995,3.32500005015038,-0.5275));
#3112=CARTESIAN_POINT('',(1.2999999999995,3.32500005015024,-0.499999999999989));
#3113=CARTESIAN_POINT('',(-0.5275,-0.3));
#3114=CARTESIAN_POINT('',(-0.5,-0.3));
#3115=CARTESIAN_POINT('',(1.2999999999995,3.32500005015024,-0.499999999999989));
#3116=CARTESIAN_POINT('',(0.700000000000498,3.32500005015024,-0.499999999999989));
#3117=CARTESIAN_POINT('',(-0.5,-0.3));
#3118=CARTESIAN_POINT('',(-0.5,0.299999999999));
#3119=CARTESIAN_POINT('',(0.700000000000498,3.32500005015024,-0.499999999999989));
#3120=CARTESIAN_POINT('',(0.700000000000498,3.32500005015038,-0.5275));
#3121=CARTESIAN_POINT('',(-0.5,0.299999999999));
#3122=CARTESIAN_POINT('',(-0.5275,0.299999999999));
#3123=CARTESIAN_POINT('',(0.700000000000498,3.32500005015038,-0.5275));
#3124=CARTESIAN_POINT('',(1.2999999999995,3.32500005015038,-0.5275));
#3125=CARTESIAN_POINT('',(-0.5275,0.299999999999));
#3126=CARTESIAN_POINT('',(-0.5275,-0.3));
#3127=CARTESIAN_POINT('',(1.2999999999995,3.84105163362138,1.22423912405455E-16));
#3128=CARTESIAN_POINT('',(1.2999999999995,3.84105163362138,-0.154999999999));
#3129=CARTESIAN_POINT('',(-0.3,-0.3725));
#3130=CARTESIAN_POINT('',(-0.3,-0.527499999999));
#3131=CARTESIAN_POINT('',(1.2999999999995,3.84105163362138,-0.154999999999));
#3132=CARTESIAN_POINT('',(0.700000000000498,3.84105163362138,-0.154999999999));
#3133=CARTESIAN_POINT('',(-0.3,-0.527499999999));
#3134=CARTESIAN_POINT('',(0.299999999999,-0.527499999999));
#3135=CARTESIAN_POINT('',(0.700000000000498,3.84105163362138,-0.154999999999));
#3136=CARTESIAN_POINT('',(0.700000000000498,3.84105163362138,2.34910470705132E-16));
#3137=CARTESIAN_POINT('',(0.299999999999,-0.527499999999));
#3138=CARTESIAN_POINT('',(0.299999999999,-0.3725));
#3139=CARTESIAN_POINT('',(0.700000000000498,3.84105163362138,2.34910470705132E-16));
#3140=CARTESIAN_POINT('',(1.2999999999995,3.84105163362138,1.22423912405455E-16));
#3141=CARTESIAN_POINT('',(0.299999999999,-0.3725));
#3142=CARTESIAN_POINT('',(-0.3,-0.3725));
#3143=CARTESIAN_POINT('',(1.2999999999995,3.32500005015038,-0.372499999999667));
#3144=CARTESIAN_POINT('',(1.2999999999995,3.36682898905639,-0.3724999999995));
#3145=CARTESIAN_POINT('',(-0.599999999999,0.));
#3146=CARTESIAN_POINT('',(-0.599999999999,-0.0418289389059998));
#3147=CARTESIAN_POINT('',(1.2999999999995,3.36682898905639,-0.3724999999995));
#3148=CARTESIAN_POINT('',(0.700000000000498,3.36682898905639,-0.372499999999));
#3149=CARTESIAN_POINT('',(-0.599999999999,-0.0418289389059998));
#3150=CARTESIAN_POINT('',(0.,-0.0418289389059998));
#3151=CARTESIAN_POINT('',(0.700000000000498,3.36682898905639,-0.372499999999));
#3152=CARTESIAN_POINT('',(0.700000000000498,3.32500005015038,-0.372499999999));
#3153=CARTESIAN_POINT('',(0.,-0.0418289389059998));
#3154=CARTESIAN_POINT('',(0.,0.));
#3155=CARTESIAN_POINT('',(0.700000000000498,3.32500005015038,-0.372499999999));
#3156=CARTESIAN_POINT('',(1.2999999999995,3.32500005015038,-0.372499999999667));
#3157=CARTESIAN_POINT('',(0.,0.));
#3158=CARTESIAN_POINT('',(-0.599999999999,0.));
#3159=CARTESIAN_POINT('',(1.2999999999995,3.32500005015038,-0.5275));
#3160=CARTESIAN_POINT('',(1.2999999999995,3.36682898905639,-0.52749999999975));
#3161=CARTESIAN_POINT('',(0.,0.));
#3162=CARTESIAN_POINT('',(0.,-0.0418289389059998));
#3163=CARTESIAN_POINT('',(1.2999999999995,3.36682898905639,-0.52749999999975));
#3164=CARTESIAN_POINT('',(1.2999999999995,3.36682898905639,-0.3724999999995));
#3165=CARTESIAN_POINT('',(0.,-0.0418289389059998));
#3166=CARTESIAN_POINT('',(0.155,-0.0418289389059998));
#3167=CARTESIAN_POINT('',(0.155,0.));
#3168=CARTESIAN_POINT('',(0.155,-0.0418289389059998));
#3169=CARTESIAN_POINT('',(1.2999999999995,3.32500005015038,-0.372499999999667));
#3170=CARTESIAN_POINT('',(1.2999999999995,3.32500005015038,-0.399999999999));
#3171=CARTESIAN_POINT('',(0.155,0.));
#3172=CARTESIAN_POINT('',(0.127500000001,0.));
#3173=CARTESIAN_POINT('',(1.2999999999995,3.32500005015038,-0.399999999999));
#3174=CARTESIAN_POINT('',(1.2999999999995,3.32500005015024,-0.499999999999989));
#3175=CARTESIAN_POINT('',(0.127500000001,0.));
#3176=CARTESIAN_POINT('',(0.0275,0.));
#3177=CARTESIAN_POINT('',(0.,0.));
#3178=CARTESIAN_POINT('',(0.0275,0.));
#3179=CARTESIAN_POINT('',(0.700000000000498,3.32500005015038,-0.5275));
#3180=CARTESIAN_POINT('',(0.700000000000498,3.36682898905639,-0.52749999999975));
#3181=CARTESIAN_POINT('',(0.,0.));
#3182=CARTESIAN_POINT('',(0.,-0.0418289389059998));
#3183=CARTESIAN_POINT('',(0.700000000000498,3.36682898905639,-0.52749999999975));
#3184=CARTESIAN_POINT('',(1.2999999999995,3.36682898905639,-0.52749999999975));
#3185=CARTESIAN_POINT('',(0.,-0.0418289389059998));
#3186=CARTESIAN_POINT('',(0.599999999999,-0.0418289389059998));
#3187=CARTESIAN_POINT('',(0.599999999999,0.));
#3188=CARTESIAN_POINT('',(0.599999999999,-0.0418289389059998));
#3189=CARTESIAN_POINT('',(0.,0.));
#3190=CARTESIAN_POINT('',(0.599999999999,0.));
#3191=CARTESIAN_POINT('',(0.700000000000498,3.36682898905639,-0.372499999999));
#3192=CARTESIAN_POINT('',(0.700000000000498,3.36682898905639,-0.52749999999975));
#3193=CARTESIAN_POINT('',(-0.155000000001,-0.0418289389059998));
#3194=CARTESIAN_POINT('',(0.,-0.0418289389059998));
#3195=CARTESIAN_POINT('',(0.,0.));
#3196=CARTESIAN_POINT('',(0.,-0.0418289389059998));
#3197=CARTESIAN_POINT('',(-0.0275,0.));
#3198=CARTESIAN_POINT('',(0.,0.));
#3199=CARTESIAN_POINT('',(0.700000000000498,3.32500005015024,-0.499999999999989));
#3200=CARTESIAN_POINT('',(0.700000000000498,3.32500005015038,-0.399999999999));
#3201=CARTESIAN_POINT('',(-0.0275,0.));
#3202=CARTESIAN_POINT('',(-0.127500000001,0.));
#3203=CARTESIAN_POINT('',(0.700000000000498,3.32500005015038,-0.399999999999));
#3204=CARTESIAN_POINT('',(0.700000000000498,3.32500005015038,-0.372499999999));
#3205=CARTESIAN_POINT('',(-0.127500000001,0.));
#3206=CARTESIAN_POINT('',(-0.155000000001,0.));
#3207=CARTESIAN_POINT('',(-0.155000000001,-0.0418289389059998));
#3208=CARTESIAN_POINT('',(-0.155000000001,0.));
#3209=CARTESIAN_POINT('',(1.2999999999995,3.38924336976317,-0.351961004210981));
#3210=CARTESIAN_POINT('',(0.700000000000498,3.38924336976317,-0.351961004210981));
#3211=CARTESIAN_POINT('',(0.6611999999989,4.61712165650478));
#3212=CARTESIAN_POINT('',(0.0611999999999001,4.61712165650478));
#3213=CARTESIAN_POINT('',(0.700000000000498,3.38924336976317,-0.351961004210981));
#3214=CARTESIAN_POINT('',(0.700000000000499,3.38744644047161,-0.372499999999));
#3215=CARTESIAN_POINT('',(0.700000000000498,3.36682898905639,-0.372499999999));
#3216=CARTESIAN_POINT('',(0.0611999999999001,4.61712165650478));
#3217=CARTESIAN_POINT('',(0.0611999999999,3.14159265358979));
#3218=CARTESIAN_POINT('',(0.6611999999989,3.14159265358979));
#3219=CARTESIAN_POINT('',(0.0611999999999,3.14159265358979));
#3220=CARTESIAN_POINT('',(1.2999999999995,3.36682898905639,-0.372499999999501));
#3221=CARTESIAN_POINT('',(1.2999999999995,3.38744644047161,-0.372499999999001));
#3222=CARTESIAN_POINT('',(1.2999999999995,3.38924336976317,-0.351961004210981));
#3223=CARTESIAN_POINT('',(0.6611999999989,3.14159265358979));
#3224=CARTESIAN_POINT('',(0.6611999999989,4.61712165650478));
#3225=CARTESIAN_POINT('',(1.2999999999995,3.36682898905638,-0.52749999999975));
#3226=CARTESIAN_POINT('',(1.2999999999995,3.52947777244419,-0.527499999999));
#3227=CARTESIAN_POINT('',(1.2999999999995,3.54365354796722,-0.365470144336986));
#3228=CARTESIAN_POINT('',(-9.99977878279879E-13,0.));
#3229=CARTESIAN_POINT('',(3.01168358009046E-16,-0.162648783387803));
#3230=CARTESIAN_POINT('',(0.162029855662,-0.176824558911));
#3231=CARTESIAN_POINT('',(1.2999999999995,3.54365354796722,-0.365470144336986));
#3232=CARTESIAN_POINT('',(1.2999999999995,3.38924336976317,-0.351961004210981));
#3233=CARTESIAN_POINT('',(0.162029855662,-0.176824558911));
#3234=CARTESIAN_POINT('',(0.175538995788,-0.0224143807070001));
#3235=CARTESIAN_POINT('',(0.154999999999,0.));
#3236=CARTESIAN_POINT('',(0.155,-0.0206174514152241));
#3237=CARTESIAN_POINT('',(0.175538995788,-0.0224143807070001));
#3238=CARTESIAN_POINT('',(-9.99977878279879E-13,0.));
#3239=CARTESIAN_POINT('',(0.154999999999,0.));
#3240=CARTESIAN_POINT('',(0.700000000000498,3.36682898905639,-0.52749999999975));
#3241=CARTESIAN_POINT('',(0.700000000000498,3.52947777244419,-0.527499999999));
#3242=CARTESIAN_POINT('',(0.700000000000498,3.54365354796722,-0.365470144336986));
#3243=CARTESIAN_POINT('',(3.14159265358979,0.0611999999999));
#3244=CARTESIAN_POINT('',(4.61712165647008,0.0611999999999));
#3245=CARTESIAN_POINT('',(0.700000000000498,3.54365354796722,-0.365470144336986));
#3246=CARTESIAN_POINT('',(1.2999999999995,3.54365354796722,-0.365470144336986));
#3247=CARTESIAN_POINT('',(4.61712165647008,0.0611999999999));
#3248=CARTESIAN_POINT('',(4.61712165647008,0.6611999999989));
#3249=CARTESIAN_POINT('',(3.14159265358979,0.6611999999989));
#3250=CARTESIAN_POINT('',(4.61712165647008,0.6611999999989));
#3251=CARTESIAN_POINT('',(3.14159265358979,0.0611999999999));
#3252=CARTESIAN_POINT('',(3.14159265358979,0.6611999999989));
#3253=CARTESIAN_POINT('',(0.700000000000498,3.38924336976317,-0.351961004210981));
#3254=CARTESIAN_POINT('',(0.700000000000498,3.54365354796722,-0.365470144336986));
#3255=CARTESIAN_POINT('',(-0.175538995788,-0.0224143807070001));
#3256=CARTESIAN_POINT('',(-0.162029855662,-0.176824558911));
#3257=CARTESIAN_POINT('',(9.99977878279879E-13,0.));
#3258=CARTESIAN_POINT('',(-3.01168358009046E-16,-0.162648783387803));
#3259=CARTESIAN_POINT('',(-0.162029855662,-0.176824558911));
#3260=CARTESIAN_POINT('',(-0.155,0.));
#3261=CARTESIAN_POINT('',(9.99977878279879E-13,0.));
#3262=CARTESIAN_POINT('',(-0.175538995788,-0.0224143807070001));
#3263=CARTESIAN_POINT('',(-0.155,-0.0206174514152242));
#3264=CARTESIAN_POINT('',(-0.155,0.));
#3265=CARTESIAN_POINT('',(1.2999999999995,3.38924336976317,-0.351961004210981));
#3266=CARTESIAN_POINT('',(1.2999999999995,3.40586019211189,-0.162029855662044));
#3267=CARTESIAN_POINT('',(1.93524624652208E-17,-0.599999999999));
#3268=CARTESIAN_POINT('',(0.190656654680835,-0.599999999999));
#3269=CARTESIAN_POINT('',(1.2999999999995,3.40586019211189,-0.162029855662044));
#3270=CARTESIAN_POINT('',(0.700000000000498,3.40586019211189,-0.162029855662044));
#3271=CARTESIAN_POINT('',(0.190656654680835,-0.599999999999));
#3272=CARTESIAN_POINT('',(0.190656654680835,-7.70371977754894E-34));
#3273=CARTESIAN_POINT('',(0.700000000000498,3.40586019211189,-0.162029855662044));
#3274=CARTESIAN_POINT('',(0.700000000000498,3.38924336976317,-0.351961004210981));
#3275=CARTESIAN_POINT('',(0.190656654680835,-7.70371977754894E-34));
#3276=CARTESIAN_POINT('',(0.,0.));
#3277=CARTESIAN_POINT('',(1.93524624652208E-17,-0.599999999999));
#3278=CARTESIAN_POINT('',(0.,0.));
#3279=CARTESIAN_POINT('',(1.2999999999995,3.54365354796722,-0.365470144336986));
#3280=CARTESIAN_POINT('',(1.2999999999995,3.5602703703162,-0.175538995787984));
#3281=CARTESIAN_POINT('',(0.,0.));
#3282=CARTESIAN_POINT('',(-0.016616822349,-0.189931148549));
#3283=CARTESIAN_POINT('',(1.2999999999995,3.5602703703162,-0.175538995787984));
#3284=CARTESIAN_POINT('',(1.2999999999995,3.40586019211189,-0.162029855662044));
#3285=CARTESIAN_POINT('',(-0.016616822349,-0.189931148549));
#3286=CARTESIAN_POINT('',(0.137793355856,-0.203440288675));
#3287=CARTESIAN_POINT('',(0.154410178204,-0.013509140126));
#3288=CARTESIAN_POINT('',(0.137793355856,-0.203440288675));
#3289=CARTESIAN_POINT('',(0.,0.));
#3290=CARTESIAN_POINT('',(0.154410178204,-0.013509140126));
#3291=CARTESIAN_POINT('',(0.700000000000498,3.54365354796722,-0.365470144336986));
#3292=CARTESIAN_POINT('',(0.700000000000498,3.5602703703162,-0.175538995787984));
#3293=CARTESIAN_POINT('',(0.,0.));
#3294=CARTESIAN_POINT('',(-0.190656654680923,-7.3185337886715E-33));
#3295=CARTESIAN_POINT('',(0.700000000000498,3.5602703703162,-0.175538995787984));
#3296=CARTESIAN_POINT('',(1.2999999999995,3.5602703703162,-0.175538995787984));
#3297=CARTESIAN_POINT('',(-0.190656654680923,-7.3185337886715E-33));
#3298=CARTESIAN_POINT('',(-0.190656654680923,-0.599999999999));
#3299=CARTESIAN_POINT('',(1.93524624652208E-17,-0.599999999999));
#3300=CARTESIAN_POINT('',(-0.190656654680923,-0.599999999999));
#3301=CARTESIAN_POINT('',(0.,0.));
#3302=CARTESIAN_POINT('',(1.93524624652208E-17,-0.599999999999));
#3303=CARTESIAN_POINT('',(0.700000000000498,3.40586019211189,-0.162029855662044));
#3304=CARTESIAN_POINT('',(0.700000000000498,3.5602703703162,-0.175538995787984));
#3305=CARTESIAN_POINT('',(-0.203440288675,0.137793355856));
#3306=CARTESIAN_POINT('',(-0.189931148549,-0.016616822349));
#3307=CARTESIAN_POINT('',(0.,0.));
#3308=CARTESIAN_POINT('',(-0.189931148549,-0.016616822349));
#3309=CARTESIAN_POINT('',(-0.013509140126,0.154410178204));
#3310=CARTESIAN_POINT('',(0.,0.));
#3311=CARTESIAN_POINT('',(-0.203440288675,0.137793355856));
#3312=CARTESIAN_POINT('',(-0.013509140126,0.154410178204));
#3313=CARTESIAN_POINT('',(1.2999999999995,3.40586019211189,-0.162029855662044));
#3314=CARTESIAN_POINT('',(1.2999999999995,3.4200359676355,0.));
#3315=CARTESIAN_POINT('',(1.2999999999995,3.58268475102338,2.33146835171283E-15));
#3316=CARTESIAN_POINT('',(1.66606365070898,0.0611999999999001));
#3317=CARTESIAN_POINT('',(3.14159265358979,0.0611999999999001));
#3318=CARTESIAN_POINT('',(1.2999999999995,3.58268475102338,5.81805619027269E-17));
#3319=CARTESIAN_POINT('',(0.700000000000498,3.58268475102338,8.83353720032346E-17));
#3320=CARTESIAN_POINT('',(3.14159265358979,0.0611999999999001));
#3321=CARTESIAN_POINT('',(3.14159265358979,0.6611999999989));
#3322=CARTESIAN_POINT('',(0.700000000000498,3.58268475102338,-6.93889390390723E-16));
#3323=CARTESIAN_POINT('',(0.700000000000498,3.4200359676355,0.));
#3324=CARTESIAN_POINT('',(0.700000000000498,3.40586019211189,-0.162029855662044));
#3325=CARTESIAN_POINT('',(3.14159265358979,0.6611999999989));
#3326=CARTESIAN_POINT('',(1.66606365070898,0.6611999999989));
#3327=CARTESIAN_POINT('',(1.66606365070898,0.0611999999999001));
#3328=CARTESIAN_POINT('',(1.66606365070898,0.6611999999989));
#3329=CARTESIAN_POINT('',(1.2999999999995,3.5602703703162,-0.175538995787984));
#3330=CARTESIAN_POINT('',(1.2999999999995,3.56206729960724,-0.154999999999));
#3331=CARTESIAN_POINT('',(1.2999999999995,3.58268475102338,-0.154999999999));
#3332=CARTESIAN_POINT('',(0.,0.));
#3333=CARTESIAN_POINT('',(0.0205389957890001,-0.00179692929085945));
#3334=CARTESIAN_POINT('',(0.020538995789,-0.0224143807070001));
#3335=CARTESIAN_POINT('',(1.2999999999995,3.58268475102338,-0.154999999999));
#3336=CARTESIAN_POINT('',(1.2999999999995,3.58268475102338,5.81805619027269E-17));
#3337=CARTESIAN_POINT('',(0.020538995789,-0.0224143807070001));
#3338=CARTESIAN_POINT('',(0.175538995788,-0.0224143807070001));
#3339=CARTESIAN_POINT('',(0.013509140126,0.154410178205));
#3340=CARTESIAN_POINT('',(0.175538995788,0.140234402680884));
#3341=CARTESIAN_POINT('',(0.175538995788,-0.0224143807070001));
#3342=CARTESIAN_POINT('',(0.,0.));
#3343=CARTESIAN_POINT('',(0.013509140126,0.154410178205));
#3344=CARTESIAN_POINT('',(0.700000000000498,3.58268475102338,-0.154999999999));
#3345=CARTESIAN_POINT('',(1.2999999999995,3.58268475102338,-0.154999999999));
#3346=CARTESIAN_POINT('',(0.6611999999989,3.14159265358979));
#3347=CARTESIAN_POINT('',(0.0611999999999,3.14159265358979));
#3348=CARTESIAN_POINT('',(0.0611999999999,1.66606365067481));
#3349=CARTESIAN_POINT('',(0.0611999999999,3.14159265358979));
#3350=CARTESIAN_POINT('',(0.6611999999989,1.66606365067481));
#3351=CARTESIAN_POINT('',(0.0611999999999,1.66606365067481));
#3352=CARTESIAN_POINT('',(0.700000000000498,3.5602703703162,-0.175538995787984));
#3353=CARTESIAN_POINT('',(0.700000000000499,3.56206729960725,-0.154999999999001));
#3354=CARTESIAN_POINT('',(0.700000000000498,3.58268475102338,-0.154999999999001));
#3355=CARTESIAN_POINT('',(0.6611999999989,1.66606365067481));
#3356=CARTESIAN_POINT('',(0.6611999999989,3.14159265358979));
#3357=CARTESIAN_POINT('',(0.700000000000498,3.58268475102338,8.83353720032346E-17));
#3358=CARTESIAN_POINT('',(0.700000000000498,3.58268475102338,-0.154999999999));
#3359=CARTESIAN_POINT('',(-0.175538995788,-0.0224143807070001));
#3360=CARTESIAN_POINT('',(-0.020538995789,-0.0224143807070001));
#3361=CARTESIAN_POINT('',(0.,0.));
#3362=CARTESIAN_POINT('',(-0.0205389957890001,-0.00179692929085945));
#3363=CARTESIAN_POINT('',(-0.020538995789,-0.0224143807070001));
#3364=CARTESIAN_POINT('',(-0.013509140126,0.154410178205));
#3365=CARTESIAN_POINT('',(0.,0.));
#3366=CARTESIAN_POINT('',(-0.175538995788,-0.0224143807070001));
#3367=CARTESIAN_POINT('',(-0.175538995788,0.140234402680884));
#3368=CARTESIAN_POINT('',(-0.013509140126,0.154410178205));
#3369=CARTESIAN_POINT('',(1.2999999999995,3.58268475102338,5.81805619027269E-17));
#3370=CARTESIAN_POINT('',(1.2999999999995,3.84105163362138,1.22423912405455E-16));
#3371=CARTESIAN_POINT('',(-0.599999999999,1.3684555315672E-48));
#3372=CARTESIAN_POINT('',(-0.599999999999,-0.258366882598));
#3373=CARTESIAN_POINT('',(-4.89789312841962E-33,-0.258366882598));
#3374=CARTESIAN_POINT('',(-0.599999999999,-0.258366882598));
#3375=CARTESIAN_POINT('',(0.700000000000498,3.84105163362138,2.34910470705132E-16));
#3376=CARTESIAN_POINT('',(0.700000000000498,3.58268475102338,8.83353720032346E-17));
#3377=CARTESIAN_POINT('',(-4.89789312841962E-33,-0.258366882598));
#3378=CARTESIAN_POINT('',(0.,0.));
#3379=CARTESIAN_POINT('',(-0.599999999999,1.3684555315672E-48));
#3380=CARTESIAN_POINT('',(0.,0.));
#3381=CARTESIAN_POINT('',(1.2999999999995,3.58268475102338,-0.154999999999));
#3382=CARTESIAN_POINT('',(1.2999999999995,3.84105163362138,-0.154999999999));
#3383=CARTESIAN_POINT('',(0.,0.));
#3384=CARTESIAN_POINT('',(0.,-0.258366882598));
#3385=CARTESIAN_POINT('',(0.154999999999,-0.258366882598));
#3386=CARTESIAN_POINT('',(0.,-0.258366882598));
#3387=CARTESIAN_POINT('',(0.154999999999,-4.77368255374486E-50));
#3388=CARTESIAN_POINT('',(0.154999999999,-0.258366882598));
#3389=CARTESIAN_POINT('',(0.,0.));
#3390=CARTESIAN_POINT('',(0.154999999999,-4.77368255374486E-50));
#3391=CARTESIAN_POINT('',(0.700000000000498,3.58268475102338,-0.154999999999));
#3392=CARTESIAN_POINT('',(0.700000000000498,3.84105163362138,-0.154999999999));
#3393=CARTESIAN_POINT('',(0.,0.));
#3394=CARTESIAN_POINT('',(-5.01544256350794E-33,-0.258366882598));
#3395=CARTESIAN_POINT('',(0.599999999999,-0.258366882598));
#3396=CARTESIAN_POINT('',(-5.01544256350794E-33,-0.258366882598));
#3397=CARTESIAN_POINT('',(0.599999999999,2.72982591055098E-34));
#3398=CARTESIAN_POINT('',(0.599999999999,-0.258366882598));
#3399=CARTESIAN_POINT('',(0.,0.));
#3400=CARTESIAN_POINT('',(0.599999999999,2.72982591055098E-34));
#3401=CARTESIAN_POINT('',(0.,-0.258366882598));
#3402=CARTESIAN_POINT('',(-0.154999999999,-0.258366882598));
#3403=CARTESIAN_POINT('',(0.,0.));
#3404=CARTESIAN_POINT('',(0.,-0.258366882598));
#3405=CARTESIAN_POINT('',(-0.154999999999,0.));
#3406=CARTESIAN_POINT('',(0.,0.));
#3407=CARTESIAN_POINT('',(-0.154999999999,-0.258366882598));
#3408=CARTESIAN_POINT('',(-0.154999999999,0.));
#3409=CARTESIAN_POINT('',(-0.399999999999,0.299999999999));
#3410=CARTESIAN_POINT('',(-0.372499999999,0.299999999999));
#3411=CARTESIAN_POINT('',(0.700000000000498,3.32500005015038,-0.399999999999));
#3412=CARTESIAN_POINT('',(1.2999999999995,3.32500005015038,-0.399999999999));
#3413=CARTESIAN_POINT('',(-0.399999999999,0.299999999999));
#3414=CARTESIAN_POINT('',(-0.399999999999,-0.3));
#3415=CARTESIAN_POINT('',(-0.3725,-0.3));
#3416=CARTESIAN_POINT('',(-0.399999999999,-0.3));
#3417=CARTESIAN_POINT('',(-0.372499999999,0.299999999999));
#3418=CARTESIAN_POINT('',(-0.3725,-0.3));
#3419=CARTESIAN_POINT('',(1.72377815919495,0.7217973677974));
#3420=CARTESIAN_POINT('',(1.5707963267949,0.7217973677974));
#3421=CARTESIAN_POINT('',(1.72377815919495,0.4225421901604));
#3422=CARTESIAN_POINT('',(1.72377815919495,0.7217973677974));
#3423=CARTESIAN_POINT('',(1.5707963267949,0.4225421901604));
#3424=CARTESIAN_POINT('',(1.72377815919495,0.4225421901604));
#3425=CARTESIAN_POINT('',(1.6818880796585,3.11661859956139,-1.2));
#3426=CARTESIAN_POINT('',(1.6818880796585,3.18188812981038,-1.2));
#3427=CARTESIAN_POINT('',(1.5707963267949,0.4225421901604));
#3428=CARTESIAN_POINT('',(1.5707963267949,0.3572726599114));
#3429=CARTESIAN_POINT('',(1.6818880796585,3.18188812981038,-1.2));
#3430=CARTESIAN_POINT('',(1.69435544245159,3.19435549260344,-1.2));
#3431=CARTESIAN_POINT('',(1.70679258929271,3.20681794059232,-1.19764274673088));
#3432=CARTESIAN_POINT('',(1.73001085145486,3.23003976316172,-1.188526806431));
#3433=CARTESIAN_POINT('',(1.74079210613257,3.24079241894739,-1.18177089967091));
#3434=CARTESIAN_POINT('',(1.76836157530558,3.26836110092179,-1.15616042393182));
#3435=CARTESIAN_POINT('',(1.77983820014616,3.27983825029803,-1.13226519793607));
#3436=CARTESIAN_POINT('',(1.78163394964176,3.2816339997934,-1.10712470499802));
#3437=CARTESIAN_POINT('',(1.5707963267949,0.3572726599114));
#3438=CARTESIAN_POINT('',(2.13411778314165,0.306555910072497));
#3439=CARTESIAN_POINT('',(2.49618205097549,0.261269473671839));
#3440=CARTESIAN_POINT('',(3.06351002966801,0.2575267899284));
#3441=CARTESIAN_POINT('',(1.78163394964176,3.2816339997934,-1.10712470499802));
#3442=CARTESIAN_POINT('',(1.78163394964176,0.718366100509124,-1.10712470499804));
#3443=CARTESIAN_POINT('',(3.06351002966801,0.2575267899284));
#3444=CARTESIAN_POINT('',(3.06351002966801,2.8207946892124));
#3445=CARTESIAN_POINT('',(1.78163394964176,0.718366100509124,-1.10712470499804));
#3446=CARTESIAN_POINT('',(1.77983820014637,0.720161850004721,-1.13226519793609));
#3447=CARTESIAN_POINT('',(1.76836105077009,0.731638474845303,-1.15616042393183));
#3448=CARTESIAN_POINT('',(1.74079236879562,0.759207944018311,-1.18177089967092));
#3449=CARTESIAN_POINT('',(1.73003971300993,0.769989198696019,-1.188526806431));
#3450=CARTESIAN_POINT('',(1.70681789044049,0.793207460858174,-1.19764274673088));
#3451=CARTESIAN_POINT('',(1.69435544245158,0.805644607699293,-1.2));
#3452=CARTESIAN_POINT('',(1.6818880796585,0.818111970492384,-1.2));
#3453=CARTESIAN_POINT('',(3.06351002966801,2.8207946892124));
#3454=CARTESIAN_POINT('',(2.49618189318541,2.81705200442753));
#3455=CARTESIAN_POINT('',(2.13411793981745,2.77176558317426));
#3456=CARTESIAN_POINT('',(1.5707963267949,2.7210488192294));
#3457=CARTESIAN_POINT('',(1.6818880796585,0.818111970492384,-1.2));
#3458=CARTESIAN_POINT('',(1.6818880796585,2.81736342192439,-1.2));
#3459=CARTESIAN_POINT('',(1.5707963267949,2.7210488192294));
#3460=CARTESIAN_POINT('',(1.5707963267949,0.7217973677974));
#3461=CARTESIAN_POINT('',(0.218366050357487,0.718366100509124,-1.10712470499802));
#3462=CARTESIAN_POINT('',(0.220161799853059,0.720161850004514,-1.13226519793607));
#3463=CARTESIAN_POINT('',(0.231638424693605,0.731638999380799,-1.15616042393181));
#3464=CARTESIAN_POINT('',(0.259207893866543,0.759207681355263,-1.18177089967091));
#3465=CARTESIAN_POINT('',(0.269989148544228,0.769960337140957,-1.188526806431));
#3466=CARTESIAN_POINT('',(0.293207410706334,0.793182159710398,-1.19764274673088));
#3467=CARTESIAN_POINT('',(0.30564455754743,0.805644607699304,-1.2));
#3468=CARTESIAN_POINT('',(0.318111920340499,0.818111970492384,-1.2));
#3469=CARTESIAN_POINT('',(4.63430635646291,1.7207946892124));
#3470=CARTESIAN_POINT('',(4.06697821998435,1.71705200442761));
#3471=CARTESIAN_POINT('',(3.70491426660834,1.67176558317381));
#3472=CARTESIAN_POINT('',(3.14159265358979,1.6210488192294));
#3473=CARTESIAN_POINT('',(0.318111920340499,0.818111970492384,-1.2));
#3474=CARTESIAN_POINT('',(1.6818880796585,0.818111970492384,-1.2));
#3475=CARTESIAN_POINT('',(3.14159265358979,1.6210488192294));
#3476=CARTESIAN_POINT('',(3.14159265358979,0.2572726599114));
#3477=CARTESIAN_POINT('',(4.63430635646291,0.1575267899284));
#3478=CARTESIAN_POINT('',(4.06697837776647,0.161269473671913));
#3479=CARTESIAN_POINT('',(3.70491410994044,0.20655591007206));
#3480=CARTESIAN_POINT('',(3.14159265358979,0.2572726599114));
#3481=CARTESIAN_POINT('',(1.78163394964176,0.718366100509124,-1.10712470499804));
#3482=CARTESIAN_POINT('',(0.218366050357487,0.718366100509124,-1.10712470499802));
#3483=CARTESIAN_POINT('',(4.63430635646291,0.1575267899284));
#3484=CARTESIAN_POINT('',(4.63430635646291,1.7207946892124));
#3485=CARTESIAN_POINT('',(0.318111920340499,3.18188812981038,-1.2));
#3486=CARTESIAN_POINT('',(0.30564455754744,3.19435549260345,-1.2));
#3487=CARTESIAN_POINT('',(0.293182109558558,3.20679263944455,-1.19764274673087));
#3488=CARTESIAN_POINT('',(0.269960286989164,3.23001090160665,-1.18852680643099));
#3489=CARTESIAN_POINT('',(0.259207631203495,3.24079215628434,-1.1817708996709));
#3490=CARTESIAN_POINT('',(0.231638949229096,3.26836162545728,-1.1561604239318));
#3491=CARTESIAN_POINT('',(0.220161799852853,3.27983825029782,-1.13226519793606));
#3492=CARTESIAN_POINT('',(0.218366050357487,3.2816339997934,-1.107124704998));
#3493=CARTESIAN_POINT('',(3.14159265358979,0.2572726599114));
#3494=CARTESIAN_POINT('',(3.7049141099383,0.206555910072248));
#3495=CARTESIAN_POINT('',(4.06697837776861,0.161269473671841));
#3496=CARTESIAN_POINT('',(4.63430635646291,0.1575267899284));
#3497=CARTESIAN_POINT('',(0.218366050357487,3.2816339997934,-1.107124704998));
#3498=CARTESIAN_POINT('',(1.78163394964176,3.2816339997934,-1.10712470499802));
#3499=CARTESIAN_POINT('',(4.63430635646291,0.1575267899284));
#3500=CARTESIAN_POINT('',(4.63430635646291,1.7207946892124));
#3501=CARTESIAN_POINT('',(3.14159265358979,1.6210488192294));
#3502=CARTESIAN_POINT('',(3.70491426661435,1.67176558317453));
#3503=CARTESIAN_POINT('',(4.06697821997829,1.71705200442753));
#3504=CARTESIAN_POINT('',(4.63430635646291,1.7207946892124));
#3505=CARTESIAN_POINT('',(1.6818880796585,3.18188812981038,-1.2));
#3506=CARTESIAN_POINT('',(0.318111920340499,3.18188812981038,-1.2));
#3507=CARTESIAN_POINT('',(3.14159265358979,1.6210488192294));
#3508=CARTESIAN_POINT('',(3.14159265358979,0.2572726599114));
#3509=CARTESIAN_POINT('',(1.5707963267949,2.3565241113434));
#3510=CARTESIAN_POINT('',(1.72377815919495,2.3565241113434));
#3511=CARTESIAN_POINT('',(0.318111920340499,2.81736342192439,-1.2));
#3512=CARTESIAN_POINT('',(0.318111920340499,0.818111970492384,-1.2));
#3513=CARTESIAN_POINT('',(1.5707963267949,2.3565241113434));
#3514=CARTESIAN_POINT('',(1.5707963267949,0.3572726599114));
#3515=CARTESIAN_POINT('',(3.06351002966801,0.2575267899284));
#3516=CARTESIAN_POINT('',(2.4961820509695,0.261269473671918));
#3517=CARTESIAN_POINT('',(2.1341177831476,0.306555910071785));
#3518=CARTESIAN_POINT('',(1.5707963267949,0.3572726599114));
#3519=CARTESIAN_POINT('',(3.06351002966801,2.8207946892124));
#3520=CARTESIAN_POINT('',(3.06351002966801,0.2575267899284));
#3521=CARTESIAN_POINT('',(1.5707963267949,2.7210488192294));
#3522=CARTESIAN_POINT('',(2.13411793981529,2.77176558317406));
#3523=CARTESIAN_POINT('',(2.49618189318758,2.81705200442761));
#3524=CARTESIAN_POINT('',(3.06351002966801,2.8207946892124));
#3525=CARTESIAN_POINT('',(0.318111920340499,3.18188812981038,-1.2));
#3526=CARTESIAN_POINT('',(0.318111920340499,3.11661859956138,-1.2));
#3527=CARTESIAN_POINT('',(1.5707963267949,2.7210488192294));
#3528=CARTESIAN_POINT('',(1.5707963267949,2.6557792889804));
#3529=CARTESIAN_POINT('',(1.72377815919495,2.6557792889804));
#3530=CARTESIAN_POINT('',(1.5707963267949,2.6557792889804));
#3531=CARTESIAN_POINT('',(1.72377815919495,2.3565241113434));
#3532=CARTESIAN_POINT('',(1.72377815919495,2.6557792889804));
#3533=CARTESIAN_POINT('',(1.6902872911605,0.809712758990385,-0.1));
#3534=CARTESIAN_POINT('',(1.73892688271671,0.761073167434122,-0.0999999999999724));
#3535=CARTESIAN_POINT('',(1.78087556445238,0.719124485697664,-0.135253386722103));
#3536=CARTESIAN_POINT('',(1.78892668354379,0.71107336660709,-0.183560101268902));
#3537=CARTESIAN_POINT('',(4.71238898038469,0.3576247290918));
#3538=CARTESIAN_POINT('',(5.21967543509223,0.311952901877886));
#3539=CARTESIAN_POINT('',(5.59480079287602,0.267015236563425));
#3540=CARTESIAN_POINT('',(6.10542698767329,0.2589853367088));
#3541=CARTESIAN_POINT('',(1.78892668354379,0.71107336660709,-0.183560101268902));
#3542=CARTESIAN_POINT('',(1.78892668354379,3.28892673369544,-0.183560101268942));
#3543=CARTESIAN_POINT('',(6.10542698767329,0.2589853367088));
#3544=CARTESIAN_POINT('',(6.10542698767329,2.8368387037968));
#3545=CARTESIAN_POINT('',(1.78892668354379,3.28892673369544,-0.183560101268942));
#3546=CARTESIAN_POINT('',(1.78087556445322,3.28087561460407,-0.135253386722134));
#3547=CARTESIAN_POINT('',(1.73892688271676,3.23892693286851,-0.0999999999999871));
#3548=CARTESIAN_POINT('',(1.6902872911605,3.19028734131239,-0.1));
#3549=CARTESIAN_POINT('',(6.10542698767329,2.8368387037968));
#3550=CARTESIAN_POINT('',(5.59480079288832,2.82880880394156));
#3551=CARTESIAN_POINT('',(5.21967543508012,2.78387113862645));
#3552=CARTESIAN_POINT('',(4.71238898038469,2.7381993114138));
#3553=CARTESIAN_POINT('',(1.6902872911605,3.19028734131239,-0.1));
#3554=CARTESIAN_POINT('',(1.6902872911605,0.809712758990385,-0.1));
#3555=CARTESIAN_POINT('',(4.71238898038469,2.7381993114138));
#3556=CARTESIAN_POINT('',(4.71238898038469,0.3576247290918));
#3557=CARTESIAN_POINT('',(0.211073316455447,3.28892673369544,-0.183560101268983));
#3558=CARTESIAN_POINT('',(0.219124435546812,3.28087561460491,-0.135253386722167));
#3559=CARTESIAN_POINT('',(0.261073117282372,3.23892693286856,-0.100000000000002));
#3560=CARTESIAN_POINT('',(0.309712708838498,3.19028734131239,-0.1));
#3561=CARTESIAN_POINT('',(4.53463066087839,1.7368387037968));
#3562=CARTESIAN_POINT('',(4.02400446614182,1.72880880394234));
#3563=CARTESIAN_POINT('',(3.64887910823714,1.6838711386222));
#3564=CARTESIAN_POINT('',(3.14159265358979,1.6381993114138));
#3565=CARTESIAN_POINT('',(0.309712708838498,3.19028734131239,-0.1));
#3566=CARTESIAN_POINT('',(1.6902872911605,3.19028734131239,-0.1));
#3567=CARTESIAN_POINT('',(3.14159265358979,1.6381993114138));
#3568=CARTESIAN_POINT('',(3.14159265358979,0.2576247290918));
#3569=CARTESIAN_POINT('',(4.53463066087839,0.1589853367088));
#3570=CARTESIAN_POINT('',(4.02400446607918,0.167015236563435));
#3571=CARTESIAN_POINT('',(3.64887910829926,0.211952901877628));
#3572=CARTESIAN_POINT('',(3.14159265358979,0.2576247290918));
#3573=CARTESIAN_POINT('',(1.78892668354379,3.28892673369544,-0.183560101268942));
#3574=CARTESIAN_POINT('',(0.211073316455447,3.28892673369544,-0.183560101268983));
#3575=CARTESIAN_POINT('',(4.53463066087839,0.1589853367088));
#3576=CARTESIAN_POINT('',(4.53463066087839,1.7368387037968));
#3577=CARTESIAN_POINT('',(0.309712708838498,0.809712758990385,-0.1));
#3578=CARTESIAN_POINT('',(0.261073117282324,0.761073167434169,-0.0999999999999871));
#3579=CARTESIAN_POINT('',(0.21912443554597,0.719124485698506,-0.135253386722134));
#3580=CARTESIAN_POINT('',(0.211073316455447,0.71107336660709,-0.183560101268942));
#3581=CARTESIAN_POINT('',(3.14159265358979,0.2576247290918));
#3582=CARTESIAN_POINT('',(3.64887910829315,0.211952901878347));
#3583=CARTESIAN_POINT('',(4.02400446608534,0.167015236563306));
#3584=CARTESIAN_POINT('',(4.53463066087839,0.1589853367088));
#3585=CARTESIAN_POINT('',(0.211073316455447,0.71107336660709,-0.183560101268942));
#3586=CARTESIAN_POINT('',(1.78892668354379,0.71107336660709,-0.183560101268902));
#3587=CARTESIAN_POINT('',(4.53463066087839,0.1589853367088));
#3588=CARTESIAN_POINT('',(4.53463066087839,1.7368387037968));
#3589=CARTESIAN_POINT('',(3.14159265358979,1.6381993114138));
#3590=CARTESIAN_POINT('',(3.64887910823942,1.68387113862241));
#3591=CARTESIAN_POINT('',(4.02400446613953,1.72880880394223));
#3592=CARTESIAN_POINT('',(4.53463066087839,1.7368387037968));
#3593=CARTESIAN_POINT('',(1.6902872911605,0.809712758990385,-0.1));
#3594=CARTESIAN_POINT('',(0.309712708838498,0.809712758990385,-0.1));
#3595=CARTESIAN_POINT('',(3.14159265358979,1.6381993114138));
#3596=CARTESIAN_POINT('',(3.14159265358979,0.2576247290918));
#3597=CARTESIAN_POINT('',(6.10542698767329,0.2589853367088));
#3598=CARTESIAN_POINT('',(5.59480079287828,0.267015236563317));
#3599=CARTESIAN_POINT('',(5.21967543508997,0.311952901878089));
#3600=CARTESIAN_POINT('',(4.71238898038469,0.3576247290918));
#3601=CARTESIAN_POINT('',(0.211073316455447,3.28892673369544,-0.183560101268983));
#3602=CARTESIAN_POINT('',(0.211073316455447,0.71107336660709,-0.183560101268942));
#3603=CARTESIAN_POINT('',(6.10542698767329,0.2589853367088));
#3604=CARTESIAN_POINT('',(6.10542698767329,2.8368387037968));
#3605=CARTESIAN_POINT('',(4.71238898038469,2.7381993114138));
#3606=CARTESIAN_POINT('',(5.21967543508625,2.78387113862717));
#3607=CARTESIAN_POINT('',(5.59480079288214,2.82880880394143));
#3608=CARTESIAN_POINT('',(6.10542698767329,2.8368387037968));
#3609=CARTESIAN_POINT('',(0.309712708838498,0.809712758990385,-0.1));
#3610=CARTESIAN_POINT('',(0.309712708838498,3.19028734131239,-0.1));
#3611=CARTESIAN_POINT('',(4.71238898038469,2.7381993114138));
#3612=CARTESIAN_POINT('',(4.71238898038469,0.3576247290918));
#3613=CARTESIAN_POINT('',(0.219425417676064,-0.036073316455));
#3614=CARTESIAN_POINT('',(0.219425417676064,-2.613926683543));
#3615=CARTESIAN_POINT('',(0.211073316455447,3.28892673369544,-0.183560101268983));
#3616=CARTESIAN_POINT('',(0.1750000000005,3.32500005015038,-0.399999999999));
#3617=CARTESIAN_POINT('',(0.219425417676064,-0.036073316455));
#3618=CARTESIAN_POINT('',(0.,0.));
#3619=CARTESIAN_POINT('',(0.1750000000005,3.32500005015038,-0.399999999999));
#3620=CARTESIAN_POINT('',(0.1750000000005,0.675000050151385,-0.399999999999));
#3621=CARTESIAN_POINT('',(0.,0.));
#3622=CARTESIAN_POINT('',(0.,-2.649999999999));
#3623=CARTESIAN_POINT('',(0.1750000000005,0.675000050151385,-0.399999999999));
#3624=CARTESIAN_POINT('',(0.211073316455447,0.71107336660709,-0.183560101268942));
#3625=CARTESIAN_POINT('',(0.,-2.649999999999));
#3626=CARTESIAN_POINT('',(0.219425417676064,-2.613926683543));
#3627=CARTESIAN_POINT('',(0.219425417676064,1.613926683543));
#3628=CARTESIAN_POINT('',(0.219425417676064,0.036073316455));
#3629=CARTESIAN_POINT('',(1.78892668354379,3.28892673369544,-0.183560101268942));
#3630=CARTESIAN_POINT('',(1.8249999999995,3.32500005015038,-0.399999999999));
#3631=CARTESIAN_POINT('',(0.219425417676064,1.613926683543));
#3632=CARTESIAN_POINT('',(0.,1.649999999999));
#3633=CARTESIAN_POINT('',(1.8249999999995,3.32500005015038,-0.399999999999));
#3634=CARTESIAN_POINT('',(1.2999999999995,3.32500005015038,-0.399999999999));
#3635=CARTESIAN_POINT('',(0.,1.649999999999));
#3636=CARTESIAN_POINT('',(0.,1.124999999999));
#3637=CARTESIAN_POINT('',(0.,0.525));
#3638=CARTESIAN_POINT('',(0.,1.124999999999));
#3639=CARTESIAN_POINT('',(0.700000000000498,3.32500005015038,-0.399999999999));
#3640=CARTESIAN_POINT('',(0.1750000000005,3.32500005015038,-0.399999999999));
#3641=CARTESIAN_POINT('',(0.,0.525));
#3642=CARTESIAN_POINT('',(0.,0.));
#3643=CARTESIAN_POINT('',(0.219425417676064,0.036073316455));
#3644=CARTESIAN_POINT('',(0.,0.));
#3645=CARTESIAN_POINT('',(0.219425417676229,-0.036073316455));
#3646=CARTESIAN_POINT('',(0.219425417676229,-1.613926683543));
#3647=CARTESIAN_POINT('',(0.,0.));
#3648=CARTESIAN_POINT('',(0.219425417676229,-0.036073316455));
#3649=CARTESIAN_POINT('',(0.1750000000005,0.675000050151385,-0.399999999999));
#3650=CARTESIAN_POINT('',(0.700000000000498,0.675000050151636,-0.399999999999));
#3651=CARTESIAN_POINT('',(0.,0.));
#3652=CARTESIAN_POINT('',(0.,-0.525));
#3653=CARTESIAN_POINT('',(0.,-1.124999999999));
#3654=CARTESIAN_POINT('',(0.,-0.525));
#3655=CARTESIAN_POINT('',(1.2999999999995,0.675000050151636,-0.399999999999));
#3656=CARTESIAN_POINT('',(1.8249999999995,0.675000050151385,-0.399999999999));
#3657=CARTESIAN_POINT('',(0.,-1.124999999999));
#3658=CARTESIAN_POINT('',(0.,-1.649999999999));
#3659=CARTESIAN_POINT('',(1.8249999999995,0.675000050151385,-0.399999999999));
#3660=CARTESIAN_POINT('',(1.78892668354379,0.71107336660709,-0.183560101268902));
#3661=CARTESIAN_POINT('',(0.,-1.649999999999));
#3662=CARTESIAN_POINT('',(0.219425417676229,-1.613926683543));
#3663=CARTESIAN_POINT('',(0.219425417676229,2.613926683543));
#3664=CARTESIAN_POINT('',(0.219425417676229,0.036073316455));
#3665=CARTESIAN_POINT('',(0.,2.649999999999));
#3666=CARTESIAN_POINT('',(0.219425417676229,2.613926683543));
#3667=CARTESIAN_POINT('',(1.8249999999995,0.675000050151385,-0.399999999999));
#3668=CARTESIAN_POINT('',(1.8249999999995,3.32500005015038,-0.399999999999));
#3669=CARTESIAN_POINT('',(0.,2.649999999999));
#3670=CARTESIAN_POINT('',(0.,0.));
#3671=CARTESIAN_POINT('',(0.219425417676229,0.036073316455));
#3672=CARTESIAN_POINT('',(0.,0.));
#3673=CARTESIAN_POINT('',(1.82499999999935,3.32500005015024,-0.499999999999979));
#3674=CARTESIAN_POINT('',(1.78163394964176,3.2816339997934,-1.10712470499802));
#3675=CARTESIAN_POINT('',(-0.825,0.70178344238091));
#3676=CARTESIAN_POINT('',(-0.781633949642,0.0931119203409228));
#3677=CARTESIAN_POINT('',(0.781633949642,0.0931119203409228));
#3678=CARTESIAN_POINT('',(-0.781633949642,0.0931119203409228));
#3679=CARTESIAN_POINT('',(0.824999999999,0.70178344238091));
#3680=CARTESIAN_POINT('',(0.781633949642,0.0931119203409228));
#3681=CARTESIAN_POINT('',(0.175000000000649,3.32500005015024,-0.499999999999979));
#3682=CARTESIAN_POINT('',(0.700000000000498,3.32500005015024,-0.499999999999989));
#3683=CARTESIAN_POINT('',(0.824999999999,0.70178344238091));
#3684=CARTESIAN_POINT('',(0.299999999999,0.70178344238091));
#3685=CARTESIAN_POINT('',(-0.3,0.70178344238091));
#3686=CARTESIAN_POINT('',(0.299999999999,0.70178344238091));
#3687=CARTESIAN_POINT('',(1.2999999999995,3.32500005015024,-0.499999999999989));
#3688=CARTESIAN_POINT('',(1.82499999999935,3.32500005015024,-0.499999999999979));
#3689=CARTESIAN_POINT('',(-0.3,0.70178344238091));
#3690=CARTESIAN_POINT('',(-0.825,0.70178344238091));
#3691=CARTESIAN_POINT('',(-0.781633949642,0.0931119203408516));
#3692=CARTESIAN_POINT('',(-0.824999999999,0.70178344238091));
#3693=CARTESIAN_POINT('',(0.781633949642,0.0931119203408516));
#3694=CARTESIAN_POINT('',(-0.781633949642,0.0931119203408516));
#3695=CARTESIAN_POINT('',(1.78163394964176,0.718366100509124,-1.10712470499804));
#3696=CARTESIAN_POINT('',(1.82499999999935,0.675000050151535,-0.499999999999979));
#3697=CARTESIAN_POINT('',(0.781633949642,0.0931119203408516));
#3698=CARTESIAN_POINT('',(0.825,0.70178344238091));
#3699=CARTESIAN_POINT('',(1.82499999999935,0.675000050151535,-0.499999999999979));
#3700=CARTESIAN_POINT('',(1.2999999999995,0.675000050151785,-0.499999999999989));
#3701=CARTESIAN_POINT('',(0.825,0.70178344238091));
#3702=CARTESIAN_POINT('',(0.3,0.70178344238091));
#3703=CARTESIAN_POINT('',(-0.299999999999,0.701783442380839));
#3704=CARTESIAN_POINT('',(0.3,0.70178344238091));
#3705=CARTESIAN_POINT('',(0.700000000000498,0.675000050152036,-0.500000000000007));
#3706=CARTESIAN_POINT('',(0.175000000000649,0.675000050151535,-0.499999999999979));
#3707=CARTESIAN_POINT('',(-0.299999999999,0.701783442380839));
#3708=CARTESIAN_POINT('',(-0.824999999999,0.70178344238091));
#3709=CARTESIAN_POINT('',(-1.281633949642,0.0931119203408518));
#3710=CARTESIAN_POINT('',(-1.325,0.70178344238091));
#3711=CARTESIAN_POINT('',(1.281633949642,0.0931119203408518));
#3712=CARTESIAN_POINT('',(-1.281633949642,0.0931119203408518));
#3713=CARTESIAN_POINT('',(1.324999999999,0.70178344238091));
#3714=CARTESIAN_POINT('',(1.281633949642,0.0931119203408518));
#3715=CARTESIAN_POINT('',(1.82499999999935,3.32500005015024,-0.499999999999979));
#3716=CARTESIAN_POINT('',(1.82499999999935,0.675000050151535,-0.499999999999979));
#3717=CARTESIAN_POINT('',(1.324999999999,0.70178344238091));
#3718=CARTESIAN_POINT('',(-1.325,0.70178344238091));
#3719=CARTESIAN_POINT('',(-0.690287291161,-1.190287291161));
#3720=CARTESIAN_POINT('',(-0.690287291161,1.190287291161));
#3721=CARTESIAN_POINT('',(0.690287291161,-1.190287291161));
#3722=CARTESIAN_POINT('',(-0.690287291161,-1.190287291161));
#3723=CARTESIAN_POINT('',(0.690287291161,1.190287291161));
#3724=CARTESIAN_POINT('',(0.690287291161,-1.190287291161));
#3725=CARTESIAN_POINT('',(-0.690287291161,1.190287291161));
#3726=CARTESIAN_POINT('',(0.690287291161,1.190287291161));
#3727=CARTESIAN_POINT('',(-1.11661854941,0.681888079659));
#3728=CARTESIAN_POINT('',(-1.11661854941,-0.681888079659));
#3729=CARTESIAN_POINT('',(-1.181888079659,0.681888079659));
#3730=CARTESIAN_POINT('',(-1.11661854941,0.681888079659));
#3731=CARTESIAN_POINT('',(-1.181888079659,-0.681888079659));
#3732=CARTESIAN_POINT('',(-1.181888079659,0.681888079659));
#3733=CARTESIAN_POINT('',(-1.11661854941,-0.681888079659));
#3734=CARTESIAN_POINT('',(-1.181888079659,-0.681888079659));
#3735=CARTESIAN_POINT('',(2.649999999999,-0.800000000001));
#3736=CARTESIAN_POINT('',(0.,-0.800000000001));
#3737=CARTESIAN_POINT('',(1.8249999999995,0.675000050151385,-0.399999999999));
#3738=CARTESIAN_POINT('',(1.82499999999935,0.675000050151535,-0.499999999999979));
#3739=CARTESIAN_POINT('',(2.649999999999,-0.800000000001));
#3740=CARTESIAN_POINT('',(2.649999999999,-0.7));
#3741=CARTESIAN_POINT('',(0.,-0.7));
#3742=CARTESIAN_POINT('',(2.649999999999,-0.7));
#3743=CARTESIAN_POINT('',(1.82499999999935,3.32500005015024,-0.499999999999979));
#3744=CARTESIAN_POINT('',(1.8249999999995,3.32500005015038,-0.399999999999));
#3745=CARTESIAN_POINT('',(0.,-0.7));
#3746=CARTESIAN_POINT('',(0.,-0.800000000001));
#3747=CARTESIAN_POINT('',(0.,0.800000000001));
#3748=CARTESIAN_POINT('',(2.649999999999,0.800000000001));
#3749=CARTESIAN_POINT('',(0.1750000000005,3.32500005015038,-0.399999999999));
#3750=CARTESIAN_POINT('',(0.175000000000649,3.32500005015024,-0.499999999999979));
#3751=CARTESIAN_POINT('',(0.,0.800000000001));
#3752=CARTESIAN_POINT('',(0.,0.7));
#3753=CARTESIAN_POINT('',(2.649999999999,0.7));
#3754=CARTESIAN_POINT('',(0.,0.7));
#3755=CARTESIAN_POINT('',(0.175000000000649,0.675000050151535,-0.499999999999979));
#3756=CARTESIAN_POINT('',(0.1750000000005,0.675000050151385,-0.399999999999));
#3757=CARTESIAN_POINT('',(2.649999999999,0.7));
#3758=CARTESIAN_POINT('',(2.649999999999,0.800000000001));
#3759=CARTESIAN_POINT('',(-1.649999999999,0.800000000001));
#3760=CARTESIAN_POINT('',(-1.124999999999,0.800000000001));
#3761=CARTESIAN_POINT('',(-1.649999999999,0.7));
#3762=CARTESIAN_POINT('',(-1.649999999999,0.800000000001));
#3763=CARTESIAN_POINT('',(-1.124999999999,0.7));
#3764=CARTESIAN_POINT('',(-1.649999999999,0.7));
#3765=CARTESIAN_POINT('',(-1.124999999999,0.800000000001));
#3766=CARTESIAN_POINT('',(-1.124999999999,0.7));
#3767=CARTESIAN_POINT('',(0.,0.7));
#3768=CARTESIAN_POINT('',(-0.525,0.7));
#3769=CARTESIAN_POINT('',(0.,0.800000000001));
#3770=CARTESIAN_POINT('',(0.,0.7));
#3771=CARTESIAN_POINT('',(-0.525,0.800000000001));
#3772=CARTESIAN_POINT('',(0.,0.800000000001));
#3773=CARTESIAN_POINT('',(-0.525,0.7));
#3774=CARTESIAN_POINT('',(-0.525,0.800000000001));
#3775=CARTESIAN_POINT('',(0.,-0.800000000001));
#3776=CARTESIAN_POINT('',(-0.525,-0.800000000001));
#3777=CARTESIAN_POINT('',(0.,-0.7));
#3778=CARTESIAN_POINT('',(0.,-0.800000000001));
#3779=CARTESIAN_POINT('',(-0.525,-0.7));
#3780=CARTESIAN_POINT('',(0.,-0.7));
#3781=CARTESIAN_POINT('',(-0.525,-0.800000000001));
#3782=CARTESIAN_POINT('',(-0.525,-0.7));
#3783=CARTESIAN_POINT('',(-1.649999999999,-0.7));
#3784=CARTESIAN_POINT('',(-1.124999999999,-0.7));
#3785=CARTESIAN_POINT('',(-1.649999999999,-0.800000000001));
#3786=CARTESIAN_POINT('',(-1.649999999999,-0.7));
#3787=CARTESIAN_POINT('',(-1.124999999999,-0.800000000001));
#3788=CARTESIAN_POINT('',(-1.649999999999,-0.800000000001));
#3789=CARTESIAN_POINT('',(-1.124999999999,-0.7));
#3790=CARTESIAN_POINT('',(-1.124999999999,-0.800000000001));
#3791=CARTESIAN_POINT('',(-0.817363371773,-0.681888079659));
#3792=CARTESIAN_POINT('',(-0.817363371773,0.681888079659));
#3793=CARTESIAN_POINT('',(1.181888079659,-0.681888079659));
#3794=CARTESIAN_POINT('',(-0.817363371773,-0.681888079659));
#3795=CARTESIAN_POINT('',(1.181888079659,0.681888079659));
#3796=CARTESIAN_POINT('',(1.181888079659,-0.681888079659));
#3797=CARTESIAN_POINT('',(-0.817363371773,0.681888079659));
#3798=CARTESIAN_POINT('',(1.181888079659,0.681888079659));
#3799=CARTESIAN_POINT('',(0.,0.,0.));
#3800=(
GEOMETRIC_REPRESENTATION_CONTEXT(2)
PARAMETRIC_REPRESENTATION_CONTEXT()
REPRESENTATION_CONTEXT('pspace','')
);
ENDSEC;
END-ISO-10303-21;
