ISO-10303-21;
HEADER;
/* Generated by software containing ST-Developer
 * from STEP Tools, Inc. (www.steptools.com) 
 */
/* OPTION: using custom schema-name function */

FILE_DESCRIPTION(
/* description */ (''),
/* implementation_level */ '2;1');

FILE_NAME(
/* name */ 'HOTSWA~2',
/* time_stamp */ '2026-07-05T00:30:15+08:00',
/* author */ (''),
/* organization */ (''),
/* preprocessor_version */ 'ST-DEVELOPER v15',
/* originating_system */ '',
/* authorisation */ '');

FILE_SCHEMA (('AUTOMOTIVE_DESIGN'));
ENDSEC;

DATA;
#10=SHAPE_REPRESENTATION_RELATIONSHIP('','',#3754,#13);
#11=SHAPE_REPRESENTATION_RELATIONSHIP('','',#3754,#17);
#12=GEOMETRIC_CURVE_SET('curve_set_0',(#3460));
#13=GEOMETRICALLY_BOUNDED_WIREFRAME_SHAPE_REPRESENTATION(
'wireframe_rep_0',(#12,#3810),#3753);
#14=PRESENTATION_LAYER_ASSIGNMENT('\X2\98848BBE503C\X0\','',(#16));
#15=PRESENTATION_LAYER_ASSIGNMENT('\X2\98848BBE503C\X0\','',(#3460));
#16=SHELL_BASED_SURFACE_MODEL('shell_1',(#18));
#17=MANIFOLD_SURFACE_SHAPE_REPRESENTATION('shell_rep_0',(#16,#3811),#3753);
#18=OPEN_SHELL('',(#21,#22,#23,#24,#25,#26,#27,#28,#29,#30,#31,#32,#33,
#34,#35,#36,#37,#38,#39,#40,#41,#42,#43,#44,#45,#46,#47,#48,#49,#50,#51,
#52,#53,#54,#55,#56,#57,#58,#59,#60,#61,#62,#63,#64,#65,#66,#67,#68,#69,
#70,#71,#72,#73,#74,#75,#76,#77,#78,#79,#80,#81,#82,#83,#84,#85,#86,#87,
#88,#89,#90,#91,#92,#93,#94,#95,#96,#97,#98,#99,#100,#101,#102,#103,#104,
#105,#106,#107,#108,#109,#110,#111,#112,#113,#114,#115,#116,#117,#118,#119,
#120,#121,#122,#123,#124));
#19=FACE_BOUND('',#243,.T.);
#20=FACE_BOUND('',#275,.T.);
#21=ADVANCED_FACE('',(#125),#3698,.T.);
#22=ADVANCED_FACE('',(#126),#3650,.T.);
#23=ADVANCED_FACE('',(#127),#3699,.T.);
#24=ADVANCED_FACE('',(#128),#3651,.T.);
#25=ADVANCED_FACE('',(#129),#3700,.T.);
#26=ADVANCED_FACE('',(#130),#3652,.T.);
#27=ADVANCED_FACE('',(#131),#3701,.T.);
#28=ADVANCED_FACE('',(#132),#3702,.T.);
#29=ADVANCED_FACE('',(#133),#3653,.T.);
#30=ADVANCED_FACE('',(#134),#3654,.T.);
#31=ADVANCED_FACE('',(#135),#3703,.T.);
#32=ADVANCED_FACE('',(#136),#3705,.T.);
#33=ADVANCED_FACE('',(#137),#3706,.T.);
#34=ADVANCED_FACE('',(#138,#19),#3655,.T.);
#35=ADVANCED_FACE('',(#139),#3656,.T.);
#36=ADVANCED_FACE('',(#140),#3707,.T.);
#37=ADVANCED_FACE('',(#141),#3708,.T.);
#38=ADVANCED_FACE('',(#142),#3709,.T.);
#39=ADVANCED_FACE('',(#143),#3657,.T.);
#40=ADVANCED_FACE('',(#144),#3658,.T.);
#41=ADVANCED_FACE('',(#145),#3710,.T.);
#42=ADVANCED_FACE('',(#146),#3711,.T.);
#43=ADVANCED_FACE('',(#147),#3659,.T.);
#44=ADVANCED_FACE('',(#148),#3712,.T.);
#45=ADVANCED_FACE('',(#149),#3660,.T.);
#46=ADVANCED_FACE('',(#150),#3713,.T.);
#47=ADVANCED_FACE('',(#151),#3661,.T.);
#48=ADVANCED_FACE('',(#152),#3714,.T.);
#49=ADVANCED_FACE('',(#153),#3662,.T.);
#50=ADVANCED_FACE('',(#154),#3715,.T.);
#51=ADVANCED_FACE('',(#155),#3663,.T.);
#52=ADVANCED_FACE('',(#156),#3664,.T.);
#53=ADVANCED_FACE('',(#157),#3665,.T.);
#54=ADVANCED_FACE('',(#158),#3666,.T.);
#55=ADVANCED_FACE('',(#159),#3716,.T.);
#56=ADVANCED_FACE('',(#160),#3667,.T.);
#57=ADVANCED_FACE('',(#161),#3717,.T.);
#58=ADVANCED_FACE('',(#162),#3668,.T.);
#59=ADVANCED_FACE('',(#163),#3718,.T.);
#60=ADVANCED_FACE('',(#164),#3669,.T.);
#61=ADVANCED_FACE('',(#165),#3719,.T.);
#62=ADVANCED_FACE('',(#166),#3670,.T.);
#63=ADVANCED_FACE('',(#167),#3720,.T.);
#64=ADVANCED_FACE('',(#168),#3671,.T.);
#65=ADVANCED_FACE('',(#169,#20),#3672,.T.);
#66=ADVANCED_FACE('',(#170),#3722,.T.);
#67=ADVANCED_FACE('',(#171),#3723,.T.);
#68=ADVANCED_FACE('',(#172),#3673,.T.);
#69=ADVANCED_FACE('',(#173),#3674,.T.);
#70=ADVANCED_FACE('',(#174),#3675,.T.);
#71=ADVANCED_FACE('',(#175),#3725,.T.);
#72=ADVANCED_FACE('',(#176),#3644,.T.);
#73=ADVANCED_FACE('',(#177),#3645,.T.);
#74=ADVANCED_FACE('',(#178),#3646,.T.);
#75=ADVANCED_FACE('',(#179),#3676,.T.);
#76=ADVANCED_FACE('',(#180),#3677,.T.);
#77=ADVANCED_FACE('',(#181),#3647,.T.);
#78=ADVANCED_FACE('',(#182),#3648,.T.);
#79=ADVANCED_FACE('',(#183),#3649,.T.);
#80=ADVANCED_FACE('',(#184),#3678,.T.);
#81=ADVANCED_FACE('',(#185),#3679,.T.);
#82=ADVANCED_FACE('',(#186),#3734,.T.);
#83=ADVANCED_FACE('',(#187),#3680,.T.);
#84=ADVANCED_FACE('',(#188),#3681,.T.);
#85=ADVANCED_FACE('',(#189),#3704,.T.);
#86=ADVANCED_FACE('',(#190),#3682,.T.);
#87=ADVANCED_FACE('',(#191),#3683,.T.);
#88=ADVANCED_FACE('',(#192),#3684,.T.);
#89=ADVANCED_FACE('',(#193),#3685,.T.);
#90=ADVANCED_FACE('',(#194),#3721,.T.);
#91=ADVANCED_FACE('',(#195),#3724,.T.);
#92=ADVANCED_FACE('',(#196),#3686,.T.);
#93=ADVANCED_FACE('',(#197),#3687,.T.);
#94=ADVANCED_FACE('',(#198),#3688,.T.);
#95=ADVANCED_FACE('',(#199),#3689,.T.);
#96=ADVANCED_FACE('',(#200),#3690,.T.);
#97=ADVANCED_FACE('',(#201),#3727,.T.);
#98=ADVANCED_FACE('',(#202),#3727,.T.);
#99=ADVANCED_FACE('',(#203),#3728,.T.);
#100=ADVANCED_FACE('',(#204),#3728,.T.);
#101=ADVANCED_FACE('',(#205),#3730,.T.);
#102=ADVANCED_FACE('',(#206),#3730,.T.);
#103=ADVANCED_FACE('',(#207),#3731,.T.);
#104=ADVANCED_FACE('',(#208),#3731,.T.);
#105=ADVANCED_FACE('',(#209),#3732,.T.);
#106=ADVANCED_FACE('',(#210),#3732,.T.);
#107=ADVANCED_FACE('',(#211),#3733,.T.);
#108=ADVANCED_FACE('',(#212),#3733,.T.);
#109=ADVANCED_FACE('',(#213),#3734,.T.);
#110=ADVANCED_FACE('',(#214),#3735,.T.);
#111=ADVANCED_FACE('',(#215),#3735,.T.);
#112=ADVANCED_FACE('',(#216),#3691,.T.);
#113=ADVANCED_FACE('',(#217),#3692,.T.);
#114=ADVANCED_FACE('',(#218),#3726,.T.);
#115=ADVANCED_FACE('',(#219),#3726,.T.);
#116=ADVANCED_FACE('',(#220),#3726,.T.);
#117=ADVANCED_FACE('',(#221),#3693,.T.);
#118=ADVANCED_FACE('',(#222),#3694,.T.);
#119=ADVANCED_FACE('',(#223),#3729,.T.);
#120=ADVANCED_FACE('',(#224),#3729,.T.);
#121=ADVANCED_FACE('',(#225),#3729,.T.);
#122=ADVANCED_FACE('',(#226),#3695,.T.);
#123=ADVANCED_FACE('',(#227),#3696,.T.);
#124=ADVANCED_FACE('',(#228),#3697,.T.);
#125=FACE_OUTER_BOUND('',#229,.T.);
#126=FACE_OUTER_BOUND('',#230,.T.);
#127=FACE_OUTER_BOUND('',#231,.T.);
#128=FACE_OUTER_BOUND('',#232,.T.);
#129=FACE_OUTER_BOUND('',#233,.T.);
#130=FACE_OUTER_BOUND('',#234,.T.);
#131=FACE_OUTER_BOUND('',#235,.T.);
#132=FACE_OUTER_BOUND('',#236,.T.);
#133=FACE_OUTER_BOUND('',#237,.T.);
#134=FACE_OUTER_BOUND('',#238,.T.);
#135=FACE_OUTER_BOUND('',#239,.T.);
#136=FACE_OUTER_BOUND('',#240,.T.);
#137=FACE_OUTER_BOUND('',#241,.T.);
#138=FACE_OUTER_BOUND('',#242,.T.);
#139=FACE_OUTER_BOUND('',#244,.T.);
#140=FACE_OUTER_BOUND('',#245,.T.);
#141=FACE_OUTER_BOUND('',#246,.T.);
#142=FACE_OUTER_BOUND('',#247,.T.);
#143=FACE_OUTER_BOUND('',#248,.T.);
#144=FACE_OUTER_BOUND('',#249,.T.);
#145=FACE_OUTER_BOUND('',#250,.T.);
#146=FACE_OUTER_BOUND('',#251,.T.);
#147=FACE_OUTER_BOUND('',#252,.T.);
#148=FACE_OUTER_BOUND('',#253,.T.);
#149=FACE_OUTER_BOUND('',#254,.T.);
#150=FACE_OUTER_BOUND('',#255,.T.);
#151=FACE_OUTER_BOUND('',#256,.T.);
#152=FACE_OUTER_BOUND('',#257,.T.);
#153=FACE_OUTER_BOUND('',#258,.T.);
#154=FACE_OUTER_BOUND('',#259,.T.);
#155=FACE_OUTER_BOUND('',#260,.T.);
#156=FACE_OUTER_BOUND('',#261,.T.);
#157=FACE_OUTER_BOUND('',#262,.T.);
#158=FACE_OUTER_BOUND('',#263,.T.);
#159=FACE_OUTER_BOUND('',#264,.T.);
#160=FACE_OUTER_BOUND('',#265,.T.);
#161=FACE_OUTER_BOUND('',#266,.T.);
#162=FACE_OUTER_BOUND('',#267,.T.);
#163=FACE_OUTER_BOUND('',#268,.T.);
#164=FACE_OUTER_BOUND('',#269,.T.);
#165=FACE_OUTER_BOUND('',#270,.T.);
#166=FACE_OUTER_BOUND('',#271,.T.);
#167=FACE_OUTER_BOUND('',#272,.T.);
#168=FACE_OUTER_BOUND('',#273,.T.);
#169=FACE_OUTER_BOUND('',#274,.T.);
#170=FACE_OUTER_BOUND('',#276,.T.);
#171=FACE_OUTER_BOUND('',#277,.T.);
#172=FACE_OUTER_BOUND('',#278,.T.);
#173=FACE_OUTER_BOUND('',#279,.T.);
#174=FACE_OUTER_BOUND('',#280,.T.);
#175=FACE_OUTER_BOUND('',#281,.T.);
#176=FACE_OUTER_BOUND('',#282,.T.);
#177=FACE_OUTER_BOUND('',#283,.T.);
#178=FACE_OUTER_BOUND('',#284,.T.);
#179=FACE_OUTER_BOUND('',#285,.T.);
#180=FACE_OUTER_BOUND('',#286,.T.);
#181=FACE_OUTER_BOUND('',#287,.T.);
#182=FACE_OUTER_BOUND('',#288,.T.);
#183=FACE_OUTER_BOUND('',#289,.T.);
#184=FACE_OUTER_BOUND('',#290,.T.);
#185=FACE_OUTER_BOUND('',#291,.T.);
#186=FACE_OUTER_BOUND('',#292,.T.);
#187=FACE_OUTER_BOUND('',#293,.T.);
#188=FACE_OUTER_BOUND('',#294,.T.);
#189=FACE_OUTER_BOUND('',#295,.T.);
#190=FACE_OUTER_BOUND('',#296,.T.);
#191=FACE_OUTER_BOUND('',#297,.T.);
#192=FACE_OUTER_BOUND('',#298,.T.);
#193=FACE_OUTER_BOUND('',#299,.T.);
#194=FACE_OUTER_BOUND('',#300,.T.);
#195=FACE_OUTER_BOUND('',#301,.T.);
#196=FACE_OUTER_BOUND('',#302,.T.);
#197=FACE_OUTER_BOUND('',#303,.T.);
#198=FACE_OUTER_BOUND('',#304,.T.);
#199=FACE_OUTER_BOUND('',#305,.T.);
#200=FACE_OUTER_BOUND('',#306,.T.);
#201=FACE_OUTER_BOUND('',#307,.T.);
#202=FACE_OUTER_BOUND('',#308,.T.);
#203=FACE_OUTER_BOUND('',#309,.T.);
#204=FACE_OUTER_BOUND('',#310,.T.);
#205=FACE_OUTER_BOUND('',#311,.T.);
#206=FACE_OUTER_BOUND('',#312,.T.);
#207=FACE_OUTER_BOUND('',#313,.T.);
#208=FACE_OUTER_BOUND('',#314,.T.);
#209=FACE_OUTER_BOUND('',#315,.T.);
#210=FACE_OUTER_BOUND('',#316,.T.);
#211=FACE_OUTER_BOUND('',#317,.T.);
#212=FACE_OUTER_BOUND('',#318,.T.);
#213=FACE_OUTER_BOUND('',#319,.T.);
#214=FACE_OUTER_BOUND('',#320,.T.);
#215=FACE_OUTER_BOUND('',#321,.T.);
#216=FACE_OUTER_BOUND('',#322,.T.);
#217=FACE_OUTER_BOUND('',#323,.T.);
#218=FACE_OUTER_BOUND('',#324,.T.);
#219=FACE_OUTER_BOUND('',#325,.T.);
#220=FACE_OUTER_BOUND('',#326,.T.);
#221=FACE_OUTER_BOUND('',#327,.T.);
#222=FACE_OUTER_BOUND('',#328,.T.);
#223=FACE_OUTER_BOUND('',#329,.T.);
#224=FACE_OUTER_BOUND('',#330,.T.);
#225=FACE_OUTER_BOUND('',#331,.T.);
#226=FACE_OUTER_BOUND('',#332,.T.);
#227=FACE_OUTER_BOUND('',#333,.T.);
#228=FACE_OUTER_BOUND('',#334,.T.);
#229=EDGE_LOOP('',(#335,#336,#337,#338));
#230=EDGE_LOOP('',(#339,#340,#341,#342));
#231=EDGE_LOOP('',(#343,#344,#345,#346));
#232=EDGE_LOOP('',(#347,#348,#349,#350));
#233=EDGE_LOOP('',(#351,#352,#353,#354));
#234=EDGE_LOOP('',(#355,#356,#357,#358,#359));
#235=EDGE_LOOP('',(#360,#361,#362,#363));
#236=EDGE_LOOP('',(#364,#365,#366,#367));
#237=EDGE_LOOP('',(#368,#369,#370,#371,#372,#373));
#238=EDGE_LOOP('',(#374,#375,#376,#377));
#239=EDGE_LOOP('',(#378,#379,#380,#381,#382));
#240=EDGE_LOOP('',(#383,#384,#385,#386,#387,#388));
#241=EDGE_LOOP('',(#389,#390,#391,#392,#393));
#242=EDGE_LOOP('',(#394,#395));
#243=EDGE_LOOP('',(#396,#397,#398,#399,#400,#401,#402,#403));
#244=EDGE_LOOP('',(#404,#405,#406,#407));
#245=EDGE_LOOP('',(#408,#409,#410,#411,#412,#413));
#246=EDGE_LOOP('',(#414,#415,#416,#417));
#247=EDGE_LOOP('',(#418,#419,#420,#421,#422,#423));
#248=EDGE_LOOP('',(#424,#425,#426,#427));
#249=EDGE_LOOP('',(#428,#429,#430,#431,#432,#433));
#250=EDGE_LOOP('',(#434,#435,#436,#437));
#251=EDGE_LOOP('',(#438,#439,#440,#441,#442,#443));
#252=EDGE_LOOP('',(#444,#445,#446,#447));
#253=EDGE_LOOP('',(#448,#449,#450,#451,#452,#453));
#254=EDGE_LOOP('',(#454,#455,#456,#457,#458,#459,#460,#461,#462,#463));
#255=EDGE_LOOP('',(#464,#465,#466,#467,#468));
#256=EDGE_LOOP('',(#469,#470,#471,#472,#473,#474));
#257=EDGE_LOOP('',(#475,#476,#477,#478,#479));
#258=EDGE_LOOP('',(#480,#481,#482,#483,#484,#485,#486,#487));
#259=EDGE_LOOP('',(#488,#489,#490,#491,#492));
#260=EDGE_LOOP('',(#493,#494,#495,#496,#497,#498));
#261=EDGE_LOOP('',(#499,#500,#501,#502,#503,#504));
#262=EDGE_LOOP('',(#505,#506,#507,#508,#509,#510));
#263=EDGE_LOOP('',(#511,#512,#513,#514,#515,#516));
#264=EDGE_LOOP('',(#517,#518,#519,#520,#521));
#265=EDGE_LOOP('',(#522,#523,#524,#525,#526,#527));
#266=EDGE_LOOP('',(#528,#529,#530,#531,#532));
#267=EDGE_LOOP('',(#533,#534,#535,#536,#537,#538));
#268=EDGE_LOOP('',(#539,#540,#541,#542,#543));
#269=EDGE_LOOP('',(#544,#545,#546,#547));
#270=EDGE_LOOP('',(#548,#549,#550,#551,#552));
#271=EDGE_LOOP('',(#553,#554,#555,#556,#557,#558));
#272=EDGE_LOOP('',(#559,#560,#561,#562,#563));
#273=EDGE_LOOP('',(#564,#565,#566,#567));
#274=EDGE_LOOP('',(#568,#569));
#275=EDGE_LOOP('',(#570,#571,#572,#573,#574,#575,#576,#577));
#276=EDGE_LOOP('',(#578,#579,#580,#581,#582));
#277=EDGE_LOOP('',(#583,#584,#585,#586,#587));
#278=EDGE_LOOP('',(#588,#589,#590,#591));
#279=EDGE_LOOP('',(#592,#593,#594,#595));
#280=EDGE_LOOP('',(#596,#597,#598,#599,#600));
#281=EDGE_LOOP('',(#601,#602,#603,#604));
#282=EDGE_LOOP('',(#605,#606,#607,#608));
#283=EDGE_LOOP('',(#609,#610,#611,#612,#613,#614));
#284=EDGE_LOOP('',(#615,#616,#617,#618,#619,#620));
#285=EDGE_LOOP('',(#621,#622,#623,#624));
#286=EDGE_LOOP('',(#625,#626,#627,#628,#629,#630));
#287=EDGE_LOOP('',(#631,#632,#633,#634,#635,#636));
#288=EDGE_LOOP('',(#637,#638,#639,#640));
#289=EDGE_LOOP('',(#641,#642,#643,#644,#645,#646));
#290=EDGE_LOOP('',(#647,#648,#649,#650));
#291=EDGE_LOOP('',(#651,#652,#653,#654,#655,#656));
#292=EDGE_LOOP('',(#657,#658,#659,#660));
#293=EDGE_LOOP('',(#661,#662,#663,#664,#665,#666,#667,#668,#669,#670));
#294=EDGE_LOOP('',(#671,#672,#673,#674,#675));
#295=EDGE_LOOP('',(#676,#677,#678,#679,#680,#681));
#296=EDGE_LOOP('',(#682,#683,#684,#685,#686,#687,#688,#689,#690,#691));
#297=EDGE_LOOP('',(#692,#693,#694,#695,#696));
#298=EDGE_LOOP('',(#697,#698,#699,#700,#701));
#299=EDGE_LOOP('',(#702,#703,#704,#705,#706,#707,#708,#709));
#300=EDGE_LOOP('',(#710,#711,#712,#713,#714,#715));
#301=EDGE_LOOP('',(#716,#717,#718,#719,#720,#721));
#302=EDGE_LOOP('',(#722,#723,#724,#725,#726,#727));
#303=EDGE_LOOP('',(#728,#729,#730,#731,#732,#733));
#304=EDGE_LOOP('',(#734,#735,#736,#737));
#305=EDGE_LOOP('',(#738,#739,#740,#741));
#306=EDGE_LOOP('',(#742,#743,#744,#745,#746,#747));
#307=EDGE_LOOP('',(#748,#749,#750,#751));
#308=EDGE_LOOP('',(#752,#753,#754,#755));
#309=EDGE_LOOP('',(#756,#757,#758,#759));
#310=EDGE_LOOP('',(#760,#761,#762,#763));
#311=EDGE_LOOP('',(#764,#765,#766,#767));
#312=EDGE_LOOP('',(#768,#769,#770,#771));
#313=EDGE_LOOP('',(#772,#773,#774,#775));
#314=EDGE_LOOP('',(#776,#777,#778,#779));
#315=EDGE_LOOP('',(#780,#781,#782,#783));
#316=EDGE_LOOP('',(#784,#785,#786,#787));
#317=EDGE_LOOP('',(#788,#789,#790,#791));
#318=EDGE_LOOP('',(#792,#793,#794,#795));
#319=EDGE_LOOP('',(#796,#797,#798,#799));
#320=EDGE_LOOP('',(#800,#801,#802,#803));
#321=EDGE_LOOP('',(#804,#805,#806,#807));
#322=EDGE_LOOP('',(#808,#809,#810,#811,#812));
#323=EDGE_LOOP('',(#813,#814,#815,#816));
#324=EDGE_LOOP('',(#817,#818,#819,#820));
#325=EDGE_LOOP('',(#821,#822,#823,#824));
#326=EDGE_LOOP('',(#825,#826,#827,#828,#829,#830,#831,#832,#833,#834,#835,
#836,#837,#838,#839));
#327=EDGE_LOOP('',(#840,#841,#842,#843,#844));
#328=EDGE_LOOP('',(#845,#846,#847,#848));
#329=EDGE_LOOP('',(#849,#850,#851,#852));
#330=EDGE_LOOP('',(#853,#854,#855,#856));
#331=EDGE_LOOP('',(#857,#858,#859,#860,#861,#862,#863,#864,#865,#866,#867,
#868,#869,#870,#871,#872));
#332=EDGE_LOOP('',(#873,#874,#875,#876,#877,#878,#879,#880,#881,#882,#883,
#884,#885,#886,#887,#888,#889,#890,#891,#892));
#333=EDGE_LOOP('',(#893,#894,#895,#896));
#334=EDGE_LOOP('',(#897,#898,#899,#900));
#335=ORIENTED_EDGE('',*,*,#2970,.T.);
#336=ORIENTED_EDGE('',*,*,#2971,.T.);
#337=ORIENTED_EDGE('',*,*,#2972,.T.);
#338=ORIENTED_EDGE('',*,*,#2973,.T.);
#339=ORIENTED_EDGE('',*,*,#2974,.T.);
#340=ORIENTED_EDGE('',*,*,#2975,.T.);
#341=ORIENTED_EDGE('',*,*,#2976,.T.);
#342=ORIENTED_EDGE('',*,*,#2977,.T.);
#343=ORIENTED_EDGE('',*,*,#2978,.T.);
#344=ORIENTED_EDGE('',*,*,#2979,.T.);
#345=ORIENTED_EDGE('',*,*,#2974,.F.);
#346=ORIENTED_EDGE('',*,*,#2980,.T.);
#347=ORIENTED_EDGE('',*,*,#2981,.T.);
#348=ORIENTED_EDGE('',*,*,#2982,.T.);
#349=ORIENTED_EDGE('',*,*,#2983,.T.);
#350=ORIENTED_EDGE('',*,*,#2984,.T.);
#351=ORIENTED_EDGE('',*,*,#2985,.T.);
#352=ORIENTED_EDGE('',*,*,#2986,.T.);
#353=ORIENTED_EDGE('',*,*,#2981,.F.);
#354=ORIENTED_EDGE('',*,*,#2987,.T.);
#355=ORIENTED_EDGE('',*,*,#2988,.T.);
#356=ORIENTED_EDGE('',*,*,#2989,.T.);
#357=ORIENTED_EDGE('',*,*,#2990,.T.);
#358=ORIENTED_EDGE('',*,*,#2991,.T.);
#359=ORIENTED_EDGE('',*,*,#2992,.T.);
#360=ORIENTED_EDGE('',*,*,#2993,.T.);
#361=ORIENTED_EDGE('',*,*,#2994,.T.);
#362=ORIENTED_EDGE('',*,*,#2995,.T.);
#363=ORIENTED_EDGE('',*,*,#2996,.T.);
#364=ORIENTED_EDGE('',*,*,#2997,.T.);
#365=ORIENTED_EDGE('',*,*,#2998,.T.);
#366=ORIENTED_EDGE('',*,*,#2999,.T.);
#367=ORIENTED_EDGE('',*,*,#3000,.T.);
#368=ORIENTED_EDGE('',*,*,#3001,.T.);
#369=ORIENTED_EDGE('',*,*,#2993,.F.);
#370=ORIENTED_EDGE('',*,*,#3002,.T.);
#371=ORIENTED_EDGE('',*,*,#2999,.F.);
#372=ORIENTED_EDGE('',*,*,#3003,.T.);
#373=ORIENTED_EDGE('',*,*,#3004,.T.);
#374=ORIENTED_EDGE('',*,*,#3004,.F.);
#375=ORIENTED_EDGE('',*,*,#3005,.T.);
#376=ORIENTED_EDGE('',*,*,#3006,.T.);
#377=ORIENTED_EDGE('',*,*,#3007,.T.);
#378=ORIENTED_EDGE('',*,*,#3008,.T.);
#379=ORIENTED_EDGE('',*,*,#3009,.T.);
#380=ORIENTED_EDGE('',*,*,#3010,.T.);
#381=ORIENTED_EDGE('',*,*,#3011,.T.);
#382=ORIENTED_EDGE('',*,*,#3012,.T.);
#383=ORIENTED_EDGE('',*,*,#3013,.T.);
#384=ORIENTED_EDGE('',*,*,#3014,.T.);
#385=ORIENTED_EDGE('',*,*,#3012,.F.);
#386=ORIENTED_EDGE('',*,*,#3015,.T.);
#387=ORIENTED_EDGE('',*,*,#3016,.T.);
#388=ORIENTED_EDGE('',*,*,#3017,.T.);
#389=ORIENTED_EDGE('',*,*,#3011,.F.);
#390=ORIENTED_EDGE('',*,*,#3018,.T.);
#391=ORIENTED_EDGE('',*,*,#3009,.F.);
#392=ORIENTED_EDGE('',*,*,#3019,.T.);
#393=ORIENTED_EDGE('',*,*,#3015,.F.);
#394=ORIENTED_EDGE('',*,*,#3010,.F.);
#395=ORIENTED_EDGE('',*,*,#3018,.F.);
#396=ORIENTED_EDGE('',*,*,#3020,.T.);
#397=ORIENTED_EDGE('',*,*,#3021,.T.);
#398=ORIENTED_EDGE('',*,*,#3022,.T.);
#399=ORIENTED_EDGE('',*,*,#3023,.T.);
#400=ORIENTED_EDGE('',*,*,#3024,.T.);
#401=ORIENTED_EDGE('',*,*,#3025,.T.);
#402=ORIENTED_EDGE('',*,*,#3026,.T.);
#403=ORIENTED_EDGE('',*,*,#3006,.F.);
#404=ORIENTED_EDGE('',*,*,#3027,.T.);
#405=ORIENTED_EDGE('',*,*,#3028,.T.);
#406=ORIENTED_EDGE('',*,*,#3021,.F.);
#407=ORIENTED_EDGE('',*,*,#3029,.T.);
#408=ORIENTED_EDGE('',*,*,#3005,.F.);
#409=ORIENTED_EDGE('',*,*,#3003,.F.);
#410=ORIENTED_EDGE('',*,*,#2998,.F.);
#411=ORIENTED_EDGE('',*,*,#3030,.T.);
#412=ORIENTED_EDGE('',*,*,#3029,.F.);
#413=ORIENTED_EDGE('',*,*,#3020,.F.);
#414=ORIENTED_EDGE('',*,*,#3031,.T.);
#415=ORIENTED_EDGE('',*,*,#3032,.T.);
#416=ORIENTED_EDGE('',*,*,#3033,.T.);
#417=ORIENTED_EDGE('',*,*,#3034,.T.);
#418=ORIENTED_EDGE('',*,*,#3028,.F.);
#419=ORIENTED_EDGE('',*,*,#3035,.T.);
#420=ORIENTED_EDGE('',*,*,#3032,.F.);
#421=ORIENTED_EDGE('',*,*,#3036,.T.);
#422=ORIENTED_EDGE('',*,*,#3037,.T.);
#423=ORIENTED_EDGE('',*,*,#3022,.F.);
#424=ORIENTED_EDGE('',*,*,#3038,.T.);
#425=ORIENTED_EDGE('',*,*,#3039,.T.);
#426=ORIENTED_EDGE('',*,*,#3023,.F.);
#427=ORIENTED_EDGE('',*,*,#3037,.F.);
#428=ORIENTED_EDGE('',*,*,#3036,.F.);
#429=ORIENTED_EDGE('',*,*,#3031,.F.);
#430=ORIENTED_EDGE('',*,*,#3040,.T.);
#431=ORIENTED_EDGE('',*,*,#3041,.T.);
#432=ORIENTED_EDGE('',*,*,#3042,.T.);
#433=ORIENTED_EDGE('',*,*,#3038,.F.);
#434=ORIENTED_EDGE('',*,*,#3043,.T.);
#435=ORIENTED_EDGE('',*,*,#3044,.T.);
#436=ORIENTED_EDGE('',*,*,#3041,.F.);
#437=ORIENTED_EDGE('',*,*,#3045,.T.);
#438=ORIENTED_EDGE('',*,*,#3039,.F.);
#439=ORIENTED_EDGE('',*,*,#3042,.F.);
#440=ORIENTED_EDGE('',*,*,#3044,.F.);
#441=ORIENTED_EDGE('',*,*,#3046,.T.);
#442=ORIENTED_EDGE('',*,*,#3047,.T.);
#443=ORIENTED_EDGE('',*,*,#3024,.F.);
#444=ORIENTED_EDGE('',*,*,#3025,.F.);
#445=ORIENTED_EDGE('',*,*,#3047,.F.);
#446=ORIENTED_EDGE('',*,*,#3048,.T.);
#447=ORIENTED_EDGE('',*,*,#3049,.T.);
#448=ORIENTED_EDGE('',*,*,#3001,.F.);
#449=ORIENTED_EDGE('',*,*,#3007,.F.);
#450=ORIENTED_EDGE('',*,*,#3026,.F.);
#451=ORIENTED_EDGE('',*,*,#3049,.F.);
#452=ORIENTED_EDGE('',*,*,#3050,.T.);
#453=ORIENTED_EDGE('',*,*,#2994,.F.);
#454=ORIENTED_EDGE('',*,*,#3051,.T.);
#455=ORIENTED_EDGE('',*,*,#2992,.F.);
#456=ORIENTED_EDGE('',*,*,#3052,.T.);
#457=ORIENTED_EDGE('',*,*,#2995,.F.);
#458=ORIENTED_EDGE('',*,*,#3050,.F.);
#459=ORIENTED_EDGE('',*,*,#3048,.F.);
#460=ORIENTED_EDGE('',*,*,#3046,.F.);
#461=ORIENTED_EDGE('',*,*,#3043,.F.);
#462=ORIENTED_EDGE('',*,*,#3053,.T.);
#463=ORIENTED_EDGE('',*,*,#3054,.T.);
#464=ORIENTED_EDGE('',*,*,#3055,.T.);
#465=ORIENTED_EDGE('',*,*,#3056,.T.);
#466=ORIENTED_EDGE('',*,*,#3057,.T.);
#467=ORIENTED_EDGE('',*,*,#3058,.T.);
#468=ORIENTED_EDGE('',*,*,#3059,.T.);
#469=ORIENTED_EDGE('',*,*,#3060,.T.);
#470=ORIENTED_EDGE('',*,*,#3058,.F.);
#471=ORIENTED_EDGE('',*,*,#3061,.T.);
#472=ORIENTED_EDGE('',*,*,#3062,.T.);
#473=ORIENTED_EDGE('',*,*,#3063,.T.);
#474=ORIENTED_EDGE('',*,*,#3064,.T.);
#475=ORIENTED_EDGE('',*,*,#3065,.T.);
#476=ORIENTED_EDGE('',*,*,#3064,.F.);
#477=ORIENTED_EDGE('',*,*,#3066,.T.);
#478=ORIENTED_EDGE('',*,*,#3067,.T.);
#479=ORIENTED_EDGE('',*,*,#3068,.T.);
#480=ORIENTED_EDGE('',*,*,#3069,.T.);
#481=ORIENTED_EDGE('',*,*,#3070,.T.);
#482=ORIENTED_EDGE('',*,*,#3071,.T.);
#483=ORIENTED_EDGE('',*,*,#3068,.F.);
#484=ORIENTED_EDGE('',*,*,#3072,.T.);
#485=ORIENTED_EDGE('',*,*,#3073,.T.);
#486=ORIENTED_EDGE('',*,*,#3074,.T.);
#487=ORIENTED_EDGE('',*,*,#3075,.T.);
#488=ORIENTED_EDGE('',*,*,#3073,.F.);
#489=ORIENTED_EDGE('',*,*,#3076,.T.);
#490=ORIENTED_EDGE('',*,*,#3077,.T.);
#491=ORIENTED_EDGE('',*,*,#3078,.T.);
#492=ORIENTED_EDGE('',*,*,#3079,.T.);
#493=ORIENTED_EDGE('',*,*,#3080,.T.);
#494=ORIENTED_EDGE('',*,*,#3053,.F.);
#495=ORIENTED_EDGE('',*,*,#3045,.F.);
#496=ORIENTED_EDGE('',*,*,#3040,.F.);
#497=ORIENTED_EDGE('',*,*,#3034,.F.);
#498=ORIENTED_EDGE('',*,*,#3081,.T.);
#499=ORIENTED_EDGE('',*,*,#2991,.F.);
#500=ORIENTED_EDGE('',*,*,#3082,.T.);
#501=ORIENTED_EDGE('',*,*,#3000,.F.);
#502=ORIENTED_EDGE('',*,*,#3002,.F.);
#503=ORIENTED_EDGE('',*,*,#2996,.F.);
#504=ORIENTED_EDGE('',*,*,#3052,.F.);
#505=ORIENTED_EDGE('',*,*,#3065,.F.);
#506=ORIENTED_EDGE('',*,*,#3071,.F.);
#507=ORIENTED_EDGE('',*,*,#3083,.T.);
#508=ORIENTED_EDGE('',*,*,#3084,.T.);
#509=ORIENTED_EDGE('',*,*,#3059,.F.);
#510=ORIENTED_EDGE('',*,*,#3060,.F.);
#511=ORIENTED_EDGE('',*,*,#3085,.T.);
#512=ORIENTED_EDGE('',*,*,#3086,.T.);
#513=ORIENTED_EDGE('',*,*,#3087,.T.);
#514=ORIENTED_EDGE('',*,*,#3074,.F.);
#515=ORIENTED_EDGE('',*,*,#3079,.F.);
#516=ORIENTED_EDGE('',*,*,#3088,.T.);
#517=ORIENTED_EDGE('',*,*,#3085,.F.);
#518=ORIENTED_EDGE('',*,*,#3089,.T.);
#519=ORIENTED_EDGE('',*,*,#3090,.T.);
#520=ORIENTED_EDGE('',*,*,#3091,.T.);
#521=ORIENTED_EDGE('',*,*,#3092,.T.);
#522=ORIENTED_EDGE('',*,*,#3088,.F.);
#523=ORIENTED_EDGE('',*,*,#3078,.F.);
#524=ORIENTED_EDGE('',*,*,#3093,.T.);
#525=ORIENTED_EDGE('',*,*,#3094,.T.);
#526=ORIENTED_EDGE('',*,*,#3095,.T.);
#527=ORIENTED_EDGE('',*,*,#3089,.F.);
#528=ORIENTED_EDGE('',*,*,#3095,.F.);
#529=ORIENTED_EDGE('',*,*,#3096,.T.);
#530=ORIENTED_EDGE('',*,*,#3097,.T.);
#531=ORIENTED_EDGE('',*,*,#3098,.T.);
#532=ORIENTED_EDGE('',*,*,#3099,.T.);
#533=ORIENTED_EDGE('',*,*,#3100,.T.);
#534=ORIENTED_EDGE('',*,*,#3101,.T.);
#535=ORIENTED_EDGE('',*,*,#3056,.F.);
#536=ORIENTED_EDGE('',*,*,#3102,.T.);
#537=ORIENTED_EDGE('',*,*,#3091,.F.);
#538=ORIENTED_EDGE('',*,*,#3098,.F.);
#539=ORIENTED_EDGE('',*,*,#3103,.T.);
#540=ORIENTED_EDGE('',*,*,#3061,.F.);
#541=ORIENTED_EDGE('',*,*,#3104,.T.);
#542=ORIENTED_EDGE('',*,*,#3101,.F.);
#543=ORIENTED_EDGE('',*,*,#3105,.T.);
#544=ORIENTED_EDGE('',*,*,#3106,.T.);
#545=ORIENTED_EDGE('',*,*,#3107,.T.);
#546=ORIENTED_EDGE('',*,*,#3062,.F.);
#547=ORIENTED_EDGE('',*,*,#3103,.F.);
#548=ORIENTED_EDGE('',*,*,#3063,.F.);
#549=ORIENTED_EDGE('',*,*,#3107,.F.);
#550=ORIENTED_EDGE('',*,*,#3108,.T.);
#551=ORIENTED_EDGE('',*,*,#3109,.T.);
#552=ORIENTED_EDGE('',*,*,#3110,.T.);
#553=ORIENTED_EDGE('',*,*,#3076,.F.);
#554=ORIENTED_EDGE('',*,*,#3072,.F.);
#555=ORIENTED_EDGE('',*,*,#3067,.F.);
#556=ORIENTED_EDGE('',*,*,#3109,.F.);
#557=ORIENTED_EDGE('',*,*,#3111,.T.);
#558=ORIENTED_EDGE('',*,*,#3112,.T.);
#559=ORIENTED_EDGE('',*,*,#3113,.T.);
#560=ORIENTED_EDGE('',*,*,#3093,.F.);
#561=ORIENTED_EDGE('',*,*,#3114,.T.);
#562=ORIENTED_EDGE('',*,*,#3112,.F.);
#563=ORIENTED_EDGE('',*,*,#3115,.T.);
#564=ORIENTED_EDGE('',*,*,#3116,.T.);
#565=ORIENTED_EDGE('',*,*,#3096,.F.);
#566=ORIENTED_EDGE('',*,*,#3094,.F.);
#567=ORIENTED_EDGE('',*,*,#3113,.F.);
#568=ORIENTED_EDGE('',*,*,#3117,.T.);
#569=ORIENTED_EDGE('',*,*,#3118,.T.);
#570=ORIENTED_EDGE('',*,*,#3116,.F.);
#571=ORIENTED_EDGE('',*,*,#3115,.F.);
#572=ORIENTED_EDGE('',*,*,#3111,.F.);
#573=ORIENTED_EDGE('',*,*,#3108,.F.);
#574=ORIENTED_EDGE('',*,*,#3106,.F.);
#575=ORIENTED_EDGE('',*,*,#3105,.F.);
#576=ORIENTED_EDGE('',*,*,#3100,.F.);
#577=ORIENTED_EDGE('',*,*,#3097,.F.);
#578=ORIENTED_EDGE('',*,*,#3119,.T.);
#579=ORIENTED_EDGE('',*,*,#3117,.F.);
#580=ORIENTED_EDGE('',*,*,#3120,.T.);
#581=ORIENTED_EDGE('',*,*,#3121,.T.);
#582=ORIENTED_EDGE('',*,*,#3122,.T.);
#583=ORIENTED_EDGE('',*,*,#3123,.T.);
#584=ORIENTED_EDGE('',*,*,#3120,.F.);
#585=ORIENTED_EDGE('',*,*,#3118,.F.);
#586=ORIENTED_EDGE('',*,*,#3119,.F.);
#587=ORIENTED_EDGE('',*,*,#3124,.T.);
#588=ORIENTED_EDGE('',*,*,#3125,.T.);
#589=ORIENTED_EDGE('',*,*,#2972,.F.);
#590=ORIENTED_EDGE('',*,*,#3126,.T.);
#591=ORIENTED_EDGE('',*,*,#3127,.T.);
#592=ORIENTED_EDGE('',*,*,#3128,.T.);
#593=ORIENTED_EDGE('',*,*,#3129,.T.);
#594=ORIENTED_EDGE('',*,*,#3130,.T.);
#595=ORIENTED_EDGE('',*,*,#3131,.T.);
#596=ORIENTED_EDGE('',*,*,#3132,.T.);
#597=ORIENTED_EDGE('',*,*,#3133,.T.);
#598=ORIENTED_EDGE('',*,*,#2985,.F.);
#599=ORIENTED_EDGE('',*,*,#3134,.T.);
#600=ORIENTED_EDGE('',*,*,#3135,.T.);
#601=ORIENTED_EDGE('',*,*,#3136,.T.);
#602=ORIENTED_EDGE('',*,*,#2978,.F.);
#603=ORIENTED_EDGE('',*,*,#3137,.T.);
#604=ORIENTED_EDGE('',*,*,#2983,.F.);
#605=ORIENTED_EDGE('',*,*,#3138,.T.);
#606=ORIENTED_EDGE('',*,*,#3139,.T.);
#607=ORIENTED_EDGE('',*,*,#3140,.T.);
#608=ORIENTED_EDGE('',*,*,#3141,.T.);
#609=ORIENTED_EDGE('',*,*,#3142,.T.);
#610=ORIENTED_EDGE('',*,*,#3143,.T.);
#611=ORIENTED_EDGE('',*,*,#3144,.T.);
#612=ORIENTED_EDGE('',*,*,#3145,.T.);
#613=ORIENTED_EDGE('',*,*,#3139,.F.);
#614=ORIENTED_EDGE('',*,*,#3146,.T.);
#615=ORIENTED_EDGE('',*,*,#3147,.T.);
#616=ORIENTED_EDGE('',*,*,#3148,.T.);
#617=ORIENTED_EDGE('',*,*,#3149,.T.);
#618=ORIENTED_EDGE('',*,*,#3150,.T.);
#619=ORIENTED_EDGE('',*,*,#3141,.F.);
#620=ORIENTED_EDGE('',*,*,#3151,.T.);
#621=ORIENTED_EDGE('',*,*,#3146,.F.);
#622=ORIENTED_EDGE('',*,*,#3138,.F.);
#623=ORIENTED_EDGE('',*,*,#3150,.F.);
#624=ORIENTED_EDGE('',*,*,#3152,.T.);
#625=ORIENTED_EDGE('',*,*,#3153,.T.);
#626=ORIENTED_EDGE('',*,*,#3128,.F.);
#627=ORIENTED_EDGE('',*,*,#3154,.T.);
#628=ORIENTED_EDGE('',*,*,#3151,.F.);
#629=ORIENTED_EDGE('',*,*,#3140,.F.);
#630=ORIENTED_EDGE('',*,*,#3145,.F.);
#631=ORIENTED_EDGE('',*,*,#3155,.T.);
#632=ORIENTED_EDGE('',*,*,#3156,.T.);
#633=ORIENTED_EDGE('',*,*,#3157,.T.);
#634=ORIENTED_EDGE('',*,*,#3158,.T.);
#635=ORIENTED_EDGE('',*,*,#3159,.T.);
#636=ORIENTED_EDGE('',*,*,#3160,.T.);
#637=ORIENTED_EDGE('',*,*,#3161,.T.);
#638=ORIENTED_EDGE('',*,*,#3162,.T.);
#639=ORIENTED_EDGE('',*,*,#3163,.T.);
#640=ORIENTED_EDGE('',*,*,#3159,.F.);
#641=ORIENTED_EDGE('',*,*,#3164,.T.);
#642=ORIENTED_EDGE('',*,*,#3165,.T.);
#643=ORIENTED_EDGE('',*,*,#3166,.T.);
#644=ORIENTED_EDGE('',*,*,#3167,.T.);
#645=ORIENTED_EDGE('',*,*,#3162,.F.);
#646=ORIENTED_EDGE('',*,*,#3168,.T.);
#647=ORIENTED_EDGE('',*,*,#3168,.F.);
#648=ORIENTED_EDGE('',*,*,#3161,.F.);
#649=ORIENTED_EDGE('',*,*,#3158,.F.);
#650=ORIENTED_EDGE('',*,*,#3169,.T.);
#651=ORIENTED_EDGE('',*,*,#3170,.T.);
#652=ORIENTED_EDGE('',*,*,#3171,.T.);
#653=ORIENTED_EDGE('',*,*,#3172,.T.);
#654=ORIENTED_EDGE('',*,*,#3160,.F.);
#655=ORIENTED_EDGE('',*,*,#3163,.F.);
#656=ORIENTED_EDGE('',*,*,#3167,.F.);
#657=ORIENTED_EDGE('',*,*,#2987,.F.);
#658=ORIENTED_EDGE('',*,*,#3173,.T.);
#659=ORIENTED_EDGE('',*,*,#3174,.T.);
#660=ORIENTED_EDGE('',*,*,#3175,.T.);
#661=ORIENTED_EDGE('',*,*,#3176,.T.);
#662=ORIENTED_EDGE('',*,*,#3174,.F.);
#663=ORIENTED_EDGE('',*,*,#3177,.T.);
#664=ORIENTED_EDGE('',*,*,#3178,.T.);
#665=ORIENTED_EDGE('',*,*,#3179,.T.);
#666=ORIENTED_EDGE('',*,*,#3180,.T.);
#667=ORIENTED_EDGE('',*,*,#3181,.T.);
#668=ORIENTED_EDGE('',*,*,#3182,.T.);
#669=ORIENTED_EDGE('',*,*,#3183,.T.);
#670=ORIENTED_EDGE('',*,*,#3184,.T.);
#671=ORIENTED_EDGE('',*,*,#3185,.T.);
#672=ORIENTED_EDGE('',*,*,#3054,.F.);
#673=ORIENTED_EDGE('',*,*,#3080,.F.);
#674=ORIENTED_EDGE('',*,*,#3186,.T.);
#675=ORIENTED_EDGE('',*,*,#3187,.T.);
#676=ORIENTED_EDGE('',*,*,#3016,.F.);
#677=ORIENTED_EDGE('',*,*,#3019,.F.);
#678=ORIENTED_EDGE('',*,*,#3008,.F.);
#679=ORIENTED_EDGE('',*,*,#3014,.F.);
#680=ORIENTED_EDGE('',*,*,#3188,.T.);
#681=ORIENTED_EDGE('',*,*,#3189,.T.);
#682=ORIENTED_EDGE('',*,*,#3186,.F.);
#683=ORIENTED_EDGE('',*,*,#3081,.F.);
#684=ORIENTED_EDGE('',*,*,#3033,.F.);
#685=ORIENTED_EDGE('',*,*,#3035,.F.);
#686=ORIENTED_EDGE('',*,*,#3027,.F.);
#687=ORIENTED_EDGE('',*,*,#3030,.F.);
#688=ORIENTED_EDGE('',*,*,#2997,.F.);
#689=ORIENTED_EDGE('',*,*,#3082,.F.);
#690=ORIENTED_EDGE('',*,*,#2990,.F.);
#691=ORIENTED_EDGE('',*,*,#3190,.T.);
#692=ORIENTED_EDGE('',*,*,#3191,.T.);
#693=ORIENTED_EDGE('',*,*,#3083,.F.);
#694=ORIENTED_EDGE('',*,*,#3070,.F.);
#695=ORIENTED_EDGE('',*,*,#3192,.T.);
#696=ORIENTED_EDGE('',*,*,#3193,.T.);
#697=ORIENTED_EDGE('',*,*,#3194,.T.);
#698=ORIENTED_EDGE('',*,*,#3075,.F.);
#699=ORIENTED_EDGE('',*,*,#3087,.F.);
#700=ORIENTED_EDGE('',*,*,#3195,.T.);
#701=ORIENTED_EDGE('',*,*,#3196,.T.);
#702=ORIENTED_EDGE('',*,*,#3195,.F.);
#703=ORIENTED_EDGE('',*,*,#3086,.F.);
#704=ORIENTED_EDGE('',*,*,#3092,.F.);
#705=ORIENTED_EDGE('',*,*,#3102,.F.);
#706=ORIENTED_EDGE('',*,*,#3055,.F.);
#707=ORIENTED_EDGE('',*,*,#3084,.F.);
#708=ORIENTED_EDGE('',*,*,#3191,.F.);
#709=ORIENTED_EDGE('',*,*,#3197,.T.);
#710=ORIENTED_EDGE('',*,*,#3198,.T.);
#711=ORIENTED_EDGE('',*,*,#3199,.T.);
#712=ORIENTED_EDGE('',*,*,#3121,.F.);
#713=ORIENTED_EDGE('',*,*,#3123,.F.);
#714=ORIENTED_EDGE('',*,*,#3200,.T.);
#715=ORIENTED_EDGE('',*,*,#3201,.T.);
#716=ORIENTED_EDGE('',*,*,#3200,.F.);
#717=ORIENTED_EDGE('',*,*,#3124,.F.);
#718=ORIENTED_EDGE('',*,*,#3122,.F.);
#719=ORIENTED_EDGE('',*,*,#3199,.F.);
#720=ORIENTED_EDGE('',*,*,#3202,.T.);
#721=ORIENTED_EDGE('',*,*,#3203,.T.);
#722=ORIENTED_EDGE('',*,*,#3148,.F.);
#723=ORIENTED_EDGE('',*,*,#3204,.T.);
#724=ORIENTED_EDGE('',*,*,#3205,.T.);
#725=ORIENTED_EDGE('',*,*,#3206,.T.);
#726=ORIENTED_EDGE('',*,*,#2976,.F.);
#727=ORIENTED_EDGE('',*,*,#3207,.T.);
#728=ORIENTED_EDGE('',*,*,#3143,.F.);
#729=ORIENTED_EDGE('',*,*,#3208,.T.);
#730=ORIENTED_EDGE('',*,*,#2970,.F.);
#731=ORIENTED_EDGE('',*,*,#3209,.T.);
#732=ORIENTED_EDGE('',*,*,#3210,.T.);
#733=ORIENTED_EDGE('',*,*,#3211,.T.);
#734=ORIENTED_EDGE('',*,*,#3171,.F.);
#735=ORIENTED_EDGE('',*,*,#3212,.T.);
#736=ORIENTED_EDGE('',*,*,#3213,.T.);
#737=ORIENTED_EDGE('',*,*,#3214,.T.);
#738=ORIENTED_EDGE('',*,*,#3165,.F.);
#739=ORIENTED_EDGE('',*,*,#3215,.T.);
#740=ORIENTED_EDGE('',*,*,#3132,.F.);
#741=ORIENTED_EDGE('',*,*,#3216,.T.);
#742=ORIENTED_EDGE('',*,*,#3156,.F.);
#743=ORIENTED_EDGE('',*,*,#3217,.T.);
#744=ORIENTED_EDGE('',*,*,#3218,.T.);
#745=ORIENTED_EDGE('',*,*,#3219,.T.);
#746=ORIENTED_EDGE('',*,*,#3127,.F.);
#747=ORIENTED_EDGE('',*,*,#3220,.T.);
#748=ORIENTED_EDGE('',*,*,#3221,.T.);
#749=ORIENTED_EDGE('',*,*,#3183,.F.);
#750=ORIENTED_EDGE('',*,*,#3222,.T.);
#751=ORIENTED_EDGE('',*,*,#3125,.F.);
#752=ORIENTED_EDGE('',*,*,#3223,.T.);
#753=ORIENTED_EDGE('',*,*,#3224,.T.);
#754=ORIENTED_EDGE('',*,*,#3225,.T.);
#755=ORIENTED_EDGE('',*,*,#3126,.F.);
#756=ORIENTED_EDGE('',*,*,#3226,.T.);
#757=ORIENTED_EDGE('',*,*,#3227,.T.);
#758=ORIENTED_EDGE('',*,*,#3223,.F.);
#759=ORIENTED_EDGE('',*,*,#2971,.F.);
#760=ORIENTED_EDGE('',*,*,#3222,.F.);
#761=ORIENTED_EDGE('',*,*,#3182,.F.);
#762=ORIENTED_EDGE('',*,*,#3228,.T.);
#763=ORIENTED_EDGE('',*,*,#2973,.F.);
#764=ORIENTED_EDGE('',*,*,#3229,.T.);
#765=ORIENTED_EDGE('',*,*,#3230,.T.);
#766=ORIENTED_EDGE('',*,*,#3231,.T.);
#767=ORIENTED_EDGE('',*,*,#2975,.F.);
#768=ORIENTED_EDGE('',*,*,#3232,.T.);
#769=ORIENTED_EDGE('',*,*,#3180,.F.);
#770=ORIENTED_EDGE('',*,*,#3233,.T.);
#771=ORIENTED_EDGE('',*,*,#2977,.F.);
#772=ORIENTED_EDGE('',*,*,#3234,.T.);
#773=ORIENTED_EDGE('',*,*,#3235,.T.);
#774=ORIENTED_EDGE('',*,*,#3229,.F.);
#775=ORIENTED_EDGE('',*,*,#2979,.F.);
#776=ORIENTED_EDGE('',*,*,#3233,.F.);
#777=ORIENTED_EDGE('',*,*,#3179,.F.);
#778=ORIENTED_EDGE('',*,*,#3236,.T.);
#779=ORIENTED_EDGE('',*,*,#2980,.F.);
#780=ORIENTED_EDGE('',*,*,#3236,.F.);
#781=ORIENTED_EDGE('',*,*,#3178,.F.);
#782=ORIENTED_EDGE('',*,*,#3237,.T.);
#783=ORIENTED_EDGE('',*,*,#3137,.F.);
#784=ORIENTED_EDGE('',*,*,#3238,.T.);
#785=ORIENTED_EDGE('',*,*,#3239,.T.);
#786=ORIENTED_EDGE('',*,*,#3234,.F.);
#787=ORIENTED_EDGE('',*,*,#3136,.F.);
#788=ORIENTED_EDGE('',*,*,#3237,.F.);
#789=ORIENTED_EDGE('',*,*,#3177,.F.);
#790=ORIENTED_EDGE('',*,*,#3173,.F.);
#791=ORIENTED_EDGE('',*,*,#2984,.F.);
#792=ORIENTED_EDGE('',*,*,#3240,.T.);
#793=ORIENTED_EDGE('',*,*,#3241,.T.);
#794=ORIENTED_EDGE('',*,*,#3238,.F.);
#795=ORIENTED_EDGE('',*,*,#2982,.F.);
#796=ORIENTED_EDGE('',*,*,#3242,.T.);
#797=ORIENTED_EDGE('',*,*,#3243,.T.);
#798=ORIENTED_EDGE('',*,*,#3240,.F.);
#799=ORIENTED_EDGE('',*,*,#2986,.F.);
#800=ORIENTED_EDGE('',*,*,#3175,.F.);
#801=ORIENTED_EDGE('',*,*,#3176,.F.);
#802=ORIENTED_EDGE('',*,*,#3244,.T.);
#803=ORIENTED_EDGE('',*,*,#3134,.F.);
#804=ORIENTED_EDGE('',*,*,#3245,.T.);
#805=ORIENTED_EDGE('',*,*,#3246,.T.);
#806=ORIENTED_EDGE('',*,*,#3242,.F.);
#807=ORIENTED_EDGE('',*,*,#3133,.F.);
#808=ORIENTED_EDGE('',*,*,#3201,.F.);
#809=ORIENTED_EDGE('',*,*,#3203,.F.);
#810=ORIENTED_EDGE('',*,*,#3247,.T.);
#811=ORIENTED_EDGE('',*,*,#3169,.F.);
#812=ORIENTED_EDGE('',*,*,#3248,.T.);
#813=ORIENTED_EDGE('',*,*,#3196,.F.);
#814=ORIENTED_EDGE('',*,*,#3197,.F.);
#815=ORIENTED_EDGE('',*,*,#3193,.F.);
#816=ORIENTED_EDGE('',*,*,#3249,.T.);
#817=ORIENTED_EDGE('',*,*,#3164,.F.);
#818=ORIENTED_EDGE('',*,*,#3250,.T.);
#819=ORIENTED_EDGE('',*,*,#3245,.F.);
#820=ORIENTED_EDGE('',*,*,#3215,.F.);
#821=ORIENTED_EDGE('',*,*,#3225,.F.);
#822=ORIENTED_EDGE('',*,*,#3251,.T.);
#823=ORIENTED_EDGE('',*,*,#3157,.F.);
#824=ORIENTED_EDGE('',*,*,#3220,.F.);
#825=ORIENTED_EDGE('',*,*,#3217,.F.);
#826=ORIENTED_EDGE('',*,*,#3155,.F.);
#827=ORIENTED_EDGE('',*,*,#3172,.F.);
#828=ORIENTED_EDGE('',*,*,#3214,.F.);
#829=ORIENTED_EDGE('',*,*,#3213,.F.);
#830=ORIENTED_EDGE('',*,*,#3212,.F.);
#831=ORIENTED_EDGE('',*,*,#3170,.F.);
#832=ORIENTED_EDGE('',*,*,#3166,.F.);
#833=ORIENTED_EDGE('',*,*,#3216,.F.);
#834=ORIENTED_EDGE('',*,*,#3135,.F.);
#835=ORIENTED_EDGE('',*,*,#3244,.F.);
#836=ORIENTED_EDGE('',*,*,#3184,.F.);
#837=ORIENTED_EDGE('',*,*,#3221,.F.);
#838=ORIENTED_EDGE('',*,*,#3219,.F.);
#839=ORIENTED_EDGE('',*,*,#3218,.F.);
#840=ORIENTED_EDGE('',*,*,#3189,.F.);
#841=ORIENTED_EDGE('',*,*,#3252,.T.);
#842=ORIENTED_EDGE('',*,*,#3152,.F.);
#843=ORIENTED_EDGE('',*,*,#3253,.T.);
#844=ORIENTED_EDGE('',*,*,#3017,.F.);
#845=ORIENTED_EDGE('',*,*,#2989,.F.);
#846=ORIENTED_EDGE('',*,*,#3254,.T.);
#847=ORIENTED_EDGE('',*,*,#3187,.F.);
#848=ORIENTED_EDGE('',*,*,#3190,.F.);
#849=ORIENTED_EDGE('',*,*,#3142,.F.);
#850=ORIENTED_EDGE('',*,*,#3255,.T.);
#851=ORIENTED_EDGE('',*,*,#3226,.F.);
#852=ORIENTED_EDGE('',*,*,#3208,.F.);
#853=ORIENTED_EDGE('',*,*,#3231,.F.);
#854=ORIENTED_EDGE('',*,*,#3256,.T.);
#855=ORIENTED_EDGE('',*,*,#3149,.F.);
#856=ORIENTED_EDGE('',*,*,#3207,.F.);
#857=ORIENTED_EDGE('',*,*,#3209,.F.);
#858=ORIENTED_EDGE('',*,*,#3228,.F.);
#859=ORIENTED_EDGE('',*,*,#3181,.F.);
#860=ORIENTED_EDGE('',*,*,#3232,.F.);
#861=ORIENTED_EDGE('',*,*,#3206,.F.);
#862=ORIENTED_EDGE('',*,*,#3205,.F.);
#863=ORIENTED_EDGE('',*,*,#3204,.F.);
#864=ORIENTED_EDGE('',*,*,#3147,.F.);
#865=ORIENTED_EDGE('',*,*,#3154,.F.);
#866=ORIENTED_EDGE('',*,*,#3131,.F.);
#867=ORIENTED_EDGE('',*,*,#3130,.F.);
#868=ORIENTED_EDGE('',*,*,#3129,.F.);
#869=ORIENTED_EDGE('',*,*,#3153,.F.);
#870=ORIENTED_EDGE('',*,*,#3144,.F.);
#871=ORIENTED_EDGE('',*,*,#3211,.F.);
#872=ORIENTED_EDGE('',*,*,#3210,.F.);
#873=ORIENTED_EDGE('',*,*,#3248,.F.);
#874=ORIENTED_EDGE('',*,*,#3251,.F.);
#875=ORIENTED_EDGE('',*,*,#3224,.F.);
#876=ORIENTED_EDGE('',*,*,#3227,.F.);
#877=ORIENTED_EDGE('',*,*,#3255,.F.);
#878=ORIENTED_EDGE('',*,*,#3252,.F.);
#879=ORIENTED_EDGE('',*,*,#3188,.F.);
#880=ORIENTED_EDGE('',*,*,#3013,.F.);
#881=ORIENTED_EDGE('',*,*,#3253,.F.);
#882=ORIENTED_EDGE('',*,*,#3256,.F.);
#883=ORIENTED_EDGE('',*,*,#3230,.F.);
#884=ORIENTED_EDGE('',*,*,#3235,.F.);
#885=ORIENTED_EDGE('',*,*,#3239,.F.);
#886=ORIENTED_EDGE('',*,*,#3241,.F.);
#887=ORIENTED_EDGE('',*,*,#3243,.F.);
#888=ORIENTED_EDGE('',*,*,#3246,.F.);
#889=ORIENTED_EDGE('',*,*,#3250,.F.);
#890=ORIENTED_EDGE('',*,*,#3247,.F.);
#891=ORIENTED_EDGE('',*,*,#3202,.F.);
#892=ORIENTED_EDGE('',*,*,#3198,.F.);
#893=ORIENTED_EDGE('',*,*,#3051,.F.);
#894=ORIENTED_EDGE('',*,*,#3185,.F.);
#895=ORIENTED_EDGE('',*,*,#3254,.F.);
#896=ORIENTED_EDGE('',*,*,#2988,.F.);
#897=ORIENTED_EDGE('',*,*,#3249,.F.);
#898=ORIENTED_EDGE('',*,*,#3192,.F.);
#899=ORIENTED_EDGE('',*,*,#3069,.F.);
#900=ORIENTED_EDGE('',*,*,#3194,.F.);
#901=PCURVE('',#3698,#1467);
#902=PCURVE('',#3698,#1468);
#903=PCURVE('',#3698,#1469);
#904=PCURVE('',#3698,#1470);
#905=PCURVE('',#3650,#1471);
#906=PCURVE('',#3650,#1472);
#907=PCURVE('',#3650,#1473);
#908=PCURVE('',#3650,#1474);
#909=PCURVE('',#3699,#1475);
#910=PCURVE('',#3699,#1476);
#911=PCURVE('',#3699,#1477);
#912=PCURVE('',#3699,#1478);
#913=PCURVE('',#3651,#1479);
#914=PCURVE('',#3651,#1480);
#915=PCURVE('',#3651,#1481);
#916=PCURVE('',#3651,#1482);
#917=PCURVE('',#3700,#1483);
#918=PCURVE('',#3700,#1484);
#919=PCURVE('',#3700,#1485);
#920=PCURVE('',#3700,#1486);
#921=PCURVE('',#3652,#1487);
#922=PCURVE('',#3652,#1488);
#923=PCURVE('',#3652,#1489);
#924=PCURVE('',#3652,#1490);
#925=PCURVE('',#3652,#1491);
#926=PCURVE('',#3701,#1492);
#927=PCURVE('',#3701,#1493);
#928=PCURVE('',#3701,#1494);
#929=PCURVE('',#3701,#1495);
#930=PCURVE('',#3702,#1496);
#931=PCURVE('',#3702,#1497);
#932=PCURVE('',#3702,#1498);
#933=PCURVE('',#3702,#1499);
#934=PCURVE('',#3653,#1500);
#935=PCURVE('',#3653,#1501);
#936=PCURVE('',#3653,#1502);
#937=PCURVE('',#3653,#1503);
#938=PCURVE('',#3653,#1504);
#939=PCURVE('',#3653,#1505);
#940=PCURVE('',#3654,#1506);
#941=PCURVE('',#3654,#1507);
#942=PCURVE('',#3654,#1508);
#943=PCURVE('',#3654,#1509);
#944=PCURVE('',#3703,#1510);
#945=PCURVE('',#3703,#1511);
#946=PCURVE('',#3703,#1512);
#947=PCURVE('',#3703,#1513);
#948=PCURVE('',#3703,#1514);
#949=PCURVE('',#3705,#1515);
#950=PCURVE('',#3705,#1516);
#951=PCURVE('',#3705,#1517);
#952=PCURVE('',#3705,#1518);
#953=PCURVE('',#3705,#1519);
#954=PCURVE('',#3705,#1520);
#955=PCURVE('',#3706,#1521);
#956=PCURVE('',#3706,#1522);
#957=PCURVE('',#3706,#1523);
#958=PCURVE('',#3706,#1524);
#959=PCURVE('',#3706,#1525);
#960=PCURVE('',#3655,#1526);
#961=PCURVE('',#3655,#1527);
#962=PCURVE('',#3655,#1528);
#963=PCURVE('',#3655,#1529);
#964=PCURVE('',#3655,#1530);
#965=PCURVE('',#3655,#1531);
#966=PCURVE('',#3655,#1532);
#967=PCURVE('',#3655,#1533);
#968=PCURVE('',#3655,#1534);
#969=PCURVE('',#3655,#1535);
#970=PCURVE('',#3656,#1536);
#971=PCURVE('',#3656,#1537);
#972=PCURVE('',#3656,#1538);
#973=PCURVE('',#3656,#1539);
#974=PCURVE('',#3707,#1540);
#975=PCURVE('',#3707,#1541);
#976=PCURVE('',#3707,#1542);
#977=PCURVE('',#3707,#1543);
#978=PCURVE('',#3707,#1544);
#979=PCURVE('',#3707,#1545);
#980=PCURVE('',#3708,#1546);
#981=PCURVE('',#3708,#1547);
#982=PCURVE('',#3708,#1548);
#983=PCURVE('',#3708,#1549);
#984=PCURVE('',#3709,#1550);
#985=PCURVE('',#3709,#1551);
#986=PCURVE('',#3709,#1552);
#987=PCURVE('',#3709,#1553);
#988=PCURVE('',#3709,#1554);
#989=PCURVE('',#3709,#1555);
#990=PCURVE('',#3657,#1556);
#991=PCURVE('',#3657,#1557);
#992=PCURVE('',#3657,#1558);
#993=PCURVE('',#3657,#1559);
#994=PCURVE('',#3658,#1560);
#995=PCURVE('',#3658,#1561);
#996=PCURVE('',#3658,#1562);
#997=PCURVE('',#3658,#1563);
#998=PCURVE('',#3658,#1564);
#999=PCURVE('',#3658,#1565);
#1000=PCURVE('',#3710,#1566);
#1001=PCURVE('',#3710,#1567);
#1002=PCURVE('',#3710,#1568);
#1003=PCURVE('',#3710,#1569);
#1004=PCURVE('',#3711,#1570);
#1005=PCURVE('',#3711,#1571);
#1006=PCURVE('',#3711,#1572);
#1007=PCURVE('',#3711,#1573);
#1008=PCURVE('',#3711,#1574);
#1009=PCURVE('',#3711,#1575);
#1010=PCURVE('',#3659,#1576);
#1011=PCURVE('',#3659,#1577);
#1012=PCURVE('',#3659,#1578);
#1013=PCURVE('',#3659,#1579);
#1014=PCURVE('',#3712,#1580);
#1015=PCURVE('',#3712,#1581);
#1016=PCURVE('',#3712,#1582);
#1017=PCURVE('',#3712,#1583);
#1018=PCURVE('',#3712,#1584);
#1019=PCURVE('',#3712,#1585);
#1020=PCURVE('',#3660,#1586);
#1021=PCURVE('',#3660,#1587);
#1022=PCURVE('',#3660,#1588);
#1023=PCURVE('',#3660,#1589);
#1024=PCURVE('',#3660,#1590);
#1025=PCURVE('',#3660,#1591);
#1026=PCURVE('',#3660,#1592);
#1027=PCURVE('',#3660,#1593);
#1028=PCURVE('',#3660,#1594);
#1029=PCURVE('',#3660,#1595);
#1030=PCURVE('',#3713,#1596);
#1031=PCURVE('',#3713,#1597);
#1032=PCURVE('',#3713,#1598);
#1033=PCURVE('',#3713,#1599);
#1034=PCURVE('',#3713,#1600);
#1035=PCURVE('',#3661,#1601);
#1036=PCURVE('',#3661,#1602);
#1037=PCURVE('',#3661,#1603);
#1038=PCURVE('',#3661,#1604);
#1039=PCURVE('',#3661,#1605);
#1040=PCURVE('',#3661,#1606);
#1041=PCURVE('',#3714,#1607);
#1042=PCURVE('',#3714,#1608);
#1043=PCURVE('',#3714,#1609);
#1044=PCURVE('',#3714,#1610);
#1045=PCURVE('',#3714,#1611);
#1046=PCURVE('',#3662,#1612);
#1047=PCURVE('',#3662,#1613);
#1048=PCURVE('',#3662,#1614);
#1049=PCURVE('',#3662,#1615);
#1050=PCURVE('',#3662,#1616);
#1051=PCURVE('',#3662,#1617);
#1052=PCURVE('',#3662,#1618);
#1053=PCURVE('',#3662,#1619);
#1054=PCURVE('',#3715,#1620);
#1055=PCURVE('',#3715,#1621);
#1056=PCURVE('',#3715,#1622);
#1057=PCURVE('',#3715,#1623);
#1058=PCURVE('',#3715,#1624);
#1059=PCURVE('',#3663,#1625);
#1060=PCURVE('',#3663,#1626);
#1061=PCURVE('',#3663,#1627);
#1062=PCURVE('',#3663,#1628);
#1063=PCURVE('',#3663,#1629);
#1064=PCURVE('',#3663,#1630);
#1065=PCURVE('',#3664,#1631);
#1066=PCURVE('',#3664,#1632);
#1067=PCURVE('',#3664,#1633);
#1068=PCURVE('',#3664,#1634);
#1069=PCURVE('',#3664,#1635);
#1070=PCURVE('',#3664,#1636);
#1071=PCURVE('',#3665,#1637);
#1072=PCURVE('',#3665,#1638);
#1073=PCURVE('',#3665,#1639);
#1074=PCURVE('',#3665,#1640);
#1075=PCURVE('',#3665,#1641);
#1076=PCURVE('',#3665,#1642);
#1077=PCURVE('',#3666,#1643);
#1078=PCURVE('',#3666,#1644);
#1079=PCURVE('',#3666,#1645);
#1080=PCURVE('',#3666,#1646);
#1081=PCURVE('',#3666,#1647);
#1082=PCURVE('',#3666,#1648);
#1083=PCURVE('',#3716,#1649);
#1084=PCURVE('',#3716,#1650);
#1085=PCURVE('',#3716,#1651);
#1086=PCURVE('',#3716,#1652);
#1087=PCURVE('',#3716,#1653);
#1088=PCURVE('',#3667,#1654);
#1089=PCURVE('',#3667,#1655);
#1090=PCURVE('',#3667,#1656);
#1091=PCURVE('',#3667,#1657);
#1092=PCURVE('',#3667,#1658);
#1093=PCURVE('',#3667,#1659);
#1094=PCURVE('',#3717,#1660);
#1095=PCURVE('',#3717,#1661);
#1096=PCURVE('',#3717,#1662);
#1097=PCURVE('',#3717,#1663);
#1098=PCURVE('',#3717,#1664);
#1099=PCURVE('',#3668,#1665);
#1100=PCURVE('',#3668,#1666);
#1101=PCURVE('',#3668,#1667);
#1102=PCURVE('',#3668,#1668);
#1103=PCURVE('',#3668,#1669);
#1104=PCURVE('',#3668,#1670);
#1105=PCURVE('',#3718,#1671);
#1106=PCURVE('',#3718,#1672);
#1107=PCURVE('',#3718,#1673);
#1108=PCURVE('',#3718,#1674);
#1109=PCURVE('',#3718,#1675);
#1110=PCURVE('',#3669,#1676);
#1111=PCURVE('',#3669,#1677);
#1112=PCURVE('',#3669,#1678);
#1113=PCURVE('',#3669,#1679);
#1114=PCURVE('',#3719,#1680);
#1115=PCURVE('',#3719,#1681);
#1116=PCURVE('',#3719,#1682);
#1117=PCURVE('',#3719,#1683);
#1118=PCURVE('',#3719,#1684);
#1119=PCURVE('',#3670,#1685);
#1120=PCURVE('',#3670,#1686);
#1121=PCURVE('',#3670,#1687);
#1122=PCURVE('',#3670,#1688);
#1123=PCURVE('',#3670,#1689);
#1124=PCURVE('',#3670,#1690);
#1125=PCURVE('',#3720,#1691);
#1126=PCURVE('',#3720,#1692);
#1127=PCURVE('',#3720,#1693);
#1128=PCURVE('',#3720,#1694);
#1129=PCURVE('',#3720,#1695);
#1130=PCURVE('',#3671,#1696);
#1131=PCURVE('',#3671,#1697);
#1132=PCURVE('',#3671,#1698);
#1133=PCURVE('',#3671,#1699);
#1134=PCURVE('',#3672,#1700);
#1135=PCURVE('',#3672,#1701);
#1136=PCURVE('',#3672,#1702);
#1137=PCURVE('',#3672,#1703);
#1138=PCURVE('',#3672,#1704);
#1139=PCURVE('',#3672,#1705);
#1140=PCURVE('',#3672,#1706);
#1141=PCURVE('',#3672,#1707);
#1142=PCURVE('',#3672,#1708);
#1143=PCURVE('',#3672,#1709);
#1144=PCURVE('',#3722,#1710);
#1145=PCURVE('',#3722,#1711);
#1146=PCURVE('',#3722,#1712);
#1147=PCURVE('',#3722,#1713);
#1148=PCURVE('',#3722,#1714);
#1149=PCURVE('',#3723,#1715);
#1150=PCURVE('',#3723,#1716);
#1151=PCURVE('',#3723,#1717);
#1152=PCURVE('',#3723,#1718);
#1153=PCURVE('',#3723,#1719);
#1154=PCURVE('',#3673,#1720);
#1155=PCURVE('',#3673,#1721);
#1156=PCURVE('',#3673,#1722);
#1157=PCURVE('',#3673,#1723);
#1158=PCURVE('',#3674,#1724);
#1159=PCURVE('',#3674,#1725);
#1160=PCURVE('',#3674,#1726);
#1161=PCURVE('',#3674,#1727);
#1162=PCURVE('',#3675,#1728);
#1163=PCURVE('',#3675,#1729);
#1164=PCURVE('',#3675,#1730);
#1165=PCURVE('',#3675,#1731);
#1166=PCURVE('',#3675,#1732);
#1167=PCURVE('',#3725,#1733);
#1168=PCURVE('',#3725,#1734);
#1169=PCURVE('',#3725,#1735);
#1170=PCURVE('',#3725,#1736);
#1171=PCURVE('',#3644,#1737);
#1172=PCURVE('',#3644,#1738);
#1173=PCURVE('',#3644,#1739);
#1174=PCURVE('',#3644,#1740);
#1175=PCURVE('',#3645,#1741);
#1176=PCURVE('',#3645,#1742);
#1177=PCURVE('',#3645,#1743);
#1178=PCURVE('',#3645,#1744);
#1179=PCURVE('',#3645,#1745);
#1180=PCURVE('',#3645,#1746);
#1181=PCURVE('',#3646,#1747);
#1182=PCURVE('',#3646,#1748);
#1183=PCURVE('',#3646,#1749);
#1184=PCURVE('',#3646,#1750);
#1185=PCURVE('',#3646,#1751);
#1186=PCURVE('',#3646,#1752);
#1187=PCURVE('',#3676,#1753);
#1188=PCURVE('',#3676,#1754);
#1189=PCURVE('',#3676,#1755);
#1190=PCURVE('',#3676,#1756);
#1191=PCURVE('',#3677,#1757);
#1192=PCURVE('',#3677,#1758);
#1193=PCURVE('',#3677,#1759);
#1194=PCURVE('',#3677,#1760);
#1195=PCURVE('',#3677,#1761);
#1196=PCURVE('',#3677,#1762);
#1197=PCURVE('',#3647,#1763);
#1198=PCURVE('',#3647,#1764);
#1199=PCURVE('',#3647,#1765);
#1200=PCURVE('',#3647,#1766);
#1201=PCURVE('',#3647,#1767);
#1202=PCURVE('',#3647,#1768);
#1203=PCURVE('',#3648,#1769);
#1204=PCURVE('',#3648,#1770);
#1205=PCURVE('',#3648,#1771);
#1206=PCURVE('',#3648,#1772);
#1207=PCURVE('',#3649,#1773);
#1208=PCURVE('',#3649,#1774);
#1209=PCURVE('',#3649,#1775);
#1210=PCURVE('',#3649,#1776);
#1211=PCURVE('',#3649,#1777);
#1212=PCURVE('',#3649,#1778);
#1213=PCURVE('',#3678,#1779);
#1214=PCURVE('',#3678,#1780);
#1215=PCURVE('',#3678,#1781);
#1216=PCURVE('',#3678,#1782);
#1217=PCURVE('',#3679,#1783);
#1218=PCURVE('',#3679,#1784);
#1219=PCURVE('',#3679,#1785);
#1220=PCURVE('',#3679,#1786);
#1221=PCURVE('',#3679,#1787);
#1222=PCURVE('',#3679,#1788);
#1223=PCURVE('',#3734,#1789);
#1224=PCURVE('',#3734,#1790);
#1225=PCURVE('',#3734,#1791);
#1226=PCURVE('',#3734,#1792);
#1227=PCURVE('',#3680,#1793);
#1228=PCURVE('',#3680,#1794);
#1229=PCURVE('',#3680,#1795);
#1230=PCURVE('',#3680,#1796);
#1231=PCURVE('',#3680,#1797);
#1232=PCURVE('',#3680,#1798);
#1233=PCURVE('',#3680,#1799);
#1234=PCURVE('',#3680,#1800);
#1235=PCURVE('',#3680,#1801);
#1236=PCURVE('',#3680,#1802);
#1237=PCURVE('',#3681,#1803);
#1238=PCURVE('',#3681,#1804);
#1239=PCURVE('',#3681,#1805);
#1240=PCURVE('',#3681,#1806);
#1241=PCURVE('',#3681,#1807);
#1242=PCURVE('',#3704,#1808);
#1243=PCURVE('',#3704,#1809);
#1244=PCURVE('',#3704,#1810);
#1245=PCURVE('',#3704,#1811);
#1246=PCURVE('',#3704,#1812);
#1247=PCURVE('',#3704,#1813);
#1248=PCURVE('',#3682,#1814);
#1249=PCURVE('',#3682,#1815);
#1250=PCURVE('',#3682,#1816);
#1251=PCURVE('',#3682,#1817);
#1252=PCURVE('',#3682,#1818);
#1253=PCURVE('',#3682,#1819);
#1254=PCURVE('',#3682,#1820);
#1255=PCURVE('',#3682,#1821);
#1256=PCURVE('',#3682,#1822);
#1257=PCURVE('',#3682,#1823);
#1258=PCURVE('',#3683,#1824);
#1259=PCURVE('',#3683,#1825);
#1260=PCURVE('',#3683,#1826);
#1261=PCURVE('',#3683,#1827);
#1262=PCURVE('',#3683,#1828);
#1263=PCURVE('',#3684,#1829);
#1264=PCURVE('',#3684,#1830);
#1265=PCURVE('',#3684,#1831);
#1266=PCURVE('',#3684,#1832);
#1267=PCURVE('',#3684,#1833);
#1268=PCURVE('',#3685,#1834);
#1269=PCURVE('',#3685,#1835);
#1270=PCURVE('',#3685,#1836);
#1271=PCURVE('',#3685,#1837);
#1272=PCURVE('',#3685,#1838);
#1273=PCURVE('',#3685,#1839);
#1274=PCURVE('',#3685,#1840);
#1275=PCURVE('',#3685,#1841);
#1276=PCURVE('',#3721,#1842);
#1277=PCURVE('',#3721,#1843);
#1278=PCURVE('',#3721,#1844);
#1279=PCURVE('',#3721,#1845);
#1280=PCURVE('',#3721,#1846);
#1281=PCURVE('',#3721,#1847);
#1282=PCURVE('',#3724,#1848);
#1283=PCURVE('',#3724,#1849);
#1284=PCURVE('',#3724,#1850);
#1285=PCURVE('',#3724,#1851);
#1286=PCURVE('',#3724,#1852);
#1287=PCURVE('',#3724,#1853);
#1288=PCURVE('',#3686,#1854);
#1289=PCURVE('',#3686,#1855);
#1290=PCURVE('',#3686,#1856);
#1291=PCURVE('',#3686,#1857);
#1292=PCURVE('',#3686,#1858);
#1293=PCURVE('',#3686,#1859);
#1294=PCURVE('',#3687,#1860);
#1295=PCURVE('',#3687,#1861);
#1296=PCURVE('',#3687,#1862);
#1297=PCURVE('',#3687,#1863);
#1298=PCURVE('',#3687,#1864);
#1299=PCURVE('',#3687,#1865);
#1300=PCURVE('',#3688,#1866);
#1301=PCURVE('',#3688,#1867);
#1302=PCURVE('',#3688,#1868);
#1303=PCURVE('',#3688,#1869);
#1304=PCURVE('',#3689,#1870);
#1305=PCURVE('',#3689,#1871);
#1306=PCURVE('',#3689,#1872);
#1307=PCURVE('',#3689,#1873);
#1308=PCURVE('',#3690,#1874);
#1309=PCURVE('',#3690,#1875);
#1310=PCURVE('',#3690,#1876);
#1311=PCURVE('',#3690,#1877);
#1312=PCURVE('',#3690,#1878);
#1313=PCURVE('',#3690,#1879);
#1314=PCURVE('',#3727,#1880);
#1315=PCURVE('',#3727,#1881);
#1316=PCURVE('',#3727,#1882);
#1317=PCURVE('',#3727,#1883);
#1318=PCURVE('',#3727,#1884);
#1319=PCURVE('',#3727,#1885);
#1320=PCURVE('',#3727,#1886);
#1321=PCURVE('',#3727,#1887);
#1322=PCURVE('',#3728,#1888);
#1323=PCURVE('',#3728,#1889);
#1324=PCURVE('',#3728,#1890);
#1325=PCURVE('',#3728,#1891);
#1326=PCURVE('',#3728,#1892);
#1327=PCURVE('',#3728,#1893);
#1328=PCURVE('',#3728,#1894);
#1329=PCURVE('',#3728,#1895);
#1330=PCURVE('',#3730,#1896);
#1331=PCURVE('',#3730,#1897);
#1332=PCURVE('',#3730,#1898);
#1333=PCURVE('',#3730,#1899);
#1334=PCURVE('',#3730,#1900);
#1335=PCURVE('',#3730,#1901);
#1336=PCURVE('',#3730,#1902);
#1337=PCURVE('',#3730,#1903);
#1338=PCURVE('',#3731,#1904);
#1339=PCURVE('',#3731,#1905);
#1340=PCURVE('',#3731,#1906);
#1341=PCURVE('',#3731,#1907);
#1342=PCURVE('',#3731,#1908);
#1343=PCURVE('',#3731,#1909);
#1344=PCURVE('',#3731,#1910);
#1345=PCURVE('',#3731,#1911);
#1346=PCURVE('',#3732,#1912);
#1347=PCURVE('',#3732,#1913);
#1348=PCURVE('',#3732,#1914);
#1349=PCURVE('',#3732,#1915);
#1350=PCURVE('',#3732,#1916);
#1351=PCURVE('',#3732,#1917);
#1352=PCURVE('',#3732,#1918);
#1353=PCURVE('',#3732,#1919);
#1354=PCURVE('',#3733,#1920);
#1355=PCURVE('',#3733,#1921);
#1356=PCURVE('',#3733,#1922);
#1357=PCURVE('',#3733,#1923);
#1358=PCURVE('',#3733,#1924);
#1359=PCURVE('',#3733,#1925);
#1360=PCURVE('',#3733,#1926);
#1361=PCURVE('',#3733,#1927);
#1362=PCURVE('',#3734,#1928);
#1363=PCURVE('',#3734,#1929);
#1364=PCURVE('',#3734,#1930);
#1365=PCURVE('',#3734,#1931);
#1366=PCURVE('',#3735,#1932);
#1367=PCURVE('',#3735,#1933);
#1368=PCURVE('',#3735,#1934);
#1369=PCURVE('',#3735,#1935);
#1370=PCURVE('',#3735,#1936);
#1371=PCURVE('',#3735,#1937);
#1372=PCURVE('',#3735,#1938);
#1373=PCURVE('',#3735,#1939);
#1374=PCURVE('',#3691,#1940);
#1375=PCURVE('',#3691,#1941);
#1376=PCURVE('',#3691,#1942);
#1377=PCURVE('',#3691,#1943);
#1378=PCURVE('',#3691,#1944);
#1379=PCURVE('',#3692,#1945);
#1380=PCURVE('',#3692,#1946);
#1381=PCURVE('',#3692,#1947);
#1382=PCURVE('',#3692,#1948);
#1383=PCURVE('',#3726,#1949);
#1384=PCURVE('',#3726,#1950);
#1385=PCURVE('',#3726,#1951);
#1386=PCURVE('',#3726,#1952);
#1387=PCURVE('',#3726,#1953);
#1388=PCURVE('',#3726,#1954);
#1389=PCURVE('',#3726,#1955);
#1390=PCURVE('',#3726,#1956);
#1391=PCURVE('',#3726,#1957);
#1392=PCURVE('',#3726,#1958);
#1393=PCURVE('',#3726,#1959);
#1394=PCURVE('',#3726,#1960);
#1395=PCURVE('',#3726,#1961);
#1396=PCURVE('',#3726,#1962);
#1397=PCURVE('',#3726,#1963);
#1398=PCURVE('',#3726,#1964);
#1399=PCURVE('',#3726,#1965);
#1400=PCURVE('',#3726,#1966);
#1401=PCURVE('',#3726,#1967);
#1402=PCURVE('',#3726,#1968);
#1403=PCURVE('',#3726,#1969);
#1404=PCURVE('',#3726,#1970);
#1405=PCURVE('',#3726,#1971);
#1406=PCURVE('',#3693,#1972);
#1407=PCURVE('',#3693,#1973);
#1408=PCURVE('',#3693,#1974);
#1409=PCURVE('',#3693,#1975);
#1410=PCURVE('',#3693,#1976);
#1411=PCURVE('',#3694,#1977);
#1412=PCURVE('',#3694,#1978);
#1413=PCURVE('',#3694,#1979);
#1414=PCURVE('',#3694,#1980);
#1415=PCURVE('',#3729,#1981);
#1416=PCURVE('',#3729,#1982);
#1417=PCURVE('',#3729,#1983);
#1418=PCURVE('',#3729,#1984);
#1419=PCURVE('',#3729,#1985);
#1420=PCURVE('',#3729,#1986);
#1421=PCURVE('',#3729,#1987);
#1422=PCURVE('',#3729,#1988);
#1423=PCURVE('',#3729,#1989);
#1424=PCURVE('',#3729,#1990);
#1425=PCURVE('',#3729,#1991);
#1426=PCURVE('',#3729,#1992);
#1427=PCURVE('',#3729,#1993);
#1428=PCURVE('',#3729,#1994);
#1429=PCURVE('',#3729,#1995);
#1430=PCURVE('',#3729,#1996);
#1431=PCURVE('',#3729,#1997);
#1432=PCURVE('',#3729,#1998);
#1433=PCURVE('',#3729,#1999);
#1434=PCURVE('',#3729,#2000);
#1435=PCURVE('',#3729,#2001);
#1436=PCURVE('',#3729,#2002);
#1437=PCURVE('',#3729,#2003);
#1438=PCURVE('',#3729,#2004);
#1439=PCURVE('',#3695,#2005);
#1440=PCURVE('',#3695,#2006);
#1441=PCURVE('',#3695,#2007);
#1442=PCURVE('',#3695,#2008);
#1443=PCURVE('',#3695,#2009);
#1444=PCURVE('',#3695,#2010);
#1445=PCURVE('',#3695,#2011);
#1446=PCURVE('',#3695,#2012);
#1447=PCURVE('',#3695,#2013);
#1448=PCURVE('',#3695,#2014);
#1449=PCURVE('',#3695,#2015);
#1450=PCURVE('',#3695,#2016);
#1451=PCURVE('',#3695,#2017);
#1452=PCURVE('',#3695,#2018);
#1453=PCURVE('',#3695,#2019);
#1454=PCURVE('',#3695,#2020);
#1455=PCURVE('',#3695,#2021);
#1456=PCURVE('',#3695,#2022);
#1457=PCURVE('',#3695,#2023);
#1458=PCURVE('',#3695,#2024);
#1459=PCURVE('',#3696,#2025);
#1460=PCURVE('',#3696,#2026);
#1461=PCURVE('',#3696,#2027);
#1462=PCURVE('',#3696,#2028);
#1463=PCURVE('',#3697,#2029);
#1464=PCURVE('',#3697,#2030);
#1465=PCURVE('',#3697,#2031);
#1466=PCURVE('',#3697,#2032);
#1467=DEFINITIONAL_REPRESENTATION('',(#2033),#7090);
#1468=DEFINITIONAL_REPRESENTATION('',(#2034),#7090);
#1469=DEFINITIONAL_REPRESENTATION('',(#2035),#7090);
#1470=DEFINITIONAL_REPRESENTATION('',(#2036),#7090);
#1471=DEFINITIONAL_REPRESENTATION('',(#2038),#7090);
#1472=DEFINITIONAL_REPRESENTATION('',(#2040),#7090);
#1473=DEFINITIONAL_REPRESENTATION('',(#2042),#7090);
#1474=DEFINITIONAL_REPRESENTATION('',(#2044),#7090);
#1475=DEFINITIONAL_REPRESENTATION('',(#2045),#7090);
#1476=DEFINITIONAL_REPRESENTATION('',(#2046),#7090);
#1477=DEFINITIONAL_REPRESENTATION('',(#2047),#7090);
#1478=DEFINITIONAL_REPRESENTATION('',(#2048),#7090);
#1479=DEFINITIONAL_REPRESENTATION('',(#2050),#7090);
#1480=DEFINITIONAL_REPRESENTATION('',(#2052),#7090);
#1481=DEFINITIONAL_REPRESENTATION('',(#2054),#7090);
#1482=DEFINITIONAL_REPRESENTATION('',(#2056),#7090);
#1483=DEFINITIONAL_REPRESENTATION('',(#2057),#7090);
#1484=DEFINITIONAL_REPRESENTATION('',(#2058),#7090);
#1485=DEFINITIONAL_REPRESENTATION('',(#2059),#7090);
#1486=DEFINITIONAL_REPRESENTATION('',(#2060),#7090);
#1487=DEFINITIONAL_REPRESENTATION('',(#2062),#7090);
#1488=DEFINITIONAL_REPRESENTATION('',(#2064),#7090);
#1489=DEFINITIONAL_REPRESENTATION('',(#2066),#7090);
#1490=DEFINITIONAL_REPRESENTATION('',(#2068),#7090);
#1491=DEFINITIONAL_REPRESENTATION('',(#2070),#7090);
#1492=DEFINITIONAL_REPRESENTATION('',(#2071),#7090);
#1493=DEFINITIONAL_REPRESENTATION('',(#2073),#7090);
#1494=DEFINITIONAL_REPRESENTATION('',(#2075),#7090);
#1495=DEFINITIONAL_REPRESENTATION('',(#2076),#7090);
#1496=DEFINITIONAL_REPRESENTATION('',(#2078),#7090);
#1497=DEFINITIONAL_REPRESENTATION('',(#2080),#7090);
#1498=DEFINITIONAL_REPRESENTATION('',(#2081),#7090);
#1499=DEFINITIONAL_REPRESENTATION('',(#2082),#7090);
#1500=DEFINITIONAL_REPRESENTATION('',(#3272),#7090);
#1501=DEFINITIONAL_REPRESENTATION('',(#2083),#7090);
#1502=DEFINITIONAL_REPRESENTATION('',(#2085),#7090);
#1503=DEFINITIONAL_REPRESENTATION('',(#2086),#7090);
#1504=DEFINITIONAL_REPRESENTATION('',(#3274),#7090);
#1505=DEFINITIONAL_REPRESENTATION('',(#2088),#7090);
#1506=DEFINITIONAL_REPRESENTATION('',(#2089),#7090);
#1507=DEFINITIONAL_REPRESENTATION('',(#2090),#7090);
#1508=DEFINITIONAL_REPRESENTATION('',(#2092),#7090);
#1509=DEFINITIONAL_REPRESENTATION('',(#2093),#7090);
#1510=DEFINITIONAL_REPRESENTATION('',(#2094),#7090);
#1511=DEFINITIONAL_REPRESENTATION('',(#2095),#7090);
#1512=DEFINITIONAL_REPRESENTATION('',(#2096),#7090);
#1513=DEFINITIONAL_REPRESENTATION('',(#2097),#7090);
#1514=DEFINITIONAL_REPRESENTATION('',(#2098),#7090);
#1515=DEFINITIONAL_REPRESENTATION('',(#2099),#7090);
#1516=DEFINITIONAL_REPRESENTATION('',(#2100),#7090);
#1517=DEFINITIONAL_REPRESENTATION('',(#2101),#7090);
#1518=DEFINITIONAL_REPRESENTATION('',(#2102),#7090);
#1519=DEFINITIONAL_REPRESENTATION('',(#2103),#7090);
#1520=DEFINITIONAL_REPRESENTATION('',(#2104),#7090);
#1521=DEFINITIONAL_REPRESENTATION('',(#2105),#7090);
#1522=DEFINITIONAL_REPRESENTATION('',(#2106),#7090);
#1523=DEFINITIONAL_REPRESENTATION('',(#2107),#7090);
#1524=DEFINITIONAL_REPRESENTATION('',(#2108),#7090);
#1525=DEFINITIONAL_REPRESENTATION('',(#2109),#7090);
#1526=DEFINITIONAL_REPRESENTATION('',(#3289),#7090);
#1527=DEFINITIONAL_REPRESENTATION('',(#3290),#7090);
#1528=DEFINITIONAL_REPRESENTATION('',(#3292),#7090);
#1529=DEFINITIONAL_REPRESENTATION('',(#2111),#7090);
#1530=DEFINITIONAL_REPRESENTATION('',(#3294),#7090);
#1531=DEFINITIONAL_REPRESENTATION('',(#2113),#7090);
#1532=DEFINITIONAL_REPRESENTATION('',(#3296),#7090);
#1533=DEFINITIONAL_REPRESENTATION('',(#2115),#7090);
#1534=DEFINITIONAL_REPRESENTATION('',(#3298),#7090);
#1535=DEFINITIONAL_REPRESENTATION('',(#2116),#7090);
#1536=DEFINITIONAL_REPRESENTATION('',(#2118),#7090);
#1537=DEFINITIONAL_REPRESENTATION('',(#2120),#7090);
#1538=DEFINITIONAL_REPRESENTATION('',(#2121),#7090);
#1539=DEFINITIONAL_REPRESENTATION('',(#2123),#7090);
#1540=DEFINITIONAL_REPRESENTATION('',(#2124),#7090);
#1541=DEFINITIONAL_REPRESENTATION('',(#2125),#7090);
#1542=DEFINITIONAL_REPRESENTATION('',(#2126),#7090);
#1543=DEFINITIONAL_REPRESENTATION('',(#2127),#7090);
#1544=DEFINITIONAL_REPRESENTATION('',(#2128),#7090);
#1545=DEFINITIONAL_REPRESENTATION('',(#2129),#7090);
#1546=DEFINITIONAL_REPRESENTATION('',(#2130),#7090);
#1547=DEFINITIONAL_REPRESENTATION('',(#2132),#7090);
#1548=DEFINITIONAL_REPRESENTATION('',(#2134),#7090);
#1549=DEFINITIONAL_REPRESENTATION('',(#2135),#7090);
#1550=DEFINITIONAL_REPRESENTATION('',(#2136),#7090);
#1551=DEFINITIONAL_REPRESENTATION('',(#2137),#7090);
#1552=DEFINITIONAL_REPRESENTATION('',(#2138),#7090);
#1553=DEFINITIONAL_REPRESENTATION('',(#2139),#7090);
#1554=DEFINITIONAL_REPRESENTATION('',(#2140),#7090);
#1555=DEFINITIONAL_REPRESENTATION('',(#2141),#7090);
#1556=DEFINITIONAL_REPRESENTATION('',(#2143),#7090);
#1557=DEFINITIONAL_REPRESENTATION('',(#2144),#7090);
#1558=DEFINITIONAL_REPRESENTATION('',(#2145),#7090);
#1559=DEFINITIONAL_REPRESENTATION('',(#2146),#7090);
#1560=DEFINITIONAL_REPRESENTATION('',(#3306),#7090);
#1561=DEFINITIONAL_REPRESENTATION('',(#2147),#7090);
#1562=DEFINITIONAL_REPRESENTATION('',(#2149),#7090);
#1563=DEFINITIONAL_REPRESENTATION('',(#2151),#7090);
#1564=DEFINITIONAL_REPRESENTATION('',(#3308),#7090);
#1565=DEFINITIONAL_REPRESENTATION('',(#2152),#7090);
#1566=DEFINITIONAL_REPRESENTATION('',(#2154),#7090);
#1567=DEFINITIONAL_REPRESENTATION('',(#2156),#7090);
#1568=DEFINITIONAL_REPRESENTATION('',(#2157),#7090);
#1569=DEFINITIONAL_REPRESENTATION('',(#2158),#7090);
#1570=DEFINITIONAL_REPRESENTATION('',(#2159),#7090);
#1571=DEFINITIONAL_REPRESENTATION('',(#2160),#7090);
#1572=DEFINITIONAL_REPRESENTATION('',(#2161),#7090);
#1573=DEFINITIONAL_REPRESENTATION('',(#2162),#7090);
#1574=DEFINITIONAL_REPRESENTATION('',(#2164),#7090);
#1575=DEFINITIONAL_REPRESENTATION('',(#2165),#7090);
#1576=DEFINITIONAL_REPRESENTATION('',(#2166),#7090);
#1577=DEFINITIONAL_REPRESENTATION('',(#2167),#7090);
#1578=DEFINITIONAL_REPRESENTATION('',(#2169),#7090);
#1579=DEFINITIONAL_REPRESENTATION('',(#2171),#7090);
#1580=DEFINITIONAL_REPRESENTATION('',(#2172),#7090);
#1581=DEFINITIONAL_REPRESENTATION('',(#2173),#7090);
#1582=DEFINITIONAL_REPRESENTATION('',(#2174),#7090);
#1583=DEFINITIONAL_REPRESENTATION('',(#2175),#7090);
#1584=DEFINITIONAL_REPRESENTATION('',(#2176),#7090);
#1585=DEFINITIONAL_REPRESENTATION('',(#2177),#7090);
#1586=DEFINITIONAL_REPRESENTATION('',(#2179),#7090);
#1587=DEFINITIONAL_REPRESENTATION('',(#2180),#7090);
#1588=DEFINITIONAL_REPRESENTATION('',(#2182),#7090);
#1589=DEFINITIONAL_REPRESENTATION('',(#2183),#7090);
#1590=DEFINITIONAL_REPRESENTATION('',(#3312),#7090);
#1591=DEFINITIONAL_REPRESENTATION('',(#2184),#7090);
#1592=DEFINITIONAL_REPRESENTATION('',(#3313),#7090);
#1593=DEFINITIONAL_REPRESENTATION('',(#2185),#7090);
#1594=DEFINITIONAL_REPRESENTATION('',(#2187),#7090);
#1595=DEFINITIONAL_REPRESENTATION('',(#2189),#7090);
#1596=DEFINITIONAL_REPRESENTATION('',(#2191),#7090);
#1597=DEFINITIONAL_REPRESENTATION('',(#2192),#7090);
#1598=DEFINITIONAL_REPRESENTATION('',(#2194),#7090);
#1599=DEFINITIONAL_REPRESENTATION('',(#2195),#7090);
#1600=DEFINITIONAL_REPRESENTATION('',(#2196),#7090);
#1601=DEFINITIONAL_REPRESENTATION('',(#2198),#7090);
#1602=DEFINITIONAL_REPRESENTATION('',(#2199),#7090);
#1603=DEFINITIONAL_REPRESENTATION('',(#3318),#7090);
#1604=DEFINITIONAL_REPRESENTATION('',(#2201),#7090);
#1605=DEFINITIONAL_REPRESENTATION('',(#3320),#7090);
#1606=DEFINITIONAL_REPRESENTATION('',(#2203),#7090);
#1607=DEFINITIONAL_REPRESENTATION('',(#2204),#7090);
#1608=DEFINITIONAL_REPRESENTATION('',(#2205),#7090);
#1609=DEFINITIONAL_REPRESENTATION('',(#2207),#7090);
#1610=DEFINITIONAL_REPRESENTATION('',(#2208),#7090);
#1611=DEFINITIONAL_REPRESENTATION('',(#2209),#7090);
#1612=DEFINITIONAL_REPRESENTATION('',(#2211),#7090);
#1613=DEFINITIONAL_REPRESENTATION('',(#2213),#7090);
#1614=DEFINITIONAL_REPRESENTATION('',(#2215),#7090);
#1615=DEFINITIONAL_REPRESENTATION('',(#2216),#7090);
#1616=DEFINITIONAL_REPRESENTATION('',(#2218),#7090);
#1617=DEFINITIONAL_REPRESENTATION('',(#2220),#7090);
#1618=DEFINITIONAL_REPRESENTATION('',(#2222),#7090);
#1619=DEFINITIONAL_REPRESENTATION('',(#2224),#7090);
#1620=DEFINITIONAL_REPRESENTATION('',(#2225),#7090);
#1621=DEFINITIONAL_REPRESENTATION('',(#2226),#7090);
#1622=DEFINITIONAL_REPRESENTATION('',(#2228),#7090);
#1623=DEFINITIONAL_REPRESENTATION('',(#2229),#7090);
#1624=DEFINITIONAL_REPRESENTATION('',(#2230),#7090);
#1625=DEFINITIONAL_REPRESENTATION('',(#2232),#7090);
#1626=DEFINITIONAL_REPRESENTATION('',(#2233),#7090);
#1627=DEFINITIONAL_REPRESENTATION('',(#3327),#7090);
#1628=DEFINITIONAL_REPRESENTATION('',(#2234),#7090);
#1629=DEFINITIONAL_REPRESENTATION('',(#3328),#7090);
#1630=DEFINITIONAL_REPRESENTATION('',(#2236),#7090);
#1631=DEFINITIONAL_REPRESENTATION('',(#2237),#7090);
#1632=DEFINITIONAL_REPRESENTATION('',(#2239),#7090);
#1633=DEFINITIONAL_REPRESENTATION('',(#3329),#7090);
#1634=DEFINITIONAL_REPRESENTATION('',(#2240),#7090);
#1635=DEFINITIONAL_REPRESENTATION('',(#3330),#7090);
#1636=DEFINITIONAL_REPRESENTATION('',(#2241),#7090);
#1637=DEFINITIONAL_REPRESENTATION('',(#3331),#7090);
#1638=DEFINITIONAL_REPRESENTATION('',(#2242),#7090);
#1639=DEFINITIONAL_REPRESENTATION('',(#2244),#7090);
#1640=DEFINITIONAL_REPRESENTATION('',(#2246),#7090);
#1641=DEFINITIONAL_REPRESENTATION('',(#3332),#7090);
#1642=DEFINITIONAL_REPRESENTATION('',(#2247),#7090);
#1643=DEFINITIONAL_REPRESENTATION('',(#3334),#7090);
#1644=DEFINITIONAL_REPRESENTATION('',(#2249),#7090);
#1645=DEFINITIONAL_REPRESENTATION('',(#2251),#7090);
#1646=DEFINITIONAL_REPRESENTATION('',(#2252),#7090);
#1647=DEFINITIONAL_REPRESENTATION('',(#3335),#7090);
#1648=DEFINITIONAL_REPRESENTATION('',(#2254),#7090);
#1649=DEFINITIONAL_REPRESENTATION('',(#2255),#7090);
#1650=DEFINITIONAL_REPRESENTATION('',(#2256),#7090);
#1651=DEFINITIONAL_REPRESENTATION('',(#2258),#7090);
#1652=DEFINITIONAL_REPRESENTATION('',(#2259),#7090);
#1653=DEFINITIONAL_REPRESENTATION('',(#2261),#7090);
#1654=DEFINITIONAL_REPRESENTATION('',(#2262),#7090);
#1655=DEFINITIONAL_REPRESENTATION('',(#2263),#7090);
#1656=DEFINITIONAL_REPRESENTATION('',(#3339),#7090);
#1657=DEFINITIONAL_REPRESENTATION('',(#2265),#7090);
#1658=DEFINITIONAL_REPRESENTATION('',(#3341),#7090);
#1659=DEFINITIONAL_REPRESENTATION('',(#2266),#7090);
#1660=DEFINITIONAL_REPRESENTATION('',(#2267),#7090);
#1661=DEFINITIONAL_REPRESENTATION('',(#2268),#7090);
#1662=DEFINITIONAL_REPRESENTATION('',(#2269),#7090);
#1663=DEFINITIONAL_REPRESENTATION('',(#2270),#7090);
#1664=DEFINITIONAL_REPRESENTATION('',(#2272),#7090);
#1665=DEFINITIONAL_REPRESENTATION('',(#2274),#7090);
#1666=DEFINITIONAL_REPRESENTATION('',(#2275),#7090);
#1667=DEFINITIONAL_REPRESENTATION('',(#3346),#7090);
#1668=DEFINITIONAL_REPRESENTATION('',(#2277),#7090);
#1669=DEFINITIONAL_REPRESENTATION('',(#3347),#7090);
#1670=DEFINITIONAL_REPRESENTATION('',(#2278),#7090);
#1671=DEFINITIONAL_REPRESENTATION('',(#2279),#7090);
#1672=DEFINITIONAL_REPRESENTATION('',(#2280),#7090);
#1673=DEFINITIONAL_REPRESENTATION('',(#2282),#7090);
#1674=DEFINITIONAL_REPRESENTATION('',(#2283),#7090);
#1675=DEFINITIONAL_REPRESENTATION('',(#2284),#7090);
#1676=DEFINITIONAL_REPRESENTATION('',(#2286),#7090);
#1677=DEFINITIONAL_REPRESENTATION('',(#2287),#7090);
#1678=DEFINITIONAL_REPRESENTATION('',(#2288),#7090);
#1679=DEFINITIONAL_REPRESENTATION('',(#2289),#7090);
#1680=DEFINITIONAL_REPRESENTATION('',(#2290),#7090);
#1681=DEFINITIONAL_REPRESENTATION('',(#2291),#7090);
#1682=DEFINITIONAL_REPRESENTATION('',(#2292),#7090);
#1683=DEFINITIONAL_REPRESENTATION('',(#2293),#7090);
#1684=DEFINITIONAL_REPRESENTATION('',(#2295),#7090);
#1685=DEFINITIONAL_REPRESENTATION('',(#3353),#7090);
#1686=DEFINITIONAL_REPRESENTATION('',(#2296),#7090);
#1687=DEFINITIONAL_REPRESENTATION('',(#3354),#7090);
#1688=DEFINITIONAL_REPRESENTATION('',(#2297),#7090);
#1689=DEFINITIONAL_REPRESENTATION('',(#2299),#7090);
#1690=DEFINITIONAL_REPRESENTATION('',(#2300),#7090);
#1691=DEFINITIONAL_REPRESENTATION('',(#2301),#7090);
#1692=DEFINITIONAL_REPRESENTATION('',(#2302),#7090);
#1693=DEFINITIONAL_REPRESENTATION('',(#2304),#7090);
#1694=DEFINITIONAL_REPRESENTATION('',(#2305),#7090);
#1695=DEFINITIONAL_REPRESENTATION('',(#2306),#7090);
#1696=DEFINITIONAL_REPRESENTATION('',(#2308),#7090);
#1697=DEFINITIONAL_REPRESENTATION('',(#2309),#7090);
#1698=DEFINITIONAL_REPRESENTATION('',(#2310),#7090);
#1699=DEFINITIONAL_REPRESENTATION('',(#2311),#7090);
#1700=DEFINITIONAL_REPRESENTATION('',(#3359),#7090);
#1701=DEFINITIONAL_REPRESENTATION('',(#3361),#7090);
#1702=DEFINITIONAL_REPRESENTATION('',(#2312),#7090);
#1703=DEFINITIONAL_REPRESENTATION('',(#3362),#7090);
#1704=DEFINITIONAL_REPRESENTATION('',(#2313),#7090);
#1705=DEFINITIONAL_REPRESENTATION('',(#3363),#7090);
#1706=DEFINITIONAL_REPRESENTATION('',(#2314),#7090);
#1707=DEFINITIONAL_REPRESENTATION('',(#3364),#7090);
#1708=DEFINITIONAL_REPRESENTATION('',(#2315),#7090);
#1709=DEFINITIONAL_REPRESENTATION('',(#3365),#7090);
#1710=DEFINITIONAL_REPRESENTATION('',(#2316),#7090);
#1711=DEFINITIONAL_REPRESENTATION('',(#2317),#7090);
#1712=DEFINITIONAL_REPRESENTATION('',(#2318),#7090);
#1713=DEFINITIONAL_REPRESENTATION('',(#2319),#7090);
#1714=DEFINITIONAL_REPRESENTATION('',(#2320),#7090);
#1715=DEFINITIONAL_REPRESENTATION('',(#2321),#7090);
#1716=DEFINITIONAL_REPRESENTATION('',(#2322),#7090);
#1717=DEFINITIONAL_REPRESENTATION('',(#2323),#7090);
#1718=DEFINITIONAL_REPRESENTATION('',(#2324),#7090);
#1719=DEFINITIONAL_REPRESENTATION('',(#2325),#7090);
#1720=DEFINITIONAL_REPRESENTATION('',(#2327),#7090);
#1721=DEFINITIONAL_REPRESENTATION('',(#2328),#7090);
#1722=DEFINITIONAL_REPRESENTATION('',(#2330),#7090);
#1723=DEFINITIONAL_REPRESENTATION('',(#2332),#7090);
#1724=DEFINITIONAL_REPRESENTATION('',(#2334),#7090);
#1725=DEFINITIONAL_REPRESENTATION('',(#2336),#7090);
#1726=DEFINITIONAL_REPRESENTATION('',(#2338),#7090);
#1727=DEFINITIONAL_REPRESENTATION('',(#2340),#7090);
#1728=DEFINITIONAL_REPRESENTATION('',(#3373),#7090);
#1729=DEFINITIONAL_REPRESENTATION('',(#2342),#7090);
#1730=DEFINITIONAL_REPRESENTATION('',(#2343),#7090);
#1731=DEFINITIONAL_REPRESENTATION('',(#2345),#7090);
#1732=DEFINITIONAL_REPRESENTATION('',(#2347),#7090);
#1733=DEFINITIONAL_REPRESENTATION('',(#2348),#7090);
#1734=DEFINITIONAL_REPRESENTATION('',(#2349),#7090);
#1735=DEFINITIONAL_REPRESENTATION('',(#2350),#7090);
#1736=DEFINITIONAL_REPRESENTATION('',(#2351),#7090);
#1737=DEFINITIONAL_REPRESENTATION('',(#2353),#7090);
#1738=DEFINITIONAL_REPRESENTATION('',(#2355),#7090);
#1739=DEFINITIONAL_REPRESENTATION('',(#2357),#7090);
#1740=DEFINITIONAL_REPRESENTATION('',(#2359),#7090);
#1741=DEFINITIONAL_REPRESENTATION('',(#2361),#7090);
#1742=DEFINITIONAL_REPRESENTATION('',(#2363),#7090);
#1743=DEFINITIONAL_REPRESENTATION('',(#2365),#7090);
#1744=DEFINITIONAL_REPRESENTATION('',(#2367),#7090);
#1745=DEFINITIONAL_REPRESENTATION('',(#2368),#7090);
#1746=DEFINITIONAL_REPRESENTATION('',(#2370),#7090);
#1747=DEFINITIONAL_REPRESENTATION('',(#2372),#7090);
#1748=DEFINITIONAL_REPRESENTATION('',(#2374),#7090);
#1749=DEFINITIONAL_REPRESENTATION('',(#2376),#7090);
#1750=DEFINITIONAL_REPRESENTATION('',(#2378),#7090);
#1751=DEFINITIONAL_REPRESENTATION('',(#2379),#7090);
#1752=DEFINITIONAL_REPRESENTATION('',(#2381),#7090);
#1753=DEFINITIONAL_REPRESENTATION('',(#2382),#7090);
#1754=DEFINITIONAL_REPRESENTATION('',(#2383),#7090);
#1755=DEFINITIONAL_REPRESENTATION('',(#2384),#7090);
#1756=DEFINITIONAL_REPRESENTATION('',(#2385),#7090);
#1757=DEFINITIONAL_REPRESENTATION('',(#2386),#7090);
#1758=DEFINITIONAL_REPRESENTATION('',(#2387),#7090);
#1759=DEFINITIONAL_REPRESENTATION('',(#2388),#7090);
#1760=DEFINITIONAL_REPRESENTATION('',(#2389),#7090);
#1761=DEFINITIONAL_REPRESENTATION('',(#2390),#7090);
#1762=DEFINITIONAL_REPRESENTATION('',(#2391),#7090);
#1763=DEFINITIONAL_REPRESENTATION('',(#2392),#7090);
#1764=DEFINITIONAL_REPRESENTATION('',(#2394),#7090);
#1765=DEFINITIONAL_REPRESENTATION('',(#2395),#7090);
#1766=DEFINITIONAL_REPRESENTATION('',(#2397),#7090);
#1767=DEFINITIONAL_REPRESENTATION('',(#2399),#7090);
#1768=DEFINITIONAL_REPRESENTATION('',(#2401),#7090);
#1769=DEFINITIONAL_REPRESENTATION('',(#2403),#7090);
#1770=DEFINITIONAL_REPRESENTATION('',(#2405),#7090);
#1771=DEFINITIONAL_REPRESENTATION('',(#2407),#7090);
#1772=DEFINITIONAL_REPRESENTATION('',(#2408),#7090);
#1773=DEFINITIONAL_REPRESENTATION('',(#2410),#7090);
#1774=DEFINITIONAL_REPRESENTATION('',(#2412),#7090);
#1775=DEFINITIONAL_REPRESENTATION('',(#2414),#7090);
#1776=DEFINITIONAL_REPRESENTATION('',(#2416),#7090);
#1777=DEFINITIONAL_REPRESENTATION('',(#2417),#7090);
#1778=DEFINITIONAL_REPRESENTATION('',(#2419),#7090);
#1779=DEFINITIONAL_REPRESENTATION('',(#2420),#7090);
#1780=DEFINITIONAL_REPRESENTATION('',(#2421),#7090);
#1781=DEFINITIONAL_REPRESENTATION('',(#2422),#7090);
#1782=DEFINITIONAL_REPRESENTATION('',(#2423),#7090);
#1783=DEFINITIONAL_REPRESENTATION('',(#2424),#7090);
#1784=DEFINITIONAL_REPRESENTATION('',(#2426),#7090);
#1785=DEFINITIONAL_REPRESENTATION('',(#2427),#7090);
#1786=DEFINITIONAL_REPRESENTATION('',(#2428),#7090);
#1787=DEFINITIONAL_REPRESENTATION('',(#2429),#7090);
#1788=DEFINITIONAL_REPRESENTATION('',(#2430),#7090);
#1789=DEFINITIONAL_REPRESENTATION('',(#2431),#7090);
#1790=DEFINITIONAL_REPRESENTATION('',(#2432),#7090);
#1791=DEFINITIONAL_REPRESENTATION('',(#2433),#7090);
#1792=DEFINITIONAL_REPRESENTATION('',(#2434),#7090);
#1793=DEFINITIONAL_REPRESENTATION('',(#3388),#7090);
#1794=DEFINITIONAL_REPRESENTATION('',(#3389),#7090);
#1795=DEFINITIONAL_REPRESENTATION('',(#3391),#7090);
#1796=DEFINITIONAL_REPRESENTATION('',(#3393),#7090);
#1797=DEFINITIONAL_REPRESENTATION('',(#3395),#7090);
#1798=DEFINITIONAL_REPRESENTATION('',(#3397),#7090);
#1799=DEFINITIONAL_REPRESENTATION('',(#3399),#7090);
#1800=DEFINITIONAL_REPRESENTATION('',(#3401),#7090);
#1801=DEFINITIONAL_REPRESENTATION('',(#3403),#7090);
#1802=DEFINITIONAL_REPRESENTATION('',(#3405),#7090);
#1803=DEFINITIONAL_REPRESENTATION('',(#2436),#7090);
#1804=DEFINITIONAL_REPRESENTATION('',(#2437),#7090);
#1805=DEFINITIONAL_REPRESENTATION('',(#2438),#7090);
#1806=DEFINITIONAL_REPRESENTATION('',(#2440),#7090);
#1807=DEFINITIONAL_REPRESENTATION('',(#2442),#7090);
#1808=DEFINITIONAL_REPRESENTATION('',(#2443),#7090);
#1809=DEFINITIONAL_REPRESENTATION('',(#2444),#7090);
#1810=DEFINITIONAL_REPRESENTATION('',(#2445),#7090);
#1811=DEFINITIONAL_REPRESENTATION('',(#2446),#7090);
#1812=DEFINITIONAL_REPRESENTATION('',(#2447),#7090);
#1813=DEFINITIONAL_REPRESENTATION('',(#2448),#7090);
#1814=DEFINITIONAL_REPRESENTATION('',(#2449),#7090);
#1815=DEFINITIONAL_REPRESENTATION('',(#2450),#7090);
#1816=DEFINITIONAL_REPRESENTATION('',(#2451),#7090);
#1817=DEFINITIONAL_REPRESENTATION('',(#3408),#7090);
#1818=DEFINITIONAL_REPRESENTATION('',(#2452),#7090);
#1819=DEFINITIONAL_REPRESENTATION('',(#3409),#7090);
#1820=DEFINITIONAL_REPRESENTATION('',(#2453),#7090);
#1821=DEFINITIONAL_REPRESENTATION('',(#2454),#7090);
#1822=DEFINITIONAL_REPRESENTATION('',(#2455),#7090);
#1823=DEFINITIONAL_REPRESENTATION('',(#2457),#7090);
#1824=DEFINITIONAL_REPRESENTATION('',(#2459),#7090);
#1825=DEFINITIONAL_REPRESENTATION('',(#2460),#7090);
#1826=DEFINITIONAL_REPRESENTATION('',(#2461),#7090);
#1827=DEFINITIONAL_REPRESENTATION('',(#2463),#7090);
#1828=DEFINITIONAL_REPRESENTATION('',(#2465),#7090);
#1829=DEFINITIONAL_REPRESENTATION('',(#2467),#7090);
#1830=DEFINITIONAL_REPRESENTATION('',(#2468),#7090);
#1831=DEFINITIONAL_REPRESENTATION('',(#2469),#7090);
#1832=DEFINITIONAL_REPRESENTATION('',(#2471),#7090);
#1833=DEFINITIONAL_REPRESENTATION('',(#2473),#7090);
#1834=DEFINITIONAL_REPRESENTATION('',(#2474),#7090);
#1835=DEFINITIONAL_REPRESENTATION('',(#2475),#7090);
#1836=DEFINITIONAL_REPRESENTATION('',(#2476),#7090);
#1837=DEFINITIONAL_REPRESENTATION('',(#2477),#7090);
#1838=DEFINITIONAL_REPRESENTATION('',(#2478),#7090);
#1839=DEFINITIONAL_REPRESENTATION('',(#2479),#7090);
#1840=DEFINITIONAL_REPRESENTATION('',(#2480),#7090);
#1841=DEFINITIONAL_REPRESENTATION('',(#2482),#7090);
#1842=DEFINITIONAL_REPRESENTATION('',(#2483),#7090);
#1843=DEFINITIONAL_REPRESENTATION('',(#2484),#7090);
#1844=DEFINITIONAL_REPRESENTATION('',(#2485),#7090);
#1845=DEFINITIONAL_REPRESENTATION('',(#2486),#7090);
#1846=DEFINITIONAL_REPRESENTATION('',(#2487),#7090);
#1847=DEFINITIONAL_REPRESENTATION('',(#2488),#7090);
#1848=DEFINITIONAL_REPRESENTATION('',(#2489),#7090);
#1849=DEFINITIONAL_REPRESENTATION('',(#2490),#7090);
#1850=DEFINITIONAL_REPRESENTATION('',(#2491),#7090);
#1851=DEFINITIONAL_REPRESENTATION('',(#2492),#7090);
#1852=DEFINITIONAL_REPRESENTATION('',(#2493),#7090);
#1853=DEFINITIONAL_REPRESENTATION('',(#2494),#7090);
#1854=DEFINITIONAL_REPRESENTATION('',(#2495),#7090);
#1855=DEFINITIONAL_REPRESENTATION('',(#2497),#7090);
#1856=DEFINITIONAL_REPRESENTATION('',(#2499),#7090);
#1857=DEFINITIONAL_REPRESENTATION('',(#2500),#7090);
#1858=DEFINITIONAL_REPRESENTATION('',(#2501),#7090);
#1859=DEFINITIONAL_REPRESENTATION('',(#2503),#7090);
#1860=DEFINITIONAL_REPRESENTATION('',(#2504),#7090);
#1861=DEFINITIONAL_REPRESENTATION('',(#2506),#7090);
#1862=DEFINITIONAL_REPRESENTATION('',(#2507),#7090);
#1863=DEFINITIONAL_REPRESENTATION('',(#2509),#7090);
#1864=DEFINITIONAL_REPRESENTATION('',(#2511),#7090);
#1865=DEFINITIONAL_REPRESENTATION('',(#2513),#7090);
#1866=DEFINITIONAL_REPRESENTATION('',(#2514),#7090);
#1867=DEFINITIONAL_REPRESENTATION('',(#2516),#7090);
#1868=DEFINITIONAL_REPRESENTATION('',(#2518),#7090);
#1869=DEFINITIONAL_REPRESENTATION('',(#2520),#7090);
#1870=DEFINITIONAL_REPRESENTATION('',(#2521),#7090);
#1871=DEFINITIONAL_REPRESENTATION('',(#2523),#7090);
#1872=DEFINITIONAL_REPRESENTATION('',(#3417),#7090);
#1873=DEFINITIONAL_REPRESENTATION('',(#2525),#7090);
#1874=DEFINITIONAL_REPRESENTATION('',(#2526),#7090);
#1875=DEFINITIONAL_REPRESENTATION('',(#2528),#7090);
#1876=DEFINITIONAL_REPRESENTATION('',(#2530),#7090);
#1877=DEFINITIONAL_REPRESENTATION('',(#2532),#7090);
#1878=DEFINITIONAL_REPRESENTATION('',(#2533),#7090);
#1879=DEFINITIONAL_REPRESENTATION('',(#2535),#7090);
#1880=DEFINITIONAL_REPRESENTATION('',(#2536),#7090);
#1881=DEFINITIONAL_REPRESENTATION('',(#2537),#7090);
#1882=DEFINITIONAL_REPRESENTATION('',(#2538),#7090);
#1883=DEFINITIONAL_REPRESENTATION('',(#2539),#7090);
#1884=DEFINITIONAL_REPRESENTATION('',(#2540),#7090);
#1885=DEFINITIONAL_REPRESENTATION('',(#2541),#7090);
#1886=DEFINITIONAL_REPRESENTATION('',(#2542),#7090);
#1887=DEFINITIONAL_REPRESENTATION('',(#2543),#7090);
#1888=DEFINITIONAL_REPRESENTATION('',(#2544),#7090);
#1889=DEFINITIONAL_REPRESENTATION('',(#2545),#7090);
#1890=DEFINITIONAL_REPRESENTATION('',(#2546),#7090);
#1891=DEFINITIONAL_REPRESENTATION('',(#2547),#7090);
#1892=DEFINITIONAL_REPRESENTATION('',(#2548),#7090);
#1893=DEFINITIONAL_REPRESENTATION('',(#2549),#7090);
#1894=DEFINITIONAL_REPRESENTATION('',(#2550),#7090);
#1895=DEFINITIONAL_REPRESENTATION('',(#2551),#7090);
#1896=DEFINITIONAL_REPRESENTATION('',(#2552),#7090);
#1897=DEFINITIONAL_REPRESENTATION('',(#2553),#7090);
#1898=DEFINITIONAL_REPRESENTATION('',(#2554),#7090);
#1899=DEFINITIONAL_REPRESENTATION('',(#2555),#7090);
#1900=DEFINITIONAL_REPRESENTATION('',(#2556),#7090);
#1901=DEFINITIONAL_REPRESENTATION('',(#2557),#7090);
#1902=DEFINITIONAL_REPRESENTATION('',(#2558),#7090);
#1903=DEFINITIONAL_REPRESENTATION('',(#2559),#7090);
#1904=DEFINITIONAL_REPRESENTATION('',(#2560),#7090);
#1905=DEFINITIONAL_REPRESENTATION('',(#2561),#7090);
#1906=DEFINITIONAL_REPRESENTATION('',(#2562),#7090);
#1907=DEFINITIONAL_REPRESENTATION('',(#2563),#7090);
#1908=DEFINITIONAL_REPRESENTATION('',(#2564),#7090);
#1909=DEFINITIONAL_REPRESENTATION('',(#2565),#7090);
#1910=DEFINITIONAL_REPRESENTATION('',(#2566),#7090);
#1911=DEFINITIONAL_REPRESENTATION('',(#2567),#7090);
#1912=DEFINITIONAL_REPRESENTATION('',(#2568),#7090);
#1913=DEFINITIONAL_REPRESENTATION('',(#2569),#7090);
#1914=DEFINITIONAL_REPRESENTATION('',(#2570),#7090);
#1915=DEFINITIONAL_REPRESENTATION('',(#2571),#7090);
#1916=DEFINITIONAL_REPRESENTATION('',(#2572),#7090);
#1917=DEFINITIONAL_REPRESENTATION('',(#2573),#7090);
#1918=DEFINITIONAL_REPRESENTATION('',(#2574),#7090);
#1919=DEFINITIONAL_REPRESENTATION('',(#2575),#7090);
#1920=DEFINITIONAL_REPRESENTATION('',(#2576),#7090);
#1921=DEFINITIONAL_REPRESENTATION('',(#2577),#7090);
#1922=DEFINITIONAL_REPRESENTATION('',(#2578),#7090);
#1923=DEFINITIONAL_REPRESENTATION('',(#2579),#7090);
#1924=DEFINITIONAL_REPRESENTATION('',(#2580),#7090);
#1925=DEFINITIONAL_REPRESENTATION('',(#2581),#7090);
#1926=DEFINITIONAL_REPRESENTATION('',(#2582),#7090);
#1927=DEFINITIONAL_REPRESENTATION('',(#2583),#7090);
#1928=DEFINITIONAL_REPRESENTATION('',(#2584),#7090);
#1929=DEFINITIONAL_REPRESENTATION('',(#2585),#7090);
#1930=DEFINITIONAL_REPRESENTATION('',(#2586),#7090);
#1931=DEFINITIONAL_REPRESENTATION('',(#2587),#7090);
#1932=DEFINITIONAL_REPRESENTATION('',(#2588),#7090);
#1933=DEFINITIONAL_REPRESENTATION('',(#2589),#7090);
#1934=DEFINITIONAL_REPRESENTATION('',(#2590),#7090);
#1935=DEFINITIONAL_REPRESENTATION('',(#2591),#7090);
#1936=DEFINITIONAL_REPRESENTATION('',(#2592),#7090);
#1937=DEFINITIONAL_REPRESENTATION('',(#2593),#7090);
#1938=DEFINITIONAL_REPRESENTATION('',(#2594),#7090);
#1939=DEFINITIONAL_REPRESENTATION('',(#2595),#7090);
#1940=DEFINITIONAL_REPRESENTATION('',(#2596),#7090);
#1941=DEFINITIONAL_REPRESENTATION('',(#2597),#7090);
#1942=DEFINITIONAL_REPRESENTATION('',(#2599),#7090);
#1943=DEFINITIONAL_REPRESENTATION('',(#2600),#7090);
#1944=DEFINITIONAL_REPRESENTATION('',(#2602),#7090);
#1945=DEFINITIONAL_REPRESENTATION('',(#2603),#7090);
#1946=DEFINITIONAL_REPRESENTATION('',(#2604),#7090);
#1947=DEFINITIONAL_REPRESENTATION('',(#2605),#7090);
#1948=DEFINITIONAL_REPRESENTATION('',(#2607),#7090);
#1949=DEFINITIONAL_REPRESENTATION('',(#2608),#7090);
#1950=DEFINITIONAL_REPRESENTATION('',(#2609),#7090);
#1951=DEFINITIONAL_REPRESENTATION('',(#2610),#7090);
#1952=DEFINITIONAL_REPRESENTATION('',(#2611),#7090);
#1953=DEFINITIONAL_REPRESENTATION('',(#2612),#7090);
#1954=DEFINITIONAL_REPRESENTATION('',(#2613),#7090);
#1955=DEFINITIONAL_REPRESENTATION('',(#2614),#7090);
#1956=DEFINITIONAL_REPRESENTATION('',(#2615),#7090);
#1957=DEFINITIONAL_REPRESENTATION('',(#2616),#7090);
#1958=DEFINITIONAL_REPRESENTATION('',(#2617),#7090);
#1959=DEFINITIONAL_REPRESENTATION('',(#2618),#7090);
#1960=DEFINITIONAL_REPRESENTATION('',(#2619),#7090);
#1961=DEFINITIONAL_REPRESENTATION('',(#2620),#7090);
#1962=DEFINITIONAL_REPRESENTATION('',(#2621),#7090);
#1963=DEFINITIONAL_REPRESENTATION('',(#2622),#7090);
#1964=DEFINITIONAL_REPRESENTATION('',(#2623),#7090);
#1965=DEFINITIONAL_REPRESENTATION('',(#2624),#7090);
#1966=DEFINITIONAL_REPRESENTATION('',(#2625),#7090);
#1967=DEFINITIONAL_REPRESENTATION('',(#2626),#7090);
#1968=DEFINITIONAL_REPRESENTATION('',(#2627),#7090);
#1969=DEFINITIONAL_REPRESENTATION('',(#2628),#7090);
#1970=DEFINITIONAL_REPRESENTATION('',(#2629),#7090);
#1971=DEFINITIONAL_REPRESENTATION('',(#2630),#7090);
#1972=DEFINITIONAL_REPRESENTATION('',(#2631),#7090);
#1973=DEFINITIONAL_REPRESENTATION('',(#2633),#7090);
#1974=DEFINITIONAL_REPRESENTATION('',(#2634),#7090);
#1975=DEFINITIONAL_REPRESENTATION('',(#2636),#7090);
#1976=DEFINITIONAL_REPRESENTATION('',(#2637),#7090);
#1977=DEFINITIONAL_REPRESENTATION('',(#2638),#7090);
#1978=DEFINITIONAL_REPRESENTATION('',(#2640),#7090);
#1979=DEFINITIONAL_REPRESENTATION('',(#2641),#7090);
#1980=DEFINITIONAL_REPRESENTATION('',(#2642),#7090);
#1981=DEFINITIONAL_REPRESENTATION('',(#2643),#7090);
#1982=DEFINITIONAL_REPRESENTATION('',(#2644),#7090);
#1983=DEFINITIONAL_REPRESENTATION('',(#2645),#7090);
#1984=DEFINITIONAL_REPRESENTATION('',(#2646),#7090);
#1985=DEFINITIONAL_REPRESENTATION('',(#2647),#7090);
#1986=DEFINITIONAL_REPRESENTATION('',(#2648),#7090);
#1987=DEFINITIONAL_REPRESENTATION('',(#2649),#7090);
#1988=DEFINITIONAL_REPRESENTATION('',(#2650),#7090);
#1989=DEFINITIONAL_REPRESENTATION('',(#2651),#7090);
#1990=DEFINITIONAL_REPRESENTATION('',(#2652),#7090);
#1991=DEFINITIONAL_REPRESENTATION('',(#2653),#7090);
#1992=DEFINITIONAL_REPRESENTATION('',(#2654),#7090);
#1993=DEFINITIONAL_REPRESENTATION('',(#2655),#7090);
#1994=DEFINITIONAL_REPRESENTATION('',(#2656),#7090);
#1995=DEFINITIONAL_REPRESENTATION('',(#2657),#7090);
#1996=DEFINITIONAL_REPRESENTATION('',(#2658),#7090);
#1997=DEFINITIONAL_REPRESENTATION('',(#2659),#7090);
#1998=DEFINITIONAL_REPRESENTATION('',(#2660),#7090);
#1999=DEFINITIONAL_REPRESENTATION('',(#2661),#7090);
#2000=DEFINITIONAL_REPRESENTATION('',(#2662),#7090);
#2001=DEFINITIONAL_REPRESENTATION('',(#2663),#7090);
#2002=DEFINITIONAL_REPRESENTATION('',(#2664),#7090);
#2003=DEFINITIONAL_REPRESENTATION('',(#2665),#7090);
#2004=DEFINITIONAL_REPRESENTATION('',(#2666),#7090);
#2005=DEFINITIONAL_REPRESENTATION('',(#2667),#7090);
#2006=DEFINITIONAL_REPRESENTATION('',(#3448),#7090);
#2007=DEFINITIONAL_REPRESENTATION('',(#3449),#7090);
#2008=DEFINITIONAL_REPRESENTATION('',(#3450),#7090);
#2009=DEFINITIONAL_REPRESENTATION('',(#3451),#7090);
#2010=DEFINITIONAL_REPRESENTATION('',(#2668),#7090);
#2011=DEFINITIONAL_REPRESENTATION('',(#2669),#7090);
#2012=DEFINITIONAL_REPRESENTATION('',(#2670),#7090);
#2013=DEFINITIONAL_REPRESENTATION('',(#2671),#7090);
#2014=DEFINITIONAL_REPRESENTATION('',(#3452),#7090);
#2015=DEFINITIONAL_REPRESENTATION('',(#3453),#7090);
#2016=DEFINITIONAL_REPRESENTATION('',(#3454),#7090);
#2017=DEFINITIONAL_REPRESENTATION('',(#3455),#7090);
#2018=DEFINITIONAL_REPRESENTATION('',(#3456),#7090);
#2019=DEFINITIONAL_REPRESENTATION('',(#3457),#7090);
#2020=DEFINITIONAL_REPRESENTATION('',(#3458),#7090);
#2021=DEFINITIONAL_REPRESENTATION('',(#3459),#7090);
#2022=DEFINITIONAL_REPRESENTATION('',(#2672),#7090);
#2023=DEFINITIONAL_REPRESENTATION('',(#2673),#7090);
#2024=DEFINITIONAL_REPRESENTATION('',(#2674),#7090);
#2025=DEFINITIONAL_REPRESENTATION('',(#2675),#7090);
#2026=DEFINITIONAL_REPRESENTATION('',(#2676),#7090);
#2027=DEFINITIONAL_REPRESENTATION('',(#2677),#7090);
#2028=DEFINITIONAL_REPRESENTATION('',(#2678),#7090);
#2029=DEFINITIONAL_REPRESENTATION('',(#2679),#7090);
#2030=DEFINITIONAL_REPRESENTATION('',(#2680),#7090);
#2031=DEFINITIONAL_REPRESENTATION('',(#2681),#7090);
#2032=DEFINITIONAL_REPRESENTATION('',(#2682),#7090);
#2033=B_SPLINE_CURVE_WITH_KNOTS('',1,(#4692,#4693),.UNSPECIFIED.,.F.,.F.,
(2,2),(-1.5,0.),.UNSPECIFIED.);
#2034=B_SPLINE_CURVE_WITH_KNOTS('',1,(#4697,#4698),.UNSPECIFIED.,.F.,.F.,
(2,2),(-3.14159265359,0.),.UNSPECIFIED.);
#2035=B_SPLINE_CURVE_WITH_KNOTS('',1,(#4701,#4702),.UNSPECIFIED.,.F.,.F.,
(2,2),(0.,1.5),.UNSPECIFIED.);
#2036=B_SPLINE_CURVE_WITH_KNOTS('',1,(#4706,#4707),.UNSPECIFIED.,.F.,.F.,
(2,2),(-8.500008236768,-5.672574848537),.UNSPECIFIED.);
#2037=B_SPLINE_CURVE_WITH_KNOTS('',1,(#4708,#4709),.UNSPECIFIED.,.F.,.F.,
(2,2),(-1.5,0.),.UNSPECIFIED.);
#2038=B_SPLINE_CURVE_WITH_KNOTS('',1,(#4710,#4711),.UNSPECIFIED.,.F.,.F.,
(2,2),(-1.5,0.),.UNSPECIFIED.);
#2039=B_SPLINE_CURVE_WITH_KNOTS('',1,(#4712,#4713),.UNSPECIFIED.,.F.,.F.,
(2,2),(-3.194364156174,0.),.UNSPECIFIED.);
#2040=B_SPLINE_CURVE_WITH_KNOTS('',1,(#4714,#4715),.UNSPECIFIED.,.F.,.F.,
(2,2),(-3.194364156174,0.),.UNSPECIFIED.);
#2041=B_SPLINE_CURVE_WITH_KNOTS('',1,(#4716,#4717),.UNSPECIFIED.,.F.,.F.,
(2,2),(0.,1.5),.UNSPECIFIED.);
#2042=B_SPLINE_CURVE_WITH_KNOTS('',1,(#4718,#4719),.UNSPECIFIED.,.F.,.F.,
(2,2),(0.,1.5),.UNSPECIFIED.);
#2043=B_SPLINE_CURVE_WITH_KNOTS('',1,(#4720,#4721),.UNSPECIFIED.,.F.,.F.,
(2,2),(-3.194364155991,0.),.UNSPECIFIED.);
#2044=B_SPLINE_CURVE_WITH_KNOTS('',1,(#4722,#4723),.UNSPECIFIED.,.F.,.F.,
(2,2),(-3.194364155991,0.),.UNSPECIFIED.);
#2045=B_SPLINE_CURVE_WITH_KNOTS('',1,(#4726,#4727),.UNSPECIFIED.,.F.,.F.,
(2,2),(-1.5,0.),.UNSPECIFIED.);
#2046=B_SPLINE_CURVE_WITH_KNOTS('',1,(#4731,#4732),.UNSPECIFIED.,.F.,.F.,
(2,2),(-0.63305183639,0.),.UNSPECIFIED.);
#2047=B_SPLINE_CURVE_WITH_KNOTS('',1,(#4733,#4734),.UNSPECIFIED.,.F.,.F.,
(2,2),(-1.5,0.),.UNSPECIFIED.);
#2048=B_SPLINE_CURVE_WITH_KNOTS('',1,(#4738,#4739),.UNSPECIFIED.,.F.,.F.,
(2,2),(-1.32943707931329,-0.955485941339639),.UNSPECIFIED.);
#2049=B_SPLINE_CURVE_WITH_KNOTS('',1,(#4740,#4741),.UNSPECIFIED.,.F.,.F.,
(2,2),(-1.5,0.),.UNSPECIFIED.);
#2050=B_SPLINE_CURVE_WITH_KNOTS('',1,(#4742,#4743),.UNSPECIFIED.,.F.,.F.,
(2,2),(-1.5,0.),.UNSPECIFIED.);
#2051=B_SPLINE_CURVE_WITH_KNOTS('',1,(#4744,#4745),.UNSPECIFIED.,.F.,.F.,
(2,2),(-4.63,0.),.UNSPECIFIED.);
#2052=B_SPLINE_CURVE_WITH_KNOTS('',1,(#4746,#4747),.UNSPECIFIED.,.F.,.F.,
(2,2),(-4.63,0.),.UNSPECIFIED.);
#2053=B_SPLINE_CURVE_WITH_KNOTS('',1,(#4748,#4749),.UNSPECIFIED.,.F.,.F.,
(2,2),(0.,1.5),.UNSPECIFIED.);
#2054=B_SPLINE_CURVE_WITH_KNOTS('',1,(#4750,#4751),.UNSPECIFIED.,.F.,.F.,
(2,2),(0.,1.5),.UNSPECIFIED.);
#2055=B_SPLINE_CURVE_WITH_KNOTS('',1,(#4752,#4753),.UNSPECIFIED.,.F.,.F.,
(2,2),(-4.62999999976,0.),.UNSPECIFIED.);
#2056=B_SPLINE_CURVE_WITH_KNOTS('',1,(#4754,#4755),.UNSPECIFIED.,.F.,.F.,
(2,2),(-4.62999999976,0.),.UNSPECIFIED.);
#2057=B_SPLINE_CURVE_WITH_KNOTS('',1,(#4758,#4759),.UNSPECIFIED.,.F.,.F.,
(2,2),(-1.5,0.),.UNSPECIFIED.);
#2058=B_SPLINE_CURVE_WITH_KNOTS('',1,(#4763,#4764),.UNSPECIFIED.,.F.,.F.,
(2,2),(-0.785398163397,0.),.UNSPECIFIED.);
#2059=B_SPLINE_CURVE_WITH_KNOTS('',1,(#4765,#4766),.UNSPECIFIED.,.F.,.F.,
(2,2),(-1.5,0.),.UNSPECIFIED.);
#2060=B_SPLINE_CURVE_WITH_KNOTS('',1,(#4772,#4773),.UNSPECIFIED.,.F.,.F.,
(2,2),(-1.42672483943665,-0.955485941339586),.UNSPECIFIED.);
#2061=B_SPLINE_CURVE_WITH_KNOTS('',1,(#4774,#4775),.UNSPECIFIED.,.F.,.F.,
(2,2),(-1.9296,-1.85460000000001),.UNSPECIFIED.);
#2062=B_SPLINE_CURVE_WITH_KNOTS('',1,(#4776,#4777),.UNSPECIFIED.,.F.,.F.,
(2,2),(-1.9296,-1.85460000000001),.UNSPECIFIED.);
#2063=B_SPLINE_CURVE_WITH_KNOTS('',1,(#4778,#4779),.UNSPECIFIED.,.F.,.F.,
(2,2),(-4.6,-3.475),.UNSPECIFIED.);
#2064=B_SPLINE_CURVE_WITH_KNOTS('',1,(#4780,#4781),.UNSPECIFIED.,.F.,.F.,
(2,2),(-4.6,-3.475),.UNSPECIFIED.);
#2065=B_SPLINE_CURVE_WITH_KNOTS('',1,(#4782,#4783),.UNSPECIFIED.,.F.,.F.,
(2,2),(0.649447676220465,1.3),.UNSPECIFIED.);
#2066=B_SPLINE_CURVE_WITH_KNOTS('',1,(#4784,#4785),.UNSPECIFIED.,.F.,.F.,
(2,2),(0.649447676220465,1.3),.UNSPECIFIED.);
#2067=B_SPLINE_CURVE_WITH_KNOTS('',1,(#4786,#4787),.UNSPECIFIED.,.F.,.F.,
(2,2),(-1.2,0.),.UNSPECIFIED.);
#2068=B_SPLINE_CURVE_WITH_KNOTS('',1,(#4788,#4789),.UNSPECIFIED.,.F.,.F.,
(2,2),(-1.2,0.),.UNSPECIFIED.);
#2069=B_SPLINE_CURVE_WITH_KNOTS('',1,(#4790,#4791),.UNSPECIFIED.,.F.,.F.,
(2,2),(-1.3,-0.649447676220465),.UNSPECIFIED.);
#2070=B_SPLINE_CURVE_WITH_KNOTS('',1,(#4792,#4793),.UNSPECIFIED.,.F.,.F.,
(2,2),(-1.3,-0.649447676220465),.UNSPECIFIED.);
#2071=B_SPLINE_CURVE_WITH_KNOTS('',1,(#4796,#4797),.UNSPECIFIED.,.F.,.F.,
(2,2),(-0.267192647285,0.),.UNSPECIFIED.);
#2072=B_SPLINE_CURVE_WITH_KNOTS('',3,(#4798,#4799,#4800,#4801,#4802,#4803,
#4804,#4805,#4806,#4807),.UNSPECIFIED.,.F.,.F.,(4,2,2,2,4),(0.,0.247579950991776,
0.499973957781834,0.752278483291638,1.),.UNSPECIFIED.);
#2073=B_SPLINE_CURVE_WITH_KNOTS('',3,(#4808,#4809,#4810,#4811,#4812,#4813,
#4814,#4815,#4816,#4817,#4818,#4819,#4820),.UNSPECIFIED.,.F.,.F.,(4,3,3,
3,4),(0.,0.267895937954739,0.50926992966005,0.746888291365103,1.),
 .UNSPECIFIED.);
#2074=B_SPLINE_CURVE_WITH_KNOTS('',3,(#4821,#4822,#4823,#4824),
 .UNSPECIFIED.,.F.,.F.,(4,4),(-0.300226954161,0.),.UNSPECIFIED.);
#2075=B_SPLINE_CURVE_WITH_KNOTS('',1,(#4825,#4826),.UNSPECIFIED.,.F.,.F.,
(2,2),(-0.300226954161,0.),.UNSPECIFIED.);
#2076=B_SPLINE_CURVE_WITH_KNOTS('',1,(#4830,#4831),.UNSPECIFIED.,.F.,.F.,
(2,2),(-0.235619449019,0.),.UNSPECIFIED.);
#2077=B_SPLINE_CURVE_WITH_KNOTS('',3,(#4832,#4833,#4834,#4835),
 .UNSPECIFIED.,.F.,.F.,(4,4),(0.,0.300226954145),.UNSPECIFIED.);
#2078=B_SPLINE_CURVE_WITH_KNOTS('',1,(#4836,#4837),.UNSPECIFIED.,.F.,.F.,
(2,2),(0.,0.300226954145),.UNSPECIFIED.);
#2079=B_SPLINE_CURVE_WITH_KNOTS('',3,(#4838,#4839,#4840,#4841,#4842,#4843,
#4844,#4845,#4846,#4847),.UNSPECIFIED.,.F.,.F.,(4,2,2,2,4),(0.,0.247708879520398,
0.500059707580332,0.752477920350231,1.),.UNSPECIFIED.);
#2080=B_SPLINE_CURVE_WITH_KNOTS('',3,(#4848,#4849,#4850,#4851,#4852,#4853,
#4854,#4855,#4856,#4857,#4858,#4859,#4860),.UNSPECIFIED.,.F.,.F.,(4,3,3,
3,4),(0.,0.253068293883891,0.490729021153348,0.732148621603697,1.),
 .UNSPECIFIED.);
#2081=B_SPLINE_CURVE_WITH_KNOTS('',1,(#4863,#4864),.UNSPECIFIED.,.F.,.F.,
(2,2),(-0.267192647285,0.),.UNSPECIFIED.);
#2082=B_SPLINE_CURVE_WITH_KNOTS('',1,(#4868,#4869),.UNSPECIFIED.,.F.,.F.,
(2,2),(-0.235619449019,0.),.UNSPECIFIED.);
#2083=B_SPLINE_CURVE_WITH_KNOTS('',1,(#4876,#4877),.UNSPECIFIED.,.F.,.F.,
(2,2),(-0.267192647285,0.),.UNSPECIFIED.);
#2084=B_SPLINE_CURVE_WITH_KNOTS('',1,(#4878,#4879),.UNSPECIFIED.,.F.,.F.,
(2,2),(0.,0.9),.UNSPECIFIED.);
#2085=B_SPLINE_CURVE_WITH_KNOTS('',1,(#4880,#4881),.UNSPECIFIED.,.F.,.F.,
(2,2),(0.,0.9),.UNSPECIFIED.);
#2086=B_SPLINE_CURVE_WITH_KNOTS('',1,(#4882,#4883),.UNSPECIFIED.,.F.,.F.,
(2,2),(-0.267192647285,0.),.UNSPECIFIED.);
#2087=B_SPLINE_CURVE_WITH_KNOTS('',1,(#4890,#4891),.UNSPECIFIED.,.F.,.F.,
(2,2),(0.,0.675735931288),.UNSPECIFIED.);
#2088=B_SPLINE_CURVE_WITH_KNOTS('',1,(#4892,#4893),.UNSPECIFIED.,.F.,.F.,
(2,2),(0.,0.675735931288),.UNSPECIFIED.);
#2089=B_SPLINE_CURVE_WITH_KNOTS('',1,(#4894,#4895),.UNSPECIFIED.,.F.,.F.,
(2,2),(0.,0.675735931288),.UNSPECIFIED.);
#2090=B_SPLINE_CURVE_WITH_KNOTS('',1,(#4898,#4899),.UNSPECIFIED.,.F.,.F.,
(2,2),(0.,0.519615242271),.UNSPECIFIED.);
#2091=B_SPLINE_CURVE_WITH_KNOTS('',1,(#4900,#4901),.UNSPECIFIED.,.F.,.F.,
(2,2),(0.,1.275735931288),.UNSPECIFIED.);
#2092=B_SPLINE_CURVE_WITH_KNOTS('',1,(#4902,#4903),.UNSPECIFIED.,.F.,.F.,
(2,2),(0.,1.275735931288),.UNSPECIFIED.);
#2093=B_SPLINE_CURVE_WITH_KNOTS('',1,(#4906,#4907),.UNSPECIFIED.,.F.,.F.,
(2,2),(0.,0.519615242271),.UNSPECIFIED.);
#2094=B_SPLINE_CURVE_WITH_KNOTS('',1,(#4911,#4912),.UNSPECIFIED.,.F.,.F.,
(2,2),(0.,2.277654673853),.UNSPECIFIED.);
#2095=B_SPLINE_CURVE_WITH_KNOTS('',1,(#4915,#4916),.UNSPECIFIED.,.F.,.F.,
(2,2),(-0.521961536499,0.),.UNSPECIFIED.);
#2096=B_SPLINE_CURVE_WITH_KNOTS('',1,(#4922,#4923),.UNSPECIFIED.,.F.,.F.,
(2,2),(0.,3.946306434239),.UNSPECIFIED.);
#2097=B_SPLINE_CURVE_WITH_KNOTS('',1,(#4926,#4927),.UNSPECIFIED.,.F.,.F.,
(2,2),(-0.521961536499,0.),.UNSPECIFIED.);
#2098=B_SPLINE_CURVE_WITH_KNOTS('',1,(#4931,#4932),.UNSPECIFIED.,.F.,.F.,
(2,2),(0.,2.277654673853),.UNSPECIFIED.);
#2099=B_SPLINE_CURVE_WITH_KNOTS('',1,(#4938,#4939),.UNSPECIFIED.,.F.,.F.,
(2,2),(2.19700710729668,4.71238898038492),.UNSPECIFIED.);
#2100=B_SPLINE_CURVE_WITH_KNOTS('',1,(#4942,#4943),.UNSPECIFIED.,.F.,.F.,
(2,2),(-0.715923203601533,0.),.UNSPECIFIED.);
#2101=B_SPLINE_CURVE_WITH_KNOTS('',1,(#4944,#4945),.UNSPECIFIED.,.F.,.F.,
(2,2),(0.,2.277654673853),.UNSPECIFIED.);
#2102=B_SPLINE_CURVE_WITH_KNOTS('',1,(#4949,#4950),.UNSPECIFIED.,.F.,.F.,
(2,2),(-2.277654673853,0.),.UNSPECIFIED.);
#2103=B_SPLINE_CURVE_WITH_KNOTS('',1,(#4953,#4954),.UNSPECIFIED.,.F.,.F.,
(2,2),(-0.865370879822,-0.149447676220467),.UNSPECIFIED.);
#2104=B_SPLINE_CURVE_WITH_KNOTS('',1,(#4958,#4959),.UNSPECIFIED.,.F.,.F.,
(2,2),(1.57079632679499,2.19700710730732),.UNSPECIFIED.);
#2105=B_SPLINE_CURVE_WITH_KNOTS('',1,(#4960,#4961),.UNSPECIFIED.,.F.,.F.,
(2,2),(-0.521961536499,0.),.UNSPECIFIED.);
#2106=B_SPLINE_CURVE_WITH_KNOTS('',1,(#4967,#4968),.UNSPECIFIED.,.F.,.F.,
(2,2),(-3.946306434239,0.),.UNSPECIFIED.);
#2107=B_SPLINE_CURVE_WITH_KNOTS('',1,(#4969,#4970),.UNSPECIFIED.,.F.,.F.,
(2,2),(-0.521961536499,0.),.UNSPECIFIED.);
#2108=B_SPLINE_CURVE_WITH_KNOTS('',1,(#4974,#4975),.UNSPECIFIED.,.F.,.F.,
(2,2),(0.,2.277654673853),.UNSPECIFIED.);
#2109=B_SPLINE_CURVE_WITH_KNOTS('',1,(#4976,#4977),.UNSPECIFIED.,.F.,.F.,
(2,2),(-2.277654673853,0.),.UNSPECIFIED.);
#2110=B_SPLINE_CURVE_WITH_KNOTS('',1,(#4998,#4999),.UNSPECIFIED.,.F.,.F.,
(2,2),(0.,0.775735931288),.UNSPECIFIED.);
#2111=B_SPLINE_CURVE_WITH_KNOTS('',1,(#5000,#5001),.UNSPECIFIED.,.F.,.F.,
(2,2),(0.,0.775735931288),.UNSPECIFIED.);
#2112=B_SPLINE_CURVE_WITH_KNOTS('',1,(#5012,#5013),.UNSPECIFIED.,.F.,.F.,
(2,2),(-1.275735931288,0.),.UNSPECIFIED.);
#2113=B_SPLINE_CURVE_WITH_KNOTS('',1,(#5014,#5015),.UNSPECIFIED.,.F.,.F.,
(2,2),(-1.275735931288,0.),.UNSPECIFIED.);
#2114=B_SPLINE_CURVE_WITH_KNOTS('',1,(#5026,#5027),.UNSPECIFIED.,.F.,.F.,
(2,2),(0.,0.775735931288),.UNSPECIFIED.);
#2115=B_SPLINE_CURVE_WITH_KNOTS('',1,(#5028,#5029),.UNSPECIFIED.,.F.,.F.,
(2,2),(0.,0.775735931288),.UNSPECIFIED.);
#2116=B_SPLINE_CURVE_WITH_KNOTS('',1,(#5040,#5041),.UNSPECIFIED.,.F.,.F.,
(2,2),(0.,1.275735931288),.UNSPECIFIED.);
#2117=B_SPLINE_CURVE_WITH_KNOTS('',1,(#5042,#5043),.UNSPECIFIED.,.F.,.F.,
(2,2),(0.,0.276012765809),.UNSPECIFIED.);
#2118=B_SPLINE_CURVE_WITH_KNOTS('',1,(#5044,#5045),.UNSPECIFIED.,.F.,.F.,
(2,2),(0.,0.276012765809),.UNSPECIFIED.);
#2119=B_SPLINE_CURVE_WITH_KNOTS('',1,(#5046,#5047),.UNSPECIFIED.,.F.,.F.,
(2,2),(0.,0.433173917133),.UNSPECIFIED.);
#2120=B_SPLINE_CURVE_WITH_KNOTS('',1,(#5048,#5049),.UNSPECIFIED.,.F.,.F.,
(2,2),(0.,0.433173917133),.UNSPECIFIED.);
#2121=B_SPLINE_CURVE_WITH_KNOTS('',1,(#5050,#5051),.UNSPECIFIED.,.F.,.F.,
(2,2),(0.,0.775735931288),.UNSPECIFIED.);
#2122=B_SPLINE_CURVE_WITH_KNOTS('',3,(#5052,#5053,#5054,#5055),
 .UNSPECIFIED.,.F.,.F.,(4,4),(-1.,0.),.UNSPECIFIED.);
#2123=B_SPLINE_CURVE_WITH_KNOTS('',3,(#5056,#5057,#5058,#5059),
 .UNSPECIFIED.,.F.,.F.,(4,4),(-1.,0.),.UNSPECIFIED.);
#2124=B_SPLINE_CURVE_WITH_KNOTS('',1,(#5060,#5061),.UNSPECIFIED.,.F.,.F.,
(2,2),(0.,0.519615242271),.UNSPECIFIED.);
#2125=B_SPLINE_CURVE_WITH_KNOTS('',3,(#5062,#5063,#5064,#5065),
 .UNSPECIFIED.,.F.,.F.,(4,4),(0.956316559492,1.067886238996),
 .UNSPECIFIED.);
#2126=B_SPLINE_CURVE_WITH_KNOTS('',3,(#5066,#5067,#5068,#5069,#5070,#5071,
#5072,#5073,#5074,#5075,#5076,#5077,#5078),.UNSPECIFIED.,.F.,.F.,(4,3,3,
3,4),(0.,0.248274378363237,0.517190018360519,0.776346178855382,1.),
 .UNSPECIFIED.);
#2127=B_SPLINE_CURVE_WITH_KNOTS('',3,(#5082,#5083,#5084,#5085),
 .UNSPECIFIED.,.F.,.F.,(4,4),(-1.519913319526,-1.507159760152),
 .UNSPECIFIED.);
#2128=B_SPLINE_CURVE_WITH_KNOTS('',3,(#5086,#5087,#5088,#5089),
 .UNSPECIFIED.,.F.,.F.,(4,4),(-1.,0.),.UNSPECIFIED.);
#2129=B_SPLINE_CURVE_WITH_KNOTS('',3,(#5090,#5091,#5092,#5093,#5094,#5095,
#5096),.UNSPECIFIED.,.F.,.F.,(4,3,4),(2.35533485094,2.56852958038152,2.794459596836),
 .UNSPECIFIED.);
#2130=B_SPLINE_CURVE_WITH_KNOTS('',1,(#5099,#5100),.UNSPECIFIED.,.F.,.F.,
(2,2),(-0.267192647285,0.),.UNSPECIFIED.);
#2131=B_SPLINE_CURVE_WITH_KNOTS('',3,(#5101,#5102,#5103,#5104,#5105,#5106,
#5107,#5108,#5109,#5110),.UNSPECIFIED.,.F.,.F.,(4,2,2,2,4),(0.,0.247579951504354,
0.499973958160919,0.75227848353976,1.),.UNSPECIFIED.);
#2132=B_SPLINE_CURVE_WITH_KNOTS('',3,(#5111,#5112,#5113,#5114,#5115,#5116,
#5117,#5118,#5119,#5120,#5121,#5122,#5123),.UNSPECIFIED.,.F.,.F.,(4,3,3,
3,4),(0.,0.267895937179609,0.509269928616354,0.746888290423247,1.),
 .UNSPECIFIED.);
#2133=B_SPLINE_CURVE_WITH_KNOTS('',3,(#5124,#5125,#5126,#5127),
 .UNSPECIFIED.,.F.,.F.,(4,4),(-0.300226954112,0.),.UNSPECIFIED.);
#2134=B_SPLINE_CURVE_WITH_KNOTS('',1,(#5128,#5129),.UNSPECIFIED.,.F.,.F.,
(2,2),(-0.300226954112,0.),.UNSPECIFIED.);
#2135=B_SPLINE_CURVE_WITH_KNOTS('',1,(#5133,#5134),.UNSPECIFIED.,.F.,.F.,
(2,2),(-0.235619449019,0.),.UNSPECIFIED.);
#2136=B_SPLINE_CURVE_WITH_KNOTS('',3,(#5135,#5136,#5137,#5138),
 .UNSPECIFIED.,.F.,.F.,(4,4),(0.,0.433173917133),.UNSPECIFIED.);
#2137=B_SPLINE_CURVE_WITH_KNOTS('',3,(#5142,#5143,#5144,#5145),
 .UNSPECIFIED.,.F.,.F.,(4,4),(-1.067737472443,-1.054983905299),
 .UNSPECIFIED.);
#2138=B_SPLINE_CURVE_WITH_KNOTS('',3,(#5146,#5147,#5148,#5149,#5150,#5151,
#5152,#5153,#5154,#5155,#5156,#5157,#5158),.UNSPECIFIED.,.F.,.F.,(4,3,3,
3,4),(0.,0.223692527998642,0.482811639544507,0.75168728786074,1.),
 .UNSPECIFIED.);
#2139=B_SPLINE_CURVE_WITH_KNOTS('',3,(#5162,#5163,#5164,#5165),
 .UNSPECIFIED.,.F.,.F.,(4,4),(-1.618580664395,-1.507010984891),
 .UNSPECIFIED.);
#2140=B_SPLINE_CURVE_WITH_KNOTS('',1,(#5168,#5169),.UNSPECIFIED.,.F.,.F.,
(2,2),(0.,0.51961524227),.UNSPECIFIED.);
#2141=B_SPLINE_CURVE_WITH_KNOTS('',3,(#5170,#5171,#5172,#5173,#5174,#5175,
#5176),.UNSPECIFIED.,.F.,.F.,(4,3,4),(2.35533485094,2.58126488975344,2.794459596836),
 .UNSPECIFIED.);
#2142=B_SPLINE_CURVE_WITH_KNOTS('',1,(#5177,#5178),.UNSPECIFIED.,.F.,.F.,
(2,2),(-0.675735931289,0.),.UNSPECIFIED.);
#2143=B_SPLINE_CURVE_WITH_KNOTS('',1,(#5179,#5180),.UNSPECIFIED.,.F.,.F.,
(2,2),(-0.675735931289,0.),.UNSPECIFIED.);
#2144=B_SPLINE_CURVE_WITH_KNOTS('',1,(#5183,#5184),.UNSPECIFIED.,.F.,.F.,
(2,2),(-0.51961524227,0.),.UNSPECIFIED.);
#2145=B_SPLINE_CURVE_WITH_KNOTS('',1,(#5185,#5186),.UNSPECIFIED.,.F.,.F.,
(2,2),(-1.275735931288,0.),.UNSPECIFIED.);
#2146=B_SPLINE_CURVE_WITH_KNOTS('',1,(#5187,#5188),.UNSPECIFIED.,.F.,.F.,
(2,2),(0.,0.51961524227),.UNSPECIFIED.);
#2147=B_SPLINE_CURVE_WITH_KNOTS('',1,(#5192,#5193),.UNSPECIFIED.,.F.,.F.,
(2,2),(-0.267192647285,0.),.UNSPECIFIED.);
#2148=B_SPLINE_CURVE_WITH_KNOTS('',1,(#5194,#5195),.UNSPECIFIED.,.F.,.F.,
(2,2),(0.,0.9),.UNSPECIFIED.);
#2149=B_SPLINE_CURVE_WITH_KNOTS('',1,(#5196,#5197),.UNSPECIFIED.,.F.,.F.,
(2,2),(0.,0.9),.UNSPECIFIED.);
#2150=B_SPLINE_CURVE_WITH_KNOTS('',1,(#5198,#5199),.UNSPECIFIED.,.F.,.F.,
(2,2),(-0.267192647285,0.),.UNSPECIFIED.);
#2151=B_SPLINE_CURVE_WITH_KNOTS('',1,(#5200,#5201),.UNSPECIFIED.,.F.,.F.,
(2,2),(-0.267192647285,0.),.UNSPECIFIED.);
#2152=B_SPLINE_CURVE_WITH_KNOTS('',1,(#5208,#5209),.UNSPECIFIED.,.F.,.F.,
(2,2),(-0.675735931289,0.),.UNSPECIFIED.);
#2153=B_SPLINE_CURVE_WITH_KNOTS('',3,(#5210,#5211,#5212,#5213),
 .UNSPECIFIED.,.F.,.F.,(4,4),(0.,0.300226954077),.UNSPECIFIED.);
#2154=B_SPLINE_CURVE_WITH_KNOTS('',1,(#5214,#5215),.UNSPECIFIED.,.F.,.F.,
(2,2),(0.,0.300226954077),.UNSPECIFIED.);
#2155=B_SPLINE_CURVE_WITH_KNOTS('',3,(#5216,#5217,#5218,#5219,#5220,#5221,
#5222,#5223,#5224,#5225),.UNSPECIFIED.,.F.,.F.,(4,2,2,2,4),(0.,0.247708915574002,
0.500059732218276,0.752477933384296,1.),.UNSPECIFIED.);
#2156=B_SPLINE_CURVE_WITH_KNOTS('',3,(#5226,#5227,#5228,#5229,#5230,#5231,
#5232,#5233,#5234,#5235,#5236,#5237,#5238),.UNSPECIFIED.,.F.,.F.,(4,3,3,
3,4),(0.,0.253068221706988,0.49072896609432,0.732148592833403,1.),
 .UNSPECIFIED.);
#2157=B_SPLINE_CURVE_WITH_KNOTS('',1,(#5239,#5240),.UNSPECIFIED.,.F.,.F.,
(2,2),(-0.267192647285,0.),.UNSPECIFIED.);
#2158=B_SPLINE_CURVE_WITH_KNOTS('',1,(#5244,#5245),.UNSPECIFIED.,.F.,.F.,
(2,2),(-0.235619449019,0.),.UNSPECIFIED.);
#2159=B_SPLINE_CURVE_WITH_KNOTS('',1,(#5246,#5247),.UNSPECIFIED.,.F.,.F.,
(2,2),(-0.51961524227,0.),.UNSPECIFIED.);
#2160=B_SPLINE_CURVE_WITH_KNOTS('',3,(#5248,#5249,#5250,#5251),
 .UNSPECIFIED.,.F.,.F.,(4,4),(2.243765171436,2.35533485094),
 .UNSPECIFIED.);
#2161=B_SPLINE_CURVE_WITH_KNOTS('',3,(#5252,#5253,#5254,#5255,#5256,#5257,
#5258,#5259,#5260,#5261,#5262,#5263,#5264),.UNSPECIFIED.,.F.,.F.,(4,3,3,
3,4),(0.,0.248274288285876,0.517189950193295,0.776346148605487,1.),
 .UNSPECIFIED.);
#2162=B_SPLINE_CURVE_WITH_KNOTS('',3,(#5268,#5269,#5270,#5271),
 .UNSPECIFIED.,.F.,.F.,(4,4),(-0.232464705656,-0.219711148206),
 .UNSPECIFIED.);
#2163=B_SPLINE_CURVE_WITH_KNOTS('',3,(#5272,#5273,#5274,#5275),
 .UNSPECIFIED.,.F.,.F.,(4,4),(-0.433173978344,0.),.UNSPECIFIED.);
#2164=B_SPLINE_CURVE_WITH_KNOTS('',3,(#5276,#5277,#5278,#5279),
 .UNSPECIFIED.,.F.,.F.,(4,4),(-0.433173978344,0.),.UNSPECIFIED.);
#2165=B_SPLINE_CURVE_WITH_KNOTS('',3,(#5280,#5281,#5282,#5283,#5284,#5285,
#5286),.UNSPECIFIED.,.F.,.F.,(4,3,4),(1.067886238996,1.28108099440448,1.507010984892),
 .UNSPECIFIED.);
#2166=B_SPLINE_CURVE_WITH_KNOTS('',1,(#5287,#5288),.UNSPECIFIED.,.F.,.F.,
(2,2),(0.,0.775735931288),.UNSPECIFIED.);
#2167=B_SPLINE_CURVE_WITH_KNOTS('',1,(#5289,#5290),.UNSPECIFIED.,.F.,.F.,
(2,2),(-0.433173978344,0.),.UNSPECIFIED.);
#2168=B_SPLINE_CURVE_WITH_KNOTS('',1,(#5291,#5292),.UNSPECIFIED.,.F.,.F.,
(2,2),(-0.276012765808,0.),.UNSPECIFIED.);
#2169=B_SPLINE_CURVE_WITH_KNOTS('',1,(#5293,#5294),.UNSPECIFIED.,.F.,.F.,
(2,2),(-0.276012765808,0.),.UNSPECIFIED.);
#2170=B_SPLINE_CURVE_WITH_KNOTS('',3,(#5295,#5296,#5297,#5298),
 .UNSPECIFIED.,.F.,.F.,(4,4),(-1.,0.),.UNSPECIFIED.);
#2171=B_SPLINE_CURVE_WITH_KNOTS('',3,(#5299,#5300,#5301,#5302),
 .UNSPECIFIED.,.F.,.F.,(4,4),(-1.,0.),.UNSPECIFIED.);
#2172=B_SPLINE_CURVE_WITH_KNOTS('',3,(#5303,#5304,#5305,#5306),
 .UNSPECIFIED.,.F.,.F.,(4,4),(0.219562372948,0.331132052452),
 .UNSPECIFIED.);
#2173=B_SPLINE_CURVE_WITH_KNOTS('',1,(#5307,#5308),.UNSPECIFIED.,.F.,.F.,
(2,2),(0.,0.519615242271),.UNSPECIFIED.);
#2174=B_SPLINE_CURVE_WITH_KNOTS('',3,(#5309,#5310,#5311,#5312,#5313,#5314,
#5315),.UNSPECIFIED.,.F.,.F.,(4,3,4),(1.067886238996,1.29381622948354,1.507010984892),
 .UNSPECIFIED.);
#2175=B_SPLINE_CURVE_WITH_KNOTS('',3,(#5316,#5317,#5318,#5319),
 .UNSPECIFIED.,.F.,.F.,(4,4),(-1.,0.),.UNSPECIFIED.);
#2176=B_SPLINE_CURVE_WITH_KNOTS('',3,(#5323,#5324,#5325,#5326),
 .UNSPECIFIED.,.F.,.F.,(4,4),(-2.355186084386,-2.34243251585),
 .UNSPECIFIED.);
#2177=B_SPLINE_CURVE_WITH_KNOTS('',3,(#5327,#5328,#5329,#5330,#5331,#5332,
#5333,#5334,#5335,#5336,#5337,#5338,#5339),.UNSPECIFIED.,.F.,.F.,(4,3,3,
3,4),(0.,0.223692527797104,0.482811639373252,0.751687287601899,1.),
 .UNSPECIFIED.);
#2178=B_SPLINE_CURVE_WITH_KNOTS('',1,(#5340,#5341),.UNSPECIFIED.,.F.,.F.,
(2,2),(-2.3446,-1.3946),.UNSPECIFIED.);
#2179=B_SPLINE_CURVE_WITH_KNOTS('',1,(#5342,#5343),.UNSPECIFIED.,.F.,.F.,
(2,2),(-2.3446,-1.3946),.UNSPECIFIED.);
#2180=B_SPLINE_CURVE_WITH_KNOTS('',1,(#5344,#5345),.UNSPECIFIED.,.F.,.F.,
(2,2),(-1.3,-0.649447676220465),.UNSPECIFIED.);
#2181=B_SPLINE_CURVE_WITH_KNOTS('',1,(#5346,#5347),.UNSPECIFIED.,.F.,.F.,
(2,2),(0.,0.325),.UNSPECIFIED.);
#2182=B_SPLINE_CURVE_WITH_KNOTS('',1,(#5348,#5349),.UNSPECIFIED.,.F.,.F.,
(2,2),(0.,0.325),.UNSPECIFIED.);
#2183=B_SPLINE_CURVE_WITH_KNOTS('',1,(#5350,#5351),.UNSPECIFIED.,.F.,.F.,
(2,2),(-0.300226954161,0.),.UNSPECIFIED.);
#2184=B_SPLINE_CURVE_WITH_KNOTS('',1,(#5355,#5356),.UNSPECIFIED.,.F.,.F.,
(2,2),(-0.276012765808,0.),.UNSPECIFIED.);
#2185=B_SPLINE_CURVE_WITH_KNOTS('',1,(#5360,#5361),.UNSPECIFIED.,.F.,.F.,
(2,2),(0.,0.300226954077),.UNSPECIFIED.);
#2186=B_SPLINE_CURVE_WITH_KNOTS('',1,(#5362,#5363),.UNSPECIFIED.,.F.,.F.,
(2,2),(0.,0.325),.UNSPECIFIED.);
#2187=B_SPLINE_CURVE_WITH_KNOTS('',1,(#5364,#5365),.UNSPECIFIED.,.F.,.F.,
(2,2),(0.,0.325),.UNSPECIFIED.);
#2188=B_SPLINE_CURVE_WITH_KNOTS('',1,(#5366,#5367),.UNSPECIFIED.,.F.,.F.,
(2,2),(-1.3,-0.649447676220465),.UNSPECIFIED.);
#2189=B_SPLINE_CURVE_WITH_KNOTS('',1,(#5368,#5369),.UNSPECIFIED.,.F.,.F.,
(2,2),(-1.3,-0.649447676220465),.UNSPECIFIED.);
#2190=B_SPLINE_CURVE_WITH_KNOTS('',1,(#5370,#5371),.UNSPECIFIED.,.F.,.F.,
(2,2),(0.,0.300000000144),.UNSPECIFIED.);
#2191=B_SPLINE_CURVE_WITH_KNOTS('',1,(#5372,#5373),.UNSPECIFIED.,.F.,.F.,
(2,2),(0.,0.300000000144),.UNSPECIFIED.);
#2192=B_SPLINE_CURVE_WITH_KNOTS('',3,(#5377,#5378,#5379,#5380),
 .UNSPECIFIED.,.F.,.F.,(4,4),(-1.137671338762,-1.046868059393),
 .UNSPECIFIED.);
#2193=B_SPLINE_CURVE_WITH_KNOTS('',3,(#5381,#5382,#5383,#5384),
 .UNSPECIFIED.,.F.,.F.,(4,4),(0.,1.),.UNSPECIFIED.);
#2194=B_SPLINE_CURVE_WITH_KNOTS('',3,(#5385,#5386,#5387,#5388),
 .UNSPECIFIED.,.F.,.F.,(4,4),(0.,1.),.UNSPECIFIED.);
#2195=B_SPLINE_CURVE_WITH_KNOTS('',1,(#5391,#5392),.UNSPECIFIED.,.F.,.F.,
(2,2),(-0.206840607438,0.),.UNSPECIFIED.);
#2196=B_SPLINE_CURVE_WITH_KNOTS('',1,(#5396,#5397),.UNSPECIFIED.,.F.,.F.,
(2,2),(-0.235619449019,0.),.UNSPECIFIED.);
#2197=B_SPLINE_CURVE_WITH_KNOTS('',1,(#5398,#5399),.UNSPECIFIED.,.F.,.F.,
(2,2),(0.,0.9),.UNSPECIFIED.);
#2198=B_SPLINE_CURVE_WITH_KNOTS('',1,(#5400,#5401),.UNSPECIFIED.,.F.,.F.,
(2,2),(0.,0.9),.UNSPECIFIED.);
#2199=B_SPLINE_CURVE_WITH_KNOTS('',1,(#5402,#5403),.UNSPECIFIED.,.F.,.F.,
(2,2),(-0.206840607438,0.),.UNSPECIFIED.);
#2200=B_SPLINE_CURVE_WITH_KNOTS('',1,(#5410,#5411),.UNSPECIFIED.,.F.,.F.,
(2,2),(0.,0.475735931288),.UNSPECIFIED.);
#2201=B_SPLINE_CURVE_WITH_KNOTS('',1,(#5412,#5413),.UNSPECIFIED.,.F.,.F.,
(2,2),(0.,0.475735931288),.UNSPECIFIED.);
#2202=B_SPLINE_CURVE_WITH_KNOTS('',1,(#5420,#5421),.UNSPECIFIED.,.F.,.F.,
(2,2),(0.,0.206840607438),.UNSPECIFIED.);
#2203=B_SPLINE_CURVE_WITH_KNOTS('',1,(#5422,#5423),.UNSPECIFIED.,.F.,.F.,
(2,2),(0.,0.206840607438),.UNSPECIFIED.);
#2204=B_SPLINE_CURVE_WITH_KNOTS('',1,(#5427,#5428),.UNSPECIFIED.,.F.,.F.,
(2,2),(-0.235619449019,0.),.UNSPECIFIED.);
#2205=B_SPLINE_CURVE_WITH_KNOTS('',1,(#5429,#5430),.UNSPECIFIED.,.F.,.F.,
(2,2),(0.,0.206840607438),.UNSPECIFIED.);
#2206=B_SPLINE_CURVE_WITH_KNOTS('',3,(#5431,#5432,#5433,#5434,#5435,#5436,
#5437,#5438,#5439,#5440),.UNSPECIFIED.,.F.,.F.,(4,2,2,2,4),(0.,0.24999916982438,
0.499999313182385,0.749999656591193,1.),.UNSPECIFIED.);
#2207=B_SPLINE_CURVE_WITH_KNOTS('',3,(#5441,#5442,#5443,#5444),
 .UNSPECIFIED.,.F.,.F.,(4,4),(0.,1.),.UNSPECIFIED.);
#2208=B_SPLINE_CURVE_WITH_KNOTS('',3,(#5448,#5449,#5450,#5451),
 .UNSPECIFIED.,.F.,.F.,(4,4),(-0.09080327936888,0.),.UNSPECIFIED.);
#2209=B_SPLINE_CURVE_WITH_KNOTS('',1,(#5454,#5455),.UNSPECIFIED.,.F.,.F.,
(2,2),(-0.300000000144,0.),.UNSPECIFIED.);
#2210=B_SPLINE_CURVE_WITH_KNOTS('',1,(#5456,#5457),.UNSPECIFIED.,.F.,.F.,
(2,2),(-2.2196,-1.5196),.UNSPECIFIED.);
#2211=B_SPLINE_CURVE_WITH_KNOTS('',1,(#5458,#5459),.UNSPECIFIED.,.F.,.F.,
(2,2),(-2.2196,-1.5196),.UNSPECIFIED.);
#2212=B_SPLINE_CURVE_WITH_KNOTS('',1,(#5460,#5461),.UNSPECIFIED.,.F.,.F.,
(2,2),(0.649447676220465,1.3),.UNSPECIFIED.);
#2213=B_SPLINE_CURVE_WITH_KNOTS('',1,(#5462,#5463),.UNSPECIFIED.,.F.,.F.,
(2,2),(0.649447676220465,1.3),.UNSPECIFIED.);
#2214=B_SPLINE_CURVE_WITH_KNOTS('',1,(#5464,#5465),.UNSPECIFIED.,.F.,.F.,
(2,2),(0.,0.3),.UNSPECIFIED.);
#2215=B_SPLINE_CURVE_WITH_KNOTS('',1,(#5466,#5467),.UNSPECIFIED.,.F.,.F.,
(2,2),(0.,0.3),.UNSPECIFIED.);
#2216=B_SPLINE_CURVE_WITH_KNOTS('',1,(#5468,#5469),.UNSPECIFIED.,.F.,.F.,
(2,2),(-0.300000000144,0.),.UNSPECIFIED.);
#2217=B_SPLINE_CURVE_WITH_KNOTS('',1,(#5470,#5471),.UNSPECIFIED.,.F.,.F.,
(2,2),(0.,0.1),.UNSPECIFIED.);
#2218=B_SPLINE_CURVE_WITH_KNOTS('',1,(#5472,#5473),.UNSPECIFIED.,.F.,.F.,
(2,2),(0.,0.1),.UNSPECIFIED.);
#2219=B_SPLINE_CURVE_WITH_KNOTS('',1,(#5474,#5475),.UNSPECIFIED.,.F.,.F.,
(2,2),(-0.300000000144,0.),.UNSPECIFIED.);
#2220=B_SPLINE_CURVE_WITH_KNOTS('',1,(#5476,#5477),.UNSPECIFIED.,.F.,.F.,
(2,2),(-0.300000000144,0.),.UNSPECIFIED.);
#2221=B_SPLINE_CURVE_WITH_KNOTS('',1,(#5478,#5479),.UNSPECIFIED.,.F.,.F.,
(2,2),(0.,0.3),.UNSPECIFIED.);
#2222=B_SPLINE_CURVE_WITH_KNOTS('',1,(#5480,#5481),.UNSPECIFIED.,.F.,.F.,
(2,2),(0.,0.3),.UNSPECIFIED.);
#2223=B_SPLINE_CURVE_WITH_KNOTS('',1,(#5482,#5483),.UNSPECIFIED.,.F.,.F.,
(2,2),(-1.3,-0.649447676220465),.UNSPECIFIED.);
#2224=B_SPLINE_CURVE_WITH_KNOTS('',1,(#5484,#5485),.UNSPECIFIED.,.F.,.F.,
(2,2),(-1.3,-0.649447676220465),.UNSPECIFIED.);
#2225=B_SPLINE_CURVE_WITH_KNOTS('',1,(#5486,#5487),.UNSPECIFIED.,.F.,.F.,
(2,2),(-0.300000000144,0.),.UNSPECIFIED.);
#2226=B_SPLINE_CURVE_WITH_KNOTS('',3,(#5491,#5492,#5493,#5494),
 .UNSPECIFIED.,.F.,.F.,(4,4),(-1.137671338762,-1.046868059393),
 .UNSPECIFIED.);
#2227=B_SPLINE_CURVE_WITH_KNOTS('',3,(#5495,#5496,#5497,#5498),
 .UNSPECIFIED.,.F.,.F.,(4,4),(0.,1.),.UNSPECIFIED.);
#2228=B_SPLINE_CURVE_WITH_KNOTS('',3,(#5499,#5500,#5501,#5502),
 .UNSPECIFIED.,.F.,.F.,(4,4),(0.,1.),.UNSPECIFIED.);
#2229=B_SPLINE_CURVE_WITH_KNOTS('',1,(#5505,#5506),.UNSPECIFIED.,.F.,.F.,
(2,2),(0.,0.206840607436),.UNSPECIFIED.);
#2230=B_SPLINE_CURVE_WITH_KNOTS('',1,(#5510,#5511),.UNSPECIFIED.,.F.,.F.,
(2,2),(-0.235619449019,0.),.UNSPECIFIED.);
#2231=B_SPLINE_CURVE_WITH_KNOTS('',1,(#5512,#5513),.UNSPECIFIED.,.F.,.F.,
(2,2),(0.,1.2),.UNSPECIFIED.);
#2232=B_SPLINE_CURVE_WITH_KNOTS('',1,(#5514,#5515),.UNSPECIFIED.,.F.,.F.,
(2,2),(0.,1.2),.UNSPECIFIED.);
#2233=B_SPLINE_CURVE_WITH_KNOTS('',1,(#5516,#5517),.UNSPECIFIED.,.F.,.F.,
(2,2),(0.,0.325),.UNSPECIFIED.);
#2234=B_SPLINE_CURVE_WITH_KNOTS('',1,(#5521,#5522),.UNSPECIFIED.,.F.,.F.,
(2,2),(0.,0.9),.UNSPECIFIED.);
#2235=B_SPLINE_CURVE_WITH_KNOTS('',1,(#5526,#5527),.UNSPECIFIED.,.F.,.F.,
(2,2),(-0.325,0.),.UNSPECIFIED.);
#2236=B_SPLINE_CURVE_WITH_KNOTS('',1,(#5528,#5529),.UNSPECIFIED.,.F.,.F.,
(2,2),(-0.325,0.),.UNSPECIFIED.);
#2237=B_SPLINE_CURVE_WITH_KNOTS('',1,(#5530,#5531),.UNSPECIFIED.,.F.,.F.,
(2,2),(-1.2,0.),.UNSPECIFIED.);
#2238=B_SPLINE_CURVE_WITH_KNOTS('',1,(#5532,#5533),.UNSPECIFIED.,.F.,.F.,
(2,2),(-0.325,0.),.UNSPECIFIED.);
#2239=B_SPLINE_CURVE_WITH_KNOTS('',1,(#5534,#5535),.UNSPECIFIED.,.F.,.F.,
(2,2),(-0.325,0.),.UNSPECIFIED.);
#2240=B_SPLINE_CURVE_WITH_KNOTS('',1,(#5539,#5540),.UNSPECIFIED.,.F.,.F.,
(2,2),(0.,0.9),.UNSPECIFIED.);
#2241=B_SPLINE_CURVE_WITH_KNOTS('',1,(#5544,#5545),.UNSPECIFIED.,.F.,.F.,
(2,2),(0.,0.325),.UNSPECIFIED.);
#2242=B_SPLINE_CURVE_WITH_KNOTS('',1,(#5549,#5550),.UNSPECIFIED.,.F.,.F.,
(2,2),(0.,0.3),.UNSPECIFIED.);
#2243=B_SPLINE_CURVE_WITH_KNOTS('',1,(#5551,#5552),.UNSPECIFIED.,.F.,.F.,
(2,2),(0.,1.2),.UNSPECIFIED.);
#2244=B_SPLINE_CURVE_WITH_KNOTS('',1,(#5553,#5554),.UNSPECIFIED.,.F.,.F.,
(2,2),(0.,1.2),.UNSPECIFIED.);
#2245=B_SPLINE_CURVE_WITH_KNOTS('',1,(#5555,#5556),.UNSPECIFIED.,.F.,.F.,
(2,2),(-0.3,0.),.UNSPECIFIED.);
#2246=B_SPLINE_CURVE_WITH_KNOTS('',1,(#5557,#5558),.UNSPECIFIED.,.F.,.F.,
(2,2),(-0.3,0.),.UNSPECIFIED.);
#2247=B_SPLINE_CURVE_WITH_KNOTS('',1,(#5562,#5563),.UNSPECIFIED.,.F.,.F.,
(2,2),(0.,0.9),.UNSPECIFIED.);
#2248=B_SPLINE_CURVE_WITH_KNOTS('',1,(#5570,#5571),.UNSPECIFIED.,.F.,.F.,
(2,2),(-0.3,0.),.UNSPECIFIED.);
#2249=B_SPLINE_CURVE_WITH_KNOTS('',1,(#5572,#5573),.UNSPECIFIED.,.F.,.F.,
(2,2),(-0.3,0.),.UNSPECIFIED.);
#2250=B_SPLINE_CURVE_WITH_KNOTS('',1,(#5574,#5575),.UNSPECIFIED.,.F.,.F.,
(2,2),(0.,1.2),.UNSPECIFIED.);
#2251=B_SPLINE_CURVE_WITH_KNOTS('',1,(#5576,#5577),.UNSPECIFIED.,.F.,.F.,
(2,2),(0.,1.2),.UNSPECIFIED.);
#2252=B_SPLINE_CURVE_WITH_KNOTS('',1,(#5578,#5579),.UNSPECIFIED.,.F.,.F.,
(2,2),(0.,0.3),.UNSPECIFIED.);
#2253=B_SPLINE_CURVE_WITH_KNOTS('',1,(#5583,#5584),.UNSPECIFIED.,.F.,.F.,
(2,2),(-0.9,0.),.UNSPECIFIED.);
#2254=B_SPLINE_CURVE_WITH_KNOTS('',1,(#5585,#5586),.UNSPECIFIED.,.F.,.F.,
(2,2),(-0.9,0.),.UNSPECIFIED.);
#2255=B_SPLINE_CURVE_WITH_KNOTS('',1,(#5587,#5588),.UNSPECIFIED.,.F.,.F.,
(2,2),(0.,0.235619449019),.UNSPECIFIED.);
#2256=B_SPLINE_CURVE_WITH_KNOTS('',1,(#5591,#5592),.UNSPECIFIED.,.F.,.F.,
(2,2),(-0.206840607439,0.),.UNSPECIFIED.);
#2257=B_SPLINE_CURVE_WITH_KNOTS('',3,(#5593,#5594,#5595,#5596),
 .UNSPECIFIED.,.F.,.F.,(4,4),(0.,1.),.UNSPECIFIED.);
#2258=B_SPLINE_CURVE_WITH_KNOTS('',3,(#5597,#5598,#5599,#5600),
 .UNSPECIFIED.,.F.,.F.,(4,4),(0.,1.),.UNSPECIFIED.);
#2259=B_SPLINE_CURVE_WITH_KNOTS('',3,(#5604,#5605,#5606,#5607),
 .UNSPECIFIED.,.F.,.F.,(4,4),(-0.09080327936888,0.),.UNSPECIFIED.);
#2260=B_SPLINE_CURVE_WITH_KNOTS('',1,(#5608,#5609),.UNSPECIFIED.,.F.,.F.,
(2,2),(-0.300000000144,0.),.UNSPECIFIED.);
#2261=B_SPLINE_CURVE_WITH_KNOTS('',1,(#5610,#5611),.UNSPECIFIED.,.F.,.F.,
(2,2),(-0.300000000144,0.),.UNSPECIFIED.);
#2262=B_SPLINE_CURVE_WITH_KNOTS('',1,(#5612,#5613),.UNSPECIFIED.,.F.,.F.,
(2,2),(-0.9,0.),.UNSPECIFIED.);
#2263=B_SPLINE_CURVE_WITH_KNOTS('',1,(#5614,#5615),.UNSPECIFIED.,.F.,.F.,
(2,2),(0.,0.206840607436),.UNSPECIFIED.);
#2264=B_SPLINE_CURVE_WITH_KNOTS('',1,(#5622,#5623),.UNSPECIFIED.,.F.,.F.,
(2,2),(0.,0.475735931289),.UNSPECIFIED.);
#2265=B_SPLINE_CURVE_WITH_KNOTS('',1,(#5624,#5625),.UNSPECIFIED.,.F.,.F.,
(2,2),(0.,0.475735931289),.UNSPECIFIED.);
#2266=B_SPLINE_CURVE_WITH_KNOTS('',1,(#5632,#5633),.UNSPECIFIED.,.F.,.F.,
(2,2),(-0.206840607439,0.),.UNSPECIFIED.);
#2267=B_SPLINE_CURVE_WITH_KNOTS('',3,(#5634,#5635,#5636,#5637),
 .UNSPECIFIED.,.F.,.F.,(4,4),(0.21956237295,0.424161933026),
 .UNSPECIFIED.);
#2268=B_SPLINE_CURVE_WITH_KNOTS('',1,(#5640,#5641),.UNSPECIFIED.,.F.,.F.,
(2,2),(-0.692820323028,0.),.UNSPECIFIED.);
#2269=B_SPLINE_CURVE_WITH_KNOTS('',3,(#5647,#5648,#5649,#5650,#5651,#5652,
#5653),.UNSPECIFIED.,.F.,.F.,(4,3,4),(-1.507010984891,-1.2938162554512,
-1.067886238995),.UNSPECIFIED.);
#2270=B_SPLINE_CURVE_WITH_KNOTS('',1,(#5656,#5657),.UNSPECIFIED.,.F.,.F.,
(2,2),(0.,0.463357321177),.UNSPECIFIED.);
#2271=B_SPLINE_CURVE_WITH_KNOTS('',3,(#5658,#5659,#5660,#5661,#5662,#5663,
#5664,#5665),.UNSPECIFIED.,.F.,.F.,(4,2,2,4),(-1.,-0.561772196802495,-0.30697418442519,
0.),.UNSPECIFIED.);
#2272=B_SPLINE_CURVE_WITH_KNOTS('',3,(#5666,#5667,#5668,#5669,#5670,#5671,
#5672,#5673,#5674,#5675),.UNSPECIFIED.,.F.,.F.,(4,3,3,4),(-1.,-0.441825837837649,
-0.202914648759334,0.),.UNSPECIFIED.);
#2273=B_SPLINE_CURVE_WITH_KNOTS('',1,(#5676,#5677),.UNSPECIFIED.,.F.,.F.,
(2,2),(-0.775735931289,0.),.UNSPECIFIED.);
#2274=B_SPLINE_CURVE_WITH_KNOTS('',1,(#5678,#5679),.UNSPECIFIED.,.F.,.F.,
(2,2),(-0.775735931289,0.),.UNSPECIFIED.);
#2275=B_SPLINE_CURVE_WITH_KNOTS('',1,(#5682,#5683),.UNSPECIFIED.,.F.,.F.,
(2,2),(-0.463357321179,0.),.UNSPECIFIED.);
#2276=B_SPLINE_CURVE_WITH_KNOTS('',1,(#5687,#5688),.UNSPECIFIED.,.F.,.F.,
(2,2),(0.,0.1),.UNSPECIFIED.);
#2277=B_SPLINE_CURVE_WITH_KNOTS('',1,(#5689,#5690),.UNSPECIFIED.,.F.,.F.,
(2,2),(0.,0.1),.UNSPECIFIED.);
#2278=B_SPLINE_CURVE_WITH_KNOTS('',1,(#5694,#5695),.UNSPECIFIED.,.F.,.F.,
(2,2),(0.,0.463357321177),.UNSPECIFIED.);
#2279=B_SPLINE_CURVE_WITH_KNOTS('',1,(#5698,#5699),.UNSPECIFIED.,.F.,.F.,
(2,2),(-0.692820323028,0.),.UNSPECIFIED.);
#2280=B_SPLINE_CURVE_WITH_KNOTS('',3,(#5700,#5701,#5702,#5703),
 .UNSPECIFIED.,.F.,.F.,(4,4),(0.86328667892,1.067886238996),
 .UNSPECIFIED.);
#2281=B_SPLINE_CURVE_WITH_KNOTS('',3,(#5704,#5705,#5706,#5707,#5708,#5709,
#5710,#5711),.UNSPECIFIED.,.F.,.F.,(4,2,2,4),(-1.,-0.693075690000834,-0.438317484917808,
0.),.UNSPECIFIED.);
#2282=B_SPLINE_CURVE_WITH_KNOTS('',3,(#5712,#5713,#5714,#5715,#5716,#5717,
#5718,#5719,#5720,#5721),.UNSPECIFIED.,.F.,.F.,(4,3,3,4),(-1.,-0.797085402613609,
-0.558174256519249,0.),.UNSPECIFIED.);
#2283=B_SPLINE_CURVE_WITH_KNOTS('',1,(#5722,#5723),.UNSPECIFIED.,.F.,.F.,
(2,2),(-0.463357321179,0.),.UNSPECIFIED.);
#2284=B_SPLINE_CURVE_WITH_KNOTS('',3,(#5729,#5730,#5731,#5732,#5733,#5734,
#5735),.UNSPECIFIED.,.F.,.F.,(4,3,4),(-2.794459596836,-2.56852958398634,
-2.355334850939),.UNSPECIFIED.);
#2285=B_SPLINE_CURVE_WITH_KNOTS('',1,(#5736,#5737),.UNSPECIFIED.,.F.,.F.,
(2,2),(0.,1.275735931289),.UNSPECIFIED.);
#2286=B_SPLINE_CURVE_WITH_KNOTS('',1,(#5738,#5739),.UNSPECIFIED.,.F.,.F.,
(2,2),(0.,1.275735931289),.UNSPECIFIED.);
#2287=B_SPLINE_CURVE_WITH_KNOTS('',1,(#5742,#5743),.UNSPECIFIED.,.F.,.F.,
(2,2),(0.,0.692820323028),.UNSPECIFIED.);
#2288=B_SPLINE_CURVE_WITH_KNOTS('',1,(#5744,#5745),.UNSPECIFIED.,.F.,.F.,
(2,2),(0.,0.475735931288),.UNSPECIFIED.);
#2289=B_SPLINE_CURVE_WITH_KNOTS('',1,(#5746,#5747),.UNSPECIFIED.,.F.,.F.,
(2,2),(-0.692820323028,0.),.UNSPECIFIED.);
#2290=B_SPLINE_CURVE_WITH_KNOTS('',3,(#5748,#5749,#5750,#5751),
 .UNSPECIFIED.,.F.,.F.,(4,4),(0.219562372948,0.424161933024),
 .UNSPECIFIED.);
#2291=B_SPLINE_CURVE_WITH_KNOTS('',1,(#5752,#5753),.UNSPECIFIED.,.F.,.F.,
(2,2),(0.,0.692820323028),.UNSPECIFIED.);
#2292=B_SPLINE_CURVE_WITH_KNOTS('',3,(#5759,#5760,#5761,#5762,#5763,#5764,
#5765),.UNSPECIFIED.,.F.,.F.,(4,3,4),(-1.507010984893,-1.29381625184271,
-1.067886238995),.UNSPECIFIED.);
#2293=B_SPLINE_CURVE_WITH_KNOTS('',1,(#5768,#5769),.UNSPECIFIED.,.F.,.F.,
(2,2),(0.,0.463357321178),.UNSPECIFIED.);
#2294=B_SPLINE_CURVE_WITH_KNOTS('',3,(#5770,#5771,#5772,#5773,#5774,#5775,
#5776,#5777),.UNSPECIFIED.,.F.,.F.,(4,2,2,4),(-1.,-0.561772196803768,-0.306974184425724,
0.),.UNSPECIFIED.);
#2295=B_SPLINE_CURVE_WITH_KNOTS('',3,(#5778,#5779,#5780,#5781,#5782,#5783,
#5784,#5785,#5786,#5787),.UNSPECIFIED.,.F.,.F.,(4,3,3,4),(-1.,-0.441825837836946,
-0.202914648758617,0.),.UNSPECIFIED.);
#2296=B_SPLINE_CURVE_WITH_KNOTS('',1,(#5791,#5792),.UNSPECIFIED.,.F.,.F.,
(2,2),(0.,0.1),.UNSPECIFIED.);
#2297=B_SPLINE_CURVE_WITH_KNOTS('',1,(#5796,#5797),.UNSPECIFIED.,.F.,.F.,
(2,2),(0.,0.463357321178),.UNSPECIFIED.);
#2298=B_SPLINE_CURVE_WITH_KNOTS('',1,(#5798,#5799),.UNSPECIFIED.,.F.,.F.,
(2,2),(-0.775735931289,0.),.UNSPECIFIED.);
#2299=B_SPLINE_CURVE_WITH_KNOTS('',1,(#5800,#5801),.UNSPECIFIED.,.F.,.F.,
(2,2),(-0.775735931289,0.),.UNSPECIFIED.);
#2300=B_SPLINE_CURVE_WITH_KNOTS('',1,(#5804,#5805),.UNSPECIFIED.,.F.,.F.,
(2,2),(-0.463357321181,0.),.UNSPECIFIED.);
#2301=B_SPLINE_CURVE_WITH_KNOTS('',1,(#5808,#5809),.UNSPECIFIED.,.F.,.F.,
(2,2),(-0.692820323028,0.),.UNSPECIFIED.);
#2302=B_SPLINE_CURVE_WITH_KNOTS('',3,(#5810,#5811,#5812,#5813),
 .UNSPECIFIED.,.F.,.F.,(4,4),(0.863286678923,1.067886238998),
 .UNSPECIFIED.);
#2303=B_SPLINE_CURVE_WITH_KNOTS('',3,(#5814,#5815,#5816,#5817,#5818,#5819,
#5820,#5821),.UNSPECIFIED.,.F.,.F.,(4,2,2,4),(-1.,-0.748627834689481,-0.497669169542701,
0.),.UNSPECIFIED.);
#2304=B_SPLINE_CURVE_WITH_KNOTS('',3,(#5822,#5823,#5824,#5825,#5826,#5827,
#5828,#5829,#5830,#5831),.UNSPECIFIED.,.F.,.F.,(4,3,3,4),(-1.,-0.797085402612317,
-0.558174256517169,0.),.UNSPECIFIED.);
#2305=B_SPLINE_CURVE_WITH_KNOTS('',1,(#5832,#5833),.UNSPECIFIED.,.F.,.F.,
(2,2),(-0.463357321181,0.),.UNSPECIFIED.);
#2306=B_SPLINE_CURVE_WITH_KNOTS('',3,(#5839,#5840,#5841,#5842,#5843,#5844,
#5845),.UNSPECIFIED.,.F.,.F.,(4,3,4),(-2.794459596836,-2.5685295839857,
-2.355334850937),.UNSPECIFIED.);
#2307=B_SPLINE_CURVE_WITH_KNOTS('',1,(#5846,#5847),.UNSPECIFIED.,.F.,.F.,
(2,2),(0.,1.275735931289),.UNSPECIFIED.);
#2308=B_SPLINE_CURVE_WITH_KNOTS('',1,(#5848,#5849),.UNSPECIFIED.,.F.,.F.,
(2,2),(0.,1.275735931289),.UNSPECIFIED.);
#2309=B_SPLINE_CURVE_WITH_KNOTS('',1,(#5850,#5851),.UNSPECIFIED.,.F.,.F.,
(2,2),(-0.692820323028,0.),.UNSPECIFIED.);
#2310=B_SPLINE_CURVE_WITH_KNOTS('',1,(#5852,#5853),.UNSPECIFIED.,.F.,.F.,
(2,2),(0.,0.475735931289),.UNSPECIFIED.);
#2311=B_SPLINE_CURVE_WITH_KNOTS('',1,(#5854,#5855),.UNSPECIFIED.,.F.,.F.,
(2,2),(-0.692820323028,0.),.UNSPECIFIED.);
#2312=B_SPLINE_CURVE_WITH_KNOTS('',1,(#5876,#5877),.UNSPECIFIED.,.F.,.F.,
(2,2),(0.,1.275735931289),.UNSPECIFIED.);
#2313=B_SPLINE_CURVE_WITH_KNOTS('',1,(#5883,#5884),.UNSPECIFIED.,.F.,.F.,
(2,2),(-0.775735931289,0.),.UNSPECIFIED.);
#2314=B_SPLINE_CURVE_WITH_KNOTS('',1,(#5890,#5891),.UNSPECIFIED.,.F.,.F.,
(2,2),(0.,1.275735931289),.UNSPECIFIED.);
#2315=B_SPLINE_CURVE_WITH_KNOTS('',1,(#5897,#5898),.UNSPECIFIED.,.F.,.F.,
(2,2),(-0.775735931289,0.),.UNSPECIFIED.);
#2316=B_SPLINE_CURVE_WITH_KNOTS('',1,(#5906,#5907),.UNSPECIFIED.,.F.,.F.,
(2,2),(0.,0.521961536654),.UNSPECIFIED.);
#2317=B_SPLINE_CURVE_WITH_KNOTS('',1,(#5908,#5909),.UNSPECIFIED.,.F.,.F.,
(2,2),(0.,3.946306434057),.UNSPECIFIED.);
#2318=B_SPLINE_CURVE_WITH_KNOTS('',1,(#5912,#5913),.UNSPECIFIED.,.F.,.F.,
(2,2),(0.,0.521961536654),.UNSPECIFIED.);
#2319=B_SPLINE_CURVE_WITH_KNOTS('',1,(#5917,#5918),.UNSPECIFIED.,.F.,.F.,
(2,2),(0.,2.277654673853),.UNSPECIFIED.);
#2320=B_SPLINE_CURVE_WITH_KNOTS('',1,(#5922,#5923),.UNSPECIFIED.,.F.,.F.,
(2,2),(0.,2.277654673853),.UNSPECIFIED.);
#2321=B_SPLINE_CURVE_WITH_KNOTS('',1,(#5927,#5928),.UNSPECIFIED.,.F.,.F.,
(2,2),(0.,2.277654673853),.UNSPECIFIED.);
#2322=B_SPLINE_CURVE_WITH_KNOTS('',1,(#5929,#5930),.UNSPECIFIED.,.F.,.F.,
(2,2),(0.,0.521961536654),.UNSPECIFIED.);
#2323=B_SPLINE_CURVE_WITH_KNOTS('',1,(#5931,#5932),.UNSPECIFIED.,.F.,.F.,
(2,2),(-3.946306434057,0.),.UNSPECIFIED.);
#2324=B_SPLINE_CURVE_WITH_KNOTS('',1,(#5933,#5934),.UNSPECIFIED.,.F.,.F.,
(2,2),(0.,0.521961536654),.UNSPECIFIED.);
#2325=B_SPLINE_CURVE_WITH_KNOTS('',1,(#5938,#5939),.UNSPECIFIED.,.F.,.F.,
(2,2),(0.,2.277654673853),.UNSPECIFIED.);
#2326=B_SPLINE_CURVE_WITH_KNOTS('',1,(#5940,#5941),.UNSPECIFIED.,.F.,.F.,
(2,2),(-8.9,0.),.UNSPECIFIED.);
#2327=B_SPLINE_CURVE_WITH_KNOTS('',1,(#5942,#5943),.UNSPECIFIED.,.F.,.F.,
(2,2),(-8.9,0.),.UNSPECIFIED.);
#2328=B_SPLINE_CURVE_WITH_KNOTS('',1,(#5944,#5945),.UNSPECIFIED.,.F.,.F.,
(2,2),(0.,1.5),.UNSPECIFIED.);
#2329=B_SPLINE_CURVE_WITH_KNOTS('',1,(#5946,#5947),.UNSPECIFIED.,.F.,.F.,
(2,2),(-8.9,0.),.UNSPECIFIED.);
#2330=B_SPLINE_CURVE_WITH_KNOTS('',1,(#5948,#5949),.UNSPECIFIED.,.F.,.F.,
(2,2),(-8.9,0.),.UNSPECIFIED.);
#2331=B_SPLINE_CURVE_WITH_KNOTS('',1,(#5950,#5951),.UNSPECIFIED.,.F.,.F.,
(2,2),(-1.5,0.),.UNSPECIFIED.);
#2332=B_SPLINE_CURVE_WITH_KNOTS('',1,(#5952,#5953),.UNSPECIFIED.,.F.,.F.,
(2,2),(-1.5,0.),.UNSPECIFIED.);
#2333=B_SPLINE_CURVE_WITH_KNOTS('',1,(#5954,#5955),.UNSPECIFIED.,.F.,.F.,
(2,2),(0.499894851961,1.180105148039),.UNSPECIFIED.);
#2334=B_SPLINE_CURVE_WITH_KNOTS('',3,(#5956,#5957,#5958,#5959),
 .UNSPECIFIED.,.F.,.F.,(4,4),(0.499894851961,1.180105148039),
 .UNSPECIFIED.);
#2335=B_SPLINE_CURVE_WITH_KNOTS('',1,(#5960,#5961),.UNSPECIFIED.,.F.,.F.,
(2,2),(0.844549575622106,0.9),.UNSPECIFIED.);
#2336=B_SPLINE_CURVE_WITH_KNOTS('',1,(#5962,#5963),.UNSPECIFIED.,.F.,.F.,
(2,2),(0.844549575622106,0.9),.UNSPECIFIED.);
#2337=B_SPLINE_CURVE_WITH_KNOTS('',1,(#5964,#5965),.UNSPECIFIED.,.F.,.F.,
(2,2),(0.,0.680210296078),.UNSPECIFIED.);
#2338=B_SPLINE_CURVE_WITH_KNOTS('',1,(#5966,#5967),.UNSPECIFIED.,.F.,.F.,
(2,2),(0.,0.680210296078),.UNSPECIFIED.);
#2339=B_SPLINE_CURVE_WITH_KNOTS('',1,(#5968,#5969),.UNSPECIFIED.,.F.,.F.,
(2,2),(0.,0.0554504243778939),.UNSPECIFIED.);
#2340=B_SPLINE_CURVE_WITH_KNOTS('',1,(#5970,#5971),.UNSPECIFIED.,.F.,.F.,
(2,2),(0.,0.0554504243778939),.UNSPECIFIED.);
#2341=B_SPLINE_CURVE_WITH_KNOTS('',1,(#5976,#5977),.UNSPECIFIED.,.F.,.F.,
(2,2),(-0.975000000000001,0.),.UNSPECIFIED.);
#2342=B_SPLINE_CURVE_WITH_KNOTS('',1,(#5978,#5979),.UNSPECIFIED.,.F.,.F.,
(2,2),(-0.975000000000001,0.),.UNSPECIFIED.);
#2343=B_SPLINE_CURVE_WITH_KNOTS('',1,(#5980,#5981),.UNSPECIFIED.,.F.,.F.,
(2,2),(-1.5,0.),.UNSPECIFIED.);
#2344=B_SPLINE_CURVE_WITH_KNOTS('',1,(#5982,#5983),.UNSPECIFIED.,.F.,.F.,
(2,2),(-0.975,0.),.UNSPECIFIED.);
#2345=B_SPLINE_CURVE_WITH_KNOTS('',1,(#5984,#5985),.UNSPECIFIED.,.F.,.F.,
(2,2),(-0.975,0.),.UNSPECIFIED.);
#2346=B_SPLINE_CURVE_WITH_KNOTS('',1,(#5986,#5987),.UNSPECIFIED.,.F.,.F.,
(2,2),(0.,1.),.UNSPECIFIED.);
#2347=B_SPLINE_CURVE_WITH_KNOTS('',1,(#5988,#5989),.UNSPECIFIED.,.F.,.F.,
(2,2),(0.,1.),.UNSPECIFIED.);
#2348=B_SPLINE_CURVE_WITH_KNOTS('',1,(#5993,#5994),.UNSPECIFIED.,.F.,.F.,
(2,2),(-2.785428080115,0.),.UNSPECIFIED.);
#2349=B_SPLINE_CURVE_WITH_KNOTS('',1,(#5995,#5996),.UNSPECIFIED.,.F.,.F.,
(2,2),(-1.5,0.),.UNSPECIFIED.);
#2350=B_SPLINE_CURVE_WITH_KNOTS('',1,(#6000,#6001),.UNSPECIFIED.,.F.,.F.,
(2,2),(-2.785428080115,0.),.UNSPECIFIED.);
#2351=B_SPLINE_CURVE_WITH_KNOTS('',1,(#6002,#6003),.UNSPECIFIED.,.F.,.F.,
(2,2),(0.,1.5),.UNSPECIFIED.);
#2352=B_SPLINE_CURVE_WITH_KNOTS('',1,(#6004,#6005),.UNSPECIFIED.,.F.,.F.,
(2,2),(-12.56,-10.88),.UNSPECIFIED.);
#2353=B_SPLINE_CURVE_WITH_KNOTS('',1,(#6006,#6007),.UNSPECIFIED.,.F.,.F.,
(2,2),(-12.56,-10.88),.UNSPECIFIED.);
#2354=B_SPLINE_CURVE_WITH_KNOTS('',1,(#6008,#6009),.UNSPECIFIED.,.F.,.F.,
(2,2),(0.,1.49399725184257),.UNSPECIFIED.);
#2355=B_SPLINE_CURVE_WITH_KNOTS('',1,(#6010,#6011),.UNSPECIFIED.,.F.,.F.,
(2,2),(0.,1.49399725184257),.UNSPECIFIED.);
#2356=B_SPLINE_CURVE_WITH_KNOTS('',1,(#6012,#6013),.UNSPECIFIED.,.F.,.F.,
(2,2),(10.88,12.56),.UNSPECIFIED.);
#2357=B_SPLINE_CURVE_WITH_KNOTS('',1,(#6014,#6015),.UNSPECIFIED.,.F.,.F.,
(2,2),(10.88,12.56),.UNSPECIFIED.);
#2358=B_SPLINE_CURVE_WITH_KNOTS('',1,(#6016,#6017),.UNSPECIFIED.,.F.,.F.,
(2,2),(-1.49399725184257,0.),.UNSPECIFIED.);
#2359=B_SPLINE_CURVE_WITH_KNOTS('',1,(#6018,#6019),.UNSPECIFIED.,.F.,.F.,
(2,2),(-1.49399725184257,0.),.UNSPECIFIED.);
#2360=B_SPLINE_CURVE_WITH_KNOTS('',1,(#6020,#6021),.UNSPECIFIED.,.F.,.F.,
(2,2),(0.,0.149447676220466),.UNSPECIFIED.);
#2361=B_SPLINE_CURVE_WITH_KNOTS('',1,(#6022,#6023),.UNSPECIFIED.,.F.,.F.,
(2,2),(0.,0.149447676220466),.UNSPECIFIED.);
#2362=B_SPLINE_CURVE_WITH_KNOTS('',1,(#6024,#6025),.UNSPECIFIED.,.F.,.F.,
(2,2),(0.759600000000001,1.2596),.UNSPECIFIED.);
#2363=B_SPLINE_CURVE_WITH_KNOTS('',1,(#6026,#6027),.UNSPECIFIED.,.F.,.F.,
(2,2),(0.759600000000001,1.2596),.UNSPECIFIED.);
#2364=B_SPLINE_CURVE_WITH_KNOTS('',1,(#6028,#6029),.UNSPECIFIED.,.F.,.F.,
(2,2),(0.649447676220466,1.49399725184257),.UNSPECIFIED.);
#2365=B_SPLINE_CURVE_WITH_KNOTS('',1,(#6030,#6031),.UNSPECIFIED.,.F.,.F.,
(2,2),(0.649447676220466,1.49399725184257),.UNSPECIFIED.);
#2366=B_SPLINE_CURVE_WITH_KNOTS('',1,(#6032,#6033),.UNSPECIFIED.,.F.,.F.,
(2,2),(9.08,10.88),.UNSPECIFIED.);
#2367=B_SPLINE_CURVE_WITH_KNOTS('',1,(#6034,#6035),.UNSPECIFIED.,.F.,.F.,
(2,2),(9.08,10.88),.UNSPECIFIED.);
#2368=B_SPLINE_CURVE_WITH_KNOTS('',1,(#6036,#6037),.UNSPECIFIED.,.F.,.F.,
(2,2),(0.,1.49399725184257),.UNSPECIFIED.);
#2369=B_SPLINE_CURVE_WITH_KNOTS('',1,(#6038,#6039),.UNSPECIFIED.,.F.,.F.,
(2,2),(-10.88,-9.08),.UNSPECIFIED.);
#2370=B_SPLINE_CURVE_WITH_KNOTS('',1,(#6040,#6041),.UNSPECIFIED.,.F.,.F.,
(2,2),(-10.88,-9.08),.UNSPECIFIED.);
#2371=B_SPLINE_CURVE_WITH_KNOTS('',1,(#6042,#6043),.UNSPECIFIED.,.F.,.F.,
(2,2),(-1.49399725184257,-0.649447676220466),.UNSPECIFIED.);
#2372=B_SPLINE_CURVE_WITH_KNOTS('',1,(#6044,#6045),.UNSPECIFIED.,.F.,.F.,
(2,2),(-1.49399725184257,-0.649447676220466),.UNSPECIFIED.);
#2373=B_SPLINE_CURVE_WITH_KNOTS('',1,(#6046,#6047),.UNSPECIFIED.,.F.,.F.,
(2,2),(-0.649447676220466,-0.149447676220466),.UNSPECIFIED.);
#2374=B_SPLINE_CURVE_WITH_KNOTS('',1,(#6048,#6049),.UNSPECIFIED.,.F.,.F.,
(2,2),(-0.649447676220466,-0.149447676220466),.UNSPECIFIED.);
#2375=B_SPLINE_CURVE_WITH_KNOTS('',1,(#6050,#6051),.UNSPECIFIED.,.F.,.F.,
(2,2),(-0.149447676220466,0.),.UNSPECIFIED.);
#2376=B_SPLINE_CURVE_WITH_KNOTS('',1,(#6052,#6053),.UNSPECIFIED.,.F.,.F.,
(2,2),(-0.149447676220466,0.),.UNSPECIFIED.);
#2377=B_SPLINE_CURVE_WITH_KNOTS('',1,(#6054,#6055),.UNSPECIFIED.,.F.,.F.,
(2,2),(-1.8,0.),.UNSPECIFIED.);
#2378=B_SPLINE_CURVE_WITH_KNOTS('',1,(#6056,#6057),.UNSPECIFIED.,.F.,.F.,
(2,2),(-1.8,0.),.UNSPECIFIED.);
#2379=B_SPLINE_CURVE_WITH_KNOTS('',1,(#6058,#6059),.UNSPECIFIED.,.F.,.F.,
(2,2),(-1.49399725184257,0.),.UNSPECIFIED.);
#2380=B_SPLINE_CURVE_WITH_KNOTS('',1,(#6060,#6061),.UNSPECIFIED.,.F.,.F.,
(2,2),(0.,1.8),.UNSPECIFIED.);
#2381=B_SPLINE_CURVE_WITH_KNOTS('',1,(#6062,#6063),.UNSPECIFIED.,.F.,.F.,
(2,2),(0.,1.8),.UNSPECIFIED.);
#2382=B_SPLINE_CURVE_WITH_KNOTS('',1,(#6064,#6065),.UNSPECIFIED.,.F.,.F.,
(2,2),(-10.88,-9.08),.UNSPECIFIED.);
#2383=B_SPLINE_CURVE_WITH_KNOTS('',1,(#6066,#6067),.UNSPECIFIED.,.F.,.F.,
(2,2),(-12.56,-10.88),.UNSPECIFIED.);
#2384=B_SPLINE_CURVE_WITH_KNOTS('',1,(#6068,#6069),.UNSPECIFIED.,.F.,.F.,
(2,2),(-1.8,0.),.UNSPECIFIED.);
#2385=B_SPLINE_CURVE_WITH_KNOTS('',1,(#6073,#6074),.UNSPECIFIED.,.F.,.F.,
(2,2),(-23.3836722860881,-21.7036722860881),.UNSPECIFIED.);
#2386=B_SPLINE_CURVE_WITH_KNOTS('',1,(#6078,#6079),.UNSPECIFIED.,.F.,.F.,
(2,2),(21.7036722860881,22.2035671380491),.UNSPECIFIED.);
#2387=B_SPLINE_CURVE_WITH_KNOTS('',1,(#6080,#6081),.UNSPECIFIED.,.F.,.F.,
(2,2),(0.499894851961,1.180105148039),.UNSPECIFIED.);
#2388=B_SPLINE_CURVE_WITH_KNOTS('',1,(#6085,#6086),.UNSPECIFIED.,.F.,.F.,
(2,2),(22.8837774341271,23.3836722860881),.UNSPECIFIED.);
#2389=B_SPLINE_CURVE_WITH_KNOTS('',1,(#6087,#6088),.UNSPECIFIED.,.F.,.F.,
(2,2),(0.,1.8),.UNSPECIFIED.);
#2390=B_SPLINE_CURVE_WITH_KNOTS('',1,(#6089,#6090),.UNSPECIFIED.,.F.,.F.,
(2,2),(10.88,12.56),.UNSPECIFIED.);
#2391=B_SPLINE_CURVE_WITH_KNOTS('',1,(#6091,#6092),.UNSPECIFIED.,.F.,.F.,
(2,2),(9.08,10.88),.UNSPECIFIED.);
#2392=B_SPLINE_CURVE_WITH_KNOTS('',1,(#6095,#6096),.UNSPECIFIED.,.F.,.F.,
(2,2),(0.35553097722972,1.20008055285183),.UNSPECIFIED.);
#2393=B_SPLINE_CURVE_WITH_KNOTS('',1,(#6097,#6098),.UNSPECIFIED.,.F.,.F.,
(2,2),(-1.2596,-0.759600000000001),.UNSPECIFIED.);
#2394=B_SPLINE_CURVE_WITH_KNOTS('',1,(#6099,#6100),.UNSPECIFIED.,.F.,.F.,
(2,2),(-1.2596,-0.759600000000001),.UNSPECIFIED.);
#2395=B_SPLINE_CURVE_WITH_KNOTS('',1,(#6103,#6104),.UNSPECIFIED.,.F.,.F.,
(2,2),(1.70008055285183,1.84952822907229),.UNSPECIFIED.);
#2396=B_SPLINE_CURVE_WITH_KNOTS('',1,(#6105,#6106),.UNSPECIFIED.,.F.,.F.,
(2,2),(-8.07922578316665,-6.28),.UNSPECIFIED.);
#2397=B_SPLINE_CURVE_WITH_KNOTS('',1,(#6107,#6108),.UNSPECIFIED.,.F.,.F.,
(2,2),(-8.07922578316665,-6.28),.UNSPECIFIED.);
#2398=B_SPLINE_CURVE_WITH_KNOTS('',1,(#6109,#6110),.UNSPECIFIED.,.F.,.F.,
(2,2),(0.,1.49399725184257),.UNSPECIFIED.);
#2399=B_SPLINE_CURVE_WITH_KNOTS('',1,(#6111,#6112),.UNSPECIFIED.,.F.,.F.,
(2,2),(0.,1.49399725184257),.UNSPECIFIED.);
#2400=B_SPLINE_CURVE_WITH_KNOTS('',1,(#6113,#6114),.UNSPECIFIED.,.F.,.F.,
(2,2),(6.28,8.07922578316665),.UNSPECIFIED.);
#2401=B_SPLINE_CURVE_WITH_KNOTS('',1,(#6115,#6116),.UNSPECIFIED.,.F.,.F.,
(2,2),(6.28,8.07922578316665),.UNSPECIFIED.);
#2402=B_SPLINE_CURVE_WITH_KNOTS('',1,(#6117,#6118),.UNSPECIFIED.,.F.,.F.,
(2,2),(-6.28,-4.6),.UNSPECIFIED.);
#2403=B_SPLINE_CURVE_WITH_KNOTS('',1,(#6119,#6120),.UNSPECIFIED.,.F.,.F.,
(2,2),(-6.28,-4.6),.UNSPECIFIED.);
#2404=B_SPLINE_CURVE_WITH_KNOTS('',1,(#6121,#6122),.UNSPECIFIED.,.F.,.F.,
(2,2),(0.,1.49399725184257),.UNSPECIFIED.);
#2405=B_SPLINE_CURVE_WITH_KNOTS('',1,(#6123,#6124),.UNSPECIFIED.,.F.,.F.,
(2,2),(0.,1.49399725184257),.UNSPECIFIED.);
#2406=B_SPLINE_CURVE_WITH_KNOTS('',1,(#6125,#6126),.UNSPECIFIED.,.F.,.F.,
(2,2),(4.6,6.28),.UNSPECIFIED.);
#2407=B_SPLINE_CURVE_WITH_KNOTS('',1,(#6127,#6128),.UNSPECIFIED.,.F.,.F.,
(2,2),(4.6,6.28),.UNSPECIFIED.);
#2408=B_SPLINE_CURVE_WITH_KNOTS('',1,(#6129,#6130),.UNSPECIFIED.,.F.,.F.,
(2,2),(0.,1.49399725184257),.UNSPECIFIED.);
#2409=B_SPLINE_CURVE_WITH_KNOTS('',1,(#6131,#6132),.UNSPECIFIED.,.F.,.F.,
(2,2),(0.,0.149447676220466),.UNSPECIFIED.);
#2410=B_SPLINE_CURVE_WITH_KNOTS('',1,(#6133,#6134),.UNSPECIFIED.,.F.,.F.,
(2,2),(0.,0.149447676220466),.UNSPECIFIED.);
#2411=B_SPLINE_CURVE_WITH_KNOTS('',1,(#6135,#6136),.UNSPECIFIED.,.F.,.F.,
(2,2),(0.149447676220466,0.649447676220466),.UNSPECIFIED.);
#2412=B_SPLINE_CURVE_WITH_KNOTS('',1,(#6137,#6138),.UNSPECIFIED.,.F.,.F.,
(2,2),(0.149447676220466,0.649447676220466),.UNSPECIFIED.);
#2413=B_SPLINE_CURVE_WITH_KNOTS('',1,(#6139,#6140),.UNSPECIFIED.,.F.,.F.,
(2,2),(0.649447676220466,1.49399725184257),.UNSPECIFIED.);
#2414=B_SPLINE_CURVE_WITH_KNOTS('',1,(#6141,#6142),.UNSPECIFIED.,.F.,.F.,
(2,2),(0.649447676220466,1.49399725184257),.UNSPECIFIED.);
#2415=B_SPLINE_CURVE_WITH_KNOTS('',1,(#6143,#6144),.UNSPECIFIED.,.F.,.F.,
(2,2),(2.80077421683335,4.6),.UNSPECIFIED.);
#2416=B_SPLINE_CURVE_WITH_KNOTS('',1,(#6145,#6146),.UNSPECIFIED.,.F.,.F.,
(2,2),(2.80077421683335,4.6),.UNSPECIFIED.);
#2417=B_SPLINE_CURVE_WITH_KNOTS('',1,(#6147,#6148),.UNSPECIFIED.,.F.,.F.,
(2,2),(0.,1.49399725184257),.UNSPECIFIED.);
#2418=B_SPLINE_CURVE_WITH_KNOTS('',1,(#6149,#6150),.UNSPECIFIED.,.F.,.F.,
(2,2),(-4.6,-2.80077421683335),.UNSPECIFIED.);
#2419=B_SPLINE_CURVE_WITH_KNOTS('',1,(#6151,#6152),.UNSPECIFIED.,.F.,.F.,
(2,2),(-4.6,-2.80077421683335),.UNSPECIFIED.);
#2420=B_SPLINE_CURVE_WITH_KNOTS('',1,(#6153,#6154),.UNSPECIFIED.,.F.,.F.,
(2,2),(-4.6,-2.80077421683335),.UNSPECIFIED.);
#2421=B_SPLINE_CURVE_WITH_KNOTS('',1,(#6155,#6156),.UNSPECIFIED.,.F.,.F.,
(2,2),(-6.28,-4.6),.UNSPECIFIED.);
#2422=B_SPLINE_CURVE_WITH_KNOTS('',1,(#6157,#6158),.UNSPECIFIED.,.F.,.F.,
(2,2),(-8.07922578316665,-6.28),.UNSPECIFIED.);
#2423=B_SPLINE_CURVE_WITH_KNOTS('',1,(#6162,#6163),.UNSPECIFIED.,.F.,.F.,
(2,2),(-7.76280809054149,-6.08280809054149),.UNSPECIFIED.);
#2424=B_SPLINE_CURVE_WITH_KNOTS('',1,(#6167,#6168),.UNSPECIFIED.,.F.,.F.,
(2,2),(6.08280809054149,6.58613374981806),.UNSPECIFIED.);
#2425=B_SPLINE_CURVE_WITH_KNOTS('',1,(#6169,#6170),.UNSPECIFIED.,.F.,.F.,
(2,2),(-2.974705148039,-2.294494851961),.UNSPECIFIED.);
#2426=B_SPLINE_CURVE_WITH_KNOTS('',1,(#6171,#6172),.UNSPECIFIED.,.F.,.F.,
(2,2),(-2.974705148039,-2.294494851961),.UNSPECIFIED.);
#2427=B_SPLINE_CURVE_WITH_KNOTS('',1,(#6176,#6177),.UNSPECIFIED.,.F.,.F.,
(2,2),(7.26634404589606,7.76280809054149),.UNSPECIFIED.);
#2428=B_SPLINE_CURVE_WITH_KNOTS('',1,(#6178,#6179),.UNSPECIFIED.,.F.,.F.,
(2,2),(6.28,8.07922578316665),.UNSPECIFIED.);
#2429=B_SPLINE_CURVE_WITH_KNOTS('',1,(#6180,#6181),.UNSPECIFIED.,.F.,.F.,
(2,2),(4.6,6.28),.UNSPECIFIED.);
#2430=B_SPLINE_CURVE_WITH_KNOTS('',1,(#6182,#6183),.UNSPECIFIED.,.F.,.F.,
(2,2),(2.80077421683335,4.6),.UNSPECIFIED.);
#2431=B_SPLINE_CURVE_WITH_KNOTS('',1,(#6184,#6185,#6186,#6187,#6188,#6189),
 .UNSPECIFIED.,.F.,.F.,(2,1,1,1,1,2),(-1.42672483943665,-1.41371669412209,
-1.29590696961071,-1.17809724509933,-1.06028752058795,-0.955485941339586),
 .UNSPECIFIED.);
#2432=B_SPLINE_CURVE_WITH_KNOTS('',1,(#6192,#6193),.UNSPECIFIED.,.F.,.F.,
(2,2),(-0.200080552851828,0.),.UNSPECIFIED.);
#2433=B_SPLINE_CURVE_WITH_KNOTS('',1,(#6199,#6200),.UNSPECIFIED.,.F.,.F.,
(2,2),(35.2024156599277,35.6736545580248),.UNSPECIFIED.);
#2434=B_SPLINE_CURVE_WITH_KNOTS('',1,(#6203,#6204),.UNSPECIFIED.,.F.,.F.,
(2,2),(0.,0.200080552851828),.UNSPECIFIED.);
#2435=B_SPLINE_CURVE_WITH_KNOTS('',1,(#6276,#6277),.UNSPECIFIED.,.F.,.F.,
(2,2),(-8.1,-8.025),.UNSPECIFIED.);
#2436=B_SPLINE_CURVE_WITH_KNOTS('',1,(#6278,#6279),.UNSPECIFIED.,.F.,.F.,
(2,2),(-8.1,-8.025),.UNSPECIFIED.);
#2437=B_SPLINE_CURVE_WITH_KNOTS('',1,(#6280,#6281),.UNSPECIFIED.,.F.,.F.,
(2,2),(-1.3,-0.649447676220465),.UNSPECIFIED.);
#2438=B_SPLINE_CURVE_WITH_KNOTS('',1,(#6282,#6283),.UNSPECIFIED.,.F.,.F.,
(2,2),(0.,1.2),.UNSPECIFIED.);
#2439=B_SPLINE_CURVE_WITH_KNOTS('',1,(#6284,#6285),.UNSPECIFIED.,.F.,.F.,
(2,2),(-1.3,-0.649447676220465),.UNSPECIFIED.);
#2440=B_SPLINE_CURVE_WITH_KNOTS('',1,(#6286,#6287),.UNSPECIFIED.,.F.,.F.,
(2,2),(-1.3,-0.649447676220465),.UNSPECIFIED.);
#2441=B_SPLINE_CURVE_WITH_KNOTS('',1,(#6288,#6289),.UNSPECIFIED.,.F.,.F.,
(2,2),(3.475,4.6),.UNSPECIFIED.);
#2442=B_SPLINE_CURVE_WITH_KNOTS('',1,(#6290,#6291),.UNSPECIFIED.,.F.,.F.,
(2,2),(3.475,4.6),.UNSPECIFIED.);
#2443=B_SPLINE_CURVE_WITH_KNOTS('',1,(#6292,#6293),.UNSPECIFIED.,.F.,.F.,
(2,2),(-0.865370879822,-0.149447676220467),.UNSPECIFIED.);
#2444=B_SPLINE_CURVE_WITH_KNOTS('',1,(#6294,#6295),.UNSPECIFIED.,.F.,.F.,
(2,2),(0.,2.277654673853),.UNSPECIFIED.);
#2445=B_SPLINE_CURVE_WITH_KNOTS('',1,(#6296,#6297),.UNSPECIFIED.,.F.,.F.,
(2,2),(0.,2.277654673853),.UNSPECIFIED.);
#2446=B_SPLINE_CURVE_WITH_KNOTS('',1,(#6298,#6299),.UNSPECIFIED.,.F.,.F.,
(2,2),(-0.715923203601533,0.),.UNSPECIFIED.);
#2447=B_SPLINE_CURVE_WITH_KNOTS('',1,(#6305,#6306),.UNSPECIFIED.,.F.,.F.,
(2,2),(1.570796326795,4.08617819988332),.UNSPECIFIED.);
#2448=B_SPLINE_CURVE_WITH_KNOTS('',1,(#6310,#6311),.UNSPECIFIED.,.F.,.F.,
(2,2),(4.08617819987268,4.712388980385),.UNSPECIFIED.);
#2449=B_SPLINE_CURVE_WITH_KNOTS('',1,(#6312,#6313),.UNSPECIFIED.,.F.,.F.,
(2,2),(-1.3,-0.649447676220465),.UNSPECIFIED.);
#2450=B_SPLINE_CURVE_WITH_KNOTS('',1,(#6314,#6315),.UNSPECIFIED.,.F.,.F.,
(2,2),(-0.325,0.),.UNSPECIFIED.);
#2451=B_SPLINE_CURVE_WITH_KNOTS('',3,(#6316,#6317,#6318,#6319),
 .UNSPECIFIED.,.F.,.F.,(4,4),(-0.300226954112,0.),.UNSPECIFIED.);
#2452=B_SPLINE_CURVE_WITH_KNOTS('',1,(#6323,#6324),.UNSPECIFIED.,.F.,.F.,
(2,2),(0.,0.276012765809),.UNSPECIFIED.);
#2453=B_SPLINE_CURVE_WITH_KNOTS('',1,(#6328,#6329),.UNSPECIFIED.,.F.,.F.,
(2,2),(0.,0.300226954145),.UNSPECIFIED.);
#2454=B_SPLINE_CURVE_WITH_KNOTS('',1,(#6330,#6331),.UNSPECIFIED.,.F.,.F.,
(2,2),(-0.325,0.),.UNSPECIFIED.);
#2455=B_SPLINE_CURVE_WITH_KNOTS('',1,(#6332,#6333),.UNSPECIFIED.,.F.,.F.,
(2,2),(0.649447676220465,1.3),.UNSPECIFIED.);
#2456=B_SPLINE_CURVE_WITH_KNOTS('',1,(#6334,#6335),.UNSPECIFIED.,.F.,.F.,
(2,2),(-1.6546,-0.7046),.UNSPECIFIED.);
#2457=B_SPLINE_CURVE_WITH_KNOTS('',1,(#6336,#6337),.UNSPECIFIED.,.F.,.F.,
(2,2),(-1.6546,-0.7046),.UNSPECIFIED.);
#2458=B_SPLINE_CURVE_WITH_KNOTS('',1,(#6338,#6339),.UNSPECIFIED.,.F.,.F.,
(2,2),(0.649447676220465,1.3),.UNSPECIFIED.);
#2459=B_SPLINE_CURVE_WITH_KNOTS('',1,(#6340,#6341),.UNSPECIFIED.,.F.,.F.,
(2,2),(0.649447676220465,1.3),.UNSPECIFIED.);
#2460=B_SPLINE_CURVE_WITH_KNOTS('',1,(#6342,#6343),.UNSPECIFIED.,.F.,.F.,
(2,2),(0.,1.2),.UNSPECIFIED.);
#2461=B_SPLINE_CURVE_WITH_KNOTS('',1,(#6344,#6345),.UNSPECIFIED.,.F.,.F.,
(2,2),(0.649447676220465,1.3),.UNSPECIFIED.);
#2462=B_SPLINE_CURVE_WITH_KNOTS('',1,(#6346,#6347),.UNSPECIFIED.,.F.,.F.,
(2,2),(-2.875,-2.80077421683335),.UNSPECIFIED.);
#2463=B_SPLINE_CURVE_WITH_KNOTS('',1,(#6348,#6349),.UNSPECIFIED.,.F.,.F.,
(2,2),(-2.875,-2.80077421683335),.UNSPECIFIED.);
#2464=B_SPLINE_CURVE_WITH_KNOTS('',1,(#6350,#6351),.UNSPECIFIED.,.F.,.F.,
(2,2),(0.,1.12577421683335),.UNSPECIFIED.);
#2465=B_SPLINE_CURVE_WITH_KNOTS('',3,(#6352,#6353,#6354,#6355),
 .UNSPECIFIED.,.F.,.F.,(4,4),(0.,1.12577421683335),.UNSPECIFIED.);
#2466=B_SPLINE_CURVE_WITH_KNOTS('',1,(#6356,#6357),.UNSPECIFIED.,.F.,.F.,
(2,2),(2.80077421683335,2.875),.UNSPECIFIED.);
#2467=B_SPLINE_CURVE_WITH_KNOTS('',1,(#6358,#6359),.UNSPECIFIED.,.F.,.F.,
(2,2),(2.80077421683335,2.875),.UNSPECIFIED.);
#2468=B_SPLINE_CURVE_WITH_KNOTS('',1,(#6360,#6361),.UNSPECIFIED.,.F.,.F.,
(2,2),(-1.3,-0.649447676220465),.UNSPECIFIED.);
#2469=B_SPLINE_CURVE_WITH_KNOTS('',1,(#6362,#6363),.UNSPECIFIED.,.F.,.F.,
(2,2),(0.,1.2),.UNSPECIFIED.);
#2470=B_SPLINE_CURVE_WITH_KNOTS('',1,(#6364,#6365),.UNSPECIFIED.,.F.,.F.,
(2,2),(-1.3,-0.649447676220465),.UNSPECIFIED.);
#2471=B_SPLINE_CURVE_WITH_KNOTS('',1,(#6366,#6367),.UNSPECIFIED.,.F.,.F.,
(2,2),(-1.3,-0.649447676220465),.UNSPECIFIED.);
#2472=B_SPLINE_CURVE_WITH_KNOTS('',1,(#6368,#6369),.UNSPECIFIED.,.F.,.F.,
(2,2),(-1.12577421683335,0.),.UNSPECIFIED.);
#2473=B_SPLINE_CURVE_WITH_KNOTS('',1,(#6370,#6371),.UNSPECIFIED.,.F.,.F.,
(2,2),(-1.12577421683335,0.),.UNSPECIFIED.);
#2474=B_SPLINE_CURVE_WITH_KNOTS('',1,(#6372,#6373),.UNSPECIFIED.,.F.,.F.,
(2,2),(-1.3,-0.649447676220465),.UNSPECIFIED.);
#2475=B_SPLINE_CURVE_WITH_KNOTS('',1,(#6374,#6375),.UNSPECIFIED.,.F.,.F.,
(2,2),(-0.3,0.),.UNSPECIFIED.);
#2476=B_SPLINE_CURVE_WITH_KNOTS('',1,(#6376,#6377),.UNSPECIFIED.,.F.,.F.,
(2,2),(-0.300000000144,0.),.UNSPECIFIED.);
#2477=B_SPLINE_CURVE_WITH_KNOTS('',1,(#6378,#6379),.UNSPECIFIED.,.F.,.F.,
(2,2),(0.,0.1),.UNSPECIFIED.);
#2478=B_SPLINE_CURVE_WITH_KNOTS('',1,(#6380,#6381),.UNSPECIFIED.,.F.,.F.,
(2,2),(0.,0.300000000144),.UNSPECIFIED.);
#2479=B_SPLINE_CURVE_WITH_KNOTS('',1,(#6382,#6383),.UNSPECIFIED.,.F.,.F.,
(2,2),(-0.3,0.),.UNSPECIFIED.);
#2480=B_SPLINE_CURVE_WITH_KNOTS('',1,(#6384,#6385),.UNSPECIFIED.,.F.,.F.,
(2,2),(0.649447676220465,1.3),.UNSPECIFIED.);
#2481=B_SPLINE_CURVE_WITH_KNOTS('',1,(#6386,#6387),.UNSPECIFIED.,.F.,.F.,
(2,2),(-1.19343080731557,-0.493430807315573),.UNSPECIFIED.);
#2482=B_SPLINE_CURVE_WITH_KNOTS('',1,(#6388,#6389),.UNSPECIFIED.,.F.,.F.,
(2,2),(-1.19343080731557,-0.493430807315573),.UNSPECIFIED.);
#2483=B_SPLINE_CURVE_WITH_KNOTS('',1,(#6395,#6396),.UNSPECIFIED.,.F.,.F.,
(2,2),(2.19423821516098,4.712388980385),.UNSPECIFIED.);
#2484=B_SPLINE_CURVE_WITH_KNOTS('',1,(#6399,#6400),.UNSPECIFIED.,.F.,.F.,
(2,2),(0.149447676220464,0.865370879822),.UNSPECIFIED.);
#2485=B_SPLINE_CURVE_WITH_KNOTS('',1,(#6401,#6402),.UNSPECIFIED.,.F.,.F.,
(2,2),(0.,2.277654673853),.UNSPECIFIED.);
#2486=B_SPLINE_CURVE_WITH_KNOTS('',1,(#6403,#6404),.UNSPECIFIED.,.F.,.F.,
(2,2),(0.,2.277654673853),.UNSPECIFIED.);
#2487=B_SPLINE_CURVE_WITH_KNOTS('',1,(#6407,#6408),.UNSPECIFIED.,.F.,.F.,
(2,2),(0.,0.715923203601536),.UNSPECIFIED.);
#2488=B_SPLINE_CURVE_WITH_KNOTS('',1,(#6412,#6413),.UNSPECIFIED.,.F.,.F.,
(2,2),(1.570796326795,2.19423821516967),.UNSPECIFIED.);
#2489=B_SPLINE_CURVE_WITH_KNOTS('',1,(#6414,#6415),.UNSPECIFIED.,.F.,.F.,
(2,2),(0.,0.715923203601536),.UNSPECIFIED.);
#2490=B_SPLINE_CURVE_WITH_KNOTS('',1,(#6416,#6417),.UNSPECIFIED.,.F.,.F.,
(2,2),(0.,2.277654673853),.UNSPECIFIED.);
#2491=B_SPLINE_CURVE_WITH_KNOTS('',1,(#6418,#6419),.UNSPECIFIED.,.F.,.F.,
(2,2),(0.,2.277654673853),.UNSPECIFIED.);
#2492=B_SPLINE_CURVE_WITH_KNOTS('',1,(#6420,#6421),.UNSPECIFIED.,.F.,.F.,
(2,2),(0.149447676220464,0.865370879822),.UNSPECIFIED.);
#2493=B_SPLINE_CURVE_WITH_KNOTS('',1,(#6427,#6428),.UNSPECIFIED.,.F.,.F.,
(2,2),(1.570796326795,4.08340426551958),.UNSPECIFIED.);
#2494=B_SPLINE_CURVE_WITH_KNOTS('',1,(#6432,#6433),.UNSPECIFIED.,.F.,.F.,
(2,2),(4.08340426550682,4.712388980385),.UNSPECIFIED.);
#2495=B_SPLINE_CURVE_WITH_KNOTS('',3,(#6434,#6435,#6436,#6437),
 .UNSPECIFIED.,.F.,.F.,(4,4),(-0.649447676220466,-0.149447676220466),
 .UNSPECIFIED.);
#2496=B_SPLINE_CURVE_WITH_KNOTS('',1,(#6438,#6439),.UNSPECIFIED.,.F.,.F.,
(2,2),(0.499894851961001,0.509894851961),.UNSPECIFIED.);
#2497=B_SPLINE_CURVE_WITH_KNOTS('',1,(#6440,#6441),.UNSPECIFIED.,.F.,.F.,
(2,2),(0.499894851961001,0.509894851961),.UNSPECIFIED.);
#2498=B_SPLINE_CURVE_WITH_KNOTS('',1,(#6442,#6443),.UNSPECIFIED.,.F.,.F.,
(2,2),(0.,1.),.UNSPECIFIED.);
#2499=B_SPLINE_CURVE_WITH_KNOTS('',1,(#6444,#6445),.UNSPECIFIED.,.F.,.F.,
(2,2),(0.,1.),.UNSPECIFIED.);
#2500=B_SPLINE_CURVE_WITH_KNOTS('',1,(#6448,#6449),.UNSPECIFIED.,.F.,.F.,
(2,2),(-0.825,0.),.UNSPECIFIED.);
#2501=B_SPLINE_CURVE_WITH_KNOTS('',1,(#6450,#6451),.UNSPECIFIED.,.F.,.F.,
(2,2),(0.,1.5),.UNSPECIFIED.);
#2502=B_SPLINE_CURVE_WITH_KNOTS('',1,(#6452,#6453),.UNSPECIFIED.,.F.,.F.,
(2,2),(-3.89,-3.055),.UNSPECIFIED.);
#2503=B_SPLINE_CURVE_WITH_KNOTS('',1,(#6454,#6455),.UNSPECIFIED.,.F.,.F.,
(2,2),(-3.89,-3.055),.UNSPECIFIED.);
#2504=B_SPLINE_CURVE_WITH_KNOTS('',1,(#6456,#6457),.UNSPECIFIED.,.F.,.F.,
(2,2),(0.759600000000001,1.2596),.UNSPECIFIED.);
#2505=B_SPLINE_CURVE_WITH_KNOTS('',1,(#6458,#6459),.UNSPECIFIED.,.F.,.F.,
(2,2),(-1.375,0.),.UNSPECIFIED.);
#2506=B_SPLINE_CURVE_WITH_KNOTS('',1,(#6460,#6461),.UNSPECIFIED.,.F.,.F.,
(2,2),(-1.375,0.),.UNSPECIFIED.);
#2507=B_SPLINE_CURVE_WITH_KNOTS('',1,(#6462,#6463),.UNSPECIFIED.,.F.,.F.,
(2,2),(-1.5,0.),.UNSPECIFIED.);
#2508=B_SPLINE_CURVE_WITH_KNOTS('',1,(#6464,#6465),.UNSPECIFIED.,.F.,.F.,
(2,2),(-1.365,0.),.UNSPECIFIED.);
#2509=B_SPLINE_CURVE_WITH_KNOTS('',1,(#6466,#6467),.UNSPECIFIED.,.F.,.F.,
(2,2),(-1.365,0.),.UNSPECIFIED.);
#2510=B_SPLINE_CURVE_WITH_KNOTS('',1,(#6468,#6469),.UNSPECIFIED.,.F.,.F.,
(2,2),(0.,1.),.UNSPECIFIED.);
#2511=B_SPLINE_CURVE_WITH_KNOTS('',1,(#6470,#6471),.UNSPECIFIED.,.F.,.F.,
(2,2),(0.,1.),.UNSPECIFIED.);
#2512=B_SPLINE_CURVE_WITH_KNOTS('',1,(#6472,#6473),.UNSPECIFIED.,.F.,.F.,
(2,2),(0.,0.00999999999999893),.UNSPECIFIED.);
#2513=B_SPLINE_CURVE_WITH_KNOTS('',1,(#6474,#6475),.UNSPECIFIED.,.F.,.F.,
(2,2),(0.,0.00999999999999893),.UNSPECIFIED.);
#2514=B_SPLINE_CURVE_WITH_KNOTS('',1,(#6476,#6477),.UNSPECIFIED.,.F.,.F.,
(2,2),(-2.974705148039,-2.294494851961),.UNSPECIFIED.);
#2515=B_SPLINE_CURVE_WITH_KNOTS('',1,(#6478,#6479),.UNSPECIFIED.,.F.,.F.,
(2,2),(0.844549575622106,0.9),.UNSPECIFIED.);
#2516=B_SPLINE_CURVE_WITH_KNOTS('',1,(#6480,#6481),.UNSPECIFIED.,.F.,.F.,
(2,2),(0.844549575622106,0.9),.UNSPECIFIED.);
#2517=B_SPLINE_CURVE_WITH_KNOTS('',1,(#6482,#6483),.UNSPECIFIED.,.F.,.F.,
(2,2),(0.,0.680210296078),.UNSPECIFIED.);
#2518=B_SPLINE_CURVE_WITH_KNOTS('',1,(#6484,#6485),.UNSPECIFIED.,.F.,.F.,
(2,2),(0.,0.680210296078),.UNSPECIFIED.);
#2519=B_SPLINE_CURVE_WITH_KNOTS('',1,(#6486,#6487),.UNSPECIFIED.,.F.,.F.,
(2,2),(0.,0.055450424377894),.UNSPECIFIED.);
#2520=B_SPLINE_CURVE_WITH_KNOTS('',1,(#6488,#6489),.UNSPECIFIED.,.F.,.F.,
(2,2),(0.,0.055450424377894),.UNSPECIFIED.);
#2521=B_SPLINE_CURVE_WITH_KNOTS('',3,(#6490,#6491,#6492,#6493),
 .UNSPECIFIED.,.F.,.F.,(4,4),(0.149447676220466,0.649447676220466),
 .UNSPECIFIED.);
#2522=B_SPLINE_CURVE_WITH_KNOTS('',1,(#6494,#6495),.UNSPECIFIED.,.F.,.F.,
(2,2),(-0.981569192684429,-0.975000000000001),.UNSPECIFIED.);
#2523=B_SPLINE_CURVE_WITH_KNOTS('',1,(#6496,#6497),.UNSPECIFIED.,.F.,.F.,
(2,2),(-0.981569192684429,-0.975000000000001),.UNSPECIFIED.);
#2524=B_SPLINE_CURVE_WITH_KNOTS('',1,(#6500,#6501),.UNSPECIFIED.,.F.,.F.,
(2,2),(0.,0.00656919268442712),.UNSPECIFIED.);
#2525=B_SPLINE_CURVE_WITH_KNOTS('',1,(#6502,#6503),.UNSPECIFIED.,.F.,.F.,
(2,2),(0.,0.00656919268442712),.UNSPECIFIED.);
#2526=B_SPLINE_CURVE_WITH_KNOTS('',1,(#6504,#6505),.UNSPECIFIED.,.F.,.F.,
(2,2),(-1.2596,-0.759600000000001),.UNSPECIFIED.);
#2527=B_SPLINE_CURVE_WITH_KNOTS('',1,(#6506,#6507),.UNSPECIFIED.,.F.,.F.,
(2,2),(0.496464044645428,0.509894851961),.UNSPECIFIED.);
#2528=B_SPLINE_CURVE_WITH_KNOTS('',1,(#6508,#6509),.UNSPECIFIED.,.F.,.F.,
(2,2),(0.496464044645428,0.509894851961),.UNSPECIFIED.);
#2529=B_SPLINE_CURVE_WITH_KNOTS('',1,(#6510,#6511),.UNSPECIFIED.,.F.,.F.,
(2,2),(-1.,0.),.UNSPECIFIED.);
#2530=B_SPLINE_CURVE_WITH_KNOTS('',1,(#6512,#6513),.UNSPECIFIED.,.F.,.F.,
(2,2),(-1.,0.),.UNSPECIFIED.);
#2531=B_SPLINE_CURVE_WITH_KNOTS('',1,(#6514,#6515),.UNSPECIFIED.,.F.,.F.,
(2,2),(-0.825,0.),.UNSPECIFIED.);
#2532=B_SPLINE_CURVE_WITH_KNOTS('',1,(#6516,#6517),.UNSPECIFIED.,.F.,.F.,
(2,2),(-0.825,0.),.UNSPECIFIED.);
#2533=B_SPLINE_CURVE_WITH_KNOTS('',1,(#6518,#6519),.UNSPECIFIED.,.F.,.F.,
(2,2),(-1.5,0.),.UNSPECIFIED.);
#2534=B_SPLINE_CURVE_WITH_KNOTS('',1,(#6520,#6521),.UNSPECIFIED.,.F.,.F.,
(2,2),(-3.5,-2.66156919268443),.UNSPECIFIED.);
#2535=B_SPLINE_CURVE_WITH_KNOTS('',1,(#6522,#6523),.UNSPECIFIED.,.F.,.F.,
(2,2),(-3.5,-2.66156919268443),.UNSPECIFIED.);
#2536=B_SPLINE_CURVE_WITH_KNOTS('',1,(#6526,#6527),.UNSPECIFIED.,.F.,.F.,
(2,2),(-0.200080552851828,0.),.UNSPECIFIED.);
#2537=B_SPLINE_CURVE_WITH_KNOTS('',1,(#6528,#6529),.UNSPECIFIED.,.F.,.F.,
(2,2),(-17.5012388978571,-8.60123889785706),.UNSPECIFIED.);
#2538=B_SPLINE_CURVE_WITH_KNOTS('',1,(#6532,#6533),.UNSPECIFIED.,.F.,.F.,
(2,2),(0.,0.200080552851828),.UNSPECIFIED.);
#2539=B_SPLINE_CURVE_WITH_KNOTS('',1,(#6534,#6535),.UNSPECIFIED.,.F.,.F.,
(2,2),(-8.9,0.),.UNSPECIFIED.);
#2540=B_SPLINE_CURVE_WITH_KNOTS('',1,(#6538,#6539),.UNSPECIFIED.,.F.,.F.,
(2,2),(1.70008055285183,1.84952822907229),.UNSPECIFIED.);
#2541=B_SPLINE_CURVE_WITH_KNOTS('',1,(#6543,#6544),.UNSPECIFIED.,.F.,.F.,
(2,2),(-17.5012388978571,-8.60123889785706),.UNSPECIFIED.);
#2542=B_SPLINE_CURVE_WITH_KNOTS('',1,(#6547,#6548),.UNSPECIFIED.,.F.,.F.,
(2,2),(-1.84952822907229,-1.70008055285183),.UNSPECIFIED.);
#2543=B_SPLINE_CURVE_WITH_KNOTS('',1,(#6549,#6550),.UNSPECIFIED.,.F.,.F.,
(2,2),(-8.9,0.),.UNSPECIFIED.);
#2544=B_SPLINE_CURVE_WITH_KNOTS('',1,(#6553,#6554),.UNSPECIFIED.,.F.,.F.,
(2,2),(1.70008055285183,1.84952822907229),.UNSPECIFIED.);
#2545=B_SPLINE_CURVE_WITH_KNOTS('',1,(#6558,#6559),.UNSPECIFIED.,.F.,.F.,
(2,2),(-20.3286722860881,-17.5012388978571),.UNSPECIFIED.);
#2546=B_SPLINE_CURVE_WITH_KNOTS('',1,(#6560,#6561),.UNSPECIFIED.,.F.,.F.,
(2,2),(1.70008055285183,1.84952822907229),.UNSPECIFIED.);
#2547=B_SPLINE_CURVE_WITH_KNOTS('',1,(#6562,#6563),.UNSPECIFIED.,.F.,.F.,
(2,2),(-3.14159265359,0.),.UNSPECIFIED.);
#2548=B_SPLINE_CURVE_WITH_KNOTS('',1,(#6564,#6565),.UNSPECIFIED.,.F.,.F.,
(2,2),(0.,0.200080552851828),.UNSPECIFIED.);
#2549=B_SPLINE_CURVE_WITH_KNOTS('',1,(#6566,#6567),.UNSPECIFIED.,.F.,.F.,
(2,2),(-20.3286722860881,-17.5012388978571),.UNSPECIFIED.);
#2550=B_SPLINE_CURVE_WITH_KNOTS('',1,(#6570,#6571),.UNSPECIFIED.,.F.,.F.,
(2,2),(0.,0.200080552851828),.UNSPECIFIED.);
#2551=B_SPLINE_CURVE_WITH_KNOTS('',1,(#6572,#6573),.UNSPECIFIED.,.F.,.F.,
(2,2),(-8.500008236768,-5.672574848537),.UNSPECIFIED.);
#2552=B_SPLINE_CURVE_WITH_KNOTS('',1,(#6576,#6577),.UNSPECIFIED.,.F.,.F.,
(2,2),(1.70008055285183,1.84952822907229),.UNSPECIFIED.);
#2553=B_SPLINE_CURVE_WITH_KNOTS('',1,(#6581,#6582),.UNSPECIFIED.,.F.,.F.,
(2,2),(-27.4130364420791,-24.2186722860881),.UNSPECIFIED.);
#2554=B_SPLINE_CURVE_WITH_KNOTS('',1,(#6585,#6586),.UNSPECIFIED.,.F.,.F.,
(2,2),(-1.84952822907229,-1.70008055285183),.UNSPECIFIED.);
#2555=B_SPLINE_CURVE_WITH_KNOTS('',1,(#6587,#6588),.UNSPECIFIED.,.F.,.F.,
(2,2),(-3.194364156174,0.),.UNSPECIFIED.);
#2556=B_SPLINE_CURVE_WITH_KNOTS('',1,(#6591,#6592),.UNSPECIFIED.,.F.,.F.,
(2,2),(-0.200080552851828,0.),.UNSPECIFIED.);
#2557=B_SPLINE_CURVE_WITH_KNOTS('',1,(#6593,#6594),.UNSPECIFIED.,.F.,.F.,
(2,2),(-27.4130364420791,-24.2186722860881),.UNSPECIFIED.);
#2558=B_SPLINE_CURVE_WITH_KNOTS('',1,(#6597,#6598),.UNSPECIFIED.,.F.,.F.,
(2,2),(0.,0.200080552851829),.UNSPECIFIED.);
#2559=B_SPLINE_CURVE_WITH_KNOTS('',1,(#6599,#6600),.UNSPECIFIED.,.F.,.F.,
(2,2),(-3.194364155991,0.),.UNSPECIFIED.);
#2560=B_SPLINE_CURVE_WITH_KNOTS('',1,(#6603,#6604),.UNSPECIFIED.,.F.,.F.,
(2,2),(1.70008055285183,1.84952822907229),.UNSPECIFIED.);
#2561=B_SPLINE_CURVE_WITH_KNOTS('',1,(#6608,#6609),.UNSPECIFIED.,.F.,.F.,
(2,2),(-27.7869875800527,-27.4130364420791),.UNSPECIFIED.);
#2562=B_SPLINE_CURVE_WITH_KNOTS('',1,(#6610,#6611),.UNSPECIFIED.,.F.,.F.,
(2,2),(1.70008055285183,1.84952822907229),.UNSPECIFIED.);
#2563=B_SPLINE_CURVE_WITH_KNOTS('',1,(#6612,#6613),.UNSPECIFIED.,.F.,.F.,
(2,2),(-0.63305183639,0.),.UNSPECIFIED.);
#2564=B_SPLINE_CURVE_WITH_KNOTS('',1,(#6614,#6615),.UNSPECIFIED.,.F.,.F.,
(2,2),(0.,0.200080552851829),.UNSPECIFIED.);
#2565=B_SPLINE_CURVE_WITH_KNOTS('',1,(#6616,#6617),.UNSPECIFIED.,.F.,.F.,
(2,2),(-27.7869875800527,-27.4130364420791),.UNSPECIFIED.);
#2566=B_SPLINE_CURVE_WITH_KNOTS('',1,(#6620,#6621),.UNSPECIFIED.,.F.,.F.,
(2,2),(0.,0.200080552851829),.UNSPECIFIED.);
#2567=B_SPLINE_CURVE_WITH_KNOTS('',1,(#6622,#6623,#6624,#6625,#6626),
 .UNSPECIFIED.,.F.,.F.,(2,1,1,1,2),(-1.32943707931329,-1.29590696961032,
-1.17809724509905,-1.06028752058779,-0.955485941339639),.UNSPECIFIED.);
#2568=B_SPLINE_CURVE_WITH_KNOTS('',1,(#6627,#6628),.UNSPECIFIED.,.F.,.F.,
(2,2),(0.,0.200080552851829),.UNSPECIFIED.);
#2569=B_SPLINE_CURVE_WITH_KNOTS('',1,(#6629,#6630),.UNSPECIFIED.,.F.,.F.,
(2,2),(-30.5724156601677,-27.7869875800527),.UNSPECIFIED.);
#2570=B_SPLINE_CURVE_WITH_KNOTS('',1,(#6633,#6634),.UNSPECIFIED.,.F.,.F.,
(2,2),(0.,0.200080552851828),.UNSPECIFIED.);
#2571=B_SPLINE_CURVE_WITH_KNOTS('',1,(#6635,#6636),.UNSPECIFIED.,.F.,.F.,
(2,2),(-2.785428080115,0.),.UNSPECIFIED.);
#2572=B_SPLINE_CURVE_WITH_KNOTS('',1,(#6639,#6640),.UNSPECIFIED.,.F.,.F.,
(2,2),(1.70008055285183,1.84952822907229),.UNSPECIFIED.);
#2573=B_SPLINE_CURVE_WITH_KNOTS('',1,(#6644,#6645),.UNSPECIFIED.,.F.,.F.,
(2,2),(-30.5724156601677,-27.7869875800527),.UNSPECIFIED.);
#2574=B_SPLINE_CURVE_WITH_KNOTS('',1,(#6646,#6647),.UNSPECIFIED.,.F.,.F.,
(2,2),(1.70008055285183,1.84952822907229),.UNSPECIFIED.);
#2575=B_SPLINE_CURVE_WITH_KNOTS('',1,(#6648,#6649),.UNSPECIFIED.,.F.,.F.,
(2,2),(-2.785428080115,0.),.UNSPECIFIED.);
#2576=B_SPLINE_CURVE_WITH_KNOTS('',1,(#6650,#6651),.UNSPECIFIED.,.F.,.F.,
(2,2),(0.,0.200080552851828),.UNSPECIFIED.);
#2577=B_SPLINE_CURVE_WITH_KNOTS('',1,(#6652,#6653),.UNSPECIFIED.,.F.,.F.,
(2,2),(-35.2024156599277,-30.5724156601677),.UNSPECIFIED.);
#2578=B_SPLINE_CURVE_WITH_KNOTS('',1,(#6654,#6655),.UNSPECIFIED.,.F.,.F.,
(2,2),(-0.200080552851828,0.),.UNSPECIFIED.);
#2579=B_SPLINE_CURVE_WITH_KNOTS('',1,(#6656,#6657),.UNSPECIFIED.,.F.,.F.,
(2,2),(-4.62999999976,0.),.UNSPECIFIED.);
#2580=B_SPLINE_CURVE_WITH_KNOTS('',1,(#6660,#6661),.UNSPECIFIED.,.F.,.F.,
(2,2),(1.70008055285183,1.84952822907229),.UNSPECIFIED.);
#2581=B_SPLINE_CURVE_WITH_KNOTS('',1,(#6665,#6666),.UNSPECIFIED.,.F.,.F.,
(2,2),(-35.2024156599277,-30.5724156601677),.UNSPECIFIED.);
#2582=B_SPLINE_CURVE_WITH_KNOTS('',1,(#6667,#6668),.UNSPECIFIED.,.F.,.F.,
(2,2),(1.70008055285183,1.84952822907229),.UNSPECIFIED.);
#2583=B_SPLINE_CURVE_WITH_KNOTS('',1,(#6669,#6670),.UNSPECIFIED.,.F.,.F.,
(2,2),(-4.63,0.),.UNSPECIFIED.);
#2584=B_SPLINE_CURVE_WITH_KNOTS('',1,(#6673,#6674),.UNSPECIFIED.,.F.,.F.,
(2,2),(1.70008055285183,1.84952822907229),.UNSPECIFIED.);
#2585=B_SPLINE_CURVE_WITH_KNOTS('',1,(#6680,#6681),.UNSPECIFIED.,.F.,.F.,
(2,2),(-35.6736545580248,-35.2024156599277),.UNSPECIFIED.);
#2586=B_SPLINE_CURVE_WITH_KNOTS('',1,(#6682,#6683),.UNSPECIFIED.,.F.,.F.,
(2,2),(1.70008055285183,1.84952822907229),.UNSPECIFIED.);
#2587=B_SPLINE_CURVE_WITH_KNOTS('',1,(#6684,#6685),.UNSPECIFIED.,.F.,.F.,
(2,2),(-0.785398163397,0.),.UNSPECIFIED.);
#2588=B_SPLINE_CURVE_WITH_KNOTS('',1,(#6686,#6687),.UNSPECIFIED.,.F.,.F.,
(2,2),(0.,0.200080552851828),.UNSPECIFIED.);
#2589=B_SPLINE_CURVE_WITH_KNOTS('',1,(#6688,#6689),.UNSPECIFIED.,.F.,.F.,
(2,2),(-36.6486545580248,-35.6736545580248),.UNSPECIFIED.);
#2590=B_SPLINE_CURVE_WITH_KNOTS('',1,(#6692,#6693),.UNSPECIFIED.,.F.,.F.,
(2,2),(0.,0.200080552851828),.UNSPECIFIED.);
#2591=B_SPLINE_CURVE_WITH_KNOTS('',1,(#6694,#6695),.UNSPECIFIED.,.F.,.F.,
(2,2),(-0.975,0.),.UNSPECIFIED.);
#2592=B_SPLINE_CURVE_WITH_KNOTS('',1,(#6698,#6699),.UNSPECIFIED.,.F.,.F.,
(2,2),(1.70008055285183,1.84952822907229),.UNSPECIFIED.);
#2593=B_SPLINE_CURVE_WITH_KNOTS('',1,(#6703,#6704),.UNSPECIFIED.,.F.,.F.,
(2,2),(-36.6486545580248,-35.6736545580248),.UNSPECIFIED.);
#2594=B_SPLINE_CURVE_WITH_KNOTS('',1,(#6705,#6706),.UNSPECIFIED.,.F.,.F.,
(2,2),(1.70008055285183,1.84952822907229),.UNSPECIFIED.);
#2595=B_SPLINE_CURVE_WITH_KNOTS('',1,(#6707,#6708),.UNSPECIFIED.,.F.,.F.,
(2,2),(-0.975000000000001,0.),.UNSPECIFIED.);
#2596=B_SPLINE_CURVE_WITH_KNOTS('',3,(#6709,#6710,#6711,#6712),
 .UNSPECIFIED.,.F.,.F.,(4,4),(1.570796326795,2.19423821516967),
 .UNSPECIFIED.);
#2597=B_SPLINE_CURVE_WITH_KNOTS('',3,(#6713,#6714,#6715,#6716),
 .UNSPECIFIED.,.F.,.F.,(4,4),(4.08340426550682,4.712388980385),
 .UNSPECIFIED.);
#2598=B_SPLINE_CURVE_WITH_KNOTS('',1,(#6717,#6718),.UNSPECIFIED.,.F.,.F.,
(2,2),(1.70523361557136,2.80077421683335),.UNSPECIFIED.);
#2599=B_SPLINE_CURVE_WITH_KNOTS('',1,(#6719,#6720),.UNSPECIFIED.,.F.,.F.,
(2,2),(1.70523361557136,2.80077421683335),.UNSPECIFIED.);
#2600=B_SPLINE_CURVE_WITH_KNOTS('',1,(#6721,#6722),.UNSPECIFIED.,.F.,.F.,
(2,2),(-7.76280809054149,-6.08280809054149),.UNSPECIFIED.);
#2601=B_SPLINE_CURVE_WITH_KNOTS('',1,(#6723,#6724),.UNSPECIFIED.,.F.,.F.,
(2,2),(8.07922578316665,9.1698896881954),.UNSPECIFIED.);
#2602=B_SPLINE_CURVE_WITH_KNOTS('',1,(#6725,#6726),.UNSPECIFIED.,.F.,.F.,
(2,2),(8.07922578316665,9.1698896881954),.UNSPECIFIED.);
#2603=B_SPLINE_CURVE_WITH_KNOTS('',1,(#6727,#6728),.UNSPECIFIED.,.F.,.F.,
(2,2),(-1.12577421683335,0.),.UNSPECIFIED.);
#2604=B_SPLINE_CURVE_WITH_KNOTS('',1,(#6729,#6730),.UNSPECIFIED.,.F.,.F.,
(2,2),(-1.19343080731557,-0.493430807315573),.UNSPECIFIED.);
#2605=B_SPLINE_CURVE_WITH_KNOTS('',1,(#6731,#6732),.UNSPECIFIED.,.F.,.F.,
(2,2),(0.,1.12577421683335),.UNSPECIFIED.);
#2606=B_SPLINE_CURVE_WITH_KNOTS('',1,(#6733,#6734),.UNSPECIFIED.,.F.,.F.,
(2,2),(11.3665691926844,12.0665691926844),.UNSPECIFIED.);
#2607=B_SPLINE_CURVE_WITH_KNOTS('',1,(#6735,#6736),.UNSPECIFIED.,.F.,.F.,
(2,2),(11.3665691926844,12.0665691926844),.UNSPECIFIED.);
#2608=B_SPLINE_CURVE_WITH_KNOTS('',1,(#6737,#6738),.UNSPECIFIED.,.F.,.F.,
(2,2),(0.,0.149447676220466),.UNSPECIFIED.);
#2609=B_SPLINE_CURVE_WITH_KNOTS('',1,(#6742,#6743),.UNSPECIFIED.,.F.,.F.,
(2,2),(-6.08280809054149,-6.07623889785706),.UNSPECIFIED.);
#2610=B_SPLINE_CURVE_WITH_KNOTS('',1,(#6744,#6745),.UNSPECIFIED.,.F.,.F.,
(2,2),(1.70008055285183,1.84952822907229),.UNSPECIFIED.);
#2611=B_SPLINE_CURVE_WITH_KNOTS('',1,(#6746,#6747),.UNSPECIFIED.,.F.,.F.,
(2,2),(-0.981569192684429,-0.975000000000001),.UNSPECIFIED.);
#2612=B_SPLINE_CURVE_WITH_KNOTS('',1,(#6748,#6749),.UNSPECIFIED.,.F.,.F.,
(2,2),(-1.84952822907229,-1.70008055285183),.UNSPECIFIED.);
#2613=B_SPLINE_CURVE_WITH_KNOTS('',1,(#6755,#6756),.UNSPECIFIED.,.F.,.F.,
(2,2),(-8.60123889785706,-7.76280809054149),.UNSPECIFIED.);
#2614=B_SPLINE_CURVE_WITH_KNOTS('',1,(#6757,#6758),.UNSPECIFIED.,.F.,.F.,
(2,2),(1.70008055285183,1.84952822907229),.UNSPECIFIED.);
#2615=B_SPLINE_CURVE_WITH_KNOTS('',1,(#6759,#6760),.UNSPECIFIED.,.F.,.F.,
(2,2),(-3.5,-2.66156919268443),.UNSPECIFIED.);
#2616=B_SPLINE_CURVE_WITH_KNOTS('',3,(#6761,#6762,#6763,#6764),
 .UNSPECIFIED.,.F.,.F.,(4,4),(0.496464044645428,0.509894851961),
 .UNSPECIFIED.);
#2617=B_SPLINE_CURVE_WITH_KNOTS('',1,(#6765,#6766),.UNSPECIFIED.,.F.,.F.,
(2,2),(0.35553097722972,1.20008055285183),.UNSPECIFIED.);
#2618=B_SPLINE_CURVE_WITH_KNOTS('',1,(#6767,#6768),.UNSPECIFIED.,.F.,.F.,
(2,2),(7.26634404589606,7.76280809054149),.UNSPECIFIED.);
#2619=B_SPLINE_CURVE_WITH_KNOTS('',3,(#6769,#6770,#6771,#6772),
 .UNSPECIFIED.,.F.,.F.,(4,4),(0.,0.055450424377894),.UNSPECIFIED.);
#2620=B_SPLINE_CURVE_WITH_KNOTS('',1,(#6773,#6774),.UNSPECIFIED.,.F.,.F.,
(2,2),(0.,0.680210296078),.UNSPECIFIED.);
#2621=B_SPLINE_CURVE_WITH_KNOTS('',3,(#6775,#6776,#6777,#6778),
 .UNSPECIFIED.,.F.,.F.,(4,4),(0.844549575622106,0.9),.UNSPECIFIED.);
#2622=B_SPLINE_CURVE_WITH_KNOTS('',1,(#6779,#6780),.UNSPECIFIED.,.F.,.F.,
(2,2),(6.08280809054149,6.58613374981806),.UNSPECIFIED.);
#2623=B_SPLINE_CURVE_WITH_KNOTS('',1,(#6781,#6782),.UNSPECIFIED.,.F.,.F.,
(2,2),(0.649447676220466,1.49399725184257),.UNSPECIFIED.);
#2624=B_SPLINE_CURVE_WITH_KNOTS('',3,(#6783,#6784,#6785,#6786),
 .UNSPECIFIED.,.F.,.F.,(4,4),(0.,0.00656919268442712),.UNSPECIFIED.);
#2625=B_SPLINE_CURVE_WITH_KNOTS('',1,(#6787,#6788),.UNSPECIFIED.,.F.,.F.,
(2,2),(0.,1.),.UNSPECIFIED.);
#2626=B_SPLINE_CURVE_WITH_KNOTS('',1,(#6789,#6790),.UNSPECIFIED.,.F.,.F.,
(2,2),(0.,0.200080552851828),.UNSPECIFIED.);
#2627=B_SPLINE_CURVE_WITH_KNOTS('',1,(#6791,#6792),.UNSPECIFIED.,.F.,.F.,
(2,2),(-8.60123889785706,-6.07623889785706),.UNSPECIFIED.);
#2628=B_SPLINE_CURVE_WITH_KNOTS('',1,(#6793,#6794),.UNSPECIFIED.,.F.,.F.,
(2,2),(-0.200080552851828,0.),.UNSPECIFIED.);
#2629=B_SPLINE_CURVE_WITH_KNOTS('',1,(#6795,#6796),.UNSPECIFIED.,.F.,.F.,
(2,2),(-0.825,0.),.UNSPECIFIED.);
#2630=B_SPLINE_CURVE_WITH_KNOTS('',1,(#6797,#6798),.UNSPECIFIED.,.F.,.F.,
(2,2),(-1.,0.),.UNSPECIFIED.);
#2631=B_SPLINE_CURVE_WITH_KNOTS('',3,(#6799,#6800,#6801,#6802),
 .UNSPECIFIED.,.F.,.F.,(4,4),(4.08617819987268,4.712388980385),
 .UNSPECIFIED.);
#2632=B_SPLINE_CURVE_WITH_KNOTS('',1,(#6803,#6804),.UNSPECIFIED.,.F.,.F.,
(2,2),(7.98690524154875,9.08),.UNSPECIFIED.);
#2633=B_SPLINE_CURVE_WITH_KNOTS('',1,(#6805,#6806),.UNSPECIFIED.,.F.,.F.,
(2,2),(7.98690524154875,9.08),.UNSPECIFIED.);
#2634=B_SPLINE_CURVE_WITH_KNOTS('',1,(#6807,#6808),.UNSPECIFIED.,.F.,.F.,
(2,2),(-23.3836722860881,-21.7036722860881),.UNSPECIFIED.);
#2635=B_SPLINE_CURVE_WITH_KNOTS('',1,(#6809,#6810),.UNSPECIFIED.,.F.,.F.,
(2,2),(1.8,2.89309475845124),.UNSPECIFIED.);
#2636=B_SPLINE_CURVE_WITH_KNOTS('',1,(#6811,#6812),.UNSPECIFIED.,.F.,.F.,
(2,2),(1.8,2.89309475845124),.UNSPECIFIED.);
#2637=B_SPLINE_CURVE_WITH_KNOTS('',3,(#6813,#6814,#6815,#6816),
 .UNSPECIFIED.,.F.,.F.,(4,4),(1.57079632679499,2.19700710730732),
 .UNSPECIFIED.);
#2638=B_SPLINE_CURVE_WITH_KNOTS('',1,(#6817,#6818),.UNSPECIFIED.,.F.,.F.,
(2,2),(-4.6,-3.475),.UNSPECIFIED.);
#2639=B_SPLINE_CURVE_WITH_KNOTS('',1,(#6819,#6820),.UNSPECIFIED.,.F.,.F.,
(2,2),(4.965,5.915),.UNSPECIFIED.);
#2640=B_SPLINE_CURVE_WITH_KNOTS('',1,(#6821,#6822),.UNSPECIFIED.,.F.,.F.,
(2,2),(4.965,5.915),.UNSPECIFIED.);
#2641=B_SPLINE_CURVE_WITH_KNOTS('',1,(#6823,#6824),.UNSPECIFIED.,.F.,.F.,
(2,2),(3.475,4.6),.UNSPECIFIED.);
#2642=B_SPLINE_CURVE_WITH_KNOTS('',3,(#6825,#6826,#6827,#6828),
 .UNSPECIFIED.,.F.,.F.,(4,4),(-1.6546,-0.7046),.UNSPECIFIED.);
#2643=B_SPLINE_CURVE_WITH_KNOTS('',3,(#6829,#6830,#6831,#6832),
 .UNSPECIFIED.,.F.,.F.,(4,4),(0.,0.149447676220466),.UNSPECIFIED.);
#2644=B_SPLINE_CURVE_WITH_KNOTS('',1,(#6838,#6839),.UNSPECIFIED.,.F.,.F.,
(2,2),(-21.7036722860881,-20.3286722860881),.UNSPECIFIED.);
#2645=B_SPLINE_CURVE_WITH_KNOTS('',1,(#6840,#6841),.UNSPECIFIED.,.F.,.F.,
(2,2),(1.70008055285183,1.84952822907229),.UNSPECIFIED.);
#2646=B_SPLINE_CURVE_WITH_KNOTS('',1,(#6842,#6843,#6844),.UNSPECIFIED.,
 .F.,.F.,(2,1,2),(-1.375,-1.36500000236684,0.),.UNSPECIFIED.);
#2647=B_SPLINE_CURVE_WITH_KNOTS('',1,(#6845,#6846),.UNSPECIFIED.,.F.,.F.,
(2,2),(-1.84952822907229,-1.70008055285183),.UNSPECIFIED.);
#2648=B_SPLINE_CURVE_WITH_KNOTS('',1,(#6852,#6853),.UNSPECIFIED.,.F.,.F.,
(2,2),(-24.2186722860881,-23.3836722860881),.UNSPECIFIED.);
#2649=B_SPLINE_CURVE_WITH_KNOTS('',3,(#6854,#6855,#6856,#6857),
 .UNSPECIFIED.,.F.,.F.,(4,4),(-0.149447676220466,0.),.UNSPECIFIED.);
#2650=B_SPLINE_CURVE_WITH_KNOTS('',1,(#6858,#6859,#6860),.UNSPECIFIED.,
 .F.,.F.,(2,1,2),(-3.89,-3.06499999764437,-3.055),.UNSPECIFIED.);
#2651=B_SPLINE_CURVE_WITH_KNOTS('',1,(#6861,#6862),.UNSPECIFIED.,.F.,.F.,
(2,2),(-1.365,0.),.UNSPECIFIED.);
#2652=B_SPLINE_CURVE_WITH_KNOTS('',1,(#6863,#6864),.UNSPECIFIED.,.F.,.F.,
(2,2),(0.,0.200080552851828),.UNSPECIFIED.);
#2653=B_SPLINE_CURVE_WITH_KNOTS('',1,(#6865,#6866),.UNSPECIFIED.,.F.,.F.,
(2,2),(-24.2186722860881,-20.3286722860881),.UNSPECIFIED.);
#2654=B_SPLINE_CURVE_WITH_KNOTS('',1,(#6867,#6868),.UNSPECIFIED.,.F.,.F.,
(2,2),(-0.200080552851828,0.),.UNSPECIFIED.);
#2655=B_SPLINE_CURVE_WITH_KNOTS('',1,(#6869,#6870),.UNSPECIFIED.,.F.,.F.,
(2,2),(-0.825,0.),.UNSPECIFIED.);
#2656=B_SPLINE_CURVE_WITH_KNOTS('',1,(#6871,#6872),.UNSPECIFIED.,.F.,.F.,
(2,2),(0.,1.),.UNSPECIFIED.);
#2657=B_SPLINE_CURVE_WITH_KNOTS('',1,(#6873,#6874),.UNSPECIFIED.,.F.,.F.,
(2,2),(0.499894851961001,0.509894851961),.UNSPECIFIED.);
#2658=B_SPLINE_CURVE_WITH_KNOTS('',3,(#6875,#6876,#6877,#6878),
 .UNSPECIFIED.,.F.,.F.,(4,4),(-1.49399725184257,-0.649447676220466),
 .UNSPECIFIED.);
#2659=B_SPLINE_CURVE_WITH_KNOTS('',1,(#6879,#6880),.UNSPECIFIED.,.F.,.F.,
(2,2),(22.8837774341271,23.3836722860881),.UNSPECIFIED.);
#2660=B_SPLINE_CURVE_WITH_KNOTS('',1,(#6881,#6882),.UNSPECIFIED.,.F.,.F.,
(2,2),(0.,0.0554504243778939),.UNSPECIFIED.);
#2661=B_SPLINE_CURVE_WITH_KNOTS('',1,(#6883,#6884),.UNSPECIFIED.,.F.,.F.,
(2,2),(0.,0.680210296078),.UNSPECIFIED.);
#2662=B_SPLINE_CURVE_WITH_KNOTS('',1,(#6885,#6886),.UNSPECIFIED.,.F.,.F.,
(2,2),(0.844549575622106,0.9),.UNSPECIFIED.);
#2663=B_SPLINE_CURVE_WITH_KNOTS('',1,(#6887,#6888),.UNSPECIFIED.,.F.,.F.,
(2,2),(21.7036722860881,22.2035671380491),.UNSPECIFIED.);
#2664=B_SPLINE_CURVE_WITH_KNOTS('',3,(#6889,#6890,#6891,#6892),
 .UNSPECIFIED.,.F.,.F.,(4,4),(0.649447676220466,1.49399725184257),
 .UNSPECIFIED.);
#2665=B_SPLINE_CURVE_WITH_KNOTS('',1,(#6893,#6894),.UNSPECIFIED.,.F.,.F.,
(2,2),(0.,0.00999999999999893),.UNSPECIFIED.);
#2666=B_SPLINE_CURVE_WITH_KNOTS('',1,(#6895,#6896),.UNSPECIFIED.,.F.,.F.,
(2,2),(0.,1.),.UNSPECIFIED.);
#2667=B_SPLINE_CURVE_WITH_KNOTS('',1,(#6897,#6898),.UNSPECIFIED.,.F.,.F.,
(2,2),(8.07922578316665,9.1698896881954),.UNSPECIFIED.);
#2668=B_SPLINE_CURVE_WITH_KNOTS('',1,(#6915,#6916),.UNSPECIFIED.,.F.,.F.,
(2,2),(7.98690524154875,9.08),.UNSPECIFIED.);
#2669=B_SPLINE_CURVE_WITH_KNOTS('',3,(#6917,#6918,#6919,#6920,#6921,#6922,
#6923,#6924,#6925,#6926,#6927,#6928,#6929,#6930,#6931,#6932,#6933,#6934,
#6935,#6936,#6937,#6938),.UNSPECIFIED.,.F.,.F.,(4,3,3,3,3,3,3,4),(1.570796326795,
1.98774735124849,2.35893836768273,2.79318810893831,3.14708040857047,3.50097270820262,
3.9352224494582,4.08617819988332),.UNSPECIFIED.);
#2670=B_SPLINE_CURVE_WITH_KNOTS('',3,(#6939,#6940,#6941,#6942,#6943,#6944,
#6945,#6946,#6947,#6948,#6949,#6950,#6951,#6952,#6953,#6954,#6955,#6956,
#6957,#6958,#6959,#6960),.UNSPECIFIED.,.F.,.F.,(4,3,3,3,3,3,3,4),(2.19700710729668,
2.3479628577218,2.78221259897741,3.13610489860953,3.48999719824166,3.92424693949727,
4.29543795593152,4.71238898038492),.UNSPECIFIED.);
#2671=B_SPLINE_CURVE_WITH_KNOTS('',1,(#6961,#6962),.UNSPECIFIED.,.F.,.F.,
(2,2),(1.8,2.89309475845124),.UNSPECIFIED.);
#2672=B_SPLINE_CURVE_WITH_KNOTS('',1,(#6991,#6992),.UNSPECIFIED.,.F.,.F.,
(2,2),(1.70523361557136,2.80077421683335),.UNSPECIFIED.);
#2673=B_SPLINE_CURVE_WITH_KNOTS('',3,(#6993,#6994,#6995,#6996,#6997,#6998,
#6999,#7000,#7001,#7002,#7003,#7004,#7005,#7006,#7007,#7008,#7009,#7010,
#7011,#7012,#7013,#7014),.UNSPECIFIED.,.F.,.F.,(4,3,3,3,3,3,3,4),(1.570796326795,
1.98773599806729,2.35891699581843,2.79315501639558,3.14703776424804,3.50092051210053,
3.93515853267766,4.08340426551958),.UNSPECIFIED.);
#2674=B_SPLINE_CURVE_WITH_KNOTS('',3,(#7015,#7016,#7017,#7018,#7019,#7020,
#7021,#7022,#7023,#7024,#7025,#7026,#7027,#7028,#7029,#7030,#7031,#7032,
#7033,#7034,#7035,#7036),.UNSPECIFIED.,.F.,.F.,(4,3,3,3,3,3,3,4),(2.19423821516098,
2.34790155664167,2.78216255643392,3.13606403122278,3.48996550601163,3.92422650580389,
4.29542714588847,4.712388980385),.UNSPECIFIED.);
#2675=B_SPLINE_CURVE_WITH_KNOTS('',3,(#7037,#7038,#7039,#7040),
 .UNSPECIFIED.,.F.,.F.,(4,4),(-2.3446,-1.3946),.UNSPECIFIED.);
#2676=B_SPLINE_CURVE_WITH_KNOTS('',1,(#7041,#7042),.UNSPECIFIED.,.F.,.F.,
(2,2),(-8.1,-8.025),.UNSPECIFIED.);
#2677=B_SPLINE_CURVE_WITH_KNOTS('',1,(#7043,#7044),.UNSPECIFIED.,.F.,.F.,
(2,2),(4.965,5.915),.UNSPECIFIED.);
#2678=B_SPLINE_CURVE_WITH_KNOTS('',3,(#7045,#7046,#7047,#7048),
 .UNSPECIFIED.,.F.,.F.,(4,4),(-1.9296,-1.85460000000001),.UNSPECIFIED.);
#2679=B_SPLINE_CURVE_WITH_KNOTS('',1,(#7049,#7050),.UNSPECIFIED.,.F.,.F.,
(2,2),(11.3665691926844,12.0665691926844),.UNSPECIFIED.);
#2680=B_SPLINE_CURVE_WITH_KNOTS('',1,(#7051,#7052),.UNSPECIFIED.,.F.,.F.,
(2,2),(-2.875,-2.80077421683335),.UNSPECIFIED.);
#2681=B_SPLINE_CURVE_WITH_KNOTS('',3,(#7053,#7054,#7055,#7056),
 .UNSPECIFIED.,.F.,.F.,(4,4),(-2.2196,-1.5196),.UNSPECIFIED.);
#2682=B_SPLINE_CURVE_WITH_KNOTS('',1,(#7057,#7058),.UNSPECIFIED.,.F.,.F.,
(2,2),(2.80077421683335,2.875),.UNSPECIFIED.);
#2683=SURFACE_CURVE('',#3257,(#901,#1296),.PCURVE_S1.);
#2684=SURFACE_CURVE('',#3258,(#902,#1325),.PCURVE_S1.);
#2685=SURFACE_CURVE('',#3259,(#903,#1155),.PCURVE_S1.);
#2686=SURFACE_CURVE('',#3260,(#904,#1329),.PCURVE_S1.);
#2687=SURFACE_CURVE('',#2037,(#905,#911),.PCURVE_S1.);
#2688=SURFACE_CURVE('',#2039,(#906,#1333),.PCURVE_S1.);
#2689=SURFACE_CURVE('',#2041,(#907,#1292),.PCURVE_S1.);
#2690=SURFACE_CURVE('',#2043,(#908,#1337),.PCURVE_S1.);
#2691=SURFACE_CURVE('',#3261,(#909,#1168),.PCURVE_S1.);
#2692=SURFACE_CURVE('',#3262,(#910,#1341),.PCURVE_S1.);
#2693=SURFACE_CURVE('',#3263,(#912,#1345),.PCURVE_S1.);
#2694=SURFACE_CURVE('',#2049,(#913,#919),.PCURVE_S1.);
#2695=SURFACE_CURVE('',#2051,(#914,#1361),.PCURVE_S1.);
#2696=SURFACE_CURVE('',#2053,(#915,#1170),.PCURVE_S1.);
#2697=SURFACE_CURVE('',#2055,(#916,#1357),.PCURVE_S1.);
#2698=SURFACE_CURVE('',#3264,(#917,#1164),.PCURVE_S1.);
#2699=SURFACE_CURVE('',#3265,(#918,#1365),.PCURVE_S1.);
#2700=SURFACE_CURVE('',#3266,(#920,#1223),.PCURVE_S1.);
#2701=SURFACE_CURVE('',#2061,(#921,#1462),.PCURVE_S1.);
#2702=SURFACE_CURVE('',#2063,(#922,#1411),.PCURVE_S1.);
#2703=SURFACE_CURVE('',#2065,(#923,#1256),.PCURVE_S1.);
#2704=SURFACE_CURVE('',#2067,(#924,#1065),.PCURVE_S1.);
#2705=SURFACE_CURVE('',#2069,(#925,#1021),.PCURVE_S1.);
#2706=SURFACE_CURVE('',#3267,(#926,#935),.PCURVE_S1.);
#2707=SURFACE_CURVE('',#2072,(#927,#1019),.PCURVE_S1.);
#2708=SURFACE_CURVE('',#2074,(#928,#1023),.PCURVE_S1.);
#2709=SURFACE_CURVE('',#3268,(#929,#1069),.PCURVE_S1.);
#2710=SURFACE_CURVE('',#2077,(#930,#1254),.PCURVE_S1.);
#2711=SURFACE_CURVE('',#2079,(#931,#976),.PCURVE_S1.);
#2712=SURFACE_CURVE('',#3269,(#932,#937),.PCURVE_S1.);
#2713=SURFACE_CURVE('',#3270,(#933,#1067),.PCURVE_S1.);
#2714=SURFACE_CURVE('',#3271,(#934,#1014),.PCURVE_S1.);
#2715=SURFACE_CURVE('',#2084,(#936,#1068),.PCURVE_S1.);
#2716=SURFACE_CURVE('',#3273,(#938,#975),.PCURVE_S1.);
#2717=SURFACE_CURVE('',#2087,(#939,#940),.PCURVE_S1.);
#2718=SURFACE_CURVE('',#3275,(#941,#974),.PCURVE_S1.);
#2719=SURFACE_CURVE('',#2091,(#942,#969),.PCURVE_S1.);
#2720=SURFACE_CURVE('',#3276,(#943,#1015),.PCURVE_S1.);
#2721=SURFACE_CURVE('',#3277,(#944,#1244),.PCURVE_S1.);
#2722=SURFACE_CURVE('',#3278,(#945,#957),.PCURVE_S1.);
#2723=SURFACE_CURVE('',#3279,(#946,#960),.PCURVE_S1.);
#2724=SURFACE_CURVE('',#3280,(#947,#955),.PCURVE_S1.);
#2725=SURFACE_CURVE('',#3281,(#948,#951),.PCURVE_S1.);
#2726=SURFACE_CURVE('',#3282,(#949,#1446),.PCURVE_S1.);
#2727=SURFACE_CURVE('',#3283,(#950,#1245),.PCURVE_S1.);
#2728=SURFACE_CURVE('',#3284,(#952,#959),.PCURVE_S1.);
#2729=SURFACE_CURVE('',#3285,(#953,#1242),.PCURVE_S1.);
#2730=SURFACE_CURVE('',#3286,(#954,#1410),.PCURVE_S1.);
#2731=SURFACE_CURVE('',#3287,(#956,#961),.PCURVE_S1.);
#2732=SURFACE_CURVE('',#3288,(#958,#1243),.PCURVE_S1.);
#2733=SURFACE_CURVE('',#3291,(#962,#979),.PCURVE_S1.);
#2734=SURFACE_CURVE('',#2110,(#963,#972),.PCURVE_S1.);
#2735=SURFACE_CURVE('',#3293,(#964,#989),.PCURVE_S1.);
#2736=SURFACE_CURVE('',#2112,(#965,#992),.PCURVE_S1.);
#2737=SURFACE_CURVE('',#3295,(#966,#1009),.PCURVE_S1.);
#2738=SURFACE_CURVE('',#2114,(#967,#1010),.PCURVE_S1.);
#2739=SURFACE_CURVE('',#3297,(#968,#1016),.PCURVE_S1.);
#2740=SURFACE_CURVE('',#2117,(#970,#1252),.PCURVE_S1.);
#2741=SURFACE_CURVE('',#2119,(#971,#984),.PCURVE_S1.);
#2742=SURFACE_CURVE('',#2122,(#973,#978),.PCURVE_S1.);
#2743=SURFACE_CURVE('',#3299,(#977,#1253),.PCURVE_S1.);
#2744=SURFACE_CURVE('',#3300,(#980,#995),.PCURVE_S1.);
#2745=SURFACE_CURVE('',#2131,(#981,#986),.PCURVE_S1.);
#2746=SURFACE_CURVE('',#2133,(#982,#1250),.PCURVE_S1.);
#2747=SURFACE_CURVE('',#3301,(#983,#1063),.PCURVE_S1.);
#2748=SURFACE_CURVE('',#3302,(#985,#1251),.PCURVE_S1.);
#2749=SURFACE_CURVE('',#3303,(#987,#994),.PCURVE_S1.);
#2750=SURFACE_CURVE('',#3304,(#988,#993),.PCURVE_S1.);
#2751=SURFACE_CURVE('',#2142,(#990,#999),.PCURVE_S1.);
#2752=SURFACE_CURVE('',#3305,(#991,#1004),.PCURVE_S1.);
#2753=SURFACE_CURVE('',#2148,(#996,#1062),.PCURVE_S1.);
#2754=SURFACE_CURVE('',#2150,(#997,#1002),.PCURVE_S1.);
#2755=SURFACE_CURVE('',#3307,(#998,#1005),.PCURVE_S1.);
#2756=SURFACE_CURVE('',#2153,(#1000,#1027),.PCURVE_S1.);
#2757=SURFACE_CURVE('',#2155,(#1001,#1006),.PCURVE_S1.);
#2758=SURFACE_CURVE('',#3309,(#1003,#1061),.PCURVE_S1.);
#2759=SURFACE_CURVE('',#3310,(#1007,#1026),.PCURVE_S1.);
#2760=SURFACE_CURVE('',#2163,(#1008,#1011),.PCURVE_S1.);
#2761=SURFACE_CURVE('',#2168,(#1012,#1025),.PCURVE_S1.);
#2762=SURFACE_CURVE('',#2170,(#1013,#1017),.PCURVE_S1.);
#2763=SURFACE_CURVE('',#3311,(#1018,#1024),.PCURVE_S1.);
#2764=SURFACE_CURVE('',#2178,(#1020,#1459),.PCURVE_S1.);
#2765=SURFACE_CURVE('',#2181,(#1022,#1070),.PCURVE_S1.);
#2766=SURFACE_CURVE('',#2186,(#1028,#1060),.PCURVE_S1.);
#2767=SURFACE_CURVE('',#2188,(#1029,#1238),.PCURVE_S1.);
#2768=SURFACE_CURVE('',#2190,(#1030,#1272),.PCURVE_S1.);
#2769=SURFACE_CURVE('',#3314,(#1031,#1101),.PCURVE_S1.);
#2770=SURFACE_CURVE('',#2193,(#1032),.PCURVE_S1.);
#2771=SURFACE_CURVE('',#3315,(#1033,#1036),.PCURVE_S1.);
#2772=SURFACE_CURVE('',#3316,(#1034,#1075),.PCURVE_S1.);
#2773=SURFACE_CURVE('',#2197,(#1035,#1076),.PCURVE_S1.);
#2774=SURFACE_CURVE('',#3317,(#1037,#1106),.PCURVE_S1.);
#2775=SURFACE_CURVE('',#2200,(#1038,#1112),.PCURVE_S1.);
#2776=SURFACE_CURVE('',#3319,(#1039,#1114),.PCURVE_S1.);
#2777=SURFACE_CURVE('',#2202,(#1040,#1042),.PCURVE_S1.);
#2778=SURFACE_CURVE('',#3321,(#1041,#1071),.PCURVE_S1.);
#2779=SURFACE_CURVE('',#2206,(#1043),.PCURVE_S1.);
#2780=SURFACE_CURVE('',#3322,(#1044,#1121),.PCURVE_S1.);
#2781=SURFACE_CURVE('',#3323,(#1045,#1049),.PCURVE_S1.);
#2782=SURFACE_CURVE('',#2210,(#1046,#1465),.PCURVE_S1.);
#2783=SURFACE_CURVE('',#2212,(#1047,#1260),.PCURVE_S1.);
#2784=SURFACE_CURVE('',#2214,(#1048,#1072),.PCURVE_S1.);
#2785=SURFACE_CURVE('',#2217,(#1050,#1120),.PCURVE_S1.);
#2786=SURFACE_CURVE('',#2219,(#1051,#1054),.PCURVE_S1.);
#2787=SURFACE_CURVE('',#2221,(#1052,#1080),.PCURVE_S1.);
#2788=SURFACE_CURVE('',#2223,(#1053,#1264),.PCURVE_S1.);
#2789=SURFACE_CURVE('',#3324,(#1055,#1119),.PCURVE_S1.);
#2790=SURFACE_CURVE('',#2227,(#1056),.PCURVE_S1.);
#2791=SURFACE_CURVE('',#3325,(#1057,#1089),.PCURVE_S1.);
#2792=SURFACE_CURVE('',#3326,(#1058,#1081),.PCURVE_S1.);
#2793=SURFACE_CURVE('',#2231,(#1059,#1239),.PCURVE_S1.);
#2794=SURFACE_CURVE('',#2235,(#1064,#1249),.PCURVE_S1.);
#2795=SURFACE_CURVE('',#2238,(#1066,#1255),.PCURVE_S1.);
#2796=SURFACE_CURVE('',#2243,(#1073,#1259),.PCURVE_S1.);
#2797=SURFACE_CURVE('',#2245,(#1074,#1273),.PCURVE_S1.);
#2798=SURFACE_CURVE('',#3333,(#1077,#1083),.PCURVE_S1.);
#2799=SURFACE_CURVE('',#2248,(#1078,#1269),.PCURVE_S1.);
#2800=SURFACE_CURVE('',#2250,(#1079,#1265),.PCURVE_S1.);
#2801=SURFACE_CURVE('',#2253,(#1082,#1088),.PCURVE_S1.);
#2802=SURFACE_CURVE('',#3336,(#1084,#1093),.PCURVE_S1.);
#2803=SURFACE_CURVE('',#2257,(#1085),.PCURVE_S1.);
#2804=SURFACE_CURVE('',#3337,(#1086,#1103),.PCURVE_S1.);
#2805=SURFACE_CURVE('',#2260,(#1087,#1270),.PCURVE_S1.);
#2806=SURFACE_CURVE('',#3338,(#1090,#1126),.PCURVE_S1.);
#2807=SURFACE_CURVE('',#2264,(#1091,#1132),.PCURVE_S1.);
#2808=SURFACE_CURVE('',#3340,(#1092,#1094),.PCURVE_S1.);
#2809=SURFACE_CURVE('',#3342,(#1095,#1131),.PCURVE_S1.);
#2810=SURFACE_CURVE('',#3343,(#1096,#1143),.PCURVE_S1.);
#2811=SURFACE_CURVE('',#3344,(#1097,#1104),.PCURVE_S1.);
#2812=SURFACE_CURVE('',#2271,(#1098),.PCURVE_S1.);
#2813=SURFACE_CURVE('',#2273,(#1099,#1142),.PCURVE_S1.);
#2814=SURFACE_CURVE('',#3345,(#1100,#1108),.PCURVE_S1.);
#2815=SURFACE_CURVE('',#2276,(#1102,#1271),.PCURVE_S1.);
#2816=SURFACE_CURVE('',#3348,(#1105,#1113),.PCURVE_S1.);
#2817=SURFACE_CURVE('',#2281,(#1107),.PCURVE_S1.);
#2818=SURFACE_CURVE('',#3349,(#1109,#1141),.PCURVE_S1.);
#2819=SURFACE_CURVE('',#2285,(#1110,#1140),.PCURVE_S1.);
#2820=SURFACE_CURVE('',#3350,(#1111,#1115),.PCURVE_S1.);
#2821=SURFACE_CURVE('',#3351,(#1116,#1139),.PCURVE_S1.);
#2822=SURFACE_CURVE('',#3352,(#1117,#1122),.PCURVE_S1.);
#2823=SURFACE_CURVE('',#2294,(#1118),.PCURVE_S1.);
#2824=SURFACE_CURVE('',#2298,(#1123,#1138),.PCURVE_S1.);
#2825=SURFACE_CURVE('',#3355,(#1124,#1128),.PCURVE_S1.);
#2826=SURFACE_CURVE('',#3356,(#1125,#1133),.PCURVE_S1.);
#2827=SURFACE_CURVE('',#2303,(#1127),.PCURVE_S1.);
#2828=SURFACE_CURVE('',#3357,(#1129,#1137),.PCURVE_S1.);
#2829=SURFACE_CURVE('',#2307,(#1130,#1136),.PCURVE_S1.);
#2830=SURFACE_CURVE('',#3358,(#1134,#1145),.PCURVE_S1.);
#2831=SURFACE_CURVE('',#3360,(#1135,#1151),.PCURVE_S1.);
#2832=SURFACE_CURVE('',#3366,(#1144,#1152),.PCURVE_S1.);
#2833=SURFACE_CURVE('',#3367,(#1146,#1150),.PCURVE_S1.);
#2834=SURFACE_CURVE('',#3368,(#1147,#1278),.PCURVE_S1.);
#2835=SURFACE_CURVE('',#3369,(#1148,#1284),.PCURVE_S1.);
#2836=SURFACE_CURVE('',#3370,(#1149,#1279),.PCURVE_S1.);
#2837=SURFACE_CURVE('',#3371,(#1153,#1283),.PCURVE_S1.);
#2838=SURFACE_CURVE('',#2326,(#1154,#1317),.PCURVE_S1.);
#2839=SURFACE_CURVE('',#2329,(#1156,#1321),.PCURVE_S1.);
#2840=SURFACE_CURVE('',#2331,(#1157,#1312),.PCURVE_S1.);
#2841=SURFACE_CURVE('',#2333,(#1158,#1192),.PCURVE_S1.);
#2842=SURFACE_CURVE('',#2335,(#1159,#1434),.PCURVE_S1.);
#2843=SURFACE_CURVE('',#2337,(#1160,#1433),.PCURVE_S1.);
#2844=SURFACE_CURVE('',#2339,(#1161,#1432),.PCURVE_S1.);
#2845=SURFACE_CURVE('',#3372,(#1162,#1306),.PCURVE_S1.);
#2846=SURFACE_CURVE('',#2341,(#1163,#1373),.PCURVE_S1.);
#2847=SURFACE_CURVE('',#2344,(#1165,#1369),.PCURVE_S1.);
#2848=SURFACE_CURVE('',#2346,(#1166,#1400),.PCURVE_S1.);
#2849=SURFACE_CURVE('',#3374,(#1167,#1353),.PCURVE_S1.);
#2850=SURFACE_CURVE('',#3375,(#1169,#1349),.PCURVE_S1.);
#2851=SURFACE_CURVE('',#2352,(#1171,#1188),.PCURVE_S1.);
#2852=SURFACE_CURVE('',#2354,(#1172,#1179),.PCURVE_S1.);
#2853=SURFACE_CURVE('',#2356,(#1173,#1195),.PCURVE_S1.);
#2854=SURFACE_CURVE('',#2358,(#1174,#1185),.PCURVE_S1.);
#2855=SURFACE_CURVE('',#2360,(#1175,#1415),.PCURVE_S1.);
#2856=SURFACE_CURVE('',#2362,(#1176,#1294),.PCURVE_S1.);
#2857=SURFACE_CURVE('',#2364,(#1177,#1436),.PCURVE_S1.);
#2858=SURFACE_CURVE('',#2366,(#1178,#1196),.PCURVE_S1.);
#2859=SURFACE_CURVE('',#2369,(#1180,#1187),.PCURVE_S1.);
#2860=SURFACE_CURVE('',#2371,(#1181,#1430),.PCURVE_S1.);
#2861=SURFACE_CURVE('',#2373,(#1182,#1288),.PCURVE_S1.);
#2862=SURFACE_CURVE('',#2375,(#1183,#1421),.PCURVE_S1.);
#2863=SURFACE_CURVE('',#2377,(#1184,#1189),.PCURVE_S1.);
#2864=SURFACE_CURVE('',#2380,(#1186,#1194),.PCURVE_S1.);
#2865=SURFACE_CURVE('',#3376,(#1190,#1408),.PCURVE_S1.);
#2866=SURFACE_CURVE('',#3377,(#1191,#1435),.PCURVE_S1.);
#2867=SURFACE_CURVE('',#3378,(#1193,#1431),.PCURVE_S1.);
#2868=SURFACE_CURVE('',#3379,(#1197,#1392),.PCURVE_S1.);
#2869=SURFACE_CURVE('',#2393,(#1198,#1308),.PCURVE_S1.);
#2870=SURFACE_CURVE('',#3380,(#1199,#1389),.PCURVE_S1.);
#2871=SURFACE_CURVE('',#2396,(#1200,#1215),.PCURVE_S1.);
#2872=SURFACE_CURVE('',#2398,(#1201,#1206),.PCURVE_S1.);
#2873=SURFACE_CURVE('',#2400,(#1202,#1220),.PCURVE_S1.);
#2874=SURFACE_CURVE('',#2402,(#1203,#1214),.PCURVE_S1.);
#2875=SURFACE_CURVE('',#2404,(#1204,#1211),.PCURVE_S1.);
#2876=SURFACE_CURVE('',#2406,(#1205,#1221),.PCURVE_S1.);
#2877=SURFACE_CURVE('',#2409,(#1207,#1383),.PCURVE_S1.);
#2878=SURFACE_CURVE('',#2411,(#1208,#1304),.PCURVE_S1.);
#2879=SURFACE_CURVE('',#2413,(#1209,#1398),.PCURVE_S1.);
#2880=SURFACE_CURVE('',#2415,(#1210,#1222),.PCURVE_S1.);
#2881=SURFACE_CURVE('',#2418,(#1212,#1213),.PCURVE_S1.);
#2882=SURFACE_CURVE('',#3381,(#1216,#1377),.PCURVE_S1.);
#2883=SURFACE_CURVE('',#3382,(#1217,#1397),.PCURVE_S1.);
#2884=SURFACE_CURVE('',#2425,(#1218,#1300),.PCURVE_S1.);
#2885=SURFACE_CURVE('',#3383,(#1219,#1393),.PCURVE_S1.);
#2886=SURFACE_CURVE('',#3384,(#1224,#1356),.PCURVE_S1.);
#2887=SURFACE_CURVE('',#3385,(#1225,#1228),.PCURVE_S1.);
#2888=SURFACE_CURVE('',#3386,(#1226,#1366),.PCURVE_S1.);
#2889=SURFACE_CURVE('',#3387,(#1227,#1367),.PCURVE_S1.);
#2890=SURFACE_CURVE('',#3390,(#1229,#1355),.PCURVE_S1.);
#2891=SURFACE_CURVE('',#3392,(#1230,#1347),.PCURVE_S1.);
#2892=SURFACE_CURVE('',#3394,(#1231,#1343),.PCURVE_S1.);
#2893=SURFACE_CURVE('',#3396,(#1232,#1335),.PCURVE_S1.);
#2894=SURFACE_CURVE('',#3398,(#1233,#1425),.PCURVE_S1.);
#2895=SURFACE_CURVE('',#3400,(#1234,#1327),.PCURVE_S1.);
#2896=SURFACE_CURVE('',#3402,(#1235,#1315),.PCURVE_S1.);
#2897=SURFACE_CURVE('',#3404,(#1236,#1402),.PCURVE_S1.);
#2898=SURFACE_CURVE('',#2435,(#1237,#1460),.PCURVE_S1.);
#2899=SURFACE_CURVE('',#2439,(#1240,#1248),.PCURVE_S1.);
#2900=SURFACE_CURVE('',#2441,(#1241,#1413),.PCURVE_S1.);
#2901=SURFACE_CURVE('',#3406,(#1246,#1445),.PCURVE_S1.);
#2902=SURFACE_CURVE('',#3407,(#1247,#1406),.PCURVE_S1.);
#2903=SURFACE_CURVE('',#2456,(#1257,#1414),.PCURVE_S1.);
#2904=SURFACE_CURVE('',#2458,(#1258,#1274),.PCURVE_S1.);
#2905=SURFACE_CURVE('',#2462,(#1261,#1464),.PCURVE_S1.);
#2906=SURFACE_CURVE('',#2464,(#1262,#1381),.PCURVE_S1.);
#2907=SURFACE_CURVE('',#2466,(#1263,#1466),.PCURVE_S1.);
#2908=SURFACE_CURVE('',#2470,(#1266,#1268),.PCURVE_S1.);
#2909=SURFACE_CURVE('',#2472,(#1267,#1379),.PCURVE_S1.);
#2910=SURFACE_CURVE('',#2481,(#1275,#1380),.PCURVE_S1.);
#2911=SURFACE_CURVE('',#3410,(#1276,#1458),.PCURVE_S1.);
#2912=SURFACE_CURVE('',#3411,(#1277,#1285),.PCURVE_S1.);
#2913=SURFACE_CURVE('',#3412,(#1280,#1282),.PCURVE_S1.);
#2914=SURFACE_CURVE('',#3413,(#1281,#1374),.PCURVE_S1.);
#2915=SURFACE_CURVE('',#3414,(#1286,#1457),.PCURVE_S1.);
#2916=SURFACE_CURVE('',#3415,(#1287,#1375),.PCURVE_S1.);
#2917=SURFACE_CURVE('',#2496,(#1289,#1429),.PCURVE_S1.);
#2918=SURFACE_CURVE('',#2498,(#1290,#1428),.PCURVE_S1.);
#2919=SURFACE_CURVE('',#3416,(#1291,#1427),.PCURVE_S1.);
#2920=SURFACE_CURVE('',#2502,(#1293,#1422),.PCURVE_S1.);
#2921=SURFACE_CURVE('',#2505,(#1295,#1418),.PCURVE_S1.);
#2922=SURFACE_CURVE('',#2508,(#1297,#1423),.PCURVE_S1.);
#2923=SURFACE_CURVE('',#2510,(#1298,#1438),.PCURVE_S1.);
#2924=SURFACE_CURVE('',#2512,(#1299,#1437),.PCURVE_S1.);
#2925=SURFACE_CURVE('',#2515,(#1301,#1396),.PCURVE_S1.);
#2926=SURFACE_CURVE('',#2517,(#1302,#1395),.PCURVE_S1.);
#2927=SURFACE_CURVE('',#2519,(#1303,#1394),.PCURVE_S1.);
#2928=SURFACE_CURVE('',#2522,(#1305,#1386),.PCURVE_S1.);
#2929=SURFACE_CURVE('',#2524,(#1307,#1399),.PCURVE_S1.);
#2930=SURFACE_CURVE('',#2527,(#1309,#1391),.PCURVE_S1.);
#2931=SURFACE_CURVE('',#2529,(#1310,#1405),.PCURVE_S1.);
#2932=SURFACE_CURVE('',#2531,(#1311,#1404),.PCURVE_S1.);
#2933=SURFACE_CURVE('',#2534,(#1313,#1390),.PCURVE_S1.);
#2934=SURFACE_CURVE('',#3418,(#1314,#1403),.PCURVE_S1.);
#2935=SURFACE_CURVE('',#3419,(#1316,#1326),.PCURVE_S1.);
#2936=SURFACE_CURVE('',#3420,(#1318,#1324),.PCURVE_S1.);
#2937=SURFACE_CURVE('',#3421,(#1319,#1441),.PCURVE_S1.);
#2938=SURFACE_CURVE('',#3422,(#1320,#1387),.PCURVE_S1.);
#2939=SURFACE_CURVE('',#3423,(#1322,#1417),.PCURVE_S1.);
#2940=SURFACE_CURVE('',#3424,(#1323,#1442),.PCURVE_S1.);
#2941=SURFACE_CURVE('',#3425,(#1328,#1424),.PCURVE_S1.);
#2942=SURFACE_CURVE('',#3426,(#1330,#1340),.PCURVE_S1.);
#2943=SURFACE_CURVE('',#3427,(#1331,#1449),.PCURVE_S1.);
#2944=SURFACE_CURVE('',#3428,(#1332,#1419),.PCURVE_S1.);
#2945=SURFACE_CURVE('',#3429,(#1334,#1426),.PCURVE_S1.);
#2946=SURFACE_CURVE('',#3430,(#1336,#1342),.PCURVE_S1.);
#2947=SURFACE_CURVE('',#3431,(#1338,#1352),.PCURVE_S1.);
#2948=SURFACE_CURVE('',#3432,(#1339,#1450),.PCURVE_S1.);
#2949=SURFACE_CURVE('',#3433,(#1344,#1346),.PCURVE_S1.);
#2950=SURFACE_CURVE('',#3434,(#1348,#1354),.PCURVE_S1.);
#2951=SURFACE_CURVE('',#3435,(#1350,#1360),.PCURVE_S1.);
#2952=SURFACE_CURVE('',#3436,(#1351,#1451),.PCURVE_S1.);
#2953=SURFACE_CURVE('',#3437,(#1358,#1364),.PCURVE_S1.);
#2954=SURFACE_CURVE('',#3438,(#1359,#1452),.PCURVE_S1.);
#2955=SURFACE_CURVE('',#3439,(#1362,#1372),.PCURVE_S1.);
#2956=SURFACE_CURVE('',#3440,(#1363,#1453),.PCURVE_S1.);
#2957=SURFACE_CURVE('',#3441,(#1368,#1401),.PCURVE_S1.);
#2958=SURFACE_CURVE('',#3442,(#1370,#1385),.PCURVE_S1.);
#2959=SURFACE_CURVE('',#3443,(#1371,#1454),.PCURVE_S1.);
#2960=SURFACE_CURVE('',#2598,(#1376,#1456),.PCURVE_S1.);
#2961=SURFACE_CURVE('',#2601,(#1378,#1439),.PCURVE_S1.);
#2962=SURFACE_CURVE('',#2606,(#1382,#1463),.PCURVE_S1.);
#2963=SURFACE_CURVE('',#3444,(#1384,#1455),.PCURVE_S1.);
#2964=SURFACE_CURVE('',#3445,(#1388,#1440),.PCURVE_S1.);
#2965=SURFACE_CURVE('',#2632,(#1407,#1444),.PCURVE_S1.);
#2966=SURFACE_CURVE('',#2635,(#1409,#1447),.PCURVE_S1.);
#2967=SURFACE_CURVE('',#2639,(#1412,#1461),.PCURVE_S1.);
#2968=SURFACE_CURVE('',#3446,(#1416,#1443),.PCURVE_S1.);
#2969=SURFACE_CURVE('',#3447,(#1420,#1448),.PCURVE_S1.);
#2970=EDGE_CURVE('',#3465,#3466,#2683,.T.);
#2971=EDGE_CURVE('',#3466,#3467,#2684,.T.);
#2972=EDGE_CURVE('',#3467,#3468,#2685,.T.);
#2973=EDGE_CURVE('',#3468,#3465,#2686,.T.);
#2974=EDGE_CURVE('',#3469,#3470,#2687,.T.);
#2975=EDGE_CURVE('',#3470,#3471,#2688,.T.);
#2976=EDGE_CURVE('',#3471,#3472,#2689,.T.);
#2977=EDGE_CURVE('',#3472,#3469,#2690,.T.);
#2978=EDGE_CURVE('',#3473,#3474,#2691,.T.);
#2979=EDGE_CURVE('',#3474,#3470,#2692,.T.);
#2980=EDGE_CURVE('',#3469,#3473,#2693,.T.);
#2981=EDGE_CURVE('',#3475,#3476,#2694,.T.);
#2982=EDGE_CURVE('',#3476,#3477,#2695,.T.);
#2983=EDGE_CURVE('',#3477,#3478,#2696,.T.);
#2984=EDGE_CURVE('',#3478,#3475,#2697,.T.);
#2985=EDGE_CURVE('',#3479,#3480,#2698,.T.);
#2986=EDGE_CURVE('',#3480,#3476,#2699,.T.);
#2987=EDGE_CURVE('',#3475,#3479,#2700,.T.);
#2988=EDGE_CURVE('',#3615,#3614,#2701,.T.);
#2989=EDGE_CURVE('',#3614,#3613,#2702,.T.);
#2990=EDGE_CURVE('',#3613,#3482,#2703,.T.);
#2991=EDGE_CURVE('',#3482,#3481,#2704,.T.);
#2992=EDGE_CURVE('',#3481,#3615,#2705,.T.);
#2993=EDGE_CURVE('',#3485,#3486,#2706,.T.);
#2994=EDGE_CURVE('',#3486,#3487,#2707,.T.);
#2995=EDGE_CURVE('',#3487,#3488,#2708,.T.);
#2996=EDGE_CURVE('',#3488,#3485,#2709,.T.);
#2997=EDGE_CURVE('',#3489,#3490,#2710,.T.);
#2998=EDGE_CURVE('',#3490,#3491,#2711,.T.);
#2999=EDGE_CURVE('',#3491,#3492,#2712,.T.);
#3000=EDGE_CURVE('',#3492,#3489,#2713,.T.);
#3001=EDGE_CURVE('',#3493,#3486,#2714,.T.);
#3002=EDGE_CURVE('',#3485,#3492,#2715,.T.);
#3003=EDGE_CURVE('',#3491,#3494,#2716,.T.);
#3004=EDGE_CURVE('',#3494,#3493,#2717,.T.);
#3005=EDGE_CURVE('',#3494,#3495,#2718,.T.);
#3006=EDGE_CURVE('',#3495,#3496,#2719,.T.);
#3007=EDGE_CURVE('',#3496,#3493,#2720,.T.);
#3008=EDGE_CURVE('',#3497,#3498,#2721,.T.);
#3009=EDGE_CURVE('',#3498,#3499,#2722,.T.);
#3010=EDGE_CURVE('',#3499,#3500,#2723,.T.);
#3011=EDGE_CURVE('',#3500,#3501,#2724,.T.);
#3012=EDGE_CURVE('',#3501,#3497,#2725,.T.);
#3013=EDGE_CURVE('',#3622,#3621,#2726,.T.);
#3014=EDGE_CURVE('',#3621,#3497,#2727,.T.);
#3015=EDGE_CURVE('',#3501,#3502,#2728,.T.);
#3016=EDGE_CURVE('',#3502,#3619,#2729,.T.);
#3017=EDGE_CURVE('',#3619,#3622,#2730,.T.);
#3018=EDGE_CURVE('',#3500,#3499,#2731,.T.);
#3019=EDGE_CURVE('',#3498,#3502,#2732,.T.);
#3020=EDGE_CURVE('',#3495,#3503,#2733,.T.);
#3021=EDGE_CURVE('',#3503,#3504,#2734,.T.);
#3022=EDGE_CURVE('',#3504,#3505,#2735,.T.);
#3023=EDGE_CURVE('',#3505,#3506,#2736,.T.);
#3024=EDGE_CURVE('',#3506,#3507,#2737,.T.);
#3025=EDGE_CURVE('',#3507,#3508,#2738,.T.);
#3026=EDGE_CURVE('',#3508,#3496,#2739,.T.);
#3027=EDGE_CURVE('',#3509,#3510,#2740,.T.);
#3028=EDGE_CURVE('',#3510,#3504,#2741,.T.);
#3029=EDGE_CURVE('',#3503,#3509,#2742,.T.);
#3030=EDGE_CURVE('',#3490,#3509,#2743,.T.);
#3031=EDGE_CURVE('',#3513,#3514,#2744,.T.);
#3032=EDGE_CURVE('',#3514,#3512,#2745,.T.);
#3033=EDGE_CURVE('',#3512,#3511,#2746,.T.);
#3034=EDGE_CURVE('',#3511,#3513,#2747,.T.);
#3035=EDGE_CURVE('',#3510,#3512,#2748,.T.);
#3036=EDGE_CURVE('',#3514,#3515,#2749,.T.);
#3037=EDGE_CURVE('',#3515,#3505,#2750,.T.);
#3038=EDGE_CURVE('',#3515,#3516,#2751,.T.);
#3039=EDGE_CURVE('',#3516,#3506,#2752,.T.);
#3040=EDGE_CURVE('',#3513,#3517,#2753,.T.);
#3041=EDGE_CURVE('',#3517,#3518,#2754,.T.);
#3042=EDGE_CURVE('',#3518,#3516,#2755,.T.);
#3043=EDGE_CURVE('',#3519,#3520,#2756,.T.);
#3044=EDGE_CURVE('',#3520,#3518,#2757,.T.);
#3045=EDGE_CURVE('',#3517,#3519,#2758,.T.);
#3046=EDGE_CURVE('',#3520,#3521,#2759,.T.);
#3047=EDGE_CURVE('',#3521,#3507,#2760,.T.);
#3048=EDGE_CURVE('',#3521,#3522,#2761,.T.);
#3049=EDGE_CURVE('',#3522,#3508,#2762,.T.);
#3050=EDGE_CURVE('',#3522,#3487,#2763,.T.);
#3051=EDGE_CURVE('',#3618,#3615,#2764,.T.);
#3052=EDGE_CURVE('',#3481,#3488,#2765,.T.);
#3053=EDGE_CURVE('',#3519,#3483,#2766,.T.);
#3054=EDGE_CURVE('',#3483,#3618,#2767,.T.);
#3055=EDGE_CURVE('',#3529,#3528,#2768,.T.);
#3056=EDGE_CURVE('',#3528,#3531,#2769,.T.);
#3057=EDGE_CURVE('',#3531,#3532,#2770,.T.);
#3058=EDGE_CURVE('',#3532,#3533,#2771,.T.);
#3059=EDGE_CURVE('',#3533,#3529,#2772,.T.);
#3060=EDGE_CURVE('',#3534,#3533,#2773,.T.);
#3061=EDGE_CURVE('',#3532,#3535,#2774,.T.);
#3062=EDGE_CURVE('',#3535,#3536,#2775,.T.);
#3063=EDGE_CURVE('',#3536,#3537,#2776,.T.);
#3064=EDGE_CURVE('',#3537,#3534,#2777,.T.);
#3065=EDGE_CURVE('',#3538,#3534,#2778,.T.);
#3066=EDGE_CURVE('',#3537,#3539,#2779,.T.);
#3067=EDGE_CURVE('',#3539,#3540,#2780,.T.);
#3068=EDGE_CURVE('',#3540,#3538,#2781,.T.);
#3069=EDGE_CURVE('',#3628,#3625,#2782,.T.);
#3070=EDGE_CURVE('',#3625,#3524,#2783,.T.);
#3071=EDGE_CURVE('',#3524,#3538,#2784,.T.);
#3072=EDGE_CURVE('',#3540,#3542,#2785,.T.);
#3073=EDGE_CURVE('',#3542,#3541,#2786,.T.);
#3074=EDGE_CURVE('',#3541,#3525,#2787,.T.);
#3075=EDGE_CURVE('',#3525,#3628,#2788,.T.);
#3076=EDGE_CURVE('',#3542,#3543,#2789,.T.);
#3077=EDGE_CURVE('',#3543,#3544,#2790,.T.);
#3078=EDGE_CURVE('',#3544,#3545,#2791,.T.);
#3079=EDGE_CURVE('',#3545,#3541,#2792,.T.);
#3080=EDGE_CURVE('',#3484,#3483,#2793,.T.);
#3081=EDGE_CURVE('',#3511,#3484,#2794,.T.);
#3082=EDGE_CURVE('',#3482,#3489,#2795,.T.);
#3083=EDGE_CURVE('',#3524,#3523,#2796,.T.);
#3084=EDGE_CURVE('',#3523,#3529,#2797,.T.);
#3085=EDGE_CURVE('',#3546,#3530,#2798,.T.);
#3086=EDGE_CURVE('',#3530,#3526,#2799,.T.);
#3087=EDGE_CURVE('',#3526,#3525,#2800,.T.);
#3088=EDGE_CURVE('',#3545,#3546,#2801,.T.);
#3089=EDGE_CURVE('',#3546,#3547,#2802,.T.);
#3090=EDGE_CURVE('',#3547,#3548,#2803,.T.);
#3091=EDGE_CURVE('',#3548,#3527,#2804,.T.);
#3092=EDGE_CURVE('',#3527,#3530,#2805,.T.);
#3093=EDGE_CURVE('',#3544,#3549,#2806,.T.);
#3094=EDGE_CURVE('',#3549,#3550,#2807,.T.);
#3095=EDGE_CURVE('',#3550,#3547,#2808,.T.);
#3096=EDGE_CURVE('',#3550,#3551,#2809,.T.);
#3097=EDGE_CURVE('',#3551,#3552,#2810,.T.);
#3098=EDGE_CURVE('',#3552,#3548,#2811,.T.);
#3099=EDGE_CURVE('',#3548,#3547,#2812,.T.);
#3100=EDGE_CURVE('',#3552,#3553,#2813,.T.);
#3101=EDGE_CURVE('',#3553,#3531,#2814,.T.);
#3102=EDGE_CURVE('',#3528,#3527,#2815,.T.);
#3103=EDGE_CURVE('',#3554,#3535,#2816,.T.);
#3104=EDGE_CURVE('',#3532,#3531,#2817,.T.);
#3105=EDGE_CURVE('',#3553,#3554,#2818,.T.);
#3106=EDGE_CURVE('',#3554,#3555,#2819,.T.);
#3107=EDGE_CURVE('',#3555,#3536,#2820,.T.);
#3108=EDGE_CURVE('',#3555,#3556,#2821,.T.);
#3109=EDGE_CURVE('',#3556,#3539,#2822,.T.);
#3110=EDGE_CURVE('',#3539,#3537,#2823,.T.);
#3111=EDGE_CURVE('',#3556,#3557,#2824,.T.);
#3112=EDGE_CURVE('',#3557,#3543,#2825,.T.);
#3113=EDGE_CURVE('',#3558,#3549,#2826,.T.);
#3114=EDGE_CURVE('',#3544,#3543,#2827,.T.);
#3115=EDGE_CURVE('',#3557,#3558,#2828,.T.);
#3116=EDGE_CURVE('',#3558,#3551,#2829,.T.);
#3117=EDGE_CURVE('',#3559,#3560,#2830,.T.);
#3118=EDGE_CURVE('',#3560,#3559,#2831,.T.);
#3119=EDGE_CURVE('',#3564,#3560,#2832,.T.);
#3120=EDGE_CURVE('',#3559,#3563,#2833,.T.);
#3121=EDGE_CURVE('',#3563,#3562,#2834,.T.);
#3122=EDGE_CURVE('',#3562,#3564,#2835,.T.);
#3123=EDGE_CURVE('',#3561,#3563,#2836,.T.);
#3124=EDGE_CURVE('',#3564,#3561,#2837,.T.);
#3125=EDGE_CURVE('',#3566,#3468,#2838,.T.);
#3126=EDGE_CURVE('',#3467,#3565,#2839,.T.);
#3127=EDGE_CURVE('',#3565,#3566,#2840,.T.);
#3128=EDGE_CURVE('',#3640,#3641,#2841,.T.);
#3129=EDGE_CURVE('',#3641,#3569,#2842,.T.);
#3130=EDGE_CURVE('',#3569,#3570,#2843,.T.);
#3131=EDGE_CURVE('',#3570,#3640,#2844,.T.);
#3132=EDGE_CURVE('',#3571,#3633,#2845,.T.);
#3133=EDGE_CURVE('',#3633,#3480,#2846,.T.);
#3134=EDGE_CURVE('',#3479,#3574,#2847,.T.);
#3135=EDGE_CURVE('',#3574,#3571,#2848,.T.);
#3136=EDGE_CURVE('',#3477,#3474,#2849,.T.);
#3137=EDGE_CURVE('',#3473,#3478,#2850,.T.);
#3138=EDGE_CURVE('',#3575,#3576,#2851,.T.);
#3139=EDGE_CURVE('',#3576,#3577,#2852,.T.);
#3140=EDGE_CURVE('',#3577,#3578,#2853,.T.);
#3141=EDGE_CURVE('',#3578,#3575,#2854,.T.);
#3142=EDGE_CURVE('',#3607,#3637,#2855,.T.);
#3143=EDGE_CURVE('',#3637,#3638,#2856,.T.);
#3144=EDGE_CURVE('',#3638,#3608,#2857,.T.);
#3145=EDGE_CURVE('',#3608,#3577,#2858,.T.);
#3146=EDGE_CURVE('',#3576,#3607,#2859,.T.);
#3147=EDGE_CURVE('',#3609,#3639,#2860,.T.);
#3148=EDGE_CURVE('',#3639,#3636,#2861,.T.);
#3149=EDGE_CURVE('',#3636,#3610,#2862,.T.);
#3150=EDGE_CURVE('',#3610,#3575,#2863,.T.);
#3151=EDGE_CURVE('',#3578,#3609,#2864,.T.);
#3152=EDGE_CURVE('',#3610,#3607,#2865,.T.);
#3153=EDGE_CURVE('',#3608,#3641,#2866,.T.);
#3154=EDGE_CURVE('',#3640,#3609,#2867,.T.);
#3155=EDGE_CURVE('',#3603,#3643,#2868,.T.);
#3156=EDGE_CURVE('',#3643,#3634,#2869,.T.);
#3157=EDGE_CURVE('',#3634,#3604,#2870,.T.);
#3158=EDGE_CURVE('',#3604,#3579,#2871,.T.);
#3159=EDGE_CURVE('',#3579,#3580,#2872,.T.);
#3160=EDGE_CURVE('',#3580,#3603,#2873,.T.);
#3161=EDGE_CURVE('',#3579,#3581,#2874,.T.);
#3162=EDGE_CURVE('',#3581,#3582,#2875,.T.);
#3163=EDGE_CURVE('',#3582,#3580,#2876,.T.);
#3164=EDGE_CURVE('',#3605,#3635,#2877,.T.);
#3165=EDGE_CURVE('',#3635,#3642,#2878,.T.);
#3166=EDGE_CURVE('',#3642,#3606,#2879,.T.);
#3167=EDGE_CURVE('',#3606,#3582,#2880,.T.);
#3168=EDGE_CURVE('',#3581,#3605,#2881,.T.);
#3169=EDGE_CURVE('',#3604,#3605,#2882,.T.);
#3170=EDGE_CURVE('',#3606,#3612,#2883,.T.);
#3171=EDGE_CURVE('',#3612,#3611,#2884,.T.);
#3172=EDGE_CURVE('',#3611,#3603,#2885,.T.);
#3173=EDGE_CURVE('',#3475,#3599,#2886,.T.);
#3174=EDGE_CURVE('',#3599,#3601,#2887,.T.);
#3175=EDGE_CURVE('',#3601,#3479,#2888,.T.);
#3176=EDGE_CURVE('',#3583,#3601,#2889,.T.);
#3177=EDGE_CURVE('',#3599,#3597,#2890,.T.);
#3178=EDGE_CURVE('',#3597,#3595,#2891,.T.);
#3179=EDGE_CURVE('',#3595,#3593,#2892,.T.);
#3180=EDGE_CURVE('',#3593,#3591,#2893,.T.);
#3181=EDGE_CURVE('',#3591,#3589,#2894,.T.);
#3182=EDGE_CURVE('',#3589,#3587,#2895,.T.);
#3183=EDGE_CURVE('',#3587,#3584,#2896,.T.);
#3184=EDGE_CURVE('',#3584,#3583,#2897,.T.);
#3185=EDGE_CURVE('',#3616,#3618,#2898,.T.);
#3186=EDGE_CURVE('',#3484,#3617,#2899,.T.);
#3187=EDGE_CURVE('',#3617,#3616,#2900,.T.);
#3188=EDGE_CURVE('',#3621,#3620,#2901,.T.);
#3189=EDGE_CURVE('',#3620,#3619,#2902,.T.);
#3190=EDGE_CURVE('',#3613,#3617,#2903,.T.);
#3191=EDGE_CURVE('',#3623,#3523,#2904,.T.);
#3192=EDGE_CURVE('',#3625,#3624,#2905,.T.);
#3193=EDGE_CURVE('',#3624,#3623,#2906,.T.);
#3194=EDGE_CURVE('',#3626,#3628,#2907,.T.);
#3195=EDGE_CURVE('',#3526,#3627,#2908,.T.);
#3196=EDGE_CURVE('',#3627,#3626,#2909,.T.);
#3197=EDGE_CURVE('',#3623,#3627,#2910,.T.);
#3198=EDGE_CURVE('',#3629,#3631,#2911,.T.);
#3199=EDGE_CURVE('',#3631,#3562,#2912,.T.);
#3200=EDGE_CURVE('',#3561,#3630,#2913,.T.);
#3201=EDGE_CURVE('',#3630,#3629,#2914,.T.);
#3202=EDGE_CURVE('',#3631,#3632,#2915,.T.);
#3203=EDGE_CURVE('',#3632,#3630,#2916,.T.);
#3204=EDGE_CURVE('',#3639,#3568,#2917,.T.);
#3205=EDGE_CURVE('',#3568,#3567,#2918,.T.);
#3206=EDGE_CURVE('',#3567,#3472,#2919,.T.);
#3207=EDGE_CURVE('',#3471,#3636,#2920,.T.);
#3208=EDGE_CURVE('',#3637,#3466,#2921,.T.);
#3209=EDGE_CURVE('',#3465,#3464,#2922,.T.);
#3210=EDGE_CURVE('',#3464,#3463,#2923,.T.);
#3211=EDGE_CURVE('',#3463,#3638,#2924,.T.);
#3212=EDGE_CURVE('',#3612,#3462,#2925,.T.);
#3213=EDGE_CURVE('',#3462,#3461,#2926,.T.);
#3214=EDGE_CURVE('',#3461,#3611,#2927,.T.);
#3215=EDGE_CURVE('',#3635,#3633,#2928,.T.);
#3216=EDGE_CURVE('',#3571,#3642,#2929,.T.);
#3217=EDGE_CURVE('',#3643,#3572,#2930,.T.);
#3218=EDGE_CURVE('',#3572,#3573,#2931,.T.);
#3219=EDGE_CURVE('',#3573,#3566,#2932,.T.);
#3220=EDGE_CURVE('',#3565,#3634,#2933,.T.);
#3221=EDGE_CURVE('',#3566,#3584,#2934,.T.);
#3222=EDGE_CURVE('',#3587,#3468,#2935,.T.);
#3223=EDGE_CURVE('',#3467,#3588,#2936,.T.);
#3224=EDGE_CURVE('',#3588,#3585,#2937,.T.);
#3225=EDGE_CURVE('',#3585,#3565,#2938,.T.);
#3226=EDGE_CURVE('',#3466,#3590,#2939,.T.);
#3227=EDGE_CURVE('',#3590,#3588,#2940,.T.);
#3228=EDGE_CURVE('',#3589,#3465,#2941,.T.);
#3229=EDGE_CURVE('',#3470,#3594,#2942,.T.);
#3230=EDGE_CURVE('',#3594,#3592,#2943,.T.);
#3231=EDGE_CURVE('',#3592,#3471,#2944,.T.);
#3232=EDGE_CURVE('',#3472,#3591,#2945,.T.);
#3233=EDGE_CURVE('',#3593,#3469,#2946,.T.);
#3234=EDGE_CURVE('',#3474,#3596,#2947,.T.);
#3235=EDGE_CURVE('',#3596,#3594,#2948,.T.);
#3236=EDGE_CURVE('',#3595,#3473,#2949,.T.);
#3237=EDGE_CURVE('',#3597,#3478,#2950,.T.);
#3238=EDGE_CURVE('',#3477,#3598,#2951,.T.);
#3239=EDGE_CURVE('',#3598,#3596,#2952,.T.);
#3240=EDGE_CURVE('',#3476,#3600,#2953,.T.);
#3241=EDGE_CURVE('',#3600,#3598,#2954,.T.);
#3242=EDGE_CURVE('',#3480,#3602,#2955,.T.);
#3243=EDGE_CURVE('',#3602,#3600,#2956,.T.);
#3244=EDGE_CURVE('',#3583,#3574,#2957,.T.);
#3245=EDGE_CURVE('',#3633,#3586,#2958,.T.);
#3246=EDGE_CURVE('',#3586,#3602,#2959,.T.);
#3247=EDGE_CURVE('',#3632,#3605,#2960,.T.);
#3248=EDGE_CURVE('',#3604,#3629,#2961,.T.);
#3249=EDGE_CURVE('',#3624,#3626,#2962,.T.);
#3250=EDGE_CURVE('',#3605,#3586,#2963,.T.);
#3251=EDGE_CURVE('',#3585,#3604,#2964,.T.);
#3252=EDGE_CURVE('',#3620,#3607,#2965,.T.);
#3253=EDGE_CURVE('',#3610,#3622,#2966,.T.);
#3254=EDGE_CURVE('',#3614,#3616,#2967,.T.);
#3255=EDGE_CURVE('',#3607,#3590,#2968,.T.);
#3256=EDGE_CURVE('',#3592,#3610,#2969,.T.);
#3257=(
BOUNDED_CURVE()
B_SPLINE_CURVE(1,(#4690,#4691),.UNSPECIFIED.,.F.,.F.)
B_SPLINE_CURVE_WITH_KNOTS((2,2),(-1.5,0.),.UNSPECIFIED.)
CURVE()
GEOMETRIC_REPRESENTATION_ITEM()
RATIONAL_B_SPLINE_CURVE((1.,1.))
REPRESENTATION_ITEM('')
);
#3258=(
BOUNDED_CURVE()
B_SPLINE_CURVE(2,(#4694,#4695,#4696),.UNSPECIFIED.,.F.,.F.)
B_SPLINE_CURVE_WITH_KNOTS((3,3),(-3.14159265359,0.),.UNSPECIFIED.)
CURVE()
GEOMETRIC_REPRESENTATION_ITEM()
RATIONAL_B_SPLINE_CURVE((1.,0.707106781187,1.))
REPRESENTATION_ITEM('')
);
#3259=(
BOUNDED_CURVE()
B_SPLINE_CURVE(1,(#4699,#4700),.UNSPECIFIED.,.F.,.F.)
B_SPLINE_CURVE_WITH_KNOTS((2,2),(0.,1.5),.UNSPECIFIED.)
CURVE()
GEOMETRIC_REPRESENTATION_ITEM()
RATIONAL_B_SPLINE_CURVE((1.,1.))
REPRESENTATION_ITEM('')
);
#3260=(
BOUNDED_CURVE()
B_SPLINE_CURVE(2,(#4703,#4704,#4705),.UNSPECIFIED.,.F.,.F.)
B_SPLINE_CURVE_WITH_KNOTS((3,3),(-8.500008236768,-5.672574848537),
 .UNSPECIFIED.)
CURVE()
GEOMETRIC_REPRESENTATION_ITEM()
RATIONAL_B_SPLINE_CURVE((1.,0.707106781187,1.))
REPRESENTATION_ITEM('')
);
#3261=(
BOUNDED_CURVE()
B_SPLINE_CURVE(1,(#4724,#4725),.UNSPECIFIED.,.F.,.F.)
B_SPLINE_CURVE_WITH_KNOTS((2,2),(-1.5,0.),.UNSPECIFIED.)
CURVE()
GEOMETRIC_REPRESENTATION_ITEM()
RATIONAL_B_SPLINE_CURVE((1.,1.))
REPRESENTATION_ITEM('')
);
#3262=(
BOUNDED_CURVE()
B_SPLINE_CURVE(2,(#4728,#4729,#4730),.UNSPECIFIED.,.F.,.F.)
B_SPLINE_CURVE_WITH_KNOTS((3,3),(-0.63305183639,0.),.UNSPECIFIED.)
CURVE()
GEOMETRIC_REPRESENTATION_ITEM()
RATIONAL_B_SPLINE_CURVE((1.,0.80622577483,1.))
REPRESENTATION_ITEM('')
);
#3263=(
BOUNDED_CURVE()
B_SPLINE_CURVE(2,(#4735,#4736,#4737),.UNSPECIFIED.,.F.,.F.)
B_SPLINE_CURVE_WITH_KNOTS((3,3),(-1.32943707931329,-0.955485941339639),
 .UNSPECIFIED.)
CURVE()
GEOMETRIC_REPRESENTATION_ITEM()
RATIONAL_B_SPLINE_CURVE((1.,0.806225774789217,1.))
REPRESENTATION_ITEM('')
);
#3264=(
BOUNDED_CURVE()
B_SPLINE_CURVE(1,(#4756,#4757),.UNSPECIFIED.,.F.,.F.)
B_SPLINE_CURVE_WITH_KNOTS((2,2),(-1.5,0.),.UNSPECIFIED.)
CURVE()
GEOMETRIC_REPRESENTATION_ITEM()
RATIONAL_B_SPLINE_CURVE((1.,1.))
REPRESENTATION_ITEM('')
);
#3265=(
BOUNDED_CURVE()
B_SPLINE_CURVE(2,(#4760,#4761,#4762),.UNSPECIFIED.,.F.,.F.)
B_SPLINE_CURVE_WITH_KNOTS((3,3),(-0.785398163397,0.),.UNSPECIFIED.)
CURVE()
GEOMETRIC_REPRESENTATION_ITEM()
RATIONAL_B_SPLINE_CURVE((1.,0.707106781187,1.))
REPRESENTATION_ITEM('')
);
#3266=(
BOUNDED_CURVE()
B_SPLINE_CURVE(2,(#4767,#4768,#4769,#4770,#4771),.UNSPECIFIED.,.F.,.F.)
B_SPLINE_CURVE_WITH_KNOTS((3,2,3),(-1.42672483943665,-1.413716694115,-0.955485941339586),
 .UNSPECIFIED.)
CURVE()
GEOMETRIC_REPRESENTATION_ITEM()
RATIONAL_B_SPLINE_CURVE((1.,0.99980644092383,1.,0.720881791978149,1.))
REPRESENTATION_ITEM('')
);
#3267=(
BOUNDED_CURVE()
B_SPLINE_CURVE(1,(#4794,#4795),.UNSPECIFIED.,.F.,.F.)
B_SPLINE_CURVE_WITH_KNOTS((2,2),(-0.267192647285,0.),.UNSPECIFIED.)
CURVE()
GEOMETRIC_REPRESENTATION_ITEM()
RATIONAL_B_SPLINE_CURVE((1.,1.))
REPRESENTATION_ITEM('')
);
#3268=(
BOUNDED_CURVE()
B_SPLINE_CURVE(2,(#4827,#4828,#4829),.UNSPECIFIED.,.F.,.F.)
B_SPLINE_CURVE_WITH_KNOTS((3,3),(-0.235619449019,0.),.UNSPECIFIED.)
CURVE()
GEOMETRIC_REPRESENTATION_ITEM()
RATIONAL_B_SPLINE_CURVE((1.,0.707106781187,1.))
REPRESENTATION_ITEM('')
);
#3269=(
BOUNDED_CURVE()
B_SPLINE_CURVE(1,(#4861,#4862),.UNSPECIFIED.,.F.,.F.)
B_SPLINE_CURVE_WITH_KNOTS((2,2),(-0.267192647285,0.),.UNSPECIFIED.)
CURVE()
GEOMETRIC_REPRESENTATION_ITEM()
RATIONAL_B_SPLINE_CURVE((1.,1.))
REPRESENTATION_ITEM('')
);
#3270=(
BOUNDED_CURVE()
B_SPLINE_CURVE(2,(#4865,#4866,#4867),.UNSPECIFIED.,.F.,.F.)
B_SPLINE_CURVE_WITH_KNOTS((3,3),(-0.235619449019,0.),.UNSPECIFIED.)
CURVE()
GEOMETRIC_REPRESENTATION_ITEM()
RATIONAL_B_SPLINE_CURVE((1.,0.707106781187,1.))
REPRESENTATION_ITEM('')
);
#3271=(
BOUNDED_CURVE()
B_SPLINE_CURVE(2,(#4870,#4871,#4872),.UNSPECIFIED.,.F.,.F.)
B_SPLINE_CURVE_WITH_KNOTS((3,3),(0.219562372948,0.331132052452),
 .UNSPECIFIED.)
CURVE()
GEOMETRIC_REPRESENTATION_ITEM()
RATIONAL_B_SPLINE_CURVE((1.,0.989817296529,1.))
REPRESENTATION_ITEM('')
);
#3272=(
BOUNDED_CURVE()
B_SPLINE_CURVE(2,(#4873,#4874,#4875),.UNSPECIFIED.,.F.,.F.)
B_SPLINE_CURVE_WITH_KNOTS((3,3),(0.219562372948,0.331132052452),
 .UNSPECIFIED.)
CURVE()
GEOMETRIC_REPRESENTATION_ITEM()
RATIONAL_B_SPLINE_CURVE((1.,0.989817296529,1.))
REPRESENTATION_ITEM('')
);
#3273=(
BOUNDED_CURVE()
B_SPLINE_CURVE(2,(#4884,#4885,#4886),.UNSPECIFIED.,.F.,.F.)
B_SPLINE_CURVE_WITH_KNOTS((3,3),(0.956316559492,1.067886238996),
 .UNSPECIFIED.)
CURVE()
GEOMETRIC_REPRESENTATION_ITEM()
RATIONAL_B_SPLINE_CURVE((1.,0.989817296529,1.))
REPRESENTATION_ITEM('')
);
#3274=(
BOUNDED_CURVE()
B_SPLINE_CURVE(2,(#4887,#4888,#4889),.UNSPECIFIED.,.F.,.F.)
B_SPLINE_CURVE_WITH_KNOTS((3,3),(0.956316559492,1.067886238996),
 .UNSPECIFIED.)
CURVE()
GEOMETRIC_REPRESENTATION_ITEM()
RATIONAL_B_SPLINE_CURVE((1.,0.989817296529,1.))
REPRESENTATION_ITEM('')
);
#3275=(
BOUNDED_CURVE()
B_SPLINE_CURVE(1,(#4896,#4897),.UNSPECIFIED.,.F.,.F.)
B_SPLINE_CURVE_WITH_KNOTS((2,2),(0.,0.519615242271),.UNSPECIFIED.)
CURVE()
GEOMETRIC_REPRESENTATION_ITEM()
RATIONAL_B_SPLINE_CURVE((1.,1.))
REPRESENTATION_ITEM('')
);
#3276=(
BOUNDED_CURVE()
B_SPLINE_CURVE(1,(#4904,#4905),.UNSPECIFIED.,.F.,.F.)
B_SPLINE_CURVE_WITH_KNOTS((2,2),(0.,0.519615242271),.UNSPECIFIED.)
CURVE()
GEOMETRIC_REPRESENTATION_ITEM()
RATIONAL_B_SPLINE_CURVE((1.,1.))
REPRESENTATION_ITEM('')
);
#3277=(
BOUNDED_CURVE()
B_SPLINE_CURVE(2,(#4908,#4909,#4910),.UNSPECIFIED.,.F.,.F.)
B_SPLINE_CURVE_WITH_KNOTS((3,3),(0.,2.277654673853),.UNSPECIFIED.)
CURVE()
GEOMETRIC_REPRESENTATION_ITEM()
RATIONAL_B_SPLINE_CURVE((1.,0.707106781187,1.))
REPRESENTATION_ITEM('')
);
#3278=(
BOUNDED_CURVE()
B_SPLINE_CURVE(1,(#4913,#4914),.UNSPECIFIED.,.F.,.F.)
B_SPLINE_CURVE_WITH_KNOTS((2,2),(-0.521961536499,0.),.UNSPECIFIED.)
CURVE()
GEOMETRIC_REPRESENTATION_ITEM()
RATIONAL_B_SPLINE_CURVE((1.,1.))
REPRESENTATION_ITEM('')
);
#3279=(
BOUNDED_CURVE()
B_SPLINE_CURVE(2,(#4917,#4918,#4919,#4920,#4921),.UNSPECIFIED.,.F.,.F.)
B_SPLINE_CURVE_WITH_KNOTS((3,2,3),(0.,1.9731532171195,3.946306434239),
 .UNSPECIFIED.)
CURVE()
GEOMETRIC_REPRESENTATION_ITEM()
RATIONAL_B_SPLINE_CURVE((1.,0.707106781187,1.,0.707106781187,1.))
REPRESENTATION_ITEM('')
);
#3280=(
BOUNDED_CURVE()
B_SPLINE_CURVE(1,(#4924,#4925),.UNSPECIFIED.,.F.,.F.)
B_SPLINE_CURVE_WITH_KNOTS((2,2),(-0.521961536499,0.),.UNSPECIFIED.)
CURVE()
GEOMETRIC_REPRESENTATION_ITEM()
RATIONAL_B_SPLINE_CURVE((1.,1.))
REPRESENTATION_ITEM('')
);
#3281=(
BOUNDED_CURVE()
B_SPLINE_CURVE(2,(#4928,#4929,#4930),.UNSPECIFIED.,.F.,.F.)
B_SPLINE_CURVE_WITH_KNOTS((3,3),(0.,2.277654673853),.UNSPECIFIED.)
CURVE()
GEOMETRIC_REPRESENTATION_ITEM()
RATIONAL_B_SPLINE_CURVE((1.,0.707106781187,1.))
REPRESENTATION_ITEM('')
);
#3282=(
BOUNDED_CURVE()
B_SPLINE_CURVE(2,(#4933,#4934,#4935,#4936,#4937),.UNSPECIFIED.,.F.,.F.)
B_SPLINE_CURVE_WITH_KNOTS((3,2,3),(2.19700710729668,3.14159251295372,4.71238898038492),
 .UNSPECIFIED.)
CURVE()
GEOMETRIC_REPRESENTATION_ITEM()
RATIONAL_B_SPLINE_CURVE((1.,0.888625493976067,1.,0.707106781187025,1.))
REPRESENTATION_ITEM('')
);
#3283=(
BOUNDED_CURVE()
B_SPLINE_CURVE(1,(#4940,#4941),.UNSPECIFIED.,.F.,.F.)
B_SPLINE_CURVE_WITH_KNOTS((2,2),(-0.715923203601533,0.),.UNSPECIFIED.)
CURVE()
GEOMETRIC_REPRESENTATION_ITEM()
RATIONAL_B_SPLINE_CURVE((1.,1.))
REPRESENTATION_ITEM('')
);
#3284=(
BOUNDED_CURVE()
B_SPLINE_CURVE(2,(#4946,#4947,#4948),.UNSPECIFIED.,.F.,.F.)
B_SPLINE_CURVE_WITH_KNOTS((3,3),(-2.277654673853,0.),.UNSPECIFIED.)
CURVE()
GEOMETRIC_REPRESENTATION_ITEM()
RATIONAL_B_SPLINE_CURVE((1.,0.707106781187,1.))
REPRESENTATION_ITEM('')
);
#3285=(
BOUNDED_CURVE()
B_SPLINE_CURVE(1,(#4951,#4952),.UNSPECIFIED.,.F.,.F.)
B_SPLINE_CURVE_WITH_KNOTS((2,2),(-0.865370879822,-0.149447676220467),
 .UNSPECIFIED.)
CURVE()
GEOMETRIC_REPRESENTATION_ITEM()
RATIONAL_B_SPLINE_CURVE((1.,1.))
REPRESENTATION_ITEM('')
);
#3286=(
BOUNDED_CURVE()
B_SPLINE_CURVE(2,(#4955,#4956,#4957),.UNSPECIFIED.,.F.,.F.)
B_SPLINE_CURVE_WITH_KNOTS((3,3),(1.57079632679499,2.19700710730732),
 .UNSPECIFIED.)
CURVE()
GEOMETRIC_REPRESENTATION_ITEM()
RATIONAL_B_SPLINE_CURVE((1.,0.952656084743569,1.))
REPRESENTATION_ITEM('')
);
#3287=(
BOUNDED_CURVE()
B_SPLINE_CURVE(2,(#4962,#4963,#4964,#4965,#4966),.UNSPECIFIED.,.F.,.F.)
B_SPLINE_CURVE_WITH_KNOTS((3,2,3),(-3.946306434239,-1.9731532171195,0.),
 .UNSPECIFIED.)
CURVE()
GEOMETRIC_REPRESENTATION_ITEM()
RATIONAL_B_SPLINE_CURVE((1.,0.707106781187,1.,0.707106781187,1.))
REPRESENTATION_ITEM('')
);
#3288=(
BOUNDED_CURVE()
B_SPLINE_CURVE(2,(#4971,#4972,#4973),.UNSPECIFIED.,.F.,.F.)
B_SPLINE_CURVE_WITH_KNOTS((3,3),(0.,2.277654673853),.UNSPECIFIED.)
CURVE()
GEOMETRIC_REPRESENTATION_ITEM()
RATIONAL_B_SPLINE_CURVE((1.,0.707106781187,1.))
REPRESENTATION_ITEM('')
);
#3289=(
BOUNDED_CURVE()
B_SPLINE_CURVE(2,(#4978,#4979,#4980,#4981,#4982),.UNSPECIFIED.,.F.,.F.)
B_SPLINE_CURVE_WITH_KNOTS((3,2,3),(0.,1.97315321712,3.946306434239),
 .UNSPECIFIED.)
CURVE()
GEOMETRIC_REPRESENTATION_ITEM()
RATIONAL_B_SPLINE_CURVE((1.,0.707106781187,1.,0.707106781187,1.))
REPRESENTATION_ITEM('')
);
#3290=(
BOUNDED_CURVE()
B_SPLINE_CURVE(2,(#4983,#4984,#4985,#4986,#4987),.UNSPECIFIED.,.F.,.F.)
B_SPLINE_CURVE_WITH_KNOTS((3,2,3),(-3.946306434239,-1.97315321712,0.),
 .UNSPECIFIED.)
CURVE()
GEOMETRIC_REPRESENTATION_ITEM()
RATIONAL_B_SPLINE_CURVE((1.,0.707106781187,1.,0.707106781187,1.))
REPRESENTATION_ITEM('')
);
#3291=(
BOUNDED_CURVE()
B_SPLINE_CURVE(2,(#4988,#4989,#4990,#4991,#4992),.UNSPECIFIED.,.F.,.F.)
B_SPLINE_CURVE_WITH_KNOTS((3,2,3),(2.35533485094,2.574897223888,2.794459596836),
 .UNSPECIFIED.)
CURVE()
GEOMETRIC_REPRESENTATION_ITEM()
RATIONAL_B_SPLINE_CURVE((1.,0.965925843428,1.,0.965925843428,1.))
REPRESENTATION_ITEM('')
);
#3292=(
BOUNDED_CURVE()
B_SPLINE_CURVE(2,(#4993,#4994,#4995,#4996,#4997),.UNSPECIFIED.,.F.,.F.)
B_SPLINE_CURVE_WITH_KNOTS((3,2,3),(2.35533485094,2.574897223888,2.794459596836),
 .UNSPECIFIED.)
CURVE()
GEOMETRIC_REPRESENTATION_ITEM()
RATIONAL_B_SPLINE_CURVE((1.,0.965925843428,1.,0.965925843428,1.))
REPRESENTATION_ITEM('')
);
#3293=(
BOUNDED_CURVE()
B_SPLINE_CURVE(2,(#5002,#5003,#5004,#5005,#5006),.UNSPECIFIED.,.F.,.F.)
B_SPLINE_CURVE_WITH_KNOTS((3,2,3),(2.35533485094,2.574897197714,2.794459596836),
 .UNSPECIFIED.)
CURVE()
GEOMETRIC_REPRESENTATION_ITEM()
RATIONAL_B_SPLINE_CURVE((1.,0.965925843428,1.,0.965925826289,1.))
REPRESENTATION_ITEM('')
);
#3294=(
BOUNDED_CURVE()
B_SPLINE_CURVE(2,(#5007,#5008,#5009,#5010,#5011),.UNSPECIFIED.,.F.,.F.)
B_SPLINE_CURVE_WITH_KNOTS((3,2,3),(2.35533485094,2.574897197714,2.794459596836),
 .UNSPECIFIED.)
CURVE()
GEOMETRIC_REPRESENTATION_ITEM()
RATIONAL_B_SPLINE_CURVE((1.,0.965925843428,1.,0.965925826289,1.))
REPRESENTATION_ITEM('')
);
#3295=(
BOUNDED_CURVE()
B_SPLINE_CURVE(2,(#5016,#5017,#5018,#5019,#5020),.UNSPECIFIED.,.F.,.F.)
B_SPLINE_CURVE_WITH_KNOTS((3,2,3),(1.067886238996,1.28744858577,1.507010984892),
 .UNSPECIFIED.)
CURVE()
GEOMETRIC_REPRESENTATION_ITEM()
RATIONAL_B_SPLINE_CURVE((1.,0.965925843428,1.,0.965925826289,1.))
REPRESENTATION_ITEM('')
);
#3296=(
BOUNDED_CURVE()
B_SPLINE_CURVE(2,(#5021,#5022,#5023,#5024,#5025),.UNSPECIFIED.,.F.,.F.)
B_SPLINE_CURVE_WITH_KNOTS((3,2,3),(1.067886238996,1.28744858577,1.507010984892),
 .UNSPECIFIED.)
CURVE()
GEOMETRIC_REPRESENTATION_ITEM()
RATIONAL_B_SPLINE_CURVE((1.,0.965925843428,1.,0.965925826289,1.))
REPRESENTATION_ITEM('')
);
#3297=(
BOUNDED_CURVE()
B_SPLINE_CURVE(2,(#5030,#5031,#5032,#5033,#5034),.UNSPECIFIED.,.F.,.F.)
B_SPLINE_CURVE_WITH_KNOTS((3,2,3),(1.067886238996,1.287448638118,1.507010984892),
 .UNSPECIFIED.)
CURVE()
GEOMETRIC_REPRESENTATION_ITEM()
RATIONAL_B_SPLINE_CURVE((1.,0.965925826289,1.,0.965925843428,1.))
REPRESENTATION_ITEM('')
);
#3298=(
BOUNDED_CURVE()
B_SPLINE_CURVE(2,(#5035,#5036,#5037,#5038,#5039),.UNSPECIFIED.,.F.,.F.)
B_SPLINE_CURVE_WITH_KNOTS((3,2,3),(1.067886238996,1.287448638118,1.507010984892),
 .UNSPECIFIED.)
CURVE()
GEOMETRIC_REPRESENTATION_ITEM()
RATIONAL_B_SPLINE_CURVE((1.,0.965925826289,1.,0.965925843428,1.))
REPRESENTATION_ITEM('')
);
#3299=(
BOUNDED_CURVE()
B_SPLINE_CURVE(2,(#5079,#5080,#5081),.UNSPECIFIED.,.F.,.F.)
B_SPLINE_CURVE_WITH_KNOTS((3,3),(-1.519913319526,-1.507159760152),
 .UNSPECIFIED.)
CURVE()
GEOMETRIC_REPRESENTATION_ITEM()
RATIONAL_B_SPLINE_CURVE((1.,0.999869317391,1.))
REPRESENTATION_ITEM('')
);
#3300=(
BOUNDED_CURVE()
B_SPLINE_CURVE(1,(#5097,#5098),.UNSPECIFIED.,.F.,.F.)
B_SPLINE_CURVE_WITH_KNOTS((2,2),(-0.267192647285,0.),.UNSPECIFIED.)
CURVE()
GEOMETRIC_REPRESENTATION_ITEM()
RATIONAL_B_SPLINE_CURVE((1.,1.))
REPRESENTATION_ITEM('')
);
#3301=(
BOUNDED_CURVE()
B_SPLINE_CURVE(2,(#5130,#5131,#5132),.UNSPECIFIED.,.F.,.F.)
B_SPLINE_CURVE_WITH_KNOTS((3,3),(-0.235619449019,0.),.UNSPECIFIED.)
CURVE()
GEOMETRIC_REPRESENTATION_ITEM()
RATIONAL_B_SPLINE_CURVE((1.,0.707106781187,1.))
REPRESENTATION_ITEM('')
);
#3302=(
BOUNDED_CURVE()
B_SPLINE_CURVE(2,(#5139,#5140,#5141),.UNSPECIFIED.,.F.,.F.)
B_SPLINE_CURVE_WITH_KNOTS((3,3),(-1.067737472443,-1.054983905299),
 .UNSPECIFIED.)
CURVE()
GEOMETRIC_REPRESENTATION_ITEM()
RATIONAL_B_SPLINE_CURVE((1.,0.99986931717,1.))
REPRESENTATION_ITEM('')
);
#3303=(
BOUNDED_CURVE()
B_SPLINE_CURVE(2,(#5159,#5160,#5161),.UNSPECIFIED.,.F.,.F.)
B_SPLINE_CURVE_WITH_KNOTS((3,3),(-1.618580664395,-1.507010984891),
 .UNSPECIFIED.)
CURVE()
GEOMETRIC_REPRESENTATION_ITEM()
RATIONAL_B_SPLINE_CURVE((1.,0.98981729653,1.))
REPRESENTATION_ITEM('')
);
#3304=(
BOUNDED_CURVE()
B_SPLINE_CURVE(1,(#5166,#5167),.UNSPECIFIED.,.F.,.F.)
B_SPLINE_CURVE_WITH_KNOTS((2,2),(0.,0.51961524227),.UNSPECIFIED.)
CURVE()
GEOMETRIC_REPRESENTATION_ITEM()
RATIONAL_B_SPLINE_CURVE((1.,1.))
REPRESENTATION_ITEM('')
);
#3305=(
BOUNDED_CURVE()
B_SPLINE_CURVE(1,(#5181,#5182),.UNSPECIFIED.,.F.,.F.)
B_SPLINE_CURVE_WITH_KNOTS((2,2),(-0.51961524227,0.),.UNSPECIFIED.)
CURVE()
GEOMETRIC_REPRESENTATION_ITEM()
RATIONAL_B_SPLINE_CURVE((1.,1.))
REPRESENTATION_ITEM('')
);
#3306=(
BOUNDED_CURVE()
B_SPLINE_CURVE(2,(#5189,#5190,#5191),.UNSPECIFIED.,.F.,.F.)
B_SPLINE_CURVE_WITH_KNOTS((3,3),(-1.618580664395,-1.507010984891),
 .UNSPECIFIED.)
CURVE()
GEOMETRIC_REPRESENTATION_ITEM()
RATIONAL_B_SPLINE_CURVE((1.,0.98981729653,1.))
REPRESENTATION_ITEM('')
);
#3307=(
BOUNDED_CURVE()
B_SPLINE_CURVE(2,(#5202,#5203,#5204),.UNSPECIFIED.,.F.,.F.)
B_SPLINE_CURVE_WITH_KNOTS((3,3),(2.243765171436,2.35533485094),
 .UNSPECIFIED.)
CURVE()
GEOMETRIC_REPRESENTATION_ITEM()
RATIONAL_B_SPLINE_CURVE((1.,0.989817301319,1.))
REPRESENTATION_ITEM('')
);
#3308=(
BOUNDED_CURVE()
B_SPLINE_CURVE(2,(#5205,#5206,#5207),.UNSPECIFIED.,.F.,.F.)
B_SPLINE_CURVE_WITH_KNOTS((3,3),(2.243765171436,2.35533485094),
 .UNSPECIFIED.)
CURVE()
GEOMETRIC_REPRESENTATION_ITEM()
RATIONAL_B_SPLINE_CURVE((1.,0.989817301319,1.))
REPRESENTATION_ITEM('')
);
#3309=(
BOUNDED_CURVE()
B_SPLINE_CURVE(2,(#5241,#5242,#5243),.UNSPECIFIED.,.F.,.F.)
B_SPLINE_CURVE_WITH_KNOTS((3,3),(-0.235619449019,0.),.UNSPECIFIED.)
CURVE()
GEOMETRIC_REPRESENTATION_ITEM()
RATIONAL_B_SPLINE_CURVE((1.,0.707106781187,1.))
REPRESENTATION_ITEM('')
);
#3310=(
BOUNDED_CURVE()
B_SPLINE_CURVE(2,(#5265,#5266,#5267),.UNSPECIFIED.,.F.,.F.)
B_SPLINE_CURVE_WITH_KNOTS((3,3),(-0.232464705656,-0.219711148206),
 .UNSPECIFIED.)
CURVE()
GEOMETRIC_REPRESENTATION_ITEM()
RATIONAL_B_SPLINE_CURVE((1.,0.999869317431,1.))
REPRESENTATION_ITEM('')
);
#3311=(
BOUNDED_CURVE()
B_SPLINE_CURVE(2,(#5320,#5321,#5322),.UNSPECIFIED.,.F.,.F.)
B_SPLINE_CURVE_WITH_KNOTS((3,3),(-2.355186084386,-2.34243251585),
 .UNSPECIFIED.)
CURVE()
GEOMETRIC_REPRESENTATION_ITEM()
RATIONAL_B_SPLINE_CURVE((1.,0.999869317204,1.))
REPRESENTATION_ITEM('')
);
#3312=(
BOUNDED_CURVE()
B_SPLINE_CURVE(2,(#5352,#5353,#5354),.UNSPECIFIED.,.F.,.F.)
B_SPLINE_CURVE_WITH_KNOTS((3,3),(-2.355186084386,-2.34243251585),
 .UNSPECIFIED.)
CURVE()
GEOMETRIC_REPRESENTATION_ITEM()
RATIONAL_B_SPLINE_CURVE((1.,0.999869317204,1.))
REPRESENTATION_ITEM('')
);
#3313=(
BOUNDED_CURVE()
B_SPLINE_CURVE(2,(#5357,#5358,#5359),.UNSPECIFIED.,.F.,.F.)
B_SPLINE_CURVE_WITH_KNOTS((3,3),(-0.232464705656,-0.219711148206),
 .UNSPECIFIED.)
CURVE()
GEOMETRIC_REPRESENTATION_ITEM()
RATIONAL_B_SPLINE_CURVE((1.,0.999869317431,1.))
REPRESENTATION_ITEM('')
);
#3314=(
BOUNDED_CURVE()
B_SPLINE_CURVE(2,(#5374,#5375,#5376),.UNSPECIFIED.,.F.,.F.)
B_SPLINE_CURVE_WITH_KNOTS((3,3),(-1.137671338762,-1.046868059393),
 .UNSPECIFIED.)
CURVE()
GEOMETRIC_REPRESENTATION_ITEM()
RATIONAL_B_SPLINE_CURVE((1.,0.970361660906,1.))
REPRESENTATION_ITEM('')
);
#3315=(
BOUNDED_CURVE()
B_SPLINE_CURVE(1,(#5389,#5390),.UNSPECIFIED.,.F.,.F.)
B_SPLINE_CURVE_WITH_KNOTS((2,2),(-0.206840607438,0.),.UNSPECIFIED.)
CURVE()
GEOMETRIC_REPRESENTATION_ITEM()
RATIONAL_B_SPLINE_CURVE((1.,1.))
REPRESENTATION_ITEM('')
);
#3316=(
BOUNDED_CURVE()
B_SPLINE_CURVE(2,(#5393,#5394,#5395),.UNSPECIFIED.,.F.,.F.)
B_SPLINE_CURVE_WITH_KNOTS((3,3),(-0.235619449019,0.),.UNSPECIFIED.)
CURVE()
GEOMETRIC_REPRESENTATION_ITEM()
RATIONAL_B_SPLINE_CURVE((1.,0.707106781187,1.))
REPRESENTATION_ITEM('')
);
#3317=(
BOUNDED_CURVE()
B_SPLINE_CURVE(2,(#5404,#5405,#5406),.UNSPECIFIED.,.F.,.F.)
B_SPLINE_CURVE_WITH_KNOTS((3,3),(0.86328667892,1.067886238996),
 .UNSPECIFIED.)
CURVE()
GEOMETRIC_REPRESENTATION_ITEM()
RATIONAL_B_SPLINE_CURVE((1.,0.96592584226,1.))
REPRESENTATION_ITEM('')
);
#3318=(
BOUNDED_CURVE()
B_SPLINE_CURVE(2,(#5407,#5408,#5409),.UNSPECIFIED.,.F.,.F.)
B_SPLINE_CURVE_WITH_KNOTS((3,3),(0.86328667892,1.067886238996),
 .UNSPECIFIED.)
CURVE()
GEOMETRIC_REPRESENTATION_ITEM()
RATIONAL_B_SPLINE_CURVE((1.,0.96592584226,1.))
REPRESENTATION_ITEM('')
);
#3319=(
BOUNDED_CURVE()
B_SPLINE_CURVE(2,(#5414,#5415,#5416),.UNSPECIFIED.,.F.,.F.)
B_SPLINE_CURVE_WITH_KNOTS((3,3),(0.219562372948,0.424161933024),
 .UNSPECIFIED.)
CURVE()
GEOMETRIC_REPRESENTATION_ITEM()
RATIONAL_B_SPLINE_CURVE((1.,0.96592584226,1.))
REPRESENTATION_ITEM('')
);
#3320=(
BOUNDED_CURVE()
B_SPLINE_CURVE(2,(#5417,#5418,#5419),.UNSPECIFIED.,.F.,.F.)
B_SPLINE_CURVE_WITH_KNOTS((3,3),(0.219562372948,0.424161933024),
 .UNSPECIFIED.)
CURVE()
GEOMETRIC_REPRESENTATION_ITEM()
RATIONAL_B_SPLINE_CURVE((1.,0.96592584226,1.))
REPRESENTATION_ITEM('')
);
#3321=(
BOUNDED_CURVE()
B_SPLINE_CURVE(2,(#5424,#5425,#5426),.UNSPECIFIED.,.F.,.F.)
B_SPLINE_CURVE_WITH_KNOTS((3,3),(-0.235619449019,0.),.UNSPECIFIED.)
CURVE()
GEOMETRIC_REPRESENTATION_ITEM()
RATIONAL_B_SPLINE_CURVE((1.,0.707106781187,1.))
REPRESENTATION_ITEM('')
);
#3322=(
BOUNDED_CURVE()
B_SPLINE_CURVE(2,(#5445,#5446,#5447),.UNSPECIFIED.,.F.,.F.)
B_SPLINE_CURVE_WITH_KNOTS((3,3),(-0.09080327936888,0.),.UNSPECIFIED.)
CURVE()
GEOMETRIC_REPRESENTATION_ITEM()
RATIONAL_B_SPLINE_CURVE((1.,0.970361675811,1.))
REPRESENTATION_ITEM('')
);
#3323=(
BOUNDED_CURVE()
B_SPLINE_CURVE(1,(#5452,#5453),.UNSPECIFIED.,.F.,.F.)
B_SPLINE_CURVE_WITH_KNOTS((2,2),(-0.300000000144,0.),.UNSPECIFIED.)
CURVE()
GEOMETRIC_REPRESENTATION_ITEM()
RATIONAL_B_SPLINE_CURVE((1.,1.))
REPRESENTATION_ITEM('')
);
#3324=(
BOUNDED_CURVE()
B_SPLINE_CURVE(2,(#5488,#5489,#5490),.UNSPECIFIED.,.F.,.F.)
B_SPLINE_CURVE_WITH_KNOTS((3,3),(-1.137671338762,-1.046868059393),
 .UNSPECIFIED.)
CURVE()
GEOMETRIC_REPRESENTATION_ITEM()
RATIONAL_B_SPLINE_CURVE((1.,0.970361675811,1.))
REPRESENTATION_ITEM('')
);
#3325=(
BOUNDED_CURVE()
B_SPLINE_CURVE(1,(#5503,#5504),.UNSPECIFIED.,.F.,.F.)
B_SPLINE_CURVE_WITH_KNOTS((2,2),(0.,0.206840607436),.UNSPECIFIED.)
CURVE()
GEOMETRIC_REPRESENTATION_ITEM()
RATIONAL_B_SPLINE_CURVE((1.,1.))
REPRESENTATION_ITEM('')
);
#3326=(
BOUNDED_CURVE()
B_SPLINE_CURVE(2,(#5507,#5508,#5509),.UNSPECIFIED.,.F.,.F.)
B_SPLINE_CURVE_WITH_KNOTS((3,3),(-0.235619449019,0.),.UNSPECIFIED.)
CURVE()
GEOMETRIC_REPRESENTATION_ITEM()
RATIONAL_B_SPLINE_CURVE((1.,0.707106781187,1.))
REPRESENTATION_ITEM('')
);
#3327=(
BOUNDED_CURVE()
B_SPLINE_CURVE(2,(#5518,#5519,#5520),.UNSPECIFIED.,.F.,.F.)
B_SPLINE_CURVE_WITH_KNOTS((3,3),(-0.235619449019,0.),.UNSPECIFIED.)
CURVE()
GEOMETRIC_REPRESENTATION_ITEM()
RATIONAL_B_SPLINE_CURVE((1.,0.707106781187,1.))
REPRESENTATION_ITEM('')
);
#3328=(
BOUNDED_CURVE()
B_SPLINE_CURVE(2,(#5523,#5524,#5525),.UNSPECIFIED.,.F.,.F.)
B_SPLINE_CURVE_WITH_KNOTS((3,3),(-0.235619449019,0.),.UNSPECIFIED.)
CURVE()
GEOMETRIC_REPRESENTATION_ITEM()
RATIONAL_B_SPLINE_CURVE((1.,0.707106781187,1.))
REPRESENTATION_ITEM('')
);
#3329=(
BOUNDED_CURVE()
B_SPLINE_CURVE(2,(#5536,#5537,#5538),.UNSPECIFIED.,.F.,.F.)
B_SPLINE_CURVE_WITH_KNOTS((3,3),(-0.235619449019,0.),.UNSPECIFIED.)
CURVE()
GEOMETRIC_REPRESENTATION_ITEM()
RATIONAL_B_SPLINE_CURVE((1.,0.707106781187,1.))
REPRESENTATION_ITEM('')
);
#3330=(
BOUNDED_CURVE()
B_SPLINE_CURVE(2,(#5541,#5542,#5543),.UNSPECIFIED.,.F.,.F.)
B_SPLINE_CURVE_WITH_KNOTS((3,3),(-0.235619449019,0.),.UNSPECIFIED.)
CURVE()
GEOMETRIC_REPRESENTATION_ITEM()
RATIONAL_B_SPLINE_CURVE((1.,0.707106781187,1.))
REPRESENTATION_ITEM('')
);
#3331=(
BOUNDED_CURVE()
B_SPLINE_CURVE(2,(#5546,#5547,#5548),.UNSPECIFIED.,.F.,.F.)
B_SPLINE_CURVE_WITH_KNOTS((3,3),(-0.235619449019,0.),.UNSPECIFIED.)
CURVE()
GEOMETRIC_REPRESENTATION_ITEM()
RATIONAL_B_SPLINE_CURVE((1.,0.707106781187,1.))
REPRESENTATION_ITEM('')
);
#3332=(
BOUNDED_CURVE()
B_SPLINE_CURVE(2,(#5559,#5560,#5561),.UNSPECIFIED.,.F.,.F.)
B_SPLINE_CURVE_WITH_KNOTS((3,3),(-0.235619449019,0.),.UNSPECIFIED.)
CURVE()
GEOMETRIC_REPRESENTATION_ITEM()
RATIONAL_B_SPLINE_CURVE((1.,0.707106781187,1.))
REPRESENTATION_ITEM('')
);
#3333=(
BOUNDED_CURVE()
B_SPLINE_CURVE(2,(#5564,#5565,#5566),.UNSPECIFIED.,.F.,.F.)
B_SPLINE_CURVE_WITH_KNOTS((3,3),(0.,0.235619449019),.UNSPECIFIED.)
CURVE()
GEOMETRIC_REPRESENTATION_ITEM()
RATIONAL_B_SPLINE_CURVE((1.,0.707106781187,1.))
REPRESENTATION_ITEM('')
);
#3334=(
BOUNDED_CURVE()
B_SPLINE_CURVE(2,(#5567,#5568,#5569),.UNSPECIFIED.,.F.,.F.)
B_SPLINE_CURVE_WITH_KNOTS((3,3),(0.,0.235619449019),.UNSPECIFIED.)
CURVE()
GEOMETRIC_REPRESENTATION_ITEM()
RATIONAL_B_SPLINE_CURVE((1.,0.707106781187,1.))
REPRESENTATION_ITEM('')
);
#3335=(
BOUNDED_CURVE()
B_SPLINE_CURVE(2,(#5580,#5581,#5582),.UNSPECIFIED.,.F.,.F.)
B_SPLINE_CURVE_WITH_KNOTS((3,3),(-0.235619449019,0.),.UNSPECIFIED.)
CURVE()
GEOMETRIC_REPRESENTATION_ITEM()
RATIONAL_B_SPLINE_CURVE((1.,0.707106781187,1.))
REPRESENTATION_ITEM('')
);
#3336=(
BOUNDED_CURVE()
B_SPLINE_CURVE(1,(#5589,#5590),.UNSPECIFIED.,.F.,.F.)
B_SPLINE_CURVE_WITH_KNOTS((2,2),(-0.206840607439,0.),.UNSPECIFIED.)
CURVE()
GEOMETRIC_REPRESENTATION_ITEM()
RATIONAL_B_SPLINE_CURVE((1.,1.))
REPRESENTATION_ITEM('')
);
#3337=(
BOUNDED_CURVE()
B_SPLINE_CURVE(2,(#5601,#5602,#5603),.UNSPECIFIED.,.F.,.F.)
B_SPLINE_CURVE_WITH_KNOTS((3,3),(-0.09080327936888,0.),.UNSPECIFIED.)
CURVE()
GEOMETRIC_REPRESENTATION_ITEM()
RATIONAL_B_SPLINE_CURVE((1.,0.970361660906,1.))
REPRESENTATION_ITEM('')
);
#3338=(
BOUNDED_CURVE()
B_SPLINE_CURVE(2,(#5616,#5617,#5618),.UNSPECIFIED.,.F.,.F.)
B_SPLINE_CURVE_WITH_KNOTS((3,3),(0.863286678923,1.067886238998),
 .UNSPECIFIED.)
CURVE()
GEOMETRIC_REPRESENTATION_ITEM()
RATIONAL_B_SPLINE_CURVE((1.,0.96592584226,1.))
REPRESENTATION_ITEM('')
);
#3339=(
BOUNDED_CURVE()
B_SPLINE_CURVE(2,(#5619,#5620,#5621),.UNSPECIFIED.,.F.,.F.)
B_SPLINE_CURVE_WITH_KNOTS((3,3),(0.863286678923,1.067886238998),
 .UNSPECIFIED.)
CURVE()
GEOMETRIC_REPRESENTATION_ITEM()
RATIONAL_B_SPLINE_CURVE((1.,0.96592584226,1.))
REPRESENTATION_ITEM('')
);
#3340=(
BOUNDED_CURVE()
B_SPLINE_CURVE(2,(#5626,#5627,#5628),.UNSPECIFIED.,.F.,.F.)
B_SPLINE_CURVE_WITH_KNOTS((3,3),(0.21956237295,0.424161933026),
 .UNSPECIFIED.)
CURVE()
GEOMETRIC_REPRESENTATION_ITEM()
RATIONAL_B_SPLINE_CURVE((1.,0.965925858231,1.))
REPRESENTATION_ITEM('')
);
#3341=(
BOUNDED_CURVE()
B_SPLINE_CURVE(2,(#5629,#5630,#5631),.UNSPECIFIED.,.F.,.F.)
B_SPLINE_CURVE_WITH_KNOTS((3,3),(0.21956237295,0.424161933026),
 .UNSPECIFIED.)
CURVE()
GEOMETRIC_REPRESENTATION_ITEM()
RATIONAL_B_SPLINE_CURVE((1.,0.965925858231,1.))
REPRESENTATION_ITEM('')
);
#3342=(
BOUNDED_CURVE()
B_SPLINE_CURVE(1,(#5638,#5639),.UNSPECIFIED.,.F.,.F.)
B_SPLINE_CURVE_WITH_KNOTS((2,2),(-0.692820323028,0.),.UNSPECIFIED.)
CURVE()
GEOMETRIC_REPRESENTATION_ITEM()
RATIONAL_B_SPLINE_CURVE((1.,1.))
REPRESENTATION_ITEM('')
);
#3343=(
BOUNDED_CURVE()
B_SPLINE_CURVE(2,(#5642,#5643,#5644,#5645,#5646),.UNSPECIFIED.,.F.,.F.)
B_SPLINE_CURVE_WITH_KNOTS((3,2,3),(-1.507010984891,-1.287448611944,-1.067886238995),
 .UNSPECIFIED.)
CURVE()
GEOMETRIC_REPRESENTATION_ITEM()
RATIONAL_B_SPLINE_CURVE((1.,0.965925843428,1.,0.965925843428,1.))
REPRESENTATION_ITEM('')
);
#3344=(
BOUNDED_CURVE()
B_SPLINE_CURVE(1,(#5654,#5655),.UNSPECIFIED.,.F.,.F.)
B_SPLINE_CURVE_WITH_KNOTS((2,2),(0.,0.463357321177),.UNSPECIFIED.)
CURVE()
GEOMETRIC_REPRESENTATION_ITEM()
RATIONAL_B_SPLINE_CURVE((1.,1.))
REPRESENTATION_ITEM('')
);
#3345=(
BOUNDED_CURVE()
B_SPLINE_CURVE(1,(#5680,#5681),.UNSPECIFIED.,.F.,.F.)
B_SPLINE_CURVE_WITH_KNOTS((2,2),(-0.463357321179,0.),.UNSPECIFIED.)
CURVE()
GEOMETRIC_REPRESENTATION_ITEM()
RATIONAL_B_SPLINE_CURVE((1.,1.))
REPRESENTATION_ITEM('')
);
#3346=(
BOUNDED_CURVE()
B_SPLINE_CURVE(2,(#5684,#5685,#5686),.UNSPECIFIED.,.F.,.F.)
B_SPLINE_CURVE_WITH_KNOTS((3,3),(-1.137671338762,-1.046868059393),
 .UNSPECIFIED.)
CURVE()
GEOMETRIC_REPRESENTATION_ITEM()
RATIONAL_B_SPLINE_CURVE((1.,0.970361660906,1.))
REPRESENTATION_ITEM('')
);
#3347=(
BOUNDED_CURVE()
B_SPLINE_CURVE(2,(#5691,#5692,#5693),.UNSPECIFIED.,.F.,.F.)
B_SPLINE_CURVE_WITH_KNOTS((3,3),(-0.09080327936888,0.),.UNSPECIFIED.)
CURVE()
GEOMETRIC_REPRESENTATION_ITEM()
RATIONAL_B_SPLINE_CURVE((1.,0.970361660906,1.))
REPRESENTATION_ITEM('')
);
#3348=(
BOUNDED_CURVE()
B_SPLINE_CURVE(1,(#5696,#5697),.UNSPECIFIED.,.F.,.F.)
B_SPLINE_CURVE_WITH_KNOTS((2,2),(-0.692820323028,0.),.UNSPECIFIED.)
CURVE()
GEOMETRIC_REPRESENTATION_ITEM()
RATIONAL_B_SPLINE_CURVE((1.,1.))
REPRESENTATION_ITEM('')
);
#3349=(
BOUNDED_CURVE()
B_SPLINE_CURVE(2,(#5724,#5725,#5726,#5727,#5728),.UNSPECIFIED.,.F.,.F.)
B_SPLINE_CURVE_WITH_KNOTS((3,2,3),(-2.794459596836,-2.574897223888,-2.355334850939),
 .UNSPECIFIED.)
CURVE()
GEOMETRIC_REPRESENTATION_ITEM()
RATIONAL_B_SPLINE_CURVE((1.,0.965925826289,1.,0.965925826289,1.))
REPRESENTATION_ITEM('')
);
#3350=(
BOUNDED_CURVE()
B_SPLINE_CURVE(1,(#5740,#5741),.UNSPECIFIED.,.F.,.F.)
B_SPLINE_CURVE_WITH_KNOTS((2,2),(0.,0.692820323028),.UNSPECIFIED.)
CURVE()
GEOMETRIC_REPRESENTATION_ITEM()
RATIONAL_B_SPLINE_CURVE((1.,1.))
REPRESENTATION_ITEM('')
);
#3351=(
BOUNDED_CURVE()
B_SPLINE_CURVE(2,(#5754,#5755,#5756,#5757,#5758),.UNSPECIFIED.,.F.,.F.)
B_SPLINE_CURVE_WITH_KNOTS((3,2,3),(-1.507010984893,-1.287448611944,-1.067886238995),
 .UNSPECIFIED.)
CURVE()
GEOMETRIC_REPRESENTATION_ITEM()
RATIONAL_B_SPLINE_CURVE((1.,0.965925826289,1.,0.965925826289,1.))
REPRESENTATION_ITEM('')
);
#3352=(
BOUNDED_CURVE()
B_SPLINE_CURVE(1,(#5766,#5767),.UNSPECIFIED.,.F.,.F.)
B_SPLINE_CURVE_WITH_KNOTS((2,2),(0.,0.463357321178),.UNSPECIFIED.)
CURVE()
GEOMETRIC_REPRESENTATION_ITEM()
RATIONAL_B_SPLINE_CURVE((1.,1.))
REPRESENTATION_ITEM('')
);
#3353=(
BOUNDED_CURVE()
B_SPLINE_CURVE(2,(#5788,#5789,#5790),.UNSPECIFIED.,.F.,.F.)
B_SPLINE_CURVE_WITH_KNOTS((3,3),(-1.137671338762,-1.046868059393),
 .UNSPECIFIED.)
CURVE()
GEOMETRIC_REPRESENTATION_ITEM()
RATIONAL_B_SPLINE_CURVE((1.,0.970361675811,1.))
REPRESENTATION_ITEM('')
);
#3354=(
BOUNDED_CURVE()
B_SPLINE_CURVE(2,(#5793,#5794,#5795),.UNSPECIFIED.,.F.,.F.)
B_SPLINE_CURVE_WITH_KNOTS((3,3),(-0.09080327936888,0.),.UNSPECIFIED.)
CURVE()
GEOMETRIC_REPRESENTATION_ITEM()
RATIONAL_B_SPLINE_CURVE((1.,0.970361675811,1.))
REPRESENTATION_ITEM('')
);
#3355=(
BOUNDED_CURVE()
B_SPLINE_CURVE(1,(#5802,#5803),.UNSPECIFIED.,.F.,.F.)
B_SPLINE_CURVE_WITH_KNOTS((2,2),(-0.463357321181,0.),.UNSPECIFIED.)
CURVE()
GEOMETRIC_REPRESENTATION_ITEM()
RATIONAL_B_SPLINE_CURVE((1.,1.))
REPRESENTATION_ITEM('')
);
#3356=(
BOUNDED_CURVE()
B_SPLINE_CURVE(1,(#5806,#5807),.UNSPECIFIED.,.F.,.F.)
B_SPLINE_CURVE_WITH_KNOTS((2,2),(-0.692820323028,0.),.UNSPECIFIED.)
CURVE()
GEOMETRIC_REPRESENTATION_ITEM()
RATIONAL_B_SPLINE_CURVE((1.,1.))
REPRESENTATION_ITEM('')
);
#3357=(
BOUNDED_CURVE()
B_SPLINE_CURVE(2,(#5834,#5835,#5836,#5837,#5838),.UNSPECIFIED.,.F.,.F.)
B_SPLINE_CURVE_WITH_KNOTS((3,2,3),(-2.794459596836,-2.574897223888,-2.355334850937),
 .UNSPECIFIED.)
CURVE()
GEOMETRIC_REPRESENTATION_ITEM()
RATIONAL_B_SPLINE_CURVE((1.,0.965925826289,1.,0.965925826288,1.))
REPRESENTATION_ITEM('')
);
#3358=(
BOUNDED_CURVE()
B_SPLINE_CURVE(2,(#5856,#5857,#5858,#5859,#5860),.UNSPECIFIED.,.F.,.F.)
B_SPLINE_CURVE_WITH_KNOTS((3,2,3),(0.,1.9731532170285,3.946306434057),
 .UNSPECIFIED.)
CURVE()
GEOMETRIC_REPRESENTATION_ITEM()
RATIONAL_B_SPLINE_CURVE((1.,0.707106781187,1.,0.707106781187,1.))
REPRESENTATION_ITEM('')
);
#3359=(
BOUNDED_CURVE()
B_SPLINE_CURVE(2,(#5861,#5862,#5863,#5864,#5865),.UNSPECIFIED.,.F.,.F.)
B_SPLINE_CURVE_WITH_KNOTS((3,2,3),(0.,1.973153217028,3.946306434057),
 .UNSPECIFIED.)
CURVE()
GEOMETRIC_REPRESENTATION_ITEM()
RATIONAL_B_SPLINE_CURVE((1.,0.707106781187,1.,0.707106781187,1.))
REPRESENTATION_ITEM('')
);
#3360=(
BOUNDED_CURVE()
B_SPLINE_CURVE(2,(#5866,#5867,#5868,#5869,#5870),.UNSPECIFIED.,.F.,.F.)
B_SPLINE_CURVE_WITH_KNOTS((3,2,3),(-3.946306434057,-1.9731532170285,0.),
 .UNSPECIFIED.)
CURVE()
GEOMETRIC_REPRESENTATION_ITEM()
RATIONAL_B_SPLINE_CURVE((1.,0.707106781187,1.,0.707106781187,1.))
REPRESENTATION_ITEM('')
);
#3361=(
BOUNDED_CURVE()
B_SPLINE_CURVE(2,(#5871,#5872,#5873,#5874,#5875),.UNSPECIFIED.,.F.,.F.)
B_SPLINE_CURVE_WITH_KNOTS((3,2,3),(-3.946306434057,-1.973153217028,0.),
 .UNSPECIFIED.)
CURVE()
GEOMETRIC_REPRESENTATION_ITEM()
RATIONAL_B_SPLINE_CURVE((1.,0.707106781187,1.,0.707106781187,1.))
REPRESENTATION_ITEM('')
);
#3362=(
BOUNDED_CURVE()
B_SPLINE_CURVE(2,(#5878,#5879,#5880,#5881,#5882),.UNSPECIFIED.,.F.,.F.)
B_SPLINE_CURVE_WITH_KNOTS((3,2,3),(-2.794459596836,-2.574897223888,-2.355334850937),
 .UNSPECIFIED.)
CURVE()
GEOMETRIC_REPRESENTATION_ITEM()
RATIONAL_B_SPLINE_CURVE((1.,0.965925826289,1.,0.965925826288,1.))
REPRESENTATION_ITEM('')
);
#3363=(
BOUNDED_CURVE()
B_SPLINE_CURVE(2,(#5885,#5886,#5887,#5888,#5889),.UNSPECIFIED.,.F.,.F.)
B_SPLINE_CURVE_WITH_KNOTS((3,2,3),(-1.507010984893,-1.287448611944,-1.067886238995),
 .UNSPECIFIED.)
CURVE()
GEOMETRIC_REPRESENTATION_ITEM()
RATIONAL_B_SPLINE_CURVE((1.,0.965925826289,1.,0.965925826289,1.))
REPRESENTATION_ITEM('')
);
#3364=(
BOUNDED_CURVE()
B_SPLINE_CURVE(2,(#5892,#5893,#5894,#5895,#5896),.UNSPECIFIED.,.F.,.F.)
B_SPLINE_CURVE_WITH_KNOTS((3,2,3),(-2.794459596836,-2.574897223888,-2.355334850939),
 .UNSPECIFIED.)
CURVE()
GEOMETRIC_REPRESENTATION_ITEM()
RATIONAL_B_SPLINE_CURVE((1.,0.965925826289,1.,0.965925826289,1.))
REPRESENTATION_ITEM('')
);
#3365=(
BOUNDED_CURVE()
B_SPLINE_CURVE(2,(#5899,#5900,#5901,#5902,#5903),.UNSPECIFIED.,.F.,.F.)
B_SPLINE_CURVE_WITH_KNOTS((3,2,3),(-1.507010984891,-1.287448611944,-1.067886238995),
 .UNSPECIFIED.)
CURVE()
GEOMETRIC_REPRESENTATION_ITEM()
RATIONAL_B_SPLINE_CURVE((1.,0.965925843428,1.,0.965925843428,1.))
REPRESENTATION_ITEM('')
);
#3366=(
BOUNDED_CURVE()
B_SPLINE_CURVE(1,(#5904,#5905),.UNSPECIFIED.,.F.,.F.)
B_SPLINE_CURVE_WITH_KNOTS((2,2),(0.,0.521961536654),.UNSPECIFIED.)
CURVE()
GEOMETRIC_REPRESENTATION_ITEM()
RATIONAL_B_SPLINE_CURVE((1.,1.))
REPRESENTATION_ITEM('')
);
#3367=(
BOUNDED_CURVE()
B_SPLINE_CURVE(1,(#5910,#5911),.UNSPECIFIED.,.F.,.F.)
B_SPLINE_CURVE_WITH_KNOTS((2,2),(0.,0.521961536654),.UNSPECIFIED.)
CURVE()
GEOMETRIC_REPRESENTATION_ITEM()
RATIONAL_B_SPLINE_CURVE((1.,1.))
REPRESENTATION_ITEM('')
);
#3368=(
BOUNDED_CURVE()
B_SPLINE_CURVE(2,(#5914,#5915,#5916),.UNSPECIFIED.,.F.,.F.)
B_SPLINE_CURVE_WITH_KNOTS((3,3),(0.,2.277654673853),.UNSPECIFIED.)
CURVE()
GEOMETRIC_REPRESENTATION_ITEM()
RATIONAL_B_SPLINE_CURVE((1.,0.707106781187,1.))
REPRESENTATION_ITEM('')
);
#3369=(
BOUNDED_CURVE()
B_SPLINE_CURVE(2,(#5919,#5920,#5921),.UNSPECIFIED.,.F.,.F.)
B_SPLINE_CURVE_WITH_KNOTS((3,3),(0.,2.277654673853),.UNSPECIFIED.)
CURVE()
GEOMETRIC_REPRESENTATION_ITEM()
RATIONAL_B_SPLINE_CURVE((1.,0.707106781187,1.))
REPRESENTATION_ITEM('')
);
#3370=(
BOUNDED_CURVE()
B_SPLINE_CURVE(2,(#5924,#5925,#5926),.UNSPECIFIED.,.F.,.F.)
B_SPLINE_CURVE_WITH_KNOTS((3,3),(0.,2.277654673853),.UNSPECIFIED.)
CURVE()
GEOMETRIC_REPRESENTATION_ITEM()
RATIONAL_B_SPLINE_CURVE((1.,0.707106781187,1.))
REPRESENTATION_ITEM('')
);
#3371=(
BOUNDED_CURVE()
B_SPLINE_CURVE(2,(#5935,#5936,#5937),.UNSPECIFIED.,.F.,.F.)
B_SPLINE_CURVE_WITH_KNOTS((3,3),(0.,2.277654673853),.UNSPECIFIED.)
CURVE()
GEOMETRIC_REPRESENTATION_ITEM()
RATIONAL_B_SPLINE_CURVE((1.,0.707106781187,1.))
REPRESENTATION_ITEM('')
);
#3372=(
BOUNDED_CURVE()
B_SPLINE_CURVE(1,(#5972,#5973),.UNSPECIFIED.,.F.,.F.)
B_SPLINE_CURVE_WITH_KNOTS((2,2),(1.20008055285183,1.70008055285183),
 .UNSPECIFIED.)
CURVE()
GEOMETRIC_REPRESENTATION_ITEM()
RATIONAL_B_SPLINE_CURVE((1.,1.))
REPRESENTATION_ITEM('')
);
#3373=(
BOUNDED_CURVE()
B_SPLINE_CURVE(1,(#5974,#5975),.UNSPECIFIED.,.F.,.F.)
B_SPLINE_CURVE_WITH_KNOTS((2,2),(1.20008055285183,1.70008055285183),
 .UNSPECIFIED.)
CURVE()
GEOMETRIC_REPRESENTATION_ITEM()
RATIONAL_B_SPLINE_CURVE((1.,1.))
REPRESENTATION_ITEM('')
);
#3374=(
BOUNDED_CURVE()
B_SPLINE_CURVE(2,(#5990,#5991,#5992),.UNSPECIFIED.,.F.,.F.)
B_SPLINE_CURVE_WITH_KNOTS((3,3),(-2.785428080115,0.),.UNSPECIFIED.)
CURVE()
GEOMETRIC_REPRESENTATION_ITEM()
RATIONAL_B_SPLINE_CURVE((1.,0.80622577483,1.))
REPRESENTATION_ITEM('')
);
#3375=(
BOUNDED_CURVE()
B_SPLINE_CURVE(2,(#5997,#5998,#5999),.UNSPECIFIED.,.F.,.F.)
B_SPLINE_CURVE_WITH_KNOTS((3,3),(-2.785428080115,0.),.UNSPECIFIED.)
CURVE()
GEOMETRIC_REPRESENTATION_ITEM()
RATIONAL_B_SPLINE_CURVE((1.,0.806225774830148,1.))
REPRESENTATION_ITEM('')
);
#3376=(
BOUNDED_CURVE()
B_SPLINE_CURVE(2,(#6070,#6071,#6072),.UNSPECIFIED.,.F.,.F.)
B_SPLINE_CURVE_WITH_KNOTS((3,3),(-23.3836722860881,-21.7036722860881),
 .UNSPECIFIED.)
CURVE()
GEOMETRIC_REPRESENTATION_ITEM()
RATIONAL_B_SPLINE_CURVE((1.,1.,1.))
REPRESENTATION_ITEM('')
);
#3377=(
BOUNDED_CURVE()
B_SPLINE_CURVE(2,(#6075,#6076,#6077),.UNSPECIFIED.,.F.,.F.)
B_SPLINE_CURVE_WITH_KNOTS((3,3),(21.7036722860881,22.2035671380491),
 .UNSPECIFIED.)
CURVE()
GEOMETRIC_REPRESENTATION_ITEM()
RATIONAL_B_SPLINE_CURVE((1.,1.,1.))
REPRESENTATION_ITEM('')
);
#3378=(
BOUNDED_CURVE()
B_SPLINE_CURVE(2,(#6082,#6083,#6084),.UNSPECIFIED.,.F.,.F.)
B_SPLINE_CURVE_WITH_KNOTS((3,3),(22.8837774341271,23.3836722860881),
 .UNSPECIFIED.)
CURVE()
GEOMETRIC_REPRESENTATION_ITEM()
RATIONAL_B_SPLINE_CURVE((1.,1.,1.))
REPRESENTATION_ITEM('')
);
#3379=(
BOUNDED_CURVE()
B_SPLINE_CURVE(1,(#6093,#6094),.UNSPECIFIED.,.F.,.F.)
B_SPLINE_CURVE_WITH_KNOTS((2,2),(0.35553097722972,1.20008055285183),
 .UNSPECIFIED.)
CURVE()
GEOMETRIC_REPRESENTATION_ITEM()
RATIONAL_B_SPLINE_CURVE((1.,1.))
REPRESENTATION_ITEM('')
);
#3380=(
BOUNDED_CURVE()
B_SPLINE_CURVE(1,(#6101,#6102),.UNSPECIFIED.,.F.,.F.)
B_SPLINE_CURVE_WITH_KNOTS((2,2),(1.70008055285183,1.84952822907229),
 .UNSPECIFIED.)
CURVE()
GEOMETRIC_REPRESENTATION_ITEM()
RATIONAL_B_SPLINE_CURVE((1.,1.))
REPRESENTATION_ITEM('')
);
#3381=(
BOUNDED_CURVE()
B_SPLINE_CURVE(2,(#6159,#6160,#6161),.UNSPECIFIED.,.F.,.F.)
B_SPLINE_CURVE_WITH_KNOTS((3,3),(-7.76280809054149,-6.08280809054149),
 .UNSPECIFIED.)
CURVE()
GEOMETRIC_REPRESENTATION_ITEM()
RATIONAL_B_SPLINE_CURVE((1.,1.,1.))
REPRESENTATION_ITEM('')
);
#3382=(
BOUNDED_CURVE()
B_SPLINE_CURVE(2,(#6164,#6165,#6166),.UNSPECIFIED.,.F.,.F.)
B_SPLINE_CURVE_WITH_KNOTS((3,3),(6.08280809054149,6.58613374981806),
 .UNSPECIFIED.)
CURVE()
GEOMETRIC_REPRESENTATION_ITEM()
RATIONAL_B_SPLINE_CURVE((1.,1.,1.))
REPRESENTATION_ITEM('')
);
#3383=(
BOUNDED_CURVE()
B_SPLINE_CURVE(2,(#6173,#6174,#6175),.UNSPECIFIED.,.F.,.F.)
B_SPLINE_CURVE_WITH_KNOTS((3,3),(7.26634404589606,7.76280809054149),
 .UNSPECIFIED.)
CURVE()
GEOMETRIC_REPRESENTATION_ITEM()
RATIONAL_B_SPLINE_CURVE((1.,1.,1.))
REPRESENTATION_ITEM('')
);
#3384=(
BOUNDED_CURVE()
B_SPLINE_CURVE(1,(#6190,#6191),.UNSPECIFIED.,.F.,.F.)
B_SPLINE_CURVE_WITH_KNOTS((2,2),(-0.200080552851828,0.),.UNSPECIFIED.)
CURVE()
GEOMETRIC_REPRESENTATION_ITEM()
RATIONAL_B_SPLINE_CURVE((1.,1.))
REPRESENTATION_ITEM('')
);
#3385=(
BOUNDED_CURVE()
B_SPLINE_CURVE(2,(#6194,#6195,#6196,#6197,#6198),.UNSPECIFIED.,.F.,.F.)
B_SPLINE_CURVE_WITH_KNOTS((3,2,3),(35.2024156599277,35.2154238022336,35.6736545580248),
 .UNSPECIFIED.)
CURVE()
GEOMETRIC_REPRESENTATION_ITEM()
RATIONAL_B_SPLINE_CURVE((1.,1.09942908992976,1.20921238632036,0.792711849000896,
1.))
REPRESENTATION_ITEM('')
);
#3386=(
BOUNDED_CURVE()
B_SPLINE_CURVE(1,(#6201,#6202),.UNSPECIFIED.,.F.,.F.)
B_SPLINE_CURVE_WITH_KNOTS((2,2),(0.,0.200080552851828),.UNSPECIFIED.)
CURVE()
GEOMETRIC_REPRESENTATION_ITEM()
RATIONAL_B_SPLINE_CURVE((1.,1.))
REPRESENTATION_ITEM('')
);
#3387=(
BOUNDED_CURVE()
B_SPLINE_CURVE(2,(#6205,#6206,#6207),.UNSPECIFIED.,.F.,.F.)
B_SPLINE_CURVE_WITH_KNOTS((3,3),(-36.6486545580248,-35.6736545580248),
 .UNSPECIFIED.)
CURVE()
GEOMETRIC_REPRESENTATION_ITEM()
RATIONAL_B_SPLINE_CURVE((1.,1.,1.))
REPRESENTATION_ITEM('')
);
#3388=(
BOUNDED_CURVE()
B_SPLINE_CURVE(2,(#6208,#6209,#6210),.UNSPECIFIED.,.F.,.F.)
B_SPLINE_CURVE_WITH_KNOTS((3,3),(-36.6486545580248,-35.6736545580248),
 .UNSPECIFIED.)
CURVE()
GEOMETRIC_REPRESENTATION_ITEM()
RATIONAL_B_SPLINE_CURVE((1.,1.,1.))
REPRESENTATION_ITEM('')
);
#3389=(
BOUNDED_CURVE()
B_SPLINE_CURVE(2,(#6211,#6212,#6213,#6214,#6215),.UNSPECIFIED.,.F.,.F.)
B_SPLINE_CURVE_WITH_KNOTS((3,2,3),(35.2024156599277,35.2154238022336,35.6736545580248),
 .UNSPECIFIED.)
CURVE()
GEOMETRIC_REPRESENTATION_ITEM()
RATIONAL_B_SPLINE_CURVE((1.,1.09942908992976,1.20921238632036,0.792711849000896,
1.))
REPRESENTATION_ITEM('')
);
#3390=(
BOUNDED_CURVE()
B_SPLINE_CURVE(2,(#6216,#6217,#6218),.UNSPECIFIED.,.F.,.F.)
B_SPLINE_CURVE_WITH_KNOTS((3,3),(-35.2024156599277,-30.5724156601677),
 .UNSPECIFIED.)
CURVE()
GEOMETRIC_REPRESENTATION_ITEM()
RATIONAL_B_SPLINE_CURVE((1.,1.,1.))
REPRESENTATION_ITEM('')
);
#3391=(
BOUNDED_CURVE()
B_SPLINE_CURVE(2,(#6219,#6220,#6221),.UNSPECIFIED.,.F.,.F.)
B_SPLINE_CURVE_WITH_KNOTS((3,3),(-35.2024156599277,-30.5724156601677),
 .UNSPECIFIED.)
CURVE()
GEOMETRIC_REPRESENTATION_ITEM()
RATIONAL_B_SPLINE_CURVE((1.,1.,1.))
REPRESENTATION_ITEM('')
);
#3392=(
BOUNDED_CURVE()
B_SPLINE_CURVE(2,(#6222,#6223,#6224),.UNSPECIFIED.,.F.,.F.)
B_SPLINE_CURVE_WITH_KNOTS((3,3),(-30.5724156601677,-27.7869875800527),
 .UNSPECIFIED.)
CURVE()
GEOMETRIC_REPRESENTATION_ITEM()
RATIONAL_B_SPLINE_CURVE((1.,0.806225774830148,1.))
REPRESENTATION_ITEM('')
);
#3393=(
BOUNDED_CURVE()
B_SPLINE_CURVE(2,(#6225,#6226,#6227),.UNSPECIFIED.,.F.,.F.)
B_SPLINE_CURVE_WITH_KNOTS((3,3),(-30.5724156601677,-27.7869875800527),
 .UNSPECIFIED.)
CURVE()
GEOMETRIC_REPRESENTATION_ITEM()
RATIONAL_B_SPLINE_CURVE((1.,0.806225774830148,1.))
REPRESENTATION_ITEM('')
);
#3394=(
BOUNDED_CURVE()
B_SPLINE_CURVE(2,(#6228,#6229,#6230),.UNSPECIFIED.,.F.,.F.)
B_SPLINE_CURVE_WITH_KNOTS((3,3),(-27.7869875800527,-27.4130364420791),
 .UNSPECIFIED.)
CURVE()
GEOMETRIC_REPRESENTATION_ITEM()
RATIONAL_B_SPLINE_CURVE((1.,0.806225774789217,1.))
REPRESENTATION_ITEM('')
);
#3395=(
BOUNDED_CURVE()
B_SPLINE_CURVE(2,(#6231,#6232,#6233),.UNSPECIFIED.,.F.,.F.)
B_SPLINE_CURVE_WITH_KNOTS((3,3),(-27.7869875800527,-27.4130364420791),
 .UNSPECIFIED.)
CURVE()
GEOMETRIC_REPRESENTATION_ITEM()
RATIONAL_B_SPLINE_CURVE((1.,0.806225774789217,1.))
REPRESENTATION_ITEM('')
);
#3396=(
BOUNDED_CURVE()
B_SPLINE_CURVE(2,(#6234,#6235,#6236),.UNSPECIFIED.,.F.,.F.)
B_SPLINE_CURVE_WITH_KNOTS((3,3),(-27.4130364420791,-24.2186722860881),
 .UNSPECIFIED.)
CURVE()
GEOMETRIC_REPRESENTATION_ITEM()
RATIONAL_B_SPLINE_CURVE((1.,1.,1.))
REPRESENTATION_ITEM('')
);
#3397=(
BOUNDED_CURVE()
B_SPLINE_CURVE(2,(#6237,#6238,#6239),.UNSPECIFIED.,.F.,.F.)
B_SPLINE_CURVE_WITH_KNOTS((3,3),(-27.4130364420791,-24.2186722860881),
 .UNSPECIFIED.)
CURVE()
GEOMETRIC_REPRESENTATION_ITEM()
RATIONAL_B_SPLINE_CURVE((1.,1.,1.))
REPRESENTATION_ITEM('')
);
#3398=(
BOUNDED_CURVE()
B_SPLINE_CURVE(2,(#6240,#6241,#6242,#6243,#6244,#6245,#6246),
 .UNSPECIFIED.,.F.,.F.)
B_SPLINE_CURVE_WITH_KNOTS((3,2,2,3),(-24.2186722860881,-23.3936722860881,
-21.6936722860881,-20.3286722860881),.UNSPECIFIED.)
CURVE()
GEOMETRIC_REPRESENTATION_ITEM()
RATIONAL_B_SPLINE_CURVE((1.,1.,1.,1.,1.,1.,1.))
REPRESENTATION_ITEM('')
);
#3399=(
BOUNDED_CURVE()
B_SPLINE_CURVE(2,(#6247,#6248,#6249,#6250,#6251,#6252,#6253),
 .UNSPECIFIED.,.F.,.F.)
B_SPLINE_CURVE_WITH_KNOTS((3,2,2,3),(-24.2186722860881,-23.3936722860881,
-21.6936722860881,-20.3286722860881),.UNSPECIFIED.)
CURVE()
GEOMETRIC_REPRESENTATION_ITEM()
RATIONAL_B_SPLINE_CURVE((1.,1.,1.,1.,1.,1.,1.))
REPRESENTATION_ITEM('')
);
#3400=(
BOUNDED_CURVE()
B_SPLINE_CURVE(2,(#6254,#6255,#6256),.UNSPECIFIED.,.F.,.F.)
B_SPLINE_CURVE_WITH_KNOTS((3,3),(-20.3286722860881,-17.5012388978571),
 .UNSPECIFIED.)
CURVE()
GEOMETRIC_REPRESENTATION_ITEM()
RATIONAL_B_SPLINE_CURVE((1.,0.707106781187,1.))
REPRESENTATION_ITEM('')
);
#3401=(
BOUNDED_CURVE()
B_SPLINE_CURVE(2,(#6257,#6258,#6259),.UNSPECIFIED.,.F.,.F.)
B_SPLINE_CURVE_WITH_KNOTS((3,3),(-20.3286722860881,-17.5012388978571),
 .UNSPECIFIED.)
CURVE()
GEOMETRIC_REPRESENTATION_ITEM()
RATIONAL_B_SPLINE_CURVE((1.,0.707106781187,1.))
REPRESENTATION_ITEM('')
);
#3402=(
BOUNDED_CURVE()
B_SPLINE_CURVE(2,(#6260,#6261,#6262),.UNSPECIFIED.,.F.,.F.)
B_SPLINE_CURVE_WITH_KNOTS((3,3),(-17.5012388978571,-8.60123889785706),
 .UNSPECIFIED.)
CURVE()
GEOMETRIC_REPRESENTATION_ITEM()
RATIONAL_B_SPLINE_CURVE((1.,1.,1.))
REPRESENTATION_ITEM('')
);
#3403=(
BOUNDED_CURVE()
B_SPLINE_CURVE(2,(#6263,#6264,#6265),.UNSPECIFIED.,.F.,.F.)
B_SPLINE_CURVE_WITH_KNOTS((3,3),(-17.5012388978571,-8.60123889785706),
 .UNSPECIFIED.)
CURVE()
GEOMETRIC_REPRESENTATION_ITEM()
RATIONAL_B_SPLINE_CURVE((1.,1.,1.))
REPRESENTATION_ITEM('')
);
#3404=(
BOUNDED_CURVE()
B_SPLINE_CURVE(2,(#6266,#6267,#6268,#6269,#6270),.UNSPECIFIED.,.F.,.F.)
B_SPLINE_CURVE_WITH_KNOTS((3,2,3),(-8.60123889785706,-7.77623889785706,
-6.07623889785706),.UNSPECIFIED.)
CURVE()
GEOMETRIC_REPRESENTATION_ITEM()
RATIONAL_B_SPLINE_CURVE((1.,1.,1.,1.,1.))
REPRESENTATION_ITEM('')
);
#3405=(
BOUNDED_CURVE()
B_SPLINE_CURVE(2,(#6271,#6272,#6273,#6274,#6275),.UNSPECIFIED.,.F.,.F.)
B_SPLINE_CURVE_WITH_KNOTS((3,2,3),(-8.60123889785706,-7.77623889785706,
-6.07623889785706),.UNSPECIFIED.)
CURVE()
GEOMETRIC_REPRESENTATION_ITEM()
RATIONAL_B_SPLINE_CURVE((1.,1.,1.,1.,1.))
REPRESENTATION_ITEM('')
);
#3406=(
BOUNDED_CURVE()
B_SPLINE_CURVE(2,(#6300,#6301,#6302,#6303,#6304),.UNSPECIFIED.,.F.,.F.)
B_SPLINE_CURVE_WITH_KNOTS((3,2,3),(1.570796326795,3.14159279422628,4.08617819988332),
 .UNSPECIFIED.)
CURVE()
GEOMETRIC_REPRESENTATION_ITEM()
RATIONAL_B_SPLINE_CURVE((1.,0.707106781187,1.,0.888625493976067,1.))
REPRESENTATION_ITEM('')
);
#3407=(
BOUNDED_CURVE()
B_SPLINE_CURVE(2,(#6307,#6308,#6309),.UNSPECIFIED.,.F.,.F.)
B_SPLINE_CURVE_WITH_KNOTS((3,3),(4.08617819987268,4.712388980385),
 .UNSPECIFIED.)
CURVE()
GEOMETRIC_REPRESENTATION_ITEM()
RATIONAL_B_SPLINE_CURVE((1.,0.95265606097026,1.))
REPRESENTATION_ITEM('')
);
#3408=(
BOUNDED_CURVE()
B_SPLINE_CURVE(2,(#6320,#6321,#6322),.UNSPECIFIED.,.F.,.F.)
B_SPLINE_CURVE_WITH_KNOTS((3,3),(-1.067737472443,-1.054983905299),
 .UNSPECIFIED.)
CURVE()
GEOMETRIC_REPRESENTATION_ITEM()
RATIONAL_B_SPLINE_CURVE((1.,0.99986931717,1.))
REPRESENTATION_ITEM('')
);
#3409=(
BOUNDED_CURVE()
B_SPLINE_CURVE(2,(#6325,#6326,#6327),.UNSPECIFIED.,.F.,.F.)
B_SPLINE_CURVE_WITH_KNOTS((3,3),(-1.519913319526,-1.507159760152),
 .UNSPECIFIED.)
CURVE()
GEOMETRIC_REPRESENTATION_ITEM()
RATIONAL_B_SPLINE_CURVE((1.,0.999869317391,1.))
REPRESENTATION_ITEM('')
);
#3410=(
BOUNDED_CURVE()
B_SPLINE_CURVE(2,(#6390,#6391,#6392,#6393,#6394),.UNSPECIFIED.,.F.,.F.)
B_SPLINE_CURVE_WITH_KNOTS((3,2,3),(2.19423821516098,3.14159251269656,4.712388980385),
 .UNSPECIFIED.)
CURVE()
GEOMETRIC_REPRESENTATION_ITEM()
RATIONAL_B_SPLINE_CURVE((1.,0.887959589168366,1.,0.707106781187,1.))
REPRESENTATION_ITEM('')
);
#3411=(
BOUNDED_CURVE()
B_SPLINE_CURVE(1,(#6397,#6398),.UNSPECIFIED.,.F.,.F.)
B_SPLINE_CURVE_WITH_KNOTS((2,2),(0.149447676220464,0.865370879822),
 .UNSPECIFIED.)
CURVE()
GEOMETRIC_REPRESENTATION_ITEM()
RATIONAL_B_SPLINE_CURVE((1.,1.))
REPRESENTATION_ITEM('')
);
#3412=(
BOUNDED_CURVE()
B_SPLINE_CURVE(1,(#6405,#6406),.UNSPECIFIED.,.F.,.F.)
B_SPLINE_CURVE_WITH_KNOTS((2,2),(0.,0.715923203601536),.UNSPECIFIED.)
CURVE()
GEOMETRIC_REPRESENTATION_ITEM()
RATIONAL_B_SPLINE_CURVE((1.,1.))
REPRESENTATION_ITEM('')
);
#3413=(
BOUNDED_CURVE()
B_SPLINE_CURVE(2,(#6409,#6410,#6411),.UNSPECIFIED.,.F.,.F.)
B_SPLINE_CURVE_WITH_KNOTS((3,3),(1.570796326795,2.19423821516967),
 .UNSPECIFIED.)
CURVE()
GEOMETRIC_REPRESENTATION_ITEM()
RATIONAL_B_SPLINE_CURVE((1.,0.953095900469096,1.))
REPRESENTATION_ITEM('')
);
#3414=(
BOUNDED_CURVE()
B_SPLINE_CURVE(2,(#6422,#6423,#6424,#6425,#6426),.UNSPECIFIED.,.F.,.F.)
B_SPLINE_CURVE_WITH_KNOTS((3,2,3),(1.570796326795,3.14159279396809,4.08340426551958),
 .UNSPECIFIED.)
CURVE()
GEOMETRIC_REPRESENTATION_ITEM()
RATIONAL_B_SPLINE_CURVE((1.,0.707106781187,1.,0.88929090015087,1.))
REPRESENTATION_ITEM('')
);
#3415=(
BOUNDED_CURVE()
B_SPLINE_CURVE(2,(#6429,#6430,#6431),.UNSPECIFIED.,.F.,.F.)
B_SPLINE_CURVE_WITH_KNOTS((3,3),(4.08340426550682,4.712388980385),
 .UNSPECIFIED.)
CURVE()
GEOMETRIC_REPRESENTATION_ITEM()
RATIONAL_B_SPLINE_CURVE((1.,0.952213304235399,1.))
REPRESENTATION_ITEM('')
);
#3416=(
BOUNDED_CURVE()
B_SPLINE_CURVE(1,(#6446,#6447),.UNSPECIFIED.,.F.,.F.)
B_SPLINE_CURVE_WITH_KNOTS((2,2),(-0.825,0.),.UNSPECIFIED.)
CURVE()
GEOMETRIC_REPRESENTATION_ITEM()
RATIONAL_B_SPLINE_CURVE((1.,1.))
REPRESENTATION_ITEM('')
);
#3417=(
BOUNDED_CURVE()
B_SPLINE_CURVE(1,(#6498,#6499),.UNSPECIFIED.,.F.,.F.)
B_SPLINE_CURVE_WITH_KNOTS((2,2),(1.20008055285183,1.70008055285183),
 .UNSPECIFIED.)
CURVE()
GEOMETRIC_REPRESENTATION_ITEM()
RATIONAL_B_SPLINE_CURVE((1.,1.))
REPRESENTATION_ITEM('')
);
#3418=(
BOUNDED_CURVE()
B_SPLINE_CURVE(1,(#6524,#6525),.UNSPECIFIED.,.F.,.F.)
B_SPLINE_CURVE_WITH_KNOTS((2,2),(-0.200080552851828,0.),.UNSPECIFIED.)
CURVE()
GEOMETRIC_REPRESENTATION_ITEM()
RATIONAL_B_SPLINE_CURVE((1.,1.))
REPRESENTATION_ITEM('')
);
#3419=(
BOUNDED_CURVE()
B_SPLINE_CURVE(1,(#6530,#6531),.UNSPECIFIED.,.F.,.F.)
B_SPLINE_CURVE_WITH_KNOTS((2,2),(0.,0.200080552851828),.UNSPECIFIED.)
CURVE()
GEOMETRIC_REPRESENTATION_ITEM()
RATIONAL_B_SPLINE_CURVE((1.,1.))
REPRESENTATION_ITEM('')
);
#3420=(
BOUNDED_CURVE()
B_SPLINE_CURVE(1,(#6536,#6537),.UNSPECIFIED.,.F.,.F.)
B_SPLINE_CURVE_WITH_KNOTS((2,2),(1.70008055285183,1.84952822907229),
 .UNSPECIFIED.)
CURVE()
GEOMETRIC_REPRESENTATION_ITEM()
RATIONAL_B_SPLINE_CURVE((1.,1.))
REPRESENTATION_ITEM('')
);
#3421=(
BOUNDED_CURVE()
B_SPLINE_CURVE(2,(#6540,#6541,#6542),.UNSPECIFIED.,.F.,.F.)
B_SPLINE_CURVE_WITH_KNOTS((3,3),(-17.5012388978571,-8.60123889785706),
 .UNSPECIFIED.)
CURVE()
GEOMETRIC_REPRESENTATION_ITEM()
RATIONAL_B_SPLINE_CURVE((1.,1.,1.))
REPRESENTATION_ITEM('')
);
#3422=(
BOUNDED_CURVE()
B_SPLINE_CURVE(1,(#6545,#6546),.UNSPECIFIED.,.F.,.F.)
B_SPLINE_CURVE_WITH_KNOTS((2,2),(-1.84952822907229,-1.70008055285183),
 .UNSPECIFIED.)
CURVE()
GEOMETRIC_REPRESENTATION_ITEM()
RATIONAL_B_SPLINE_CURVE((1.,1.))
REPRESENTATION_ITEM('')
);
#3423=(
BOUNDED_CURVE()
B_SPLINE_CURVE(1,(#6551,#6552),.UNSPECIFIED.,.F.,.F.)
B_SPLINE_CURVE_WITH_KNOTS((2,2),(1.70008055285183,1.84952822907229),
 .UNSPECIFIED.)
CURVE()
GEOMETRIC_REPRESENTATION_ITEM()
RATIONAL_B_SPLINE_CURVE((1.,1.))
REPRESENTATION_ITEM('')
);
#3424=(
BOUNDED_CURVE()
B_SPLINE_CURVE(2,(#6555,#6556,#6557),.UNSPECIFIED.,.F.,.F.)
B_SPLINE_CURVE_WITH_KNOTS((3,3),(-20.3286722860881,-17.5012388978571),
 .UNSPECIFIED.)
CURVE()
GEOMETRIC_REPRESENTATION_ITEM()
RATIONAL_B_SPLINE_CURVE((1.,0.707106781187,1.))
REPRESENTATION_ITEM('')
);
#3425=(
BOUNDED_CURVE()
B_SPLINE_CURVE(1,(#6568,#6569),.UNSPECIFIED.,.F.,.F.)
B_SPLINE_CURVE_WITH_KNOTS((2,2),(0.,0.200080552851828),.UNSPECIFIED.)
CURVE()
GEOMETRIC_REPRESENTATION_ITEM()
RATIONAL_B_SPLINE_CURVE((1.,1.))
REPRESENTATION_ITEM('')
);
#3426=(
BOUNDED_CURVE()
B_SPLINE_CURVE(1,(#6574,#6575),.UNSPECIFIED.,.F.,.F.)
B_SPLINE_CURVE_WITH_KNOTS((2,2),(1.70008055285183,1.84952822907229),
 .UNSPECIFIED.)
CURVE()
GEOMETRIC_REPRESENTATION_ITEM()
RATIONAL_B_SPLINE_CURVE((1.,1.))
REPRESENTATION_ITEM('')
);
#3427=(
BOUNDED_CURVE()
B_SPLINE_CURVE(2,(#6578,#6579,#6580),.UNSPECIFIED.,.F.,.F.)
B_SPLINE_CURVE_WITH_KNOTS((3,3),(-27.4130364420791,-24.2186722860881),
 .UNSPECIFIED.)
CURVE()
GEOMETRIC_REPRESENTATION_ITEM()
RATIONAL_B_SPLINE_CURVE((1.,1.,1.))
REPRESENTATION_ITEM('')
);
#3428=(
BOUNDED_CURVE()
B_SPLINE_CURVE(1,(#6583,#6584),.UNSPECIFIED.,.F.,.F.)
B_SPLINE_CURVE_WITH_KNOTS((2,2),(-1.84952822907229,-1.70008055285183),
 .UNSPECIFIED.)
CURVE()
GEOMETRIC_REPRESENTATION_ITEM()
RATIONAL_B_SPLINE_CURVE((1.,1.))
REPRESENTATION_ITEM('')
);
#3429=(
BOUNDED_CURVE()
B_SPLINE_CURVE(1,(#6589,#6590),.UNSPECIFIED.,.F.,.F.)
B_SPLINE_CURVE_WITH_KNOTS((2,2),(-0.200080552851828,0.),.UNSPECIFIED.)
CURVE()
GEOMETRIC_REPRESENTATION_ITEM()
RATIONAL_B_SPLINE_CURVE((1.,1.))
REPRESENTATION_ITEM('')
);
#3430=(
BOUNDED_CURVE()
B_SPLINE_CURVE(1,(#6595,#6596),.UNSPECIFIED.,.F.,.F.)
B_SPLINE_CURVE_WITH_KNOTS((2,2),(0.,0.200080552851829),.UNSPECIFIED.)
CURVE()
GEOMETRIC_REPRESENTATION_ITEM()
RATIONAL_B_SPLINE_CURVE((1.,1.))
REPRESENTATION_ITEM('')
);
#3431=(
BOUNDED_CURVE()
B_SPLINE_CURVE(1,(#6601,#6602),.UNSPECIFIED.,.F.,.F.)
B_SPLINE_CURVE_WITH_KNOTS((2,2),(1.70008055285183,1.84952822907229),
 .UNSPECIFIED.)
CURVE()
GEOMETRIC_REPRESENTATION_ITEM()
RATIONAL_B_SPLINE_CURVE((1.,1.))
REPRESENTATION_ITEM('')
);
#3432=(
BOUNDED_CURVE()
B_SPLINE_CURVE(2,(#6605,#6606,#6607),.UNSPECIFIED.,.F.,.F.)
B_SPLINE_CURVE_WITH_KNOTS((3,3),(-27.7869875800527,-27.4130364420791),
 .UNSPECIFIED.)
CURVE()
GEOMETRIC_REPRESENTATION_ITEM()
RATIONAL_B_SPLINE_CURVE((1.,0.806225774789217,1.))
REPRESENTATION_ITEM('')
);
#3433=(
BOUNDED_CURVE()
B_SPLINE_CURVE(1,(#6618,#6619),.UNSPECIFIED.,.F.,.F.)
B_SPLINE_CURVE_WITH_KNOTS((2,2),(0.,0.200080552851829),.UNSPECIFIED.)
CURVE()
GEOMETRIC_REPRESENTATION_ITEM()
RATIONAL_B_SPLINE_CURVE((1.,1.))
REPRESENTATION_ITEM('')
);
#3434=(
BOUNDED_CURVE()
B_SPLINE_CURVE(1,(#6631,#6632),.UNSPECIFIED.,.F.,.F.)
B_SPLINE_CURVE_WITH_KNOTS((2,2),(0.,0.200080552851828),.UNSPECIFIED.)
CURVE()
GEOMETRIC_REPRESENTATION_ITEM()
RATIONAL_B_SPLINE_CURVE((1.,1.))
REPRESENTATION_ITEM('')
);
#3435=(
BOUNDED_CURVE()
B_SPLINE_CURVE(1,(#6637,#6638),.UNSPECIFIED.,.F.,.F.)
B_SPLINE_CURVE_WITH_KNOTS((2,2),(1.70008055285183,1.84952822907229),
 .UNSPECIFIED.)
CURVE()
GEOMETRIC_REPRESENTATION_ITEM()
RATIONAL_B_SPLINE_CURVE((1.,1.))
REPRESENTATION_ITEM('')
);
#3436=(
BOUNDED_CURVE()
B_SPLINE_CURVE(2,(#6641,#6642,#6643),.UNSPECIFIED.,.F.,.F.)
B_SPLINE_CURVE_WITH_KNOTS((3,3),(-30.5724156601677,-27.7869875800527),
 .UNSPECIFIED.)
CURVE()
GEOMETRIC_REPRESENTATION_ITEM()
RATIONAL_B_SPLINE_CURVE((1.,0.806225774830148,1.))
REPRESENTATION_ITEM('')
);
#3437=(
BOUNDED_CURVE()
B_SPLINE_CURVE(1,(#6658,#6659),.UNSPECIFIED.,.F.,.F.)
B_SPLINE_CURVE_WITH_KNOTS((2,2),(1.70008055285183,1.84952822907229),
 .UNSPECIFIED.)
CURVE()
GEOMETRIC_REPRESENTATION_ITEM()
RATIONAL_B_SPLINE_CURVE((1.,1.))
REPRESENTATION_ITEM('')
);
#3438=(
BOUNDED_CURVE()
B_SPLINE_CURVE(2,(#6662,#6663,#6664),.UNSPECIFIED.,.F.,.F.)
B_SPLINE_CURVE_WITH_KNOTS((3,3),(-35.2024156599277,-30.5724156601677),
 .UNSPECIFIED.)
CURVE()
GEOMETRIC_REPRESENTATION_ITEM()
RATIONAL_B_SPLINE_CURVE((1.,1.,1.))
REPRESENTATION_ITEM('')
);
#3439=(
BOUNDED_CURVE()
B_SPLINE_CURVE(1,(#6671,#6672),.UNSPECIFIED.,.F.,.F.)
B_SPLINE_CURVE_WITH_KNOTS((2,2),(1.70008055285183,1.84952822907229),
 .UNSPECIFIED.)
CURVE()
GEOMETRIC_REPRESENTATION_ITEM()
RATIONAL_B_SPLINE_CURVE((1.,1.))
REPRESENTATION_ITEM('')
);
#3440=(
BOUNDED_CURVE()
B_SPLINE_CURVE(2,(#6675,#6676,#6677,#6678,#6679),.UNSPECIFIED.,.F.,.F.)
B_SPLINE_CURVE_WITH_KNOTS((3,2,3),(-35.6736545580248,-35.2154238022336,
-35.2024156599277),.UNSPECIFIED.)
CURVE()
GEOMETRIC_REPRESENTATION_ITEM()
RATIONAL_B_SPLINE_CURVE((1.,0.792711849000896,1.20921238632036,1.09942908992976,
1.))
REPRESENTATION_ITEM('')
);
#3441=(
BOUNDED_CURVE()
B_SPLINE_CURVE(1,(#6690,#6691),.UNSPECIFIED.,.F.,.F.)
B_SPLINE_CURVE_WITH_KNOTS((2,2),(0.,0.200080552851828),.UNSPECIFIED.)
CURVE()
GEOMETRIC_REPRESENTATION_ITEM()
RATIONAL_B_SPLINE_CURVE((1.,1.))
REPRESENTATION_ITEM('')
);
#3442=(
BOUNDED_CURVE()
B_SPLINE_CURVE(1,(#6696,#6697),.UNSPECIFIED.,.F.,.F.)
B_SPLINE_CURVE_WITH_KNOTS((2,2),(1.70008055285183,1.84952822907229),
 .UNSPECIFIED.)
CURVE()
GEOMETRIC_REPRESENTATION_ITEM()
RATIONAL_B_SPLINE_CURVE((1.,1.))
REPRESENTATION_ITEM('')
);
#3443=(
BOUNDED_CURVE()
B_SPLINE_CURVE(2,(#6700,#6701,#6702),.UNSPECIFIED.,.F.,.F.)
B_SPLINE_CURVE_WITH_KNOTS((3,3),(-36.6486545580248,-35.6736545580248),
 .UNSPECIFIED.)
CURVE()
GEOMETRIC_REPRESENTATION_ITEM()
RATIONAL_B_SPLINE_CURVE((1.,1.,1.))
REPRESENTATION_ITEM('')
);
#3444=(
BOUNDED_CURVE()
B_SPLINE_CURVE(2,(#6739,#6740,#6741),.UNSPECIFIED.,.F.,.F.)
B_SPLINE_CURVE_WITH_KNOTS((3,3),(-6.08280809054149,-6.07623889785706),
 .UNSPECIFIED.)
CURVE()
GEOMETRIC_REPRESENTATION_ITEM()
RATIONAL_B_SPLINE_CURVE((1.,1.,1.))
REPRESENTATION_ITEM('')
);
#3445=(
BOUNDED_CURVE()
B_SPLINE_CURVE(2,(#6750,#6751,#6752,#6753,#6754),.UNSPECIFIED.,.F.,.F.)
B_SPLINE_CURVE_WITH_KNOTS((3,2,3),(-8.60123889785706,-7.77623889785706,
-7.76280809054149),.UNSPECIFIED.)
CURVE()
GEOMETRIC_REPRESENTATION_ITEM()
RATIONAL_B_SPLINE_CURVE((1.,1.,1.,1.,1.))
REPRESENTATION_ITEM('')
);
#3446=(
BOUNDED_CURVE()
B_SPLINE_CURVE(2,(#6833,#6834,#6835,#6836,#6837),.UNSPECIFIED.,.F.,.F.)
B_SPLINE_CURVE_WITH_KNOTS((3,2,3),(-21.7036722860881,-21.6936722860881,
-20.3286722860881),.UNSPECIFIED.)
CURVE()
GEOMETRIC_REPRESENTATION_ITEM()
RATIONAL_B_SPLINE_CURVE((1.,1.,1.,1.,1.))
REPRESENTATION_ITEM('')
);
#3447=(
BOUNDED_CURVE()
B_SPLINE_CURVE(2,(#6847,#6848,#6849,#6850,#6851),.UNSPECIFIED.,.F.,.F.)
B_SPLINE_CURVE_WITH_KNOTS((3,2,3),(-24.2186722860881,-23.3936722860881,
-23.3836722860881),.UNSPECIFIED.)
CURVE()
GEOMETRIC_REPRESENTATION_ITEM()
RATIONAL_B_SPLINE_CURVE((1.,1.,1.,1.,1.))
REPRESENTATION_ITEM('')
);
#3448=(
BOUNDED_CURVE()
B_SPLINE_CURVE(2,(#6899,#6900,#6901,#6902,#6903),.UNSPECIFIED.,.F.,.F.)
B_SPLINE_CURVE_WITH_KNOTS((3,2,3),(-8.60123889785706,-7.77623889785706,
-7.76280809054149),.UNSPECIFIED.)
CURVE()
GEOMETRIC_REPRESENTATION_ITEM()
RATIONAL_B_SPLINE_CURVE((1.,1.,1.,1.,1.))
REPRESENTATION_ITEM('')
);
#3449=(
BOUNDED_CURVE()
B_SPLINE_CURVE(2,(#6904,#6905,#6906),.UNSPECIFIED.,.F.,.F.)
B_SPLINE_CURVE_WITH_KNOTS((3,3),(-17.5012388978571,-8.60123889785706),
 .UNSPECIFIED.)
CURVE()
GEOMETRIC_REPRESENTATION_ITEM()
RATIONAL_B_SPLINE_CURVE((1.,1.,1.))
REPRESENTATION_ITEM('')
);
#3450=(
BOUNDED_CURVE()
B_SPLINE_CURVE(2,(#6907,#6908,#6909),.UNSPECIFIED.,.F.,.F.)
B_SPLINE_CURVE_WITH_KNOTS((3,3),(-20.3286722860881,-17.5012388978571),
 .UNSPECIFIED.)
CURVE()
GEOMETRIC_REPRESENTATION_ITEM()
RATIONAL_B_SPLINE_CURVE((1.,0.707106781187,1.))
REPRESENTATION_ITEM('')
);
#3451=(
BOUNDED_CURVE()
B_SPLINE_CURVE(2,(#6910,#6911,#6912,#6913,#6914),.UNSPECIFIED.,.F.,.F.)
B_SPLINE_CURVE_WITH_KNOTS((3,2,3),(-21.7036722860881,-21.6936722860881,
-20.3286722860881),.UNSPECIFIED.)
CURVE()
GEOMETRIC_REPRESENTATION_ITEM()
RATIONAL_B_SPLINE_CURVE((1.,1.,1.,1.,1.))
REPRESENTATION_ITEM('')
);
#3452=(
BOUNDED_CURVE()
B_SPLINE_CURVE(2,(#6963,#6964,#6965,#6966,#6967),.UNSPECIFIED.,.F.,.F.)
B_SPLINE_CURVE_WITH_KNOTS((3,2,3),(-24.2186722860881,-23.3936722860881,
-23.3836722860881),.UNSPECIFIED.)
CURVE()
GEOMETRIC_REPRESENTATION_ITEM()
RATIONAL_B_SPLINE_CURVE((1.,1.,1.,1.,1.))
REPRESENTATION_ITEM('')
);
#3453=(
BOUNDED_CURVE()
B_SPLINE_CURVE(2,(#6968,#6969,#6970),.UNSPECIFIED.,.F.,.F.)
B_SPLINE_CURVE_WITH_KNOTS((3,3),(-27.4130364420791,-24.2186722860881),
 .UNSPECIFIED.)
CURVE()
GEOMETRIC_REPRESENTATION_ITEM()
RATIONAL_B_SPLINE_CURVE((1.,1.,1.))
REPRESENTATION_ITEM('')
);
#3454=(
BOUNDED_CURVE()
B_SPLINE_CURVE(2,(#6971,#6972,#6973),.UNSPECIFIED.,.F.,.F.)
B_SPLINE_CURVE_WITH_KNOTS((3,3),(-27.7869875800527,-27.4130364420791),
 .UNSPECIFIED.)
CURVE()
GEOMETRIC_REPRESENTATION_ITEM()
RATIONAL_B_SPLINE_CURVE((1.,0.806225774789217,1.))
REPRESENTATION_ITEM('')
);
#3455=(
BOUNDED_CURVE()
B_SPLINE_CURVE(2,(#6974,#6975,#6976),.UNSPECIFIED.,.F.,.F.)
B_SPLINE_CURVE_WITH_KNOTS((3,3),(-30.5724156601677,-27.7869875800527),
 .UNSPECIFIED.)
CURVE()
GEOMETRIC_REPRESENTATION_ITEM()
RATIONAL_B_SPLINE_CURVE((1.,0.806225774830148,1.))
REPRESENTATION_ITEM('')
);
#3456=(
BOUNDED_CURVE()
B_SPLINE_CURVE(2,(#6977,#6978,#6979),.UNSPECIFIED.,.F.,.F.)
B_SPLINE_CURVE_WITH_KNOTS((3,3),(-35.2024156599277,-30.5724156601677),
 .UNSPECIFIED.)
CURVE()
GEOMETRIC_REPRESENTATION_ITEM()
RATIONAL_B_SPLINE_CURVE((1.,1.,1.))
REPRESENTATION_ITEM('')
);
#3457=(
BOUNDED_CURVE()
B_SPLINE_CURVE(2,(#6980,#6981,#6982,#6983,#6984),.UNSPECIFIED.,.F.,.F.)
B_SPLINE_CURVE_WITH_KNOTS((3,2,3),(-35.6736545580248,-35.2154238022336,
-35.2024156599277),.UNSPECIFIED.)
CURVE()
GEOMETRIC_REPRESENTATION_ITEM()
RATIONAL_B_SPLINE_CURVE((1.,0.792711849000896,1.20921238632036,1.09942908992976,
1.))
REPRESENTATION_ITEM('')
);
#3458=(
BOUNDED_CURVE()
B_SPLINE_CURVE(2,(#6985,#6986,#6987),.UNSPECIFIED.,.F.,.F.)
B_SPLINE_CURVE_WITH_KNOTS((3,3),(-36.6486545580248,-35.6736545580248),
 .UNSPECIFIED.)
CURVE()
GEOMETRIC_REPRESENTATION_ITEM()
RATIONAL_B_SPLINE_CURVE((1.,1.,1.))
REPRESENTATION_ITEM('')
);
#3459=(
BOUNDED_CURVE()
B_SPLINE_CURVE(2,(#6988,#6989,#6990),.UNSPECIFIED.,.F.,.F.)
B_SPLINE_CURVE_WITH_KNOTS((3,3),(-6.08280809054149,-6.07623889785706),
 .UNSPECIFIED.)
CURVE()
GEOMETRIC_REPRESENTATION_ITEM()
RATIONAL_B_SPLINE_CURVE((1.,1.,1.))
REPRESENTATION_ITEM('')
);
#3460=(
BOUNDED_CURVE()
B_SPLINE_CURVE(2,(#7059,#7060,#7061,#7062,#7063,#7064,#7065,#7066,#7067,
#7068,#7069,#7070,#7071,#7072,#7073,#7074,#7075,#7076,#7077,#7078,#7079,
#7080,#7081,#7082,#7083,#7084,#7085,#7086,#7087),.UNSPECIFIED.,.T.,.F.)
B_SPLINE_CURVE_WITH_KNOTS((3,2,2,2,2,2,2,2,2,2,2,2,2,2,3),(6.07623889785706,
7.77623889785706,8.60123889785706,17.5012388978571,20.3286722860881,21.6936722860881,
23.3936722860881,24.2186722860881,27.4130364420791,27.7869875800527,30.5724156601677,
35.2024156599277,35.2154238022336,35.6736545580248,36.6486545580248),
 .UNSPECIFIED.)
CURVE()
GEOMETRIC_REPRESENTATION_ITEM()
RATIONAL_B_SPLINE_CURVE((1.,1.,1.,1.,1.,1.,1.,0.707106781187,1.,1.,1.,1.,
1.,1.,1.,1.,1.,0.836659927196036,1.07692282130191,0.912764543678255,1.19019901421658,
1.19019901421658,1.19019901421658,1.19943582679831,1.20921238632036,0.864818840071039,
1.19019900989596,1.19019900989596,1.19019900989596))
REPRESENTATION_ITEM('')
);
#3461=VERTEX_POINT('',#4507);
#3462=VERTEX_POINT('',#4508);
#3463=VERTEX_POINT('',#4509);
#3464=VERTEX_POINT('',#4510);
#3465=VERTEX_POINT('',#4511);
#3466=VERTEX_POINT('',#4512);
#3467=VERTEX_POINT('',#4513);
#3468=VERTEX_POINT('',#4514);
#3469=VERTEX_POINT('',#4515);
#3470=VERTEX_POINT('',#4516);
#3471=VERTEX_POINT('',#4517);
#3472=VERTEX_POINT('',#4518);
#3473=VERTEX_POINT('',#4519);
#3474=VERTEX_POINT('',#4520);
#3475=VERTEX_POINT('',#4521);
#3476=VERTEX_POINT('',#4522);
#3477=VERTEX_POINT('',#4523);
#3478=VERTEX_POINT('',#4524);
#3479=VERTEX_POINT('',#4525);
#3480=VERTEX_POINT('',#4526);
#3481=VERTEX_POINT('',#4527);
#3482=VERTEX_POINT('',#4528);
#3483=VERTEX_POINT('',#4529);
#3484=VERTEX_POINT('',#4530);
#3485=VERTEX_POINT('',#4531);
#3486=VERTEX_POINT('',#4532);
#3487=VERTEX_POINT('',#4533);
#3488=VERTEX_POINT('',#4534);
#3489=VERTEX_POINT('',#4535);
#3490=VERTEX_POINT('',#4536);
#3491=VERTEX_POINT('',#4537);
#3492=VERTEX_POINT('',#4538);
#3493=VERTEX_POINT('',#4539);
#3494=VERTEX_POINT('',#4540);
#3495=VERTEX_POINT('',#4541);
#3496=VERTEX_POINT('',#4542);
#3497=VERTEX_POINT('',#4543);
#3498=VERTEX_POINT('',#4544);
#3499=VERTEX_POINT('',#4545);
#3500=VERTEX_POINT('',#4546);
#3501=VERTEX_POINT('',#4547);
#3502=VERTEX_POINT('',#4548);
#3503=VERTEX_POINT('',#4549);
#3504=VERTEX_POINT('',#4550);
#3505=VERTEX_POINT('',#4551);
#3506=VERTEX_POINT('',#4552);
#3507=VERTEX_POINT('',#4553);
#3508=VERTEX_POINT('',#4554);
#3509=VERTEX_POINT('',#4555);
#3510=VERTEX_POINT('',#4556);
#3511=VERTEX_POINT('',#4557);
#3512=VERTEX_POINT('',#4558);
#3513=VERTEX_POINT('',#4559);
#3514=VERTEX_POINT('',#4560);
#3515=VERTEX_POINT('',#4561);
#3516=VERTEX_POINT('',#4562);
#3517=VERTEX_POINT('',#4563);
#3518=VERTEX_POINT('',#4564);
#3519=VERTEX_POINT('',#4565);
#3520=VERTEX_POINT('',#4566);
#3521=VERTEX_POINT('',#4567);
#3522=VERTEX_POINT('',#4568);
#3523=VERTEX_POINT('',#4569);
#3524=VERTEX_POINT('',#4570);
#3525=VERTEX_POINT('',#4571);
#3526=VERTEX_POINT('',#4572);
#3527=VERTEX_POINT('',#4573);
#3528=VERTEX_POINT('',#4574);
#3529=VERTEX_POINT('',#4575);
#3530=VERTEX_POINT('',#4576);
#3531=VERTEX_POINT('',#4577);
#3532=VERTEX_POINT('',#4578);
#3533=VERTEX_POINT('',#4579);
#3534=VERTEX_POINT('',#4580);
#3535=VERTEX_POINT('',#4581);
#3536=VERTEX_POINT('',#4582);
#3537=VERTEX_POINT('',#4583);
#3538=VERTEX_POINT('',#4584);
#3539=VERTEX_POINT('',#4585);
#3540=VERTEX_POINT('',#4586);
#3541=VERTEX_POINT('',#4587);
#3542=VERTEX_POINT('',#4588);
#3543=VERTEX_POINT('',#4589);
#3544=VERTEX_POINT('',#4590);
#3545=VERTEX_POINT('',#4591);
#3546=VERTEX_POINT('',#4592);
#3547=VERTEX_POINT('',#4593);
#3548=VERTEX_POINT('',#4594);
#3549=VERTEX_POINT('',#4595);
#3550=VERTEX_POINT('',#4596);
#3551=VERTEX_POINT('',#4597);
#3552=VERTEX_POINT('',#4598);
#3553=VERTEX_POINT('',#4599);
#3554=VERTEX_POINT('',#4600);
#3555=VERTEX_POINT('',#4601);
#3556=VERTEX_POINT('',#4602);
#3557=VERTEX_POINT('',#4603);
#3558=VERTEX_POINT('',#4604);
#3559=VERTEX_POINT('',#4605);
#3560=VERTEX_POINT('',#4606);
#3561=VERTEX_POINT('',#4607);
#3562=VERTEX_POINT('',#4608);
#3563=VERTEX_POINT('',#4609);
#3564=VERTEX_POINT('',#4610);
#3565=VERTEX_POINT('',#4611);
#3566=VERTEX_POINT('',#4612);
#3567=VERTEX_POINT('',#4613);
#3568=VERTEX_POINT('',#4614);
#3569=VERTEX_POINT('',#4615);
#3570=VERTEX_POINT('',#4616);
#3571=VERTEX_POINT('',#4617);
#3572=VERTEX_POINT('',#4618);
#3573=VERTEX_POINT('',#4619);
#3574=VERTEX_POINT('',#4620);
#3575=VERTEX_POINT('',#4621);
#3576=VERTEX_POINT('',#4622);
#3577=VERTEX_POINT('',#4623);
#3578=VERTEX_POINT('',#4624);
#3579=VERTEX_POINT('',#4625);
#3580=VERTEX_POINT('',#4626);
#3581=VERTEX_POINT('',#4627);
#3582=VERTEX_POINT('',#4628);
#3583=VERTEX_POINT('',#4629);
#3584=VERTEX_POINT('',#4630);
#3585=VERTEX_POINT('',#4631);
#3586=VERTEX_POINT('',#4632);
#3587=VERTEX_POINT('',#4633);
#3588=VERTEX_POINT('',#4634);
#3589=VERTEX_POINT('',#4635);
#3590=VERTEX_POINT('',#4636);
#3591=VERTEX_POINT('',#4637);
#3592=VERTEX_POINT('',#4638);
#3593=VERTEX_POINT('',#4639);
#3594=VERTEX_POINT('',#4640);
#3595=VERTEX_POINT('',#4641);
#3596=VERTEX_POINT('',#4642);
#3597=VERTEX_POINT('',#4643);
#3598=VERTEX_POINT('',#4644);
#3599=VERTEX_POINT('',#4645);
#3600=VERTEX_POINT('',#4646);
#3601=VERTEX_POINT('',#4647);
#3602=VERTEX_POINT('',#4648);
#3603=VERTEX_POINT('',#4649);
#3604=VERTEX_POINT('',#4650);
#3605=VERTEX_POINT('',#4651);
#3606=VERTEX_POINT('',#4652);
#3607=VERTEX_POINT('',#4653);
#3608=VERTEX_POINT('',#4654);
#3609=VERTEX_POINT('',#4655);
#3610=VERTEX_POINT('',#4656);
#3611=VERTEX_POINT('',#4657);
#3612=VERTEX_POINT('',#4658);
#3613=VERTEX_POINT('',#4659);
#3614=VERTEX_POINT('',#4660);
#3615=VERTEX_POINT('',#4661);
#3616=VERTEX_POINT('',#4662);
#3617=VERTEX_POINT('',#4663);
#3618=VERTEX_POINT('',#4664);
#3619=VERTEX_POINT('',#4665);
#3620=VERTEX_POINT('',#4666);
#3621=VERTEX_POINT('',#4667);
#3622=VERTEX_POINT('',#4668);
#3623=VERTEX_POINT('',#4669);
#3624=VERTEX_POINT('',#4670);
#3625=VERTEX_POINT('',#4671);
#3626=VERTEX_POINT('',#4672);
#3627=VERTEX_POINT('',#4673);
#3628=VERTEX_POINT('',#4674);
#3629=VERTEX_POINT('',#4675);
#3630=VERTEX_POINT('',#4676);
#3631=VERTEX_POINT('',#4677);
#3632=VERTEX_POINT('',#4678);
#3633=VERTEX_POINT('',#4679);
#3634=VERTEX_POINT('',#4680);
#3635=VERTEX_POINT('',#4681);
#3636=VERTEX_POINT('',#4682);
#3637=VERTEX_POINT('',#4683);
#3638=VERTEX_POINT('',#4684);
#3639=VERTEX_POINT('',#4685);
#3640=VERTEX_POINT('',#4686);
#3641=VERTEX_POINT('',#4687);
#3642=VERTEX_POINT('',#4688);
#3643=VERTEX_POINT('',#4689);
#3644=PLANE('',#3756);
#3645=PLANE('',#3757);
#3646=PLANE('',#3758);
#3647=PLANE('',#3759);
#3648=PLANE('',#3760);
#3649=PLANE('',#3761);
#3650=PLANE('',#3762);
#3651=PLANE('',#3763);
#3652=PLANE('',#3764);
#3653=PLANE('',#3765);
#3654=PLANE('',#3766);
#3655=PLANE('',#3767);
#3656=PLANE('',#3768);
#3657=PLANE('',#3769);
#3658=PLANE('',#3770);
#3659=PLANE('',#3771);
#3660=PLANE('',#3772);
#3661=PLANE('',#3773);
#3662=PLANE('',#3774);
#3663=PLANE('',#3775);
#3664=PLANE('',#3776);
#3665=PLANE('',#3777);
#3666=PLANE('',#3778);
#3667=PLANE('',#3779);
#3668=PLANE('',#3780);
#3669=PLANE('',#3781);
#3670=PLANE('',#3782);
#3671=PLANE('',#3783);
#3672=PLANE('',#3784);
#3673=PLANE('',#3785);
#3674=PLANE('',#3786);
#3675=PLANE('',#3787);
#3676=PLANE('',#3788);
#3677=PLANE('',#3789);
#3678=PLANE('',#3790);
#3679=PLANE('',#3791);
#3680=PLANE('',#3792);
#3681=PLANE('',#3793);
#3682=PLANE('',#3794);
#3683=PLANE('',#3795);
#3684=PLANE('',#3796);
#3685=PLANE('',#3797);
#3686=PLANE('',#3798);
#3687=PLANE('',#3799);
#3688=PLANE('',#3800);
#3689=PLANE('',#3801);
#3690=PLANE('',#3802);
#3691=PLANE('',#3803);
#3692=PLANE('',#3804);
#3693=PLANE('',#3805);
#3694=PLANE('',#3806);
#3695=PLANE('',#3807);
#3696=PLANE('',#3808);
#3697=PLANE('',#3809);
#3698=(
BOUNDED_SURFACE()
B_SPLINE_SURFACE(2,1,((#3873,#3874),(#3875,#3876),(#3877,#3878),(#3879,
#3880),(#3881,#3882),(#3883,#3884),(#3885,#3886),(#3887,#3888),(#3889,#3890)),
 .UNSPECIFIED.,.T.,.F.,.F.)
B_SPLINE_SURFACE_WITH_KNOTS((3,2,2,2,3),(2,2),(0.,1.570796326795,3.14159265359,
4.712388980385,6.28318530718),(0.,3.0192),.UNSPECIFIED.)
GEOMETRIC_REPRESENTATION_ITEM()
RATIONAL_B_SPLINE_SURFACE(((1.,1.),(0.707106781187,0.707106781187),(1.,
1.),(0.707106781187,0.707106781187),(1.,1.),(0.707106781187,0.707106781187),
(1.,1.),(0.707106781187,0.707106781187),(1.,1.)))
REPRESENTATION_ITEM('')
SURFACE()
);
#3699=(
BOUNDED_SURFACE()
B_SPLINE_SURFACE(2,1,((#3891,#3892),(#3893,#3894),(#3895,#3896),(#3897,
#3898),(#3899,#3900),(#3901,#3902),(#3903,#3904),(#3905,#3906),(#3907,#3908)),
 .UNSPECIFIED.,.T.,.F.,.F.)
B_SPLINE_SURFACE_WITH_KNOTS((3,2,2,2,3),(2,2),(0.,1.570796326795,3.14159265359,
4.712388980385,6.28318530718),(0.,3.0192),.UNSPECIFIED.)
GEOMETRIC_REPRESENTATION_ITEM()
RATIONAL_B_SPLINE_SURFACE(((1.,1.),(0.707106781187,0.707106781187),(1.,
1.),(0.707106781187,0.707106781187),(1.,1.),(0.707106781187,0.707106781187),
(1.,1.),(0.707106781187,0.707106781187),(1.,1.)))
REPRESENTATION_ITEM('')
SURFACE()
);
#3700=(
BOUNDED_SURFACE()
B_SPLINE_SURFACE(2,1,((#3909,#3910),(#3911,#3912),(#3913,#3914),(#3915,
#3916),(#3917,#3918),(#3919,#3920),(#3921,#3922),(#3923,#3924),(#3925,#3926)),
 .UNSPECIFIED.,.T.,.F.,.F.)
B_SPLINE_SURFACE_WITH_KNOTS((3,2,2,2,3),(2,2),(0.,1.570796326795,3.14159265359,
4.712388980385,6.28318530718),(0.,3.0192),.UNSPECIFIED.)
GEOMETRIC_REPRESENTATION_ITEM()
RATIONAL_B_SPLINE_SURFACE(((1.,1.),(0.707106781187,0.707106781187),(1.,
1.),(0.707106781187,0.707106781187),(1.,1.),(0.707106781187,0.707106781187),
(1.,1.),(0.707106781187,0.707106781187),(1.,1.)))
REPRESENTATION_ITEM('')
SURFACE()
);
#3701=(
BOUNDED_SURFACE()
B_SPLINE_SURFACE(1,2,((#3927,#3928,#3929,#3930,#3931,#3932,#3933,#3934,
#3935),(#3936,#3937,#3938,#3939,#3940,#3941,#3942,#3943,#3944)),
 .UNSPECIFIED.,.F.,.F.,.F.)
B_SPLINE_SURFACE_WITH_KNOTS((2,2),(3,2,2,2,3),(0.,1.579941380271),(0.,1.570796326795,
3.14159265359,4.712388980385,6.28318530718),.UNSPECIFIED.)
GEOMETRIC_REPRESENTATION_ITEM()
RATIONAL_B_SPLINE_SURFACE(((1.,0.707106781187,1.,0.707106781187,1.,0.707106781187,
1.,0.707106781187,1.),(1.,0.707106781187,1.,0.707106781187,1.,0.707106781187,
1.,0.707106781187,1.)))
REPRESENTATION_ITEM('')
SURFACE()
);
#3702=(
BOUNDED_SURFACE()
B_SPLINE_SURFACE(1,2,((#3945,#3946,#3947,#3948,#3949,#3950,#3951,#3952,
#3953),(#3954,#3955,#3956,#3957,#3958,#3959,#3960,#3961,#3962)),
 .UNSPECIFIED.,.F.,.F.,.F.)
B_SPLINE_SURFACE_WITH_KNOTS((2,2),(3,2,2,2,3),(0.,1.580190212544),(0.,1.570796326795,
3.14159265359,4.712388980385,6.28318530718),.UNSPECIFIED.)
GEOMETRIC_REPRESENTATION_ITEM()
RATIONAL_B_SPLINE_SURFACE(((1.,0.707106781187,1.,0.707106781187,1.,0.707106781187,
1.,0.707106781187,1.),(1.,0.707106781187,1.,0.707106781187,1.,0.707106781187,
1.,0.707106781187,1.)))
REPRESENTATION_ITEM('')
SURFACE()
);
#3703=(
BOUNDED_SURFACE()
B_SPLINE_SURFACE(2,1,((#3963,#3964),(#3965,#3966),(#3967,#3968),(#3969,
#3970),(#3971,#3972),(#3973,#3974),(#3975,#3976),(#3977,#3978),(#3979,#3980)),
 .UNSPECIFIED.,.T.,.F.,.F.)
B_SPLINE_SURFACE_WITH_KNOTS((3,2,2,2,3),(2,2),(0.,1.570796326795,3.14159265359,
4.712388980385,6.28318530718),(0.,4.951228226975),.UNSPECIFIED.)
GEOMETRIC_REPRESENTATION_ITEM()
RATIONAL_B_SPLINE_SURFACE(((1.,1.),(0.707106781187,0.707106781187),(1.,
1.),(0.707106781187,0.707106781187),(1.,1.),(0.707106781187,0.707106781187),
(1.,1.),(0.707106781187,0.707106781187),(1.,1.)))
REPRESENTATION_ITEM('')
SURFACE()
);
#3704=(
BOUNDED_SURFACE()
B_SPLINE_SURFACE(2,1,((#3981,#3982),(#3983,#3984),(#3985,#3986),(#3987,
#3988),(#3989,#3990),(#3991,#3992),(#3993,#3994),(#3995,#3996),(#3997,#3998)),
 .UNSPECIFIED.,.T.,.F.,.F.)
B_SPLINE_SURFACE_WITH_KNOTS((3,2,2,2,3),(2,2),(0.,1.570796326795,3.14159265359,
4.712388980385,6.28318530718),(0.,2.257645055786),.UNSPECIFIED.)
GEOMETRIC_REPRESENTATION_ITEM()
RATIONAL_B_SPLINE_SURFACE(((1.,1.),(0.707106781187,0.707106781187),(1.,
1.),(0.707106781187,0.707106781187),(1.,1.),(0.707106781187,0.707106781187),
(1.,1.),(0.707106781187,0.707106781187),(1.,1.)))
REPRESENTATION_ITEM('')
SURFACE()
);
#3705=(
BOUNDED_SURFACE()
B_SPLINE_SURFACE(2,1,((#3999,#4000),(#4001,#4002),(#4003,#4004),(#4005,
#4006),(#4007,#4008),(#4009,#4010),(#4011,#4012),(#4013,#4014),(#4015,#4016)),
 .UNSPECIFIED.,.T.,.F.,.F.)
B_SPLINE_SURFACE_WITH_KNOTS((3,2,2,2,3),(2,2),(0.,1.570796326795,3.14159265359,
4.712388980385,6.28318530718),(0.,2.257645055786),.UNSPECIFIED.)
GEOMETRIC_REPRESENTATION_ITEM()
RATIONAL_B_SPLINE_SURFACE(((1.,1.),(0.707106781187,0.707106781187),(1.,
1.),(0.707106781187,0.707106781187),(1.,1.),(0.707106781187,0.707106781187),
(1.,1.),(0.707106781187,0.707106781187),(1.,1.)))
REPRESENTATION_ITEM('')
SURFACE()
);
#3706=(
BOUNDED_SURFACE()
B_SPLINE_SURFACE(2,1,((#4017,#4018),(#4019,#4020),(#4021,#4022),(#4023,
#4024),(#4025,#4026),(#4027,#4028),(#4029,#4030),(#4031,#4032),(#4033,#4034)),
 .UNSPECIFIED.,.T.,.F.,.F.)
B_SPLINE_SURFACE_WITH_KNOTS((3,2,2,2,3),(2,2),(0.,1.570796326795,3.14159265359,
4.712388980385,6.28318530718),(0.,4.951228226975),.UNSPECIFIED.)
GEOMETRIC_REPRESENTATION_ITEM()
RATIONAL_B_SPLINE_SURFACE(((1.,1.),(0.707106781187,0.707106781187),(1.,
1.),(0.707106781187,0.707106781187),(1.,1.),(0.707106781187,0.707106781187),
(1.,1.),(0.707106781187,0.707106781187),(1.,1.)))
REPRESENTATION_ITEM('')
SURFACE()
);
#3707=(
BOUNDED_SURFACE()
B_SPLINE_SURFACE(1,2,((#4035,#4036,#4037,#4038,#4039,#4040,#4041,#4042,
#4043),(#4044,#4045,#4046,#4047,#4048,#4049,#4050,#4051,#4052)),
 .UNSPECIFIED.,.F.,.F.,.F.)
B_SPLINE_SURFACE_WITH_KNOTS((2,2),(3,2,2,2,3),(0.,2.994456559134),(0.,1.570796326795,
3.14159265359,4.712388980385,6.28318530718),.UNSPECIFIED.)
GEOMETRIC_REPRESENTATION_ITEM()
RATIONAL_B_SPLINE_SURFACE(((1.,0.707106781187,1.,0.707106781187,1.,0.707106781187,
1.,0.707106781187,1.),(1.,0.707106781187,1.,0.707106781187,1.,0.707106781187,
1.,0.707106781187,1.)))
REPRESENTATION_ITEM('')
SURFACE()
);
#3708=(
BOUNDED_SURFACE()
B_SPLINE_SURFACE(1,2,((#4053,#4054,#4055,#4056,#4057,#4058,#4059,#4060,
#4061),(#4062,#4063,#4064,#4065,#4066,#4067,#4068,#4069,#4070)),
 .UNSPECIFIED.,.F.,.F.,.F.)
B_SPLINE_SURFACE_WITH_KNOTS((2,2),(3,2,2,2,3),(0.,1.57994138029),(0.,1.570796326795,
3.14159265359,4.712388980385,6.28318530718),.UNSPECIFIED.)
GEOMETRIC_REPRESENTATION_ITEM()
RATIONAL_B_SPLINE_SURFACE(((1.,0.707106781187,1.,0.707106781187,1.,0.707106781187,
1.,0.707106781187,1.),(1.,0.707106781187,1.,0.707106781187,1.,0.707106781187,
1.,0.707106781187,1.)))
REPRESENTATION_ITEM('')
SURFACE()
);
#3709=(
BOUNDED_SURFACE()
B_SPLINE_SURFACE(1,2,((#4071,#4072,#4073,#4074,#4075,#4076,#4077,#4078,
#4079),(#4080,#4081,#4082,#4083,#4084,#4085,#4086,#4087,#4088)),
 .UNSPECIFIED.,.F.,.F.,.F.)
B_SPLINE_SURFACE_WITH_KNOTS((2,2),(3,2,2,2,3),(0.,2.994456564743),(0.,1.570796326795,
3.14159265359,4.712388980385,6.28318530718),.UNSPECIFIED.)
GEOMETRIC_REPRESENTATION_ITEM()
RATIONAL_B_SPLINE_SURFACE(((1.,0.707106781187,1.,0.707106781187,1.,0.707106781187,
1.,0.707106781187,1.),(1.,0.707106781187,1.,0.707106781187,1.,0.707106781187,
1.,0.707106781187,1.)))
REPRESENTATION_ITEM('')
SURFACE()
);
#3710=(
BOUNDED_SURFACE()
B_SPLINE_SURFACE(1,2,((#4089,#4090,#4091,#4092,#4093,#4094,#4095,#4096,
#4097),(#4098,#4099,#4100,#4101,#4102,#4103,#4104,#4105,#4106)),
 .UNSPECIFIED.,.F.,.F.,.F.)
B_SPLINE_SURFACE_WITH_KNOTS((2,2),(3,2,2,2,3),(0.,1.580190212553),(0.,1.570796326795,
3.14159265359,4.712388980385,6.28318530718),.UNSPECIFIED.)
GEOMETRIC_REPRESENTATION_ITEM()
RATIONAL_B_SPLINE_SURFACE(((1.,0.707106781187,1.,0.707106781187,1.,0.707106781187,
1.,0.707106781187,1.),(1.,0.707106781187,1.,0.707106781187,1.,0.707106781187,
1.,0.707106781187,1.)))
REPRESENTATION_ITEM('')
SURFACE()
);
#3711=(
BOUNDED_SURFACE()
B_SPLINE_SURFACE(1,2,((#4107,#4108,#4109,#4110,#4111,#4112,#4113,#4114,
#4115),(#4116,#4117,#4118,#4119,#4120,#4121,#4122,#4123,#4124)),
 .UNSPECIFIED.,.F.,.F.,.F.)
B_SPLINE_SURFACE_WITH_KNOTS((2,2),(3,2,2,2,3),(0.,2.994456559136),(0.,1.570796326795,
3.14159265359,4.712388980385,6.28318530718),.UNSPECIFIED.)
GEOMETRIC_REPRESENTATION_ITEM()
RATIONAL_B_SPLINE_SURFACE(((1.,0.707106781187,1.,0.707106781187,1.,0.707106781187,
1.,0.707106781187,1.),(1.,0.707106781187,1.,0.707106781187,1.,0.707106781187,
1.,0.707106781187,1.)))
REPRESENTATION_ITEM('')
SURFACE()
);
#3712=(
BOUNDED_SURFACE()
B_SPLINE_SURFACE(1,2,((#4125,#4126,#4127,#4128,#4129,#4130,#4131,#4132,
#4133),(#4134,#4135,#4136,#4137,#4138,#4139,#4140,#4141,#4142)),
 .UNSPECIFIED.,.F.,.F.,.F.)
B_SPLINE_SURFACE_WITH_KNOTS((2,2),(3,2,2,2,3),(0.,2.994456564743),(0.,1.570796326795,
3.14159265359,4.712388980385,6.28318530718),.UNSPECIFIED.)
GEOMETRIC_REPRESENTATION_ITEM()
RATIONAL_B_SPLINE_SURFACE(((1.,0.707106781187,1.,0.707106781187,1.,0.707106781187,
1.,0.707106781187,1.),(1.,0.707106781187,1.,0.707106781187,1.,0.707106781187,
1.,0.707106781187,1.)))
REPRESENTATION_ITEM('')
SURFACE()
);
#3713=(
BOUNDED_SURFACE()
B_SPLINE_SURFACE(1,2,((#4143,#4144,#4145,#4146,#4147,#4148,#4149,#4150,
#4151),(#4152,#4153,#4154,#4155,#4156,#4157,#4158,#4159,#4160)),
 .UNSPECIFIED.,.F.,.F.,.F.)
B_SPLINE_SURFACE_WITH_KNOTS((2,2),(3,2,2,2,3),(0.,1.579200000173),(0.,1.570796326795,
3.14159265359,4.712388980385,6.28318530718),.UNSPECIFIED.)
GEOMETRIC_REPRESENTATION_ITEM()
RATIONAL_B_SPLINE_SURFACE(((1.,0.707106781187,1.,0.707106781187,1.,0.707106781187,
1.,0.707106781187,1.),(1.,0.707106781187,1.,0.707106781187,1.,0.707106781187,
1.,0.707106781187,1.)))
REPRESENTATION_ITEM('')
SURFACE()
);
#3714=(
BOUNDED_SURFACE()
B_SPLINE_SURFACE(1,2,((#4161,#4162,#4163,#4164,#4165,#4166,#4167,#4168,
#4169),(#4170,#4171,#4172,#4173,#4174,#4175,#4176,#4177,#4178)),
 .UNSPECIFIED.,.F.,.F.,.F.)
B_SPLINE_SURFACE_WITH_KNOTS((2,2),(3,2,2,2,3),(0.,1.579200000173),(0.,1.570796326795,
3.14159265359,4.712388980385,6.28318530718),.UNSPECIFIED.)
GEOMETRIC_REPRESENTATION_ITEM()
RATIONAL_B_SPLINE_SURFACE(((1.,0.707106781187,1.,0.707106781187,1.,0.707106781187,
1.,0.707106781187,1.),(1.,0.707106781187,1.,0.707106781187,1.,0.707106781187,
1.,0.707106781187,1.)))
REPRESENTATION_ITEM('')
SURFACE()
);
#3715=(
BOUNDED_SURFACE()
B_SPLINE_SURFACE(1,2,((#4179,#4180,#4181,#4182,#4183,#4184,#4185,#4186,
#4187),(#4188,#4189,#4190,#4191,#4192,#4193,#4194,#4195,#4196)),
 .UNSPECIFIED.,.F.,.F.,.F.)
B_SPLINE_SURFACE_WITH_KNOTS((2,2),(3,2,2,2,3),(0.,1.579200000173),(0.,1.570796326795,
3.14159265359,4.712388980385,6.28318530718),.UNSPECIFIED.)
GEOMETRIC_REPRESENTATION_ITEM()
RATIONAL_B_SPLINE_SURFACE(((1.,0.707106781187,1.,0.707106781187,1.,0.707106781187,
1.,0.707106781187,1.),(1.,0.707106781187,1.,0.707106781187,1.,0.707106781187,
1.,0.707106781187,1.)))
REPRESENTATION_ITEM('')
SURFACE()
);
#3716=(
BOUNDED_SURFACE()
B_SPLINE_SURFACE(1,2,((#4197,#4198,#4199,#4200,#4201,#4202,#4203,#4204,
#4205),(#4206,#4207,#4208,#4209,#4210,#4211,#4212,#4213,#4214)),
 .UNSPECIFIED.,.F.,.F.,.F.)
B_SPLINE_SURFACE_WITH_KNOTS((2,2),(3,2,2,2,3),(0.,1.579200000173),(0.,1.570796326795,
3.14159265359,4.712388980385,6.28318530718),.UNSPECIFIED.)
GEOMETRIC_REPRESENTATION_ITEM()
RATIONAL_B_SPLINE_SURFACE(((1.,0.707106781187,1.,0.707106781187,1.,0.707106781187,
1.,0.707106781187,1.),(1.,0.707106781187,1.,0.707106781187,1.,0.707106781187,
1.,0.707106781187,1.)))
REPRESENTATION_ITEM('')
SURFACE()
);
#3717=(
BOUNDED_SURFACE()
B_SPLINE_SURFACE(1,2,((#4215,#4216,#4217,#4218,#4219,#4220,#4221,#4222,
#4223),(#4224,#4225,#4226,#4227,#4228,#4229,#4230,#4231,#4232)),
 .UNSPECIFIED.,.F.,.F.,.F.)
B_SPLINE_SURFACE_WITH_KNOTS((2,2),(3,2,2,2,3),(0.,3.145254300617),(0.,1.570796326795,
3.14159265359,4.712388980385,6.28318530718),.UNSPECIFIED.)
GEOMETRIC_REPRESENTATION_ITEM()
RATIONAL_B_SPLINE_SURFACE(((1.,0.707106781187,1.,0.707106781187,1.,0.707106781187,
1.,0.707106781187,1.),(1.,0.707106781187,1.,0.707106781187,1.,0.707106781187,
1.,0.707106781187,1.)))
REPRESENTATION_ITEM('')
SURFACE()
);
#3718=(
BOUNDED_SURFACE()
B_SPLINE_SURFACE(1,2,((#4233,#4234,#4235,#4236,#4237,#4238,#4239,#4240,
#4241),(#4242,#4243,#4244,#4245,#4246,#4247,#4248,#4249,#4250)),
 .UNSPECIFIED.,.F.,.F.,.F.)
B_SPLINE_SURFACE_WITH_KNOTS((2,2),(3,2,2,2,3),(0.,3.145254300617),(0.,1.570796326795,
3.14159265359,4.712388980385,6.28318530718),.UNSPECIFIED.)
GEOMETRIC_REPRESENTATION_ITEM()
RATIONAL_B_SPLINE_SURFACE(((1.,0.707106781187,1.,0.707106781187,1.,0.707106781187,
1.,0.707106781187,1.),(1.,0.707106781187,1.,0.707106781187,1.,0.707106781187,
1.,0.707106781187,1.)))
REPRESENTATION_ITEM('')
SURFACE()
);
#3719=(
BOUNDED_SURFACE()
B_SPLINE_SURFACE(1,2,((#4251,#4252,#4253,#4254,#4255,#4256,#4257,#4258,
#4259),(#4260,#4261,#4262,#4263,#4264,#4265,#4266,#4267,#4268)),
 .UNSPECIFIED.,.F.,.F.,.F.)
B_SPLINE_SURFACE_WITH_KNOTS((2,2),(3,2,2,2,3),(0.,3.145254300617),(0.,1.570796326795,
3.14159265359,4.712388980385,6.28318530718),.UNSPECIFIED.)
GEOMETRIC_REPRESENTATION_ITEM()
RATIONAL_B_SPLINE_SURFACE(((1.,0.707106781187,1.,0.707106781187,1.,0.707106781187,
1.,0.707106781187,1.),(1.,0.707106781187,1.,0.707106781187,1.,0.707106781187,
1.,0.707106781187,1.)))
REPRESENTATION_ITEM('')
SURFACE()
);
#3720=(
BOUNDED_SURFACE()
B_SPLINE_SURFACE(1,2,((#4269,#4270,#4271,#4272,#4273,#4274,#4275,#4276,
#4277),(#4278,#4279,#4280,#4281,#4282,#4283,#4284,#4285,#4286)),
 .UNSPECIFIED.,.F.,.F.,.F.)
B_SPLINE_SURFACE_WITH_KNOTS((2,2),(3,2,2,2,3),(0.,3.14525430062),(0.,1.570796326795,
3.14159265359,4.712388980385,6.28318530718),.UNSPECIFIED.)
GEOMETRIC_REPRESENTATION_ITEM()
RATIONAL_B_SPLINE_SURFACE(((1.,0.707106781187,1.,0.707106781187,1.,0.707106781187,
1.,0.707106781187,1.),(1.,0.707106781187,1.,0.707106781187,1.,0.707106781187,
1.,0.707106781187,1.)))
REPRESENTATION_ITEM('')
SURFACE()
);
#3721=(
BOUNDED_SURFACE()
B_SPLINE_SURFACE(2,1,((#4287,#4288),(#4289,#4290),(#4291,#4292),(#4293,
#4294),(#4295,#4296),(#4297,#4298),(#4299,#4300),(#4301,#4302),(#4303,#4304)),
 .UNSPECIFIED.,.T.,.F.,.F.)
B_SPLINE_SURFACE_WITH_KNOTS((3,2,2,2,3),(2,2),(0.,1.570796326795,3.14159265359,
4.712388980385,6.28318530718),(0.,2.257645055786),.UNSPECIFIED.)
GEOMETRIC_REPRESENTATION_ITEM()
RATIONAL_B_SPLINE_SURFACE(((1.,1.),(0.707106781187,0.707106781187),(1.,
1.),(0.707106781187,0.707106781187),(1.,1.),(0.707106781187,0.707106781187),
(1.,1.),(0.707106781187,0.707106781187),(1.,1.)))
REPRESENTATION_ITEM('')
SURFACE()
);
#3722=(
BOUNDED_SURFACE()
B_SPLINE_SURFACE(2,1,((#4305,#4306),(#4307,#4308),(#4309,#4310),(#4311,
#4312),(#4313,#4314),(#4315,#4316),(#4317,#4318),(#4319,#4320),(#4321,#4322)),
 .UNSPECIFIED.,.T.,.F.,.F.)
B_SPLINE_SURFACE_WITH_KNOTS((3,2,2,2,3),(2,2),(0.,1.570796326795,3.14159265359,
4.712388980385,6.28318530718),(0.,4.951228226977),.UNSPECIFIED.)
GEOMETRIC_REPRESENTATION_ITEM()
RATIONAL_B_SPLINE_SURFACE(((1.,1.),(0.707106781187,0.707106781187),(1.,
1.),(0.707106781187,0.707106781187),(1.,1.),(0.707106781187,0.707106781187),
(1.,1.),(0.707106781187,0.707106781187),(1.,1.)))
REPRESENTATION_ITEM('')
SURFACE()
);
#3723=(
BOUNDED_SURFACE()
B_SPLINE_SURFACE(2,1,((#4323,#4324),(#4325,#4326),(#4327,#4328),(#4329,
#4330),(#4331,#4332),(#4333,#4334),(#4335,#4336),(#4337,#4338),(#4339,#4340)),
 .UNSPECIFIED.,.T.,.F.,.F.)
B_SPLINE_SURFACE_WITH_KNOTS((3,2,2,2,3),(2,2),(0.,1.570796326795,3.14159265359,
4.712388980385,6.28318530718),(0.,4.951228226977),.UNSPECIFIED.)
GEOMETRIC_REPRESENTATION_ITEM()
RATIONAL_B_SPLINE_SURFACE(((1.,1.),(0.707106781187,0.707106781187),(1.,
1.),(0.707106781187,0.707106781187),(1.,1.),(0.707106781187,0.707106781187),
(1.,1.),(0.707106781187,0.707106781187),(1.,1.)))
REPRESENTATION_ITEM('')
SURFACE()
);
#3724=(
BOUNDED_SURFACE()
B_SPLINE_SURFACE(2,1,((#4341,#4342),(#4343,#4344),(#4345,#4346),(#4347,
#4348),(#4349,#4350),(#4351,#4352),(#4353,#4354),(#4355,#4356),(#4357,#4358)),
 .UNSPECIFIED.,.T.,.F.,.F.)
B_SPLINE_SURFACE_WITH_KNOTS((3,2,2,2,3),(2,2),(0.,1.570796326795,3.14159265359,
4.712388980385,6.28318530718),(0.,2.257645055786),.UNSPECIFIED.)
GEOMETRIC_REPRESENTATION_ITEM()
RATIONAL_B_SPLINE_SURFACE(((1.,1.),(0.707106781187,0.707106781187),(1.,
1.),(0.707106781187,0.707106781187),(1.,1.),(0.707106781187,0.707106781187),
(1.,1.),(0.707106781187,0.707106781187),(1.,1.)))
REPRESENTATION_ITEM('')
SURFACE()
);
#3725=(
BOUNDED_SURFACE()
B_SPLINE_SURFACE(1,2,((#4359,#4360,#4361,#4362,#4363,#4364,#4365,#4366,
#4367),(#4368,#4369,#4370,#4371,#4372,#4373,#4374,#4375,#4376)),
 .UNSPECIFIED.,.F.,.F.,.F.)
B_SPLINE_SURFACE_WITH_KNOTS((2,2),(3,2,2,2,3),(0.,3.0192),(0.,1.570796326795,
3.14159265359,4.712388980385,6.28318530718),.UNSPECIFIED.)
GEOMETRIC_REPRESENTATION_ITEM()
RATIONAL_B_SPLINE_SURFACE(((1.,0.707106781187,1.,0.707106781187,1.,0.707106781187,
1.,0.707106781187,1.),(1.,0.707106781187,1.,0.707106781187,1.,0.707106781187,
1.,0.707106781187,1.)))
REPRESENTATION_ITEM('')
SURFACE()
);
#3726=(
BOUNDED_SURFACE()
B_SPLINE_SURFACE(2,1,((#4383,#4384),(#4385,#4386),(#4387,#4388),(#4389,
#4390),(#4391,#4392)),.UNSPECIFIED.,.F.,.F.,.F.)
B_SPLINE_SURFACE_WITH_KNOTS((3,2,3),(2,2),(6.07623889785706,7.77623889785706,
8.60123889785706),(0.,1.84952822907229),.UNSPECIFIED.)
GEOMETRIC_REPRESENTATION_ITEM()
RATIONAL_B_SPLINE_SURFACE(((1.,1.),(1.,1.),(1.,1.),(1.,1.),(1.,1.)))
REPRESENTATION_ITEM('')
SURFACE()
);
#3727=(
BOUNDED_SURFACE()
B_SPLINE_SURFACE(2,1,((#4393,#4394),(#4395,#4396),(#4397,#4398)),
 .UNSPECIFIED.,.F.,.F.,.F.)
B_SPLINE_SURFACE_WITH_KNOTS((3,3),(2,2),(8.60123889785706,17.5012388978571),
(0.,1.84952822907229),.UNSPECIFIED.)
GEOMETRIC_REPRESENTATION_ITEM()
RATIONAL_B_SPLINE_SURFACE(((1.,1.),(1.,1.),(1.,1.)))
REPRESENTATION_ITEM('')
SURFACE()
);
#3728=(
BOUNDED_SURFACE()
B_SPLINE_SURFACE(2,1,((#4399,#4400),(#4401,#4402),(#4403,#4404)),
 .UNSPECIFIED.,.F.,.F.,.F.)
B_SPLINE_SURFACE_WITH_KNOTS((3,3),(2,2),(17.5012388978571,20.3286722860881),
(0.,1.84952822907229),.UNSPECIFIED.)
GEOMETRIC_REPRESENTATION_ITEM()
RATIONAL_B_SPLINE_SURFACE(((1.,1.),(0.707106781187,0.707106781187),(1.,
1.)))
REPRESENTATION_ITEM('')
SURFACE()
);
#3729=(
BOUNDED_SURFACE()
B_SPLINE_SURFACE(2,1,((#4405,#4406),(#4407,#4408),(#4409,#4410),(#4411,
#4412),(#4413,#4414),(#4415,#4416),(#4417,#4418)),.UNSPECIFIED.,.F.,.F.,
 .F.)
B_SPLINE_SURFACE_WITH_KNOTS((3,2,2,3),(2,2),(20.3286722860881,21.6936722860881,
23.3936722860881,24.2186722860881),(0.,1.84952822907229),.UNSPECIFIED.)
GEOMETRIC_REPRESENTATION_ITEM()
RATIONAL_B_SPLINE_SURFACE(((1.,1.),(1.,1.),(1.,1.),(1.,1.),(1.,1.),(1.,
1.),(1.,1.)))
REPRESENTATION_ITEM('')
SURFACE()
);
#3730=(
BOUNDED_SURFACE()
B_SPLINE_SURFACE(2,1,((#4419,#4420),(#4421,#4422),(#4423,#4424)),
 .UNSPECIFIED.,.F.,.F.,.F.)
B_SPLINE_SURFACE_WITH_KNOTS((3,3),(2,2),(24.2186722860881,27.4130364420791),
(0.,1.84952822907229),.UNSPECIFIED.)
GEOMETRIC_REPRESENTATION_ITEM()
RATIONAL_B_SPLINE_SURFACE(((1.,1.),(1.,1.),(1.,1.)))
REPRESENTATION_ITEM('')
SURFACE()
);
#3731=(
BOUNDED_SURFACE()
B_SPLINE_SURFACE(2,1,((#4425,#4426),(#4427,#4428),(#4429,#4430)),
 .UNSPECIFIED.,.F.,.F.,.F.)
B_SPLINE_SURFACE_WITH_KNOTS((3,3),(2,2),(27.4130364420791,27.7869875800527),
(0.,1.84952822907229),.UNSPECIFIED.)
GEOMETRIC_REPRESENTATION_ITEM()
RATIONAL_B_SPLINE_SURFACE(((1.,1.),(0.836659927196036,0.836659927196036),
(1.07692282130191,1.07692282130191)))
REPRESENTATION_ITEM('')
SURFACE()
);
#3732=(
BOUNDED_SURFACE()
B_SPLINE_SURFACE(2,1,((#4431,#4432),(#4433,#4434),(#4435,#4436)),
 .UNSPECIFIED.,.F.,.F.,.F.)
B_SPLINE_SURFACE_WITH_KNOTS((3,3),(2,2),(27.7869875800527,30.5724156601677),
(0.,1.84952822907229),.UNSPECIFIED.)
GEOMETRIC_REPRESENTATION_ITEM()
RATIONAL_B_SPLINE_SURFACE(((1.07692282130191,1.07692282130191),(0.912764543678255,
0.912764543678255),(1.19019901421658,1.19019901421658)))
REPRESENTATION_ITEM('')
SURFACE()
);
#3733=(
BOUNDED_SURFACE()
B_SPLINE_SURFACE(2,1,((#4437,#4438),(#4439,#4440),(#4441,#4442)),
 .UNSPECIFIED.,.F.,.F.,.F.)
B_SPLINE_SURFACE_WITH_KNOTS((3,3),(2,2),(30.5724156601677,35.2024156599277),
(0.,1.84952822907229),.UNSPECIFIED.)
GEOMETRIC_REPRESENTATION_ITEM()
RATIONAL_B_SPLINE_SURFACE(((1.19019901421658,1.19019901421658),(1.19019901421658,
1.19019901421658),(1.19019901421658,1.19019901421658)))
REPRESENTATION_ITEM('')
SURFACE()
);
#3734=(
BOUNDED_SURFACE()
B_SPLINE_SURFACE(2,1,((#4443,#4444),(#4445,#4446),(#4447,#4448),(#4449,
#4450),(#4451,#4452)),.UNSPECIFIED.,.F.,.F.,.F.)
B_SPLINE_SURFACE_WITH_KNOTS((3,2,3),(2,2),(35.2024156599277,35.2154238022336,
35.6736545580248),(0.,1.84952822907229),.UNSPECIFIED.)
GEOMETRIC_REPRESENTATION_ITEM()
RATIONAL_B_SPLINE_SURFACE(((1.19019901421658,1.19019901421658),(1.19943582679831,
1.19943582679831),(1.20921238632036,1.20921238632036),(0.864818840071039,
0.864818840071039),(1.19019900989596,1.19019900989596)))
REPRESENTATION_ITEM('')
SURFACE()
);
#3735=(
BOUNDED_SURFACE()
B_SPLINE_SURFACE(2,1,((#4453,#4454),(#4455,#4456),(#4457,#4458)),
 .UNSPECIFIED.,.F.,.F.,.F.)
B_SPLINE_SURFACE_WITH_KNOTS((3,3),(2,2),(35.6736545580248,36.6486545580248),
(0.,1.84952822907229),.UNSPECIFIED.)
GEOMETRIC_REPRESENTATION_ITEM()
RATIONAL_B_SPLINE_SURFACE(((1.19019900989596,1.19019900989596),(1.19019900989596,
1.19019900989596),(1.19019900989596,1.19019900989596)))
REPRESENTATION_ITEM('')
SURFACE()
);
#3736=SHAPE_DEFINITION_REPRESENTATION(#3737,#3754);
#3737=PRODUCT_DEFINITION_SHAPE('Document','',#3739);
#3738=PRODUCT_DEFINITION_CONTEXT('3D Mechanical Parts',#3743,'design');
#3739=PRODUCT_DEFINITION('A','First version',#3740,#3738);
#3740=PRODUCT_DEFINITION_FORMATION_WITH_SPECIFIED_SOURCE('A',
'First version',#3745,.MADE.);
#3741=PRODUCT_RELATED_PRODUCT_CATEGORY('tool','tool',(#3745));
#3742=APPLICATION_PROTOCOL_DEFINITION('Draft International Standard',
'automotive_design',1999,#3743);
#3743=APPLICATION_CONTEXT(
'data for automotive mechanical design processes');
#3744=PRODUCT_CONTEXT('3D Mechanical Parts',#3743,'mechanical');
#3745=PRODUCT('Document','Document','Rhino converted to STEP',(#3744));
#3746=(
LENGTH_UNIT()
NAMED_UNIT(*)
SI_UNIT(.MILLI.,.METRE.)
);
#3747=(
NAMED_UNIT(*)
PLANE_ANGLE_UNIT()
SI_UNIT($,.RADIAN.)
);
#3748=DIMENSIONAL_EXPONENTS(0.,0.,0.,0.,0.,0.,0.);
#3749=PLANE_ANGLE_MEASURE_WITH_UNIT(PLANE_ANGLE_MEASURE(0.01745329252),
#3747);
#3750=(
CONVERSION_BASED_UNIT('DEGREES',#3749)
NAMED_UNIT(#3748)
PLANE_ANGLE_UNIT()
);
#3751=(
NAMED_UNIT(*)
SI_UNIT($,.STERADIAN.)
SOLID_ANGLE_UNIT()
);
#3752=UNCERTAINTY_MEASURE_WITH_UNIT(LENGTH_MEASURE(0.0001),#3746,
'DISTANCE_ACCURACY_VALUE',
'Maximum model space distance between geometric entities at asserted c
onnectivities');
#3753=(
GEOMETRIC_REPRESENTATION_CONTEXT(3)
GLOBAL_UNCERTAINTY_ASSIGNED_CONTEXT((#3752))
GLOBAL_UNIT_ASSIGNED_CONTEXT((#3751,#3750,#3746))
REPRESENTATION_CONTEXT('ID1','3D')
);
#3754=SHAPE_REPRESENTATION('Document',(#3755,#3810,#3811),#3753);
#3755=AXIS2_PLACEMENT_3D('',#3872,#3812,#3813);
#3756=AXIS2_PLACEMENT_3D('',#4377,#3814,$);
#3757=AXIS2_PLACEMENT_3D('',#4378,#3815,$);
#3758=AXIS2_PLACEMENT_3D('',#4379,#3816,$);
#3759=AXIS2_PLACEMENT_3D('',#4380,#3817,$);
#3760=AXIS2_PLACEMENT_3D('',#4381,#3818,$);
#3761=AXIS2_PLACEMENT_3D('',#4382,#3819,$);
#3762=AXIS2_PLACEMENT_3D('',#4459,#3820,$);
#3763=AXIS2_PLACEMENT_3D('',#4460,#3821,$);
#3764=AXIS2_PLACEMENT_3D('',#4461,#3822,$);
#3765=AXIS2_PLACEMENT_3D('',#4462,#3823,$);
#3766=AXIS2_PLACEMENT_3D('',#4463,#3824,$);
#3767=AXIS2_PLACEMENT_3D('',#4464,#3825,$);
#3768=AXIS2_PLACEMENT_3D('',#4465,#3826,$);
#3769=AXIS2_PLACEMENT_3D('',#4466,#3827,$);
#3770=AXIS2_PLACEMENT_3D('',#4467,#3828,$);
#3771=AXIS2_PLACEMENT_3D('',#4468,#3829,$);
#3772=AXIS2_PLACEMENT_3D('',#4469,#3830,$);
#3773=AXIS2_PLACEMENT_3D('',#4470,#3831,$);
#3774=AXIS2_PLACEMENT_3D('',#4471,#3832,$);
#3775=AXIS2_PLACEMENT_3D('',#4472,#3833,$);
#3776=AXIS2_PLACEMENT_3D('',#4473,#3834,$);
#3777=AXIS2_PLACEMENT_3D('',#4474,#3835,$);
#3778=AXIS2_PLACEMENT_3D('',#4475,#3836,$);
#3779=AXIS2_PLACEMENT_3D('',#4476,#3837,$);
#3780=AXIS2_PLACEMENT_3D('',#4477,#3838,$);
#3781=AXIS2_PLACEMENT_3D('',#4478,#3839,$);
#3782=AXIS2_PLACEMENT_3D('',#4479,#3840,$);
#3783=AXIS2_PLACEMENT_3D('',#4480,#3841,$);
#3784=AXIS2_PLACEMENT_3D('',#4481,#3842,$);
#3785=AXIS2_PLACEMENT_3D('',#4482,#3843,$);
#3786=AXIS2_PLACEMENT_3D('',#4483,#3844,$);
#3787=AXIS2_PLACEMENT_3D('',#4484,#3845,$);
#3788=AXIS2_PLACEMENT_3D('',#4485,#3846,$);
#3789=AXIS2_PLACEMENT_3D('',#4486,#3847,$);
#3790=AXIS2_PLACEMENT_3D('',#4487,#3848,$);
#3791=AXIS2_PLACEMENT_3D('',#4488,#3849,$);
#3792=AXIS2_PLACEMENT_3D('',#4489,#3850,$);
#3793=AXIS2_PLACEMENT_3D('',#4490,#3851,$);
#3794=AXIS2_PLACEMENT_3D('',#4491,#3852,$);
#3795=AXIS2_PLACEMENT_3D('',#4492,#3853,$);
#3796=AXIS2_PLACEMENT_3D('',#4493,#3854,$);
#3797=AXIS2_PLACEMENT_3D('',#4494,#3855,$);
#3798=AXIS2_PLACEMENT_3D('',#4495,#3856,$);
#3799=AXIS2_PLACEMENT_3D('',#4496,#3857,$);
#3800=AXIS2_PLACEMENT_3D('',#4497,#3858,$);
#3801=AXIS2_PLACEMENT_3D('',#4498,#3859,$);
#3802=AXIS2_PLACEMENT_3D('',#4499,#3860,$);
#3803=AXIS2_PLACEMENT_3D('',#4500,#3861,$);
#3804=AXIS2_PLACEMENT_3D('',#4501,#3862,$);
#3805=AXIS2_PLACEMENT_3D('',#4502,#3863,$);
#3806=AXIS2_PLACEMENT_3D('',#4503,#3864,$);
#3807=AXIS2_PLACEMENT_3D('',#4504,#3865,$);
#3808=AXIS2_PLACEMENT_3D('',#4505,#3866,$);
#3809=AXIS2_PLACEMENT_3D('',#4506,#3867,$);
#3810=AXIS2_PLACEMENT_3D('',#7088,#3868,#3869);
#3811=AXIS2_PLACEMENT_3D('',#7089,#3870,#3871);
#3812=DIRECTION('',(0.,0.,1.));
#3813=DIRECTION('',(1.,0.,0.));
#3814=DIRECTION('',(-1.,0.,0.));
#3815=DIRECTION('',(0.,1.,0.));
#3816=DIRECTION('',(0.,-1.,0.));
#3817=DIRECTION('',(0.,1.,0.));
#3818=DIRECTION('',(1.,0.,0.));
#3819=DIRECTION('',(0.,-1.,0.));
#3820=DIRECTION('',(0.,-1.,0.));
#3821=DIRECTION('',(0.,-1.,0.));
#3822=DIRECTION('',(0.,1.,0.));
#3823=DIRECTION('',(0.,1.,0.));
#3824=DIRECTION('',(0.,0.707106781186547,0.707106781186548));
#3825=DIRECTION('',(0.,0.,1.));
#3826=DIRECTION('',(0.707106781186548,0.,0.707106781186547));
#3827=DIRECTION('',(0.,-0.707106781186547,0.707106781186547));
#3828=DIRECTION('',(0.,-1.,0.));
#3829=DIRECTION('',(-0.707106781186547,0.,0.707106781186548));
#3830=DIRECTION('',(-1.,0.,0.));
#3831=DIRECTION('',(0.,-1.,0.));
#3832=DIRECTION('',(1.,0.,0.));
#3833=DIRECTION('',(0.,0.,-1.));
#3834=DIRECTION('',(0.,0.,-1.));
#3835=DIRECTION('',(0.,0.,-1.));
#3836=DIRECTION('',(0.,0.,-1.));
#3837=DIRECTION('',(0.,1.,0.));
#3838=DIRECTION('',(-0.707106781186547,0.,0.707106781186548));
#3839=DIRECTION('',(0.,-0.707106781186547,0.707106781186548));
#3840=DIRECTION('',(0.707106781186548,0.,0.707106781186547));
#3841=DIRECTION('',(0.,0.707106781186547,0.707106781186547));
#3842=DIRECTION('',(0.,0.,1.));
#3843=DIRECTION('',(0.,1.,0.));
#3844=DIRECTION('',(-1.,0.,0.));
#3845=DIRECTION('',(1.,0.,0.));
#3846=DIRECTION('',(0.,0.,1.));
#3847=DIRECTION('',(0.,0.,-1.));
#3848=DIRECTION('',(0.,0.,1.));
#3849=DIRECTION('',(0.,0.,-1.));
#3850=DIRECTION('',(0.,0.,-1.));
#3851=DIRECTION('',(0.,-1.,0.));
#3852=DIRECTION('',(1.,0.,0.));
#3853=DIRECTION('',(0.,-1.,0.));
#3854=DIRECTION('',(0.,1.,0.));
#3855=DIRECTION('',(-1.,0.,0.));
#3856=DIRECTION('',(-1.,0.,0.));
#3857=DIRECTION('',(-1.,0.,0.));
#3858=DIRECTION('',(1.,0.,0.));
#3859=DIRECTION('',(1.,0.,0.));
#3860=DIRECTION('',(1.,0.,0.));
#3861=DIRECTION('',(0.,0.,1.));
#3862=DIRECTION('',(0.,0.,1.));
#3863=DIRECTION('',(0.,0.,1.));
#3864=DIRECTION('',(0.,0.,1.));
#3865=DIRECTION('',(0.,0.,1.));
#3866=DIRECTION('',(0.,0.,1.));
#3867=DIRECTION('',(0.,0.,1.));
#3868=DIRECTION('',(0.,0.,1.));
#3869=DIRECTION('',(1.,0.,0.));
#3870=DIRECTION('',(0.,0.,1.));
#3871=DIRECTION('',(1.,0.,0.));
#3872=CARTESIAN_POINT('',(0.,0.,0.));
#3873=CARTESIAN_POINT('',(8.81024080314557,-3.129722623867,-1.84389673224169));
#3874=CARTESIAN_POINT('',(8.81024080314557,-3.129722623867,-4.86309673224169));
#3875=CARTESIAN_POINT('',(8.81024080314557,-5.129722623867,-1.84389673224169));
#3876=CARTESIAN_POINT('',(8.81024080314557,-5.129722623867,-4.86309673224169));
#3877=CARTESIAN_POINT('',(6.81024080314557,-5.129722623867,-1.84389673224169));
#3878=CARTESIAN_POINT('',(6.81024080314557,-5.129722623867,-4.86309673224169));
#3879=CARTESIAN_POINT('',(4.81024080314557,-5.129722623867,-1.84389673224169));
#3880=CARTESIAN_POINT('',(4.81024080314557,-5.129722623867,-4.86309673224169));
#3881=CARTESIAN_POINT('',(4.81024080314557,-3.129722623867,-1.84389673224169));
#3882=CARTESIAN_POINT('',(4.81024080314557,-3.129722623867,-4.86309673224169));
#3883=CARTESIAN_POINT('',(4.81024080314557,-1.129722623867,-1.84389673224169));
#3884=CARTESIAN_POINT('',(4.81024080314557,-1.129722623867,-4.86309673224169));
#3885=CARTESIAN_POINT('',(6.81024080314557,-1.129722623867,-1.84389673224169));
#3886=CARTESIAN_POINT('',(6.81024080314557,-1.129722623867,-4.86309673224169));
#3887=CARTESIAN_POINT('',(8.81024080314557,-1.129722623867,-1.84389673224169));
#3888=CARTESIAN_POINT('',(8.81024080314557,-1.129722623867,-4.86309673224169));
#3889=CARTESIAN_POINT('',(8.81024080314557,-3.129722623867,-1.84389673224169));
#3890=CARTESIAN_POINT('',(8.81024080314557,-3.129722623867,-4.86309673224169));
#3891=CARTESIAN_POINT('',(7.50460495931957,-6.519722623867,-1.84389673224169));
#3892=CARTESIAN_POINT('',(7.50460495931957,-6.519722623867,-4.86309673224169));
#3893=CARTESIAN_POINT('',(7.50460495931957,-6.019722623867,-1.84389673224169));
#3894=CARTESIAN_POINT('',(7.50460495931957,-6.019722623867,-4.86309673224169));
#3895=CARTESIAN_POINT('',(8.00460495931957,-6.019722623867,-1.84389673224169));
#3896=CARTESIAN_POINT('',(8.00460495931957,-6.019722623867,-4.86309673224169));
#3897=CARTESIAN_POINT('',(8.50460495931957,-6.019722623867,-1.84389673224169));
#3898=CARTESIAN_POINT('',(8.50460495931957,-6.019722623867,-4.86309673224169));
#3899=CARTESIAN_POINT('',(8.50460495931957,-6.519722623867,-1.84389673224169));
#3900=CARTESIAN_POINT('',(8.50460495931957,-6.519722623867,-4.86309673224169));
#3901=CARTESIAN_POINT('',(8.50460495931957,-7.019722623867,-1.84389673224169));
#3902=CARTESIAN_POINT('',(8.50460495931957,-7.019722623867,-4.86309673224169));
#3903=CARTESIAN_POINT('',(8.00460495931957,-7.019722623867,-1.84389673224169));
#3904=CARTESIAN_POINT('',(8.00460495931957,-7.019722623867,-4.86309673224169));
#3905=CARTESIAN_POINT('',(7.50460495931957,-7.019722623867,-1.84389673224169));
#3906=CARTESIAN_POINT('',(7.50460495931957,-7.019722623867,-4.86309673224169));
#3907=CARTESIAN_POINT('',(7.50460495931957,-6.519722623867,-1.84389673224169));
#3908=CARTESIAN_POINT('',(7.50460495931957,-6.519722623867,-4.86309673224169));
#3909=CARTESIAN_POINT('',(14.7102408031456,-4.629722623867,-1.84389673224169));
#3910=CARTESIAN_POINT('',(14.7102408031456,-4.629722623867,-4.86309673224169));
#3911=CARTESIAN_POINT('',(14.7102408031456,-4.129722623867,-1.84389673224169));
#3912=CARTESIAN_POINT('',(14.7102408031456,-4.129722623867,-4.86309673224169));
#3913=CARTESIAN_POINT('',(15.2102408031456,-4.129722623867,-1.84389673224169));
#3914=CARTESIAN_POINT('',(15.2102408031456,-4.129722623867,-4.86309673224169));
#3915=CARTESIAN_POINT('',(15.7102408031456,-4.129722623867,-1.84389673224169));
#3916=CARTESIAN_POINT('',(15.7102408031456,-4.129722623867,-4.86309673224169));
#3917=CARTESIAN_POINT('',(15.7102408031456,-4.629722623867,-1.84389673224169));
#3918=CARTESIAN_POINT('',(15.7102408031456,-4.629722623867,-4.86309673224169));
#3919=CARTESIAN_POINT('',(15.7102408031456,-5.129722623867,-1.84389673224169));
#3920=CARTESIAN_POINT('',(15.7102408031456,-5.129722623867,-4.86309673224169));
#3921=CARTESIAN_POINT('',(15.2102408031456,-5.129722623867,-1.84389673224169));
#3922=CARTESIAN_POINT('',(15.2102408031456,-5.129722623867,-4.86309673224169));
#3923=CARTESIAN_POINT('',(14.7102408031456,-5.129722623867,-1.84389673224169));
#3924=CARTESIAN_POINT('',(14.7102408031456,-5.129722623867,-4.86309673224169));
#3925=CARTESIAN_POINT('',(14.7102408031456,-4.629722623867,-1.84389673224169));
#3926=CARTESIAN_POINT('',(14.7102408031456,-4.629722623867,-4.86309673224169));
#3927=CARTESIAN_POINT('',(7.38524080314557,-5.494722623867,-2.44315851393069));
#3928=CARTESIAN_POINT('',(7.38524080314557,-5.644722623867,-2.44315851393069));
#3929=CARTESIAN_POINT('',(7.53524080314557,-5.644722623867,-2.44315851393069));
#3930=CARTESIAN_POINT('',(7.68524080314557,-5.644722623867,-2.44315851393069));
#3931=CARTESIAN_POINT('',(7.68524080314557,-5.494722623867,-2.44315851393069));
#3932=CARTESIAN_POINT('',(7.68524080314557,-5.344722623867,-2.44315851393069));
#3933=CARTESIAN_POINT('',(7.53524080314557,-5.344722623867,-2.44315851393069));
#3934=CARTESIAN_POINT('',(7.38524080314557,-5.344722623867,-2.44315851393069));
#3935=CARTESIAN_POINT('',(7.38524080314557,-5.494722623867,-2.44315851393069));
#3936=CARTESIAN_POINT('',(7.38524080314557,-5.494722623867,-0.863217133659688));
#3937=CARTESIAN_POINT('',(7.38524080314557,-5.644722623867,-0.863217133659689));
#3938=CARTESIAN_POINT('',(7.53524080314557,-5.644722623867,-0.863217133659688));
#3939=CARTESIAN_POINT('',(7.68524080314557,-5.644722623867,-0.863217133659689));
#3940=CARTESIAN_POINT('',(7.68524080314557,-5.494722623867,-0.863217133659688));
#3941=CARTESIAN_POINT('',(7.68524080314557,-5.344722623867,-0.863217133659689));
#3942=CARTESIAN_POINT('',(7.53524080314557,-5.344722623867,-0.863217133659688));
#3943=CARTESIAN_POINT('',(7.38524080314557,-5.344722623867,-0.863217133659689));
#3944=CARTESIAN_POINT('',(7.38524080314557,-5.494722623867,-0.863217133659688));
#3945=CARTESIAN_POINT('',(6.78524080314557,-5.494722623867,-2.44317924995369));
#3946=CARTESIAN_POINT('',(6.78524080314557,-5.344722623867,-2.44317924995369));
#3947=CARTESIAN_POINT('',(6.63524080314557,-5.344722623867,-2.44317924995369));
#3948=CARTESIAN_POINT('',(6.48524080314557,-5.344722623867,-2.44317924995369));
#3949=CARTESIAN_POINT('',(6.48524080314557,-5.494722623867,-2.44317924995369));
#3950=CARTESIAN_POINT('',(6.48524080314557,-5.644722623867,-2.44317924995369));
#3951=CARTESIAN_POINT('',(6.63524080314557,-5.644722623867,-2.44317924995369));
#3952=CARTESIAN_POINT('',(6.78524080314557,-5.644722623867,-2.44317924995369));
#3953=CARTESIAN_POINT('',(6.78524080314557,-5.494722623867,-2.44317924995369));
#3954=CARTESIAN_POINT('',(6.78524080314557,-5.494722623867,-0.862989037409687));
#3955=CARTESIAN_POINT('',(6.78524080314557,-5.344722623867,-0.862989037409687));
#3956=CARTESIAN_POINT('',(6.63524080314557,-5.344722623867,-0.862989037409687));
#3957=CARTESIAN_POINT('',(6.48524080314557,-5.344722623867,-0.862989037409687));
#3958=CARTESIAN_POINT('',(6.48524080314557,-5.494722623867,-0.862989037409687));
#3959=CARTESIAN_POINT('',(6.48524080314557,-5.644722623867,-0.862989037409687));
#3960=CARTESIAN_POINT('',(6.63524080314557,-5.644722623867,-0.862989037409687));
#3961=CARTESIAN_POINT('',(6.78524080314557,-5.644722623867,-0.862989037409687));
#3962=CARTESIAN_POINT('',(6.78524080314557,-5.494722623867,-0.862989037409687));
#3963=CARTESIAN_POINT('',(7.08524080314557,-5.344722623867,1.88687414757931));
#3964=CARTESIAN_POINT('',(5.24640080314557,-5.344722623867,-2.71022585241969));
#3965=CARTESIAN_POINT('',(7.08524080314557,-5.344722623867,1.88687414757931));
#3966=CARTESIAN_POINT('',(5.24640080314557,-3.505882623867,-2.71022585241969));
#3967=CARTESIAN_POINT('',(7.08524080314557,-5.344722623867,1.88687414757931));
#3968=CARTESIAN_POINT('',(7.08524080314557,-3.505882623867,-2.71022585241969));
#3969=CARTESIAN_POINT('',(7.08524080314557,-5.344722623867,1.88687414757931));
#3970=CARTESIAN_POINT('',(8.92408080314557,-3.505882623867,-2.71022585241969));
#3971=CARTESIAN_POINT('',(7.08524080314557,-5.344722623867,1.88687414757931));
#3972=CARTESIAN_POINT('',(8.92408080314557,-5.344722623867,-2.71022585241969));
#3973=CARTESIAN_POINT('',(7.08524080314557,-5.344722623867,1.88687414757931));
#3974=CARTESIAN_POINT('',(8.92408080314557,-7.183562623867,-2.71022585241969));
#3975=CARTESIAN_POINT('',(7.08524080314557,-5.344722623867,1.88687414757931));
#3976=CARTESIAN_POINT('',(7.08524080314557,-7.183562623867,-2.71022585241969));
#3977=CARTESIAN_POINT('',(7.08524080314557,-5.344722623867,1.88687414757931));
#3978=CARTESIAN_POINT('',(5.24640080314557,-7.183562623867,-2.71022585241969));
#3979=CARTESIAN_POINT('',(7.08524080314557,-5.344722623867,1.88687414757931));
#3980=CARTESIAN_POINT('',(5.24640080314557,-5.344722623867,-2.71022585241969));
#3981=CARTESIAN_POINT('',(7.08524080314557,-6.794722623867,-3.29963382022369));
#3982=CARTESIAN_POINT('',(7.08524080314557,-6.794722623867,-1.04198876443769));
#3983=CARTESIAN_POINT('',(8.53524080314557,-6.794722623867,-3.29963382022369));
#3984=CARTESIAN_POINT('',(8.53524080314557,-6.794722623867,-1.04198876443769));
#3985=CARTESIAN_POINT('',(8.53524080314557,-5.344722623867,-3.29963382022369));
#3986=CARTESIAN_POINT('',(8.53524080314557,-5.344722623867,-1.04198876443769));
#3987=CARTESIAN_POINT('',(8.53524080314557,-3.894722623867,-3.29963382022369));
#3988=CARTESIAN_POINT('',(8.53524080314557,-3.894722623867,-1.04198876443769));
#3989=CARTESIAN_POINT('',(7.08524080314557,-3.894722623867,-3.29963382022369));
#3990=CARTESIAN_POINT('',(7.08524080314557,-3.894722623867,-1.04198876443769));
#3991=CARTESIAN_POINT('',(5.63524080314557,-3.894722623867,-3.29963382022369));
#3992=CARTESIAN_POINT('',(5.63524080314557,-3.894722623867,-1.04198876443769));
#3993=CARTESIAN_POINT('',(5.63524080314557,-5.344722623867,-3.29963382022369));
#3994=CARTESIAN_POINT('',(5.63524080314557,-5.344722623867,-1.04198876443769));
#3995=CARTESIAN_POINT('',(5.63524080314557,-6.794722623867,-3.29963382022369));
#3996=CARTESIAN_POINT('',(5.63524080314557,-6.794722623867,-1.04198876443769));
#3997=CARTESIAN_POINT('',(7.08524080314557,-6.794722623867,-3.29963382022369));
#3998=CARTESIAN_POINT('',(7.08524080314557,-6.794722623867,-1.04198876443769));
#3999=CARTESIAN_POINT('',(7.08524080314557,-3.894722623867,-3.29963382022369));
#4000=CARTESIAN_POINT('',(7.08524080314557,-3.894722623867,-1.04198876443769));
#4001=CARTESIAN_POINT('',(5.63524080314557,-3.894722623867,-3.29963382022369));
#4002=CARTESIAN_POINT('',(5.63524080314557,-3.894722623867,-1.04198876443769));
#4003=CARTESIAN_POINT('',(5.63524080314557,-5.344722623867,-3.29963382022369));
#4004=CARTESIAN_POINT('',(5.63524080314557,-5.344722623867,-1.04198876443769));
#4005=CARTESIAN_POINT('',(5.63524080314557,-6.794722623867,-3.29963382022369));
#4006=CARTESIAN_POINT('',(5.63524080314557,-6.794722623867,-1.04198876443769));
#4007=CARTESIAN_POINT('',(7.08524080314557,-6.794722623867,-3.29963382022369));
#4008=CARTESIAN_POINT('',(7.08524080314557,-6.794722623867,-1.04198876443769));
#4009=CARTESIAN_POINT('',(8.53524080314557,-6.794722623867,-3.29963382022369));
#4010=CARTESIAN_POINT('',(8.53524080314557,-6.794722623867,-1.04198876443769));
#4011=CARTESIAN_POINT('',(8.53524080314557,-5.344722623867,-3.29963382022369));
#4012=CARTESIAN_POINT('',(8.53524080314557,-5.344722623867,-1.04198876443769));
#4013=CARTESIAN_POINT('',(8.53524080314557,-3.894722623867,-3.29963382022369));
#4014=CARTESIAN_POINT('',(8.53524080314557,-3.894722623867,-1.04198876443769));
#4015=CARTESIAN_POINT('',(7.08524080314557,-3.894722623867,-3.29963382022369));
#4016=CARTESIAN_POINT('',(7.08524080314557,-3.894722623867,-1.04198876443769));
#4017=CARTESIAN_POINT('',(7.08524080314557,-5.344722623867,1.88687414757931));
#4018=CARTESIAN_POINT('',(8.92408080314557,-5.344722623867,-2.71022585241969));
#4019=CARTESIAN_POINT('',(7.08524080314557,-5.344722623867,1.88687414757931));
#4020=CARTESIAN_POINT('',(8.92408080314557,-7.183562623867,-2.71022585241969));
#4021=CARTESIAN_POINT('',(7.08524080314557,-5.344722623867,1.88687414757931));
#4022=CARTESIAN_POINT('',(7.08524080314557,-7.183562623867,-2.71022585241969));
#4023=CARTESIAN_POINT('',(7.08524080314557,-5.344722623867,1.88687414757931));
#4024=CARTESIAN_POINT('',(5.24640080314557,-7.183562623867,-2.71022585241969));
#4025=CARTESIAN_POINT('',(7.08524080314557,-5.344722623867,1.88687414757931));
#4026=CARTESIAN_POINT('',(5.24640080314557,-5.344722623867,-2.71022585241969));
#4027=CARTESIAN_POINT('',(7.08524080314557,-5.344722623867,1.88687414757931));
#4028=CARTESIAN_POINT('',(5.24640080314557,-3.505882623867,-2.71022585241969));
#4029=CARTESIAN_POINT('',(7.08524080314557,-5.344722623867,1.88687414757931));
#4030=CARTESIAN_POINT('',(7.08524080314557,-3.505882623867,-2.71022585241969));
#4031=CARTESIAN_POINT('',(7.08524080314557,-5.344722623867,1.88687414757931));
#4032=CARTESIAN_POINT('',(8.92408080314557,-3.505882623867,-2.71022585241969));
#4033=CARTESIAN_POINT('',(7.08524080314557,-5.344722623867,1.88687414757931));
#4034=CARTESIAN_POINT('',(8.92408080314557,-5.344722623867,-2.71022585241969));
#4035=CARTESIAN_POINT('',(7.66557363585757,-4.726521825511,-1.83530142752969));
#4036=CARTESIAN_POINT('',(7.54309914871857,-4.481572851233,-1.71282694039069));
#4037=CARTESIAN_POINT('',(7.33096711436257,-4.481572851233,-1.92495897474669));
#4038=CARTESIAN_POINT('',(7.11883508000657,-4.481572851233,-2.13709100910269));
#4039=CARTESIAN_POINT('',(7.24130956714557,-4.726521825511,-2.25956549624169));
#4040=CARTESIAN_POINT('',(7.36378405428457,-4.97147079979,-2.38203998338069));
#4041=CARTESIAN_POINT('',(7.57591608864057,-4.97147079979,-2.16990794902469));
#4042=CARTESIAN_POINT('',(7.78804812299657,-4.97147079979,-1.95777591466869));
#4043=CARTESIAN_POINT('',(7.66557363585757,-4.726521825511,-1.83530142752969));
#4044=CARTESIAN_POINT('',(5.93672333536457,-6.455372126004,-0.106451127036687));
#4045=CARTESIAN_POINT('',(5.81424884822557,-6.210423151726,0.0160233601023129));
#4046=CARTESIAN_POINT('',(5.60211681386957,-6.210423151726,-0.196108674253688));
#4047=CARTESIAN_POINT('',(5.38998477951357,-6.210423151726,-0.408240708609687));
#4048=CARTESIAN_POINT('',(5.51245926665257,-6.455372126004,-0.530715195748687));
#4049=CARTESIAN_POINT('',(5.63493375379157,-6.700321100282,-0.653189682887688));
#4050=CARTESIAN_POINT('',(5.84706578814757,-6.700321100282,-0.441057648531688));
#4051=CARTESIAN_POINT('',(6.05919782250357,-6.700321100282,-0.228925614175689));
#4052=CARTESIAN_POINT('',(5.93672333536457,-6.455372126004,-0.106451127036687));
#4053=CARTESIAN_POINT('',(6.78524080314557,-5.194722623867,-2.44315851393269));
#4054=CARTESIAN_POINT('',(6.78524080314557,-5.044722623867,-2.44315851393269));
#4055=CARTESIAN_POINT('',(6.63524080314557,-5.044722623867,-2.44315851393269));
#4056=CARTESIAN_POINT('',(6.48524080314557,-5.044722623867,-2.44315851393269));
#4057=CARTESIAN_POINT('',(6.48524080314557,-5.194722623867,-2.44315851393269));
#4058=CARTESIAN_POINT('',(6.48524080314557,-5.344722623867,-2.44315851393269));
#4059=CARTESIAN_POINT('',(6.63524080314557,-5.344722623867,-2.44315851393269));
#4060=CARTESIAN_POINT('',(6.78524080314557,-5.344722623867,-2.44315851393269));
#4061=CARTESIAN_POINT('',(6.78524080314557,-5.194722623867,-2.44315851393269));
#4062=CARTESIAN_POINT('',(6.78524080314557,-5.194722623867,-0.863217133642687));
#4063=CARTESIAN_POINT('',(6.78524080314557,-5.044722623867,-0.863217133642687));
#4064=CARTESIAN_POINT('',(6.63524080314557,-5.044722623867,-0.863217133642687));
#4065=CARTESIAN_POINT('',(6.48524080314557,-5.044722623867,-0.863217133642687));
#4066=CARTESIAN_POINT('',(6.48524080314557,-5.194722623867,-0.863217133642687));
#4067=CARTESIAN_POINT('',(6.48524080314557,-5.344722623867,-0.863217133642687));
#4068=CARTESIAN_POINT('',(6.63524080314557,-5.344722623867,-0.863217133642687));
#4069=CARTESIAN_POINT('',(6.78524080314557,-5.344722623867,-0.863217133642687));
#4070=CARTESIAN_POINT('',(6.78524080314557,-5.194722623867,-0.863217133642687));
#4071=CARTESIAN_POINT('',(7.66557363882557,-5.962923425192,-1.83530143049769));
#4072=CARTESIAN_POINT('',(7.78804812596457,-5.717974450914,-1.95777591763669));
#4073=CARTESIAN_POINT('',(7.57591609160857,-5.717974450914,-2.16990795199269));
#4074=CARTESIAN_POINT('',(7.36378405725257,-5.717974450914,-2.38203998634869));
#4075=CARTESIAN_POINT('',(7.24130957011357,-5.962923425192,-2.25956549920969));
#4076=CARTESIAN_POINT('',(7.11883508297457,-6.20787239947,-2.13709101207069));
#4077=CARTESIAN_POINT('',(7.33096711733057,-6.20787239947,-1.92495897771469));
#4078=CARTESIAN_POINT('',(7.54309915168657,-6.20787239947,-1.71282694335869));
#4079=CARTESIAN_POINT('',(7.66557363882557,-5.962923425192,-1.83530143049769));
#4080=CARTESIAN_POINT('',(5.93672333509457,-4.234073121461,-0.106451126766688));
#4081=CARTESIAN_POINT('',(6.05919782223357,-3.989124147183,-0.228925613905688));
#4082=CARTESIAN_POINT('',(5.84706578787757,-3.989124147183,-0.441057648261687));
#4083=CARTESIAN_POINT('',(5.63493375352157,-3.989124147183,-0.653189682617688));
#4084=CARTESIAN_POINT('',(5.51245926638257,-4.234073121461,-0.530715195478688));
#4085=CARTESIAN_POINT('',(5.38998477924357,-4.479022095739,-0.408240708339689));
#4086=CARTESIAN_POINT('',(5.60211681359957,-4.479022095739,-0.196108673983687));
#4087=CARTESIAN_POINT('',(5.81424884795557,-4.479022095739,0.016023360372311));
#4088=CARTESIAN_POINT('',(5.93672333509457,-4.234073121461,-0.106451126766688));
#4089=CARTESIAN_POINT('',(7.38524080314557,-5.194722623867,-2.44317924995469));
#4090=CARTESIAN_POINT('',(7.38524080314557,-5.344722623867,-2.44317924995469));
#4091=CARTESIAN_POINT('',(7.53524080314557,-5.344722623867,-2.44317924995469));
#4092=CARTESIAN_POINT('',(7.68524080314557,-5.344722623867,-2.44317924995469));
#4093=CARTESIAN_POINT('',(7.68524080314557,-5.194722623867,-2.44317924995469));
#4094=CARTESIAN_POINT('',(7.68524080314557,-5.044722623867,-2.44317924995469));
#4095=CARTESIAN_POINT('',(7.53524080314557,-5.044722623867,-2.44317924995469));
#4096=CARTESIAN_POINT('',(7.38524080314557,-5.044722623867,-2.44317924995469));
#4097=CARTESIAN_POINT('',(7.38524080314557,-5.194722623867,-2.44317924995469));
#4098=CARTESIAN_POINT('',(7.38524080314557,-5.194722623867,-0.862989037401688));
#4099=CARTESIAN_POINT('',(7.38524080314557,-5.344722623867,-0.862989037401688));
#4100=CARTESIAN_POINT('',(7.53524080314557,-5.344722623867,-0.862989037401688));
#4101=CARTESIAN_POINT('',(7.68524080314557,-5.344722623867,-0.862989037401688));
#4102=CARTESIAN_POINT('',(7.68524080314557,-5.194722623867,-0.862989037401688));
#4103=CARTESIAN_POINT('',(7.68524080314557,-5.044722623867,-0.862989037401688));
#4104=CARTESIAN_POINT('',(7.53524080314557,-5.044722623867,-0.862989037401688));
#4105=CARTESIAN_POINT('',(7.38524080314557,-5.044722623867,-0.862989037401688));
#4106=CARTESIAN_POINT('',(7.38524080314557,-5.194722623867,-0.862989037401688));
#4107=CARTESIAN_POINT('',(8.23375827092657,-4.23407312173,-0.106451127036687));
#4108=CARTESIAN_POINT('',(8.11128378378757,-3.989124147452,-0.228925614175689));
#4109=CARTESIAN_POINT('',(8.32341581814357,-3.989124147452,-0.441057648531688));
#4110=CARTESIAN_POINT('',(8.53554785249957,-3.989124147452,-0.653189682887688));
#4111=CARTESIAN_POINT('',(8.65802233963857,-4.23407312173,-0.530715195748687));
#4112=CARTESIAN_POINT('',(8.78049682677757,-4.479022096008,-0.408240708609687));
#4113=CARTESIAN_POINT('',(8.56836479242157,-4.479022096008,-0.196108674253688));
#4114=CARTESIAN_POINT('',(8.35623275806557,-4.479022096008,0.0160233601023129));
#4115=CARTESIAN_POINT('',(8.23375827092657,-4.23407312173,-0.106451127036687));
#4116=CARTESIAN_POINT('',(6.50490797043257,-5.962923422224,-1.83530142753069));
#4117=CARTESIAN_POINT('',(6.38243348329357,-5.717974447946,-1.95777591466969));
#4118=CARTESIAN_POINT('',(6.59456551764957,-5.717974447946,-2.16990794902569));
#4119=CARTESIAN_POINT('',(6.80669755200557,-5.717974447946,-2.38203998338169));
#4120=CARTESIAN_POINT('',(6.92917203914457,-5.962923422224,-2.25956549624269));
#4121=CARTESIAN_POINT('',(7.05164652628357,-6.207872396502,-2.13709100910269));
#4122=CARTESIAN_POINT('',(6.83951449192757,-6.207872396502,-1.92495897474769));
#4123=CARTESIAN_POINT('',(6.62738245757257,-6.207872396502,-1.71282694039169));
#4124=CARTESIAN_POINT('',(6.50490797043257,-5.962923422224,-1.83530142753069));
#4125=CARTESIAN_POINT('',(8.23375827119657,-6.455372126274,-0.106451126766688));
#4126=CARTESIAN_POINT('',(8.35623275833557,-6.210423151996,0.016023360372311));
#4127=CARTESIAN_POINT('',(8.56836479269157,-6.210423151996,-0.196108673983687));
#4128=CARTESIAN_POINT('',(8.78049682704757,-6.210423151996,-0.408240708339689));
#4129=CARTESIAN_POINT('',(8.65802233990857,-6.455372126274,-0.530715195478688));
#4130=CARTESIAN_POINT('',(8.53554785276957,-6.700321100552,-0.653189682617688));
#4131=CARTESIAN_POINT('',(8.32341581841357,-6.700321100552,-0.441057648261687));
#4132=CARTESIAN_POINT('',(8.11128378405757,-6.700321100552,-0.228925613905688));
#4133=CARTESIAN_POINT('',(8.23375827119657,-6.455372126274,-0.106451126766688));
#4134=CARTESIAN_POINT('',(6.50490796746557,-4.726521822543,-1.83530143049769));
#4135=CARTESIAN_POINT('',(6.62738245460457,-4.481572848265,-1.71282694335869));
#4136=CARTESIAN_POINT('',(6.83951448896057,-4.481572848265,-1.92495897771469));
#4137=CARTESIAN_POINT('',(7.05164652331657,-4.481572848265,-2.13709101207069));
#4138=CARTESIAN_POINT('',(6.92917203617757,-4.726521822543,-2.25956549920969));
#4139=CARTESIAN_POINT('',(6.80669754903857,-4.971470796821,-2.38203998634869));
#4140=CARTESIAN_POINT('',(6.59456551468257,-4.971470796821,-2.16990795199269));
#4141=CARTESIAN_POINT('',(6.38243348032657,-4.971470796821,-1.95777591763669));
#4142=CARTESIAN_POINT('',(6.50490796746557,-4.726521822543,-1.83530143049769));
#4143=CARTESIAN_POINT('',(13.7352408031456,-2.754722623867,-2.44309673225569));
#4144=CARTESIAN_POINT('',(13.7352408031456,-2.904722623867,-2.44309673225569));
#4145=CARTESIAN_POINT('',(13.8852408031456,-2.904722623867,-2.44309673225569));
#4146=CARTESIAN_POINT('',(14.0352408031456,-2.904722623867,-2.44309673225569));
#4147=CARTESIAN_POINT('',(14.0352408031456,-2.754722623867,-2.44309673225569));
#4148=CARTESIAN_POINT('',(14.0352408031456,-2.604722623867,-2.44309673225569));
#4149=CARTESIAN_POINT('',(13.8852408031456,-2.604722623867,-2.44309673225569));
#4150=CARTESIAN_POINT('',(13.7352408031456,-2.604722623867,-2.44309673225569));
#4151=CARTESIAN_POINT('',(13.7352408031456,-2.754722623867,-2.44309673225569));
#4152=CARTESIAN_POINT('',(13.7352408031456,-2.754722623867,-0.863896732083688));
#4153=CARTESIAN_POINT('',(13.7352408031456,-2.904722623867,-0.863896732083689));
#4154=CARTESIAN_POINT('',(13.8852408031456,-2.904722623867,-0.863896732083688));
#4155=CARTESIAN_POINT('',(14.0352408031456,-2.904722623867,-0.863896732083689));
#4156=CARTESIAN_POINT('',(14.0352408031456,-2.754722623867,-0.863896732083688));
#4157=CARTESIAN_POINT('',(14.0352408031456,-2.604722623867,-0.863896732083689));
#4158=CARTESIAN_POINT('',(13.8852408031456,-2.604722623867,-0.863896732083688));
#4159=CARTESIAN_POINT('',(13.7352408031456,-2.604722623867,-0.863896732083689));
#4160=CARTESIAN_POINT('',(13.7352408031456,-2.754722623867,-0.863896732083688));
#4161=CARTESIAN_POINT('',(13.1352408031456,-2.754722623867,-2.44309673225569));
#4162=CARTESIAN_POINT('',(13.1352408031456,-2.604722623867,-2.44309673225569));
#4163=CARTESIAN_POINT('',(12.9852408031456,-2.604722623867,-2.44309673225569));
#4164=CARTESIAN_POINT('',(12.8352408031456,-2.604722623867,-2.44309673225569));
#4165=CARTESIAN_POINT('',(12.8352408031456,-2.754722623867,-2.44309673225569));
#4166=CARTESIAN_POINT('',(12.8352408031456,-2.904722623867,-2.44309673225569));
#4167=CARTESIAN_POINT('',(12.9852408031456,-2.904722623867,-2.44309673225569));
#4168=CARTESIAN_POINT('',(13.1352408031456,-2.904722623867,-2.44309673225569));
#4169=CARTESIAN_POINT('',(13.1352408031456,-2.754722623867,-2.44309673225569));
#4170=CARTESIAN_POINT('',(13.1352408031456,-2.754722623867,-0.863896732083688));
#4171=CARTESIAN_POINT('',(13.1352408031456,-2.604722623867,-0.863896732083689));
#4172=CARTESIAN_POINT('',(12.9852408031456,-2.604722623867,-0.863896732083688));
#4173=CARTESIAN_POINT('',(12.8352408031456,-2.604722623867,-0.863896732083689));
#4174=CARTESIAN_POINT('',(12.8352408031456,-2.754722623867,-0.863896732083688));
#4175=CARTESIAN_POINT('',(12.8352408031456,-2.904722623867,-0.863896732083689));
#4176=CARTESIAN_POINT('',(12.9852408031456,-2.904722623867,-0.863896732083688));
#4177=CARTESIAN_POINT('',(13.1352408031456,-2.904722623867,-0.863896732083689));
#4178=CARTESIAN_POINT('',(13.1352408031456,-2.754722623867,-0.863896732083688));
#4179=CARTESIAN_POINT('',(13.1352408031456,-2.854722623867,-2.44309673225569));
#4180=CARTESIAN_POINT('',(13.1352408031456,-2.704722623867,-2.44309673225569));
#4181=CARTESIAN_POINT('',(12.9852408031456,-2.704722623867,-2.44309673225569));
#4182=CARTESIAN_POINT('',(12.8352408031456,-2.704722623867,-2.44309673225569));
#4183=CARTESIAN_POINT('',(12.8352408031456,-2.854722623867,-2.44309673225569));
#4184=CARTESIAN_POINT('',(12.8352408031456,-3.004722623867,-2.44309673225569));
#4185=CARTESIAN_POINT('',(12.9852408031456,-3.004722623867,-2.44309673225569));
#4186=CARTESIAN_POINT('',(13.1352408031456,-3.004722623867,-2.44309673225569));
#4187=CARTESIAN_POINT('',(13.1352408031456,-2.854722623867,-2.44309673225569));
#4188=CARTESIAN_POINT('',(13.1352408031456,-2.854722623867,-0.863896732083688));
#4189=CARTESIAN_POINT('',(13.1352408031456,-2.704722623867,-0.863896732083689));
#4190=CARTESIAN_POINT('',(12.9852408031456,-2.704722623867,-0.863896732083688));
#4191=CARTESIAN_POINT('',(12.8352408031456,-2.704722623867,-0.863896732083689));
#4192=CARTESIAN_POINT('',(12.8352408031456,-2.854722623867,-0.863896732083688));
#4193=CARTESIAN_POINT('',(12.8352408031456,-3.004722623867,-0.863896732083689));
#4194=CARTESIAN_POINT('',(12.9852408031456,-3.004722623867,-0.863896732083688));
#4195=CARTESIAN_POINT('',(13.1352408031456,-3.004722623867,-0.863896732083689));
#4196=CARTESIAN_POINT('',(13.1352408031456,-2.854722623867,-0.863896732083688));
#4197=CARTESIAN_POINT('',(13.7352408031456,-2.854722623867,-2.44309673225569));
#4198=CARTESIAN_POINT('',(13.7352408031456,-3.004722623867,-2.44309673225569));
#4199=CARTESIAN_POINT('',(13.8852408031456,-3.004722623867,-2.44309673225569));
#4200=CARTESIAN_POINT('',(14.0352408031456,-3.004722623867,-2.44309673225569));
#4201=CARTESIAN_POINT('',(14.0352408031456,-2.854722623867,-2.44309673225569));
#4202=CARTESIAN_POINT('',(14.0352408031456,-2.704722623867,-2.44309673225569));
#4203=CARTESIAN_POINT('',(13.8852408031456,-2.704722623867,-2.44309673225569));
#4204=CARTESIAN_POINT('',(13.7352408031456,-2.704722623867,-2.44309673225569));
#4205=CARTESIAN_POINT('',(13.7352408031456,-2.854722623867,-2.44309673225569));
#4206=CARTESIAN_POINT('',(13.7352408031456,-2.854722623867,-0.863896732083688));
#4207=CARTESIAN_POINT('',(13.7352408031456,-3.004722623867,-0.863896732083689));
#4208=CARTESIAN_POINT('',(13.8852408031456,-3.004722623867,-0.863896732083688));
#4209=CARTESIAN_POINT('',(14.0352408031456,-3.004722623867,-0.863896732083689));
#4210=CARTESIAN_POINT('',(14.0352408031456,-2.854722623867,-0.863896732083688));
#4211=CARTESIAN_POINT('',(14.0352408031456,-2.704722623867,-0.863896732083689));
#4212=CARTESIAN_POINT('',(13.8852408031456,-2.704722623867,-0.863896732083688));
#4213=CARTESIAN_POINT('',(13.7352408031456,-2.704722623867,-0.863896732083689));
#4214=CARTESIAN_POINT('',(13.7352408031456,-2.854722623867,-0.863896732083688));
#4215=CARTESIAN_POINT('',(14.5910135306446,-3.922627385725,-0.0991958671726874));
#4216=CARTESIAN_POINT('',(14.7134880177836,-3.677678411447,0.0232786199663117));
#4217=CARTESIAN_POINT('',(14.9256200521396,-3.677678411447,-0.188853414389687));
#4218=CARTESIAN_POINT('',(15.1377520864956,-3.677678411447,-0.400985448745688));
#4219=CARTESIAN_POINT('',(15.0152775993566,-3.922627385725,-0.523459935884688));
#4220=CARTESIAN_POINT('',(14.8928031122176,-4.167576360004,-0.645934423023687));
#4221=CARTESIAN_POINT('',(14.6806710778616,-4.167576360004,-0.433802388667688));
#4222=CARTESIAN_POINT('',(14.4685390435056,-4.167576360004,-0.221670354311687));
#4223=CARTESIAN_POINT('',(14.5910135306446,-3.922627385725,-0.0991958671726874));
#4224=CARTESIAN_POINT('',(12.7751001135136,-2.106713968594,-1.91510928430369));
#4225=CARTESIAN_POINT('',(12.8975746006526,-1.861764994316,-1.79263479716469));
#4226=CARTESIAN_POINT('',(13.1097066350086,-1.861764994316,-2.00476683152069));
#4227=CARTESIAN_POINT('',(13.3218386693646,-1.861764994316,-2.21689886587669));
#4228=CARTESIAN_POINT('',(13.1993641822256,-2.106713968594,-2.33937335301569));
#4229=CARTESIAN_POINT('',(13.0768896950866,-2.351662942873,-2.46184784015469));
#4230=CARTESIAN_POINT('',(12.8647576607306,-2.351662942873,-2.24971580579869));
#4231=CARTESIAN_POINT('',(12.6526256263746,-2.351662942873,-2.03758377144269));
#4232=CARTESIAN_POINT('',(12.7751001135136,-2.106713968594,-1.91510928430369));
#4233=CARTESIAN_POINT('',(12.7751001135166,-3.50273127914,-1.91510928430369));
#4234=CARTESIAN_POINT('',(12.8975746006556,-3.747680253419,-1.79263479716469));
#4235=CARTESIAN_POINT('',(13.1097066350116,-3.747680253419,-2.00476683152069));
#4236=CARTESIAN_POINT('',(13.3218386693676,-3.747680253419,-2.21689886587669));
#4237=CARTESIAN_POINT('',(13.1993641822286,-3.50273127914,-2.33937335301569));
#4238=CARTESIAN_POINT('',(13.0768896950896,-3.257782304862,-2.46184784015469));
#4239=CARTESIAN_POINT('',(12.8647576607336,-3.257782304862,-2.24971580579869));
#4240=CARTESIAN_POINT('',(12.6526256263776,-3.257782304862,-2.03758377144269));
#4241=CARTESIAN_POINT('',(12.7751001135166,-3.50273127914,-1.91510928430369));
#4242=CARTESIAN_POINT('',(14.5910135306476,-1.686817862009,-0.0991958671726874));
#4243=CARTESIAN_POINT('',(14.7134880177866,-1.931766836287,0.0232786199663117));
#4244=CARTESIAN_POINT('',(14.9256200521426,-1.931766836287,-0.188853414389687));
#4245=CARTESIAN_POINT('',(15.1377520864986,-1.931766836287,-0.400985448745688));
#4246=CARTESIAN_POINT('',(15.0152775993596,-1.686817862009,-0.523459935884688));
#4247=CARTESIAN_POINT('',(14.8928031122206,-1.441868887731,-0.645934423023687));
#4248=CARTESIAN_POINT('',(14.6806710778646,-1.441868887731,-0.433802388667688));
#4249=CARTESIAN_POINT('',(14.4685390435086,-1.441868887731,-0.221670354311687));
#4250=CARTESIAN_POINT('',(14.5910135306476,-1.686817862009,-0.0991958671726874));
#4251=CARTESIAN_POINT('',(12.2794680756436,-1.686817862009,-0.0991958671726874));
#4252=CARTESIAN_POINT('',(12.1569935885046,-1.931766836287,0.0232786199663117));
#4253=CARTESIAN_POINT('',(11.9448615541486,-1.931766836287,-0.188853414389687));
#4254=CARTESIAN_POINT('',(11.7327295197926,-1.931766836287,-0.400985448745688));
#4255=CARTESIAN_POINT('',(11.8552040069316,-1.686817862009,-0.523459935884688));
#4256=CARTESIAN_POINT('',(11.9776784940706,-1.441868887731,-0.645934423023687));
#4257=CARTESIAN_POINT('',(12.1898105284266,-1.441868887731,-0.433802388667688));
#4258=CARTESIAN_POINT('',(12.4019425627826,-1.441868887731,-0.221670354311687));
#4259=CARTESIAN_POINT('',(12.2794680756436,-1.686817862009,-0.0991958671726874));
#4260=CARTESIAN_POINT('',(14.0953814927746,-3.50273127914,-1.91510928430369));
#4261=CARTESIAN_POINT('',(13.9729070056356,-3.747680253419,-1.79263479716469));
#4262=CARTESIAN_POINT('',(13.7607749712796,-3.747680253419,-2.00476683152069));
#4263=CARTESIAN_POINT('',(13.5486429369236,-3.747680253419,-2.21689886587669));
#4264=CARTESIAN_POINT('',(13.6711174240626,-3.50273127914,-2.33937335301569));
#4265=CARTESIAN_POINT('',(13.7935919112016,-3.257782304862,-2.46184784015469));
#4266=CARTESIAN_POINT('',(14.0057239455576,-3.257782304862,-2.24971580579869));
#4267=CARTESIAN_POINT('',(14.2178559799136,-3.257782304862,-2.03758377144269));
#4268=CARTESIAN_POINT('',(14.0953814927746,-3.50273127914,-1.91510928430369));
#4269=CARTESIAN_POINT('',(14.0953814927716,-2.106713968592,-1.91510928430569));
#4270=CARTESIAN_POINT('',(13.9729070056326,-1.861764994314,-1.79263479716569));
#4271=CARTESIAN_POINT('',(13.7607749712766,-1.861764994314,-2.00476683152169));
#4272=CARTESIAN_POINT('',(13.5486429369206,-1.861764994314,-2.21689886587769));
#4273=CARTESIAN_POINT('',(13.6711174240606,-2.106713968592,-2.33937335301669));
#4274=CARTESIAN_POINT('',(13.7935919111996,-2.351662942871,-2.46184784015669));
#4275=CARTESIAN_POINT('',(14.0057239455556,-2.351662942871,-2.24971580580069));
#4276=CARTESIAN_POINT('',(14.2178559799116,-2.351662942871,-2.03758377144469));
#4277=CARTESIAN_POINT('',(14.0953814927716,-2.106713968592,-1.91510928430569));
#4278=CARTESIAN_POINT('',(12.2794680756396,-3.922627385725,-0.0991958671726874));
#4279=CARTESIAN_POINT('',(12.1569935884996,-3.677678411447,0.0232786199663117));
#4280=CARTESIAN_POINT('',(11.9448615541446,-3.677678411447,-0.188853414389687));
#4281=CARTESIAN_POINT('',(11.7327295197886,-3.677678411447,-0.400985448744688));
#4282=CARTESIAN_POINT('',(11.8552040069276,-3.922627385725,-0.523459935884688));
#4283=CARTESIAN_POINT('',(11.9776784940666,-4.167576360004,-0.645934423023687));
#4284=CARTESIAN_POINT('',(12.1898105284226,-4.167576360004,-0.433802388667688));
#4285=CARTESIAN_POINT('',(12.4019425627786,-4.167576360004,-0.221670354311687));
#4286=CARTESIAN_POINT('',(12.2794680756396,-3.922627385725,-0.0991958671726874));
#4287=CARTESIAN_POINT('',(13.4352408031456,-4.254722623867,-3.29963382022369));
#4288=CARTESIAN_POINT('',(13.4352408031456,-4.254722623867,-1.04198876443769));
#4289=CARTESIAN_POINT('',(14.8852408031456,-4.254722623867,-3.29963382022369));
#4290=CARTESIAN_POINT('',(14.8852408031456,-4.254722623867,-1.04198876443769));
#4291=CARTESIAN_POINT('',(14.8852408031456,-2.804722623867,-3.29963382022369));
#4292=CARTESIAN_POINT('',(14.8852408031456,-2.804722623867,-1.04198876443769));
#4293=CARTESIAN_POINT('',(14.8852408031456,-1.354722623867,-3.29963382022369));
#4294=CARTESIAN_POINT('',(14.8852408031456,-1.354722623867,-1.04198876443769));
#4295=CARTESIAN_POINT('',(13.4352408031456,-1.354722623867,-3.29963382022369));
#4296=CARTESIAN_POINT('',(13.4352408031456,-1.354722623867,-1.04198876443769));
#4297=CARTESIAN_POINT('',(11.9852408031456,-1.354722623867,-3.29963382022369));
#4298=CARTESIAN_POINT('',(11.9852408031456,-1.354722623867,-1.04198876443769));
#4299=CARTESIAN_POINT('',(11.9852408031456,-2.804722623867,-3.29963382022369));
#4300=CARTESIAN_POINT('',(11.9852408031456,-2.804722623867,-1.04198876443769));
#4301=CARTESIAN_POINT('',(11.9852408031456,-4.254722623867,-3.29963382022369));
#4302=CARTESIAN_POINT('',(11.9852408031456,-4.254722623867,-1.04198876443769));
#4303=CARTESIAN_POINT('',(13.4352408031456,-4.254722623867,-3.29963382022369));
#4304=CARTESIAN_POINT('',(13.4352408031456,-4.254722623867,-1.04198876443769));
#4305=CARTESIAN_POINT('',(13.4352408031456,-2.804722623867,1.88687414758131));
#4306=CARTESIAN_POINT('',(15.2740808031456,-2.804722623867,-2.71022585241969));
#4307=CARTESIAN_POINT('',(13.4352408031456,-2.804722623867,1.88687414758131));
#4308=CARTESIAN_POINT('',(15.2740808031456,-4.643562623867,-2.71022585241969));
#4309=CARTESIAN_POINT('',(13.4352408031456,-2.804722623867,1.88687414758131));
#4310=CARTESIAN_POINT('',(13.4352408031456,-4.643562623867,-2.71022585241969));
#4311=CARTESIAN_POINT('',(13.4352408031456,-2.804722623867,1.88687414758131));
#4312=CARTESIAN_POINT('',(11.5964008031456,-4.643562623867,-2.71022585241969));
#4313=CARTESIAN_POINT('',(13.4352408031456,-2.804722623867,1.88687414758131));
#4314=CARTESIAN_POINT('',(11.5964008031456,-2.804722623867,-2.71022585241969));
#4315=CARTESIAN_POINT('',(13.4352408031456,-2.804722623867,1.88687414758131));
#4316=CARTESIAN_POINT('',(11.5964008031456,-0.965882623867,-2.71022585241969));
#4317=CARTESIAN_POINT('',(13.4352408031456,-2.804722623867,1.88687414758131));
#4318=CARTESIAN_POINT('',(13.4352408031456,-0.965882623867,-2.71022585241969));
#4319=CARTESIAN_POINT('',(13.4352408031456,-2.804722623867,1.88687414758131));
#4320=CARTESIAN_POINT('',(15.2740808031456,-0.965882623867,-2.71022585241969));
#4321=CARTESIAN_POINT('',(13.4352408031456,-2.804722623867,1.88687414758131));
#4322=CARTESIAN_POINT('',(15.2740808031456,-2.804722623867,-2.71022585241969));
#4323=CARTESIAN_POINT('',(13.4352408031456,-2.804722623867,1.88687414758131));
#4324=CARTESIAN_POINT('',(11.5964008031456,-2.804722623867,-2.71022585241969));
#4325=CARTESIAN_POINT('',(13.4352408031456,-2.804722623867,1.88687414758131));
#4326=CARTESIAN_POINT('',(11.5964008031456,-0.965882623867,-2.71022585241969));
#4327=CARTESIAN_POINT('',(13.4352408031456,-2.804722623867,1.88687414758131));
#4328=CARTESIAN_POINT('',(13.4352408031456,-0.965882623867,-2.71022585241969));
#4329=CARTESIAN_POINT('',(13.4352408031456,-2.804722623867,1.88687414758131));
#4330=CARTESIAN_POINT('',(15.2740808031456,-0.965882623867,-2.71022585241969));
#4331=CARTESIAN_POINT('',(13.4352408031456,-2.804722623867,1.88687414758131));
#4332=CARTESIAN_POINT('',(15.2740808031456,-2.804722623867,-2.71022585241969));
#4333=CARTESIAN_POINT('',(13.4352408031456,-2.804722623867,1.88687414758131));
#4334=CARTESIAN_POINT('',(15.2740808031456,-4.643562623867,-2.71022585241969));
#4335=CARTESIAN_POINT('',(13.4352408031456,-2.804722623867,1.88687414758131));
#4336=CARTESIAN_POINT('',(13.4352408031456,-4.643562623867,-2.71022585241969));
#4337=CARTESIAN_POINT('',(13.4352408031456,-2.804722623867,1.88687414758131));
#4338=CARTESIAN_POINT('',(11.5964008031456,-4.643562623867,-2.71022585241969));
#4339=CARTESIAN_POINT('',(13.4352408031456,-2.804722623867,1.88687414758131));
#4340=CARTESIAN_POINT('',(11.5964008031456,-2.804722623867,-2.71022585241969));
#4341=CARTESIAN_POINT('',(13.4352408031456,-1.354722623867,-3.29963382022369));
#4342=CARTESIAN_POINT('',(13.4352408031456,-1.354722623867,-1.04198876443769));
#4343=CARTESIAN_POINT('',(11.9852408031456,-1.354722623867,-3.29963382022369));
#4344=CARTESIAN_POINT('',(11.9852408031456,-1.354722623867,-1.04198876443769));
#4345=CARTESIAN_POINT('',(11.9852408031456,-2.804722623867,-3.29963382022369));
#4346=CARTESIAN_POINT('',(11.9852408031456,-2.804722623867,-1.04198876443769));
#4347=CARTESIAN_POINT('',(11.9852408031456,-4.254722623867,-3.29963382022369));
#4348=CARTESIAN_POINT('',(11.9852408031456,-4.254722623867,-1.04198876443769));
#4349=CARTESIAN_POINT('',(13.4352408031456,-4.254722623867,-3.29963382022369));
#4350=CARTESIAN_POINT('',(13.4352408031456,-4.254722623867,-1.04198876443769));
#4351=CARTESIAN_POINT('',(14.8852408031456,-4.254722623867,-3.29963382022369));
#4352=CARTESIAN_POINT('',(14.8852408031456,-4.254722623867,-1.04198876443769));
#4353=CARTESIAN_POINT('',(14.8852408031456,-2.804722623867,-3.29963382022369));
#4354=CARTESIAN_POINT('',(14.8852408031456,-2.804722623867,-1.04198876443769));
#4355=CARTESIAN_POINT('',(14.8852408031456,-1.354722623867,-3.29963382022369));
#4356=CARTESIAN_POINT('',(14.8852408031456,-1.354722623867,-1.04198876443769));
#4357=CARTESIAN_POINT('',(13.4352408031456,-1.354722623867,-3.29963382022369));
#4358=CARTESIAN_POINT('',(13.4352408031456,-1.354722623867,-1.04198876443769));
#4359=CARTESIAN_POINT('',(12.7802408031456,-7.329722623867,-4.86309673224169));
#4360=CARTESIAN_POINT('',(12.7802408031456,-5.129722623867,-4.86309673224169));
#4361=CARTESIAN_POINT('',(10.5802408031456,-5.129722623867,-4.86309673224169));
#4362=CARTESIAN_POINT('',(8.38024080314557,-5.129722623867,-4.86309673224169));
#4363=CARTESIAN_POINT('',(8.38024080314557,-7.329722623867,-4.86309673224169));
#4364=CARTESIAN_POINT('',(8.38024080314557,-9.529722623867,-4.86309673224169));
#4365=CARTESIAN_POINT('',(10.5802408031456,-9.529722623867,-4.86309673224169));
#4366=CARTESIAN_POINT('',(12.7802408031456,-9.529722623867,-4.86309673224169));
#4367=CARTESIAN_POINT('',(12.7802408031456,-7.329722623867,-4.86309673224169));
#4368=CARTESIAN_POINT('',(12.7802408031456,-7.329722623867,-1.84389673224169));
#4369=CARTESIAN_POINT('',(12.7802408031456,-5.129722623867,-1.84389673224169));
#4370=CARTESIAN_POINT('',(10.5802408031456,-5.129722623867,-1.84389673224169));
#4371=CARTESIAN_POINT('',(8.38024080314557,-5.129722623867,-1.84389673224169));
#4372=CARTESIAN_POINT('',(8.38024080314557,-7.329722623867,-1.84389673224169));
#4373=CARTESIAN_POINT('',(8.38024080314557,-9.529722623867,-1.84389673224169));
#4374=CARTESIAN_POINT('',(10.5802408031456,-9.529722623867,-1.84389673224169));
#4375=CARTESIAN_POINT('',(12.7802408031456,-9.529722623867,-1.84389673224169));
#4376=CARTESIAN_POINT('',(12.7802408031456,-7.329722623867,-1.84389673224169));
#4377=CARTESIAN_POINT('',(3.01024080314557,-6.184722623867,-2.45404905602122));
#4378=CARTESIAN_POINT('',(3.01024080314557,-4.504722623867,-2.45404905602122));
#4379=CARTESIAN_POINT('',(7.61024080314557,-6.184722623867,-2.45404905602122));
#4380=CARTESIAN_POINT('',(12.9094665863122,-1.96815343118257,-2.45404905602122));
#4381=CARTESIAN_POINT('',(17.5094665863122,-1.96815343118257,-2.45404905602122));
#4382=CARTESIAN_POINT('',(17.5094665863122,-3.64815343118257,-2.45404905602122));
#4383=CARTESIAN_POINT('',(15.7102408031456,-3.654722623867,-4.30357728509352));
#4384=CARTESIAN_POINT('',(15.7102408031456,-3.654722623867,-2.45404905602122));
#4385=CARTESIAN_POINT('',(15.7102408031456,-2.804722623867,-4.30357728509352));
#4386=CARTESIAN_POINT('',(15.7102408031456,-2.804722623867,-2.45404905602122));
#4387=CARTESIAN_POINT('',(15.7102408031456,-1.954722623867,-4.30357728509352));
#4388=CARTESIAN_POINT('',(15.7102408031456,-1.954722623867,-2.45404905602122));
#4389=CARTESIAN_POINT('',(15.7102408031456,-1.542222623867,-4.30357728509352));
#4390=CARTESIAN_POINT('',(15.7102408031456,-1.542222623867,-2.45404905602122));
#4391=CARTESIAN_POINT('',(15.7102408031456,-1.129722623867,-4.30357728509352));
#4392=CARTESIAN_POINT('',(15.7102408031456,-1.129722623867,-2.45404905602122));
#4393=CARTESIAN_POINT('',(15.7102408031456,-1.129722623867,-4.30357728509352));
#4394=CARTESIAN_POINT('',(15.7102408031456,-1.129722623867,-2.45404905602122));
#4395=CARTESIAN_POINT('',(11.2602408031456,-1.129722623867,-4.30357728509352));
#4396=CARTESIAN_POINT('',(11.2602408031456,-1.129722623867,-2.45404905602122));
#4397=CARTESIAN_POINT('',(6.81024080314556,-1.129722623867,-4.30357728509352));
#4398=CARTESIAN_POINT('',(6.81024080314556,-1.129722623867,-2.45404905602122));
#4399=CARTESIAN_POINT('',(6.81024080314556,-1.129722623867,-4.30357728509352));
#4400=CARTESIAN_POINT('',(6.81024080314556,-1.129722623867,-2.45404905602122));
#4401=CARTESIAN_POINT('',(4.81024080314558,-1.129722623867,-4.30357728509352));
#4402=CARTESIAN_POINT('',(4.81024080314558,-1.129722623867,-2.45404905602122));
#4403=CARTESIAN_POINT('',(4.81024080314559,-3.129722623867,-4.30357728509352));
#4404=CARTESIAN_POINT('',(4.81024080314559,-3.129722623867,-2.45404905602122));
#4405=CARTESIAN_POINT('',(4.81024080314559,-3.129722623867,-4.30357728509352));
#4406=CARTESIAN_POINT('',(4.81024080314559,-3.129722623867,-2.45404905602122));
#4407=CARTESIAN_POINT('',(4.81024080314558,-3.812222623867,-4.30357728509352));
#4408=CARTESIAN_POINT('',(4.81024080314558,-3.812222623867,-2.45404905602122));
#4409=CARTESIAN_POINT('',(4.81024080314557,-4.494722623867,-4.30357728509352));
#4410=CARTESIAN_POINT('',(4.81024080314557,-4.494722623867,-2.45404905602122));
#4411=CARTESIAN_POINT('',(4.81024080314557,-5.344722623867,-4.30357728509352));
#4412=CARTESIAN_POINT('',(4.81024080314557,-5.344722623867,-2.45404905602122));
#4413=CARTESIAN_POINT('',(4.81024080314557,-6.194722623867,-4.30357728509352));
#4414=CARTESIAN_POINT('',(4.81024080314557,-6.194722623867,-2.45404905602122));
#4415=CARTESIAN_POINT('',(4.81024080314556,-6.607222623867,-4.30357728509352));
#4416=CARTESIAN_POINT('',(4.81024080314556,-6.607222623867,-2.45404905602122));
#4417=CARTESIAN_POINT('',(4.81024080314556,-7.019722623867,-4.30357728509352));
#4418=CARTESIAN_POINT('',(4.81024080314556,-7.019722623867,-2.45404905602122));
#4419=CARTESIAN_POINT('',(4.81024080314556,-7.019722623867,-4.30357728509352));
#4420=CARTESIAN_POINT('',(4.81024080314556,-7.019722623867,-2.45404905602122));
#4421=CARTESIAN_POINT('',(6.40742288120238,-7.01972262386703,-4.30357728509352));
#4422=CARTESIAN_POINT('',(6.40742288120238,-7.01972262386703,-2.45404905602122));
#4423=CARTESIAN_POINT('',(8.00460495925919,-7.01972262386707,-4.30357728509352));
#4424=CARTESIAN_POINT('',(8.00460495925919,-7.01972262386707,-2.45404905602122));
#4425=CARTESIAN_POINT('',(8.00460495925919,-7.01972262386707,-4.30357728509352));
#4426=CARTESIAN_POINT('',(8.00460495925919,-7.01972262386707,-2.45404905602122));
#4427=CARTESIAN_POINT('',(8.37150465216082,-7.01972262391784,-4.30357728509352));
#4428=CARTESIAN_POINT('',(8.37150465216082,-7.01972262391784,-2.45404905602122));
#4429=CARTESIAN_POINT('',(8.48157456002812,-6.66972262386687,-4.30357728509352));
#4430=CARTESIAN_POINT('',(8.48157456002812,-6.66972262386687,-2.45404905602122));
#4431=CARTESIAN_POINT('',(8.48157456002812,-6.66972262386687,-4.30357728509352));
#4432=CARTESIAN_POINT('',(8.48157456002812,-6.66972262386687,-2.45404905602122));
#4433=CARTESIAN_POINT('',(8.96588215459337,-5.12972262386693,-4.30357728509352));
#4434=CARTESIAN_POINT('',(8.96588215459337,-5.12972262386693,-2.45404905602122));
#4435=CARTESIAN_POINT('',(10.5802408031456,-5.1297226238669,-4.30357728509352));
#4436=CARTESIAN_POINT('',(10.5802408031456,-5.1297226238669,-2.45404905602122));
#4437=CARTESIAN_POINT('',(10.5802408031456,-5.1297226238669,-4.30357728509352));
#4438=CARTESIAN_POINT('',(10.5802408031456,-5.1297226238669,-2.45404905602122));
#4439=CARTESIAN_POINT('',(12.8952408031062,-5.12972262386691,-4.30357728509352));
#4440=CARTESIAN_POINT('',(12.8952408031062,-5.12972262386691,-2.45404905602122));
#4441=CARTESIAN_POINT('',(15.2102408030668,-5.12972262386693,-4.30357728509352));
#4442=CARTESIAN_POINT('',(15.2102408030668,-5.12972262386693,-2.45404905602122));
#4443=CARTESIAN_POINT('',(15.2102408030668,-5.12972262386693,-4.30357728509352));
#4444=CARTESIAN_POINT('',(15.2102408030668,-5.12972262386693,-2.45404905602122));
#4445=CARTESIAN_POINT('',(15.2200798929981,-5.12972262377564,-4.30357728509352));
#4446=CARTESIAN_POINT('',(15.2200798929981,-5.12972262377564,-2.45404905602122));
#4447=CARTESIAN_POINT('',(15.2299113611616,-5.1293355431832,-4.30357728509352));
#4448=CARTESIAN_POINT('',(15.2299113611616,-5.1293355431832,-2.45404905602122));
#4449=CARTESIAN_POINT('',(15.7102408031518,-5.11042420645626,-4.30357728509352));
#4450=CARTESIAN_POINT('',(15.7102408031518,-5.11042420645626,-2.45404905602122));
#4451=CARTESIAN_POINT('',(15.7102408031455,-4.629722623867,-4.30357728509352));
#4452=CARTESIAN_POINT('',(15.7102408031455,-4.629722623867,-2.45404905602122));
#4453=CARTESIAN_POINT('',(15.7102408031455,-4.629722623867,-4.30357728509352));
#4454=CARTESIAN_POINT('',(15.7102408031455,-4.629722623867,-2.45404905602122));
#4455=CARTESIAN_POINT('',(15.7102408031455,-4.142222623867,-4.30357728509352));
#4456=CARTESIAN_POINT('',(15.7102408031455,-4.142222623867,-2.45404905602122));
#4457=CARTESIAN_POINT('',(15.7102408031456,-3.654722623867,-4.30357728509352));
#4458=CARTESIAN_POINT('',(15.7102408031456,-3.654722623867,-2.45404905602122));
#4459=CARTESIAN_POINT('',(4.48960438752817,-7.019722623867,-2.45229673224169));
#4460=CARTESIAN_POINT('',(10.1160408031456,-5.129722623867,-2.45229673224169));
#4461=CARTESIAN_POINT('',(6.36404080314557,-5.819722623867,-3.23469673224169));
#4462=CARTESIAN_POINT('',(5.94404080314557,-5.644722623867,-2.43141599697019));
#4463=CARTESIAN_POINT('',(7.85188236191837,-6.40018669257893,-0.798032663529759));
#4464=CARTESIAN_POINT('',(8.59381882546037,-6.8533006461818,-1.25349673224169));
#4465=CARTESIAN_POINT('',(6.93584160785139,-4.2780810650953,-1.95409753694752));
#4466=CARTESIAN_POINT('',(6.31859924437277,-4.28925855515507,-0.79803266352976));
#4467=CARTESIAN_POINT('',(5.94404080314557,-5.044722623867,-0.908384820228189));
#4468=CARTESIAN_POINT('',(7.23463999845679,-6.4113641826398,-1.95409753693047));
#4469=CARTESIAN_POINT('',(7.68524080314557,-4.083522623867,-4.58471942765769));
#4470=CARTESIAN_POINT('',(12.2940408031456,-2.604722623867,-0.974772064059887));
#4471=CARTESIAN_POINT('',(12.8352408031456,-4.065922623867,-4.58469673225609));
#4472=CARTESIAN_POINT('',(7.80644080314557,-4.236022623867,-1.80349673224169));
#4473=CARTESIAN_POINT('',(7.80644080314557,-4.861022623867,-1.80349673224169));
#4474=CARTESIAN_POINT('',(14.1564408031456,-1.823522623867,-1.80349673224169));
#4475=CARTESIAN_POINT('',(14.1564408031456,-2.223522623867,-1.80349673224169));
#4476=CARTESIAN_POINT('',(12.2940408031456,-3.004722623867,-2.42538079298559));
#4477=CARTESIAN_POINT('',(13.5655053129093,-3.871364182641,-1.97323222233394));
#4478=CARTESIAN_POINT('',(12.6685992443728,-1.73925855515447,-0.78803266338516));
#4479=CARTESIAN_POINT('',(13.3049762933825,-1.7380810650931,-1.97323222233461));
#4480=CARTESIAN_POINT('',(12.6685992443707,-2.53925855515447,-2.11896080081022));
#4481=CARTESIAN_POINT('',(14.9438188253908,-4.3133006461122,-1.25349673209769));
#4482=CARTESIAN_POINT('',(5.91904080314557,-1.129722623867,-4.25469673224169));
#4483=CARTESIAN_POINT('',(4.81024080314557,-2.739522623867,-4.25469673224169));
#4484=CARTESIAN_POINT('',(15.7102408031456,-4.980922623867,-4.25469673224169));
#4485=CARTESIAN_POINT('',(7.61024080314557,-6.184722623867,-2.45404905602122));
#4486=CARTESIAN_POINT('',(7.61024080314557,-6.184722623867,-3.9480463078638));
#4487=CARTESIAN_POINT('',(17.5094665863122,-3.64815343118257,-2.45404905602122));
#4488=CARTESIAN_POINT('',(17.5094665863122,-3.64815343118257,-3.9480463078638));
#4489=CARTESIAN_POINT('',(3.44774080314556,-7.75597262386708,-4.30357728509352));
#4490=CARTESIAN_POINT('',(6.36404080314557,-4.869722623867,-1.67229673224169));
#4491=CARTESIAN_POINT('',(6.48524080314557,-6.515922623867,-3.26471942765609));
#4492=CARTESIAN_POINT('',(12.7140408031456,-2.454722623867,-1.67229673224169));
#4493=CARTESIAN_POINT('',(12.7140408031456,-3.154722623867,-3.23469673224169));
#4494=CARTESIAN_POINT('',(14.0352408031456,-1.783522623867,-3.26469673225609));
#4495=CARTESIAN_POINT('',(4.81024080314557,-2.739522623867,-4.25469673224169));
#4496=CARTESIAN_POINT('',(4.81024080314557,-2.739522623867,-4.25469673224169));
#4497=CARTESIAN_POINT('',(15.7102408031456,-4.980922623867,-4.25469673224169));
#4498=CARTESIAN_POINT('',(15.7102408031456,-4.980922623867,-4.25469673224169));
#4499=CARTESIAN_POINT('',(15.7102408031456,-4.980922623867,-4.25469673224169));
#4500=CARTESIAN_POINT('',(17.5094665863122,-3.64815343118257,-2.45404905602122));
#4501=CARTESIAN_POINT('',(17.5094665863122,-3.64815343118257,-2.45404905602122));
#4502=CARTESIAN_POINT('',(7.61024080314557,-6.184722623867,-2.45404905602122));
#4503=CARTESIAN_POINT('',(7.61024080314557,-6.184722623867,-2.45404905602122));
#4504=CARTESIAN_POINT('',(3.44774080314556,-7.75597262386708,-2.45404905602122));
#4505=CARTESIAN_POINT('',(3.44774080314556,-7.75597262386708,-2.45404905602122));
#4506=CARTESIAN_POINT('',(3.44774080314556,-7.75597262386708,-2.45404905602122));
#4507=CARTESIAN_POINT('',(15.7102408031456,-2.464617475828,-4.00349673224169));
#4508=CARTESIAN_POINT('',(15.7102408031456,-3.144827771906,-4.00349673224169));
#4509=CARTESIAN_POINT('',(4.81024080314557,-4.494722623867,-3.10349673224169));
#4510=CARTESIAN_POINT('',(4.81024080314557,-4.494722623867,-4.10349673224169));
#4511=CARTESIAN_POINT('',(4.81024080314559,-3.129722623867,-4.10349673224169));
#4512=CARTESIAN_POINT('',(4.81024080314557,-3.129722623867,-2.60349673224169));
#4513=CARTESIAN_POINT('',(6.81024080314557,-1.129722623867,-2.60349673224169));
#4514=CARTESIAN_POINT('',(6.81024080314557,-1.129722623867,-4.10349673224169));
#4515=CARTESIAN_POINT('',(8.00460495925919,-7.01972262386707,-4.10349673224169));
#4516=CARTESIAN_POINT('',(8.00460495931382,-7.019722623867,-2.60349673224169));
#4517=CARTESIAN_POINT('',(4.81024080314557,-7.019722623867,-2.60349673224169));
#4518=CARTESIAN_POINT('',(4.81024080314556,-7.019722623867,-4.10349673224169));
#4519=CARTESIAN_POINT('',(8.48157456002812,-6.66972262386687,-4.10349673224169));
#4520=CARTESIAN_POINT('',(8.4815745600283,-6.66972262386692,-2.60349673224169));
#4521=CARTESIAN_POINT('',(15.2102408030668,-5.12972262386693,-4.10349673224169));
#4522=CARTESIAN_POINT('',(15.2102408031381,-5.129722623867,-2.60349673224169));
#4523=CARTESIAN_POINT('',(10.5802408031456,-5.129722623867,-2.60349673224169));
#4524=CARTESIAN_POINT('',(10.5802408031456,-5.1297226238669,-4.10349673224169));
#4525=CARTESIAN_POINT('',(15.7102408031455,-4.629722623867,-4.10349673224169));
#4526=CARTESIAN_POINT('',(15.7102408031456,-4.629722623867,-2.60349673224169));
#4527=CARTESIAN_POINT('',(7.68524080314557,-5.819722623867,-1.80349673224169));
#4528=CARTESIAN_POINT('',(6.48524080314557,-5.819722623867,-1.80349673224169));
#4529=CARTESIAN_POINT('',(7.68524080314557,-4.869722623867,-1.80349673224169));
#4530=CARTESIAN_POINT('',(6.48524080314557,-4.869722623867,-1.80349673224169));
#4531=CARTESIAN_POINT('',(7.53524080314557,-5.644722623867,-1.80349673224169));
#4532=CARTESIAN_POINT('',(7.53524080314557,-5.644722623867,-1.53630408495669));
#4533=CARTESIAN_POINT('',(7.68524080313604,-5.49472047713096,-1.50326977808058));
#4534=CARTESIAN_POINT('',(7.68524080314557,-5.494722623867,-1.80349673224169));
#4535=CARTESIAN_POINT('',(6.48524080314557,-5.494722623867,-1.80349673224169));
#4536=CARTESIAN_POINT('',(6.48524080315508,-5.49472047669796,-1.50326977809659));
#4537=CARTESIAN_POINT('',(6.63524080314555,-5.64472262386704,-1.53630408495674));
#4538=CARTESIAN_POINT('',(6.63524080314557,-5.644722623867,-1.80349673224169));
#4539=CARTESIAN_POINT('',(7.42310876878957,-5.64472262386693,-1.55349673224162));
#4540=CARTESIAN_POINT('',(6.74737283750157,-5.64472262386701,-1.5534967322417));
#4541=CARTESIAN_POINT('',(6.44737283750156,-5.94472262386699,-1.25349673224168));
#4542=CARTESIAN_POINT('',(7.72310876878957,-5.94472262386693,-1.25349673224162));
#4543=CARTESIAN_POINT('',(8.53524080314554,-5.344722623867,-1.7381258524197));
#4544=CARTESIAN_POINT('',(7.08524080314557,-3.89472262386705,-1.7381258524197));
#4545=CARTESIAN_POINT('',(7.08524080314557,-4.08857427193819,-1.25349673224176));
#4546=CARTESIAN_POINT('',(7.08524080314557,-6.60087097579581,-1.25349673224176));
#4547=CARTESIAN_POINT('',(7.08524080314557,-6.79472262386695,-1.7381258524197));
#4548=CARTESIAN_POINT('',(5.63524080314559,-5.344722623867,-1.7381258524197));
#4549=CARTESIAN_POINT('',(6.23524080314557,-5.732590589511,-1.25349673224169));
#4550=CARTESIAN_POINT('',(6.23524080314557,-4.956854658224,-1.25349673224169));
#4551=CARTESIAN_POINT('',(6.44737283750157,-4.7447226238679,-1.25349673224178));
#4552=CARTESIAN_POINT('',(7.72310876878957,-4.74472262386707,-1.25349673224162));
#4553=CARTESIAN_POINT('',(7.93524080314557,-4.956854658223,-1.25349673224169));
#4554=CARTESIAN_POINT('',(7.93524080314557,-5.732590589511,-1.25349673224169));
#4555=CARTESIAN_POINT('',(6.48532368876878,-5.4827289652363,-1.50362764801244));
#4556=CARTESIAN_POINT('',(6.48532366340356,-5.20671629061711,-1.50362760681125));
#4557=CARTESIAN_POINT('',(6.48524080314557,-5.194722623867,-1.80349673224169));
#4558=CARTESIAN_POINT('',(6.48524080315508,-5.19472477192804,-1.50326977812959));
#4559=CARTESIAN_POINT('',(6.63524080314557,-5.044722623867,-1.80349673224169));
#4560=CARTESIAN_POINT('',(6.63524080314561,-5.04472262386711,-1.53630408495653));
#4561=CARTESIAN_POINT('',(6.74737283750057,-5.0447226238669,-1.55349673224078));
#4562=CARTESIAN_POINT('',(7.42310876878957,-5.04472262386707,-1.55349673224162));
#4563=CARTESIAN_POINT('',(7.53524080314557,-5.044722623867,-1.80349673224169));
#4564=CARTESIAN_POINT('',(7.53524080314557,-5.044722623867,-1.53630408495669));
#4565=CARTESIAN_POINT('',(7.68524080314557,-5.194722623867,-1.80349673224169));
#4566=CARTESIAN_POINT('',(7.68524080313602,-5.19472477286704,-1.50326977816457));
#4567=CARTESIAN_POINT('',(7.68515791753269,-5.2067162825007,-1.50362764799578));
#4568=CARTESIAN_POINT('',(7.68515794288024,-5.48272895711888,-1.50362760682324));
#4569=CARTESIAN_POINT('',(14.0352408031456,-2.454722623867,-1.80349673224169));
#4570=CARTESIAN_POINT('',(12.8352408031456,-2.454722623867,-1.80349673224169));
#4571=CARTESIAN_POINT('',(12.8352408031456,-3.154722623867,-1.80349673224169));
#4572=CARTESIAN_POINT('',(14.0352408031456,-3.154722623867,-1.80349673224169));
#4573=CARTESIAN_POINT('',(14.0352408031456,-2.854722623867,-1.50349673209769));
#4574=CARTESIAN_POINT('',(14.0352408031456,-2.754722623867,-1.50349673209769));
#4575=CARTESIAN_POINT('',(14.0352408031456,-2.754722623867,-1.80349673224169));
#4576=CARTESIAN_POINT('',(14.0352408031456,-2.854722623867,-1.80349673224169));
#4577=CARTESIAN_POINT('',(14.0177213290327,-2.68437413233595,-1.52101620621087));
#4578=CARTESIAN_POINT('',(13.8852408031456,-2.60472262386695,-1.59665612480378));
#4579=CARTESIAN_POINT('',(13.8852408031456,-2.604722623867,-1.80349673224169));
#4580=CARTESIAN_POINT('',(12.9852408031456,-2.604722623867,-1.80349673224169));
#4581=CARTESIAN_POINT('',(13.6731087687895,-2.60472262386721,-1.65349673209842));
#4582=CARTESIAN_POINT('',(13.1973728375016,-2.60472262386721,-1.65349673209842));
#4583=CARTESIAN_POINT('',(12.9852408031455,-2.60472262386695,-1.59665612480378));
#4584=CARTESIAN_POINT('',(12.8352408031456,-2.754722623867,-1.80349673224169));
#4585=CARTESIAN_POINT('',(12.8527602772584,-2.68437413233596,-1.52101620621087));
#4586=CARTESIAN_POINT('',(12.8352408031456,-2.754722623867,-1.50349673209769));
#4587=CARTESIAN_POINT('',(12.8352408031456,-2.854722623867,-1.80349673224169));
#4588=CARTESIAN_POINT('',(12.8352408031456,-2.854722623867,-1.50349673209769));
#4589=CARTESIAN_POINT('',(12.8527602772576,-2.92507111539691,-1.52101620621175));
#4590=CARTESIAN_POINT('',(12.9852408031455,-3.00472262386704,-1.59665612480578));
#4591=CARTESIAN_POINT('',(12.9852408031456,-3.004722623867,-1.80349673224169));
#4592=CARTESIAN_POINT('',(13.8852408031456,-3.004722623867,-1.80349673224169));
#4593=CARTESIAN_POINT('',(13.8852408031456,-3.00472262386702,-1.59665612480273));
#4594=CARTESIAN_POINT('',(14.0177213290322,-2.9250711153981,-1.5210162062104));
#4595=CARTESIAN_POINT('',(13.1973728374996,-3.00472262386692,-1.65349673209855));
#4596=CARTESIAN_POINT('',(13.6731087687885,-3.00472262386693,-1.65349673209857));
#4597=CARTESIAN_POINT('',(14.0731087687886,-3.40472262386788,-1.25349673209762));
#4598=CARTESIAN_POINT('',(14.2852408031444,-3.19259058951191,-1.25349673209777));
#4599=CARTESIAN_POINT('',(14.2852408031461,-2.41685465822204,-1.25349673209765));
#4600=CARTESIAN_POINT('',(14.0731087687896,-2.20472262386626,-1.25349673209748));
#4601=CARTESIAN_POINT('',(12.7973728375015,-2.20472262386627,-1.25349673209748));
#4602=CARTESIAN_POINT('',(12.5852408031447,-2.41685465822203,-1.25349673209751));
#4603=CARTESIAN_POINT('',(12.5852408031428,-3.19259058951103,-1.25349673209747));
#4604=CARTESIAN_POINT('',(12.7973728374995,-3.40472262386787,-1.25349673209761));
#4605=CARTESIAN_POINT('',(13.4352408031456,-1.54857427199581,-1.25349673209761));
#4606=CARTESIAN_POINT('',(13.4352408031456,-4.06087097573819,-1.25349673209761));
#4607=CARTESIAN_POINT('',(14.8852408031456,-2.804722623867,-1.73812585241968));
#4608=CARTESIAN_POINT('',(11.9852408031455,-2.804722623867,-1.73812585241968));
#4609=CARTESIAN_POINT('',(13.4352408031456,-1.35472262386695,-1.73812585241967));
#4610=CARTESIAN_POINT('',(13.4352408031456,-4.25472262386705,-1.73812585241967));
#4611=CARTESIAN_POINT('',(15.7102408031456,-1.129722623867,-2.60349673224169));
#4612=CARTESIAN_POINT('',(15.7102408031456,-1.129722623867,-4.10349673224169));
#4613=CARTESIAN_POINT('',(4.81024080314557,-6.194722623867,-4.10349673224169));
#4614=CARTESIAN_POINT('',(4.81024080314557,-6.194722623867,-3.10349673224169));
#4615=CARTESIAN_POINT('',(4.81024080314557,-5.004617475828,-4.00349673224169));
#4616=CARTESIAN_POINT('',(4.81024080314557,-5.684827771906,-4.00349673224169));
#4617=CARTESIAN_POINT('',(15.7102408031456,-3.654722623867,-3.10349673224169));
#4618=CARTESIAN_POINT('',(15.7102408031456,-1.954722623867,-3.10349673224169));
#4619=CARTESIAN_POINT('',(15.7102408031456,-1.954722623867,-4.10349673224169));
#4620=CARTESIAN_POINT('',(15.7102408031456,-3.654722623867,-4.10349673224169));
#4621=CARTESIAN_POINT('',(3.01024080314557,-6.184722623867,-2.45404905602122));
#4622=CARTESIAN_POINT('',(3.01024080314557,-4.504722623867,-2.45404905602122));
#4623=CARTESIAN_POINT('',(3.01024080314557,-4.504722623867,-3.9480463078638));
#4624=CARTESIAN_POINT('',(3.01024080314557,-6.184722623867,-3.9480463078638));
#4625=CARTESIAN_POINT('',(17.5094665863122,-1.96815343118257,-2.45404905602122));
#4626=CARTESIAN_POINT('',(17.5094665863122,-1.96815343118257,-3.9480463078638));
#4627=CARTESIAN_POINT('',(17.5094665863122,-3.64815343118257,-2.45404905602122));
#4628=CARTESIAN_POINT('',(17.5094665863122,-3.64815343118257,-3.9480463078638));
#4629=CARTESIAN_POINT('',(15.7102408031456,-3.654722623867,-4.30357728509352));
#4630=CARTESIAN_POINT('',(15.7102408031456,-1.129722623867,-4.30357728509352));
#4631=CARTESIAN_POINT('',(15.7102408031456,-1.129722623867,-2.45404905602122));
#4632=CARTESIAN_POINT('',(15.7102408031456,-3.654722623867,-2.45404905602122));
#4633=CARTESIAN_POINT('',(6.81024080314556,-1.129722623867,-4.30357728509352));
#4634=CARTESIAN_POINT('',(6.81024080314556,-1.129722623867,-2.45404905602122));
#4635=CARTESIAN_POINT('',(4.81024080314559,-3.129722623867,-4.30357728509352));
#4636=CARTESIAN_POINT('',(4.81024080314559,-3.129722623867,-2.45404905602122));
#4637=CARTESIAN_POINT('',(4.81024080314556,-7.019722623867,-4.30357728509352));
#4638=CARTESIAN_POINT('',(4.81024080314556,-7.019722623867,-2.45404905602122));
#4639=CARTESIAN_POINT('',(8.00460495925919,-7.01972262386707,-4.30357728509352));
#4640=CARTESIAN_POINT('',(8.00460495925919,-7.01972262386707,-2.45404905602122));
#4641=CARTESIAN_POINT('',(8.48157456002812,-6.66972262386687,-4.30357728509352));
#4642=CARTESIAN_POINT('',(8.48157456002812,-6.66972262386687,-2.45404905602122));
#4643=CARTESIAN_POINT('',(10.5802408031456,-5.1297226238669,-4.30357728509352));
#4644=CARTESIAN_POINT('',(10.5802408031456,-5.1297226238669,-2.45404905602122));
#4645=CARTESIAN_POINT('',(15.2102408030668,-5.12972262386693,-4.30357728509352));
#4646=CARTESIAN_POINT('',(15.2102408030668,-5.12972262386693,-2.45404905602122));
#4647=CARTESIAN_POINT('',(15.7102408031455,-4.629722623867,-4.30357728509352));
#4648=CARTESIAN_POINT('',(15.7102408031455,-4.629722623867,-2.45404905602122));
#4649=CARTESIAN_POINT('',(15.7102408031456,-1.96815343118257,-3.9480463078638));
#4650=CARTESIAN_POINT('',(15.7102408031456,-1.96815343118257,-2.45404905602122));
#4651=CARTESIAN_POINT('',(15.7102408031456,-3.64815343118257,-2.45404905602122));
#4652=CARTESIAN_POINT('',(15.7102408031456,-3.64815343118257,-3.9480463078638));
#4653=CARTESIAN_POINT('',(4.81024080314557,-4.504722623867,-2.45404905602122));
#4654=CARTESIAN_POINT('',(4.81024080314557,-4.504722623867,-3.9480463078638));
#4655=CARTESIAN_POINT('',(4.81024080314557,-6.184722623867,-3.9480463078638));
#4656=CARTESIAN_POINT('',(4.81024080314557,-6.184722623867,-2.45404905602122));
#4657=CARTESIAN_POINT('',(15.7102408031456,-2.464617475828,-3.9480463078638));
#4658=CARTESIAN_POINT('',(15.7102408031456,-3.144827771906,-3.9480463078638));
#4659=CARTESIAN_POINT('',(6.48524080314557,-5.819722623867,-2.45404905602122));
#4660=CARTESIAN_POINT('',(7.61024080314557,-5.819722623867,-2.45404905602122));
#4661=CARTESIAN_POINT('',(7.68524080314557,-5.819722623867,-2.45404905602122));
#4662=CARTESIAN_POINT('',(7.61024080314557,-4.869722623867,-2.45404905602122));
#4663=CARTESIAN_POINT('',(6.48524080314557,-4.869722623867,-2.45404905602122));
#4664=CARTESIAN_POINT('',(7.68524080314557,-4.869722623867,-2.45404905602122));
#4665=CARTESIAN_POINT('',(5.63524080314557,-5.344722623867,-2.45404905602122));
#4666=CARTESIAN_POINT('',(5.90333556159681,-4.504722623867,-2.45404905602122));
#4667=CARTESIAN_POINT('',(8.53524080314556,-5.344722623867,-2.45404905602122));
#4668=CARTESIAN_POINT('',(5.90333556159681,-6.184722623867,-2.45404905602122));
#4669=CARTESIAN_POINT('',(14.0352408031456,-2.454722623867,-2.45404905602122));
#4670=CARTESIAN_POINT('',(12.9094665863122,-2.454722623867,-2.45404905602122));
#4671=CARTESIAN_POINT('',(12.8352408031456,-2.454722623867,-2.45404905602122));
#4672=CARTESIAN_POINT('',(12.9094665863122,-3.154722623867,-2.45404905602122));
#4673=CARTESIAN_POINT('',(14.0352408031456,-3.154722623867,-2.45404905602122));
#4674=CARTESIAN_POINT('',(12.8352408031456,-3.154722623867,-2.45404905602122));
#4675=CARTESIAN_POINT('',(14.6195768981168,-1.96815343118257,-2.45404905602122));
#4676=CARTESIAN_POINT('',(14.8852408031456,-2.804722623867,-2.45404905602122));
#4677=CARTESIAN_POINT('',(11.9852408031456,-2.804722623867,-2.45404905602122));
#4678=CARTESIAN_POINT('',(14.6147002018836,-3.64815343118257,-2.45404905602122));
#4679=CARTESIAN_POINT('',(15.7102408031456,-3.654722623867,-2.60349673224169));
#4680=CARTESIAN_POINT('',(15.7102408031456,-1.96815343118257,-2.60349673224169));
#4681=CARTESIAN_POINT('',(15.7102408031456,-3.64815343118257,-2.60349673224169));
#4682=CARTESIAN_POINT('',(4.81024080314557,-6.184722623867,-2.60349673224169));
#4683=CARTESIAN_POINT('',(4.81024080314557,-4.504722623867,-2.60349673224169));
#4684=CARTESIAN_POINT('',(4.81024080314557,-4.504722623867,-3.10349673224169));
#4685=CARTESIAN_POINT('',(4.81024080314557,-6.184722623867,-3.10349673224169));
#4686=CARTESIAN_POINT('',(4.81024080314557,-5.68482777190599,-3.9480463078638));
#4687=CARTESIAN_POINT('',(4.81024080314557,-5.00461747582799,-3.9480463078638));
#4688=CARTESIAN_POINT('',(15.7102408031456,-3.64815343118257,-3.10349673224169));
#4689=CARTESIAN_POINT('',(15.7102408031456,-1.96815343118257,-3.10349673224169));
#4690=CARTESIAN_POINT('',(4.81024080314559,-3.129722623867,-4.10349673224169));
#4691=CARTESIAN_POINT('',(4.81024080314557,-3.129722623867,-2.60349673224169));
#4692=CARTESIAN_POINT('',(3.14159265359,2.2596));
#4693=CARTESIAN_POINT('',(3.14159265359,0.7596));
#4694=CARTESIAN_POINT('',(4.81024080314557,-3.129722623867,-2.60349673224169));
#4695=CARTESIAN_POINT('',(4.81024080314557,-1.129722623867,-2.60349673224169));
#4696=CARTESIAN_POINT('',(6.81024080314557,-1.129722623867,-2.60349673224169));
#4697=CARTESIAN_POINT('',(3.14159265359,0.7596));
#4698=CARTESIAN_POINT('',(4.712388980385,0.7596));
#4699=CARTESIAN_POINT('',(6.81024080314557,-1.129722623867,-2.60349673224169));
#4700=CARTESIAN_POINT('',(6.81024080314557,-1.129722623867,-4.10349673224169));
#4701=CARTESIAN_POINT('',(4.712388980385,0.7596));
#4702=CARTESIAN_POINT('',(4.712388980385,2.2596));
#4703=CARTESIAN_POINT('',(6.81024080314557,-1.129722623867,-4.10349673224169));
#4704=CARTESIAN_POINT('',(4.81024080314558,-1.129722623867,-4.10349673224169));
#4705=CARTESIAN_POINT('',(4.81024080314559,-3.129722623867,-4.10349673224169));
#4706=CARTESIAN_POINT('',(4.712388980385,2.2596));
#4707=CARTESIAN_POINT('',(3.14159265359,2.2596));
#4708=CARTESIAN_POINT('',(8.00460495925919,-7.01972262386707,-4.10349673224169));
#4709=CARTESIAN_POINT('',(8.00460495931382,-7.019722623867,-2.60349673224169));
#4710=CARTESIAN_POINT('',(2.2596,-0.929036415686));
#4711=CARTESIAN_POINT('',(0.759600000000001,-0.929036415617));
#4712=CARTESIAN_POINT('',(8.00460495931382,-7.019722623867,-2.60349673224169));
#4713=CARTESIAN_POINT('',(4.81024080314557,-7.019722623867,-2.60349673224169));
#4714=CARTESIAN_POINT('',(0.759600000000001,-0.929036415617));
#4715=CARTESIAN_POINT('',(0.759600000000001,-4.123400571791));
#4716=CARTESIAN_POINT('',(4.81024080314557,-7.019722623867,-2.60349673224169));
#4717=CARTESIAN_POINT('',(4.81024080314556,-7.019722623867,-4.10349673224169));
#4718=CARTESIAN_POINT('',(0.759600000000001,-4.123400571791));
#4719=CARTESIAN_POINT('',(2.2596,-4.123400571791));
#4720=CARTESIAN_POINT('',(4.81024080314556,-7.019722623867,-4.10349673224169));
#4721=CARTESIAN_POINT('',(8.00460495925919,-7.01972262386707,-4.10349673224169));
#4722=CARTESIAN_POINT('',(2.2596,-4.123400571791));
#4723=CARTESIAN_POINT('',(2.2596,-0.929036415686));
#4724=CARTESIAN_POINT('',(8.48157456002812,-6.66972262386687,-4.10349673224169));
#4725=CARTESIAN_POINT('',(8.4815745600283,-6.66972262386692,-2.60349673224169));
#4726=CARTESIAN_POINT('',(3.46226987044459,2.2596));
#4727=CARTESIAN_POINT('',(3.46226987044454,0.759599999999999));
#4728=CARTESIAN_POINT('',(8.4815745600283,-6.66972262386692,-2.60349673224169));
#4729=CARTESIAN_POINT('',(8.37150465216956,-7.01972262386696,-2.60349673224169));
#4730=CARTESIAN_POINT('',(8.00460495931382,-7.019722623867,-2.60349673224169));
#4731=CARTESIAN_POINT('',(3.46226987044454,0.759599999999999));
#4732=CARTESIAN_POINT('',(4.712388980385,0.759600000000001));
#4733=CARTESIAN_POINT('',(4.71238898053828,2.2596));
#4734=CARTESIAN_POINT('',(4.712388980385,0.759600000000001));
#4735=CARTESIAN_POINT('',(8.00460495925919,-7.01972262386707,-4.10349673224169));
#4736=CARTESIAN_POINT('',(8.37150465216082,-7.01972262391785,-4.10349673224169));
#4737=CARTESIAN_POINT('',(8.48157456002812,-6.66972262386687,-4.10349673224169));
#4738=CARTESIAN_POINT('',(4.71238898053828,2.2596));
#4739=CARTESIAN_POINT('',(3.46226987044459,2.2596));
#4740=CARTESIAN_POINT('',(15.2102408030668,-5.12972262386693,-4.10349673224169));
#4741=CARTESIAN_POINT('',(15.2102408031381,-5.129722623867,-2.60349673224169));
#4742=CARTESIAN_POINT('',(2.2596,-1.07260000009));
#4743=CARTESIAN_POINT('',(0.759600000000001,-1.0726));
#4744=CARTESIAN_POINT('',(15.2102408031381,-5.129722623867,-2.60349673224169));
#4745=CARTESIAN_POINT('',(10.5802408031456,-5.129722623867,-2.60349673224169));
#4746=CARTESIAN_POINT('',(0.759600000000001,-1.0726));
#4747=CARTESIAN_POINT('',(0.759600000000001,-5.7026));
#4748=CARTESIAN_POINT('',(10.5802408031456,-5.129722623867,-2.60349673224169));
#4749=CARTESIAN_POINT('',(10.5802408031456,-5.1297226238669,-4.10349673224169));
#4750=CARTESIAN_POINT('',(0.759600000000001,-5.7026));
#4751=CARTESIAN_POINT('',(2.2596,-5.7026));
#4752=CARTESIAN_POINT('',(10.5802408031456,-5.1297226238669,-4.10349673224169));
#4753=CARTESIAN_POINT('',(15.2102408030668,-5.12972262386693,-4.10349673224169));
#4754=CARTESIAN_POINT('',(2.2596,-5.7026));
#4755=CARTESIAN_POINT('',(2.2596,-1.07260000009));
#4756=CARTESIAN_POINT('',(15.7102408031455,-4.629722623867,-4.10349673224169));
#4757=CARTESIAN_POINT('',(15.7102408031456,-4.629722623867,-2.60349673224169));
#4758=CARTESIAN_POINT('',(3.14159265359,2.2596));
#4759=CARTESIAN_POINT('',(3.14159265359,0.759600000000001));
#4760=CARTESIAN_POINT('',(15.7102408031456,-4.629722623867,-2.60349673224169));
#4761=CARTESIAN_POINT('',(15.7102408031531,-5.129722623867,-2.60349673224169));
#4762=CARTESIAN_POINT('',(15.2102408031381,-5.129722623867,-2.60349673224169));
#4763=CARTESIAN_POINT('',(3.14159265359,0.759600000000001));
#4764=CARTESIAN_POINT('',(4.712388980385,0.759600000000001));
#4765=CARTESIAN_POINT('',(4.71238898058493,2.2596));
#4766=CARTESIAN_POINT('',(4.712388980385,0.759600000000001));
#4767=CARTESIAN_POINT('',(15.2102408030668,-5.12972262386693,-4.10349673224169));
#4768=CARTESIAN_POINT('',(15.220079890635,-5.12972262386868,-4.10349673224169));
#4769=CARTESIAN_POINT('',(15.2299113611616,-5.1293355431832,-4.10349673224169));
#4770=CARTESIAN_POINT('',(15.7102408031518,-5.11042420645626,-4.10349673224169));
#4771=CARTESIAN_POINT('',(15.7102408031455,-4.629722623867,-4.10349673224169));
#4772=CARTESIAN_POINT('',(4.71238898058493,2.2596));
#4773=CARTESIAN_POINT('',(3.14159265359,2.2596));
#4774=CARTESIAN_POINT('',(7.68524080314557,-5.819722623867,-2.45404905602122));
#4775=CARTESIAN_POINT('',(7.61024080314557,-5.819722623867,-2.45404905602122));
#4776=CARTESIAN_POINT('',(1.38904767622047,1.9296));
#4777=CARTESIAN_POINT('',(1.38904767622046,1.8546));
#4778=CARTESIAN_POINT('',(7.61024080314557,-5.819722623867,-2.45404905602122));
#4779=CARTESIAN_POINT('',(6.48524080314557,-5.819722623867,-2.45404905602122));
#4780=CARTESIAN_POINT('',(1.38904767622046,1.8546));
#4781=CARTESIAN_POINT('',(1.38904767622047,0.7296));
#4782=CARTESIAN_POINT('',(6.48524080314557,-5.819722623867,-2.45404905602122));
#4783=CARTESIAN_POINT('',(6.48524080314557,-5.819722623867,-1.80349673224169));
#4784=CARTESIAN_POINT('',(1.38904767622047,0.7296));
#4785=CARTESIAN_POINT('',(2.0396,0.7296));
#4786=CARTESIAN_POINT('',(6.48524080314557,-5.819722623867,-1.80349673224169));
#4787=CARTESIAN_POINT('',(7.68524080314557,-5.819722623867,-1.80349673224169));
#4788=CARTESIAN_POINT('',(2.0396,0.7296));
#4789=CARTESIAN_POINT('',(2.0396,1.9296));
#4790=CARTESIAN_POINT('',(7.68524080314557,-5.819722623867,-1.80349673224169));
#4791=CARTESIAN_POINT('',(7.68524080314557,-5.819722623867,-2.45404905602122));
#4792=CARTESIAN_POINT('',(2.0396,1.9296));
#4793=CARTESIAN_POINT('',(1.38904767622047,1.9296));
#4794=CARTESIAN_POINT('',(7.53524080314557,-5.644722623867,-1.80349673224169));
#4795=CARTESIAN_POINT('',(7.53524080314557,-5.644722623867,-1.53630408495669));
#4796=CARTESIAN_POINT('',(0.639661781689001,1.570796326795));
#4797=CARTESIAN_POINT('',(0.906854428973999,1.570796326795));
#4798=CARTESIAN_POINT('',(7.53524080314557,-5.644722623867,-1.53630408495669));
#4799=CARTESIAN_POINT('',(7.56020998784209,-5.6447226197966,-1.52906407330564));
#4800=CARTESIAN_POINT('',(7.58184270492692,-5.6387347421694,-1.52476075634717));
#4801=CARTESIAN_POINT('',(7.61794201119026,-5.62166819188283,-1.51753525418595));
#4802=CARTESIAN_POINT('',(7.6330879756384,-5.61006310624879,-1.51468997003689));
#4803=CARTESIAN_POINT('',(7.65807782304733,-5.58295157712497,-1.50946246179571));
#4804=CARTESIAN_POINT('',(7.66774174757205,-5.56753387249977,-1.50717134414815));
#4805=CARTESIAN_POINT('',(7.68119495442246,-5.53381892678173,-1.50376189824335));
#4806=CARTESIAN_POINT('',(7.68524108847856,-5.51485449727094,-1.50252286213989));
#4807=CARTESIAN_POINT('',(7.68524080313604,-5.49472047713096,-1.50326977808058));
#4808=CARTESIAN_POINT('',(0.906854428973999,1.570796326795));
#4809=CARTESIAN_POINT('',(0.912344679663625,1.71100368604614));
#4810=CARTESIAN_POINT('',(0.91709619288028,1.85123000396147));
#4811=CARTESIAN_POINT('',(0.921083080999115,1.99148825700644));
#4812=CARTESIAN_POINT('',(0.924675263497561,2.11786081295314));
#4813=CARTESIAN_POINT('',(0.927672007891509,2.2442463961293));
#4814=CARTESIAN_POINT('',(0.930545066999582,2.37063645089712));
#4815=CARTESIAN_POINT('',(0.93337342308517,2.49505995459594));
#4816=CARTESIAN_POINT('',(0.936083074834089,2.61948278098775));
#4817=CARTESIAN_POINT('',(0.937856314864079,2.74392810622456));
#4818=CARTESIAN_POINT('',(0.939745174843542,2.87648759647729));
#4819=CARTESIAN_POINT('',(0.940552919935848,3.00903475727129));
#4820=CARTESIAN_POINT('',(0.939888735849,3.14160854970413));
#4821=CARTESIAN_POINT('',(7.68524080313604,-5.49472047713096,-1.50326977808058));
#4822=CARTESIAN_POINT('',(7.68524080314434,-5.49472119271176,-1.60334542946761));
#4823=CARTESIAN_POINT('',(7.68524080314751,-5.49472190829044,-1.70342108085465));
#4824=CARTESIAN_POINT('',(7.68524080314557,-5.494722623867,-1.80349673224169));
#4825=CARTESIAN_POINT('',(0.939888735849,3.14160854970413));
#4826=CARTESIAN_POINT('',(0.639661781689001,3.14159265359));
#4827=CARTESIAN_POINT('',(7.68524080314557,-5.494722623867,-1.80349673224169));
#4828=CARTESIAN_POINT('',(7.68524080314557,-5.644722623867,-1.80349673224169));
#4829=CARTESIAN_POINT('',(7.53524080314557,-5.644722623867,-1.80349673224169));
#4830=CARTESIAN_POINT('',(0.639661781689001,3.14159265359));
#4831=CARTESIAN_POINT('',(0.639661781689001,1.570796326795));
#4832=CARTESIAN_POINT('',(6.48524080314557,-5.494722623867,-1.80349673224169));
#4833=CARTESIAN_POINT('',(6.48524080314362,-5.49472190814611,-1.70342108085999));
#4834=CARTESIAN_POINT('',(6.48524080314679,-5.49472119242309,-1.60334542947829));
#4835=CARTESIAN_POINT('',(6.48524080315508,-5.49472047669796,-1.50326977809659));
#4836=CARTESIAN_POINT('',(0.639682517712,3.14159265359));
#4837=CARTESIAN_POINT('',(0.939909471855998,3.14157675426961));
#4838=CARTESIAN_POINT('',(6.48524080315508,-5.49472047669796,-1.50326977809659));
#4839=CARTESIAN_POINT('',(6.48524051970923,-5.51485302266195,-1.50252291774419));
#4840=CARTESIAN_POINT('',(6.48929017451698,-5.53381525238222,-1.50376533070395));
#4841=CARTESIAN_POINT('',(6.50274782022311,-5.56752721364776,-1.50717915305647));
#4842=CARTESIAN_POINT('',(6.51241523708209,-5.58294579758633,-1.50947230817505));
#4843=CARTESIAN_POINT('',(6.53740989455122,-5.6100587999808,-1.51470115315223));
#4844=CARTESIAN_POINT('',(6.55255674111125,-5.62166503626926,-1.51754568365403));
#4845=CARTESIAN_POINT('',(6.58865098990033,-5.63873201380506,-1.52476689655991));
#4846=CARTESIAN_POINT('',(6.61027792362692,-5.64472261979354,-1.52906590154457));
#4847=CARTESIAN_POINT('',(6.63524080314555,-5.64472262386704,-1.53630408495674));
#4848=CARTESIAN_POINT('',(0.939909471855998,3.14157675426961));
#4849=CARTESIAN_POINT('',(0.940573542091573,3.27412781656652));
#4850=CARTESIAN_POINT('',(0.939763128569632,3.406652179897));
#4851=CARTESIAN_POINT('',(0.937872372402243,3.53918888682585));
#4852=CARTESIAN_POINT('',(0.936096731214899,3.66365635635824));
#4853=CARTESIAN_POINT('',(0.933384784647208,3.78810133284934));
#4854=CARTESIAN_POINT('',(0.930556142315732,3.91254701172544));
#4855=CARTESIAN_POINT('',(0.927682761806769,4.03896093975308));
#4856=CARTESIAN_POINT('',(0.924687514101101,4.16537045038531));
#4857=CARTESIAN_POINT('',(0.921096742526538,4.29176693174169));
#4858=CARTESIAN_POINT('',(0.917112836025331,4.43200190724739));
#4859=CARTESIAN_POINT('',(0.912364502271641,4.57220494742405));
#4860=CARTESIAN_POINT('',(0.906875164996998,4.712388980385));
#4861=CARTESIAN_POINT('',(6.63524080314555,-5.64472262386704,-1.53630408495674));
#4862=CARTESIAN_POINT('',(6.63524080314557,-5.644722623867,-1.80349673224169));
#4863=CARTESIAN_POINT('',(0.906875164996998,4.712388980385));
#4864=CARTESIAN_POINT('',(0.639682517712,4.712388980385));
#4865=CARTESIAN_POINT('',(6.63524080314557,-5.644722623867,-1.80349673224169));
#4866=CARTESIAN_POINT('',(6.48524080314557,-5.644722623867,-1.80349673224169));
#4867=CARTESIAN_POINT('',(6.48524080314557,-5.494722623867,-1.80349673224169));
#4868=CARTESIAN_POINT('',(0.639682517712,4.712388980385));
#4869=CARTESIAN_POINT('',(0.639682517712,3.14159265359));
#4870=CARTESIAN_POINT('',(7.42310876878957,-5.64472262386693,-1.55349673224162));
#4871=CARTESIAN_POINT('',(7.47594720974856,-5.64472262386696,-1.55349673224165));
#4872=CARTESIAN_POINT('',(7.53524080314557,-5.644722623867,-1.53630408495669));
#4873=CARTESIAN_POINT('',(-0.653511912012998,1.487467965644));
#4874=CARTESIAN_POINT('',(-0.653511912013002,1.540306406603));
#4875=CARTESIAN_POINT('',(-0.636319264728,1.5996));
#4876=CARTESIAN_POINT('',(-0.903511912012998,1.5996));
#4877=CARTESIAN_POINT('',(-0.636319264728,1.5996));
#4878=CARTESIAN_POINT('',(7.53524080314557,-5.644722623867,-1.80349673224169));
#4879=CARTESIAN_POINT('',(6.63524080314557,-5.644722623867,-1.80349673224169));
#4880=CARTESIAN_POINT('',(-0.903511912012998,1.5996));
#4881=CARTESIAN_POINT('',(-0.903511912012998,0.699599999999999));
#4882=CARTESIAN_POINT('',(-0.636319264728,0.699599999999999));
#4883=CARTESIAN_POINT('',(-0.903511912012998,0.699599999999999));
#4884=CARTESIAN_POINT('',(6.63524080314555,-5.64472262386704,-1.53630408495674));
#4885=CARTESIAN_POINT('',(6.69453439654256,-5.64472262386702,-1.55349673224172));
#4886=CARTESIAN_POINT('',(6.74737283750157,-5.64472262386701,-1.5534967322417));
#4887=CARTESIAN_POINT('',(-0.636319264728,0.699599999999999));
#4888=CARTESIAN_POINT('',(-0.653511912013002,0.758893593397002));
#4889=CARTESIAN_POINT('',(-0.653511912012998,0.811732034356));
#4890=CARTESIAN_POINT('',(6.74737283750157,-5.64472262386701,-1.5534967322417));
#4891=CARTESIAN_POINT('',(7.42310876878957,-5.64472262386693,-1.55349673224162));
#4892=CARTESIAN_POINT('',(-0.653511912012998,0.811732034356));
#4893=CARTESIAN_POINT('',(-0.653511912012998,1.487467965644));
#4894=CARTESIAN_POINT('',(1.32879506320576,1.712909524417));
#4895=CARTESIAN_POINT('',(1.32879506320576,1.037173593129));
#4896=CARTESIAN_POINT('',(6.74737283750157,-5.64472262386701,-1.5534967322417));
#4897=CARTESIAN_POINT('',(6.44737283750156,-5.94472262386699,-1.25349673224168));
#4898=CARTESIAN_POINT('',(1.32879506320576,1.712909524417));
#4899=CARTESIAN_POINT('',(0.904530994493829,2.012909524417));
#4900=CARTESIAN_POINT('',(6.44737283750156,-5.94472262386699,-1.25349673224168));
#4901=CARTESIAN_POINT('',(7.72310876878957,-5.94472262386693,-1.25349673224162));
#4902=CARTESIAN_POINT('',(0.904530994493829,2.012909524417));
#4903=CARTESIAN_POINT('',(0.904530994493829,0.737173593129));
#4904=CARTESIAN_POINT('',(7.72310876878957,-5.94472262386693,-1.25349673224162));
#4905=CARTESIAN_POINT('',(7.42310876878957,-5.64472262386693,-1.55349673224162));
#4906=CARTESIAN_POINT('',(0.904530994493829,0.737173593129));
#4907=CARTESIAN_POINT('',(1.32879506320576,1.037173593129));
#4908=CARTESIAN_POINT('',(8.53524080314554,-5.344722623867,-1.7381258524197));
#4909=CARTESIAN_POINT('',(8.53524080314552,-3.89472262386706,-1.7381258524197));
#4910=CARTESIAN_POINT('',(7.08524080314557,-3.89472262386705,-1.7381258524197));
#4911=CARTESIAN_POINT('',(3.14159265359,3.90424448517184));
#4912=CARTESIAN_POINT('',(1.570796326795,3.90424448517184));
#4913=CARTESIAN_POINT('',(7.08524080314557,-3.89472262386705,-1.7381258524197));
#4914=CARTESIAN_POINT('',(7.08524080314557,-4.08857427193819,-1.25349673224176));
#4915=CARTESIAN_POINT('',(1.570796326795,3.90424448517184));
#4916=CARTESIAN_POINT('',(1.570796326795,3.38228294867286));
#4917=CARTESIAN_POINT('',(7.08524080314557,-4.08857427193819,-1.25349673224176));
#4918=CARTESIAN_POINT('',(8.34138915507429,-4.08857427193819,-1.25349673224176));
#4919=CARTESIAN_POINT('',(8.34138915507429,-5.344722623867,-1.25349673224176));
#4920=CARTESIAN_POINT('',(8.34138915507429,-6.60087097579581,-1.25349673224176));
#4921=CARTESIAN_POINT('',(7.08524080314557,-6.60087097579581,-1.25349673224176));
#4922=CARTESIAN_POINT('',(1.570796326795,3.38228294867286));
#4923=CARTESIAN_POINT('',(4.712388980385,3.38228294867286));
#4924=CARTESIAN_POINT('',(7.08524080314557,-6.60087097579581,-1.25349673224176));
#4925=CARTESIAN_POINT('',(7.08524080314557,-6.79472262386695,-1.7381258524197));
#4926=CARTESIAN_POINT('',(4.712388980385,3.38228294867286));
#4927=CARTESIAN_POINT('',(4.712388980385,3.90424448517184));
#4928=CARTESIAN_POINT('',(7.08524080314557,-6.79472262386695,-1.7381258524197));
#4929=CARTESIAN_POINT('',(8.53524080314552,-6.79472262386694,-1.7381258524197));
#4930=CARTESIAN_POINT('',(8.53524080314554,-5.344722623867,-1.7381258524197));
#4931=CARTESIAN_POINT('',(4.712388980385,3.90424448517184));
#4932=CARTESIAN_POINT('',(3.14159265359,3.90424448517184));
#4933=CARTESIAN_POINT('',(5.90333556159681,-6.184722623867,-2.45404905602122));
#4934=CARTESIAN_POINT('',(6.33687307199841,-6.794722623867,-2.45404905602122));
#4935=CARTESIAN_POINT('',(7.08524080314557,-6.794722623867,-2.45404905602122));
#4936=CARTESIAN_POINT('',(8.53524080314547,-6.794722623867,-2.45404905602122));
#4937=CARTESIAN_POINT('',(8.53524080314556,-5.344722623867,-2.45404905602122));
#4938=CARTESIAN_POINT('',(2.19700710730732,0.845584764202467));
#4939=CARTESIAN_POINT('',(4.712388980385,0.845584764202466));
#4940=CARTESIAN_POINT('',(8.53524080314556,-5.344722623867,-2.45404905602122));
#4941=CARTESIAN_POINT('',(8.53524080314554,-5.344722623867,-1.7381258524197));
#4942=CARTESIAN_POINT('',(4.712388980385,0.845584764202466));
#4943=CARTESIAN_POINT('',(4.712388980385,1.561507967804));
#4944=CARTESIAN_POINT('',(3.14159265359,1.561507967804));
#4945=CARTESIAN_POINT('',(4.712388980385,1.561507967804));
#4946=CARTESIAN_POINT('',(7.08524080314557,-6.79472262386695,-1.7381258524197));
#4947=CARTESIAN_POINT('',(5.63524080314562,-6.79472262386694,-1.7381258524197));
#4948=CARTESIAN_POINT('',(5.63524080314559,-5.344722623867,-1.7381258524197));
#4949=CARTESIAN_POINT('',(3.14159265359,1.561507967804));
#4950=CARTESIAN_POINT('',(1.570796326795,1.561507967804));
#4951=CARTESIAN_POINT('',(5.63524080314559,-5.344722623867,-1.7381258524197));
#4952=CARTESIAN_POINT('',(5.63524080314557,-5.344722623867,-2.45404905602122));
#4953=CARTESIAN_POINT('',(1.570796326795,1.561507967804));
#4954=CARTESIAN_POINT('',(1.570796326795,0.845584764202466));
#4955=CARTESIAN_POINT('',(5.63524080314557,-5.344722623867,-2.45404905602122));
#4956=CARTESIAN_POINT('',(5.63524086535164,-5.80750520522592,-2.45404905602122));
#4957=CARTESIAN_POINT('',(5.90333556159681,-6.184722623867,-2.45404905602122));
#4958=CARTESIAN_POINT('',(1.570796326795,0.845584764202466));
#4959=CARTESIAN_POINT('',(2.19700710730732,0.845584764202467));
#4960=CARTESIAN_POINT('',(1.570796326795,3.38228294867286));
#4961=CARTESIAN_POINT('',(1.570796326795,3.90424448517184));
#4962=CARTESIAN_POINT('',(7.08524080314557,-6.60087097579581,-1.25349673224176));
#4963=CARTESIAN_POINT('',(5.82909245121685,-6.60087097579581,-1.25349673224176));
#4964=CARTESIAN_POINT('',(5.82909245121685,-5.344722623867,-1.25349673224176));
#4965=CARTESIAN_POINT('',(5.82909245121685,-4.08857427193819,-1.25349673224176));
#4966=CARTESIAN_POINT('',(7.08524080314557,-4.08857427193819,-1.25349673224176));
#4967=CARTESIAN_POINT('',(1.570796326795,3.38228294867286));
#4968=CARTESIAN_POINT('',(4.712388980385,3.38228294867286));
#4969=CARTESIAN_POINT('',(4.712388980385,3.90424448517184));
#4970=CARTESIAN_POINT('',(4.712388980385,3.38228294867286));
#4971=CARTESIAN_POINT('',(7.08524080314557,-3.89472262386705,-1.7381258524197));
#4972=CARTESIAN_POINT('',(5.63524080314558,-3.89472262386702,-1.7381258524197));
#4973=CARTESIAN_POINT('',(5.63524080314559,-5.344722623867,-1.7381258524197));
#4974=CARTESIAN_POINT('',(4.712388980385,3.90424448517184));
#4975=CARTESIAN_POINT('',(3.14159265359,3.90424448517184));
#4976=CARTESIAN_POINT('',(1.570796326795,3.90424448517184));
#4977=CARTESIAN_POINT('',(3.14159265359,3.90424448517184));
#4978=CARTESIAN_POINT('',(3.373126374244,2.116978022315));
#4979=CARTESIAN_POINT('',(3.373126374244,0.860829670385999));
#4980=CARTESIAN_POINT('',(2.116978022315,0.860829670386));
#4981=CARTESIAN_POINT('',(0.860829670386,0.860829670385999));
#4982=CARTESIAN_POINT('',(0.860829670386,2.116978022315));
#4983=CARTESIAN_POINT('',(0.860829670386,2.116978022315));
#4984=CARTESIAN_POINT('',(0.860829670386,3.373126374244));
#4985=CARTESIAN_POINT('',(2.116978022315,3.373126374244));
#4986=CARTESIAN_POINT('',(3.373126374244,3.373126374244));
#4987=CARTESIAN_POINT('',(3.373126374244,2.116978022315));
#4988=CARTESIAN_POINT('',(6.44737283750156,-5.94472262386699,-1.25349673224168));
#4989=CARTESIAN_POINT('',(6.34892200267856,-5.94472260881099,-1.25349673224168));
#4990=CARTESIAN_POINT('',(6.29208141044056,-5.88788201657199,-1.25349673224168));
#4991=CARTESIAN_POINT('',(6.23524081820156,-5.831041424334,-1.25349673224169));
#4992=CARTESIAN_POINT('',(6.23524080314557,-5.732590589511,-1.25349673224169));
#4993=CARTESIAN_POINT('',(1.516978022315,2.754845987959));
#4994=CARTESIAN_POINT('',(1.516978037371,2.853296822782));
#4995=CARTESIAN_POINT('',(1.57381862961,2.91013741502));
#4996=CARTESIAN_POINT('',(1.630659221848,2.966978007259));
#4997=CARTESIAN_POINT('',(1.729110056671,2.966978022315));
#4998=CARTESIAN_POINT('',(6.23524080314557,-5.732590589511,-1.25349673224169));
#4999=CARTESIAN_POINT('',(6.23524080314557,-4.956854658224,-1.25349673224169));
#5000=CARTESIAN_POINT('',(1.729110056671,2.966978022315));
#5001=CARTESIAN_POINT('',(2.504845987958,2.966978022315));
#5002=CARTESIAN_POINT('',(6.23524080314557,-4.956854658224,-1.25349673224169));
#5003=CARTESIAN_POINT('',(6.23524081820156,-4.85840382340098,-1.25349673224171));
#5004=CARTESIAN_POINT('',(6.29208141043956,-4.80156323116295,-1.25349673224173));
#5005=CARTESIAN_POINT('',(6.34892201773457,-4.74472262386793,-1.25349673224176));
#5006=CARTESIAN_POINT('',(6.44737283750157,-4.7447226238679,-1.25349673224178));
#5007=CARTESIAN_POINT('',(2.504845987958,2.966978022315));
#5008=CARTESIAN_POINT('',(2.603296822781,2.966978007259));
#5009=CARTESIAN_POINT('',(2.660137415019,2.910137415021));
#5010=CARTESIAN_POINT('',(2.716978022314,2.853296807726));
#5011=CARTESIAN_POINT('',(2.716978022314,2.754845987959));
#5012=CARTESIAN_POINT('',(6.44737283750157,-4.7447226238679,-1.25349673224178));
#5013=CARTESIAN_POINT('',(7.72310876878957,-4.74472262386707,-1.25349673224162));
#5014=CARTESIAN_POINT('',(2.716978022314,2.754845987959));
#5015=CARTESIAN_POINT('',(2.716978022315,1.479110056671));
#5016=CARTESIAN_POINT('',(7.72310876878957,-4.74472262386707,-1.25349673224162));
#5017=CARTESIAN_POINT('',(7.82155960361257,-4.74472263892305,-1.25349673224164));
#5018=CARTESIAN_POINT('',(7.87840019585057,-4.80156323116204,-1.25349673224165));
#5019=CARTESIAN_POINT('',(7.93524080314557,-4.85840383845602,-1.25349673224167));
#5020=CARTESIAN_POINT('',(7.93524080314557,-4.956854658223,-1.25349673224169));
#5021=CARTESIAN_POINT('',(2.716978022315,1.479110056671));
#5022=CARTESIAN_POINT('',(2.716978007259,1.380659221848));
#5023=CARTESIAN_POINT('',(2.66013741502,1.32381862961));
#5024=CARTESIAN_POINT('',(2.603296807726,1.266978022315));
#5025=CARTESIAN_POINT('',(2.504845987959,1.266978022315));
#5026=CARTESIAN_POINT('',(7.93524080314557,-4.956854658223,-1.25349673224169));
#5027=CARTESIAN_POINT('',(7.93524080314557,-5.732590589511,-1.25349673224169));
#5028=CARTESIAN_POINT('',(2.504845987959,1.266978022315));
#5029=CARTESIAN_POINT('',(1.729110056671,1.266978022315));
#5030=CARTESIAN_POINT('',(7.93524080314557,-5.732590589511,-1.25349673224169));
#5031=CARTESIAN_POINT('',(7.93524080314557,-5.83104140927799,-1.25349673224167));
#5032=CARTESIAN_POINT('',(7.87840019585057,-5.88788201657196,-1.25349673224165));
#5033=CARTESIAN_POINT('',(7.82155960361257,-5.94472260881095,-1.25349673224164));
#5034=CARTESIAN_POINT('',(7.72310876878957,-5.94472262386693,-1.25349673224162));
#5035=CARTESIAN_POINT('',(1.729110056671,1.266978022315));
#5036=CARTESIAN_POINT('',(1.630659236904,1.266978022315));
#5037=CARTESIAN_POINT('',(1.57381862961,1.32381862961));
#5038=CARTESIAN_POINT('',(1.516978037371,1.380659221848));
#5039=CARTESIAN_POINT('',(1.516978022315,1.479110056671));
#5040=CARTESIAN_POINT('',(1.516978022315,2.754845987959));
#5041=CARTESIAN_POINT('',(1.516978022315,1.479110056671));
#5042=CARTESIAN_POINT('',(6.48532368876878,-5.4827289652363,-1.50362764801244));
#5043=CARTESIAN_POINT('',(6.48532366340356,-5.20671629061711,-1.50362760681125));
#5044=CARTESIAN_POINT('',(-1.25121864022767,-0.937035211915));
#5045=CARTESIAN_POINT('',(-1.25121858642957,-1.213047897508));
#5046=CARTESIAN_POINT('',(6.48532366340356,-5.20671629061711,-1.50362760681125));
#5047=CARTESIAN_POINT('',(6.23524080314557,-4.956854658224,-1.25349673224169));
#5048=CARTESIAN_POINT('',(-1.25121858642957,-1.213047897508));
#5049=CARTESIAN_POINT('',(-0.897489455182546,-1.462909524416));
#5050=CARTESIAN_POINT('',(-0.897489455182546,-0.687173593129));
#5051=CARTESIAN_POINT('',(-0.897489455182546,-1.462909524416));
#5052=CARTESIAN_POINT('',(6.23524080314557,-5.732590589511,-1.25349673224169));
#5053=CARTESIAN_POINT('',(6.31860176461654,-5.64930338184043,-1.33687370376176));
#5054=CARTESIAN_POINT('',(6.40196272608651,-5.56601617416887,-1.42025067528083));
#5055=CARTESIAN_POINT('',(6.48532368876878,-5.4827289652363,-1.50362764801244));
#5056=CARTESIAN_POINT('',(-0.897489455182546,-0.687173593129));
#5057=CARTESIAN_POINT('',(-1.01539918296028,-0.77046079897));
#5058=CARTESIAN_POINT('',(-1.13330891073661,-0.853748004812));
#5059=CARTESIAN_POINT('',(-1.25121864022767,-0.937035211915));
#5060=CARTESIAN_POINT('',(1.22294697288482,4.17661960562361));
#5061=CARTESIAN_POINT('',(1.74256221515547,4.17661960562381));
#5062=CARTESIAN_POINT('',(1.29761261264317,3.90437069235426));
#5063=CARTESIAN_POINT('',(1.26856062954731,3.99407923185924));
#5064=CARTESIAN_POINT('',(1.24321340934218,4.08447507265747));
#5065=CARTESIAN_POINT('',(1.22294697288482,4.17661960562361));
#5066=CARTESIAN_POINT('',(1.31668373892654,3.17768344696255));
#5067=CARTESIAN_POINT('',(1.32876614781738,3.23679549414608));
#5068=CARTESIAN_POINT('',(1.33666711516836,3.29956878407676));
#5069=CARTESIAN_POINT('',(1.34148034411904,3.35963254673541));
#5070=CARTESIAN_POINT('',(1.34669373968672,3.42468994525748));
#5071=CARTESIAN_POINT('',(1.34860538782854,3.48959624301015));
#5072=CARTESIAN_POINT('',(1.34722978692463,3.55484770146018));
#5073=CARTESIAN_POINT('',(1.3459041092934,3.61773105565546));
#5074=CARTESIAN_POINT('',(1.34157734294771,3.68007794426389));
#5075=CARTESIAN_POINT('',(1.33293842893778,3.74242832633062));
#5076=CARTESIAN_POINT('',(1.32548297765632,3.79623720037947));
#5077=CARTESIAN_POINT('',(1.31441116774508,3.85249904171442));
#5078=CARTESIAN_POINT('',(1.29761261264317,3.90437069235426));
#5079=CARTESIAN_POINT('',(6.48524080315508,-5.49472047669796,-1.50326977809659));
#5080=CARTESIAN_POINT('',(6.48528262894859,-5.48867084519527,-1.50349989556685));
#5081=CARTESIAN_POINT('',(6.48532368876878,-5.4827289652363,-1.50362764801244));
#5082=CARTESIAN_POINT('',(1.31668373892654,3.17768344696255));
#5083=CARTESIAN_POINT('',(1.31424190524012,3.16592641479121));
#5084=CARTESIAN_POINT('',(1.31184280662963,3.15416090750563));
#5085=CARTESIAN_POINT('',(1.30948587212581,3.14238656298719));
#5086=CARTESIAN_POINT('',(1.74256221515567,3.14159265359));
#5087=CARTESIAN_POINT('',(1.59820343426319,3.14185735414529));
#5088=CARTESIAN_POINT('',(1.45384465325339,3.14212199067745));
#5089=CARTESIAN_POINT('',(1.30948587212581,3.14238656298719));
#5090=CARTESIAN_POINT('',(1.74256221515547,4.17661960562381));
#5091=CARTESIAN_POINT('',(1.77929069102846,4.00962778940891));
#5092=CARTESIAN_POINT('',(1.79940282244974,3.84871697621307));
#5093=CARTESIAN_POINT('',(1.79940282244939,3.67736202835149));
#5094=CARTESIAN_POINT('',(1.79940282244902,3.49577111242528));
#5095=CARTESIAN_POINT('',(1.77648447650537,3.31920923941658));
#5096=CARTESIAN_POINT('',(1.74256221515567,3.14159265359));
#5097=CARTESIAN_POINT('',(6.63524080314557,-5.044722623867,-1.80349673224169));
#5098=CARTESIAN_POINT('',(6.63524080314561,-5.04472262386711,-1.53630408495653));
#5099=CARTESIAN_POINT('',(0.639661781691,1.570796326795));
#5100=CARTESIAN_POINT('',(0.906854428975999,1.570796326795));
#5101=CARTESIAN_POINT('',(6.63524080314561,-5.04472262386711,-1.53630408495653));
#5102=CARTESIAN_POINT('',(6.61027161824758,-5.04472262793755,-1.5290640732471));
#5103=CARTESIAN_POINT('',(6.58863890118979,-5.05071050561472,-1.52476075631797));
#5104=CARTESIAN_POINT('',(6.55253959475178,-5.06777705608338,-1.51753525412837));
#5105=CARTESIAN_POINT('',(6.53739363026464,-5.07938214181815,-1.51468996996827));
#5106=CARTESIAN_POINT('',(6.51240378283371,-5.10649367116629,-1.50946246170613));
#5107=CARTESIAN_POINT('',(6.50273985832769,-5.12191137591453,-1.50717134405038));
#5108=CARTESIAN_POINT('',(6.48928665159643,-5.1556263219057,-1.50376189816751));
#5109=CARTESIAN_POINT('',(6.48524051763481,-5.17459075159017,-1.50252286208977));
#5110=CARTESIAN_POINT('',(6.48524080315508,-5.19472477192804,-1.50326977812959));
#5111=CARTESIAN_POINT('',(0.906854428975999,1.570796326795));
#5112=CARTESIAN_POINT('',(0.91234467968391,1.7110036865161));
#5113=CARTESIAN_POINT('',(0.917096192909216,1.85123000490161));
#5114=CARTESIAN_POINT('',(0.921083081035339,1.99148825841685));
#5115=CARTESIAN_POINT('',(0.924675263546748,2.1178608150123));
#5116=CARTESIAN_POINT('',(0.927672007951239,2.24424639883725));
#5117=CARTESIAN_POINT('',(0.930545067071641,2.37063645425381));
#5118=CARTESIAN_POINT('',(0.933373423173725,2.49505995878304));
#5119=CARTESIAN_POINT('',(0.936083074938545,2.61948278600512));
#5120=CARTESIAN_POINT('',(0.937856314956482,2.74392811207288));
#5121=CARTESIAN_POINT('',(0.939745174929327,2.8764876036472));
#5122=CARTESIAN_POINT('',(0.940552919979383,3.00903476576154));
#5123=CARTESIAN_POINT('',(0.939888735801999,3.14160855951544));
#5124=CARTESIAN_POINT('',(6.48524080315508,-5.19472477192804,-1.50326977812959));
#5125=CARTESIAN_POINT('',(6.48524080315191,-5.19472405590703,-1.60334542949996));
#5126=CARTESIAN_POINT('',(6.48524080314874,-5.19472333988701,-1.70342108087132));
#5127=CARTESIAN_POINT('',(6.48524080314557,-5.194722623867,-1.80349673224169));
#5128=CARTESIAN_POINT('',(0.939888735801999,3.14160855951544));
#5129=CARTESIAN_POINT('',(0.639661781691,3.14159265359));
#5130=CARTESIAN_POINT('',(6.48524080314557,-5.194722623867,-1.80349673224169));
#5131=CARTESIAN_POINT('',(6.48524080314557,-5.044722623867,-1.80349673224169));
#5132=CARTESIAN_POINT('',(6.63524080314557,-5.044722623867,-1.80349673224169));
#5133=CARTESIAN_POINT('',(0.639661781691,3.14159265359));
#5134=CARTESIAN_POINT('',(0.639661781691,1.570796326795));
#5135=CARTESIAN_POINT('',(1.30948591650353,3.14079888365352));
#5136=CARTESIAN_POINT('',(1.45384468455197,3.14106340960868));
#5137=CARTESIAN_POINT('',(1.59820345248298,3.14132799960581));
#5138=CARTESIAN_POINT('',(1.74256222029676,3.14159265359));
#5139=CARTESIAN_POINT('',(6.48532366340356,-5.20671629061711,-1.50362760681125));
#5140=CARTESIAN_POINT('',(6.48528261616367,-5.20077440853592,-1.50349990378219));
#5141=CARTESIAN_POINT('',(6.48524080315508,-5.19472477192804,-1.50326977812959));
#5142=CARTESIAN_POINT('',(1.30948591650353,3.14079888365352));
#5143=CARTESIAN_POINT('',(1.31184282144285,3.12902449021309));
#5144=CARTESIAN_POINT('',(1.31424190696111,3.11725893746579));
#5145=CARTESIAN_POINT('',(1.31668374353408,3.10550186282764));
#5146=CARTESIAN_POINT('',(1.29761261778497,2.37881461482313));
#5147=CARTESIAN_POINT('',(1.31441439470416,2.43069621397643));
#5148=CARTESIAN_POINT('',(1.32549229182506,2.48695967895663));
#5149=CARTESIAN_POINT('',(1.33295194875574,2.54077904249085));
#5150=CARTESIAN_POINT('',(1.34159300482324,2.60312187435798));
#5151=CARTESIAN_POINT('',(1.34592120904329,2.66546113379346));
#5152=CARTESIAN_POINT('',(1.3472465387865,2.72833733099084));
#5153=CARTESIAN_POINT('',(1.34862177078623,2.79358098740911));
#5154=CARTESIAN_POINT('',(1.34670789130872,2.85847912354027));
#5155=CARTESIAN_POINT('',(1.34149195453371,2.92352843227429));
#5156=CARTESIAN_POINT('',(1.3366749195398,2.98360293279406));
#5157=CARTESIAN_POINT('',(1.32876829413768,3.04637933827351));
#5158=CARTESIAN_POINT('',(1.31668374353408,3.10550186282764));
#5159=CARTESIAN_POINT('',(6.63524080314561,-5.04472262386711,-1.53630408495653));
#5160=CARTESIAN_POINT('',(6.69453439654159,-5.044722623867,-1.55349673224066));
#5161=CARTESIAN_POINT('',(6.74737283750057,-5.0447226238669,-1.55349673224078));
#5162=CARTESIAN_POINT('',(1.29761261778497,2.37881461482313));
#5163=CARTESIAN_POINT('',(1.26856063468964,2.28910607531876));
#5164=CARTESIAN_POINT('',(1.24321341448503,2.19871023452112));
#5165=CARTESIAN_POINT('',(1.22294697802783,2.10656570155571));
#5166=CARTESIAN_POINT('',(6.74737283750057,-5.0447226238669,-1.55349673224078));
#5167=CARTESIAN_POINT('',(6.44737283750157,-4.7447226238679,-1.25349673224178));
#5168=CARTESIAN_POINT('',(1.22294697802783,2.10656570155571));
#5169=CARTESIAN_POINT('',(1.74256222029676,2.10656570155572));
#5170=CARTESIAN_POINT('',(1.74256222029676,3.14159265359));
#5171=CARTESIAN_POINT('',(1.77648448543759,2.96397604791318));
#5172=CARTESIAN_POINT('',(1.79940283252031,2.78741415577105));
#5173=CARTESIAN_POINT('',(1.79940282759118,2.60582321931392));
#5174=CARTESIAN_POINT('',(1.7994028229399,2.43446828700767));
#5175=CARTESIAN_POINT('',(1.77929070124267,2.27355750252853));
#5176=CARTESIAN_POINT('',(1.74256222029676,2.10656570155572));
#5177=CARTESIAN_POINT('',(6.74737283750057,-5.0447226238669,-1.55349673224078));
#5178=CARTESIAN_POINT('',(7.42310876878957,-5.04472262386707,-1.55349673224162));
#5179=CARTESIAN_POINT('',(1.32879506320505,1.037173593128));
#5180=CARTESIAN_POINT('',(1.32879506320576,1.712909524417));
#5181=CARTESIAN_POINT('',(7.42310876878957,-5.04472262386707,-1.55349673224162));
#5182=CARTESIAN_POINT('',(7.72310876878957,-4.74472262386707,-1.25349673224161));
#5183=CARTESIAN_POINT('',(1.32879506320576,1.712909524417));
#5184=CARTESIAN_POINT('',(0.904530994493829,2.012909524417));
#5185=CARTESIAN_POINT('',(0.904530994494537,0.737173593129));
#5186=CARTESIAN_POINT('',(0.904530994493829,2.012909524417));
#5187=CARTESIAN_POINT('',(1.32879506320505,1.037173593128));
#5188=CARTESIAN_POINT('',(0.904530994494537,0.737173593129));
#5189=CARTESIAN_POINT('',(0.636319264729,-1.5996));
#5190=CARTESIAN_POINT('',(0.653511912012995,-1.540306406604));
#5191=CARTESIAN_POINT('',(0.653511912012998,-1.487467965645));
#5192=CARTESIAN_POINT('',(0.903511912013999,-1.5996));
#5193=CARTESIAN_POINT('',(0.636319264729,-1.5996));
#5194=CARTESIAN_POINT('',(6.63524080314557,-5.044722623867,-1.80349673224169));
#5195=CARTESIAN_POINT('',(7.53524080314557,-5.044722623867,-1.80349673224169));
#5196=CARTESIAN_POINT('',(0.903511912013999,-1.5996));
#5197=CARTESIAN_POINT('',(0.903511912013999,-0.6996));
#5198=CARTESIAN_POINT('',(7.53524080314557,-5.044722623867,-1.80349673224169));
#5199=CARTESIAN_POINT('',(7.53524080314557,-5.044722623867,-1.53630408495669));
#5200=CARTESIAN_POINT('',(0.903511912013999,-0.6996));
#5201=CARTESIAN_POINT('',(0.636319264729,-0.6996));
#5202=CARTESIAN_POINT('',(7.53524080314557,-5.044722623867,-1.53630408495669));
#5203=CARTESIAN_POINT('',(7.47594722390956,-5.04472262386704,-1.55349672813564));
#5204=CARTESIAN_POINT('',(7.42310876878957,-5.04472262386707,-1.55349673224162));
#5205=CARTESIAN_POINT('',(0.636319264729,-0.6996));
#5206=CARTESIAN_POINT('',(0.653511907907996,-0.758893579236002));
#5207=CARTESIAN_POINT('',(0.653511912013999,-0.811732034356001));
#5208=CARTESIAN_POINT('',(0.653511912012998,-1.487467965645));
#5209=CARTESIAN_POINT('',(0.653511912013999,-0.811732034356001));
#5210=CARTESIAN_POINT('',(7.68524080314557,-5.194722623867,-1.80349673224169));
#5211=CARTESIAN_POINT('',(7.68524080314752,-5.19472334019822,-1.70342108088265));
#5212=CARTESIAN_POINT('',(7.68524080314434,-5.19472405653157,-1.60334542952361));
#5213=CARTESIAN_POINT('',(7.68524080313602,-5.19472477286704,-1.50326977816457));
#5214=CARTESIAN_POINT('',(0.639682517713001,3.14159265359));
#5215=CARTESIAN_POINT('',(0.939909471789002,3.14157674071149));
#5216=CARTESIAN_POINT('',(7.68524080313602,-5.19472477286704,-1.50326977816457));
#5217=CARTESIAN_POINT('',(7.6852410915614,-5.17459223398182,-1.50252291432119));
#5218=CARTESIAN_POINT('',(7.68119143451561,-5.15562999826798,-1.5037653290691));
#5219=CARTESIAN_POINT('',(7.66773378711077,-5.12191803537391,-1.50717915260996));
#5220=CARTESIAN_POINT('',(7.65806636985012,-5.10649945099283,-1.50947230803194));
#5221=CARTESIAN_POINT('',(7.63307171224426,-5.07938644818802,-1.51470115307002));
#5222=CARTESIAN_POINT('',(7.61792486570822,-5.06778021183116,-1.51754568357744));
#5223=CARTESIAN_POINT('',(7.58183061678962,-5.05071323406069,-1.52476689648276));
#5224=CARTESIAN_POINT('',(7.56020368273407,-5.04472262794044,-1.52906590152424));
#5225=CARTESIAN_POINT('',(7.53524080314557,-5.044722623867,-1.53630408495669));
#5226=CARTESIAN_POINT('',(0.939909471789002,3.14157674071149));
#5227=CARTESIAN_POINT('',(0.94057354343652,3.27412776635709));
#5228=CARTESIAN_POINT('',(0.939763129970953,3.40665209301739));
#5229=CARTESIAN_POINT('',(0.937872374598703,3.53918876329531));
#5230=CARTESIAN_POINT('',(0.93609673352377,3.66365624287217));
#5231=CARTESIAN_POINT('',(0.933384786945857,3.78810122940499));
#5232=CARTESIAN_POINT('',(0.930556144432432,3.91254691832108));
#5233=CARTESIAN_POINT('',(0.927682763632713,4.03896086120785));
#5234=CARTESIAN_POINT('',(0.92468751575672,4.16537038670258));
#5235=CARTESIAN_POINT('',(0.921096743907427,4.29176688291936));
#5236=CARTESIAN_POINT('',(0.917112837107311,4.43200187470476));
#5237=CARTESIAN_POINT('',(0.912364502909784,4.57220493115473));
#5238=CARTESIAN_POINT('',(0.906875164997999,4.712388980385));
#5239=CARTESIAN_POINT('',(0.639682517713,4.712388980385));
#5240=CARTESIAN_POINT('',(0.906875164997999,4.712388980385));
#5241=CARTESIAN_POINT('',(7.53524080314557,-5.044722623867,-1.80349673224169));
#5242=CARTESIAN_POINT('',(7.68524080314557,-5.044722623867,-1.80349673224169));
#5243=CARTESIAN_POINT('',(7.68524080314557,-5.194722623867,-1.80349673224169));
#5244=CARTESIAN_POINT('',(0.639682517713,4.712388980385));
#5245=CARTESIAN_POINT('',(0.639682517713001,3.14159265359));
#5246=CARTESIAN_POINT('',(1.77150958624904,2.10656570155572));
#5247=CARTESIAN_POINT('',(1.25189434397844,2.10656570155572));
#5248=CARTESIAN_POINT('',(1.69684394649076,2.378814614825));
#5249=CARTESIAN_POINT('',(1.72589592958662,2.28910607532005));
#5250=CARTESIAN_POINT('',(1.75124314758888,2.1987102337966));
#5251=CARTESIAN_POINT('',(1.77150958624904,2.10656570155572));
#5252=CARTESIAN_POINT('',(1.67777282130399,3.10550186558117));
#5253=CARTESIAN_POINT('',(1.6656904118109,3.04638984076344));
#5254=CARTESIAN_POINT('',(1.65778944718011,2.9836165647599));
#5255=CARTESIAN_POINT('',(1.65297621882611,2.92355282427046));
#5256=CARTESIAN_POINT('',(1.64776282158847,2.8584954208564));
#5257=CARTESIAN_POINT('',(1.64585117186921,2.79358911812369));
#5258=CARTESIAN_POINT('',(1.64722677119091,2.72833765463235));
#5259=CARTESIAN_POINT('',(1.64855244738329,2.66545429150167));
#5260=CARTESIAN_POINT('',(1.652879212973,2.60310739403506));
#5261=CARTESIAN_POINT('',(1.66151812715199,2.5407570029906));
#5262=CARTESIAN_POINT('',(1.66897357849692,2.48694812178889));
#5263=CARTESIAN_POINT('',(1.68004538917725,2.4306862722938));
#5264=CARTESIAN_POINT('',(1.69684394649076,2.378814614825));
#5265=CARTESIAN_POINT('',(7.68524080313602,-5.19472477286704,-1.50326977816457));
#5266=CARTESIAN_POINT('',(7.68519897734781,-5.20077440343973,-1.50349989557002));
#5267=CARTESIAN_POINT('',(7.68515791753269,-5.2067162825007,-1.50362764799578));
#5268=CARTESIAN_POINT('',(1.67777282130399,3.10550186558117));
#5269=CARTESIAN_POINT('',(1.68021465460295,3.1172588959866));
#5270=CARTESIAN_POINT('',(1.68261375284264,3.12902440150301));
#5271=CARTESIAN_POINT('',(1.68497068699217,3.14079874424871));
#5272=CARTESIAN_POINT('',(7.68515791753269,-5.2067162825007,-1.50362764799578));
#5273=CARTESIAN_POINT('',(7.76851889471885,-5.12342906890311,-1.42025069689219));
#5274=CARTESIAN_POINT('',(7.85187985660041,-5.04014186082495,-1.33687372497038));
#5275=CARTESIAN_POINT('',(7.93524080314557,-4.956854658223,-1.25349673224169));
#5276=CARTESIAN_POINT('',(1.68497068699217,3.14079874424871));
#5277=CARTESIAN_POINT('',(1.54061190587016,3.14106331664214));
#5278=CARTESIAN_POINT('',(1.39625312486564,3.14132795310756));
#5279=CARTESIAN_POINT('',(1.25189434397844,3.14159265359));
#5280=CARTESIAN_POINT('',(1.25189434397844,2.10656570155572));
#5281=CARTESIAN_POINT('',(1.21516586357549,2.27355753836677));
#5282=CARTESIAN_POINT('',(1.1950537320337,2.43446836929129));
#5283=CARTESIAN_POINT('',(1.1950537366846,2.60582333834448));
#5284=CARTESIAN_POINT('',(1.19505374161333,2.78741423373964));
#5285=CARTESIAN_POINT('',(1.21797207867682,2.96397608781566));
#5286=CARTESIAN_POINT('',(1.25189434397844,3.14159265359));
#5287=CARTESIAN_POINT('',(-0.897489455179717,-0.687173593129));
#5288=CARTESIAN_POINT('',(-0.897489455179717,-1.462909524417));
#5289=CARTESIAN_POINT('',(-1.25121864020292,-0.937035211918));
#5290=CARTESIAN_POINT('',(-0.897489455179717,-0.687173593129));
#5291=CARTESIAN_POINT('',(7.68515791753269,-5.2067162825007,-1.50362764799578));
#5292=CARTESIAN_POINT('',(7.68515794288024,-5.48272895711888,-1.50362760682324));
#5293=CARTESIAN_POINT('',(-1.25121864020292,-0.937035211918));
#5294=CARTESIAN_POINT('',(-1.2512185864423,-1.21304789751));
#5295=CARTESIAN_POINT('',(7.68515794288024,-5.48272895711888,-1.50362760682324));
#5296=CARTESIAN_POINT('',(7.76851889710655,-5.56601616875426,-1.4202506478247));
#5297=CARTESIAN_POINT('',(7.85187985012606,-5.64930337913263,-1.3368736900332));
#5298=CARTESIAN_POINT('',(7.93524080314557,-5.732590589511,-1.25349673224169));
#5299=CARTESIAN_POINT('',(-1.2512185864423,-1.21304789751));
#5300=CARTESIAN_POINT('',(-1.13330887488347,-1.296335107317));
#5301=CARTESIAN_POINT('',(-1.01539916503159,-1.379622315867));
#5302=CARTESIAN_POINT('',(-0.897489455179717,-1.462909524417));
#5303=CARTESIAN_POINT('',(1.7715095867169,4.17661960562429));
#5304=CARTESIAN_POINT('',(1.75124315025955,4.08447507265817));
#5305=CARTESIAN_POINT('',(1.72589593005444,3.99407923185995));
#5306=CARTESIAN_POINT('',(1.69684394695861,3.904370692355));
#5307=CARTESIAN_POINT('',(1.25189434444624,4.17661960562428));
#5308=CARTESIAN_POINT('',(1.7715095867169,4.17661960562429));
#5309=CARTESIAN_POINT('',(1.25189434444624,3.14159265359));
#5310=CARTESIAN_POINT('',(1.21797207914467,3.31920921936434));
#5311=CARTESIAN_POINT('',(1.19505374208112,3.49577107344036));
#5312=CARTESIAN_POINT('',(1.1950537371524,3.67736196883552));
#5313=CARTESIAN_POINT('',(1.19505373250149,3.8487169378887));
#5314=CARTESIAN_POINT('',(1.21516586404329,4.00962776881325));
#5315=CARTESIAN_POINT('',(1.25189434444624,4.17661960562428));
#5316=CARTESIAN_POINT('',(1.68497064825159,3.14238642356274));
#5317=CARTESIAN_POINT('',(1.54061188019892,3.14212189769881));
#5318=CARTESIAN_POINT('',(1.39625311226396,3.14185730763796));
#5319=CARTESIAN_POINT('',(1.25189434444624,3.14159265359));
#5320=CARTESIAN_POINT('',(7.68515794288024,-5.48272895711888,-1.50362760682324));
#5321=CARTESIAN_POINT('',(7.68519899011392,-5.48867083843008,-1.50349990378158));
#5322=CARTESIAN_POINT('',(7.68524080313604,-5.49472047713096,-1.50326977808058));
#5323=CARTESIAN_POINT('',(1.68497064825159,3.14238642356274));
#5324=CARTESIAN_POINT('',(1.68261374303954,3.15416081828311));
#5325=CARTESIAN_POINT('',(1.68021465724011,3.16592637230871));
#5326=CARTESIAN_POINT('',(1.67777282041622,3.17768344823116));
#5327=CARTESIAN_POINT('',(1.69684394695861,3.904370692355));
#5328=CARTESIAN_POINT('',(1.68004217015532,3.85248909355982));
#5329=CARTESIAN_POINT('',(1.66896427296998,3.79622562850667));
#5330=CARTESIAN_POINT('',(1.66150461606029,3.74240626534489));
#5331=CARTESIAN_POINT('',(1.65286356000832,3.68006343384574));
#5332=CARTESIAN_POINT('',(1.64853535577114,3.61772417477431));
#5333=CARTESIAN_POINT('',(1.64721002598319,3.55484797794427));
#5334=CARTESIAN_POINT('',(1.64583479393764,3.48960432193605));
#5335=CARTESIAN_POINT('',(1.64774867333716,3.42470618620532));
#5336=CARTESIAN_POINT('',(1.65296460997793,3.35965687787162));
#5337=CARTESIAN_POINT('',(1.65778164485445,3.29958237763936));
#5338=CARTESIAN_POINT('',(1.6656882700869,3.23680597253408));
#5339=CARTESIAN_POINT('',(1.67777282041622,3.17768344823116));
#5340=CARTESIAN_POINT('',(7.68524080314557,-4.869722623867,-2.45404905602122));
#5341=CARTESIAN_POINT('',(7.68524080314557,-5.819722623867,-2.45404905602122));
#5342=CARTESIAN_POINT('',(-2.3446,-1.84040197337353));
#5343=CARTESIAN_POINT('',(-1.3946,-1.84040197337353));
#5344=CARTESIAN_POINT('',(-1.3946,-1.189849649594));
#5345=CARTESIAN_POINT('',(-1.3946,-1.84040197337353));
#5346=CARTESIAN_POINT('',(7.68524080314557,-5.819722623867,-1.80349673224169));
#5347=CARTESIAN_POINT('',(7.68524080314557,-5.494722623867,-1.80349673224169));
#5348=CARTESIAN_POINT('',(-1.3946,-1.189849649594));
#5349=CARTESIAN_POINT('',(-1.7196,-1.189849649594));
#5350=CARTESIAN_POINT('',(-1.719602146736,-0.889622695433999));
#5351=CARTESIAN_POINT('',(-1.7196,-1.189849649594));
#5352=CARTESIAN_POINT('',(-1.731593661263,-0.889993800913999));
#5353=CARTESIAN_POINT('',(-1.725651782669,-0.889859520854996));
#5354=CARTESIAN_POINT('',(-1.719602146736,-0.889622695433999));
#5355=CARTESIAN_POINT('',(-2.007606346855,-0.889993848427));
#5356=CARTESIAN_POINT('',(-1.731593661263,-0.889993800913999));
#5357=CARTESIAN_POINT('',(-2.019597851,-0.889622695518));
#5358=CARTESIAN_POINT('',(-2.013548223197,-0.889859515838996));
#5359=CARTESIAN_POINT('',(-2.007606346855,-0.889993848427));
#5360=CARTESIAN_POINT('',(-2.0196,-1.189849649594));
#5361=CARTESIAN_POINT('',(-2.019597851,-0.889622695518));
#5362=CARTESIAN_POINT('',(7.68524080314557,-5.194722623867,-1.80349673224169));
#5363=CARTESIAN_POINT('',(7.68524080314557,-4.869722623867,-1.80349673224169));
#5364=CARTESIAN_POINT('',(-2.0196,-1.189849649594));
#5365=CARTESIAN_POINT('',(-2.3446,-1.189849649594));
#5366=CARTESIAN_POINT('',(7.68524080314557,-4.869722623867,-1.80349673224169));
#5367=CARTESIAN_POINT('',(7.68524080314557,-4.869722623867,-2.45404905602122));
#5368=CARTESIAN_POINT('',(-2.3446,-1.189849649594));
#5369=CARTESIAN_POINT('',(-2.3446,-1.84040197337353));
#5370=CARTESIAN_POINT('',(14.0352408031456,-2.754722623867,-1.80349673224169));
#5371=CARTESIAN_POINT('',(14.0352408031456,-2.754722623867,-1.50349673209769));
#5372=CARTESIAN_POINT('',(0.639600000014406,3.14159265359));
#5373=CARTESIAN_POINT('',(0.939600000158595,3.14159265359));
#5374=CARTESIAN_POINT('',(14.0352408031456,-2.754722623867,-1.50349673209769));
#5375=CARTESIAN_POINT('',(14.0352408031456,-2.71736686740698,-1.50349673209778));
#5376=CARTESIAN_POINT('',(14.0177213290327,-2.68437413233595,-1.52101620621087));
#5377=CARTESIAN_POINT('',(0.939600000158595,3.14159265359));
#5378=CARTESIAN_POINT('',(0.939600000158595,3.31024685181033));
#5379=CARTESIAN_POINT('',(0.934290888786936,3.47484182952118));
#5380=CARTESIAN_POINT('',(0.922080526045583,3.64308531789038));
#5381=CARTESIAN_POINT('',(14.0177213290327,-2.68437413233595,-1.52101620621087));
#5382=CARTESIAN_POINT('',(13.9914827436746,-2.63496153639919,-1.5472547907582));
#5383=CARTESIAN_POINT('',(13.9403905382196,-2.60472262386696,-1.56908125726682));
#5384=CARTESIAN_POINT('',(13.8852408031456,-2.60472262386695,-1.59665612480378));
#5385=CARTESIAN_POINT('',(0.922080526045583,3.64308531789038));
#5386=CARTESIAN_POINT('',(0.896215397941594,3.99947436267305));
#5387=CARTESIAN_POINT('',(0.87051396446232,4.35587195664223));
#5388=CARTESIAN_POINT('',(0.846440607452537,4.712388980385));
#5389=CARTESIAN_POINT('',(13.8852408031456,-2.60472262386695,-1.59665612480378));
#5390=CARTESIAN_POINT('',(13.8852408031456,-2.604722623867,-1.80349673224169));
#5391=CARTESIAN_POINT('',(0.846440607452537,4.712388980385));
#5392=CARTESIAN_POINT('',(0.639600000014406,4.712388980385));
#5393=CARTESIAN_POINT('',(13.8852408031456,-2.604722623867,-1.80349673224169));
#5394=CARTESIAN_POINT('',(14.0352408031456,-2.604722623867,-1.80349673224169));
#5395=CARTESIAN_POINT('',(14.0352408031456,-2.754722623867,-1.80349673224169));
#5396=CARTESIAN_POINT('',(0.639600000014406,4.712388980385));
#5397=CARTESIAN_POINT('',(0.639600000014406,3.14159265359));
#5398=CARTESIAN_POINT('',(12.9852408031456,-2.604722623867,-1.80349673224169));
#5399=CARTESIAN_POINT('',(13.8852408031456,-2.604722623867,-1.80349673224169));
#5400=CARTESIAN_POINT('',(0.837124668182,-1.5996));
#5401=CARTESIAN_POINT('',(0.837124668182,-0.6996));
#5402=CARTESIAN_POINT('',(0.630284060744,-0.6996));
#5403=CARTESIAN_POINT('',(0.837124668182,-0.6996));
#5404=CARTESIAN_POINT('',(13.8852408031456,-2.60472262386695,-1.59665612480378));
#5405=CARTESIAN_POINT('',(13.7715595642566,-2.6047226238671,-1.65349673209858));
#5406=CARTESIAN_POINT('',(13.6731087687895,-2.60472262386721,-1.65349673209842));
#5407=CARTESIAN_POINT('',(0.630284060744,-0.6996));
#5408=CARTESIAN_POINT('',(0.687124668039002,-0.813281238889));
#5409=CARTESIAN_POINT('',(0.687124668039001,-0.911732034356));
#5410=CARTESIAN_POINT('',(13.6731087687895,-2.60472262386721,-1.65349673209842));
#5411=CARTESIAN_POINT('',(13.1973728375016,-2.60472262386721,-1.65349673209842));
#5412=CARTESIAN_POINT('',(0.687124668039001,-0.911732034356));
#5413=CARTESIAN_POINT('',(0.687124668039001,-1.387467965644));
#5414=CARTESIAN_POINT('',(13.1973728375016,-2.60472262386721,-1.65349673209842));
#5415=CARTESIAN_POINT('',(13.0989220420346,-2.6047226238671,-1.65349673209858));
#5416=CARTESIAN_POINT('',(12.9852408031455,-2.60472262386695,-1.59665612480378));
#5417=CARTESIAN_POINT('',(0.687124668039001,-1.387467965644));
#5418=CARTESIAN_POINT('',(0.687124668039002,-1.485918761111));
#5419=CARTESIAN_POINT('',(0.630284060744,-1.5996));
#5420=CARTESIAN_POINT('',(12.9852408031455,-2.60472262386695,-1.59665612480378));
#5421=CARTESIAN_POINT('',(12.9852408031456,-2.604722623867,-1.80349673224169));
#5422=CARTESIAN_POINT('',(0.630284060744,-1.5996));
#5423=CARTESIAN_POINT('',(0.837124668182,-1.5996));
#5424=CARTESIAN_POINT('',(12.8352408031456,-2.754722623867,-1.80349673224169));
#5425=CARTESIAN_POINT('',(12.8352408031456,-2.604722623867,-1.80349673224169));
#5426=CARTESIAN_POINT('',(12.9852408031456,-2.604722623867,-1.80349673224169));
#5427=CARTESIAN_POINT('',(0.639600000014406,3.14159265359));
#5428=CARTESIAN_POINT('',(0.639600000014406,1.570796326795));
#5429=CARTESIAN_POINT('',(0.846440607452537,1.570796326795));
#5430=CARTESIAN_POINT('',(0.639600000014406,1.570796326795));
#5431=CARTESIAN_POINT('',(12.9852408031455,-2.60472262386695,-1.59665612480378));
#5432=CARTESIAN_POINT('',(12.9732041646109,-2.60472262386696,-1.59063780553646));
#5433=CARTESIAN_POINT('',(12.9605452769479,-2.6061888720509,-1.58451773221533));
#5434=CARTESIAN_POINT('',(12.9351332728352,-2.61273184532959,-1.572119814728));
#5435=CARTESIAN_POINT('',(12.9223923241346,-2.6178209892219,-1.5658419699475));
#5436=CARTESIAN_POINT('',(12.8983776494265,-2.63165036169665,-1.55317428932088));
#5437=CARTESIAN_POINT('',(12.8871242747737,-2.64039043801777,-1.54678445338514));
#5438=CARTESIAN_POINT('',(12.8675415811143,-2.66067160051245,-1.53393855738377));
#5439=CARTESIAN_POINT('',(12.8592265683655,-2.67219679025275,-1.52748249731814));
#5440=CARTESIAN_POINT('',(12.8527602772584,-2.68437413233596,-1.52101620621087));
#5441=CARTESIAN_POINT('',(0.846440607452537,1.570796326795));
#5442=CARTESIAN_POINT('',(0.870513964462319,1.92731335053777));
#5443=CARTESIAN_POINT('',(0.896215397145727,2.28371094456179));
#5444=CARTESIAN_POINT('',(0.922080526045585,2.64009998928962));
#5445=CARTESIAN_POINT('',(12.8527602772584,-2.68437413233596,-1.52101620621087));
#5446=CARTESIAN_POINT('',(12.8352408031455,-2.71736687723198,-1.50349673209777));
#5447=CARTESIAN_POINT('',(12.8352408031456,-2.754722623867,-1.50349673209769));
#5448=CARTESIAN_POINT('',(0.922080526045585,2.64009998928962));
#5449=CARTESIAN_POINT('',(0.93429088623725,2.80834348160904));
#5450=CARTESIAN_POINT('',(0.939600000158597,2.97293845140329));
#5451=CARTESIAN_POINT('',(0.939600000158595,3.14159265359));
#5452=CARTESIAN_POINT('',(12.8352408031456,-2.754722623867,-1.50349673209769));
#5453=CARTESIAN_POINT('',(12.8352408031456,-2.754722623867,-1.80349673224169));
#5454=CARTESIAN_POINT('',(0.939600000158595,3.14159265359));
#5455=CARTESIAN_POINT('',(0.639600000014406,3.14159265359));
#5456=CARTESIAN_POINT('',(12.8352408031456,-3.154722623867,-2.45404905602122));
#5457=CARTESIAN_POINT('',(12.8352408031456,-2.454722623867,-2.45404905602122));
#5458=CARTESIAN_POINT('',(-2.2196,-1.84015232393753));
#5459=CARTESIAN_POINT('',(-1.5196,-1.84015232393753));
#5460=CARTESIAN_POINT('',(12.8352408031456,-2.454722623867,-2.45404905602122));
#5461=CARTESIAN_POINT('',(12.8352408031456,-2.454722623867,-1.80349673224169));
#5462=CARTESIAN_POINT('',(-1.5196,-1.84015232393753));
#5463=CARTESIAN_POINT('',(-1.5196,-1.189600000158));
#5464=CARTESIAN_POINT('',(12.8352408031456,-2.454722623867,-1.80349673224169));
#5465=CARTESIAN_POINT('',(12.8352408031456,-2.754722623867,-1.80349673224169));
#5466=CARTESIAN_POINT('',(-1.5196,-1.189600000158));
#5467=CARTESIAN_POINT('',(-1.8196,-1.189600000158));
#5468=CARTESIAN_POINT('',(-1.8196,-0.889600000013999));
#5469=CARTESIAN_POINT('',(-1.8196,-1.189600000158));
#5470=CARTESIAN_POINT('',(12.8352408031456,-2.754722623867,-1.50349673209769));
#5471=CARTESIAN_POINT('',(12.8352408031456,-2.854722623867,-1.50349673209769));
#5472=CARTESIAN_POINT('',(-1.8196,-0.889600000013999));
#5473=CARTESIAN_POINT('',(-1.9196,-0.889600000013999));
#5474=CARTESIAN_POINT('',(12.8352408031456,-2.854722623867,-1.50349673209769));
#5475=CARTESIAN_POINT('',(12.8352408031456,-2.854722623867,-1.80349673224169));
#5476=CARTESIAN_POINT('',(-1.9196,-0.889600000013999));
#5477=CARTESIAN_POINT('',(-1.9196,-1.189600000158));
#5478=CARTESIAN_POINT('',(12.8352408031456,-2.854722623867,-1.80349673224169));
#5479=CARTESIAN_POINT('',(12.8352408031456,-3.154722623867,-1.80349673224169));
#5480=CARTESIAN_POINT('',(-1.9196,-1.189600000158));
#5481=CARTESIAN_POINT('',(-2.2196,-1.189600000158));
#5482=CARTESIAN_POINT('',(12.8352408031456,-3.154722623867,-1.80349673224169));
#5483=CARTESIAN_POINT('',(12.8352408031456,-3.154722623867,-2.45404905602122));
#5484=CARTESIAN_POINT('',(-2.2196,-1.189600000158));
#5485=CARTESIAN_POINT('',(-2.2196,-1.84015232393753));
#5486=CARTESIAN_POINT('',(0.939600000158595,3.14159265359));
#5487=CARTESIAN_POINT('',(0.639600000014406,3.14159265359));
#5488=CARTESIAN_POINT('',(12.8352408031456,-2.854722623867,-1.50349673209769));
#5489=CARTESIAN_POINT('',(12.8352408031456,-2.89207837050196,-1.50349673209869));
#5490=CARTESIAN_POINT('',(12.8527602772576,-2.92507111539691,-1.52101620621175));
#5491=CARTESIAN_POINT('',(0.939600000158595,3.14159265359));
#5492=CARTESIAN_POINT('',(0.939600000157985,3.31024685577326));
#5493=CARTESIAN_POINT('',(0.934290886236454,3.47484182556568));
#5494=CARTESIAN_POINT('',(0.922080526044583,3.64308531788164));
#5495=CARTESIAN_POINT('',(12.8527602772576,-2.92507111539691,-1.52101620621175));
#5496=CARTESIAN_POINT('',(12.8789988626155,-2.97448371133421,-1.54725479075936));
#5497=CARTESIAN_POINT('',(12.9300910680708,-3.00472262386706,-1.56908125726897));
#5498=CARTESIAN_POINT('',(12.9852408031455,-3.00472262386704,-1.59665612480578));
#5499=CARTESIAN_POINT('',(0.922080526044583,3.64308531788164));
#5500=CARTESIAN_POINT('',(0.896215397940346,3.99947436266723));
#5501=CARTESIAN_POINT('',(0.870513964460074,4.35587195663928));
#5502=CARTESIAN_POINT('',(0.846440607450537,4.712388980385));
#5503=CARTESIAN_POINT('',(12.9852408031455,-3.00472262386704,-1.59665612480578));
#5504=CARTESIAN_POINT('',(12.9852408031456,-3.004722623867,-1.80349673224169));
#5505=CARTESIAN_POINT('',(0.846440607450537,4.712388980385));
#5506=CARTESIAN_POINT('',(0.639600000014406,4.712388980385));
#5507=CARTESIAN_POINT('',(12.9852408031456,-3.004722623867,-1.80349673224169));
#5508=CARTESIAN_POINT('',(12.8352408031456,-3.004722623867,-1.80349673224169));
#5509=CARTESIAN_POINT('',(12.8352408031456,-2.854722623867,-1.80349673224169));
#5510=CARTESIAN_POINT('',(0.639600000014406,4.712388980385));
#5511=CARTESIAN_POINT('',(0.639600000014406,3.14159265359));
#5512=CARTESIAN_POINT('',(6.48524080314557,-4.869722623867,-1.80349673224169));
#5513=CARTESIAN_POINT('',(7.68524080314557,-4.869722623867,-1.80349673224169));
#5514=CARTESIAN_POINT('',(-0.967099999999999,1.9296));
#5515=CARTESIAN_POINT('',(-0.967099999999999,0.7296));
#5516=CARTESIAN_POINT('',(-0.642099999999999,0.7296));
#5517=CARTESIAN_POINT('',(-0.967099999999999,0.7296));
#5518=CARTESIAN_POINT('',(-0.7921,0.8796));
#5519=CARTESIAN_POINT('',(-0.792099999999999,0.7296));
#5520=CARTESIAN_POINT('',(-0.642099999999999,0.7296));
#5521=CARTESIAN_POINT('',(-0.7921,1.7796));
#5522=CARTESIAN_POINT('',(-0.7921,0.8796));
#5523=CARTESIAN_POINT('',(-0.642099999999999,1.9296));
#5524=CARTESIAN_POINT('',(-0.792099999999999,1.9296));
#5525=CARTESIAN_POINT('',(-0.7921,1.7796));
#5526=CARTESIAN_POINT('',(6.48524080314557,-5.194722623867,-1.80349673224169));
#5527=CARTESIAN_POINT('',(6.48524080314557,-4.869722623867,-1.80349673224169));
#5528=CARTESIAN_POINT('',(-0.642099999999999,1.9296));
#5529=CARTESIAN_POINT('',(-0.967099999999999,1.9296));
#5530=CARTESIAN_POINT('',(-0.642099999999999,1.9296));
#5531=CARTESIAN_POINT('',(-0.642099999999999,0.7296));
#5532=CARTESIAN_POINT('',(6.48524080314557,-5.819722623867,-1.80349673224169));
#5533=CARTESIAN_POINT('',(6.48524080314557,-5.494722623867,-1.80349673224169));
#5534=CARTESIAN_POINT('',(-0.642099999999999,1.9296));
#5535=CARTESIAN_POINT('',(-0.967099999999999,1.9296));
#5536=CARTESIAN_POINT('',(-0.8171,1.7796));
#5537=CARTESIAN_POINT('',(-0.8171,1.9296));
#5538=CARTESIAN_POINT('',(-0.967099999999999,1.9296));
#5539=CARTESIAN_POINT('',(-0.8171,0.8796));
#5540=CARTESIAN_POINT('',(-0.8171,1.7796));
#5541=CARTESIAN_POINT('',(-0.967099999999999,0.7296));
#5542=CARTESIAN_POINT('',(-0.8171,0.7296));
#5543=CARTESIAN_POINT('',(-0.8171,0.8796));
#5544=CARTESIAN_POINT('',(-0.642099999999999,0.7296));
#5545=CARTESIAN_POINT('',(-0.967099999999999,0.7296));
#5546=CARTESIAN_POINT('',(-0.6396,1.9296));
#5547=CARTESIAN_POINT('',(-0.7896,1.9296));
#5548=CARTESIAN_POINT('',(-0.7896,1.7796));
#5549=CARTESIAN_POINT('',(-0.9396,1.9296));
#5550=CARTESIAN_POINT('',(-0.6396,1.9296));
#5551=CARTESIAN_POINT('',(12.8352408031456,-2.454722623867,-1.80349673224169));
#5552=CARTESIAN_POINT('',(14.0352408031456,-2.454722623867,-1.80349673224169));
#5553=CARTESIAN_POINT('',(-0.9396,1.9296));
#5554=CARTESIAN_POINT('',(-0.9396,0.7296));
#5555=CARTESIAN_POINT('',(14.0352408031456,-2.454722623867,-1.80349673224169));
#5556=CARTESIAN_POINT('',(14.0352408031456,-2.754722623867,-1.80349673224169));
#5557=CARTESIAN_POINT('',(-0.9396,0.7296));
#5558=CARTESIAN_POINT('',(-0.6396,0.7296));
#5559=CARTESIAN_POINT('',(-0.7896,0.8796));
#5560=CARTESIAN_POINT('',(-0.7896,0.7296));
#5561=CARTESIAN_POINT('',(-0.6396,0.7296));
#5562=CARTESIAN_POINT('',(-0.7896,1.7796));
#5563=CARTESIAN_POINT('',(-0.7896,0.8796));
#5564=CARTESIAN_POINT('',(13.8852408031456,-3.004722623867,-1.80349673224169));
#5565=CARTESIAN_POINT('',(14.0352408031456,-3.004722623867,-1.80349673224169));
#5566=CARTESIAN_POINT('',(14.0352408031456,-2.854722623867,-1.80349673224169));
#5567=CARTESIAN_POINT('',(-0.7896,0.8796));
#5568=CARTESIAN_POINT('',(-0.7896,0.7296));
#5569=CARTESIAN_POINT('',(-0.9396,0.7296));
#5570=CARTESIAN_POINT('',(14.0352408031456,-2.854722623867,-1.80349673224169));
#5571=CARTESIAN_POINT('',(14.0352408031456,-3.154722623867,-1.80349673224169));
#5572=CARTESIAN_POINT('',(-0.9396,0.7296));
#5573=CARTESIAN_POINT('',(-0.6396,0.7296));
#5574=CARTESIAN_POINT('',(14.0352408031456,-3.154722623867,-1.80349673224169));
#5575=CARTESIAN_POINT('',(12.8352408031456,-3.154722623867,-1.80349673224169));
#5576=CARTESIAN_POINT('',(-0.6396,0.7296));
#5577=CARTESIAN_POINT('',(-0.6396,1.9296));
#5578=CARTESIAN_POINT('',(-0.9396,1.9296));
#5579=CARTESIAN_POINT('',(-0.6396,1.9296));
#5580=CARTESIAN_POINT('',(-0.7896,1.7796));
#5581=CARTESIAN_POINT('',(-0.7896,1.9296));
#5582=CARTESIAN_POINT('',(-0.9396,1.9296));
#5583=CARTESIAN_POINT('',(12.9852408031456,-3.004722623867,-1.80349673224169));
#5584=CARTESIAN_POINT('',(13.8852408031456,-3.004722623867,-1.80349673224169));
#5585=CARTESIAN_POINT('',(-0.7896,1.7796));
#5586=CARTESIAN_POINT('',(-0.7896,0.8796));
#5587=CARTESIAN_POINT('',(0.639600000014406,1.570796326795));
#5588=CARTESIAN_POINT('',(0.639600000014406,3.14159265359));
#5589=CARTESIAN_POINT('',(13.8852408031456,-3.004722623867,-1.80349673224169));
#5590=CARTESIAN_POINT('',(13.8852408031456,-3.00472262386702,-1.59665612480273));
#5591=CARTESIAN_POINT('',(0.639600000014406,1.570796326795));
#5592=CARTESIAN_POINT('',(0.846440607453537,1.570796326795));
#5593=CARTESIAN_POINT('',(13.8852408031456,-3.00472262386702,-1.59665612480273));
#5594=CARTESIAN_POINT('',(13.9403905428494,-3.00472262386704,-1.56908125495063));
#5595=CARTESIAN_POINT('',(13.9914827416497,-2.97448371514727,-1.54725479359347));
#5596=CARTESIAN_POINT('',(14.0177213290322,-2.9250711153981,-1.5210162062104));
#5597=CARTESIAN_POINT('',(0.846440607453537,1.570796326795));
#5598=CARTESIAN_POINT('',(0.870513964463319,1.92731335053774));
#5599=CARTESIAN_POINT('',(0.896215397145951,2.2837109445618));
#5600=CARTESIAN_POINT('',(0.922080526045585,2.64009998928962));
#5601=CARTESIAN_POINT('',(14.0177213290322,-2.9250711153981,-1.5210162062104));
#5602=CARTESIAN_POINT('',(14.0352408031454,-2.89207838032705,-1.50349673209756));
#5603=CARTESIAN_POINT('',(14.0352408031456,-2.854722623867,-1.50349673209769));
#5604=CARTESIAN_POINT('',(0.922080526045585,2.64009998928962));
#5605=CARTESIAN_POINT('',(0.934290888786935,2.80834347765879));
#5606=CARTESIAN_POINT('',(0.939600000158595,2.97293845536971));
#5607=CARTESIAN_POINT('',(0.939600000158595,3.14159265359));
#5608=CARTESIAN_POINT('',(14.0352408031456,-2.854722623867,-1.50349673209769));
#5609=CARTESIAN_POINT('',(14.0352408031456,-2.854722623867,-1.80349673224169));
#5610=CARTESIAN_POINT('',(0.939600000158595,3.14159265359));
#5611=CARTESIAN_POINT('',(0.639600000014406,3.14159265359));
#5612=CARTESIAN_POINT('',(-0.837124668183,0.699600000001));
#5613=CARTESIAN_POINT('',(-0.837124668183,1.599600000001));
#5614=CARTESIAN_POINT('',(-0.630284060747,0.699600000001));
#5615=CARTESIAN_POINT('',(-0.837124668183,0.699600000001));
#5616=CARTESIAN_POINT('',(12.9852408031455,-3.00472262386704,-1.59665612480578));
#5617=CARTESIAN_POINT('',(13.0989220420336,-3.00472262386697,-1.65349673209865));
#5618=CARTESIAN_POINT('',(13.1973728374996,-3.00472262386692,-1.65349673209855));
#5619=CARTESIAN_POINT('',(-0.630284060747,0.699600000001));
#5620=CARTESIAN_POINT('',(-0.687124668040001,0.813281238889));
#5621=CARTESIAN_POINT('',(-0.687124668040001,0.911732034355));
#5622=CARTESIAN_POINT('',(13.1973728374996,-3.00472262386692,-1.65349673209855));
#5623=CARTESIAN_POINT('',(13.6731087687885,-3.00472262386693,-1.65349673209857));
#5624=CARTESIAN_POINT('',(-0.687124668040001,0.911732034355));
#5625=CARTESIAN_POINT('',(-0.687124668040001,1.387467965644));
#5626=CARTESIAN_POINT('',(13.6731087687885,-3.00472262386693,-1.65349673209857));
#5627=CARTESIAN_POINT('',(13.7715595923155,-3.00472262386697,-1.65349671806764));
#5628=CARTESIAN_POINT('',(13.8852408031456,-3.00472262386702,-1.59665612480273));
#5629=CARTESIAN_POINT('',(-0.687124668040001,1.387467965644));
#5630=CARTESIAN_POINT('',(-0.687124654009,1.485918789171));
#5631=CARTESIAN_POINT('',(-0.630284060744,1.599600000001));
#5632=CARTESIAN_POINT('',(-0.837124668183,1.599600000001));
#5633=CARTESIAN_POINT('',(-0.630284060744,1.599600000001));
#5634=CARTESIAN_POINT('',(1.95728114546441,4.1766196056179));
#5635=CARTESIAN_POINT('',(1.91935141504578,4.00416617231935));
#5636=CARTESIAN_POINT('',(1.86464176964162,3.84182452536331));
#5637=CARTESIAN_POINT('',(1.80198971840119,3.67736202834398));
#5638=CARTESIAN_POINT('',(13.6731087687885,-3.00472262386693,-1.65349673209857));
#5639=CARTESIAN_POINT('',(14.0731087687886,-3.40472262386788,-1.25349673209762));
#5640=CARTESIAN_POINT('',(1.95728114546441,4.1766196056179));
#5641=CARTESIAN_POINT('',(1.26446082243568,4.17661960562052));
#5642=CARTESIAN_POINT('',(14.0731087687886,-3.40472262386788,-1.25349673209762));
#5643=CARTESIAN_POINT('',(14.1715596036107,-3.40472260881189,-1.25349673209766));
#5644=CARTESIAN_POINT('',(14.2284001958497,-3.34788201657389,-1.25349673209769));
#5645=CARTESIAN_POINT('',(14.285240788088,-3.2910414243349,-1.25349673209773));
#5646=CARTESIAN_POINT('',(14.2852408031444,-3.19259058951191,-1.25349673209777));
#5647=CARTESIAN_POINT('',(1.26446082243568,4.17661960562052));
#5648=CARTESIAN_POINT('',(1.22773234656339,4.0096277894089));
#5649=CARTESIAN_POINT('',(1.20762021514068,3.84871697620686));
#5650=CARTESIAN_POINT('',(1.20762021514105,3.67736202834853));
#5651=CARTESIAN_POINT('',(1.20762021514144,3.49577111242293));
#5652=CARTESIAN_POINT('',(1.23053856108594,3.31920923941496));
#5653=CARTESIAN_POINT('',(1.2644608224354,3.14159265358907));
#5654=CARTESIAN_POINT('',(14.2852408031444,-3.19259058951191,-1.25349673209777));
#5655=CARTESIAN_POINT('',(14.0177213290322,-2.9250711153981,-1.5210162062104));
#5656=CARTESIAN_POINT('',(1.2644608224354,3.14159265358907));
#5657=CARTESIAN_POINT('',(1.72781814361302,3.14159265358395));
#5658=CARTESIAN_POINT('',(14.0177213290322,-2.9250711153981,-1.5210162062104));
#5659=CARTESIAN_POINT('',(14.0064703619995,-2.94625897009307,-1.53226717085452));
#5660=CARTESIAN_POINT('',(13.990451414472,-2.96412478808137,-1.54327679783215));
#5661=CARTESIAN_POINT('',(13.959113110309,-2.98572389897381,-1.56073424178022));
#5662=CARTESIAN_POINT('',(13.9469524672081,-2.99191954563125,-1.566825048117));
#5663=CARTESIAN_POINT('',(13.9177682293619,-3.00199483275075,-1.58096515801039));
#5664=CARTESIAN_POINT('',(13.9018519326531,-3.00472262386696,-1.58835056004899));
#5665=CARTESIAN_POINT('',(13.8852408031456,-3.00472262386702,-1.59665612480273));
#5666=CARTESIAN_POINT('',(1.72781814361302,3.14159265358395));
#5667=CARTESIAN_POINT('',(1.7285963473176,3.24217862322463));
#5668=CARTESIAN_POINT('',(1.73429508081917,3.34546795022405));
#5669=CARTESIAN_POINT('',(1.74797189695464,3.44527042768176));
#5670=CARTESIAN_POINT('',(1.75382588416371,3.48798814945881));
#5671=CARTESIAN_POINT('',(1.761142374502,3.5303124482608));
#5672=CARTESIAN_POINT('',(1.77087040222834,3.57234606755704));
#5673=CARTESIAN_POINT('',(1.77913271650849,3.60804651812398));
#5674=CARTESIAN_POINT('',(1.78891770428023,3.64304781376268));
#5675=CARTESIAN_POINT('',(1.80198971840119,3.67736202834398));
#5676=CARTESIAN_POINT('',(14.2852408031444,-3.19259058951191,-1.25349673209777));
#5677=CARTESIAN_POINT('',(14.2852408031461,-2.41685465822204,-1.25349673209765));
#5678=CARTESIAN_POINT('',(-0.899937554473556,-1.462909524418));
#5679=CARTESIAN_POINT('',(-0.899937554472199,-0.687173593128));
#5680=CARTESIAN_POINT('',(14.2852408031461,-2.41685465822204,-1.25349673209765));
#5681=CARTESIAN_POINT('',(14.0177213290327,-2.68437413233595,-1.52101620621087));
#5682=CARTESIAN_POINT('',(-0.899937554472199,-0.687173593128));
#5683=CARTESIAN_POINT('',(-1.2782672229621,-0.954693067242));
#5684=CARTESIAN_POINT('',(-1.25349094506586,-1.025041558773));
#5685=CARTESIAN_POINT('',(-1.25349094506585,-0.987685802313001));
#5686=CARTESIAN_POINT('',(-1.2782672229621,-0.954693067242));
#5687=CARTESIAN_POINT('',(14.0352408031456,-2.754722623867,-1.50349673209769));
#5688=CARTESIAN_POINT('',(14.0352408031456,-2.854722623867,-1.50349673209769));
#5689=CARTESIAN_POINT('',(-1.25349094506586,-1.025041558773));
#5690=CARTESIAN_POINT('',(-1.25349094506586,-1.125041558773));
#5691=CARTESIAN_POINT('',(-1.2782672229621,-1.195390050304));
#5692=CARTESIAN_POINT('',(-1.25349094506585,-1.162397315233));
#5693=CARTESIAN_POINT('',(-1.25349094506586,-1.125041558773));
#5694=CARTESIAN_POINT('',(-0.899937554473556,-1.462909524418));
#5695=CARTESIAN_POINT('',(-1.2782672229621,-1.195390050304));
#5696=CARTESIAN_POINT('',(14.0731087687896,-2.20472262386626,-1.25349673209748));
#5697=CARTESIAN_POINT('',(13.6731087687895,-2.60472262386721,-1.65349673209842));
#5698=CARTESIAN_POINT('',(1.88079347818066,4.17661960562691));
#5699=CARTESIAN_POINT('',(1.18797315515194,4.17661960562428));
#5700=CARTESIAN_POINT('',(1.34326458221379,3.67736202835194));
#5701=CARTESIAN_POINT('',(1.28061253562552,3.84182451315928));
#5702=CARTESIAN_POINT('',(1.22590287530568,4.00416618212993));
#5703=CARTESIAN_POINT('',(1.18797315515194,4.17661960562428));
#5704=CARTESIAN_POINT('',(13.8852408031456,-2.60472262386695,-1.59665612480378));
#5705=CARTESIAN_POINT('',(13.9018492994492,-2.60472262386695,-1.58835187665196));
#5706=CARTESIAN_POINT('',(13.9177633057643,-2.60744960682019,-1.58096745022972));
#5707=CARTESIAN_POINT('',(13.9469434833725,-2.61752186192266,-1.5668294787058));
#5708=CARTESIAN_POINT('',(13.9591028076274,-2.62371576846041,-1.56073953183357));
#5709=CARTESIAN_POINT('',(13.9904454748076,-2.64531375884795,-1.54328088072358));
#5710=CARTESIAN_POINT('',(14.006467999309,-2.6631818366451,-1.53226953354524));
#5711=CARTESIAN_POINT('',(14.0177213290327,-2.68437413233595,-1.52101620621087));
#5712=CARTESIAN_POINT('',(1.34326458221379,3.67736202835194));
#5713=CARTESIAN_POINT('',(1.35633659313575,3.64304782216794));
#5714=CARTESIAN_POINT('',(1.36612157916496,3.60804653518052));
#5715=CARTESIAN_POINT('',(1.3743838919566,3.57234609343001));
#5716=CARTESIAN_POINT('',(1.38411191864303,3.53031248143488));
#5717=CARTESIAN_POINT('',(1.39142840816753,3.48798818993026));
#5718=CARTESIAN_POINT('',(1.39728239489372,3.44527047550745));
#5719=CARTESIAN_POINT('',(1.41095921467372,3.34546798040436));
#5720=CARTESIAN_POINT('',(1.41665794796789,3.24217864083691));
#5721=CARTESIAN_POINT('',(1.41743615700225,3.14159265358848));
#5722=CARTESIAN_POINT('',(1.88079347818097,3.1415926535907));
#5723=CARTESIAN_POINT('',(1.41743615700225,3.14159265358848));
#5724=CARTESIAN_POINT('',(14.2852408031461,-2.41685465822204,-1.25349673209765));
#5725=CARTESIAN_POINT('',(14.2852408031465,-2.31840383845509,-1.25349673209761));
#5726=CARTESIAN_POINT('',(14.2284001958516,-2.26156323116115,-1.25349673209757));
#5727=CARTESIAN_POINT('',(14.1715595885576,-2.20472262386621,-1.25349673209752));
#5728=CARTESIAN_POINT('',(14.0731087687896,-2.20472262386626,-1.25349673209748));
#5729=CARTESIAN_POINT('',(1.88079347818097,3.1415926535907));
#5730=CARTESIAN_POINT('',(1.91471574727399,3.31920923921604));
#5731=CARTESIAN_POINT('',(1.93763408547477,3.49577111242653));
#5732=CARTESIAN_POINT('',(1.93763408547508,3.67736202835308));
#5733=CARTESIAN_POINT('',(1.93763408547537,3.84871698184721));
#5734=CARTESIAN_POINT('',(1.91752196365566,4.00962778406182));
#5735=CARTESIAN_POINT('',(1.88079347818066,4.17661960562691));
#5736=CARTESIAN_POINT('',(14.0731087687896,-2.20472262386626,-1.25349673209748));
#5737=CARTESIAN_POINT('',(12.7973728375015,-2.20472262386627,-1.25349673209748));
#5738=CARTESIAN_POINT('',(0.918673130116853,2.012909524417));
#5739=CARTESIAN_POINT('',(0.918673130116853,0.737173593129));
#5740=CARTESIAN_POINT('',(12.7973728375015,-2.20472262386627,-1.25349673209748));
#5741=CARTESIAN_POINT('',(13.1973728375016,-2.60472262386721,-1.65349673209842));
#5742=CARTESIAN_POINT('',(0.918673130116853,0.737173593129));
#5743=CARTESIAN_POINT('',(1.48435855506751,1.137173593129));
#5744=CARTESIAN_POINT('',(1.48435855506751,1.612909524417));
#5745=CARTESIAN_POINT('',(1.48435855506751,1.137173593129));
#5746=CARTESIAN_POINT('',(0.918673130116853,2.012909524417));
#5747=CARTESIAN_POINT('',(1.48435855506751,1.612909524417));
#5748=CARTESIAN_POINT('',(1.95728114546506,4.17661960562428));
#5749=CARTESIAN_POINT('',(1.91935142531132,4.00416618212994));
#5750=CARTESIAN_POINT('',(1.86464176499147,3.84182451315927));
#5751=CARTESIAN_POINT('',(1.80198971840321,3.67736202835194));
#5752=CARTESIAN_POINT('',(1.26446082243634,4.17661960562691));
#5753=CARTESIAN_POINT('',(1.95728114546506,4.17661960562428));
#5754=CARTESIAN_POINT('',(12.7973728375015,-2.20472262386627,-1.25349673209748));
#5755=CARTESIAN_POINT('',(12.6989220177336,-2.20472262386621,-1.25349673209748));
#5756=CARTESIAN_POINT('',(12.6420814104396,-2.26156323116115,-1.25349673209749));
#5757=CARTESIAN_POINT('',(12.5852408031447,-2.31840383845508,-1.2534967320975));
#5758=CARTESIAN_POINT('',(12.5852408031447,-2.41685465822203,-1.25349673209751));
#5759=CARTESIAN_POINT('',(1.26446082243634,4.17661960562691));
#5760=CARTESIAN_POINT('',(1.22773233696048,4.00962778405792));
#5761=CARTESIAN_POINT('',(1.2076202151423,3.8487169818499));
#5762=CARTESIAN_POINT('',(1.20762021514192,3.67736202835194));
#5763=CARTESIAN_POINT('',(1.20762021514151,3.49577111242541));
#5764=CARTESIAN_POINT('',(1.23053855334296,3.3192092392152));
#5765=CARTESIAN_POINT('',(1.26446082243576,3.14159265359));
#5766=CARTESIAN_POINT('',(12.5852408031447,-2.41685465822203,-1.25349673209751));
#5767=CARTESIAN_POINT('',(12.8527602772584,-2.68437413233596,-1.52101620621087));
#5768=CARTESIAN_POINT('',(1.26446082243576,3.14159265359));
#5769=CARTESIAN_POINT('',(1.72781814361475,3.14159265358849));
#5770=CARTESIAN_POINT('',(12.8527602772584,-2.68437413233596,-1.52101620621087));
#5771=CARTESIAN_POINT('',(12.8640112442911,-2.66318627764061,-1.53226717085501));
#5772=CARTESIAN_POINT('',(12.8800301918188,-2.64532045965218,-1.54327679783285));
#5773=CARTESIAN_POINT('',(12.9113684959818,-2.62372134875989,-1.56073424178105));
#5774=CARTESIAN_POINT('',(12.9235291390828,-2.6175257021025,-1.56682504811788));
#5775=CARTESIAN_POINT('',(12.9527133769291,-2.60745041498312,-1.58096515801137));
#5776=CARTESIAN_POINT('',(12.968629673638,-2.60472262386695,-1.58835056005001));
#5777=CARTESIAN_POINT('',(12.9852408031455,-2.60472262386695,-1.59665612480378));
#5778=CARTESIAN_POINT('',(1.72781814361475,3.14159265358849));
#5779=CARTESIAN_POINT('',(1.7285963473191,3.24217862323016));
#5780=CARTESIAN_POINT('',(1.73429508082062,3.34546795022938));
#5781=CARTESIAN_POINT('',(1.74797189695629,3.44527042768808));
#5782=CARTESIAN_POINT('',(1.75382588416543,3.48798814946549));
#5783=CARTESIAN_POINT('',(1.76114237450381,3.53031244826784));
#5784=CARTESIAN_POINT('',(1.77087040223024,3.57234606756444));
#5785=CARTESIAN_POINT('',(1.77913271651045,3.60804651813156));
#5786=CARTESIAN_POINT('',(1.78891770428222,3.64304781377045));
#5787=CARTESIAN_POINT('',(1.80198971840321,3.67736202835194));
#5788=CARTESIAN_POINT('',(-1.25349094506727,-1.025041558773));
#5789=CARTESIAN_POINT('',(-1.25349094506798,-0.987685812138));
#5790=CARTESIAN_POINT('',(-1.27826722296352,-0.954693067243));
#5791=CARTESIAN_POINT('',(-1.25349094506727,-1.125041558773));
#5792=CARTESIAN_POINT('',(-1.25349094506727,-1.025041558773));
#5793=CARTESIAN_POINT('',(-1.27826722296352,-1.195390050304));
#5794=CARTESIAN_POINT('',(-1.25349094506727,-1.162397305408));
#5795=CARTESIAN_POINT('',(-1.25349094506727,-1.125041558773));
#5796=CARTESIAN_POINT('',(-0.899937554473287,-1.462909524418));
#5797=CARTESIAN_POINT('',(-1.27826722296352,-1.195390050304));
#5798=CARTESIAN_POINT('',(12.5852408031447,-2.41685465822203,-1.25349673209751));
#5799=CARTESIAN_POINT('',(12.5852408031428,-3.19259058951103,-1.25349673209747));
#5800=CARTESIAN_POINT('',(-0.899937554473287,-1.462909524418));
#5801=CARTESIAN_POINT('',(-0.899937554471872,-0.687173593129));
#5802=CARTESIAN_POINT('',(12.5852408031428,-3.19259058951103,-1.25349673209747));
#5803=CARTESIAN_POINT('',(12.8527602772576,-2.92507111539691,-1.52101620621175));
#5804=CARTESIAN_POINT('',(-0.899937554471872,-0.687173593129));
#5805=CARTESIAN_POINT('',(-1.27826722296352,-0.954693067243));
#5806=CARTESIAN_POINT('',(12.7973728374995,-3.40472262386787,-1.25349673209761));
#5807=CARTESIAN_POINT('',(13.1973728374996,-3.00472262386692,-1.65349673209855));
#5808=CARTESIAN_POINT('',(1.88079347818216,4.17661960563095));
#5809=CARTESIAN_POINT('',(1.18797315515352,4.17661960562829));
#5810=CARTESIAN_POINT('',(1.34326458221314,3.6773620283599));
#5811=CARTESIAN_POINT('',(1.28061253562574,3.84182451316579));
#5812=CARTESIAN_POINT('',(1.22590287530683,4.0041661821356));
#5813=CARTESIAN_POINT('',(1.18797315515352,4.17661960562829));
#5814=CARTESIAN_POINT('',(12.9852408031455,-3.00472262386704,-1.59665612480578));
#5815=CARTESIAN_POINT('',(12.9665419200761,-3.00472262386702,-1.58730668327101));
#5816=CARTESIAN_POINT('',(12.9508311083202,-3.00134423016548,-1.58005309425904));
#5817=CARTESIAN_POINT('',(12.9227383393012,-2.99164732084937,-1.56644197873558));
#5818=CARTESIAN_POINT('',(12.9106096749375,-2.98519948204173,-1.56031111064455));
#5819=CARTESIAN_POINT('',(12.878536582072,-2.96309816094391,-1.54244559412224));
#5820=CARTESIAN_POINT('',(12.8630498001551,-2.94444837328343,-1.53130572910947));
#5821=CARTESIAN_POINT('',(12.8527602772576,-2.92507111539691,-1.52101620621175));
#5822=CARTESIAN_POINT('',(1.34326458221314,3.6773620283599));
#5823=CARTESIAN_POINT('',(1.35633659313524,3.64304782217546));
#5824=CARTESIAN_POINT('',(1.36612157916457,3.6080465351876));
#5825=CARTESIAN_POINT('',(1.3743838919563,3.57234609343665));
#5826=CARTESIAN_POINT('',(1.38411191864281,3.53031248144112));
#5827=CARTESIAN_POINT('',(1.39142840816739,3.4879881899361));
#5828=CARTESIAN_POINT('',(1.39728239489363,3.44527047551288));
#5829=CARTESIAN_POINT('',(1.41095921467363,3.34546798040955));
#5830=CARTESIAN_POINT('',(1.41665794796795,3.24217864084102));
#5831=CARTESIAN_POINT('',(1.4174361570023,3.14159265359234));
#5832=CARTESIAN_POINT('',(1.88079347818246,3.14159265359061));
#5833=CARTESIAN_POINT('',(1.4174361570023,3.14159265359234));
#5834=CARTESIAN_POINT('',(12.5852408031428,-3.19259058951103,-1.25349673209747));
#5835=CARTESIAN_POINT('',(12.5852408031407,-3.29104140927899,-1.2534967320975));
#5836=CARTESIAN_POINT('',(12.6420814104357,-3.34788201657295,-1.25349673209754));
#5837=CARTESIAN_POINT('',(12.6989220177306,-3.40472262386891,-1.25349673209758));
#5838=CARTESIAN_POINT('',(12.7973728374995,-3.40472262386787,-1.25349673209761));
#5839=CARTESIAN_POINT('',(1.88079347818246,3.14159265359061));
#5840=CARTESIAN_POINT('',(1.91471574727634,3.31920923921631));
#5841=CARTESIAN_POINT('',(1.93763408547779,3.49577111242708));
#5842=CARTESIAN_POINT('',(1.93763408547786,3.67736202835422));
#5843=CARTESIAN_POINT('',(1.93763408547792,3.84871698184951));
#5844=CARTESIAN_POINT('',(1.9175219636579,4.00962778406481));
#5845=CARTESIAN_POINT('',(1.88079347818216,4.17661960563095));
#5846=CARTESIAN_POINT('',(12.7973728374995,-3.40472262386787,-1.25349673209761));
#5847=CARTESIAN_POINT('',(14.0731087687886,-3.40472262386788,-1.25349673209762));
#5848=CARTESIAN_POINT('',(-0.918673130116854,-2.012909524418));
#5849=CARTESIAN_POINT('',(-0.918673130116854,-0.737173593129));
#5850=CARTESIAN_POINT('',(-1.48435855506751,-1.137173593129));
#5851=CARTESIAN_POINT('',(-0.918673130116854,-0.737173593129));
#5852=CARTESIAN_POINT('',(-1.48435855506751,-1.612909524418));
#5853=CARTESIAN_POINT('',(-1.48435855506751,-1.137173593129));
#5854=CARTESIAN_POINT('',(-0.918673130116854,-2.012909524418));
#5855=CARTESIAN_POINT('',(-1.48435855506751,-1.612909524418));
#5856=CARTESIAN_POINT('',(13.4352408031456,-1.54857427199581,-1.25349673209761));
#5857=CARTESIAN_POINT('',(12.1790924512743,-1.54857427199581,-1.25349673209761));
#5858=CARTESIAN_POINT('',(12.1790924512743,-2.804722623867,-1.25349673209761));
#5859=CARTESIAN_POINT('',(12.1790924512743,-4.06087097573819,-1.25349673209761));
#5860=CARTESIAN_POINT('',(13.4352408031456,-4.06087097573819,-1.25349673209761));
#5861=CARTESIAN_POINT('',(-0.860829670374,2.116978022245));
#5862=CARTESIAN_POINT('',(-0.860829670374,3.373126374116));
#5863=CARTESIAN_POINT('',(-2.116978022245,3.373126374116));
#5864=CARTESIAN_POINT('',(-3.373126374116,3.373126374116));
#5865=CARTESIAN_POINT('',(-3.373126374116,2.116978022245));
#5866=CARTESIAN_POINT('',(13.4352408031456,-4.06087097573819,-1.25349673209761));
#5867=CARTESIAN_POINT('',(14.6913891550169,-4.06087097573819,-1.25349673209761));
#5868=CARTESIAN_POINT('',(14.6913891550168,-2.804722623867,-1.25349673209761));
#5869=CARTESIAN_POINT('',(14.6913891550169,-1.54857427199581,-1.25349673209761));
#5870=CARTESIAN_POINT('',(13.4352408031456,-1.54857427199581,-1.25349673209761));
#5871=CARTESIAN_POINT('',(-3.373126374116,2.116978022245));
#5872=CARTESIAN_POINT('',(-3.373126374116,0.860829670374));
#5873=CARTESIAN_POINT('',(-2.116978022245,0.860829670374));
#5874=CARTESIAN_POINT('',(-0.860829670374,0.860829670374));
#5875=CARTESIAN_POINT('',(-0.860829670374,2.116978022245));
#5876=CARTESIAN_POINT('',(-2.716978022246,2.754845987891));
#5877=CARTESIAN_POINT('',(-2.716978022246,1.479110056602));
#5878=CARTESIAN_POINT('',(-2.504845987889,2.966978022248));
#5879=CARTESIAN_POINT('',(-2.603296807657,2.96697802225));
#5880=CARTESIAN_POINT('',(-2.660137414951,2.910137414955));
#5881=CARTESIAN_POINT('',(-2.716978022247,2.85329680766));
#5882=CARTESIAN_POINT('',(-2.716978022246,2.754845987891));
#5883=CARTESIAN_POINT('',(-1.7291100566,2.966978022246));
#5884=CARTESIAN_POINT('',(-2.504845987889,2.966978022248));
#5885=CARTESIAN_POINT('',(-1.516978022244,2.754845987889));
#5886=CARTESIAN_POINT('',(-1.516978022244,2.853296807657));
#5887=CARTESIAN_POINT('',(-1.573818629539,2.910137414951));
#5888=CARTESIAN_POINT('',(-1.630659236833,2.966978022246));
#5889=CARTESIAN_POINT('',(-1.7291100566,2.966978022246));
#5890=CARTESIAN_POINT('',(-1.516978022244,1.479110056601));
#5891=CARTESIAN_POINT('',(-1.516978022244,2.754845987889));
#5892=CARTESIAN_POINT('',(-1.7291100566,1.26697802224446));
#5893=CARTESIAN_POINT('',(-1.630659236833,1.26697802224404));
#5894=CARTESIAN_POINT('',(-1.573818629539,1.323818629539));
#5895=CARTESIAN_POINT('',(-1.516978022244,1.380659236833));
#5896=CARTESIAN_POINT('',(-1.516978022244,1.479110056601));
#5897=CARTESIAN_POINT('',(-2.50484598789,1.26697802224638));
#5898=CARTESIAN_POINT('',(-1.7291100566,1.26697802224446));
#5899=CARTESIAN_POINT('',(-2.716978022246,1.479110056602));
#5900=CARTESIAN_POINT('',(-2.71697800719,1.38065922178));
#5901=CARTESIAN_POINT('',(-2.660137414952,1.323818629541));
#5902=CARTESIAN_POINT('',(-2.603296822713,1.26697803730273));
#5903=CARTESIAN_POINT('',(-2.50484598789,1.26697802224638));
#5904=CARTESIAN_POINT('',(13.4352408031456,-4.25472262386705,-1.73812585241967));
#5905=CARTESIAN_POINT('',(13.4352408031456,-4.06087097573819,-1.25349673209761));
#5906=CARTESIAN_POINT('',(1.570796326795,3.90424448517381));
#5907=CARTESIAN_POINT('',(1.570796326795,3.38228294851957));
#5908=CARTESIAN_POINT('',(4.712388980385,3.38228294851957));
#5909=CARTESIAN_POINT('',(1.570796326795,3.38228294851957));
#5910=CARTESIAN_POINT('',(13.4352408031456,-1.54857427199581,-1.25349673209761));
#5911=CARTESIAN_POINT('',(13.4352408031456,-1.35472262386695,-1.73812585241967));
#5912=CARTESIAN_POINT('',(4.712388980385,3.38228294851957));
#5913=CARTESIAN_POINT('',(4.712388980385,3.90424448517381));
#5914=CARTESIAN_POINT('',(13.4352408031456,-1.35472262386695,-1.73812585241967));
#5915=CARTESIAN_POINT('',(11.9852408031456,-1.35472262386698,-1.73812585241967));
#5916=CARTESIAN_POINT('',(11.9852408031455,-2.804722623867,-1.73812585241968));
#5917=CARTESIAN_POINT('',(4.712388980385,3.90424448517381));
#5918=CARTESIAN_POINT('',(3.14159265359,3.90424448517381));
#5919=CARTESIAN_POINT('',(11.9852408031455,-2.804722623867,-1.73812585241968));
#5920=CARTESIAN_POINT('',(11.9852408031455,-4.25472262386706,-1.73812585241967));
#5921=CARTESIAN_POINT('',(13.4352408031456,-4.25472262386705,-1.73812585241967));
#5922=CARTESIAN_POINT('',(3.14159265359,3.90424448517381));
#5923=CARTESIAN_POINT('',(1.570796326795,3.90424448517381));
#5924=CARTESIAN_POINT('',(14.8852408031456,-2.804722623867,-1.73812585241968));
#5925=CARTESIAN_POINT('',(14.8852408031456,-1.35472262386698,-1.73812585241967));
#5926=CARTESIAN_POINT('',(13.4352408031456,-1.35472262386695,-1.73812585241967));
#5927=CARTESIAN_POINT('',(3.14159265359,3.90424448517381));
#5928=CARTESIAN_POINT('',(1.570796326795,3.90424448517381));
#5929=CARTESIAN_POINT('',(1.570796326795,3.38228294851957));
#5930=CARTESIAN_POINT('',(1.570796326795,3.90424448517381));
#5931=CARTESIAN_POINT('',(4.712388980385,3.38228294851957));
#5932=CARTESIAN_POINT('',(1.570796326795,3.38228294851957));
#5933=CARTESIAN_POINT('',(4.712388980385,3.90424448517381));
#5934=CARTESIAN_POINT('',(4.712388980385,3.38228294851957));
#5935=CARTESIAN_POINT('',(13.4352408031456,-4.25472262386705,-1.73812585241967));
#5936=CARTESIAN_POINT('',(14.8852408031456,-4.25472262386706,-1.73812585241967));
#5937=CARTESIAN_POINT('',(14.8852408031456,-2.804722623867,-1.73812585241968));
#5938=CARTESIAN_POINT('',(4.712388980385,3.90424448517381));
#5939=CARTESIAN_POINT('',(3.14159265359,3.90424448517381));
#5940=CARTESIAN_POINT('',(15.7102408031456,-1.129722623867,-4.10349673224169));
#5941=CARTESIAN_POINT('',(6.81024080314557,-1.129722623867,-4.10349673224169));
#5942=CARTESIAN_POINT('',(-2.2596,10.3996));
#5943=CARTESIAN_POINT('',(-2.2596,1.4996));
#5944=CARTESIAN_POINT('',(-0.759600000000001,1.4996));
#5945=CARTESIAN_POINT('',(-2.2596,1.4996));
#5946=CARTESIAN_POINT('',(6.81024080314557,-1.129722623867,-2.60349673224169));
#5947=CARTESIAN_POINT('',(15.7102408031456,-1.129722623867,-2.60349673224169));
#5948=CARTESIAN_POINT('',(-0.759600000000001,1.4996));
#5949=CARTESIAN_POINT('',(-0.759600000000001,10.3996));
#5950=CARTESIAN_POINT('',(15.7102408031456,-1.129722623867,-2.60349673224169));
#5951=CARTESIAN_POINT('',(15.7102408031456,-1.129722623867,-4.10349673224169));
#5952=CARTESIAN_POINT('',(-0.759600000000001,10.3996));
#5953=CARTESIAN_POINT('',(-2.2596,10.3996));
#5954=CARTESIAN_POINT('',(4.81024080314557,-5.68482777190599,-3.9480463078638));
#5955=CARTESIAN_POINT('',(4.81024080314557,-5.00461747582799,-3.9480463078638));
#5956=CARTESIAN_POINT('',(-2.333494851961,-2.10414957562211));
#5957=CARTESIAN_POINT('',(-2.56023156326208,-2.10414957562211));
#5958=CARTESIAN_POINT('',(-2.78696827456315,-2.10414957562211));
#5959=CARTESIAN_POINT('',(-3.013705148039,-2.10414957562211));
#5960=CARTESIAN_POINT('',(4.81024080314557,-5.00461747582799,-3.9480463078638));
#5961=CARTESIAN_POINT('',(4.81024080314557,-5.004617475828,-4.00349673224169));
#5962=CARTESIAN_POINT('',(-3.013705148039,-2.10414957562211));
#5963=CARTESIAN_POINT('',(-3.013705148039,-2.1596));
#5964=CARTESIAN_POINT('',(4.81024080314557,-5.004617475828,-4.00349673224169));
#5965=CARTESIAN_POINT('',(4.81024080314557,-5.684827771906,-4.00349673224169));
#5966=CARTESIAN_POINT('',(-3.013705148039,-2.1596));
#5967=CARTESIAN_POINT('',(-2.333494851961,-2.1596));
#5968=CARTESIAN_POINT('',(4.81024080314557,-5.684827771906,-4.00349673224169));
#5969=CARTESIAN_POINT('',(4.81024080314557,-5.68482777190599,-3.9480463078638));
#5970=CARTESIAN_POINT('',(-2.333494851961,-2.1596));
#5971=CARTESIAN_POINT('',(-2.333494851961,-2.10414957562211));
#5972=CARTESIAN_POINT('',(15.7102408031456,-3.654722623867,-3.10349673224169));
#5973=CARTESIAN_POINT('',(15.7102408031456,-3.654722623867,-2.60349673224169));
#5974=CARTESIAN_POINT('',(-3.4846,-1.2596));
#5975=CARTESIAN_POINT('',(-3.4846,-0.759600000000001));
#5976=CARTESIAN_POINT('',(15.7102408031456,-3.654722623867,-2.60349673224169));
#5977=CARTESIAN_POINT('',(15.7102408031456,-4.629722623867,-2.60349673224169));
#5978=CARTESIAN_POINT('',(-3.4846,-0.759600000000001));
#5979=CARTESIAN_POINT('',(-4.4596,-0.759600000000001));
#5980=CARTESIAN_POINT('',(-4.4596,-2.2596));
#5981=CARTESIAN_POINT('',(-4.4596,-0.759600000000001));
#5982=CARTESIAN_POINT('',(15.7102408031455,-4.629722623867,-4.10349673224169));
#5983=CARTESIAN_POINT('',(15.7102408031456,-3.654722623867,-4.10349673224169));
#5984=CARTESIAN_POINT('',(-4.4596,-2.2596));
#5985=CARTESIAN_POINT('',(-3.4846,-2.2596));
#5986=CARTESIAN_POINT('',(15.7102408031456,-3.654722623867,-4.10349673224169));
#5987=CARTESIAN_POINT('',(15.7102408031456,-3.654722623867,-3.10349673224169));
#5988=CARTESIAN_POINT('',(-3.4846,-2.2596));
#5989=CARTESIAN_POINT('',(-3.4846,-1.2596));
#5990=CARTESIAN_POINT('',(10.5802408031456,-5.129722623867,-2.60349673224169));
#5991=CARTESIAN_POINT('',(8.96588215459343,-5.12972262386696,-2.60349673224169));
#5992=CARTESIAN_POINT('',(8.4815745600283,-6.66972262386692,-2.60349673224169));
#5993=CARTESIAN_POINT('',(2.2596,1.570796326795));
#5994=CARTESIAN_POINT('',(2.2596,2.82091543673511));
#5995=CARTESIAN_POINT('',(0.7596,2.82091543673511));
#5996=CARTESIAN_POINT('',(2.2596,2.82091543673511));
#5997=CARTESIAN_POINT('',(8.48157456002812,-6.66972262386687,-4.10349673224169));
#5998=CARTESIAN_POINT('',(8.96588215459337,-5.12972262386693,-4.10349673224169));
#5999=CARTESIAN_POINT('',(10.5802408031456,-5.1297226238669,-4.10349673224169));
#6000=CARTESIAN_POINT('',(0.7596,2.82091543673511));
#6001=CARTESIAN_POINT('',(0.7596,1.570796326795));
#6002=CARTESIAN_POINT('',(2.2596,1.570796326795));
#6003=CARTESIAN_POINT('',(0.7596,1.570796326795));
#6004=CARTESIAN_POINT('',(3.01024080314557,-6.184722623867,-2.45404905602122));
#6005=CARTESIAN_POINT('',(3.01024080314557,-4.504722623867,-2.45404905602122));
#6006=CARTESIAN_POINT('',(-12.56,0.));
#6007=CARTESIAN_POINT('',(-10.88,0.));
#6008=CARTESIAN_POINT('',(3.01024080314557,-4.504722623867,-2.45404905602122));
#6009=CARTESIAN_POINT('',(3.01024080314557,-4.504722623867,-3.9480463078638));
#6010=CARTESIAN_POINT('',(-10.88,0.));
#6011=CARTESIAN_POINT('',(-10.88,1.49399725184257));
#6012=CARTESIAN_POINT('',(3.01024080314557,-4.504722623867,-3.9480463078638));
#6013=CARTESIAN_POINT('',(3.01024080314557,-6.184722623867,-3.9480463078638));
#6014=CARTESIAN_POINT('',(-10.88,1.49399725184257));
#6015=CARTESIAN_POINT('',(-12.56,1.49399725184257));
#6016=CARTESIAN_POINT('',(3.01024080314557,-6.184722623867,-3.9480463078638));
#6017=CARTESIAN_POINT('',(3.01024080314557,-6.184722623867,-2.45404905602122));
#6018=CARTESIAN_POINT('',(-12.56,1.49399725184257));
#6019=CARTESIAN_POINT('',(-12.56,0.));
#6020=CARTESIAN_POINT('',(4.81024080314557,-4.504722623867,-2.45404905602122));
#6021=CARTESIAN_POINT('',(4.81024080314557,-4.504722623867,-2.60349673224169));
#6022=CARTESIAN_POINT('',(-9.08,0.));
#6023=CARTESIAN_POINT('',(-9.08,0.149447676220466));
#6024=CARTESIAN_POINT('',(4.81024080314557,-4.504722623867,-2.60349673224169));
#6025=CARTESIAN_POINT('',(4.81024080314557,-4.504722623867,-3.10349673224169));
#6026=CARTESIAN_POINT('',(-9.08,0.149447676220466));
#6027=CARTESIAN_POINT('',(-9.08,0.649447676220466));
#6028=CARTESIAN_POINT('',(4.81024080314557,-4.504722623867,-3.10349673224169));
#6029=CARTESIAN_POINT('',(4.81024080314557,-4.504722623867,-3.9480463078638));
#6030=CARTESIAN_POINT('',(-9.08,0.649447676220466));
#6031=CARTESIAN_POINT('',(-9.08,1.49399725184257));
#6032=CARTESIAN_POINT('',(4.81024080314557,-4.504722623867,-3.9480463078638));
#6033=CARTESIAN_POINT('',(3.01024080314557,-4.504722623867,-3.9480463078638));
#6034=CARTESIAN_POINT('',(-9.08,1.49399725184257));
#6035=CARTESIAN_POINT('',(-10.88,1.49399725184257));
#6036=CARTESIAN_POINT('',(-10.88,0.));
#6037=CARTESIAN_POINT('',(-10.88,1.49399725184257));
#6038=CARTESIAN_POINT('',(3.01024080314557,-4.504722623867,-2.45404905602122));
#6039=CARTESIAN_POINT('',(4.81024080314557,-4.504722623867,-2.45404905602122));
#6040=CARTESIAN_POINT('',(-10.88,0.));
#6041=CARTESIAN_POINT('',(-9.08,0.));
#6042=CARTESIAN_POINT('',(4.81024080314557,-6.184722623867,-3.9480463078638));
#6043=CARTESIAN_POINT('',(4.81024080314557,-6.184722623867,-3.10349673224169));
#6044=CARTESIAN_POINT('',(-1.8,1.49399725184257));
#6045=CARTESIAN_POINT('',(-1.8,0.649447676220466));
#6046=CARTESIAN_POINT('',(4.81024080314557,-6.184722623867,-3.10349673224169));
#6047=CARTESIAN_POINT('',(4.81024080314557,-6.184722623867,-2.60349673224169));
#6048=CARTESIAN_POINT('',(-1.8,0.649447676220466));
#6049=CARTESIAN_POINT('',(-1.8,0.149447676220466));
#6050=CARTESIAN_POINT('',(4.81024080314557,-6.184722623867,-2.60349673224169));
#6051=CARTESIAN_POINT('',(4.81024080314557,-6.184722623867,-2.45404905602122));
#6052=CARTESIAN_POINT('',(-1.8,0.149447676220466));
#6053=CARTESIAN_POINT('',(-1.8,0.));
#6054=CARTESIAN_POINT('',(4.81024080314557,-6.184722623867,-2.45404905602122));
#6055=CARTESIAN_POINT('',(3.01024080314557,-6.184722623867,-2.45404905602122));
#6056=CARTESIAN_POINT('',(-1.8,0.));
#6057=CARTESIAN_POINT('',(0.,0.));
#6058=CARTESIAN_POINT('',(0.,1.49399725184257));
#6059=CARTESIAN_POINT('',(0.,0.));
#6060=CARTESIAN_POINT('',(3.01024080314557,-6.184722623867,-3.9480463078638));
#6061=CARTESIAN_POINT('',(4.81024080314557,-6.184722623867,-3.9480463078638));
#6062=CARTESIAN_POINT('',(0.,1.49399725184257));
#6063=CARTESIAN_POINT('',(-1.8,1.49399725184257));
#6064=CARTESIAN_POINT('',(1.68,0.));
#6065=CARTESIAN_POINT('',(1.68,-1.8));
#6066=CARTESIAN_POINT('',(0.,0.));
#6067=CARTESIAN_POINT('',(1.68,0.));
#6068=CARTESIAN_POINT('',(0.,-1.8));
#6069=CARTESIAN_POINT('',(0.,0.));
#6070=CARTESIAN_POINT('',(4.81024080314557,-6.184722623867,-2.45404905602122));
#6071=CARTESIAN_POINT('',(4.81024080314557,-5.34472262386695,-2.45404905602122));
#6072=CARTESIAN_POINT('',(4.81024080314557,-4.504722623867,-2.45404905602122));
#6073=CARTESIAN_POINT('',(0.,-1.8));
#6074=CARTESIAN_POINT('',(1.68,-1.8));
#6075=CARTESIAN_POINT('',(4.81024080314557,-4.504722623867,-3.9480463078638));
#6076=CARTESIAN_POINT('',(4.81024080314557,-4.75467004984749,-3.9480463078638));
#6077=CARTESIAN_POINT('',(4.81024080314557,-5.00461747582799,-3.9480463078638));
#6078=CARTESIAN_POINT('',(-1.8,1.68));
#6079=CARTESIAN_POINT('',(-1.8,1.18010514803902));
#6080=CARTESIAN_POINT('',(-1.8,0.499894851961022));
#6081=CARTESIAN_POINT('',(-1.8,1.18010514803902));
#6082=CARTESIAN_POINT('',(4.81024080314557,-5.68482777190599,-3.9480463078638));
#6083=CARTESIAN_POINT('',(4.81024080314557,-5.93477519788649,-3.9480463078638));
#6084=CARTESIAN_POINT('',(4.81024080314557,-6.184722623867,-3.9480463078638));
#6085=CARTESIAN_POINT('',(-1.8,0.499894851961022));
#6086=CARTESIAN_POINT('',(-1.8,0.));
#6087=CARTESIAN_POINT('',(0.,0.));
#6088=CARTESIAN_POINT('',(-1.8,0.));
#6089=CARTESIAN_POINT('',(0.,1.68));
#6090=CARTESIAN_POINT('',(0.,0.));
#6091=CARTESIAN_POINT('',(-1.8,1.68));
#6092=CARTESIAN_POINT('',(0.,1.68));
#6093=CARTESIAN_POINT('',(15.7102408031456,-1.96815343118257,-3.9480463078638));
#6094=CARTESIAN_POINT('',(15.7102408031456,-1.96815343118257,-3.10349673224169));
#6095=CARTESIAN_POINT('',(-8.07922578316666,1.49399725184257));
#6096=CARTESIAN_POINT('',(-8.07922578316666,0.649447676220466));
#6097=CARTESIAN_POINT('',(15.7102408031456,-1.96815343118257,-3.10349673224169));
#6098=CARTESIAN_POINT('',(15.7102408031456,-1.96815343118257,-2.60349673224169));
#6099=CARTESIAN_POINT('',(-8.07922578316666,0.649447676220466));
#6100=CARTESIAN_POINT('',(-8.07922578316665,0.149447676220466));
#6101=CARTESIAN_POINT('',(15.7102408031456,-1.96815343118257,-2.60349673224169));
#6102=CARTESIAN_POINT('',(15.7102408031456,-1.96815343118257,-2.45404905602122));
#6103=CARTESIAN_POINT('',(-8.07922578316665,0.149447676220466));
#6104=CARTESIAN_POINT('',(-8.07922578316665,0.));
#6105=CARTESIAN_POINT('',(15.7102408031456,-1.96815343118257,-2.45404905602122));
#6106=CARTESIAN_POINT('',(17.5094665863122,-1.96815343118257,-2.45404905602122));
#6107=CARTESIAN_POINT('',(-8.07922578316665,0.));
#6108=CARTESIAN_POINT('',(-6.28,0.));
#6109=CARTESIAN_POINT('',(17.5094665863122,-1.96815343118257,-2.45404905602122));
#6110=CARTESIAN_POINT('',(17.5094665863122,-1.96815343118257,-3.9480463078638));
#6111=CARTESIAN_POINT('',(-6.28,0.));
#6112=CARTESIAN_POINT('',(-6.28,1.49399725184257));
#6113=CARTESIAN_POINT('',(17.5094665863122,-1.96815343118257,-3.9480463078638));
#6114=CARTESIAN_POINT('',(15.7102408031456,-1.96815343118257,-3.9480463078638));
#6115=CARTESIAN_POINT('',(-6.28,1.49399725184257));
#6116=CARTESIAN_POINT('',(-8.07922578316666,1.49399725184257));
#6117=CARTESIAN_POINT('',(17.5094665863122,-1.96815343118257,-2.45404905602122));
#6118=CARTESIAN_POINT('',(17.5094665863122,-3.64815343118257,-2.45404905602122));
#6119=CARTESIAN_POINT('',(-6.28,0.));
#6120=CARTESIAN_POINT('',(-4.6,0.));
#6121=CARTESIAN_POINT('',(17.5094665863122,-3.64815343118257,-2.45404905602122));
#6122=CARTESIAN_POINT('',(17.5094665863122,-3.64815343118257,-3.9480463078638));
#6123=CARTESIAN_POINT('',(-4.6,0.));
#6124=CARTESIAN_POINT('',(-4.6,1.49399725184257));
#6125=CARTESIAN_POINT('',(17.5094665863122,-3.64815343118257,-3.9480463078638));
#6126=CARTESIAN_POINT('',(17.5094665863122,-1.96815343118257,-3.9480463078638));
#6127=CARTESIAN_POINT('',(-4.6,1.49399725184257));
#6128=CARTESIAN_POINT('',(-6.28,1.49399725184257));
#6129=CARTESIAN_POINT('',(-6.28,0.));
#6130=CARTESIAN_POINT('',(-6.28,1.49399725184257));
#6131=CARTESIAN_POINT('',(15.7102408031456,-3.64815343118257,-2.45404905602122));
#6132=CARTESIAN_POINT('',(15.7102408031456,-3.64815343118257,-2.60349673224169));
#6133=CARTESIAN_POINT('',(-2.80077421683335,0.));
#6134=CARTESIAN_POINT('',(-2.80077421683335,0.149447676220466));
#6135=CARTESIAN_POINT('',(15.7102408031456,-3.64815343118257,-2.60349673224169));
#6136=CARTESIAN_POINT('',(15.7102408031456,-3.64815343118257,-3.10349673224169));
#6137=CARTESIAN_POINT('',(-2.80077421683335,0.149447676220466));
#6138=CARTESIAN_POINT('',(-2.80077421683335,0.649447676220466));
#6139=CARTESIAN_POINT('',(15.7102408031456,-3.64815343118257,-3.10349673224169));
#6140=CARTESIAN_POINT('',(15.7102408031456,-3.64815343118257,-3.9480463078638));
#6141=CARTESIAN_POINT('',(-2.80077421683335,0.649447676220466));
#6142=CARTESIAN_POINT('',(-2.80077421683335,1.49399725184257));
#6143=CARTESIAN_POINT('',(15.7102408031456,-3.64815343118257,-3.9480463078638));
#6144=CARTESIAN_POINT('',(17.5094665863122,-3.64815343118257,-3.9480463078638));
#6145=CARTESIAN_POINT('',(-2.80077421683335,1.49399725184257));
#6146=CARTESIAN_POINT('',(-4.6,1.49399725184257));
#6147=CARTESIAN_POINT('',(-4.6,0.));
#6148=CARTESIAN_POINT('',(-4.6,1.49399725184257));
#6149=CARTESIAN_POINT('',(17.5094665863122,-3.64815343118257,-2.45404905602122));
#6150=CARTESIAN_POINT('',(15.7102408031456,-3.64815343118257,-2.45404905602122));
#6151=CARTESIAN_POINT('',(-4.6,0.));
#6152=CARTESIAN_POINT('',(-2.80077421683335,0.));
#6153=CARTESIAN_POINT('',(0.,-4.6));
#6154=CARTESIAN_POINT('',(0.,-2.80077421683335));
#6155=CARTESIAN_POINT('',(1.68,-4.6));
#6156=CARTESIAN_POINT('',(0.,-4.6));
#6157=CARTESIAN_POINT('',(1.68,-2.80077421683335));
#6158=CARTESIAN_POINT('',(1.68,-4.6));
#6159=CARTESIAN_POINT('',(15.7102408031456,-1.96815343118257,-2.45404905602122));
#6160=CARTESIAN_POINT('',(15.7102408031456,-2.80815343118257,-2.45404905602122));
#6161=CARTESIAN_POINT('',(15.7102408031456,-3.64815343118257,-2.45404905602122));
#6162=CARTESIAN_POINT('',(1.68,-2.80077421683335));
#6163=CARTESIAN_POINT('',(0.,-2.80077421683335));
#6164=CARTESIAN_POINT('',(15.7102408031456,-3.64815343118257,-3.9480463078638));
#6165=CARTESIAN_POINT('',(15.7102408031456,-3.39649060154429,-3.9480463078638));
#6166=CARTESIAN_POINT('',(15.7102408031456,-3.144827771906,-3.9480463078638));
#6167=CARTESIAN_POINT('',(-2.80077421683335,0.));
#6168=CARTESIAN_POINT('',(-2.80077421683335,0.503325659276572));
#6169=CARTESIAN_POINT('',(15.7102408031456,-3.144827771906,-3.9480463078638));
#6170=CARTESIAN_POINT('',(15.7102408031456,-2.464617475828,-3.9480463078638));
#6171=CARTESIAN_POINT('',(-2.80077421683335,0.503325659276572));
#6172=CARTESIAN_POINT('',(-2.80077421683335,1.18353595535457));
#6173=CARTESIAN_POINT('',(15.7102408031456,-2.464617475828,-3.9480463078638));
#6174=CARTESIAN_POINT('',(15.7102408031456,-2.21638545350529,-3.9480463078638));
#6175=CARTESIAN_POINT('',(15.7102408031456,-1.96815343118257,-3.9480463078638));
#6176=CARTESIAN_POINT('',(-2.80077421683335,1.18353595535457));
#6177=CARTESIAN_POINT('',(-2.80077421683335,1.68));
#6178=CARTESIAN_POINT('',(-4.6,1.68));
#6179=CARTESIAN_POINT('',(-2.80077421683335,1.68));
#6180=CARTESIAN_POINT('',(-4.6,0.));
#6181=CARTESIAN_POINT('',(-4.6,1.68));
#6182=CARTESIAN_POINT('',(-2.80077421683335,0.));
#6183=CARTESIAN_POINT('',(-4.6,0.));
#6184=CARTESIAN_POINT('',(35.2024156599277,0.200080552851827));
#6185=CARTESIAN_POINT('',(35.2154238022336,0.200080552851828));
#6186=CARTESIAN_POINT('',(35.3332335275138,0.200080552851828));
#6187=CARTESIAN_POINT('',(35.4510432528012,0.200080552851829));
#6188=CARTESIAN_POINT('',(35.5688529780877,0.200080552851827));
#6189=CARTESIAN_POINT('',(35.6736545580248,0.200080552851827));
#6190=CARTESIAN_POINT('',(15.2102408030668,-5.12972262386693,-4.10349673224169));
#6191=CARTESIAN_POINT('',(15.2102408030668,-5.12972262386693,-4.30357728509352));
#6192=CARTESIAN_POINT('',(35.2024156599277,0.200080552851827));
#6193=CARTESIAN_POINT('',(35.2024156599277,0.));
#6194=CARTESIAN_POINT('',(15.2102408030668,-5.12972262386693,-4.30357728509352));
#6195=CARTESIAN_POINT('',(15.2200798929981,-5.12972262377564,-4.30357728509352));
#6196=CARTESIAN_POINT('',(15.2299113611616,-5.1293355431832,-4.30357728509351));
#6197=CARTESIAN_POINT('',(15.7102408031517,-5.11042420645625,-4.30357728509352));
#6198=CARTESIAN_POINT('',(15.7102408031455,-4.629722623867,-4.30357728509352));
#6199=CARTESIAN_POINT('',(35.2024156599277,0.));
#6200=CARTESIAN_POINT('',(35.6736545580248,0.));
#6201=CARTESIAN_POINT('',(15.7102408031455,-4.629722623867,-4.30357728509352));
#6202=CARTESIAN_POINT('',(15.7102408031455,-4.629722623867,-4.10349673224169));
#6203=CARTESIAN_POINT('',(35.6736545580248,0.));
#6204=CARTESIAN_POINT('',(35.6736545580248,0.200080552851827));
#6205=CARTESIAN_POINT('',(15.7102408031456,-3.654722623867,-4.30357728509352));
#6206=CARTESIAN_POINT('',(15.7102408031455,-4.142222623867,-4.30357728509352));
#6207=CARTESIAN_POINT('',(15.7102408031455,-4.629722623867,-4.30357728509352));
#6208=CARTESIAN_POINT('',(0.,0.));
#6209=CARTESIAN_POINT('',(-0.487500000000001,-3.58196938420682E-14));
#6210=CARTESIAN_POINT('',(-0.975000000000001,-6.86544131972973E-14));
#6211=CARTESIAN_POINT('',(-1.47499999999993,-0.500000000078748));
#6212=CARTESIAN_POINT('',(-1.47499999990864,-0.490160910147507));
#6213=CARTESIAN_POINT('',(-1.47461291931621,-0.480329441983969));
#6214=CARTESIAN_POINT('',(-1.45570158258926,6.18260592722002E-12));
#6215=CARTESIAN_POINT('',(-0.975000000000001,-6.86544131972973E-14));
#6216=CARTESIAN_POINT('',(15.2102408030668,-5.12972262386693,-4.30357728509352));
#6217=CARTESIAN_POINT('',(12.8952408031062,-5.12972262386691,-4.30357728509352));
#6218=CARTESIAN_POINT('',(10.5802408031456,-5.1297226238669,-4.30357728509352));
#6219=CARTESIAN_POINT('',(-1.47499999999993,-0.500000000078748));
#6220=CARTESIAN_POINT('',(-1.47499999999991,-2.81500000003937));
#6221=CARTESIAN_POINT('',(-1.4749999999999,-5.12999999999999));
#6222=CARTESIAN_POINT('',(10.5802408031456,-5.1297226238669,-4.30357728509352));
#6223=CARTESIAN_POINT('',(8.96588215459338,-5.12972262386694,-4.30357728509352));
#6224=CARTESIAN_POINT('',(8.48157456002812,-6.66972262386687,-4.30357728509352));
#6225=CARTESIAN_POINT('',(-1.4749999999999,-5.12999999999999));
#6226=CARTESIAN_POINT('',(-1.47499999999994,-6.74435864855219));
#6227=CARTESIAN_POINT('',(-3.01499999999987,-7.22866624311745));
#6228=CARTESIAN_POINT('',(8.48157456002812,-6.66972262386686,-4.30357728509352));
#6229=CARTESIAN_POINT('',(8.37150465216082,-7.01972262391785,-4.30357728509352));
#6230=CARTESIAN_POINT('',(8.00460495925919,-7.01972262386707,-4.30357728509352));
#6231=CARTESIAN_POINT('',(-3.01499999999987,-7.22866624311745));
#6232=CARTESIAN_POINT('',(-3.36500000005085,-7.33873615098475));
#6233=CARTESIAN_POINT('',(-3.36500000000007,-7.70563584388638));
#6234=CARTESIAN_POINT('',(8.00460495925919,-7.01972262386707,-4.30357728509352));
#6235=CARTESIAN_POINT('',(6.40742288120238,-7.01972262386703,-4.30357728509352));
#6236=CARTESIAN_POINT('',(4.81024080314556,-7.019722623867,-4.30357728509352));
#6237=CARTESIAN_POINT('',(-3.36500000000007,-7.70563584388638));
#6238=CARTESIAN_POINT('',(-3.36500000000003,-9.30281792194319));
#6239=CARTESIAN_POINT('',(-3.365,-10.9));
#6240=CARTESIAN_POINT('',(4.81024080314556,-7.019722623867,-4.30357728509352));
#6241=CARTESIAN_POINT('',(4.81024080314556,-6.607222623867,-4.30357728509352));
#6242=CARTESIAN_POINT('',(4.81024080314557,-6.194722623867,-4.30357728509352));
#6243=CARTESIAN_POINT('',(4.81024080314557,-5.344722623867,-4.30357728509352));
#6244=CARTESIAN_POINT('',(4.81024080314557,-4.494722623867,-4.30357728509352));
#6245=CARTESIAN_POINT('',(4.81024080314558,-3.812222623867,-4.30357728509352));
#6246=CARTESIAN_POINT('',(4.81024080314559,-3.129722623867,-4.30357728509352));
#6247=CARTESIAN_POINT('',(-3.365,-10.9));
#6248=CARTESIAN_POINT('',(-2.9525,-10.9));
#6249=CARTESIAN_POINT('',(-2.54,-10.9));
#6250=CARTESIAN_POINT('',(-1.69,-10.9));
#6251=CARTESIAN_POINT('',(-0.840000000000002,-10.9));
#6252=CARTESIAN_POINT('',(-0.157500000000002,-10.9));
#6253=CARTESIAN_POINT('',(0.524999999999999,-10.9));
#6254=CARTESIAN_POINT('',(4.81024080314559,-3.129722623867,-4.30357728509352));
#6255=CARTESIAN_POINT('',(4.81024080314558,-1.129722623867,-4.30357728509352));
#6256=CARTESIAN_POINT('',(6.81024080314556,-1.129722623867,-4.30357728509352));
#6257=CARTESIAN_POINT('',(0.524999999999999,-10.9));
#6258=CARTESIAN_POINT('',(2.525,-10.9));
#6259=CARTESIAN_POINT('',(2.525,-8.9));
#6260=CARTESIAN_POINT('',(6.81024080314556,-1.129722623867,-4.30357728509352));
#6261=CARTESIAN_POINT('',(11.2602408031456,-1.129722623867,-4.30357728509352));
#6262=CARTESIAN_POINT('',(15.7102408031456,-1.129722623867,-4.30357728509352));
#6263=CARTESIAN_POINT('',(2.525,-8.9));
#6264=CARTESIAN_POINT('',(2.525,-4.45));
#6265=CARTESIAN_POINT('',(2.525,0.));
#6266=CARTESIAN_POINT('',(15.7102408031456,-1.129722623867,-4.30357728509352));
#6267=CARTESIAN_POINT('',(15.7102408031456,-1.542222623867,-4.30357728509352));
#6268=CARTESIAN_POINT('',(15.7102408031456,-1.954722623867,-4.30357728509352));
#6269=CARTESIAN_POINT('',(15.7102408031456,-2.804722623867,-4.30357728509352));
#6270=CARTESIAN_POINT('',(15.7102408031456,-3.654722623867,-4.30357728509352));
#6271=CARTESIAN_POINT('',(2.525,0.));
#6272=CARTESIAN_POINT('',(2.1125,0.));
#6273=CARTESIAN_POINT('',(1.7,0.));
#6274=CARTESIAN_POINT('',(0.85,0.));
#6275=CARTESIAN_POINT('',(0.,0.));
#6276=CARTESIAN_POINT('',(7.61024080314557,-4.869722623867,-2.45404905602122));
#6277=CARTESIAN_POINT('',(7.68524080314557,-4.869722623867,-2.45404905602122));
#6278=CARTESIAN_POINT('',(-1.38904767622047,-0.804599999999998));
#6279=CARTESIAN_POINT('',(-1.38904767622047,-0.7296));
#6280=CARTESIAN_POINT('',(-2.0396,-0.7296));
#6281=CARTESIAN_POINT('',(-1.38904767622047,-0.7296));
#6282=CARTESIAN_POINT('',(-2.0396,-1.9296));
#6283=CARTESIAN_POINT('',(-2.0396,-0.7296));
#6284=CARTESIAN_POINT('',(6.48524080314557,-4.869722623867,-1.80349673224169));
#6285=CARTESIAN_POINT('',(6.48524080314557,-4.869722623867,-2.45404905602122));
#6286=CARTESIAN_POINT('',(-2.0396,-1.9296));
#6287=CARTESIAN_POINT('',(-1.38904767622047,-1.9296));
#6288=CARTESIAN_POINT('',(6.48524080314557,-4.869722623867,-2.45404905602122));
#6289=CARTESIAN_POINT('',(7.61024080314557,-4.869722623867,-2.45404905602122));
#6290=CARTESIAN_POINT('',(-1.38904767622047,-1.9296));
#6291=CARTESIAN_POINT('',(-1.38904767622047,-0.804599999999998));
#6292=CARTESIAN_POINT('',(4.712388980385,1.561507967804));
#6293=CARTESIAN_POINT('',(4.712388980385,0.845584764202466));
#6294=CARTESIAN_POINT('',(3.14159265359,1.561507967804));
#6295=CARTESIAN_POINT('',(4.712388980385,1.561507967804));
#6296=CARTESIAN_POINT('',(1.570796326795,1.561507967804));
#6297=CARTESIAN_POINT('',(3.14159265359,1.561507967804));
#6298=CARTESIAN_POINT('',(1.570796326795,0.845584764202466));
#6299=CARTESIAN_POINT('',(1.570796326795,1.561507967804));
#6300=CARTESIAN_POINT('',(8.53524080314556,-5.344722623867,-2.45404905602122));
#6301=CARTESIAN_POINT('',(8.53524080314557,-3.894722623867,-2.45404905602122));
#6302=CARTESIAN_POINT('',(7.08524080314557,-3.894722623867,-2.45404905602122));
#6303=CARTESIAN_POINT('',(6.33687307199841,-3.894722623867,-2.45404905602122));
#6304=CARTESIAN_POINT('',(5.90333556159681,-4.504722623867,-2.45404905602122));
#6305=CARTESIAN_POINT('',(1.570796326795,0.845584764202466));
#6306=CARTESIAN_POINT('',(4.08617819987268,0.845584764202466));
#6307=CARTESIAN_POINT('',(5.90333556159681,-4.504722623867,-2.45404905602122));
#6308=CARTESIAN_POINT('',(5.63524086535164,-4.88193991758565,-2.45404905602122));
#6309=CARTESIAN_POINT('',(5.63524080314557,-5.344722623867,-2.45404905602122));
#6310=CARTESIAN_POINT('',(4.08617819987268,0.845584764202466));
#6311=CARTESIAN_POINT('',(4.712388980385,0.845584764202466));
#6312=CARTESIAN_POINT('',(-0.7046,-1.069849649576));
#6313=CARTESIAN_POINT('',(-0.7046,-1.72040197335553));
#6314=CARTESIAN_POINT('',(-1.0296,-1.069849649576));
#6315=CARTESIAN_POINT('',(-0.7046,-1.069849649576));
#6316=CARTESIAN_POINT('',(-1.029602148061,-0.769622695465001));
#6317=CARTESIAN_POINT('',(-1.02960143204,-0.869698346835001));
#6318=CARTESIAN_POINT('',(-1.02960071602,-0.969773998206));
#6319=CARTESIAN_POINT('',(-1.0296,-1.069849649576));
#6320=CARTESIAN_POINT('',(-1.041593661265,-0.769993800882));
#6321=CARTESIAN_POINT('',(-1.035651781901,-0.769859520835001));
#6322=CARTESIAN_POINT('',(-1.029602148061,-0.769622695465001));
#6323=CARTESIAN_POINT('',(-1.317606346858,-0.769993848428001));
#6324=CARTESIAN_POINT('',(-1.041593661265,-0.769993800882));
#6325=CARTESIAN_POINT('',(-1.329597852831,-0.769622695432));
#6326=CARTESIAN_POINT('',(-1.323548224098,-0.769859515819001));
#6327=CARTESIAN_POINT('',(-1.317606346858,-0.769993848428001));
#6328=CARTESIAN_POINT('',(-1.3296,-1.069849649576));
#6329=CARTESIAN_POINT('',(-1.329597852831,-0.769622695432));
#6330=CARTESIAN_POINT('',(-1.6546,-1.069849649576));
#6331=CARTESIAN_POINT('',(-1.3296,-1.069849649576));
#6332=CARTESIAN_POINT('',(-1.6546,-1.72040197335553));
#6333=CARTESIAN_POINT('',(-1.6546,-1.069849649576));
#6334=CARTESIAN_POINT('',(6.48524080314557,-5.819722623867,-2.45404905602122));
#6335=CARTESIAN_POINT('',(6.48524080314557,-4.869722623867,-2.45404905602122));
#6336=CARTESIAN_POINT('',(-1.6546,-1.72040197335553));
#6337=CARTESIAN_POINT('',(-0.7046,-1.72040197335553));
#6338=CARTESIAN_POINT('',(14.0352408031456,-2.454722623867,-2.45404905602122));
#6339=CARTESIAN_POINT('',(14.0352408031456,-2.454722623867,-1.80349673224169));
#6340=CARTESIAN_POINT('',(-1.38904767622047,-0.7296));
#6341=CARTESIAN_POINT('',(-2.0396,-0.7296));
#6342=CARTESIAN_POINT('',(-2.0396,-1.9296));
#6343=CARTESIAN_POINT('',(-2.0396,-0.7296));
#6344=CARTESIAN_POINT('',(-1.38904767622047,-1.9296));
#6345=CARTESIAN_POINT('',(-2.0396,-1.9296));
#6346=CARTESIAN_POINT('',(12.8352408031456,-2.454722623867,-2.45404905602122));
#6347=CARTESIAN_POINT('',(12.9094665863122,-2.454722623867,-2.45404905602122));
#6348=CARTESIAN_POINT('',(-1.38904767622047,-1.9296));
#6349=CARTESIAN_POINT('',(-1.38904767622047,-1.85537421683335));
#6350=CARTESIAN_POINT('',(12.9094665863122,-2.454722623867,-2.45404905602122));
#6351=CARTESIAN_POINT('',(14.0352408031456,-2.454722623867,-2.45404905602122));
#6352=CARTESIAN_POINT('',(-1.38904767622047,-1.85537421683335));
#6353=CARTESIAN_POINT('',(-1.38904767622047,-1.48011623402406));
#6354=CARTESIAN_POINT('',(-1.38904767622047,-1.10485825121477));
#6355=CARTESIAN_POINT('',(-1.38904767622047,-0.7296));
#6356=CARTESIAN_POINT('',(12.9094665863122,-3.154722623867,-2.45404905602122));
#6357=CARTESIAN_POINT('',(12.8352408031456,-3.154722623867,-2.45404905602122));
#6358=CARTESIAN_POINT('',(1.38904767622046,0.803825783166654));
#6359=CARTESIAN_POINT('',(1.38904767622047,0.7296));
#6360=CARTESIAN_POINT('',(2.0396,0.7296));
#6361=CARTESIAN_POINT('',(1.38904767622047,0.7296));
#6362=CARTESIAN_POINT('',(2.0396,1.9296));
#6363=CARTESIAN_POINT('',(2.0396,0.7296));
#6364=CARTESIAN_POINT('',(14.0352408031456,-3.154722623867,-1.80349673224169));
#6365=CARTESIAN_POINT('',(14.0352408031456,-3.154722623867,-2.45404905602122));
#6366=CARTESIAN_POINT('',(2.0396,1.9296));
#6367=CARTESIAN_POINT('',(1.38904767622047,1.9296));
#6368=CARTESIAN_POINT('',(14.0352408031456,-3.154722623867,-2.45404905602122));
#6369=CARTESIAN_POINT('',(12.9094665863122,-3.154722623867,-2.45404905602122));
#6370=CARTESIAN_POINT('',(1.38904767622047,1.9296));
#6371=CARTESIAN_POINT('',(1.38904767622046,0.803825783166654));
#6372=CARTESIAN_POINT('',(-0.6796,-1.069600000158));
#6373=CARTESIAN_POINT('',(-0.6796,-1.72015232393753));
#6374=CARTESIAN_POINT('',(-0.9796,-1.069600000158));
#6375=CARTESIAN_POINT('',(-0.6796,-1.069600000158));
#6376=CARTESIAN_POINT('',(-0.9796,-0.769600000014));
#6377=CARTESIAN_POINT('',(-0.9796,-1.069600000158));
#6378=CARTESIAN_POINT('',(-1.0796,-0.769600000014));
#6379=CARTESIAN_POINT('',(-0.9796,-0.769600000014));
#6380=CARTESIAN_POINT('',(-1.0796,-1.069600000158));
#6381=CARTESIAN_POINT('',(-1.0796,-0.769600000014));
#6382=CARTESIAN_POINT('',(-1.3796,-1.069600000158));
#6383=CARTESIAN_POINT('',(-1.0796,-1.069600000158));
#6384=CARTESIAN_POINT('',(-1.3796,-1.72015232393753));
#6385=CARTESIAN_POINT('',(-1.3796,-1.069600000158));
#6386=CARTESIAN_POINT('',(14.0352408031456,-2.454722623867,-2.45404905602122));
#6387=CARTESIAN_POINT('',(14.0352408031456,-3.154722623867,-2.45404905602122));
#6388=CARTESIAN_POINT('',(-1.3796,-1.72015232393753));
#6389=CARTESIAN_POINT('',(-0.6796,-1.72015232393753));
#6390=CARTESIAN_POINT('',(14.6195768981168,-1.96815343118257,-2.45404905602122));
#6391=CARTESIAN_POINT('',(14.1862728934702,-1.354722623867,-2.45404905602122));
#6392=CARTESIAN_POINT('',(13.4352408031456,-1.354722623867,-2.45404905602122));
#6393=CARTESIAN_POINT('',(11.9852408031456,-1.354722623867,-2.45404905602122));
#6394=CARTESIAN_POINT('',(11.9852408031456,-2.804722623867,-2.45404905602122));
#6395=CARTESIAN_POINT('',(2.19423821516967,0.845584764202467));
#6396=CARTESIAN_POINT('',(4.712388980385,0.845584764202466));
#6397=CARTESIAN_POINT('',(11.9852408031456,-2.804722623867,-2.45404905602122));
#6398=CARTESIAN_POINT('',(11.9852408031455,-2.804722623867,-1.73812585241968));
#6399=CARTESIAN_POINT('',(4.712388980385,0.845584764202466));
#6400=CARTESIAN_POINT('',(4.712388980385,1.561507967804));
#6401=CARTESIAN_POINT('',(3.14159265359,1.561507967804));
#6402=CARTESIAN_POINT('',(4.712388980385,1.561507967804));
#6403=CARTESIAN_POINT('',(1.570796326795,1.561507967804));
#6404=CARTESIAN_POINT('',(3.14159265359,1.561507967804));
#6405=CARTESIAN_POINT('',(14.8852408031456,-2.804722623867,-1.73812585241968));
#6406=CARTESIAN_POINT('',(14.8852408031456,-2.804722623867,-2.45404905602122));
#6407=CARTESIAN_POINT('',(1.570796326795,1.561507967804));
#6408=CARTESIAN_POINT('',(1.570796326795,0.845584764202466));
#6409=CARTESIAN_POINT('',(14.8852408031456,-2.804722623867,-2.45404905602122));
#6410=CARTESIAN_POINT('',(14.8852407415244,-2.34425535033986,-2.45404905602122));
#6411=CARTESIAN_POINT('',(14.6195768981168,-1.96815343118257,-2.45404905602122));
#6412=CARTESIAN_POINT('',(1.570796326795,0.845584764202466));
#6413=CARTESIAN_POINT('',(2.19423821516967,0.845584764202467));
#6414=CARTESIAN_POINT('',(4.712388980385,1.561507967804));
#6415=CARTESIAN_POINT('',(4.712388980385,0.845584764202466));
#6416=CARTESIAN_POINT('',(3.14159265359,1.561507967804));
#6417=CARTESIAN_POINT('',(4.712388980385,1.561507967804));
#6418=CARTESIAN_POINT('',(1.570796326795,1.561507967804));
#6419=CARTESIAN_POINT('',(3.14159265359,1.561507967804));
#6420=CARTESIAN_POINT('',(1.570796326795,0.845584764202466));
#6421=CARTESIAN_POINT('',(1.570796326795,1.561507967804));
#6422=CARTESIAN_POINT('',(11.9852408031456,-2.804722623867,-2.45404905602122));
#6423=CARTESIAN_POINT('',(11.9852408031456,-4.254722623867,-2.45404905602122));
#6424=CARTESIAN_POINT('',(13.4352408031456,-4.254722623867,-2.45404905602122));
#6425=CARTESIAN_POINT('',(14.1809426695972,-4.254722623867,-2.45404905602122));
#6426=CARTESIAN_POINT('',(14.6147002018836,-3.64815343118257,-2.45404905602122));
#6427=CARTESIAN_POINT('',(1.570796326795,0.845584764202466));
#6428=CARTESIAN_POINT('',(4.08340426550682,0.845584764202467));
#6429=CARTESIAN_POINT('',(14.6147002018836,-3.64815343118257,-2.45404905602122));
#6430=CARTESIAN_POINT('',(14.8852407403504,-3.26982769531102,-2.45404905602122));
#6431=CARTESIAN_POINT('',(14.8852408031456,-2.804722623867,-2.45404905602122));
#6432=CARTESIAN_POINT('',(4.08340426550682,0.845584764202467));
#6433=CARTESIAN_POINT('',(4.712388980385,0.845584764202466));
#6434=CARTESIAN_POINT('',(-1.8336,-1.2596));
#6435=CARTESIAN_POINT('',(-1.8336,-1.09293333333333));
#6436=CARTESIAN_POINT('',(-1.8336,-0.926266666666667));
#6437=CARTESIAN_POINT('',(-1.8336,-0.759600000000001));
#6438=CARTESIAN_POINT('',(4.81024080314557,-6.184722623867,-3.10349673224169));
#6439=CARTESIAN_POINT('',(4.81024080314557,-6.194722623867,-3.10349673224169));
#6440=CARTESIAN_POINT('',(-1.8336,-1.2596));
#6441=CARTESIAN_POINT('',(-1.8236,-1.2596));
#6442=CARTESIAN_POINT('',(4.81024080314557,-6.194722623867,-3.10349673224169));
#6443=CARTESIAN_POINT('',(4.81024080314557,-6.194722623867,-4.10349673224169));
#6444=CARTESIAN_POINT('',(-1.8236,-1.2596));
#6445=CARTESIAN_POINT('',(-1.8236,-2.2596));
#6446=CARTESIAN_POINT('',(4.81024080314557,-6.194722623867,-4.10349673224169));
#6447=CARTESIAN_POINT('',(4.81024080314556,-7.019722623867,-4.10349673224169));
#6448=CARTESIAN_POINT('',(-1.8236,-2.2596));
#6449=CARTESIAN_POINT('',(-0.998600000000001,-2.2596));
#6450=CARTESIAN_POINT('',(-0.998600000000001,-0.759600000000001));
#6451=CARTESIAN_POINT('',(-0.998600000000001,-2.2596));
#6452=CARTESIAN_POINT('',(4.81024080314557,-7.019722623867,-2.60349673224169));
#6453=CARTESIAN_POINT('',(4.81024080314557,-6.184722623867,-2.60349673224169));
#6454=CARTESIAN_POINT('',(-0.998600000000001,-0.759600000000001));
#6455=CARTESIAN_POINT('',(-1.8336,-0.759600000000001));
#6456=CARTESIAN_POINT('',(-3.5136,-0.759600000000001));
#6457=CARTESIAN_POINT('',(-3.5136,-1.2596));
#6458=CARTESIAN_POINT('',(4.81024080314557,-4.504722623867,-2.60349673224169));
#6459=CARTESIAN_POINT('',(4.81024080314557,-3.129722623867,-2.60349673224169));
#6460=CARTESIAN_POINT('',(-3.5136,-0.759600000000001));
#6461=CARTESIAN_POINT('',(-4.8886,-0.759600000000001));
#6462=CARTESIAN_POINT('',(-4.8886,-2.2596));
#6463=CARTESIAN_POINT('',(-4.8886,-0.759600000000001));
#6464=CARTESIAN_POINT('',(4.81024080314559,-3.129722623867,-4.10349673224169));
#6465=CARTESIAN_POINT('',(4.81024080314557,-4.494722623867,-4.10349673224169));
#6466=CARTESIAN_POINT('',(-4.8886,-2.2596));
#6467=CARTESIAN_POINT('',(-3.5236,-2.2596));
#6468=CARTESIAN_POINT('',(4.81024080314557,-4.494722623867,-4.10349673224169));
#6469=CARTESIAN_POINT('',(4.81024080314557,-4.494722623867,-3.10349673224169));
#6470=CARTESIAN_POINT('',(-3.5236,-2.2596));
#6471=CARTESIAN_POINT('',(-3.5236,-1.2596));
#6472=CARTESIAN_POINT('',(4.81024080314557,-4.494722623867,-3.10349673224169));
#6473=CARTESIAN_POINT('',(4.81024080314557,-4.504722623867,-3.10349673224169));
#6474=CARTESIAN_POINT('',(-3.5236,-1.2596));
#6475=CARTESIAN_POINT('',(-3.5136,-1.2596));
#6476=CARTESIAN_POINT('',(-2.974705148039,-2.10414957562211));
#6477=CARTESIAN_POINT('',(-2.294494851961,-2.10414957562211));
#6478=CARTESIAN_POINT('',(15.7102408031456,-3.144827771906,-3.9480463078638));
#6479=CARTESIAN_POINT('',(15.7102408031456,-3.144827771906,-4.00349673224169));
#6480=CARTESIAN_POINT('',(-2.974705148039,-2.10414957562211));
#6481=CARTESIAN_POINT('',(-2.974705148039,-2.1596));
#6482=CARTESIAN_POINT('',(15.7102408031456,-3.144827771906,-4.00349673224169));
#6483=CARTESIAN_POINT('',(15.7102408031456,-2.464617475828,-4.00349673224169));
#6484=CARTESIAN_POINT('',(-2.974705148039,-2.1596));
#6485=CARTESIAN_POINT('',(-2.294494851961,-2.1596));
#6486=CARTESIAN_POINT('',(15.7102408031456,-2.464617475828,-4.00349673224169));
#6487=CARTESIAN_POINT('',(15.7102408031456,-2.464617475828,-3.9480463078638));
#6488=CARTESIAN_POINT('',(-2.294494851961,-2.1596));
#6489=CARTESIAN_POINT('',(-2.294494851961,-2.10414957562211));
#6490=CARTESIAN_POINT('',(-3.47803080731557,-0.759600000000001));
#6491=CARTESIAN_POINT('',(-3.47803080731557,-0.926266666666667));
#6492=CARTESIAN_POINT('',(-3.47803080731557,-1.09293333333333));
#6493=CARTESIAN_POINT('',(-3.47803080731557,-1.2596));
#6494=CARTESIAN_POINT('',(15.7102408031456,-3.64815343118257,-2.60349673224169));
#6495=CARTESIAN_POINT('',(15.7102408031456,-3.654722623867,-2.60349673224169));
#6496=CARTESIAN_POINT('',(-3.47803080731557,-0.759600000000001));
#6497=CARTESIAN_POINT('',(-3.4846,-0.759600000000001));
#6498=CARTESIAN_POINT('',(-3.4846,-1.2596));
#6499=CARTESIAN_POINT('',(-3.4846,-0.759600000000001));
#6500=CARTESIAN_POINT('',(15.7102408031456,-3.654722623867,-3.10349673224169));
#6501=CARTESIAN_POINT('',(15.7102408031456,-3.64815343118257,-3.10349673224169));
#6502=CARTESIAN_POINT('',(-3.4846,-1.2596));
#6503=CARTESIAN_POINT('',(-3.47803080731557,-1.2596));
#6504=CARTESIAN_POINT('',(-1.79803080731557,-1.2596));
#6505=CARTESIAN_POINT('',(-1.79803080731557,-0.759600000000001));
#6506=CARTESIAN_POINT('',(15.7102408031456,-1.96815343118257,-3.10349673224169));
#6507=CARTESIAN_POINT('',(15.7102408031456,-1.954722623867,-3.10349673224169));
#6508=CARTESIAN_POINT('',(-1.79803080731557,-1.2596));
#6509=CARTESIAN_POINT('',(-1.7846,-1.2596));
#6510=CARTESIAN_POINT('',(15.7102408031456,-1.954722623867,-3.10349673224169));
#6511=CARTESIAN_POINT('',(15.7102408031456,-1.954722623867,-4.10349673224169));
#6512=CARTESIAN_POINT('',(-1.7846,-1.2596));
#6513=CARTESIAN_POINT('',(-1.7846,-2.2596));
#6514=CARTESIAN_POINT('',(15.7102408031456,-1.954722623867,-4.10349673224169));
#6515=CARTESIAN_POINT('',(15.7102408031456,-1.129722623867,-4.10349673224169));
#6516=CARTESIAN_POINT('',(-1.7846,-2.2596));
#6517=CARTESIAN_POINT('',(-0.9596,-2.2596));
#6518=CARTESIAN_POINT('',(-0.9596,-0.759600000000001));
#6519=CARTESIAN_POINT('',(-0.9596,-2.2596));
#6520=CARTESIAN_POINT('',(15.7102408031456,-1.129722623867,-2.60349673224169));
#6521=CARTESIAN_POINT('',(15.7102408031456,-1.96815343118257,-2.60349673224169));
#6522=CARTESIAN_POINT('',(-0.9596,-0.759600000000001));
#6523=CARTESIAN_POINT('',(-1.79803080731557,-0.759600000000001));
#6524=CARTESIAN_POINT('',(15.7102408031456,-1.129722623867,-4.10349673224169));
#6525=CARTESIAN_POINT('',(15.7102408031456,-1.129722623867,-4.30357728509352));
#6526=CARTESIAN_POINT('',(8.60123889785706,0.200080552851828));
#6527=CARTESIAN_POINT('',(8.60123889785706,0.));
#6528=CARTESIAN_POINT('',(17.5012388978571,0.));
#6529=CARTESIAN_POINT('',(8.60123889785706,0.));
#6530=CARTESIAN_POINT('',(6.81024080314556,-1.129722623867,-4.30357728509352));
#6531=CARTESIAN_POINT('',(6.81024080314557,-1.129722623867,-4.10349673224169));
#6532=CARTESIAN_POINT('',(17.5012388978571,0.));
#6533=CARTESIAN_POINT('',(17.5012388978571,0.200080552851828));
#6534=CARTESIAN_POINT('',(8.60123889785706,0.200080552851828));
#6535=CARTESIAN_POINT('',(17.5012388978571,0.200080552851828));
#6536=CARTESIAN_POINT('',(6.81024080314557,-1.129722623867,-2.60349673224169));
#6537=CARTESIAN_POINT('',(6.81024080314556,-1.129722623867,-2.45404905602122));
#6538=CARTESIAN_POINT('',(17.5012388978571,1.70008055285183));
#6539=CARTESIAN_POINT('',(17.5012388978571,1.84952822907229));
#6540=CARTESIAN_POINT('',(6.81024080314556,-1.129722623867,-2.45404905602122));
#6541=CARTESIAN_POINT('',(11.2602408031456,-1.129722623867,-2.45404905602122));
#6542=CARTESIAN_POINT('',(15.7102408031456,-1.129722623867,-2.45404905602122));
#6543=CARTESIAN_POINT('',(17.5012388978571,1.84952822907229));
#6544=CARTESIAN_POINT('',(8.60123889785706,1.84952822907229));
#6545=CARTESIAN_POINT('',(15.7102408031456,-1.129722623867,-2.45404905602122));
#6546=CARTESIAN_POINT('',(15.7102408031456,-1.129722623867,-2.60349673224169));
#6547=CARTESIAN_POINT('',(8.60123889785706,1.84952822907229));
#6548=CARTESIAN_POINT('',(8.60123889785706,1.70008055285183));
#6549=CARTESIAN_POINT('',(17.5012388978571,1.70008055285183));
#6550=CARTESIAN_POINT('',(8.60123889785706,1.70008055285183));
#6551=CARTESIAN_POINT('',(4.81024080314557,-3.129722623867,-2.60349673224169));
#6552=CARTESIAN_POINT('',(4.81024080314559,-3.129722623867,-2.45404905602122));
#6553=CARTESIAN_POINT('',(20.3286722860881,1.70008055285183));
#6554=CARTESIAN_POINT('',(20.3286722860881,1.84952822907229));
#6555=CARTESIAN_POINT('',(4.81024080314559,-3.129722623867,-2.45404905602122));
#6556=CARTESIAN_POINT('',(4.81024080314558,-1.129722623867,-2.45404905602122));
#6557=CARTESIAN_POINT('',(6.81024080314556,-1.129722623867,-2.45404905602122));
#6558=CARTESIAN_POINT('',(20.3286722860881,1.84952822907229));
#6559=CARTESIAN_POINT('',(17.5012388978571,1.84952822907229));
#6560=CARTESIAN_POINT('',(17.5012388978571,1.70008055285183));
#6561=CARTESIAN_POINT('',(17.5012388978571,1.84952822907229));
#6562=CARTESIAN_POINT('',(20.3286722860881,1.70008055285183));
#6563=CARTESIAN_POINT('',(17.5012388978571,1.70008055285183));
#6564=CARTESIAN_POINT('',(17.5012388978571,0.));
#6565=CARTESIAN_POINT('',(17.5012388978571,0.200080552851828));
#6566=CARTESIAN_POINT('',(20.3286722860881,0.));
#6567=CARTESIAN_POINT('',(17.5012388978571,0.));
#6568=CARTESIAN_POINT('',(4.81024080314559,-3.129722623867,-4.30357728509352));
#6569=CARTESIAN_POINT('',(4.81024080314559,-3.129722623867,-4.10349673224169));
#6570=CARTESIAN_POINT('',(20.3286722860881,0.));
#6571=CARTESIAN_POINT('',(20.3286722860881,0.200080552851828));
#6572=CARTESIAN_POINT('',(17.5012388978571,0.200080552851828));
#6573=CARTESIAN_POINT('',(20.3286722860881,0.200080552851828));
#6574=CARTESIAN_POINT('',(8.00460495931382,-7.019722623867,-2.60349673224169));
#6575=CARTESIAN_POINT('',(8.00460495925919,-7.01972262386707,-2.45404905602122));
#6576=CARTESIAN_POINT('',(27.4130364420791,1.70008055285183));
#6577=CARTESIAN_POINT('',(27.4130364420791,1.84952822907229));
#6578=CARTESIAN_POINT('',(8.00460495925919,-7.01972262386707,-2.45404905602122));
#6579=CARTESIAN_POINT('',(6.40742288120238,-7.01972262386703,-2.45404905602122));
#6580=CARTESIAN_POINT('',(4.81024080314556,-7.019722623867,-2.45404905602122));
#6581=CARTESIAN_POINT('',(27.4130364420791,1.84952822907229));
#6582=CARTESIAN_POINT('',(24.2186722860881,1.84952822907229));
#6583=CARTESIAN_POINT('',(4.81024080314556,-7.019722623867,-2.45404905602122));
#6584=CARTESIAN_POINT('',(4.81024080314557,-7.019722623867,-2.60349673224169));
#6585=CARTESIAN_POINT('',(24.2186722860881,1.84952822907229));
#6586=CARTESIAN_POINT('',(24.2186722860881,1.70008055285183));
#6587=CARTESIAN_POINT('',(27.4130364420791,1.70008055285183));
#6588=CARTESIAN_POINT('',(24.2186722860881,1.70008055285183));
#6589=CARTESIAN_POINT('',(4.81024080314556,-7.019722623867,-4.10349673224169));
#6590=CARTESIAN_POINT('',(4.81024080314556,-7.019722623867,-4.30357728509352));
#6591=CARTESIAN_POINT('',(24.2186722860881,0.200080552851828));
#6592=CARTESIAN_POINT('',(24.2186722860881,0.));
#6593=CARTESIAN_POINT('',(27.4130364420791,0.));
#6594=CARTESIAN_POINT('',(24.2186722860881,0.));
#6595=CARTESIAN_POINT('',(8.00460495925919,-7.01972262386707,-4.30357728509352));
#6596=CARTESIAN_POINT('',(8.00460495925919,-7.01972262386707,-4.10349673224169));
#6597=CARTESIAN_POINT('',(27.4130364420791,0.));
#6598=CARTESIAN_POINT('',(27.4130364420791,0.200080552851828));
#6599=CARTESIAN_POINT('',(24.2186722860881,0.200080552851828));
#6600=CARTESIAN_POINT('',(27.4130364420791,0.200080552851828));
#6601=CARTESIAN_POINT('',(8.4815745600283,-6.66972262386692,-2.60349673224169));
#6602=CARTESIAN_POINT('',(8.48157456002812,-6.66972262386687,-2.45404905602122));
#6603=CARTESIAN_POINT('',(27.7869875800527,1.70008055285183));
#6604=CARTESIAN_POINT('',(27.7869875800527,1.84952822907229));
#6605=CARTESIAN_POINT('',(8.48157456002812,-6.66972262386686,-2.45404905602122));
#6606=CARTESIAN_POINT('',(8.37150465216082,-7.01972262391785,-2.45404905602122));
#6607=CARTESIAN_POINT('',(8.00460495925919,-7.01972262386707,-2.45404905602122));
#6608=CARTESIAN_POINT('',(27.7869875800527,1.84952822907229));
#6609=CARTESIAN_POINT('',(27.4130364420791,1.84952822907229));
#6610=CARTESIAN_POINT('',(27.4130364420791,1.70008055285183));
#6611=CARTESIAN_POINT('',(27.4130364420791,1.84952822907229));
#6612=CARTESIAN_POINT('',(27.7869875800527,1.70008055285183));
#6613=CARTESIAN_POINT('',(27.4130364420791,1.70008055285183));
#6614=CARTESIAN_POINT('',(27.4130364420791,0.));
#6615=CARTESIAN_POINT('',(27.4130364420791,0.200080552851829));
#6616=CARTESIAN_POINT('',(27.7869875800527,0.));
#6617=CARTESIAN_POINT('',(27.4130364420791,0.));
#6618=CARTESIAN_POINT('',(8.48157456002812,-6.66972262386687,-4.30357728509352));
#6619=CARTESIAN_POINT('',(8.48157456002812,-6.66972262386687,-4.10349673224169));
#6620=CARTESIAN_POINT('',(27.7869875800527,0.));
#6621=CARTESIAN_POINT('',(27.7869875800527,0.200080552851828));
#6622=CARTESIAN_POINT('',(27.4130364420791,0.200080552851829));
#6623=CARTESIAN_POINT('',(27.4465665517822,0.200080552851827));
#6624=CARTESIAN_POINT('',(27.5643762762938,0.200080552851828));
#6625=CARTESIAN_POINT('',(27.6821860008051,0.200080552851828));
#6626=CARTESIAN_POINT('',(27.7869875800527,0.200080552851828));
#6627=CARTESIAN_POINT('',(27.7869875800527,0.));
#6628=CARTESIAN_POINT('',(27.7869875800527,0.200080552851829));
#6629=CARTESIAN_POINT('',(30.5724156601677,0.));
#6630=CARTESIAN_POINT('',(27.7869875800527,0.));
#6631=CARTESIAN_POINT('',(10.5802408031456,-5.1297226238669,-4.30357728509352));
#6632=CARTESIAN_POINT('',(10.5802408031456,-5.1297226238669,-4.10349673224169));
#6633=CARTESIAN_POINT('',(30.5724156601677,0.));
#6634=CARTESIAN_POINT('',(30.5724156601677,0.200080552851828));
#6635=CARTESIAN_POINT('',(27.7869875800527,0.200080552851829));
#6636=CARTESIAN_POINT('',(30.5724156601677,0.200080552851828));
#6637=CARTESIAN_POINT('',(10.5802408031456,-5.129722623867,-2.60349673224169));
#6638=CARTESIAN_POINT('',(10.5802408031456,-5.1297226238669,-2.45404905602122));
#6639=CARTESIAN_POINT('',(30.5724156601677,1.70008055285183));
#6640=CARTESIAN_POINT('',(30.5724156601677,1.84952822907229));
#6641=CARTESIAN_POINT('',(10.5802408031456,-5.1297226238669,-2.45404905602122));
#6642=CARTESIAN_POINT('',(8.96588215459338,-5.12972262386694,-2.45404905602122));
#6643=CARTESIAN_POINT('',(8.48157456002812,-6.66972262386687,-2.45404905602122));
#6644=CARTESIAN_POINT('',(30.5724156601677,1.84952822907229));
#6645=CARTESIAN_POINT('',(27.7869875800527,1.84952822907229));
#6646=CARTESIAN_POINT('',(27.7869875800527,1.70008055285183));
#6647=CARTESIAN_POINT('',(27.7869875800527,1.84952822907229));
#6648=CARTESIAN_POINT('',(30.5724156601677,1.70008055285183));
#6649=CARTESIAN_POINT('',(27.7869875800527,1.70008055285183));
#6650=CARTESIAN_POINT('',(30.5724156601677,0.));
#6651=CARTESIAN_POINT('',(30.5724156601677,0.200080552851828));
#6652=CARTESIAN_POINT('',(35.2024156599277,0.));
#6653=CARTESIAN_POINT('',(30.5724156601677,0.));
#6654=CARTESIAN_POINT('',(35.2024156599277,0.200080552851828));
#6655=CARTESIAN_POINT('',(35.2024156599277,0.));
#6656=CARTESIAN_POINT('',(30.5724156601677,0.200080552851828));
#6657=CARTESIAN_POINT('',(35.2024156599277,0.200080552851828));
#6658=CARTESIAN_POINT('',(15.2102408031381,-5.129722623867,-2.60349673224169));
#6659=CARTESIAN_POINT('',(15.2102408030668,-5.12972262386693,-2.45404905602122));
#6660=CARTESIAN_POINT('',(35.2024156599277,1.70008055285183));
#6661=CARTESIAN_POINT('',(35.2024156599277,1.84952822907229));
#6662=CARTESIAN_POINT('',(15.2102408030668,-5.12972262386693,-2.45404905602122));
#6663=CARTESIAN_POINT('',(12.8952408031062,-5.12972262386691,-2.45404905602122));
#6664=CARTESIAN_POINT('',(10.5802408031456,-5.1297226238669,-2.45404905602122));
#6665=CARTESIAN_POINT('',(35.2024156599277,1.84952822907229));
#6666=CARTESIAN_POINT('',(30.5724156601677,1.84952822907229));
#6667=CARTESIAN_POINT('',(30.5724156601677,1.70008055285183));
#6668=CARTESIAN_POINT('',(30.5724156601677,1.84952822907229));
#6669=CARTESIAN_POINT('',(35.2024156599277,1.70008055285183));
#6670=CARTESIAN_POINT('',(30.5724156601677,1.70008055285183));
#6671=CARTESIAN_POINT('',(15.7102408031456,-4.629722623867,-2.60349673224169));
#6672=CARTESIAN_POINT('',(15.7102408031455,-4.629722623867,-2.45404905602122));
#6673=CARTESIAN_POINT('',(35.6736545580248,1.70008055285183));
#6674=CARTESIAN_POINT('',(35.6736545580248,1.84952822907229));
#6675=CARTESIAN_POINT('',(15.7102408031455,-4.629722623867,-2.45404905602122));
#6676=CARTESIAN_POINT('',(15.7102408031517,-5.11042420645625,-2.45404905602122));
#6677=CARTESIAN_POINT('',(15.2299113611616,-5.1293355431832,-2.45404905602122));
#6678=CARTESIAN_POINT('',(15.2200798929981,-5.12972262377564,-2.45404905602122));
#6679=CARTESIAN_POINT('',(15.2102408030668,-5.12972262386693,-2.45404905602122));
#6680=CARTESIAN_POINT('',(35.6736545580248,1.84952822907229));
#6681=CARTESIAN_POINT('',(35.2024156599277,1.84952822907229));
#6682=CARTESIAN_POINT('',(35.2024156599277,1.70008055285183));
#6683=CARTESIAN_POINT('',(35.2024156599277,1.84952822907229));
#6684=CARTESIAN_POINT('',(35.6736545580248,1.70008055285183));
#6685=CARTESIAN_POINT('',(35.2024156599277,1.70008055285183));
#6686=CARTESIAN_POINT('',(35.6736545580248,0.));
#6687=CARTESIAN_POINT('',(35.6736545580248,0.200080552851828));
#6688=CARTESIAN_POINT('',(36.6486545580248,0.));
#6689=CARTESIAN_POINT('',(35.6736545580248,0.));
#6690=CARTESIAN_POINT('',(15.7102408031456,-3.654722623867,-4.30357728509352));
#6691=CARTESIAN_POINT('',(15.7102408031456,-3.654722623867,-4.10349673224169));
#6692=CARTESIAN_POINT('',(36.6486545580248,0.));
#6693=CARTESIAN_POINT('',(36.6486545580248,0.200080552851828));
#6694=CARTESIAN_POINT('',(35.6736545580248,0.200080552851828));
#6695=CARTESIAN_POINT('',(36.6486545580248,0.200080552851828));
#6696=CARTESIAN_POINT('',(15.7102408031456,-3.654722623867,-2.60349673224169));
#6697=CARTESIAN_POINT('',(15.7102408031456,-3.654722623867,-2.45404905602122));
#6698=CARTESIAN_POINT('',(36.6486545580248,1.70008055285183));
#6699=CARTESIAN_POINT('',(36.6486545580248,1.84952822907229));
#6700=CARTESIAN_POINT('',(15.7102408031456,-3.654722623867,-2.45404905602122));
#6701=CARTESIAN_POINT('',(15.7102408031455,-4.142222623867,-2.45404905602122));
#6702=CARTESIAN_POINT('',(15.7102408031455,-4.629722623867,-2.45404905602122));
#6703=CARTESIAN_POINT('',(36.6486545580248,1.84952822907229));
#6704=CARTESIAN_POINT('',(35.6736545580248,1.84952822907229));
#6705=CARTESIAN_POINT('',(35.6736545580248,1.70008055285183));
#6706=CARTESIAN_POINT('',(35.6736545580248,1.84952822907229));
#6707=CARTESIAN_POINT('',(36.6486545580248,1.70008055285183));
#6708=CARTESIAN_POINT('',(35.6736545580248,1.70008055285183));
#6709=CARTESIAN_POINT('',(0.843430807315571,-1.97577421683335));
#6710=CARTESIAN_POINT('',(1.12088717409086,-1.97577421683335));
#6711=CARTESIAN_POINT('',(1.41783880453959,-1.89529077499097));
#6712=CARTESIAN_POINT('',(1.68,-1.71011031180459));
#6713=CARTESIAN_POINT('',(0.,-1.70523361557136));
#6714=CARTESIAN_POINT('',(0.26392769703678,-1.89396817550856));
#6715=CARTESIAN_POINT('',(0.563764522100575,-1.9757741778252));
#6716=CARTESIAN_POINT('',(0.843430807315571,-1.97577421683335));
#6717=CARTESIAN_POINT('',(14.6147002018836,-3.64815343118257,-2.45404905602122));
#6718=CARTESIAN_POINT('',(15.7102408031456,-3.64815343118257,-2.45404905602122));
#6719=CARTESIAN_POINT('',(0.,-1.70523361557136));
#6720=CARTESIAN_POINT('',(0.,-2.80077421683335));
#6721=CARTESIAN_POINT('',(1.68,-2.80077421683335));
#6722=CARTESIAN_POINT('',(0.,-2.80077421683335));
#6723=CARTESIAN_POINT('',(15.7102408031456,-1.96815343118257,-2.45404905602122));
#6724=CARTESIAN_POINT('',(14.6195768981168,-1.96815343118257,-2.45404905602122));
#6725=CARTESIAN_POINT('',(1.68,-2.80077421683335));
#6726=CARTESIAN_POINT('',(1.68,-1.71011031180459));
#6727=CARTESIAN_POINT('',(0.493430807315573,-1.12577421683335));
#6728=CARTESIAN_POINT('',(0.493430807315571,0.));
#6729=CARTESIAN_POINT('',(1.19343080731557,-1.12577421683335));
#6730=CARTESIAN_POINT('',(0.493430807315573,-1.12577421683335));
#6731=CARTESIAN_POINT('',(1.19343080731557,0.));
#6732=CARTESIAN_POINT('',(1.19343080731557,-1.12577421683335));
#6733=CARTESIAN_POINT('',(12.9094665863122,-2.454722623867,-2.45404905602122));
#6734=CARTESIAN_POINT('',(12.9094665863122,-3.154722623867,-2.45404905602122));
#6735=CARTESIAN_POINT('',(1.19343080731557,0.));
#6736=CARTESIAN_POINT('',(0.493430807315571,0.));
#6737=CARTESIAN_POINT('',(6.08280809054149,1.84952822907229));
#6738=CARTESIAN_POINT('',(6.08280809054149,1.70008055285183));
#6739=CARTESIAN_POINT('',(15.7102408031456,-3.64815343118257,-2.45404905602122));
#6740=CARTESIAN_POINT('',(15.7102408031456,-3.65143802752478,-2.45404905602122));
#6741=CARTESIAN_POINT('',(15.7102408031456,-3.654722623867,-2.45404905602122));
#6742=CARTESIAN_POINT('',(6.08280809054149,1.84952822907229));
#6743=CARTESIAN_POINT('',(6.07623889785706,1.84952822907229));
#6744=CARTESIAN_POINT('',(6.07623889785706,1.70008055285183));
#6745=CARTESIAN_POINT('',(6.07623889785706,1.84952822907229));
#6746=CARTESIAN_POINT('',(6.08280809054149,1.70008055285183));
#6747=CARTESIAN_POINT('',(6.07623889785706,1.70008055285183));
#6748=CARTESIAN_POINT('',(8.60123889785706,1.84952822907229));
#6749=CARTESIAN_POINT('',(8.60123889785706,1.70008055285183));
#6750=CARTESIAN_POINT('',(15.7102408031456,-1.129722623867,-2.45404905602122));
#6751=CARTESIAN_POINT('',(15.7102408031456,-1.542222623867,-2.45404905602122));
#6752=CARTESIAN_POINT('',(15.7102408031456,-1.954722623867,-2.45404905602122));
#6753=CARTESIAN_POINT('',(15.7102408031456,-1.96143802752479,-2.45404905602122));
#6754=CARTESIAN_POINT('',(15.7102408031456,-1.96815343118257,-2.45404905602122));
#6755=CARTESIAN_POINT('',(8.60123889785706,1.84952822907229));
#6756=CARTESIAN_POINT('',(7.76280809054149,1.84952822907229));
#6757=CARTESIAN_POINT('',(7.76280809054149,1.70008055285183));
#6758=CARTESIAN_POINT('',(7.76280809054149,1.84952822907229));
#6759=CARTESIAN_POINT('',(8.60123889785706,1.70008055285183));
#6760=CARTESIAN_POINT('',(7.76280809054149,1.70008055285183));
#6761=CARTESIAN_POINT('',(7.76280809054149,1.20008055285183));
#6762=CARTESIAN_POINT('',(7.76728502844812,1.20008055285183));
#6763=CARTESIAN_POINT('',(7.77176196315259,1.20008055285183));
#6764=CARTESIAN_POINT('',(7.77623889785706,1.20008055285183));
#6765=CARTESIAN_POINT('',(7.76280809054149,0.35553097722972));
#6766=CARTESIAN_POINT('',(7.76280809054149,1.20008055285183));
#6767=CARTESIAN_POINT('',(7.26634404589606,0.35553097722972));
#6768=CARTESIAN_POINT('',(7.76280809054149,0.35553097722972));
#6769=CARTESIAN_POINT('',(7.26634404589606,0.300080552851827));
#6770=CARTESIAN_POINT('',(7.26634404589606,0.318564036458065));
#6771=CARTESIAN_POINT('',(7.26634404589606,0.337047506843892));
#6772=CARTESIAN_POINT('',(7.26634404589606,0.35553097722972));
#6773=CARTESIAN_POINT('',(6.58613374981806,0.300080552851826));
#6774=CARTESIAN_POINT('',(7.26634404589606,0.300080552851827));
#6775=CARTESIAN_POINT('',(6.58613374981806,0.35553097722972));
#6776=CARTESIAN_POINT('',(6.58613374981806,0.337047502437089));
#6777=CARTESIAN_POINT('',(6.58613374981806,0.318564027644457));
#6778=CARTESIAN_POINT('',(6.58613374981806,0.300080552851826));
#6779=CARTESIAN_POINT('',(6.08280809054149,0.35553097722972));
#6780=CARTESIAN_POINT('',(6.58613374981806,0.35553097722972));
#6781=CARTESIAN_POINT('',(6.08280809054149,1.20008055285183));
#6782=CARTESIAN_POINT('',(6.08280809054149,0.35553097722972));
#6783=CARTESIAN_POINT('',(6.07623889785706,1.20008055285183));
#6784=CARTESIAN_POINT('',(6.07842862875187,1.20008055285183));
#6785=CARTESIAN_POINT('',(6.08061835964668,1.20008055285183));
#6786=CARTESIAN_POINT('',(6.08280809054149,1.20008055285183));
#6787=CARTESIAN_POINT('',(6.07623889785706,0.200080552851828));
#6788=CARTESIAN_POINT('',(6.07623889785706,1.20008055285183));
#6789=CARTESIAN_POINT('',(6.07623889785706,0.));
#6790=CARTESIAN_POINT('',(6.07623889785706,0.200080552851828));
#6791=CARTESIAN_POINT('',(8.60123889785706,0.));
#6792=CARTESIAN_POINT('',(6.07623889785706,0.));
#6793=CARTESIAN_POINT('',(8.60123889785706,0.200080552851828));
#6794=CARTESIAN_POINT('',(8.60123889785706,0.));
#6795=CARTESIAN_POINT('',(7.77623889785706,0.200080552851828));
#6796=CARTESIAN_POINT('',(8.60123889785706,0.200080552851828));
#6797=CARTESIAN_POINT('',(7.77623889785706,1.20008055285183));
#6798=CARTESIAN_POINT('',(7.77623889785706,0.200080552851828));
#6799=CARTESIAN_POINT('',(1.68,-2.89309475845125));
#6800=CARTESIAN_POINT('',(1.4169571142783,-2.70614574068005));
#6801=CARTESIAN_POINT('',(1.11856603992226,-2.625));
#6802=CARTESIAN_POINT('',(0.84,-2.625));
#6803=CARTESIAN_POINT('',(5.90333556159681,-4.504722623867,-2.45404905602122));
#6804=CARTESIAN_POINT('',(4.81024080314557,-4.504722623867,-2.45404905602122));
#6805=CARTESIAN_POINT('',(1.68,-2.89309475845125));
#6806=CARTESIAN_POINT('',(1.68,-1.8));
#6807=CARTESIAN_POINT('',(0.,-1.8));
#6808=CARTESIAN_POINT('',(1.68,-1.8));
#6809=CARTESIAN_POINT('',(4.81024080314557,-6.184722623867,-2.45404905602122));
#6810=CARTESIAN_POINT('',(5.90333556159681,-6.184722623867,-2.45404905602122));
#6811=CARTESIAN_POINT('',(0.,-1.8));
#6812=CARTESIAN_POINT('',(0.,-2.89309475845124));
#6813=CARTESIAN_POINT('',(0.84,-2.625));
#6814=CARTESIAN_POINT('',(0.561433884209152,-2.62500003869329));
#6815=CARTESIAN_POINT('',(0.26304296529131,-2.70614574655887));
#6816=CARTESIAN_POINT('',(0.,-2.89309475845124));
#6817=CARTESIAN_POINT('',(0.364999999999998,-4.6));
#6818=CARTESIAN_POINT('',(0.365,-3.475));
#6819=CARTESIAN_POINT('',(7.61024080314557,-5.819722623867,-2.45404905602122));
#6820=CARTESIAN_POINT('',(7.61024080314557,-4.869722623867,-2.45404905602122));
#6821=CARTESIAN_POINT('',(0.364999999999998,-4.6));
#6822=CARTESIAN_POINT('',(1.315,-4.6));
#6823=CARTESIAN_POINT('',(1.315,-3.475));
#6824=CARTESIAN_POINT('',(1.315,-4.6));
#6825=CARTESIAN_POINT('',(0.365,-3.475));
#6826=CARTESIAN_POINT('',(0.68166659116745,-3.475));
#6827=CARTESIAN_POINT('',(0.9983331823349,-3.475));
#6828=CARTESIAN_POINT('',(1.315,-3.475));
#6829=CARTESIAN_POINT('',(21.7036722860881,1.84952822907229));
#6830=CARTESIAN_POINT('',(21.7036722860881,1.79971233699881));
#6831=CARTESIAN_POINT('',(21.7036722860881,1.74989644492532));
#6832=CARTESIAN_POINT('',(21.7036722860881,1.70008055285183));
#6833=CARTESIAN_POINT('',(4.81024080314557,-4.504722623867,-2.45404905602122));
#6834=CARTESIAN_POINT('',(4.81024080314557,-4.499722623867,-2.45404905602122));
#6835=CARTESIAN_POINT('',(4.81024080314557,-4.494722623867,-2.45404905602122));
#6836=CARTESIAN_POINT('',(4.81024080314558,-3.812222623867,-2.45404905602122));
#6837=CARTESIAN_POINT('',(4.81024080314559,-3.129722623867,-2.45404905602122));
#6838=CARTESIAN_POINT('',(21.7036722860881,1.84952822907229));
#6839=CARTESIAN_POINT('',(20.3286722860881,1.84952822907229));
#6840=CARTESIAN_POINT('',(20.3286722860881,1.70008055285183));
#6841=CARTESIAN_POINT('',(20.3286722860881,1.84952822907229));
#6842=CARTESIAN_POINT('',(21.7036722860881,1.70008055285183));
#6843=CARTESIAN_POINT('',(21.6936722860881,1.70008055285183));
#6844=CARTESIAN_POINT('',(20.3286722860881,1.70008055285183));
#6845=CARTESIAN_POINT('',(24.2186722860881,1.84952822907229));
#6846=CARTESIAN_POINT('',(24.2186722860881,1.70008055285183));
#6847=CARTESIAN_POINT('',(4.81024080314556,-7.019722623867,-2.45404905602122));
#6848=CARTESIAN_POINT('',(4.81024080314556,-6.607222623867,-2.45404905602122));
#6849=CARTESIAN_POINT('',(4.81024080314557,-6.194722623867,-2.45404905602122));
#6850=CARTESIAN_POINT('',(4.81024080314557,-6.189722623867,-2.45404905602122));
#6851=CARTESIAN_POINT('',(4.81024080314557,-6.184722623867,-2.45404905602122));
#6852=CARTESIAN_POINT('',(24.2186722860881,1.84952822907229));
#6853=CARTESIAN_POINT('',(23.3836722860881,1.84952822907229));
#6854=CARTESIAN_POINT('',(23.3836722860881,1.70008055285183));
#6855=CARTESIAN_POINT('',(23.3836722860881,1.74989644492532));
#6856=CARTESIAN_POINT('',(23.3836722860881,1.79971233699881));
#6857=CARTESIAN_POINT('',(23.3836722860881,1.84952822907229));
#6858=CARTESIAN_POINT('',(24.2186722860881,1.70008055285183));
#6859=CARTESIAN_POINT('',(23.3936722860881,1.70008055285183));
#6860=CARTESIAN_POINT('',(23.3836722860881,1.70008055285183));
#6861=CARTESIAN_POINT('',(20.3286722860881,0.200080552851828));
#6862=CARTESIAN_POINT('',(21.6936722860881,0.200080552851829));
#6863=CARTESIAN_POINT('',(20.3286722860881,0.));
#6864=CARTESIAN_POINT('',(20.3286722860881,0.200080552851828));
#6865=CARTESIAN_POINT('',(24.2186722860881,0.));
#6866=CARTESIAN_POINT('',(20.3286722860881,0.));
#6867=CARTESIAN_POINT('',(24.2186722860881,0.200080552851828));
#6868=CARTESIAN_POINT('',(24.2186722860881,0.));
#6869=CARTESIAN_POINT('',(23.3936722860881,0.200080552851828));
#6870=CARTESIAN_POINT('',(24.2186722860881,0.200080552851828));
#6871=CARTESIAN_POINT('',(23.3936722860881,1.20008055285183));
#6872=CARTESIAN_POINT('',(23.3936722860881,0.200080552851828));
#6873=CARTESIAN_POINT('',(23.3836722860881,1.20008055285183));
#6874=CARTESIAN_POINT('',(23.3936722860881,1.20008055285183));
#6875=CARTESIAN_POINT('',(23.3836722860881,0.35553097722972));
#6876=CARTESIAN_POINT('',(23.3836722860881,0.637047502437089));
#6877=CARTESIAN_POINT('',(23.3836722860881,0.918564027644459));
#6878=CARTESIAN_POINT('',(23.3836722860881,1.20008055285183));
#6879=CARTESIAN_POINT('',(22.883777434127,0.35553097722972));
#6880=CARTESIAN_POINT('',(23.3836722860881,0.35553097722972));
#6881=CARTESIAN_POINT('',(22.8837774341271,0.300080552851826));
#6882=CARTESIAN_POINT('',(22.883777434127,0.35553097722972));
#6883=CARTESIAN_POINT('',(22.2035671380491,0.300080552851826));
#6884=CARTESIAN_POINT('',(22.8837774341271,0.300080552851826));
#6885=CARTESIAN_POINT('',(22.203567138049,0.35553097722972));
#6886=CARTESIAN_POINT('',(22.2035671380491,0.300080552851826));
#6887=CARTESIAN_POINT('',(21.7036722860881,0.35553097722972));
#6888=CARTESIAN_POINT('',(22.203567138049,0.35553097722972));
#6889=CARTESIAN_POINT('',(21.7036722860881,1.20008055285183));
#6890=CARTESIAN_POINT('',(21.7036722860881,0.918564027644459));
#6891=CARTESIAN_POINT('',(21.7036722860881,0.637047502437089));
#6892=CARTESIAN_POINT('',(21.7036722860881,0.35553097722972));
#6893=CARTESIAN_POINT('',(21.6936722860881,1.20008055285183));
#6894=CARTESIAN_POINT('',(21.7036722860881,1.20008055285183));
#6895=CARTESIAN_POINT('',(21.6936722860881,0.200080552851829));
#6896=CARTESIAN_POINT('',(21.6936722860881,1.20008055285183));
#6897=CARTESIAN_POINT('',(0.,1.68656919268443));
#6898=CARTESIAN_POINT('',(-1.09066390502875,1.68656919268443));
#6899=CARTESIAN_POINT('',(0.,2.525));
#6900=CARTESIAN_POINT('',(0.,2.1125));
#6901=CARTESIAN_POINT('',(0.,1.7));
#6902=CARTESIAN_POINT('',(0.,1.69328459634221));
#6903=CARTESIAN_POINT('',(0.,1.68656919268443));
#6904=CARTESIAN_POINT('',(-8.9,2.525));
#6905=CARTESIAN_POINT('',(-4.45,2.525));
#6906=CARTESIAN_POINT('',(0.,2.525));
#6907=CARTESIAN_POINT('',(-10.9,0.524999999999999));
#6908=CARTESIAN_POINT('',(-10.9,2.525));
#6909=CARTESIAN_POINT('',(-8.9,2.525));
#6910=CARTESIAN_POINT('',(-10.9,-0.85));
#6911=CARTESIAN_POINT('',(-10.9,-0.845000000000001));
#6912=CARTESIAN_POINT('',(-10.9,-0.840000000000002));
#6913=CARTESIAN_POINT('',(-10.9,-0.157500000000002));
#6914=CARTESIAN_POINT('',(-10.9,0.524999999999999));
#6915=CARTESIAN_POINT('',(-9.80690524154875,-0.85));
#6916=CARTESIAN_POINT('',(-10.9,-0.85));
#6917=CARTESIAN_POINT('',(-7.175,-1.69));
#6918=CARTESIAN_POINT('',(-7.175,-1.50490440236756));
#6919=CARTESIAN_POINT('',(-7.21049710377308,-1.31587947794544));
#6920=CARTESIAN_POINT('',(-7.28537467785856,-1.13510902307057));
#6921=CARTESIAN_POINT('',(-7.35203450408,-0.97417796654126));
#6922=CARTESIAN_POINT('',(-7.45404478004594,-0.810345554512853));
#6923=CARTESIAN_POINT('',(-7.59969516727939,-0.664695167279395));
#6924=CARTESIAN_POINT('',(-7.71664101247756,-0.547749322081227));
#6925=CARTESIAN_POINT('',(-7.87248385196836,-0.432233703995357));
#6926=CARTESIAN_POINT('',(-8.07010902307057,-0.350374677858562));
#6927=CARTESIAN_POINT('',(-8.23116387151871,-0.283663575345439));
#6928=CARTESIAN_POINT('',(-8.41914258082048,-0.240000000000002));
#6929=CARTESIAN_POINT('',(-8.625,-0.240000000000002));
#6930=CARTESIAN_POINT('',(-8.8308574191795,-0.240000000000002));
#6931=CARTESIAN_POINT('',(-9.0188361284813,-0.283663575345441));
#6932=CARTESIAN_POINT('',(-9.17989097692943,-0.350374677858561));
#6933=CARTESIAN_POINT('',(-9.37751614803163,-0.432233703995349));
#6934=CARTESIAN_POINT('',(-9.53335898752245,-0.547749322081237));
#6935=CARTESIAN_POINT('',(-9.65030483272061,-0.664695167279395));
#6936=CARTESIAN_POINT('',(-9.70953784896045,-0.723928183519242));
#6937=CARTESIAN_POINT('',(-9.76155330760209,-0.786168291340624));
#6938=CARTESIAN_POINT('',(-9.80690524154875,-0.85));
#6939=CARTESIAN_POINT('',(-9.80690524154875,-2.53));
#6940=CARTESIAN_POINT('',(-9.76155330760209,-2.59383170865938));
#6941=CARTESIAN_POINT('',(-9.70953784896045,-2.65607181648076));
#6942=CARTESIAN_POINT('',(-9.65030483272061,-2.71530483272061));
#6943=CARTESIAN_POINT('',(-9.53335898752243,-2.83225067791878));
#6944=CARTESIAN_POINT('',(-9.37751614803166,-2.94776629600464));
#6945=CARTESIAN_POINT('',(-9.17989097692943,-3.02962532214144));
#6946=CARTESIAN_POINT('',(-9.0188361284813,-3.09633642465456));
#6947=CARTESIAN_POINT('',(-8.83085741917951,-3.14));
#6948=CARTESIAN_POINT('',(-8.625,-3.14));
#6949=CARTESIAN_POINT('',(-8.4191425808205,-3.14));
#6950=CARTESIAN_POINT('',(-8.23116387151869,-3.09633642465456));
#6951=CARTESIAN_POINT('',(-8.07010902307057,-3.02962532214144));
#6952=CARTESIAN_POINT('',(-7.87248385196836,-2.94776629600464));
#6953=CARTESIAN_POINT('',(-7.71664101247756,-2.83225067791877));
#6954=CARTESIAN_POINT('',(-7.59969516727939,-2.71530483272061));
#6955=CARTESIAN_POINT('',(-7.45404478004594,-2.56965444548715));
#6956=CARTESIAN_POINT('',(-7.35203450408,-2.40582203345874));
#6957=CARTESIAN_POINT('',(-7.28537467785856,-2.24489097692943));
#6958=CARTESIAN_POINT('',(-7.2104971037731,-2.06412052205462));
#6959=CARTESIAN_POINT('',(-7.17500000000001,-1.8750955976325));
#6960=CARTESIAN_POINT('',(-7.175,-1.69));
#6961=CARTESIAN_POINT('',(-10.9,-2.53));
#6962=CARTESIAN_POINT('',(-9.80690524154875,-2.53));
#6963=CARTESIAN_POINT('',(-10.9,-3.365));
#6964=CARTESIAN_POINT('',(-10.9,-2.9525));
#6965=CARTESIAN_POINT('',(-10.9,-2.54));
#6966=CARTESIAN_POINT('',(-10.9,-2.535));
#6967=CARTESIAN_POINT('',(-10.9,-2.53));
#6968=CARTESIAN_POINT('',(-7.70563584388638,-3.36500000000007));
#6969=CARTESIAN_POINT('',(-9.30281792194319,-3.36500000000003));
#6970=CARTESIAN_POINT('',(-10.9,-3.365));
#6971=CARTESIAN_POINT('',(-7.22866624311745,-3.01499999999987));
#6972=CARTESIAN_POINT('',(-7.33873615098475,-3.36500000005085));
#6973=CARTESIAN_POINT('',(-7.70563584388638,-3.36500000000007));
#6974=CARTESIAN_POINT('',(-5.12999999999999,-1.4749999999999));
#6975=CARTESIAN_POINT('',(-6.74435864855219,-1.47499999999994));
#6976=CARTESIAN_POINT('',(-7.22866624311745,-3.01499999999987));
#6977=CARTESIAN_POINT('',(-0.500000000078748,-1.47499999999993));
#6978=CARTESIAN_POINT('',(-2.81500000003937,-1.47499999999991));
#6979=CARTESIAN_POINT('',(-5.12999999999999,-1.4749999999999));
#6980=CARTESIAN_POINT('',(-6.86544131972973E-14,-0.975000000000001));
#6981=CARTESIAN_POINT('',(6.18260592722002E-12,-1.45570158258926));
#6982=CARTESIAN_POINT('',(-0.480329441983969,-1.47461291931621));
#6983=CARTESIAN_POINT('',(-0.490160910147507,-1.47499999990864));
#6984=CARTESIAN_POINT('',(-0.500000000078748,-1.47499999999993));
#6985=CARTESIAN_POINT('',(0.,0.));
#6986=CARTESIAN_POINT('',(-3.58196938420682E-14,-0.487500000000001));
#6987=CARTESIAN_POINT('',(-6.86544131972973E-14,-0.975000000000001));
#6988=CARTESIAN_POINT('',(0.,0.00656919268442735));
#6989=CARTESIAN_POINT('',(0.,0.00328459634221367));
#6990=CARTESIAN_POINT('',(0.,0.));
#6991=CARTESIAN_POINT('',(-1.09554060126199,0.00656919268442718));
#6992=CARTESIAN_POINT('',(0.,0.00656919268442735));
#6993=CARTESIAN_POINT('',(-3.72500000000001,0.849999999999999));
#6994=CARTESIAN_POINT('',(-3.72499998307366,0.664904312233447));
#6995=CARTESIAN_POINT('',(-3.68950287837471,0.475879434846396));
#6996=CARTESIAN_POINT('',(-3.61462532214144,0.295109023070569));
#6997=CARTESIAN_POINT('',(-3.54796549592,0.134177966541255));
#6998=CARTESIAN_POINT('',(-3.44595521995407,-0.0296544454871497));
#6999=CARTESIAN_POINT('',(-3.30030483272061,-0.175304832720608));
#7000=CARTESIAN_POINT('',(-3.18335898752243,-0.292250677918779));
#7001=CARTESIAN_POINT('',(-3.02751614803165,-0.407766296004646));
#7002=CARTESIAN_POINT('',(-2.82989097692943,-0.489625322141442));
#7003=CARTESIAN_POINT('',(-2.66883612848131,-0.556336424654559));
#7004=CARTESIAN_POINT('',(-2.4808574191795,-0.600000000000001));
#7005=CARTESIAN_POINT('',(-2.275,-0.600000000000001));
#7006=CARTESIAN_POINT('',(-2.06914258082049,-0.600000000000001));
#7007=CARTESIAN_POINT('',(-1.8811638715187,-0.556336424654561));
#7008=CARTESIAN_POINT('',(-1.72010902307057,-0.489625322141442));
#7009=CARTESIAN_POINT('',(-1.52248385196837,-0.407766296004653));
#7010=CARTESIAN_POINT('',(-1.36664101247755,-0.292250677918769));
#7011=CARTESIAN_POINT('',(-1.24969516727939,-0.175304832720608));
#7012=CARTESIAN_POINT('',(-1.19152395559303,-0.117133621034248));
#7013=CARTESIAN_POINT('',(-1.1403138584851,-0.0560621610627846));
#7014=CARTESIAN_POINT('',(-1.09554060126199,0.00656919268442718));
#7015=CARTESIAN_POINT('',(-1.09066390502875,1.68656919268443));
#7016=CARTESIAN_POINT('',(-1.13658582089156,1.75160131189427));
#7017=CARTESIAN_POINT('',(-1.18940129174849,1.81501095718971));
#7018=CARTESIAN_POINT('',(-1.24969516727939,1.87530483272061));
#7019=CARTESIAN_POINT('',(-1.36664101247755,1.99225067791877));
#7020=CARTESIAN_POINT('',(-1.52248385196837,2.10776629600465));
#7021=CARTESIAN_POINT('',(-1.72010902307057,2.18962532214144));
#7022=CARTESIAN_POINT('',(-1.88116387151869,2.25633642465456));
#7023=CARTESIAN_POINT('',(-2.0691425808205,2.3));
#7024=CARTESIAN_POINT('',(-2.275,2.3));
#7025=CARTESIAN_POINT('',(-2.4808574191795,2.3));
#7026=CARTESIAN_POINT('',(-2.66883612848129,2.25633642465456));
#7027=CARTESIAN_POINT('',(-2.82989097692943,2.18962532214144));
#7028=CARTESIAN_POINT('',(-3.02751614803165,2.10776629600464));
#7029=CARTESIAN_POINT('',(-3.18335898752243,1.99225067791878));
#7030=CARTESIAN_POINT('',(-3.30030483272061,1.87530483272061));
#7031=CARTESIAN_POINT('',(-3.44595521995406,1.72965444548715));
#7032=CARTESIAN_POINT('',(-3.54796549592001,1.56582203345873));
#7033=CARTESIAN_POINT('',(-3.61462532214144,1.40489097692943));
#7034=CARTESIAN_POINT('',(-3.68950289622691,1.22412052205458));
#7035=CARTESIAN_POINT('',(-3.725,1.03509559763243));
#7036=CARTESIAN_POINT('',(-3.72500000000001,0.849999999999999));
#7037=CARTESIAN_POINT('',(-8.025,-1.215));
#7038=CARTESIAN_POINT('',(-8.025,-1.53166659116745));
#7039=CARTESIAN_POINT('',(-8.025,-1.8483331823349));
#7040=CARTESIAN_POINT('',(-8.025,-2.165));
#7041=CARTESIAN_POINT('',(-8.1,-1.215));
#7042=CARTESIAN_POINT('',(-8.025,-1.215));
#7043=CARTESIAN_POINT('',(-8.1,-2.165));
#7044=CARTESIAN_POINT('',(-8.1,-1.215));
#7045=CARTESIAN_POINT('',(-8.025,-2.165));
#7046=CARTESIAN_POINT('',(-8.05,-2.165));
#7047=CARTESIAN_POINT('',(-8.075,-2.165));
#7048=CARTESIAN_POINT('',(-8.1,-2.165));
#7049=CARTESIAN_POINT('',(-2.80077421683335,1.2));
#7050=CARTESIAN_POINT('',(-2.80077421683335,0.499999999999998));
#7051=CARTESIAN_POINT('',(-2.875,1.2));
#7052=CARTESIAN_POINT('',(-2.80077421683335,1.2));
#7053=CARTESIAN_POINT('',(-2.875,0.500000000000001));
#7054=CARTESIAN_POINT('',(-2.875,0.733333444595336));
#7055=CARTESIAN_POINT('',(-2.875,0.966666722297667));
#7056=CARTESIAN_POINT('',(-2.875,1.2));
#7057=CARTESIAN_POINT('',(-2.80077421683335,0.499999999999998));
#7058=CARTESIAN_POINT('',(-2.875,0.500000000000001));
#7059=CARTESIAN_POINT('',(15.7102408031456,-3.654722623867,-4.30357728509352));
#7060=CARTESIAN_POINT('',(15.7102408031456,-2.804722623867,-4.30357728509352));
#7061=CARTESIAN_POINT('',(15.7102408031456,-1.954722623867,-4.30357728509352));
#7062=CARTESIAN_POINT('',(15.7102408031456,-1.542222623867,-4.30357728509352));
#7063=CARTESIAN_POINT('',(15.7102408031456,-1.129722623867,-4.30357728509352));
#7064=CARTESIAN_POINT('',(11.2602408031456,-1.129722623867,-4.30357728509352));
#7065=CARTESIAN_POINT('',(6.81024080314557,-1.129722623867,-4.30357728509352));
#7066=CARTESIAN_POINT('',(4.81024080314558,-1.129722623867,-4.30357728509352));
#7067=CARTESIAN_POINT('',(4.81024080314559,-3.129722623867,-4.30357728509352));
#7068=CARTESIAN_POINT('',(4.81024080314558,-3.812222623867,-4.30357728509352));
#7069=CARTESIAN_POINT('',(4.81024080314557,-4.494722623867,-4.30357728509352));
#7070=CARTESIAN_POINT('',(4.81024080314557,-5.344722623867,-4.30357728509352));
#7071=CARTESIAN_POINT('',(4.81024080314557,-6.194722623867,-4.30357728509352));
#7072=CARTESIAN_POINT('',(4.81024080314557,-6.607222623867,-4.30357728509352));
#7073=CARTESIAN_POINT('',(4.81024080314556,-7.019722623867,-4.30357728509352));
#7074=CARTESIAN_POINT('',(6.40742288120238,-7.01972262386703,-4.30357728509352));
#7075=CARTESIAN_POINT('',(8.00460495925919,-7.01972262386707,-4.30357728509352));
#7076=CARTESIAN_POINT('',(8.37150465216082,-7.01972262391784,-4.30357728509351));
#7077=CARTESIAN_POINT('',(8.48157456002812,-6.66972262386687,-4.30357728509352));
#7078=CARTESIAN_POINT('',(8.96588215459337,-5.12972262386693,-4.30357728509351));
#7079=CARTESIAN_POINT('',(10.5802408031456,-5.1297226238669,-4.30357728509352));
#7080=CARTESIAN_POINT('',(12.8952408031062,-5.12972262386691,-4.30357728509352));
#7081=CARTESIAN_POINT('',(15.2102408030668,-5.12972262386693,-4.30357728509352));
#7082=CARTESIAN_POINT('',(15.2200798929981,-5.12972262377564,-4.30357728509351));
#7083=CARTESIAN_POINT('',(15.2299113611616,-5.1293355431832,-4.30357728509352));
#7084=CARTESIAN_POINT('',(15.7102408031518,-5.11042420645626,-4.30357728509352));
#7085=CARTESIAN_POINT('',(15.7102408031455,-4.629722623867,-4.30357728509352));
#7086=CARTESIAN_POINT('',(15.7102408031455,-4.142222623867,-4.30357728509352));
#7087=CARTESIAN_POINT('',(15.7102408031456,-3.654722623867,-4.30357728509352));
#7088=CARTESIAN_POINT('',(0.,0.,0.));
#7089=CARTESIAN_POINT('',(0.,0.,0.));
#7090=(
GEOMETRIC_REPRESENTATION_CONTEXT(2)
PARAMETRIC_REPRESENTATION_CONTEXT()
REPRESENTATION_CONTEXT('pspace','')
);
ENDSEC;
END-ISO-10303-21;
