ISO-10303-21;
HEADER;
/* Generated by software containing ST-Developer
 * from STEP Tools, Inc. (www.steptools.com) 
 */
/* OPTION: using custom schema-name function */

FILE_DESCRIPTION(
/* description */ (''),
/* implementation_level */ '2;1');

FILE_NAME(
/* name */ 'RGB-3D~1',
/* time_stamp */ '2026-07-05T17:31:00+08:00',
/* author */ (''),
/* organization */ (''),
/* preprocessor_version */ 'ST-DEVELOPER v15',
/* originating_system */ '',
/* authorisation */ '');

FILE_SCHEMA (('AUTOMOTIVE_DESIGN'));
ENDSEC;

DATA;
#10=SHAPE_REPRESENTATION_RELATIONSHIP('','',#2384,#13);
#11=PRESENTATION_LAYER_ASSIGNMENT('\X2\98848BBE503C\X0\','',(#12));
#12=MANIFOLD_SOLID_BREP('brep_1',#14);
#13=ADVANCED_BREP_SHAPE_REPRESENTATION('brep_rep_0',(#12,#2425),#2383);
#14=CLOSED_SHELL('',(#17,#18,#19,#20,#21,#22,#23,#24,#25,#26,#27,#28,#29,
#30,#31,#32,#33,#34,#35,#36,#37,#38,#39,#40,#41,#42,#43,#44,#45,#46,#47,
#48,#49,#50,#51,#52,#53,#54,#55,#56,#57,#58,#59,#60,#61,#62,#63,#64,#65,
#66,#67,#68,#69,#70,#71,#72,#73,#74,#75,#76,#77,#78,#79,#80,#81,#82,#83,
#84,#85,#86,#87,#88,#89));
#15=FACE_BOUND('',#166,.T.);
#16=FACE_BOUND('',#211,.T.);
#17=ADVANCED_FACE('',(#90),#2332,.T.);
#18=ADVANCED_FACE('',(#91),#2333,.T.);
#19=ADVANCED_FACE('',(#92,#15),#2293,.T.);
#20=ADVANCED_FACE('',(#93),#2294,.T.);
#21=ADVANCED_FACE('',(#94),#2295,.T.);
#22=ADVANCED_FACE('',(#95),#2296,.T.);
#23=ADVANCED_FACE('',(#96),#2297,.T.);
#24=ADVANCED_FACE('',(#97),#2298,.T.);
#25=ADVANCED_FACE('',(#98),#2299,.T.);
#26=ADVANCED_FACE('',(#99),#2334,.T.);
#27=ADVANCED_FACE('',(#100),#2335,.T.);
#28=ADVANCED_FACE('',(#101),#2336,.T.);
#29=ADVANCED_FACE('',(#102),#2337,.T.);
#30=ADVANCED_FACE('',(#103),#2338,.T.);
#31=ADVANCED_FACE('',(#104),#2339,.T.);
#32=ADVANCED_FACE('',(#105),#2340,.T.);
#33=ADVANCED_FACE('',(#106),#2341,.T.);
#34=ADVANCED_FACE('',(#107),#2342,.T.);
#35=ADVANCED_FACE('',(#108),#2343,.T.);
#36=ADVANCED_FACE('',(#109),#2344,.T.);
#37=ADVANCED_FACE('',(#110),#2345,.T.);
#38=ADVANCED_FACE('',(#111),#2346,.T.);
#39=ADVANCED_FACE('',(#112),#2347,.T.);
#40=ADVANCED_FACE('',(#113),#2348,.T.);
#41=ADVANCED_FACE('',(#114),#2349,.T.);
#42=ADVANCED_FACE('',(#115),#2350,.T.);
#43=ADVANCED_FACE('',(#116),#2351,.T.);
#44=ADVANCED_FACE('',(#117),#2352,.T.);
#45=ADVANCED_FACE('',(#118),#2353,.T.);
#46=ADVANCED_FACE('',(#119),#2300,.T.);
#47=ADVANCED_FACE('',(#120),#2301,.T.);
#48=ADVANCED_FACE('',(#121),#2302,.T.);
#49=ADVANCED_FACE('',(#122),#2303,.T.);
#50=ADVANCED_FACE('',(#123),#2354,.T.);
#51=ADVANCED_FACE('',(#124),#2355,.T.);
#52=ADVANCED_FACE('',(#125),#2356,.T.);
#53=ADVANCED_FACE('',(#126),#2357,.T.);
#54=ADVANCED_FACE('',(#127),#2358,.T.);
#55=ADVANCED_FACE('',(#128),#2359,.T.);
#56=ADVANCED_FACE('',(#129),#2304,.T.);
#57=ADVANCED_FACE('',(#130),#2305,.T.);
#58=ADVANCED_FACE('',(#131),#2306,.T.);
#59=ADVANCED_FACE('',(#132),#2307,.T.);
#60=ADVANCED_FACE('',(#133),#2308,.T.);
#61=ADVANCED_FACE('',(#134),#2309,.T.);
#62=ADVANCED_FACE('',(#135),#2310,.T.);
#63=ADVANCED_FACE('',(#136,#16),#2311,.T.);
#64=ADVANCED_FACE('',(#137),#2360,.T.);
#65=ADVANCED_FACE('',(#138),#2312,.T.);
#66=ADVANCED_FACE('',(#139),#2361,.T.);
#67=ADVANCED_FACE('',(#140),#2362,.T.);
#68=ADVANCED_FACE('',(#141),#2313,.T.);
#69=ADVANCED_FACE('',(#142),#2314,.T.);
#70=ADVANCED_FACE('',(#143),#2315,.T.);
#71=ADVANCED_FACE('',(#144),#2316,.T.);
#72=ADVANCED_FACE('',(#145),#2317,.T.);
#73=ADVANCED_FACE('',(#146),#2318,.T.);
#74=ADVANCED_FACE('',(#147),#2319,.T.);
#75=ADVANCED_FACE('',(#148),#2320,.T.);
#76=ADVANCED_FACE('',(#149),#2321,.T.);
#77=ADVANCED_FACE('',(#150),#2322,.T.);
#78=ADVANCED_FACE('',(#151),#2323,.T.);
#79=ADVANCED_FACE('',(#152),#2324,.T.);
#80=ADVANCED_FACE('',(#153),#2363,.T.);
#81=ADVANCED_FACE('',(#154),#2325,.T.);
#82=ADVANCED_FACE('',(#155),#2326,.T.);
#83=ADVANCED_FACE('',(#156),#2327,.T.);
#84=ADVANCED_FACE('',(#157),#2328,.T.);
#85=ADVANCED_FACE('',(#158),#2329,.T.);
#86=ADVANCED_FACE('',(#159),#2330,.T.);
#87=ADVANCED_FACE('',(#160),#2331,.T.);
#88=ADVANCED_FACE('',(#161),#2364,.T.);
#89=ADVANCED_FACE('',(#162),#2365,.T.);
#90=FACE_OUTER_BOUND('',#163,.T.);
#91=FACE_OUTER_BOUND('',#164,.T.);
#92=FACE_OUTER_BOUND('',#165,.T.);
#93=FACE_OUTER_BOUND('',#167,.T.);
#94=FACE_OUTER_BOUND('',#168,.T.);
#95=FACE_OUTER_BOUND('',#169,.T.);
#96=FACE_OUTER_BOUND('',#170,.T.);
#97=FACE_OUTER_BOUND('',#171,.T.);
#98=FACE_OUTER_BOUND('',#172,.T.);
#99=FACE_OUTER_BOUND('',#173,.T.);
#100=FACE_OUTER_BOUND('',#174,.T.);
#101=FACE_OUTER_BOUND('',#175,.T.);
#102=FACE_OUTER_BOUND('',#176,.T.);
#103=FACE_OUTER_BOUND('',#177,.T.);
#104=FACE_OUTER_BOUND('',#178,.T.);
#105=FACE_OUTER_BOUND('',#179,.T.);
#106=FACE_OUTER_BOUND('',#180,.T.);
#107=FACE_OUTER_BOUND('',#181,.T.);
#108=FACE_OUTER_BOUND('',#182,.T.);
#109=FACE_OUTER_BOUND('',#183,.T.);
#110=FACE_OUTER_BOUND('',#184,.T.);
#111=FACE_OUTER_BOUND('',#185,.T.);
#112=FACE_OUTER_BOUND('',#186,.T.);
#113=FACE_OUTER_BOUND('',#187,.T.);
#114=FACE_OUTER_BOUND('',#188,.T.);
#115=FACE_OUTER_BOUND('',#189,.T.);
#116=FACE_OUTER_BOUND('',#190,.T.);
#117=FACE_OUTER_BOUND('',#191,.T.);
#118=FACE_OUTER_BOUND('',#192,.T.);
#119=FACE_OUTER_BOUND('',#193,.T.);
#120=FACE_OUTER_BOUND('',#194,.T.);
#121=FACE_OUTER_BOUND('',#195,.T.);
#122=FACE_OUTER_BOUND('',#196,.T.);
#123=FACE_OUTER_BOUND('',#197,.T.);
#124=FACE_OUTER_BOUND('',#198,.T.);
#125=FACE_OUTER_BOUND('',#199,.T.);
#126=FACE_OUTER_BOUND('',#200,.T.);
#127=FACE_OUTER_BOUND('',#201,.T.);
#128=FACE_OUTER_BOUND('',#202,.T.);
#129=FACE_OUTER_BOUND('',#203,.T.);
#130=FACE_OUTER_BOUND('',#204,.T.);
#131=FACE_OUTER_BOUND('',#205,.T.);
#132=FACE_OUTER_BOUND('',#206,.T.);
#133=FACE_OUTER_BOUND('',#207,.T.);
#134=FACE_OUTER_BOUND('',#208,.T.);
#135=FACE_OUTER_BOUND('',#209,.T.);
#136=FACE_OUTER_BOUND('',#210,.T.);
#137=FACE_OUTER_BOUND('',#212,.T.);
#138=FACE_OUTER_BOUND('',#213,.T.);
#139=FACE_OUTER_BOUND('',#214,.T.);
#140=FACE_OUTER_BOUND('',#215,.T.);
#141=FACE_OUTER_BOUND('',#216,.T.);
#142=FACE_OUTER_BOUND('',#217,.T.);
#143=FACE_OUTER_BOUND('',#218,.T.);
#144=FACE_OUTER_BOUND('',#219,.T.);
#145=FACE_OUTER_BOUND('',#220,.T.);
#146=FACE_OUTER_BOUND('',#221,.T.);
#147=FACE_OUTER_BOUND('',#222,.T.);
#148=FACE_OUTER_BOUND('',#223,.T.);
#149=FACE_OUTER_BOUND('',#224,.T.);
#150=FACE_OUTER_BOUND('',#225,.T.);
#151=FACE_OUTER_BOUND('',#226,.T.);
#152=FACE_OUTER_BOUND('',#227,.T.);
#153=FACE_OUTER_BOUND('',#228,.T.);
#154=FACE_OUTER_BOUND('',#229,.T.);
#155=FACE_OUTER_BOUND('',#230,.T.);
#156=FACE_OUTER_BOUND('',#231,.T.);
#157=FACE_OUTER_BOUND('',#232,.T.);
#158=FACE_OUTER_BOUND('',#233,.T.);
#159=FACE_OUTER_BOUND('',#234,.T.);
#160=FACE_OUTER_BOUND('',#235,.T.);
#161=FACE_OUTER_BOUND('',#236,.T.);
#162=FACE_OUTER_BOUND('',#237,.T.);
#163=EDGE_LOOP('',(#238,#239,#240,#241));
#164=EDGE_LOOP('',(#242,#243,#244,#245));
#165=EDGE_LOOP('',(#246,#247));
#166=EDGE_LOOP('',(#248,#249,#250,#251));
#167=EDGE_LOOP('',(#252,#253,#254,#255,#256,#257,#258,#259));
#168=EDGE_LOOP('',(#260,#261,#262,#263));
#169=EDGE_LOOP('',(#264,#265,#266,#267));
#170=EDGE_LOOP('',(#268,#269,#270,#271));
#171=EDGE_LOOP('',(#272,#273,#274,#275));
#172=EDGE_LOOP('',(#276,#277,#278,#279));
#173=EDGE_LOOP('',(#280,#281,#282,#283));
#174=EDGE_LOOP('',(#284,#285,#286));
#175=EDGE_LOOP('',(#287,#288,#289,#290,#291));
#176=EDGE_LOOP('',(#292,#293,#294,#295));
#177=EDGE_LOOP('',(#296,#297,#298));
#178=EDGE_LOOP('',(#299,#300,#301));
#179=EDGE_LOOP('',(#302,#303,#304,#305));
#180=EDGE_LOOP('',(#306,#307,#308,#309));
#181=EDGE_LOOP('',(#310,#311,#312));
#182=EDGE_LOOP('',(#313,#314,#315,#316,#317));
#183=EDGE_LOOP('',(#318,#319,#320,#321));
#184=EDGE_LOOP('',(#322,#323,#324));
#185=EDGE_LOOP('',(#325,#326,#327,#328,#329));
#186=EDGE_LOOP('',(#330,#331,#332,#333));
#187=EDGE_LOOP('',(#334,#335,#336));
#188=EDGE_LOOP('',(#337,#338,#339));
#189=EDGE_LOOP('',(#340,#341,#342,#343));
#190=EDGE_LOOP('',(#344,#345,#346,#347));
#191=EDGE_LOOP('',(#348,#349,#350));
#192=EDGE_LOOP('',(#351,#352,#353,#354,#355));
#193=EDGE_LOOP('',(#356,#357,#358,#359,#360,#361));
#194=EDGE_LOOP('',(#362,#363,#364,#365));
#195=EDGE_LOOP('',(#366,#367,#368,#369));
#196=EDGE_LOOP('',(#370,#371,#372,#373,#374,#375));
#197=EDGE_LOOP('',(#376,#377,#378,#379));
#198=EDGE_LOOP('',(#380,#381,#382,#383,#384,#385));
#199=EDGE_LOOP('',(#386,#387,#388,#389,#390,#391));
#200=EDGE_LOOP('',(#392,#393,#394,#395));
#201=EDGE_LOOP('',(#396,#397,#398,#399,#400,#401));
#202=EDGE_LOOP('',(#402,#403,#404,#405,#406,#407));
#203=EDGE_LOOP('',(#408,#409,#410,#411));
#204=EDGE_LOOP('',(#412,#413,#414,#415));
#205=EDGE_LOOP('',(#416,#417,#418,#419));
#206=EDGE_LOOP('',(#420,#421,#422,#423));
#207=EDGE_LOOP('',(#424,#425,#426,#427));
#208=EDGE_LOOP('',(#428,#429,#430,#431));
#209=EDGE_LOOP('',(#432,#433,#434,#435));
#210=EDGE_LOOP('',(#436,#437,#438,#439,#440,#441,#442,#443));
#211=EDGE_LOOP('',(#444,#445));
#212=EDGE_LOOP('',(#446,#447,#448,#449));
#213=EDGE_LOOP('',(#450,#451,#452,#453,#454,#455));
#214=EDGE_LOOP('',(#456,#457,#458,#459));
#215=EDGE_LOOP('',(#460,#461,#462,#463));
#216=EDGE_LOOP('',(#464,#465,#466,#467));
#217=EDGE_LOOP('',(#468,#469,#470,#471,#472,#473,#474,#475));
#218=EDGE_LOOP('',(#476,#477,#478,#479,#480,#481,#482,#483));
#219=EDGE_LOOP('',(#484,#485,#486,#487,#488,#489,#490,#491));
#220=EDGE_LOOP('',(#492,#493,#494,#495,#496,#497,#498,#499));
#221=EDGE_LOOP('',(#500,#501,#502,#503,#504,#505,#506,#507,#508,#509,#510,
#511,#512,#513));
#222=EDGE_LOOP('',(#514,#515,#516,#517,#518,#519,#520,#521,#522,#523,#524,
#525,#526,#527,#528,#529));
#223=EDGE_LOOP('',(#530,#531,#532,#533));
#224=EDGE_LOOP('',(#534,#535,#536,#537));
#225=EDGE_LOOP('',(#538,#539,#540,#541));
#226=EDGE_LOOP('',(#542,#543,#544,#545));
#227=EDGE_LOOP('',(#546,#547,#548,#549));
#228=EDGE_LOOP('',(#550,#551,#552,#553));
#229=EDGE_LOOP('',(#554,#555,#556,#557));
#230=EDGE_LOOP('',(#558,#559,#560,#561));
#231=EDGE_LOOP('',(#562,#563,#564,#565));
#232=EDGE_LOOP('',(#566,#567,#568,#569));
#233=EDGE_LOOP('',(#570,#571,#572,#573,#574));
#234=EDGE_LOOP('',(#575,#576,#577,#578,#579));
#235=EDGE_LOOP('',(#580,#581,#582,#583));
#236=EDGE_LOOP('',(#584,#585,#586,#587));
#237=EDGE_LOOP('',(#588,#589,#590,#591));
#238=ORIENTED_EDGE('',*,*,#1549,.T.);
#239=ORIENTED_EDGE('',*,*,#1550,.T.);
#240=ORIENTED_EDGE('',*,*,#1551,.T.);
#241=ORIENTED_EDGE('',*,*,#1552,.T.);
#242=ORIENTED_EDGE('',*,*,#1553,.T.);
#243=ORIENTED_EDGE('',*,*,#1549,.F.);
#244=ORIENTED_EDGE('',*,*,#1554,.T.);
#245=ORIENTED_EDGE('',*,*,#1551,.F.);
#246=ORIENTED_EDGE('',*,*,#1552,.F.);
#247=ORIENTED_EDGE('',*,*,#1554,.F.);
#248=ORIENTED_EDGE('',*,*,#1555,.T.);
#249=ORIENTED_EDGE('',*,*,#1556,.T.);
#250=ORIENTED_EDGE('',*,*,#1557,.T.);
#251=ORIENTED_EDGE('',*,*,#1558,.T.);
#252=ORIENTED_EDGE('',*,*,#1559,.T.);
#253=ORIENTED_EDGE('',*,*,#1560,.T.);
#254=ORIENTED_EDGE('',*,*,#1561,.T.);
#255=ORIENTED_EDGE('',*,*,#1562,.T.);
#256=ORIENTED_EDGE('',*,*,#1563,.T.);
#257=ORIENTED_EDGE('',*,*,#1564,.T.);
#258=ORIENTED_EDGE('',*,*,#1565,.T.);
#259=ORIENTED_EDGE('',*,*,#1566,.T.);
#260=ORIENTED_EDGE('',*,*,#1567,.T.);
#261=ORIENTED_EDGE('',*,*,#1568,.T.);
#262=ORIENTED_EDGE('',*,*,#1569,.T.);
#263=ORIENTED_EDGE('',*,*,#1570,.T.);
#264=ORIENTED_EDGE('',*,*,#1571,.T.);
#265=ORIENTED_EDGE('',*,*,#1572,.T.);
#266=ORIENTED_EDGE('',*,*,#1573,.T.);
#267=ORIENTED_EDGE('',*,*,#1574,.T.);
#268=ORIENTED_EDGE('',*,*,#1575,.T.);
#269=ORIENTED_EDGE('',*,*,#1576,.T.);
#270=ORIENTED_EDGE('',*,*,#1577,.T.);
#271=ORIENTED_EDGE('',*,*,#1578,.T.);
#272=ORIENTED_EDGE('',*,*,#1579,.T.);
#273=ORIENTED_EDGE('',*,*,#1580,.T.);
#274=ORIENTED_EDGE('',*,*,#1581,.T.);
#275=ORIENTED_EDGE('',*,*,#1582,.T.);
#276=ORIENTED_EDGE('',*,*,#1583,.T.);
#277=ORIENTED_EDGE('',*,*,#1584,.T.);
#278=ORIENTED_EDGE('',*,*,#1585,.T.);
#279=ORIENTED_EDGE('',*,*,#1586,.T.);
#280=ORIENTED_EDGE('',*,*,#1587,.T.);
#281=ORIENTED_EDGE('',*,*,#1588,.T.);
#282=ORIENTED_EDGE('',*,*,#1589,.T.);
#283=ORIENTED_EDGE('',*,*,#1590,.T.);
#284=ORIENTED_EDGE('',*,*,#1591,.T.);
#285=ORIENTED_EDGE('',*,*,#1592,.T.);
#286=ORIENTED_EDGE('',*,*,#1589,.F.);
#287=ORIENTED_EDGE('',*,*,#1593,.T.);
#288=ORIENTED_EDGE('',*,*,#1594,.T.);
#289=ORIENTED_EDGE('',*,*,#1587,.F.);
#290=ORIENTED_EDGE('',*,*,#1595,.T.);
#291=ORIENTED_EDGE('',*,*,#1596,.T.);
#292=ORIENTED_EDGE('',*,*,#1597,.T.);
#293=ORIENTED_EDGE('',*,*,#1598,.T.);
#294=ORIENTED_EDGE('',*,*,#1592,.F.);
#295=ORIENTED_EDGE('',*,*,#1599,.T.);
#296=ORIENTED_EDGE('',*,*,#1600,.T.);
#297=ORIENTED_EDGE('',*,*,#1593,.F.);
#298=ORIENTED_EDGE('',*,*,#1601,.T.);
#299=ORIENTED_EDGE('',*,*,#1602,.T.);
#300=ORIENTED_EDGE('',*,*,#1603,.T.);
#301=ORIENTED_EDGE('',*,*,#1597,.F.);
#302=ORIENTED_EDGE('',*,*,#1604,.T.);
#303=ORIENTED_EDGE('',*,*,#1605,.T.);
#304=ORIENTED_EDGE('',*,*,#1601,.F.);
#305=ORIENTED_EDGE('',*,*,#1606,.T.);
#306=ORIENTED_EDGE('',*,*,#1607,.T.);
#307=ORIENTED_EDGE('',*,*,#1608,.T.);
#308=ORIENTED_EDGE('',*,*,#1603,.F.);
#309=ORIENTED_EDGE('',*,*,#1609,.T.);
#310=ORIENTED_EDGE('',*,*,#1610,.T.);
#311=ORIENTED_EDGE('',*,*,#1611,.T.);
#312=ORIENTED_EDGE('',*,*,#1604,.F.);
#313=ORIENTED_EDGE('',*,*,#1607,.F.);
#314=ORIENTED_EDGE('',*,*,#1612,.T.);
#315=ORIENTED_EDGE('',*,*,#1610,.F.);
#316=ORIENTED_EDGE('',*,*,#1613,.T.);
#317=ORIENTED_EDGE('',*,*,#1614,.T.);
#318=ORIENTED_EDGE('',*,*,#1615,.T.);
#319=ORIENTED_EDGE('',*,*,#1616,.T.);
#320=ORIENTED_EDGE('',*,*,#1617,.T.);
#321=ORIENTED_EDGE('',*,*,#1618,.T.);
#322=ORIENTED_EDGE('',*,*,#1619,.T.);
#323=ORIENTED_EDGE('',*,*,#1620,.T.);
#324=ORIENTED_EDGE('',*,*,#1617,.F.);
#325=ORIENTED_EDGE('',*,*,#1621,.T.);
#326=ORIENTED_EDGE('',*,*,#1622,.T.);
#327=ORIENTED_EDGE('',*,*,#1615,.F.);
#328=ORIENTED_EDGE('',*,*,#1623,.T.);
#329=ORIENTED_EDGE('',*,*,#1624,.T.);
#330=ORIENTED_EDGE('',*,*,#1625,.T.);
#331=ORIENTED_EDGE('',*,*,#1626,.T.);
#332=ORIENTED_EDGE('',*,*,#1620,.F.);
#333=ORIENTED_EDGE('',*,*,#1627,.T.);
#334=ORIENTED_EDGE('',*,*,#1628,.T.);
#335=ORIENTED_EDGE('',*,*,#1629,.T.);
#336=ORIENTED_EDGE('',*,*,#1621,.F.);
#337=ORIENTED_EDGE('',*,*,#1630,.T.);
#338=ORIENTED_EDGE('',*,*,#1631,.T.);
#339=ORIENTED_EDGE('',*,*,#1625,.F.);
#340=ORIENTED_EDGE('',*,*,#1632,.T.);
#341=ORIENTED_EDGE('',*,*,#1633,.T.);
#342=ORIENTED_EDGE('',*,*,#1628,.F.);
#343=ORIENTED_EDGE('',*,*,#1634,.T.);
#344=ORIENTED_EDGE('',*,*,#1635,.T.);
#345=ORIENTED_EDGE('',*,*,#1636,.T.);
#346=ORIENTED_EDGE('',*,*,#1631,.F.);
#347=ORIENTED_EDGE('',*,*,#1637,.T.);
#348=ORIENTED_EDGE('',*,*,#1638,.T.);
#349=ORIENTED_EDGE('',*,*,#1639,.T.);
#350=ORIENTED_EDGE('',*,*,#1632,.F.);
#351=ORIENTED_EDGE('',*,*,#1635,.F.);
#352=ORIENTED_EDGE('',*,*,#1640,.T.);
#353=ORIENTED_EDGE('',*,*,#1638,.F.);
#354=ORIENTED_EDGE('',*,*,#1641,.T.);
#355=ORIENTED_EDGE('',*,*,#1642,.T.);
#356=ORIENTED_EDGE('',*,*,#1595,.F.);
#357=ORIENTED_EDGE('',*,*,#1590,.F.);
#358=ORIENTED_EDGE('',*,*,#1598,.F.);
#359=ORIENTED_EDGE('',*,*,#1608,.F.);
#360=ORIENTED_EDGE('',*,*,#1614,.F.);
#361=ORIENTED_EDGE('',*,*,#1643,.T.);
#362=ORIENTED_EDGE('',*,*,#1596,.F.);
#363=ORIENTED_EDGE('',*,*,#1643,.F.);
#364=ORIENTED_EDGE('',*,*,#1613,.F.);
#365=ORIENTED_EDGE('',*,*,#1606,.F.);
#366=ORIENTED_EDGE('',*,*,#1641,.F.);
#367=ORIENTED_EDGE('',*,*,#1634,.F.);
#368=ORIENTED_EDGE('',*,*,#1624,.F.);
#369=ORIENTED_EDGE('',*,*,#1644,.T.);
#370=ORIENTED_EDGE('',*,*,#1623,.F.);
#371=ORIENTED_EDGE('',*,*,#1618,.F.);
#372=ORIENTED_EDGE('',*,*,#1626,.F.);
#373=ORIENTED_EDGE('',*,*,#1636,.F.);
#374=ORIENTED_EDGE('',*,*,#1642,.F.);
#375=ORIENTED_EDGE('',*,*,#1644,.F.);
#376=ORIENTED_EDGE('',*,*,#1645,.T.);
#377=ORIENTED_EDGE('',*,*,#1611,.F.);
#378=ORIENTED_EDGE('',*,*,#1646,.T.);
#379=ORIENTED_EDGE('',*,*,#1629,.F.);
#380=ORIENTED_EDGE('',*,*,#1647,.T.);
#381=ORIENTED_EDGE('',*,*,#1619,.F.);
#382=ORIENTED_EDGE('',*,*,#1648,.T.);
#383=ORIENTED_EDGE('',*,*,#1649,.T.);
#384=ORIENTED_EDGE('',*,*,#1650,.T.);
#385=ORIENTED_EDGE('',*,*,#1651,.T.);
#386=ORIENTED_EDGE('',*,*,#1652,.T.);
#387=ORIENTED_EDGE('',*,*,#1630,.F.);
#388=ORIENTED_EDGE('',*,*,#1653,.T.);
#389=ORIENTED_EDGE('',*,*,#1654,.T.);
#390=ORIENTED_EDGE('',*,*,#1655,.T.);
#391=ORIENTED_EDGE('',*,*,#1562,.F.);
#392=ORIENTED_EDGE('',*,*,#1656,.T.);
#393=ORIENTED_EDGE('',*,*,#1600,.F.);
#394=ORIENTED_EDGE('',*,*,#1657,.T.);
#395=ORIENTED_EDGE('',*,*,#1639,.F.);
#396=ORIENTED_EDGE('',*,*,#1658,.T.);
#397=ORIENTED_EDGE('',*,*,#1602,.F.);
#398=ORIENTED_EDGE('',*,*,#1659,.T.);
#399=ORIENTED_EDGE('',*,*,#1660,.T.);
#400=ORIENTED_EDGE('',*,*,#1661,.T.);
#401=ORIENTED_EDGE('',*,*,#1662,.T.);
#402=ORIENTED_EDGE('',*,*,#1663,.T.);
#403=ORIENTED_EDGE('',*,*,#1591,.F.);
#404=ORIENTED_EDGE('',*,*,#1664,.T.);
#405=ORIENTED_EDGE('',*,*,#1560,.F.);
#406=ORIENTED_EDGE('',*,*,#1665,.T.);
#407=ORIENTED_EDGE('',*,*,#1666,.T.);
#408=ORIENTED_EDGE('',*,*,#1565,.F.);
#409=ORIENTED_EDGE('',*,*,#1667,.T.);
#410=ORIENTED_EDGE('',*,*,#1668,.T.);
#411=ORIENTED_EDGE('',*,*,#1669,.T.);
#412=ORIENTED_EDGE('',*,*,#1670,.T.);
#413=ORIENTED_EDGE('',*,*,#1671,.T.);
#414=ORIENTED_EDGE('',*,*,#1667,.F.);
#415=ORIENTED_EDGE('',*,*,#1564,.F.);
#416=ORIENTED_EDGE('',*,*,#1672,.T.);
#417=ORIENTED_EDGE('',*,*,#1673,.T.);
#418=ORIENTED_EDGE('',*,*,#1674,.T.);
#419=ORIENTED_EDGE('',*,*,#1675,.T.);
#420=ORIENTED_EDGE('',*,*,#1676,.T.);
#421=ORIENTED_EDGE('',*,*,#1677,.T.);
#422=ORIENTED_EDGE('',*,*,#1678,.T.);
#423=ORIENTED_EDGE('',*,*,#1679,.T.);
#424=ORIENTED_EDGE('',*,*,#1582,.F.);
#425=ORIENTED_EDGE('',*,*,#1680,.T.);
#426=ORIENTED_EDGE('',*,*,#1676,.F.);
#427=ORIENTED_EDGE('',*,*,#1681,.T.);
#428=ORIENTED_EDGE('',*,*,#1580,.F.);
#429=ORIENTED_EDGE('',*,*,#1682,.T.);
#430=ORIENTED_EDGE('',*,*,#1678,.F.);
#431=ORIENTED_EDGE('',*,*,#1683,.T.);
#432=ORIENTED_EDGE('',*,*,#1581,.F.);
#433=ORIENTED_EDGE('',*,*,#1683,.F.);
#434=ORIENTED_EDGE('',*,*,#1677,.F.);
#435=ORIENTED_EDGE('',*,*,#1680,.F.);
#436=ORIENTED_EDGE('',*,*,#1566,.F.);
#437=ORIENTED_EDGE('',*,*,#1669,.F.);
#438=ORIENTED_EDGE('',*,*,#1684,.T.);
#439=ORIENTED_EDGE('',*,*,#1685,.T.);
#440=ORIENTED_EDGE('',*,*,#1686,.T.);
#441=ORIENTED_EDGE('',*,*,#1687,.T.);
#442=ORIENTED_EDGE('',*,*,#1688,.T.);
#443=ORIENTED_EDGE('',*,*,#1689,.T.);
#444=ORIENTED_EDGE('',*,*,#1690,.T.);
#445=ORIENTED_EDGE('',*,*,#1691,.T.);
#446=ORIENTED_EDGE('',*,*,#1692,.T.);
#447=ORIENTED_EDGE('',*,*,#1661,.F.);
#448=ORIENTED_EDGE('',*,*,#1693,.T.);
#449=ORIENTED_EDGE('',*,*,#1687,.F.);
#450=ORIENTED_EDGE('',*,*,#1662,.F.);
#451=ORIENTED_EDGE('',*,*,#1692,.F.);
#452=ORIENTED_EDGE('',*,*,#1686,.F.);
#453=ORIENTED_EDGE('',*,*,#1694,.T.);
#454=ORIENTED_EDGE('',*,*,#1649,.F.);
#455=ORIENTED_EDGE('',*,*,#1695,.T.);
#456=ORIENTED_EDGE('',*,*,#1696,.T.);
#457=ORIENTED_EDGE('',*,*,#1650,.F.);
#458=ORIENTED_EDGE('',*,*,#1694,.F.);
#459=ORIENTED_EDGE('',*,*,#1685,.F.);
#460=ORIENTED_EDGE('',*,*,#1697,.T.);
#461=ORIENTED_EDGE('',*,*,#1665,.F.);
#462=ORIENTED_EDGE('',*,*,#1559,.F.);
#463=ORIENTED_EDGE('',*,*,#1689,.F.);
#464=ORIENTED_EDGE('',*,*,#1657,.F.);
#465=ORIENTED_EDGE('',*,*,#1605,.F.);
#466=ORIENTED_EDGE('',*,*,#1645,.F.);
#467=ORIENTED_EDGE('',*,*,#1633,.F.);
#468=ORIENTED_EDGE('',*,*,#1664,.F.);
#469=ORIENTED_EDGE('',*,*,#1588,.F.);
#470=ORIENTED_EDGE('',*,*,#1594,.F.);
#471=ORIENTED_EDGE('',*,*,#1656,.F.);
#472=ORIENTED_EDGE('',*,*,#1640,.F.);
#473=ORIENTED_EDGE('',*,*,#1637,.F.);
#474=ORIENTED_EDGE('',*,*,#1652,.F.);
#475=ORIENTED_EDGE('',*,*,#1561,.F.);
#476=ORIENTED_EDGE('',*,*,#1653,.F.);
#477=ORIENTED_EDGE('',*,*,#1627,.F.);
#478=ORIENTED_EDGE('',*,*,#1647,.F.);
#479=ORIENTED_EDGE('',*,*,#1698,.T.);
#480=ORIENTED_EDGE('',*,*,#1699,.T.);
#481=ORIENTED_EDGE('',*,*,#1700,.T.);
#482=ORIENTED_EDGE('',*,*,#1701,.T.);
#483=ORIENTED_EDGE('',*,*,#1702,.T.);
#484=ORIENTED_EDGE('',*,*,#1612,.F.);
#485=ORIENTED_EDGE('',*,*,#1609,.F.);
#486=ORIENTED_EDGE('',*,*,#1658,.F.);
#487=ORIENTED_EDGE('',*,*,#1695,.F.);
#488=ORIENTED_EDGE('',*,*,#1648,.F.);
#489=ORIENTED_EDGE('',*,*,#1616,.F.);
#490=ORIENTED_EDGE('',*,*,#1622,.F.);
#491=ORIENTED_EDGE('',*,*,#1646,.F.);
#492=ORIENTED_EDGE('',*,*,#1659,.F.);
#493=ORIENTED_EDGE('',*,*,#1599,.F.);
#494=ORIENTED_EDGE('',*,*,#1663,.F.);
#495=ORIENTED_EDGE('',*,*,#1703,.T.);
#496=ORIENTED_EDGE('',*,*,#1704,.T.);
#497=ORIENTED_EDGE('',*,*,#1705,.T.);
#498=ORIENTED_EDGE('',*,*,#1681,.F.);
#499=ORIENTED_EDGE('',*,*,#1706,.T.);
#500=ORIENTED_EDGE('',*,*,#1666,.F.);
#501=ORIENTED_EDGE('',*,*,#1697,.F.);
#502=ORIENTED_EDGE('',*,*,#1688,.F.);
#503=ORIENTED_EDGE('',*,*,#1693,.F.);
#504=ORIENTED_EDGE('',*,*,#1660,.F.);
#505=ORIENTED_EDGE('',*,*,#1706,.F.);
#506=ORIENTED_EDGE('',*,*,#1679,.F.);
#507=ORIENTED_EDGE('',*,*,#1682,.F.);
#508=ORIENTED_EDGE('',*,*,#1579,.F.);
#509=ORIENTED_EDGE('',*,*,#1705,.F.);
#510=ORIENTED_EDGE('',*,*,#1583,.F.);
#511=ORIENTED_EDGE('',*,*,#1707,.T.);
#512=ORIENTED_EDGE('',*,*,#1675,.F.);
#513=ORIENTED_EDGE('',*,*,#1703,.F.);
#514=ORIENTED_EDGE('',*,*,#1654,.F.);
#515=ORIENTED_EDGE('',*,*,#1702,.F.);
#516=ORIENTED_EDGE('',*,*,#1708,.T.);
#517=ORIENTED_EDGE('',*,*,#1709,.T.);
#518=ORIENTED_EDGE('',*,*,#1575,.F.);
#519=ORIENTED_EDGE('',*,*,#1700,.F.);
#520=ORIENTED_EDGE('',*,*,#1571,.F.);
#521=ORIENTED_EDGE('',*,*,#1710,.T.);
#522=ORIENTED_EDGE('',*,*,#1711,.T.);
#523=ORIENTED_EDGE('',*,*,#1698,.F.);
#524=ORIENTED_EDGE('',*,*,#1651,.F.);
#525=ORIENTED_EDGE('',*,*,#1696,.F.);
#526=ORIENTED_EDGE('',*,*,#1684,.F.);
#527=ORIENTED_EDGE('',*,*,#1668,.F.);
#528=ORIENTED_EDGE('',*,*,#1671,.F.);
#529=ORIENTED_EDGE('',*,*,#1712,.T.);
#530=ORIENTED_EDGE('',*,*,#1573,.F.);
#531=ORIENTED_EDGE('',*,*,#1713,.T.);
#532=ORIENTED_EDGE('',*,*,#1714,.T.);
#533=ORIENTED_EDGE('',*,*,#1715,.T.);
#534=ORIENTED_EDGE('',*,*,#1572,.F.);
#535=ORIENTED_EDGE('',*,*,#1699,.F.);
#536=ORIENTED_EDGE('',*,*,#1716,.T.);
#537=ORIENTED_EDGE('',*,*,#1713,.F.);
#538=ORIENTED_EDGE('',*,*,#1574,.F.);
#539=ORIENTED_EDGE('',*,*,#1715,.F.);
#540=ORIENTED_EDGE('',*,*,#1717,.T.);
#541=ORIENTED_EDGE('',*,*,#1710,.F.);
#542=ORIENTED_EDGE('',*,*,#1717,.F.);
#543=ORIENTED_EDGE('',*,*,#1714,.F.);
#544=ORIENTED_EDGE('',*,*,#1716,.F.);
#545=ORIENTED_EDGE('',*,*,#1711,.F.);
#546=ORIENTED_EDGE('',*,*,#1567,.F.);
#547=ORIENTED_EDGE('',*,*,#1718,.T.);
#548=ORIENTED_EDGE('',*,*,#1708,.F.);
#549=ORIENTED_EDGE('',*,*,#1719,.T.);
#550=ORIENTED_EDGE('',*,*,#1563,.F.);
#551=ORIENTED_EDGE('',*,*,#1655,.F.);
#552=ORIENTED_EDGE('',*,*,#1712,.F.);
#553=ORIENTED_EDGE('',*,*,#1670,.F.);
#554=ORIENTED_EDGE('',*,*,#1584,.F.);
#555=ORIENTED_EDGE('',*,*,#1704,.F.);
#556=ORIENTED_EDGE('',*,*,#1674,.F.);
#557=ORIENTED_EDGE('',*,*,#1720,.T.);
#558=ORIENTED_EDGE('',*,*,#1586,.F.);
#559=ORIENTED_EDGE('',*,*,#1721,.T.);
#560=ORIENTED_EDGE('',*,*,#1672,.F.);
#561=ORIENTED_EDGE('',*,*,#1707,.F.);
#562=ORIENTED_EDGE('',*,*,#1585,.F.);
#563=ORIENTED_EDGE('',*,*,#1720,.F.);
#564=ORIENTED_EDGE('',*,*,#1673,.F.);
#565=ORIENTED_EDGE('',*,*,#1721,.F.);
#566=ORIENTED_EDGE('',*,*,#1569,.F.);
#567=ORIENTED_EDGE('',*,*,#1722,.T.);
#568=ORIENTED_EDGE('',*,*,#1577,.F.);
#569=ORIENTED_EDGE('',*,*,#1723,.T.);
#570=ORIENTED_EDGE('',*,*,#1568,.F.);
#571=ORIENTED_EDGE('',*,*,#1719,.F.);
#572=ORIENTED_EDGE('',*,*,#1701,.F.);
#573=ORIENTED_EDGE('',*,*,#1578,.F.);
#574=ORIENTED_EDGE('',*,*,#1722,.F.);
#575=ORIENTED_EDGE('',*,*,#1718,.F.);
#576=ORIENTED_EDGE('',*,*,#1570,.F.);
#577=ORIENTED_EDGE('',*,*,#1723,.F.);
#578=ORIENTED_EDGE('',*,*,#1576,.F.);
#579=ORIENTED_EDGE('',*,*,#1709,.F.);
#580=ORIENTED_EDGE('',*,*,#1558,.F.);
#581=ORIENTED_EDGE('',*,*,#1557,.F.);
#582=ORIENTED_EDGE('',*,*,#1556,.F.);
#583=ORIENTED_EDGE('',*,*,#1555,.F.);
#584=ORIENTED_EDGE('',*,*,#1550,.F.);
#585=ORIENTED_EDGE('',*,*,#1724,.T.);
#586=ORIENTED_EDGE('',*,*,#1691,.F.);
#587=ORIENTED_EDGE('',*,*,#1725,.T.);
#588=ORIENTED_EDGE('',*,*,#1553,.F.);
#589=ORIENTED_EDGE('',*,*,#1725,.F.);
#590=ORIENTED_EDGE('',*,*,#1690,.F.);
#591=ORIENTED_EDGE('',*,*,#1724,.F.);
#592=(
BOUNDED_CURVE()
B_SPLINE_CURVE(2,(#3449,#3450,#3451,#3452,#3453),.UNSPECIFIED.,.F.,.F.)
B_SPLINE_CURVE_WITH_KNOTS((3,2,3),(0.,2.033617352688,4.06723470537601),
 .UNSPECIFIED.)
CURVE()
GEOMETRIC_REPRESENTATION_ITEM()
RATIONAL_B_SPLINE_CURVE((1.,0.707106781186548,1.,0.707106781186548,1.))
REPRESENTATION_ITEM('')
);
#593=(
BOUNDED_CURVE()
B_SPLINE_CURVE(2,(#3460,#3461,#3462,#3463,#3464),.UNSPECIFIED.,.F.,.F.)
B_SPLINE_CURVE_WITH_KNOTS((3,2,3),(-3.66317684242689,-1.83158842121344,
0.),.UNSPECIFIED.)
CURVE()
GEOMETRIC_REPRESENTATION_ITEM()
RATIONAL_B_SPLINE_CURVE((1.,0.707106781186548,1.,0.707106781186548,1.))
REPRESENTATION_ITEM('')
);
#594=(
BOUNDED_CURVE()
B_SPLINE_CURVE(2,(#3467,#3468,#3469,#3470,#3471),.UNSPECIFIED.,.F.,.F.)
B_SPLINE_CURVE_WITH_KNOTS((3,2,3),(0.,2.033617352688,4.06723470537601),
 .UNSPECIFIED.)
CURVE()
GEOMETRIC_REPRESENTATION_ITEM()
RATIONAL_B_SPLINE_CURVE((1.,0.707106781186548,1.,0.707106781186548,1.))
REPRESENTATION_ITEM('')
);
#595=(
BOUNDED_CURVE()
B_SPLINE_CURVE(2,(#3476,#3477,#3478,#3479,#3480),.UNSPECIFIED.,.F.,.F.)
B_SPLINE_CURVE_WITH_KNOTS((3,2,3),(-3.66317684242689,-1.83158842121344,
0.),.UNSPECIFIED.)
CURVE()
GEOMETRIC_REPRESENTATION_ITEM()
RATIONAL_B_SPLINE_CURVE((1.,0.707106781186548,1.,0.707106781186548,1.))
REPRESENTATION_ITEM('')
);
#596=(
BOUNDED_CURVE()
B_SPLINE_CURVE(2,(#3485,#3486,#3487,#3488,#3489),.UNSPECIFIED.,.F.,.F.)
B_SPLINE_CURVE_WITH_KNOTS((3,2,3),(-3.66317684242689,-1.83158820287106,
0.),.UNSPECIFIED.)
CURVE()
GEOMETRIC_REPRESENTATION_ITEM()
RATIONAL_B_SPLINE_CURVE((1.,0.707106781186547,1.,0.707106900395835,1.))
REPRESENTATION_ITEM('')
);
#597=(
BOUNDED_CURVE()
B_SPLINE_CURVE(2,(#3490,#3491,#3492,#3493,#3494),.UNSPECIFIED.,.F.,.F.)
B_SPLINE_CURVE_WITH_KNOTS((3,2,3),(-3.66317684242689,-1.83158863955582,
0.),.UNSPECIFIED.)
CURVE()
GEOMETRIC_REPRESENTATION_ITEM()
RATIONAL_B_SPLINE_CURVE((1.,0.707106900395836,1.,0.707106781186548,1.))
REPRESENTATION_ITEM('')
);
#598=(
BOUNDED_CURVE()
B_SPLINE_CURVE(3,(#3513,#3514,#3515,#3516),.UNSPECIFIED.,.F.,.F.)
B_SPLINE_CURVE_WITH_KNOTS((4,4),(0.,0.802411954871),.UNSPECIFIED.)
CURVE()
GEOMETRIC_REPRESENTATION_ITEM()
RATIONAL_B_SPLINE_CURVE((1.,1.,1.,1.))
REPRESENTATION_ITEM('')
);
#599=(
BOUNDED_CURVE()
B_SPLINE_CURVE(3,(#3517,#3518,#3519,#3520),.UNSPECIFIED.,.F.,.F.)
B_SPLINE_CURVE_WITH_KNOTS((4,4),(-7.740643237735,-7.322075406766),
 .UNSPECIFIED.)
CURVE()
GEOMETRIC_REPRESENTATION_ITEM()
RATIONAL_B_SPLINE_CURVE((1.,0.985453292574,0.985453292574,1.))
REPRESENTATION_ITEM('')
);
#600=(
BOUNDED_CURVE()
B_SPLINE_CURVE(3,(#3521,#3522,#3523,#3524),.UNSPECIFIED.,.F.,.F.)
B_SPLINE_CURVE_WITH_KNOTS((4,4),(-7.740643237735,-7.322075406766),
 .UNSPECIFIED.)
CURVE()
GEOMETRIC_REPRESENTATION_ITEM()
RATIONAL_B_SPLINE_CURVE((1.,0.985453292574,0.985453292574,1.))
REPRESENTATION_ITEM('')
);
#601=(
BOUNDED_CURVE()
B_SPLINE_CURVE(3,(#3527,#3528,#3529,#3530),.UNSPECIFIED.,.F.,.F.)
B_SPLINE_CURVE_WITH_KNOTS((4,4),(0.,3.001095620926),.UNSPECIFIED.)
CURVE()
GEOMETRIC_REPRESENTATION_ITEM()
RATIONAL_B_SPLINE_CURVE((1.,1.,1.,1.))
REPRESENTATION_ITEM('')
);
#602=(
BOUNDED_CURVE()
B_SPLINE_CURVE(3,(#3531,#3532,#3533,#3534),.UNSPECIFIED.,.F.,.F.)
B_SPLINE_CURVE_WITH_KNOTS((4,4),(-4.32097978584,-3.90241195487),
 .UNSPECIFIED.)
CURVE()
GEOMETRIC_REPRESENTATION_ITEM()
RATIONAL_B_SPLINE_CURVE((1.,0.985453292574,0.985453292574,1.))
REPRESENTATION_ITEM('')
);
#603=(
BOUNDED_CURVE()
B_SPLINE_CURVE(3,(#3535,#3536,#3537,#3538),.UNSPECIFIED.,.F.,.F.)
B_SPLINE_CURVE_WITH_KNOTS((4,4),(-4.32097978584,-3.90241195487),
 .UNSPECIFIED.)
CURVE()
GEOMETRIC_REPRESENTATION_ITEM()
RATIONAL_B_SPLINE_CURVE((1.,0.985453292574,0.985453292574,1.))
REPRESENTATION_ITEM('')
);
#604=(
BOUNDED_CURVE()
B_SPLINE_CURVE(3,(#3541,#3542,#3543,#3544),.UNSPECIFIED.,.F.,.F.)
B_SPLINE_CURVE_WITH_KNOTS((4,4),(-0.552411954871,0.),.UNSPECIFIED.)
CURVE()
GEOMETRIC_REPRESENTATION_ITEM()
RATIONAL_B_SPLINE_CURVE((1.,1.,1.,1.))
REPRESENTATION_ITEM('')
);
#605=(
BOUNDED_CURVE()
B_SPLINE_CURVE(3,(#3547,#3548,#3549,#3550),.UNSPECIFIED.,.F.,.F.)
B_SPLINE_CURVE_WITH_KNOTS((4,4),(-0.55,0.),.UNSPECIFIED.)
CURVE()
GEOMETRIC_REPRESENTATION_ITEM()
RATIONAL_B_SPLINE_CURVE((1.,1.,1.,1.))
REPRESENTATION_ITEM('')
);
#606=(
BOUNDED_CURVE()
B_SPLINE_CURVE(3,(#3553,#3554,#3555,#3556),.UNSPECIFIED.,.F.,.F.)
B_SPLINE_CURVE_WITH_KNOTS((4,4),(0.,0.25),.UNSPECIFIED.)
CURVE()
GEOMETRIC_REPRESENTATION_ITEM()
RATIONAL_B_SPLINE_CURVE((1.,1.,1.,1.))
REPRESENTATION_ITEM('')
);
#607=(
BOUNDED_CURVE()
B_SPLINE_CURVE(3,(#3559,#3560,#3561,#3562),.UNSPECIFIED.,.F.,.F.)
B_SPLINE_CURVE_WITH_KNOTS((4,4),(-2.549999999999,0.),.UNSPECIFIED.)
CURVE()
GEOMETRIC_REPRESENTATION_ITEM()
RATIONAL_B_SPLINE_CURVE((1.,1.,1.,1.))
REPRESENTATION_ITEM('')
);
#608=(
BOUNDED_CURVE()
B_SPLINE_CURVE(2,(#3659,#3660,#3661),.UNSPECIFIED.,.F.,.F.)
B_SPLINE_CURVE_WITH_KNOTS((3,3),(0.,0.146607657167308),.UNSPECIFIED.)
CURVE()
GEOMETRIC_REPRESENTATION_ITEM()
RATIONAL_B_SPLINE_CURVE((1.,0.743144825474788,1.))
REPRESENTATION_ITEM('')
);
#609=(
BOUNDED_CURVE()
B_SPLINE_CURVE(2,(#3668,#3669,#3670),.UNSPECIFIED.,.F.,.F.)
B_SPLINE_CURVE_WITH_KNOTS((3,3),(-0.155986990973577,0.),.UNSPECIFIED.)
CURVE()
GEOMETRIC_REPRESENTATION_ITEM()
RATIONAL_B_SPLINE_CURVE((1.,0.710959281410937,1.))
REPRESENTATION_ITEM('')
);
#610=(
BOUNDED_CURVE()
B_SPLINE_CURVE(2,(#3675,#3676,#3677),.UNSPECIFIED.,.F.,.F.)
B_SPLINE_CURVE_WITH_KNOTS((3,3),(0.,0.146607657165842),.UNSPECIFIED.)
CURVE()
GEOMETRIC_REPRESENTATION_ITEM()
RATIONAL_B_SPLINE_CURVE((1.,0.743144825475432,1.))
REPRESENTATION_ITEM('')
);
#611=(
BOUNDED_CURVE()
B_SPLINE_CURVE(2,(#3682,#3683,#3684),.UNSPECIFIED.,.F.,.F.)
B_SPLINE_CURVE_WITH_KNOTS((3,3),(0.,0.15707963267949),.UNSPECIFIED.)
CURVE()
GEOMETRIC_REPRESENTATION_ITEM()
RATIONAL_B_SPLINE_CURVE((1.,0.707106781187325,1.))
REPRESENTATION_ITEM('')
);
#612=(
BOUNDED_CURVE()
B_SPLINE_CURVE(3,(#3695,#3696,#3697,#3698),.UNSPECIFIED.,.F.,.F.)
B_SPLINE_CURVE_WITH_KNOTS((4,4),(-1.675516081914,-1.570796326794),
 .UNSPECIFIED.)
CURVE()
GEOMETRIC_REPRESENTATION_ITEM()
RATIONAL_B_SPLINE_CURVE((1.,0.999086356503,0.999086356503,1.))
REPRESENTATION_ITEM('')
);
#613=(
BOUNDED_CURVE()
B_SPLINE_CURVE(2,(#3707,#3708,#3709),.UNSPECIFIED.,.F.,.F.)
B_SPLINE_CURVE_WITH_KNOTS((3,3),(0.,0.146607657168303),.UNSPECIFIED.)
CURVE()
GEOMETRIC_REPRESENTATION_ITEM()
RATIONAL_B_SPLINE_CURVE((1.,0.743144825479317,1.))
REPRESENTATION_ITEM('')
);
#614=(
BOUNDED_CURVE()
B_SPLINE_CURVE(2,(#3722,#3723,#3724),.UNSPECIFIED.,.F.,.F.)
B_SPLINE_CURVE_WITH_KNOTS((3,3),(-0.146607657167204,0.),.UNSPECIFIED.)
CURVE()
GEOMETRIC_REPRESENTATION_ITEM()
RATIONAL_B_SPLINE_CURVE((1.,0.743144825477592,1.))
REPRESENTATION_ITEM('')
);
#615=(
BOUNDED_CURVE()
B_SPLINE_CURVE(2,(#3731,#3732,#3733),.UNSPECIFIED.,.F.,.F.)
B_SPLINE_CURVE_WITH_KNOTS((3,3),(0.,1.5707963267949),.UNSPECIFIED.)
CURVE()
GEOMETRIC_REPRESENTATION_ITEM()
RATIONAL_B_SPLINE_CURVE((1.,0.70710678118656,1.))
REPRESENTATION_ITEM('')
);
#616=(
BOUNDED_CURVE()
B_SPLINE_CURVE(2,(#3736,#3737,#3738),.UNSPECIFIED.,.F.,.F.)
B_SPLINE_CURVE_WITH_KNOTS((3,3),(-0.155986990973784,0.),.UNSPECIFIED.)
CURVE()
GEOMETRIC_REPRESENTATION_ITEM()
RATIONAL_B_SPLINE_CURVE((1.,0.710959281414509,1.))
REPRESENTATION_ITEM('')
);
#617=(
BOUNDED_CURVE()
B_SPLINE_CURVE(2,(#3743,#3744,#3745),.UNSPECIFIED.,.F.,.F.)
B_SPLINE_CURVE_WITH_KNOTS((3,3),(0.,0.146607657168303),.UNSPECIFIED.)
CURVE()
GEOMETRIC_REPRESENTATION_ITEM()
RATIONAL_B_SPLINE_CURVE((1.,0.74314482547294,1.))
REPRESENTATION_ITEM('')
);
#618=(
BOUNDED_CURVE()
B_SPLINE_CURVE(2,(#3750,#3751,#3752),.UNSPECIFIED.,.F.,.F.)
B_SPLINE_CURVE_WITH_KNOTS((3,3),(0.,1.5707963267949),.UNSPECIFIED.)
CURVE()
GEOMETRIC_REPRESENTATION_ITEM()
RATIONAL_B_SPLINE_CURVE((1.,0.707106781184827,1.))
REPRESENTATION_ITEM('')
);
#619=(
BOUNDED_CURVE()
B_SPLINE_CURVE(2,(#3787,#3788,#3789),.UNSPECIFIED.,.F.,.F.)
B_SPLINE_CURVE_WITH_KNOTS((3,3),(0.,0.15707963267949),.UNSPECIFIED.)
CURVE()
GEOMETRIC_REPRESENTATION_ITEM()
RATIONAL_B_SPLINE_CURVE((1.,0.70710678118901,1.))
REPRESENTATION_ITEM('')
);
#620=(
BOUNDED_CURVE()
B_SPLINE_CURVE(2,(#3794,#3795,#3796),.UNSPECIFIED.,.F.,.F.)
B_SPLINE_CURVE_WITH_KNOTS((3,3),(-0.146607657168198,0.),.UNSPECIFIED.)
CURVE()
GEOMETRIC_REPRESENTATION_ITEM()
RATIONAL_B_SPLINE_CURVE((1.,0.743144825473696,1.))
REPRESENTATION_ITEM('')
);
#621=(
BOUNDED_CURVE()
B_SPLINE_CURVE(3,(#3815,#3816,#3817,#3818),.UNSPECIFIED.,.F.,.F.)
B_SPLINE_CURVE_WITH_KNOTS((4,4),(-1.570796326794,-1.466076571675),
 .UNSPECIFIED.)
CURVE()
GEOMETRIC_REPRESENTATION_ITEM()
RATIONAL_B_SPLINE_CURVE((1.,0.999086356503,0.999086356503,1.))
REPRESENTATION_ITEM('')
);
#622=(
BOUNDED_CURVE()
B_SPLINE_CURVE(2,(#3839,#3840,#3841),.UNSPECIFIED.,.F.,.F.)
B_SPLINE_CURVE_WITH_KNOTS((3,3),(0.,0.146607657168303),.UNSPECIFIED.)
CURVE()
GEOMETRIC_REPRESENTATION_ITEM()
RATIONAL_B_SPLINE_CURVE((1.,0.743144825473243,1.))
REPRESENTATION_ITEM('')
);
#623=(
BOUNDED_CURVE()
B_SPLINE_CURVE(2,(#3848,#3849,#3850),.UNSPECIFIED.,.F.,.F.)
B_SPLINE_CURVE_WITH_KNOTS((3,3),(-0.155986990973784,0.),.UNSPECIFIED.)
CURVE()
GEOMETRIC_REPRESENTATION_ITEM()
RATIONAL_B_SPLINE_CURVE((1.,0.710959281411533,1.))
REPRESENTATION_ITEM('')
);
#624=(
BOUNDED_CURVE()
B_SPLINE_CURVE(2,(#3855,#3856,#3857),.UNSPECIFIED.,.F.,.F.)
B_SPLINE_CURVE_WITH_KNOTS((3,3),(0.,0.146607657168303),.UNSPECIFIED.)
CURVE()
GEOMETRIC_REPRESENTATION_ITEM()
RATIONAL_B_SPLINE_CURVE((1.,0.743144825480296,1.))
REPRESENTATION_ITEM('')
);
#625=(
BOUNDED_CURVE()
B_SPLINE_CURVE(2,(#3862,#3863,#3864),.UNSPECIFIED.,.F.,.F.)
B_SPLINE_CURVE_WITH_KNOTS((3,3),(0.,0.15707963267949),.UNSPECIFIED.)
CURVE()
GEOMETRIC_REPRESENTATION_ITEM()
RATIONAL_B_SPLINE_CURVE((1.,0.707106781188392,1.))
REPRESENTATION_ITEM('')
);
#626=(
BOUNDED_CURVE()
B_SPLINE_CURVE(3,(#3875,#3876,#3877,#3878),.UNSPECIFIED.,.F.,.F.)
B_SPLINE_CURVE_WITH_KNOTS((4,4),(-1.675516081914,-1.570796326794),
 .UNSPECIFIED.)
CURVE()
GEOMETRIC_REPRESENTATION_ITEM()
RATIONAL_B_SPLINE_CURVE((1.,0.999086356503,0.999086356503,1.))
REPRESENTATION_ITEM('')
);
#627=(
BOUNDED_CURVE()
B_SPLINE_CURVE(2,(#3887,#3888,#3889),.UNSPECIFIED.,.F.,.F.)
B_SPLINE_CURVE_WITH_KNOTS((3,3),(0.,0.146607657167308),.UNSPECIFIED.)
CURVE()
GEOMETRIC_REPRESENTATION_ITEM()
RATIONAL_B_SPLINE_CURVE((1.,0.743144825476463,1.))
REPRESENTATION_ITEM('')
);
#628=(
BOUNDED_CURVE()
B_SPLINE_CURVE(2,(#3902,#3903,#3904),.UNSPECIFIED.,.F.,.F.)
B_SPLINE_CURVE_WITH_KNOTS((3,3),(0.,0.15707963267949),.UNSPECIFIED.)
CURVE()
GEOMETRIC_REPRESENTATION_ITEM()
RATIONAL_B_SPLINE_CURVE((1.,0.707106781184833,1.))
REPRESENTATION_ITEM('')
);
#629=(
BOUNDED_CURVE()
B_SPLINE_CURVE(2,(#3907,#3908,#3909),.UNSPECIFIED.,.F.,.F.)
B_SPLINE_CURVE_WITH_KNOTS((3,3),(-0.146607657168198,0.),.UNSPECIFIED.)
CURVE()
GEOMETRIC_REPRESENTATION_ITEM()
RATIONAL_B_SPLINE_CURVE((1.,0.743144825473714,1.))
REPRESENTATION_ITEM('')
);
#630=(
BOUNDED_CURVE()
B_SPLINE_CURVE(2,(#3916,#3917,#3918),.UNSPECIFIED.,.F.,.F.)
B_SPLINE_CURVE_WITH_KNOTS((3,3),(-0.155986990973577,0.),.UNSPECIFIED.)
CURVE()
GEOMETRIC_REPRESENTATION_ITEM()
RATIONAL_B_SPLINE_CURVE((1.,0.710959281411848,1.))
REPRESENTATION_ITEM('')
);
#631=(
BOUNDED_CURVE()
B_SPLINE_CURVE(2,(#3923,#3924,#3925),.UNSPECIFIED.,.F.,.F.)
B_SPLINE_CURVE_WITH_KNOTS((3,3),(0.,0.146607657165842),.UNSPECIFIED.)
CURVE()
GEOMETRIC_REPRESENTATION_ITEM()
RATIONAL_B_SPLINE_CURVE((1.,0.743144825474786,1.))
REPRESENTATION_ITEM('')
);
#632=(
BOUNDED_CURVE()
B_SPLINE_CURVE(2,(#3930,#3931,#3932),.UNSPECIFIED.,.F.,.F.)
B_SPLINE_CURVE_WITH_KNOTS((3,3),(0.,0.15707963267949),.UNSPECIFIED.)
CURVE()
GEOMETRIC_REPRESENTATION_ITEM()
RATIONAL_B_SPLINE_CURVE((1.,0.707106781186535,1.))
REPRESENTATION_ITEM('')
);
#633=(
BOUNDED_CURVE()
B_SPLINE_CURVE(2,(#3967,#3968,#3969),.UNSPECIFIED.,.F.,.F.)
B_SPLINE_CURVE_WITH_KNOTS((3,3),(0.,0.15707963267949),.UNSPECIFIED.)
CURVE()
GEOMETRIC_REPRESENTATION_ITEM()
RATIONAL_B_SPLINE_CURVE((1.,0.707106781186021,1.))
REPRESENTATION_ITEM('')
);
#634=(
BOUNDED_CURVE()
B_SPLINE_CURVE(2,(#3972,#3973,#3974),.UNSPECIFIED.,.F.,.F.)
B_SPLINE_CURVE_WITH_KNOTS((3,3),(-0.146607657167204,0.),.UNSPECIFIED.)
CURVE()
GEOMETRIC_REPRESENTATION_ITEM()
RATIONAL_B_SPLINE_CURVE((1.,0.743144825477624,1.))
REPRESENTATION_ITEM('')
);
#635=(
BOUNDED_CURVE()
B_SPLINE_CURVE(3,(#3993,#3994,#3995,#3996),.UNSPECIFIED.,.F.,.F.)
B_SPLINE_CURVE_WITH_KNOTS((4,4),(-1.570796326794,-1.466076571675),
 .UNSPECIFIED.)
CURVE()
GEOMETRIC_REPRESENTATION_ITEM()
RATIONAL_B_SPLINE_CURVE((1.,0.999086356503,0.999086356503,1.))
REPRESENTATION_ITEM('')
);
#636=(
BOUNDED_CURVE()
B_SPLINE_CURVE(3,(#4001,#4002,#4003,#4004),.UNSPECIFIED.,.F.,.F.)
B_SPLINE_CURVE_WITH_KNOTS((4,4),(-1.675516081914,-1.570796326794),
 .UNSPECIFIED.)
CURVE()
GEOMETRIC_REPRESENTATION_ITEM()
RATIONAL_B_SPLINE_CURVE((1.,0.999086356503,0.999086356503,1.))
REPRESENTATION_ITEM('')
);
#637=(
BOUNDED_CURVE()
B_SPLINE_CURVE(3,(#4011,#4012,#4013,#4014),.UNSPECIFIED.,.F.,.F.)
B_SPLINE_CURVE_WITH_KNOTS((4,4),(-1.570796326794,-1.466076571675),
 .UNSPECIFIED.)
CURVE()
GEOMETRIC_REPRESENTATION_ITEM()
RATIONAL_B_SPLINE_CURVE((1.,0.999086356503,0.999086356503,1.))
REPRESENTATION_ITEM('')
);
#638=(
BOUNDED_CURVE()
B_SPLINE_CURVE(3,(#4037,#4038,#4039,#4040),.UNSPECIFIED.,.F.,.F.)
B_SPLINE_CURVE_WITH_KNOTS((4,4),(-1.675516081914,-1.570796326794),
 .UNSPECIFIED.)
CURVE()
GEOMETRIC_REPRESENTATION_ITEM()
RATIONAL_B_SPLINE_CURVE((1.,0.999086356503,0.999086356503,1.))
REPRESENTATION_ITEM('')
);
#639=(
BOUNDED_CURVE()
B_SPLINE_CURVE(3,(#4047,#4048,#4049,#4050),.UNSPECIFIED.,.F.,.F.)
B_SPLINE_CURVE_WITH_KNOTS((4,4),(-1.570796326794,-1.466076571675),
 .UNSPECIFIED.)
CURVE()
GEOMETRIC_REPRESENTATION_ITEM()
RATIONAL_B_SPLINE_CURVE((1.,0.999086356503,0.999086356503,1.))
REPRESENTATION_ITEM('')
);
#640=(
BOUNDED_CURVE()
B_SPLINE_CURVE(3,(#4075,#4076,#4077,#4078),.UNSPECIFIED.,.F.,.F.)
B_SPLINE_CURVE_WITH_KNOTS((4,4),(-3.130666236546,-2.712098405577),
 .UNSPECIFIED.)
CURVE()
GEOMETRIC_REPRESENTATION_ITEM()
RATIONAL_B_SPLINE_CURVE((1.,0.985453292574,0.985453292574,1.))
REPRESENTATION_ITEM('')
);
#641=(
BOUNDED_CURVE()
B_SPLINE_CURVE(3,(#4097,#4098,#4099,#4100),.UNSPECIFIED.,.F.,.F.)
B_SPLINE_CURVE_WITH_KNOTS((4,4),(-3.571086901602,-3.152519070632),
 .UNSPECIFIED.)
CURVE()
GEOMETRIC_REPRESENTATION_ITEM()
RATIONAL_B_SPLINE_CURVE((1.,0.985453292574,0.985453292574,1.))
REPRESENTATION_ITEM('')
);
#642=(
BOUNDED_CURVE()
B_SPLINE_CURVE(3,(#4115,#4116,#4117,#4118),.UNSPECIFIED.,.F.,.F.)
B_SPLINE_CURVE_WITH_KNOTS((4,4),(-3.130666236546,-2.712098405577),
 .UNSPECIFIED.)
CURVE()
GEOMETRIC_REPRESENTATION_ITEM()
RATIONAL_B_SPLINE_CURVE((1.,0.985453292574,0.985453292574,1.))
REPRESENTATION_ITEM('')
);
#643=(
BOUNDED_CURVE()
B_SPLINE_CURVE(3,(#4163,#4164,#4165,#4166),.UNSPECIFIED.,.F.,.F.)
B_SPLINE_CURVE_WITH_KNOTS((4,4),(-3.130666236546,-2.712098405577),
 .UNSPECIFIED.)
CURVE()
GEOMETRIC_REPRESENTATION_ITEM()
RATIONAL_B_SPLINE_CURVE((1.,0.985453292574,0.985453292574,1.))
REPRESENTATION_ITEM('')
);
#644=(
BOUNDED_CURVE()
B_SPLINE_CURVE(3,(#4185,#4186,#4187,#4188),.UNSPECIFIED.,.F.,.F.)
B_SPLINE_CURVE_WITH_KNOTS((4,4),(-3.571086901602,-3.152519070632),
 .UNSPECIFIED.)
CURVE()
GEOMETRIC_REPRESENTATION_ITEM()
RATIONAL_B_SPLINE_CURVE((1.,0.985453292574,0.985453292574,1.))
REPRESENTATION_ITEM('')
);
#645=(
BOUNDED_CURVE()
B_SPLINE_CURVE(3,(#4221,#4222,#4223,#4224),.UNSPECIFIED.,.F.,.F.)
B_SPLINE_CURVE_WITH_KNOTS((4,4),(-3.571086901602,-3.152519070632),
 .UNSPECIFIED.)
CURVE()
GEOMETRIC_REPRESENTATION_ITEM()
RATIONAL_B_SPLINE_CURVE((1.,0.985453292574,0.985453292574,1.))
REPRESENTATION_ITEM('')
);
#646=(
BOUNDED_CURVE()
B_SPLINE_CURVE(2,(#4243,#4244,#4245),.UNSPECIFIED.,.F.,.F.)
B_SPLINE_CURVE_WITH_KNOTS((3,3),(0.,0.078539816338174),.UNSPECIFIED.)
CURVE()
GEOMETRIC_REPRESENTATION_ITEM()
RATIONAL_B_SPLINE_CURVE((1.,0.70710678119009,1.))
REPRESENTATION_ITEM('')
);
#647=(
BOUNDED_CURVE()
B_SPLINE_CURVE(2,(#4246,#4247,#4248),.UNSPECIFIED.,.F.,.F.)
B_SPLINE_CURVE_WITH_KNOTS((3,3),(0.,0.078539816338174),.UNSPECIFIED.)
CURVE()
GEOMETRIC_REPRESENTATION_ITEM()
RATIONAL_B_SPLINE_CURVE((1.,0.707107019612146,1.))
REPRESENTATION_ITEM('')
);
#648=(
BOUNDED_CURVE()
B_SPLINE_CURVE(2,(#4329,#4330,#4331),.UNSPECIFIED.,.F.,.F.)
B_SPLINE_CURVE_WITH_KNOTS((3,3),(0.,0.078539816338174),.UNSPECIFIED.)
CURVE()
GEOMETRIC_REPRESENTATION_ITEM()
RATIONAL_B_SPLINE_CURVE((1.,0.70710678119009,1.))
REPRESENTATION_ITEM('')
);
#649=(
BOUNDED_CURVE()
B_SPLINE_CURVE(2,(#4332,#4333,#4334),.UNSPECIFIED.,.F.,.F.)
B_SPLINE_CURVE_WITH_KNOTS((3,3),(0.,0.078539816338174),.UNSPECIFIED.)
CURVE()
GEOMETRIC_REPRESENTATION_ITEM()
RATIONAL_B_SPLINE_CURVE((1.,0.707107019612145,1.))
REPRESENTATION_ITEM('')
);
#650=(
BOUNDED_CURVE()
B_SPLINE_CURVE(2,(#4339,#4340,#4341),.UNSPECIFIED.,.F.,.F.)
B_SPLINE_CURVE_WITH_KNOTS((3,3),(0.,0.078539816338174),.UNSPECIFIED.)
CURVE()
GEOMETRIC_REPRESENTATION_ITEM()
RATIONAL_B_SPLINE_CURVE((1.,0.70710678119009,1.))
REPRESENTATION_ITEM('')
);
#651=(
BOUNDED_CURVE()
B_SPLINE_CURVE(2,(#4342,#4343,#4344),.UNSPECIFIED.,.F.,.F.)
B_SPLINE_CURVE_WITH_KNOTS((3,3),(0.,0.078539816338174),.UNSPECIFIED.)
CURVE()
GEOMETRIC_REPRESENTATION_ITEM()
RATIONAL_B_SPLINE_CURVE((1.,0.707107019612146,1.))
REPRESENTATION_ITEM('')
);
#652=(
BOUNDED_CURVE()
B_SPLINE_CURVE(2,(#4349,#4350,#4351),.UNSPECIFIED.,.F.,.F.)
B_SPLINE_CURVE_WITH_KNOTS((3,3),(0.,0.078539816338174),.UNSPECIFIED.)
CURVE()
GEOMETRIC_REPRESENTATION_ITEM()
RATIONAL_B_SPLINE_CURVE((1.,0.707106781190052,1.))
REPRESENTATION_ITEM('')
);
#653=(
BOUNDED_CURVE()
B_SPLINE_CURVE(2,(#4352,#4353,#4354),.UNSPECIFIED.,.F.,.F.)
B_SPLINE_CURVE_WITH_KNOTS((3,3),(0.,0.078539816338174),.UNSPECIFIED.)
CURVE()
GEOMETRIC_REPRESENTATION_ITEM()
RATIONAL_B_SPLINE_CURVE((1.,0.707107019612146,1.))
REPRESENTATION_ITEM('')
);
#654=(
BOUNDED_CURVE()
B_SPLINE_CURVE(2,(#4355,#4356,#4357,#4358,#4359),.UNSPECIFIED.,.F.,.F.)
B_SPLINE_CURVE_WITH_KNOTS((3,2,3),(-4.08407044966673,-2.04203522483337,
0.),.UNSPECIFIED.)
CURVE()
GEOMETRIC_REPRESENTATION_ITEM()
RATIONAL_B_SPLINE_CURVE((1.,0.707106781186548,1.,0.707106781186548,1.))
REPRESENTATION_ITEM('')
);
#655=(
BOUNDED_CURVE()
B_SPLINE_CURVE(2,(#4360,#4361,#4362,#4363,#4364),.UNSPECIFIED.,.F.,.F.)
B_SPLINE_CURVE_WITH_KNOTS((3,2,3),(-4.08407044966673,-2.04203522483337,
0.),.UNSPECIFIED.)
CURVE()
GEOMETRIC_REPRESENTATION_ITEM()
RATIONAL_B_SPLINE_CURVE((1.,0.707106781186548,1.,0.707106781186548,1.))
REPRESENTATION_ITEM('')
);
#656=(
BOUNDED_CURVE()
B_SPLINE_CURVE(2,(#4365,#4366,#4367,#4368,#4369),.UNSPECIFIED.,.F.,.F.)
B_SPLINE_CURVE_WITH_KNOTS((3,2,3),(-4.08407044966673,-2.04203522483337,
0.),.UNSPECIFIED.)
CURVE()
GEOMETRIC_REPRESENTATION_ITEM()
RATIONAL_B_SPLINE_CURVE((1.,0.707106781186547,1.,0.707106781186547,1.))
REPRESENTATION_ITEM('')
);
#657=(
BOUNDED_CURVE()
B_SPLINE_CURVE(2,(#4370,#4371,#4372,#4373,#4374),.UNSPECIFIED.,.F.,.F.)
B_SPLINE_CURVE_WITH_KNOTS((3,2,3),(-4.08407044966673,-2.04203522483337,
0.),.UNSPECIFIED.)
CURVE()
GEOMETRIC_REPRESENTATION_ITEM()
RATIONAL_B_SPLINE_CURVE((1.,0.707106781186548,1.,0.707106781186548,1.))
REPRESENTATION_ITEM('')
);
#658=(
BOUNDED_CURVE()
B_SPLINE_CURVE(3,(#4389,#4390,#4391,#4392),.UNSPECIFIED.,.F.,.F.)
B_SPLINE_CURVE_WITH_KNOTS((4,4),(-3.571086901602,-3.152519070632),
 .UNSPECIFIED.)
CURVE()
GEOMETRIC_REPRESENTATION_ITEM()
RATIONAL_B_SPLINE_CURVE((1.,0.985453292574,0.985453292574,1.))
REPRESENTATION_ITEM('')
);
#659=(
BOUNDED_CURVE()
B_SPLINE_CURVE(3,(#4401,#4402,#4403,#4404),.UNSPECIFIED.,.F.,.F.)
B_SPLINE_CURVE_WITH_KNOTS((4,4),(-3.130666236546,-2.712098405577),
 .UNSPECIFIED.)
CURVE()
GEOMETRIC_REPRESENTATION_ITEM()
RATIONAL_B_SPLINE_CURVE((1.,0.985453292574,0.985453292574,1.))
REPRESENTATION_ITEM('')
);
#660=(
BOUNDED_CURVE()
B_SPLINE_CURVE(3,(#4523,#4524,#4525,#4526),.UNSPECIFIED.,.F.,.F.)
B_SPLINE_CURVE_WITH_KNOTS((4,4),(-3.571086901602,-3.152519070632),
 .UNSPECIFIED.)
CURVE()
GEOMETRIC_REPRESENTATION_ITEM()
RATIONAL_B_SPLINE_CURVE((1.,0.985453292574,0.985453292574,1.))
REPRESENTATION_ITEM('')
);
#661=(
BOUNDED_CURVE()
B_SPLINE_CURVE(3,(#4533,#4534,#4535,#4536),.UNSPECIFIED.,.F.,.F.)
B_SPLINE_CURVE_WITH_KNOTS((4,4),(-3.130666236546,-2.712098405577),
 .UNSPECIFIED.)
CURVE()
GEOMETRIC_REPRESENTATION_ITEM()
RATIONAL_B_SPLINE_CURVE((1.,0.985453292574,0.985453292574,1.))
REPRESENTATION_ITEM('')
);
#662=(
BOUNDED_CURVE()
B_SPLINE_CURVE(3,(#4557,#4558,#4559,#4560),.UNSPECIFIED.,.F.,.F.)
B_SPLINE_CURVE_WITH_KNOTS((4,4),(-3.130666236546,-2.712098405577),
 .UNSPECIFIED.)
CURVE()
GEOMETRIC_REPRESENTATION_ITEM()
RATIONAL_B_SPLINE_CURVE((1.,0.985453292574,0.985453292574,1.))
REPRESENTATION_ITEM('')
);
#663=(
BOUNDED_CURVE()
B_SPLINE_CURVE(3,(#4587,#4588,#4589,#4590),.UNSPECIFIED.,.F.,.F.)
B_SPLINE_CURVE_WITH_KNOTS((4,4),(-3.571086901602,-3.152519070632),
 .UNSPECIFIED.)
CURVE()
GEOMETRIC_REPRESENTATION_ITEM()
RATIONAL_B_SPLINE_CURVE((1.,0.985453292574,0.985453292574,1.))
REPRESENTATION_ITEM('')
);
#664=PCURVE('',#2332,#1018);
#665=PCURVE('',#2332,#1019);
#666=PCURVE('',#2332,#1020);
#667=PCURVE('',#2332,#1021);
#668=PCURVE('',#2333,#1022);
#669=PCURVE('',#2333,#1023);
#670=PCURVE('',#2333,#1024);
#671=PCURVE('',#2333,#1025);
#672=PCURVE('',#2293,#1026);
#673=PCURVE('',#2293,#1027);
#674=PCURVE('',#2293,#1028);
#675=PCURVE('',#2293,#1029);
#676=PCURVE('',#2293,#1030);
#677=PCURVE('',#2293,#1031);
#678=PCURVE('',#2294,#1032);
#679=PCURVE('',#2294,#1033);
#680=PCURVE('',#2294,#1034);
#681=PCURVE('',#2294,#1035);
#682=PCURVE('',#2294,#1036);
#683=PCURVE('',#2294,#1037);
#684=PCURVE('',#2294,#1038);
#685=PCURVE('',#2294,#1039);
#686=PCURVE('',#2295,#1040);
#687=PCURVE('',#2295,#1041);
#688=PCURVE('',#2295,#1042);
#689=PCURVE('',#2295,#1043);
#690=PCURVE('',#2296,#1044);
#691=PCURVE('',#2296,#1045);
#692=PCURVE('',#2296,#1046);
#693=PCURVE('',#2296,#1047);
#694=PCURVE('',#2297,#1048);
#695=PCURVE('',#2297,#1049);
#696=PCURVE('',#2297,#1050);
#697=PCURVE('',#2297,#1051);
#698=PCURVE('',#2298,#1052);
#699=PCURVE('',#2298,#1053);
#700=PCURVE('',#2298,#1054);
#701=PCURVE('',#2298,#1055);
#702=PCURVE('',#2299,#1056);
#703=PCURVE('',#2299,#1057);
#704=PCURVE('',#2299,#1058);
#705=PCURVE('',#2299,#1059);
#706=PCURVE('',#2334,#1060);
#707=PCURVE('',#2334,#1061);
#708=PCURVE('',#2334,#1062);
#709=PCURVE('',#2334,#1063);
#710=PCURVE('',#2335,#1064);
#711=PCURVE('',#2335,#1065);
#712=PCURVE('',#2335,#1066);
#713=PCURVE('',#2336,#1067);
#714=PCURVE('',#2336,#1068);
#715=PCURVE('',#2336,#1069);
#716=PCURVE('',#2336,#1070);
#717=PCURVE('',#2336,#1071);
#718=PCURVE('',#2337,#1072);
#719=PCURVE('',#2337,#1073);
#720=PCURVE('',#2337,#1074);
#721=PCURVE('',#2337,#1075);
#722=PCURVE('',#2338,#1076);
#723=PCURVE('',#2338,#1077);
#724=PCURVE('',#2338,#1078);
#725=PCURVE('',#2339,#1079);
#726=PCURVE('',#2339,#1080);
#727=PCURVE('',#2339,#1081);
#728=PCURVE('',#2340,#1082);
#729=PCURVE('',#2340,#1083);
#730=PCURVE('',#2340,#1084);
#731=PCURVE('',#2340,#1085);
#732=PCURVE('',#2341,#1086);
#733=PCURVE('',#2341,#1087);
#734=PCURVE('',#2341,#1088);
#735=PCURVE('',#2341,#1089);
#736=PCURVE('',#2342,#1090);
#737=PCURVE('',#2342,#1091);
#738=PCURVE('',#2342,#1092);
#739=PCURVE('',#2343,#1093);
#740=PCURVE('',#2343,#1094);
#741=PCURVE('',#2343,#1095);
#742=PCURVE('',#2343,#1096);
#743=PCURVE('',#2343,#1097);
#744=PCURVE('',#2344,#1098);
#745=PCURVE('',#2344,#1099);
#746=PCURVE('',#2344,#1100);
#747=PCURVE('',#2344,#1101);
#748=PCURVE('',#2345,#1102);
#749=PCURVE('',#2345,#1103);
#750=PCURVE('',#2345,#1104);
#751=PCURVE('',#2346,#1105);
#752=PCURVE('',#2346,#1106);
#753=PCURVE('',#2346,#1107);
#754=PCURVE('',#2346,#1108);
#755=PCURVE('',#2346,#1109);
#756=PCURVE('',#2347,#1110);
#757=PCURVE('',#2347,#1111);
#758=PCURVE('',#2347,#1112);
#759=PCURVE('',#2347,#1113);
#760=PCURVE('',#2348,#1114);
#761=PCURVE('',#2348,#1115);
#762=PCURVE('',#2348,#1116);
#763=PCURVE('',#2349,#1117);
#764=PCURVE('',#2349,#1118);
#765=PCURVE('',#2349,#1119);
#766=PCURVE('',#2350,#1120);
#767=PCURVE('',#2350,#1121);
#768=PCURVE('',#2350,#1122);
#769=PCURVE('',#2350,#1123);
#770=PCURVE('',#2351,#1124);
#771=PCURVE('',#2351,#1125);
#772=PCURVE('',#2351,#1126);
#773=PCURVE('',#2351,#1127);
#774=PCURVE('',#2352,#1128);
#775=PCURVE('',#2352,#1129);
#776=PCURVE('',#2352,#1130);
#777=PCURVE('',#2353,#1131);
#778=PCURVE('',#2353,#1132);
#779=PCURVE('',#2353,#1133);
#780=PCURVE('',#2353,#1134);
#781=PCURVE('',#2353,#1135);
#782=PCURVE('',#2300,#1136);
#783=PCURVE('',#2300,#1137);
#784=PCURVE('',#2300,#1138);
#785=PCURVE('',#2300,#1139);
#786=PCURVE('',#2300,#1140);
#787=PCURVE('',#2300,#1141);
#788=PCURVE('',#2301,#1142);
#789=PCURVE('',#2301,#1143);
#790=PCURVE('',#2301,#1144);
#791=PCURVE('',#2301,#1145);
#792=PCURVE('',#2302,#1146);
#793=PCURVE('',#2302,#1147);
#794=PCURVE('',#2302,#1148);
#795=PCURVE('',#2302,#1149);
#796=PCURVE('',#2303,#1150);
#797=PCURVE('',#2303,#1151);
#798=PCURVE('',#2303,#1152);
#799=PCURVE('',#2303,#1153);
#800=PCURVE('',#2303,#1154);
#801=PCURVE('',#2303,#1155);
#802=PCURVE('',#2354,#1156);
#803=PCURVE('',#2354,#1157);
#804=PCURVE('',#2354,#1158);
#805=PCURVE('',#2354,#1159);
#806=PCURVE('',#2355,#1160);
#807=PCURVE('',#2355,#1161);
#808=PCURVE('',#2355,#1162);
#809=PCURVE('',#2355,#1163);
#810=PCURVE('',#2355,#1164);
#811=PCURVE('',#2355,#1165);
#812=PCURVE('',#2356,#1166);
#813=PCURVE('',#2356,#1167);
#814=PCURVE('',#2356,#1168);
#815=PCURVE('',#2356,#1169);
#816=PCURVE('',#2356,#1170);
#817=PCURVE('',#2356,#1171);
#818=PCURVE('',#2357,#1172);
#819=PCURVE('',#2357,#1173);
#820=PCURVE('',#2357,#1174);
#821=PCURVE('',#2357,#1175);
#822=PCURVE('',#2358,#1176);
#823=PCURVE('',#2358,#1177);
#824=PCURVE('',#2358,#1178);
#825=PCURVE('',#2358,#1179);
#826=PCURVE('',#2358,#1180);
#827=PCURVE('',#2358,#1181);
#828=PCURVE('',#2359,#1182);
#829=PCURVE('',#2359,#1183);
#830=PCURVE('',#2359,#1184);
#831=PCURVE('',#2359,#1185);
#832=PCURVE('',#2359,#1186);
#833=PCURVE('',#2359,#1187);
#834=PCURVE('',#2304,#1188);
#835=PCURVE('',#2304,#1189);
#836=PCURVE('',#2304,#1190);
#837=PCURVE('',#2304,#1191);
#838=PCURVE('',#2305,#1192);
#839=PCURVE('',#2305,#1193);
#840=PCURVE('',#2305,#1194);
#841=PCURVE('',#2305,#1195);
#842=PCURVE('',#2306,#1196);
#843=PCURVE('',#2306,#1197);
#844=PCURVE('',#2306,#1198);
#845=PCURVE('',#2306,#1199);
#846=PCURVE('',#2307,#1200);
#847=PCURVE('',#2307,#1201);
#848=PCURVE('',#2307,#1202);
#849=PCURVE('',#2307,#1203);
#850=PCURVE('',#2308,#1204);
#851=PCURVE('',#2308,#1205);
#852=PCURVE('',#2308,#1206);
#853=PCURVE('',#2308,#1207);
#854=PCURVE('',#2309,#1208);
#855=PCURVE('',#2309,#1209);
#856=PCURVE('',#2309,#1210);
#857=PCURVE('',#2309,#1211);
#858=PCURVE('',#2310,#1212);
#859=PCURVE('',#2310,#1213);
#860=PCURVE('',#2310,#1214);
#861=PCURVE('',#2310,#1215);
#862=PCURVE('',#2311,#1216);
#863=PCURVE('',#2311,#1217);
#864=PCURVE('',#2311,#1218);
#865=PCURVE('',#2311,#1219);
#866=PCURVE('',#2311,#1220);
#867=PCURVE('',#2311,#1221);
#868=PCURVE('',#2311,#1222);
#869=PCURVE('',#2311,#1223);
#870=PCURVE('',#2311,#1224);
#871=PCURVE('',#2311,#1225);
#872=PCURVE('',#2360,#1226);
#873=PCURVE('',#2360,#1227);
#874=PCURVE('',#2360,#1228);
#875=PCURVE('',#2360,#1229);
#876=PCURVE('',#2312,#1230);
#877=PCURVE('',#2312,#1231);
#878=PCURVE('',#2312,#1232);
#879=PCURVE('',#2312,#1233);
#880=PCURVE('',#2312,#1234);
#881=PCURVE('',#2312,#1235);
#882=PCURVE('',#2361,#1236);
#883=PCURVE('',#2361,#1237);
#884=PCURVE('',#2361,#1238);
#885=PCURVE('',#2361,#1239);
#886=PCURVE('',#2362,#1240);
#887=PCURVE('',#2362,#1241);
#888=PCURVE('',#2362,#1242);
#889=PCURVE('',#2362,#1243);
#890=PCURVE('',#2313,#1244);
#891=PCURVE('',#2313,#1245);
#892=PCURVE('',#2313,#1246);
#893=PCURVE('',#2313,#1247);
#894=PCURVE('',#2314,#1248);
#895=PCURVE('',#2314,#1249);
#896=PCURVE('',#2314,#1250);
#897=PCURVE('',#2314,#1251);
#898=PCURVE('',#2314,#1252);
#899=PCURVE('',#2314,#1253);
#900=PCURVE('',#2314,#1254);
#901=PCURVE('',#2314,#1255);
#902=PCURVE('',#2315,#1256);
#903=PCURVE('',#2315,#1257);
#904=PCURVE('',#2315,#1258);
#905=PCURVE('',#2315,#1259);
#906=PCURVE('',#2315,#1260);
#907=PCURVE('',#2315,#1261);
#908=PCURVE('',#2315,#1262);
#909=PCURVE('',#2315,#1263);
#910=PCURVE('',#2316,#1264);
#911=PCURVE('',#2316,#1265);
#912=PCURVE('',#2316,#1266);
#913=PCURVE('',#2316,#1267);
#914=PCURVE('',#2316,#1268);
#915=PCURVE('',#2316,#1269);
#916=PCURVE('',#2316,#1270);
#917=PCURVE('',#2316,#1271);
#918=PCURVE('',#2317,#1272);
#919=PCURVE('',#2317,#1273);
#920=PCURVE('',#2317,#1274);
#921=PCURVE('',#2317,#1275);
#922=PCURVE('',#2317,#1276);
#923=PCURVE('',#2317,#1277);
#924=PCURVE('',#2317,#1278);
#925=PCURVE('',#2317,#1279);
#926=PCURVE('',#2318,#1280);
#927=PCURVE('',#2318,#1281);
#928=PCURVE('',#2318,#1282);
#929=PCURVE('',#2318,#1283);
#930=PCURVE('',#2318,#1284);
#931=PCURVE('',#2318,#1285);
#932=PCURVE('',#2318,#1286);
#933=PCURVE('',#2318,#1287);
#934=PCURVE('',#2318,#1288);
#935=PCURVE('',#2318,#1289);
#936=PCURVE('',#2318,#1290);
#937=PCURVE('',#2318,#1291);
#938=PCURVE('',#2318,#1292);
#939=PCURVE('',#2318,#1293);
#940=PCURVE('',#2319,#1294);
#941=PCURVE('',#2319,#1295);
#942=PCURVE('',#2319,#1296);
#943=PCURVE('',#2319,#1297);
#944=PCURVE('',#2319,#1298);
#945=PCURVE('',#2319,#1299);
#946=PCURVE('',#2319,#1300);
#947=PCURVE('',#2319,#1301);
#948=PCURVE('',#2319,#1302);
#949=PCURVE('',#2319,#1303);
#950=PCURVE('',#2319,#1304);
#951=PCURVE('',#2319,#1305);
#952=PCURVE('',#2319,#1306);
#953=PCURVE('',#2319,#1307);
#954=PCURVE('',#2319,#1308);
#955=PCURVE('',#2319,#1309);
#956=PCURVE('',#2320,#1310);
#957=PCURVE('',#2320,#1311);
#958=PCURVE('',#2320,#1312);
#959=PCURVE('',#2320,#1313);
#960=PCURVE('',#2321,#1314);
#961=PCURVE('',#2321,#1315);
#962=PCURVE('',#2321,#1316);
#963=PCURVE('',#2321,#1317);
#964=PCURVE('',#2322,#1318);
#965=PCURVE('',#2322,#1319);
#966=PCURVE('',#2322,#1320);
#967=PCURVE('',#2322,#1321);
#968=PCURVE('',#2323,#1322);
#969=PCURVE('',#2323,#1323);
#970=PCURVE('',#2323,#1324);
#971=PCURVE('',#2323,#1325);
#972=PCURVE('',#2324,#1326);
#973=PCURVE('',#2324,#1327);
#974=PCURVE('',#2324,#1328);
#975=PCURVE('',#2324,#1329);
#976=PCURVE('',#2363,#1330);
#977=PCURVE('',#2363,#1331);
#978=PCURVE('',#2363,#1332);
#979=PCURVE('',#2363,#1333);
#980=PCURVE('',#2325,#1334);
#981=PCURVE('',#2325,#1335);
#982=PCURVE('',#2325,#1336);
#983=PCURVE('',#2325,#1337);
#984=PCURVE('',#2326,#1338);
#985=PCURVE('',#2326,#1339);
#986=PCURVE('',#2326,#1340);
#987=PCURVE('',#2326,#1341);
#988=PCURVE('',#2327,#1342);
#989=PCURVE('',#2327,#1343);
#990=PCURVE('',#2327,#1344);
#991=PCURVE('',#2327,#1345);
#992=PCURVE('',#2328,#1346);
#993=PCURVE('',#2328,#1347);
#994=PCURVE('',#2328,#1348);
#995=PCURVE('',#2328,#1349);
#996=PCURVE('',#2329,#1350);
#997=PCURVE('',#2329,#1351);
#998=PCURVE('',#2329,#1352);
#999=PCURVE('',#2329,#1353);
#1000=PCURVE('',#2329,#1354);
#1001=PCURVE('',#2330,#1355);
#1002=PCURVE('',#2330,#1356);
#1003=PCURVE('',#2330,#1357);
#1004=PCURVE('',#2330,#1358);
#1005=PCURVE('',#2330,#1359);
#1006=PCURVE('',#2331,#1360);
#1007=PCURVE('',#2331,#1361);
#1008=PCURVE('',#2331,#1362);
#1009=PCURVE('',#2331,#1363);
#1010=PCURVE('',#2364,#1364);
#1011=PCURVE('',#2364,#1365);
#1012=PCURVE('',#2364,#1366);
#1013=PCURVE('',#2364,#1367);
#1014=PCURVE('',#2365,#1368);
#1015=PCURVE('',#2365,#1369);
#1016=PCURVE('',#2365,#1370);
#1017=PCURVE('',#2365,#1371);
#1018=DEFINITIONAL_REPRESENTATION('',(#1727),#4756);
#1019=DEFINITIONAL_REPRESENTATION('',(#1728),#4756);
#1020=DEFINITIONAL_REPRESENTATION('',(#1730),#4756);
#1021=DEFINITIONAL_REPRESENTATION('',(#1731),#4756);
#1022=DEFINITIONAL_REPRESENTATION('',(#1732),#4756);
#1023=DEFINITIONAL_REPRESENTATION('',(#1733),#4756);
#1024=DEFINITIONAL_REPRESENTATION('',(#1734),#4756);
#1025=DEFINITIONAL_REPRESENTATION('',(#1735),#4756);
#1026=DEFINITIONAL_REPRESENTATION('',(#596),#4756);
#1027=DEFINITIONAL_REPRESENTATION('',(#597),#4756);
#1028=DEFINITIONAL_REPRESENTATION('',(#1737),#4756);
#1029=DEFINITIONAL_REPRESENTATION('',(#1739),#4756);
#1030=DEFINITIONAL_REPRESENTATION('',(#1741),#4756);
#1031=DEFINITIONAL_REPRESENTATION('',(#1743),#4756);
#1032=DEFINITIONAL_REPRESENTATION('',(#598),#4756);
#1033=DEFINITIONAL_REPRESENTATION('',(#600),#4756);
#1034=DEFINITIONAL_REPRESENTATION('',(#601),#4756);
#1035=DEFINITIONAL_REPRESENTATION('',(#603),#4756);
#1036=DEFINITIONAL_REPRESENTATION('',(#604),#4756);
#1037=DEFINITIONAL_REPRESENTATION('',(#605),#4756);
#1038=DEFINITIONAL_REPRESENTATION('',(#606),#4756);
#1039=DEFINITIONAL_REPRESENTATION('',(#607),#4756);
#1040=DEFINITIONAL_REPRESENTATION('',(#1751),#4756);
#1041=DEFINITIONAL_REPRESENTATION('',(#1753),#4756);
#1042=DEFINITIONAL_REPRESENTATION('',(#1755),#4756);
#1043=DEFINITIONAL_REPRESENTATION('',(#1757),#4756);
#1044=DEFINITIONAL_REPRESENTATION('',(#1759),#4756);
#1045=DEFINITIONAL_REPRESENTATION('',(#1761),#4756);
#1046=DEFINITIONAL_REPRESENTATION('',(#1763),#4756);
#1047=DEFINITIONAL_REPRESENTATION('',(#1765),#4756);
#1048=DEFINITIONAL_REPRESENTATION('',(#1767),#4756);
#1049=DEFINITIONAL_REPRESENTATION('',(#1769),#4756);
#1050=DEFINITIONAL_REPRESENTATION('',(#1771),#4756);
#1051=DEFINITIONAL_REPRESENTATION('',(#1773),#4756);
#1052=DEFINITIONAL_REPRESENTATION('',(#1775),#4756);
#1053=DEFINITIONAL_REPRESENTATION('',(#1777),#4756);
#1054=DEFINITIONAL_REPRESENTATION('',(#1779),#4756);
#1055=DEFINITIONAL_REPRESENTATION('',(#1781),#4756);
#1056=DEFINITIONAL_REPRESENTATION('',(#1783),#4756);
#1057=DEFINITIONAL_REPRESENTATION('',(#1785),#4756);
#1058=DEFINITIONAL_REPRESENTATION('',(#1787),#4756);
#1059=DEFINITIONAL_REPRESENTATION('',(#1789),#4756);
#1060=DEFINITIONAL_REPRESENTATION('',(#1791),#4756);
#1061=DEFINITIONAL_REPRESENTATION('',(#1793),#4756);
#1062=DEFINITIONAL_REPRESENTATION('',(#1794),#4756);
#1063=DEFINITIONAL_REPRESENTATION('',(#1796),#4756);
#1064=DEFINITIONAL_REPRESENTATION('',(#1797),#4756);
#1065=DEFINITIONAL_REPRESENTATION('',(#1798),#4756);
#1066=DEFINITIONAL_REPRESENTATION('',(#1799),#4756);
#1067=DEFINITIONAL_REPRESENTATION('',(#1800),#4756);
#1068=DEFINITIONAL_REPRESENTATION('',(#1802),#4756);
#1069=DEFINITIONAL_REPRESENTATION('',(#1803),#4756);
#1070=DEFINITIONAL_REPRESENTATION('',(#1804),#4756);
#1071=DEFINITIONAL_REPRESENTATION('',(#1806),#4756);
#1072=DEFINITIONAL_REPRESENTATION('',(#1807),#4756);
#1073=DEFINITIONAL_REPRESENTATION('',(#1809),#4756);
#1074=DEFINITIONAL_REPRESENTATION('',(#1810),#4756);
#1075=DEFINITIONAL_REPRESENTATION('',(#1812),#4756);
#1076=DEFINITIONAL_REPRESENTATION('',(#1813),#4756);
#1077=DEFINITIONAL_REPRESENTATION('',(#1814),#4756);
#1078=DEFINITIONAL_REPRESENTATION('',(#1815),#4756);
#1079=DEFINITIONAL_REPRESENTATION('',(#1816),#4756);
#1080=DEFINITIONAL_REPRESENTATION('',(#1817),#4756);
#1081=DEFINITIONAL_REPRESENTATION('',(#1818),#4756);
#1082=DEFINITIONAL_REPRESENTATION('',(#1819),#4756);
#1083=DEFINITIONAL_REPRESENTATION('',(#1821),#4756);
#1084=DEFINITIONAL_REPRESENTATION('',(#1822),#4756);
#1085=DEFINITIONAL_REPRESENTATION('',(#1824),#4756);
#1086=DEFINITIONAL_REPRESENTATION('',(#1826),#4756);
#1087=DEFINITIONAL_REPRESENTATION('',(#1828),#4756);
#1088=DEFINITIONAL_REPRESENTATION('',(#1829),#4756);
#1089=DEFINITIONAL_REPRESENTATION('',(#1831),#4756);
#1090=DEFINITIONAL_REPRESENTATION('',(#1832),#4756);
#1091=DEFINITIONAL_REPRESENTATION('',(#1833),#4756);
#1092=DEFINITIONAL_REPRESENTATION('',(#1834),#4756);
#1093=DEFINITIONAL_REPRESENTATION('',(#1835),#4756);
#1094=DEFINITIONAL_REPRESENTATION('',(#1837),#4756);
#1095=DEFINITIONAL_REPRESENTATION('',(#1838),#4756);
#1096=DEFINITIONAL_REPRESENTATION('',(#1840),#4756);
#1097=DEFINITIONAL_REPRESENTATION('',(#1841),#4756);
#1098=DEFINITIONAL_REPRESENTATION('',(#1843),#4756);
#1099=DEFINITIONAL_REPRESENTATION('',(#1845),#4756);
#1100=DEFINITIONAL_REPRESENTATION('',(#1846),#4756);
#1101=DEFINITIONAL_REPRESENTATION('',(#1848),#4756);
#1102=DEFINITIONAL_REPRESENTATION('',(#1849),#4756);
#1103=DEFINITIONAL_REPRESENTATION('',(#1850),#4756);
#1104=DEFINITIONAL_REPRESENTATION('',(#1851),#4756);
#1105=DEFINITIONAL_REPRESENTATION('',(#1852),#4756);
#1106=DEFINITIONAL_REPRESENTATION('',(#1854),#4756);
#1107=DEFINITIONAL_REPRESENTATION('',(#1855),#4756);
#1108=DEFINITIONAL_REPRESENTATION('',(#1856),#4756);
#1109=DEFINITIONAL_REPRESENTATION('',(#1858),#4756);
#1110=DEFINITIONAL_REPRESENTATION('',(#1859),#4756);
#1111=DEFINITIONAL_REPRESENTATION('',(#1861),#4756);
#1112=DEFINITIONAL_REPRESENTATION('',(#1862),#4756);
#1113=DEFINITIONAL_REPRESENTATION('',(#1864),#4756);
#1114=DEFINITIONAL_REPRESENTATION('',(#1865),#4756);
#1115=DEFINITIONAL_REPRESENTATION('',(#1866),#4756);
#1116=DEFINITIONAL_REPRESENTATION('',(#1867),#4756);
#1117=DEFINITIONAL_REPRESENTATION('',(#1868),#4756);
#1118=DEFINITIONAL_REPRESENTATION('',(#1869),#4756);
#1119=DEFINITIONAL_REPRESENTATION('',(#1870),#4756);
#1120=DEFINITIONAL_REPRESENTATION('',(#1871),#4756);
#1121=DEFINITIONAL_REPRESENTATION('',(#1873),#4756);
#1122=DEFINITIONAL_REPRESENTATION('',(#1874),#4756);
#1123=DEFINITIONAL_REPRESENTATION('',(#1876),#4756);
#1124=DEFINITIONAL_REPRESENTATION('',(#1878),#4756);
#1125=DEFINITIONAL_REPRESENTATION('',(#1880),#4756);
#1126=DEFINITIONAL_REPRESENTATION('',(#1881),#4756);
#1127=DEFINITIONAL_REPRESENTATION('',(#1883),#4756);
#1128=DEFINITIONAL_REPRESENTATION('',(#1884),#4756);
#1129=DEFINITIONAL_REPRESENTATION('',(#1885),#4756);
#1130=DEFINITIONAL_REPRESENTATION('',(#1886),#4756);
#1131=DEFINITIONAL_REPRESENTATION('',(#1887),#4756);
#1132=DEFINITIONAL_REPRESENTATION('',(#1889),#4756);
#1133=DEFINITIONAL_REPRESENTATION('',(#1890),#4756);
#1134=DEFINITIONAL_REPRESENTATION('',(#1892),#4756);
#1135=DEFINITIONAL_REPRESENTATION('',(#1893),#4756);
#1136=DEFINITIONAL_REPRESENTATION('',(#636),#4756);
#1137=DEFINITIONAL_REPRESENTATION('',(#1894),#4756);
#1138=DEFINITIONAL_REPRESENTATION('',(#1895),#4756);
#1139=DEFINITIONAL_REPRESENTATION('',(#1896),#4756);
#1140=DEFINITIONAL_REPRESENTATION('',(#637),#4756);
#1141=DEFINITIONAL_REPRESENTATION('',(#1898),#4756);
#1142=DEFINITIONAL_REPRESENTATION('',(#1899),#4756);
#1143=DEFINITIONAL_REPRESENTATION('',(#1900),#4756);
#1144=DEFINITIONAL_REPRESENTATION('',(#1901),#4756);
#1145=DEFINITIONAL_REPRESENTATION('',(#1902),#4756);
#1146=DEFINITIONAL_REPRESENTATION('',(#1903),#4756);
#1147=DEFINITIONAL_REPRESENTATION('',(#1904),#4756);
#1148=DEFINITIONAL_REPRESENTATION('',(#1905),#4756);
#1149=DEFINITIONAL_REPRESENTATION('',(#1907),#4756);
#1150=DEFINITIONAL_REPRESENTATION('',(#638),#4756);
#1151=DEFINITIONAL_REPRESENTATION('',(#1908),#4756);
#1152=DEFINITIONAL_REPRESENTATION('',(#1909),#4756);
#1153=DEFINITIONAL_REPRESENTATION('',(#1910),#4756);
#1154=DEFINITIONAL_REPRESENTATION('',(#639),#4756);
#1155=DEFINITIONAL_REPRESENTATION('',(#1911),#4756);
#1156=DEFINITIONAL_REPRESENTATION('',(#1913),#4756);
#1157=DEFINITIONAL_REPRESENTATION('',(#1914),#4756);
#1158=DEFINITIONAL_REPRESENTATION('',(#1916),#4756);
#1159=DEFINITIONAL_REPRESENTATION('',(#1917),#4756);
#1160=DEFINITIONAL_REPRESENTATION('',(#1919),#4756);
#1161=DEFINITIONAL_REPRESENTATION('',(#1920),#4756);
#1162=DEFINITIONAL_REPRESENTATION('',(#1922),#4756);
#1163=DEFINITIONAL_REPRESENTATION('',(#1923),#4756);
#1164=DEFINITIONAL_REPRESENTATION('',(#1925),#4756);
#1165=DEFINITIONAL_REPRESENTATION('',(#1926),#4756);
#1166=DEFINITIONAL_REPRESENTATION('',(#1928),#4756);
#1167=DEFINITIONAL_REPRESENTATION('',(#1929),#4756);
#1168=DEFINITIONAL_REPRESENTATION('',(#1931),#4756);
#1169=DEFINITIONAL_REPRESENTATION('',(#1932),#4756);
#1170=DEFINITIONAL_REPRESENTATION('',(#1934),#4756);
#1171=DEFINITIONAL_REPRESENTATION('',(#1935),#4756);
#1172=DEFINITIONAL_REPRESENTATION('',(#1937),#4756);
#1173=DEFINITIONAL_REPRESENTATION('',(#1938),#4756);
#1174=DEFINITIONAL_REPRESENTATION('',(#1940),#4756);
#1175=DEFINITIONAL_REPRESENTATION('',(#1941),#4756);
#1176=DEFINITIONAL_REPRESENTATION('',(#1943),#4756);
#1177=DEFINITIONAL_REPRESENTATION('',(#1944),#4756);
#1178=DEFINITIONAL_REPRESENTATION('',(#1946),#4756);
#1179=DEFINITIONAL_REPRESENTATION('',(#1947),#4756);
#1180=DEFINITIONAL_REPRESENTATION('',(#1949),#4756);
#1181=DEFINITIONAL_REPRESENTATION('',(#1950),#4756);
#1182=DEFINITIONAL_REPRESENTATION('',(#1952),#4756);
#1183=DEFINITIONAL_REPRESENTATION('',(#1953),#4756);
#1184=DEFINITIONAL_REPRESENTATION('',(#1955),#4756);
#1185=DEFINITIONAL_REPRESENTATION('',(#1956),#4756);
#1186=DEFINITIONAL_REPRESENTATION('',(#1958),#4756);
#1187=DEFINITIONAL_REPRESENTATION('',(#1959),#4756);
#1188=DEFINITIONAL_REPRESENTATION('',(#1960),#4756);
#1189=DEFINITIONAL_REPRESENTATION('',(#1962),#4756);
#1190=DEFINITIONAL_REPRESENTATION('',(#1964),#4756);
#1191=DEFINITIONAL_REPRESENTATION('',(#1966),#4756);
#1192=DEFINITIONAL_REPRESENTATION('',(#647),#4756);
#1193=DEFINITIONAL_REPRESENTATION('',(#1968),#4756);
#1194=DEFINITIONAL_REPRESENTATION('',(#1969),#4756);
#1195=DEFINITIONAL_REPRESENTATION('',(#1970),#4756);
#1196=DEFINITIONAL_REPRESENTATION('',(#1972),#4756);
#1197=DEFINITIONAL_REPRESENTATION('',(#1974),#4756);
#1198=DEFINITIONAL_REPRESENTATION('',(#1976),#4756);
#1199=DEFINITIONAL_REPRESENTATION('',(#1978),#4756);
#1200=DEFINITIONAL_REPRESENTATION('',(#1980),#4756);
#1201=DEFINITIONAL_REPRESENTATION('',(#1982),#4756);
#1202=DEFINITIONAL_REPRESENTATION('',(#1984),#4756);
#1203=DEFINITIONAL_REPRESENTATION('',(#1986),#4756);
#1204=DEFINITIONAL_REPRESENTATION('',(#1987),#4756);
#1205=DEFINITIONAL_REPRESENTATION('',(#1989),#4756);
#1206=DEFINITIONAL_REPRESENTATION('',(#1990),#4756);
#1207=DEFINITIONAL_REPRESENTATION('',(#1992),#4756);
#1208=DEFINITIONAL_REPRESENTATION('',(#1993),#4756);
#1209=DEFINITIONAL_REPRESENTATION('',(#1995),#4756);
#1210=DEFINITIONAL_REPRESENTATION('',(#1996),#4756);
#1211=DEFINITIONAL_REPRESENTATION('',(#1998),#4756);
#1212=DEFINITIONAL_REPRESENTATION('',(#1999),#4756);
#1213=DEFINITIONAL_REPRESENTATION('',(#2000),#4756);
#1214=DEFINITIONAL_REPRESENTATION('',(#2001),#4756);
#1215=DEFINITIONAL_REPRESENTATION('',(#2002),#4756);
#1216=DEFINITIONAL_REPRESENTATION('',(#2003),#4756);
#1217=DEFINITIONAL_REPRESENTATION('',(#2004),#4756);
#1218=DEFINITIONAL_REPRESENTATION('',(#2006),#4756);
#1219=DEFINITIONAL_REPRESENTATION('',(#649),#4756);
#1220=DEFINITIONAL_REPRESENTATION('',(#2008),#4756);
#1221=DEFINITIONAL_REPRESENTATION('',(#651),#4756);
#1222=DEFINITIONAL_REPRESENTATION('',(#2010),#4756);
#1223=DEFINITIONAL_REPRESENTATION('',(#653),#4756);
#1224=DEFINITIONAL_REPRESENTATION('',(#655),#4756);
#1225=DEFINITIONAL_REPRESENTATION('',(#657),#4756);
#1226=DEFINITIONAL_REPRESENTATION('',(#2012),#4756);
#1227=DEFINITIONAL_REPRESENTATION('',(#2013),#4756);
#1228=DEFINITIONAL_REPRESENTATION('',(#2015),#4756);
#1229=DEFINITIONAL_REPRESENTATION('',(#2016),#4756);
#1230=DEFINITIONAL_REPRESENTATION('',(#658),#4756);
#1231=DEFINITIONAL_REPRESENTATION('',(#2017),#4756);
#1232=DEFINITIONAL_REPRESENTATION('',(#2018),#4756);
#1233=DEFINITIONAL_REPRESENTATION('',(#2020),#4756);
#1234=DEFINITIONAL_REPRESENTATION('',(#659),#4756);
#1235=DEFINITIONAL_REPRESENTATION('',(#2022),#4756);
#1236=DEFINITIONAL_REPRESENTATION('',(#2024),#4756);
#1237=DEFINITIONAL_REPRESENTATION('',(#2025),#4756);
#1238=DEFINITIONAL_REPRESENTATION('',(#2026),#4756);
#1239=DEFINITIONAL_REPRESENTATION('',(#2027),#4756);
#1240=DEFINITIONAL_REPRESENTATION('',(#2029),#4756);
#1241=DEFINITIONAL_REPRESENTATION('',(#2030),#4756);
#1242=DEFINITIONAL_REPRESENTATION('',(#2031),#4756);
#1243=DEFINITIONAL_REPRESENTATION('',(#2032),#4756);
#1244=DEFINITIONAL_REPRESENTATION('',(#2033),#4756);
#1245=DEFINITIONAL_REPRESENTATION('',(#2034),#4756);
#1246=DEFINITIONAL_REPRESENTATION('',(#2035),#4756);
#1247=DEFINITIONAL_REPRESENTATION('',(#2036),#4756);
#1248=DEFINITIONAL_REPRESENTATION('',(#2037),#4756);
#1249=DEFINITIONAL_REPRESENTATION('',(#2038),#4756);
#1250=DEFINITIONAL_REPRESENTATION('',(#2039),#4756);
#1251=DEFINITIONAL_REPRESENTATION('',(#2040),#4756);
#1252=DEFINITIONAL_REPRESENTATION('',(#2041),#4756);
#1253=DEFINITIONAL_REPRESENTATION('',(#2042),#4756);
#1254=DEFINITIONAL_REPRESENTATION('',(#2043),#4756);
#1255=DEFINITIONAL_REPRESENTATION('',(#2044),#4756);
#1256=DEFINITIONAL_REPRESENTATION('',(#2045),#4756);
#1257=DEFINITIONAL_REPRESENTATION('',(#2046),#4756);
#1258=DEFINITIONAL_REPRESENTATION('',(#2047),#4756);
#1259=DEFINITIONAL_REPRESENTATION('',(#2049),#4756);
#1260=DEFINITIONAL_REPRESENTATION('',(#2051),#4756);
#1261=DEFINITIONAL_REPRESENTATION('',(#2053),#4756);
#1262=DEFINITIONAL_REPRESENTATION('',(#2055),#4756);
#1263=DEFINITIONAL_REPRESENTATION('',(#2057),#4756);
#1264=DEFINITIONAL_REPRESENTATION('',(#2058),#4756);
#1265=DEFINITIONAL_REPRESENTATION('',(#2059),#4756);
#1266=DEFINITIONAL_REPRESENTATION('',(#2060),#4756);
#1267=DEFINITIONAL_REPRESENTATION('',(#2061),#4756);
#1268=DEFINITIONAL_REPRESENTATION('',(#2062),#4756);
#1269=DEFINITIONAL_REPRESENTATION('',(#2063),#4756);
#1270=DEFINITIONAL_REPRESENTATION('',(#2064),#4756);
#1271=DEFINITIONAL_REPRESENTATION('',(#2065),#4756);
#1272=DEFINITIONAL_REPRESENTATION('',(#2066),#4756);
#1273=DEFINITIONAL_REPRESENTATION('',(#2067),#4756);
#1274=DEFINITIONAL_REPRESENTATION('',(#2068),#4756);
#1275=DEFINITIONAL_REPRESENTATION('',(#2070),#4756);
#1276=DEFINITIONAL_REPRESENTATION('',(#2072),#4756);
#1277=DEFINITIONAL_REPRESENTATION('',(#2074),#4756);
#1278=DEFINITIONAL_REPRESENTATION('',(#2075),#4756);
#1279=DEFINITIONAL_REPRESENTATION('',(#2077),#4756);
#1280=DEFINITIONAL_REPRESENTATION('',(#660),#4756);
#1281=DEFINITIONAL_REPRESENTATION('',(#2078),#4756);
#1282=DEFINITIONAL_REPRESENTATION('',(#2079),#4756);
#1283=DEFINITIONAL_REPRESENTATION('',(#2080),#4756);
#1284=DEFINITIONAL_REPRESENTATION('',(#661),#4756);
#1285=DEFINITIONAL_REPRESENTATION('',(#2081),#4756);
#1286=DEFINITIONAL_REPRESENTATION('',(#2082),#4756);
#1287=DEFINITIONAL_REPRESENTATION('',(#2083),#4756);
#1288=DEFINITIONAL_REPRESENTATION('',(#2084),#4756);
#1289=DEFINITIONAL_REPRESENTATION('',(#2085),#4756);
#1290=DEFINITIONAL_REPRESENTATION('',(#2086),#4756);
#1291=DEFINITIONAL_REPRESENTATION('',(#2088),#4756);
#1292=DEFINITIONAL_REPRESENTATION('',(#2089),#4756);
#1293=DEFINITIONAL_REPRESENTATION('',(#2090),#4756);
#1294=DEFINITIONAL_REPRESENTATION('',(#662),#4756);
#1295=DEFINITIONAL_REPRESENTATION('',(#2091),#4756);
#1296=DEFINITIONAL_REPRESENTATION('',(#2093),#4756);
#1297=DEFINITIONAL_REPRESENTATION('',(#2095),#4756);
#1298=DEFINITIONAL_REPRESENTATION('',(#2096),#4756);
#1299=DEFINITIONAL_REPRESENTATION('',(#2097),#4756);
#1300=DEFINITIONAL_REPRESENTATION('',(#2098),#4756);
#1301=DEFINITIONAL_REPRESENTATION('',(#2100),#4756);
#1302=DEFINITIONAL_REPRESENTATION('',(#2102),#4756);
#1303=DEFINITIONAL_REPRESENTATION('',(#2103),#4756);
#1304=DEFINITIONAL_REPRESENTATION('',(#663),#4756);
#1305=DEFINITIONAL_REPRESENTATION('',(#2104),#4756);
#1306=DEFINITIONAL_REPRESENTATION('',(#2105),#4756);
#1307=DEFINITIONAL_REPRESENTATION('',(#2106),#4756);
#1308=DEFINITIONAL_REPRESENTATION('',(#2107),#4756);
#1309=DEFINITIONAL_REPRESENTATION('',(#2109),#4756);
#1310=DEFINITIONAL_REPRESENTATION('',(#2110),#4756);
#1311=DEFINITIONAL_REPRESENTATION('',(#2112),#4756);
#1312=DEFINITIONAL_REPRESENTATION('',(#2114),#4756);
#1313=DEFINITIONAL_REPRESENTATION('',(#2116),#4756);
#1314=DEFINITIONAL_REPRESENTATION('',(#2117),#4756);
#1315=DEFINITIONAL_REPRESENTATION('',(#2118),#4756);
#1316=DEFINITIONAL_REPRESENTATION('',(#2120),#4756);
#1317=DEFINITIONAL_REPRESENTATION('',(#2121),#4756);
#1318=DEFINITIONAL_REPRESENTATION('',(#2122),#4756);
#1319=DEFINITIONAL_REPRESENTATION('',(#2123),#4756);
#1320=DEFINITIONAL_REPRESENTATION('',(#2125),#4756);
#1321=DEFINITIONAL_REPRESENTATION('',(#2126),#4756);
#1322=DEFINITIONAL_REPRESENTATION('',(#2127),#4756);
#1323=DEFINITIONAL_REPRESENTATION('',(#2128),#4756);
#1324=DEFINITIONAL_REPRESENTATION('',(#2129),#4756);
#1325=DEFINITIONAL_REPRESENTATION('',(#2130),#4756);
#1326=DEFINITIONAL_REPRESENTATION('',(#2131),#4756);
#1327=DEFINITIONAL_REPRESENTATION('',(#2133),#4756);
#1328=DEFINITIONAL_REPRESENTATION('',(#2134),#4756);
#1329=DEFINITIONAL_REPRESENTATION('',(#2136),#4756);
#1330=DEFINITIONAL_REPRESENTATION('',(#2137),#4756);
#1331=DEFINITIONAL_REPRESENTATION('',(#2138),#4756);
#1332=DEFINITIONAL_REPRESENTATION('',(#2139),#4756);
#1333=DEFINITIONAL_REPRESENTATION('',(#2140),#4756);
#1334=DEFINITIONAL_REPRESENTATION('',(#2141),#4756);
#1335=DEFINITIONAL_REPRESENTATION('',(#2142),#4756);
#1336=DEFINITIONAL_REPRESENTATION('',(#2143),#4756);
#1337=DEFINITIONAL_REPRESENTATION('',(#2145),#4756);
#1338=DEFINITIONAL_REPRESENTATION('',(#2146),#4756);
#1339=DEFINITIONAL_REPRESENTATION('',(#2148),#4756);
#1340=DEFINITIONAL_REPRESENTATION('',(#2149),#4756);
#1341=DEFINITIONAL_REPRESENTATION('',(#2150),#4756);
#1342=DEFINITIONAL_REPRESENTATION('',(#2151),#4756);
#1343=DEFINITIONAL_REPRESENTATION('',(#2152),#4756);
#1344=DEFINITIONAL_REPRESENTATION('',(#2153),#4756);
#1345=DEFINITIONAL_REPRESENTATION('',(#2154),#4756);
#1346=DEFINITIONAL_REPRESENTATION('',(#2155),#4756);
#1347=DEFINITIONAL_REPRESENTATION('',(#2157),#4756);
#1348=DEFINITIONAL_REPRESENTATION('',(#2158),#4756);
#1349=DEFINITIONAL_REPRESENTATION('',(#2160),#4756);
#1350=DEFINITIONAL_REPRESENTATION('',(#2161),#4756);
#1351=DEFINITIONAL_REPRESENTATION('',(#2162),#4756);
#1352=DEFINITIONAL_REPRESENTATION('',(#2163),#4756);
#1353=DEFINITIONAL_REPRESENTATION('',(#2164),#4756);
#1354=DEFINITIONAL_REPRESENTATION('',(#2165),#4756);
#1355=DEFINITIONAL_REPRESENTATION('',(#2166),#4756);
#1356=DEFINITIONAL_REPRESENTATION('',(#2167),#4756);
#1357=DEFINITIONAL_REPRESENTATION('',(#2168),#4756);
#1358=DEFINITIONAL_REPRESENTATION('',(#2169),#4756);
#1359=DEFINITIONAL_REPRESENTATION('',(#2170),#4756);
#1360=DEFINITIONAL_REPRESENTATION('',(#2171),#4756);
#1361=DEFINITIONAL_REPRESENTATION('',(#2172),#4756);
#1362=DEFINITIONAL_REPRESENTATION('',(#2173),#4756);
#1363=DEFINITIONAL_REPRESENTATION('',(#2174),#4756);
#1364=DEFINITIONAL_REPRESENTATION('',(#2175),#4756);
#1365=DEFINITIONAL_REPRESENTATION('',(#2177),#4756);
#1366=DEFINITIONAL_REPRESENTATION('',(#2178),#4756);
#1367=DEFINITIONAL_REPRESENTATION('',(#2180),#4756);
#1368=DEFINITIONAL_REPRESENTATION('',(#2181),#4756);
#1369=DEFINITIONAL_REPRESENTATION('',(#2182),#4756);
#1370=DEFINITIONAL_REPRESENTATION('',(#2183),#4756);
#1371=DEFINITIONAL_REPRESENTATION('',(#2184),#4756);
#1372=SURFACE_CURVE('',#1726,(#664,#669),.PCURVE_S1.);
#1373=SURFACE_CURVE('',#592,(#665,#1010),.PCURVE_S1.);
#1374=SURFACE_CURVE('',#1729,(#666,#671),.PCURVE_S1.);
#1375=SURFACE_CURVE('',#593,(#667,#672),.PCURVE_S1.);
#1376=SURFACE_CURVE('',#594,(#668,#1014),.PCURVE_S1.);
#1377=SURFACE_CURVE('',#595,(#670,#673),.PCURVE_S1.);
#1378=SURFACE_CURVE('',#1736,(#674,#1009),.PCURVE_S1.);
#1379=SURFACE_CURVE('',#1738,(#675,#1008),.PCURVE_S1.);
#1380=SURFACE_CURVE('',#1740,(#676,#1007),.PCURVE_S1.);
#1381=SURFACE_CURVE('',#1742,(#677,#1006),.PCURVE_S1.);
#1382=SURFACE_CURVE('',#1744,(#678,#888),.PCURVE_S1.);
#1383=SURFACE_CURVE('',#599,(#679,#831),.PCURVE_S1.);
#1384=SURFACE_CURVE('',#1745,(#680,#901),.PCURVE_S1.);
#1385=SURFACE_CURVE('',#602,(#681,#817),.PCURVE_S1.);
#1386=SURFACE_CURVE('',#1746,(#682,#976),.PCURVE_S1.);
#1387=SURFACE_CURVE('',#1747,(#683,#841),.PCURVE_S1.);
#1388=SURFACE_CURVE('',#1748,(#684,#834),.PCURVE_S1.);
#1389=SURFACE_CURVE('',#1749,(#685,#862),.PCURVE_S1.);
#1390=SURFACE_CURVE('',#1750,(#686,#972),.PCURVE_S1.);
#1391=SURFACE_CURVE('',#1752,(#687,#996),.PCURVE_S1.);
#1392=SURFACE_CURVE('',#1754,(#688,#992),.PCURVE_S1.);
#1393=SURFACE_CURVE('',#1756,(#689,#1002),.PCURVE_S1.);
#1394=SURFACE_CURVE('',#1758,(#690,#946),.PCURVE_S1.);
#1395=SURFACE_CURVE('',#1760,(#691,#960),.PCURVE_S1.);
#1396=SURFACE_CURVE('',#1762,(#692,#956),.PCURVE_S1.);
#1397=SURFACE_CURVE('',#1764,(#693,#964),.PCURVE_S1.);
#1398=SURFACE_CURVE('',#1766,(#694,#944),.PCURVE_S1.);
#1399=SURFACE_CURVE('',#1768,(#695,#1004),.PCURVE_S1.);
#1400=SURFACE_CURVE('',#1770,(#696,#994),.PCURVE_S1.);
#1401=SURFACE_CURVE('',#1772,(#697,#999),.PCURVE_S1.);
#1402=SURFACE_CURVE('',#1774,(#698,#934),.PCURVE_S1.);
#1403=SURFACE_CURVE('',#1776,(#699,#854),.PCURVE_S1.);
#1404=SURFACE_CURVE('',#1778,(#700,#858),.PCURVE_S1.);
#1405=SURFACE_CURVE('',#1780,(#701,#850),.PCURVE_S1.);
#1406=SURFACE_CURVE('',#1782,(#702,#936),.PCURVE_S1.);
#1407=SURFACE_CURVE('',#1784,(#703,#980),.PCURVE_S1.);
#1408=SURFACE_CURVE('',#1786,(#704,#988),.PCURVE_S1.);
#1409=SURFACE_CURVE('',#1788,(#705,#984),.PCURVE_S1.);
#1410=SURFACE_CURVE('',#1790,(#706,#715),.PCURVE_S1.);
#1411=SURFACE_CURVE('',#1792,(#707,#895),.PCURVE_S1.);
#1412=SURFACE_CURVE('',#608,(#708,#712),.PCURVE_S1.);
#1413=SURFACE_CURVE('',#1795,(#709,#783),.PCURVE_S1.);
#1414=SURFACE_CURVE('',#609,(#710,#829),.PCURVE_S1.);
#1415=SURFACE_CURVE('',#610,(#711,#720),.PCURVE_S1.);
#1416=SURFACE_CURVE('',#611,(#713,#723),.PCURVE_S1.);
#1417=SURFACE_CURVE('',#1801,(#714,#896),.PCURVE_S1.);
#1418=SURFACE_CURVE('',#612,(#716,#782),.PCURVE_S1.);
#1419=SURFACE_CURVE('',#1805,(#717,#788),.PCURVE_S1.);
#1420=SURFACE_CURVE('',#613,(#718,#727),.PCURVE_S1.);
#1421=SURFACE_CURVE('',#1808,(#719,#784),.PCURVE_S1.);
#1422=SURFACE_CURVE('',#1811,(#721,#919),.PCURVE_S1.);
#1423=SURFACE_CURVE('',#614,(#722,#819),.PCURVE_S1.);
#1424=SURFACE_CURVE('',#615,(#724,#730),.PCURVE_S1.);
#1425=SURFACE_CURVE('',#616,(#725,#823),.PCURVE_S1.);
#1426=SURFACE_CURVE('',#617,(#726,#734),.PCURVE_S1.);
#1427=SURFACE_CURVE('',#618,(#728,#738),.PCURVE_S1.);
#1428=SURFACE_CURVE('',#1820,(#729,#891),.PCURVE_S1.);
#1429=SURFACE_CURVE('',#1823,(#731,#791),.PCURVE_S1.);
#1430=SURFACE_CURVE('',#1825,(#732,#739),.PCURVE_S1.);
#1431=SURFACE_CURVE('',#1827,(#733,#785),.PCURVE_S1.);
#1432=SURFACE_CURVE('',#1830,(#735,#911),.PCURVE_S1.);
#1433=SURFACE_CURVE('',#619,(#736,#741),.PCURVE_S1.);
#1434=SURFACE_CURVE('',#620,(#737,#803),.PCURVE_S1.);
#1435=SURFACE_CURVE('',#1836,(#740,#910),.PCURVE_S1.);
#1436=SURFACE_CURVE('',#1839,(#742,#790),.PCURVE_S1.);
#1437=SURFACE_CURVE('',#621,(#743,#786),.PCURVE_S1.);
#1438=SURFACE_CURVE('',#1842,(#744,#753),.PCURVE_S1.);
#1439=SURFACE_CURVE('',#1844,(#745,#915),.PCURVE_S1.);
#1440=SURFACE_CURVE('',#622,(#746,#750),.PCURVE_S1.);
#1441=SURFACE_CURVE('',#1847,(#747,#797),.PCURVE_S1.);
#1442=SURFACE_CURVE('',#623,(#748,#807),.PCURVE_S1.);
#1443=SURFACE_CURVE('',#624,(#749,#758),.PCURVE_S1.);
#1444=SURFACE_CURVE('',#625,(#751,#762),.PCURVE_S1.);
#1445=SURFACE_CURVE('',#1853,(#752,#916),.PCURVE_S1.);
#1446=SURFACE_CURVE('',#626,(#754,#796),.PCURVE_S1.);
#1447=SURFACE_CURVE('',#1857,(#755,#794),.PCURVE_S1.);
#1448=SURFACE_CURVE('',#627,(#756,#765),.PCURVE_S1.);
#1449=SURFACE_CURVE('',#1860,(#757,#798),.PCURVE_S1.);
#1450=SURFACE_CURVE('',#1863,(#759,#903),.PCURVE_S1.);
#1451=SURFACE_CURVE('',#628,(#760,#768),.PCURVE_S1.);
#1452=SURFACE_CURVE('',#629,(#761,#805),.PCURVE_S1.);
#1453=SURFACE_CURVE('',#630,(#763,#813),.PCURVE_S1.);
#1454=SURFACE_CURVE('',#631,(#764,#772),.PCURVE_S1.);
#1455=SURFACE_CURVE('',#632,(#766,#776),.PCURVE_S1.);
#1456=SURFACE_CURVE('',#1872,(#767,#893),.PCURVE_S1.);
#1457=SURFACE_CURVE('',#1875,(#769,#793),.PCURVE_S1.);
#1458=SURFACE_CURVE('',#1877,(#770,#777),.PCURVE_S1.);
#1459=SURFACE_CURVE('',#1879,(#771,#799),.PCURVE_S1.);
#1460=SURFACE_CURVE('',#1882,(#773,#899),.PCURVE_S1.);
#1461=SURFACE_CURVE('',#633,(#774,#779),.PCURVE_S1.);
#1462=SURFACE_CURVE('',#634,(#775,#821),.PCURVE_S1.);
#1463=SURFACE_CURVE('',#1888,(#778,#898),.PCURVE_S1.);
#1464=SURFACE_CURVE('',#1891,(#780,#792),.PCURVE_S1.);
#1465=SURFACE_CURVE('',#635,(#781,#800),.PCURVE_S1.);
#1466=SURFACE_CURVE('',#1897,(#787,#789),.PCURVE_S1.);
#1467=SURFACE_CURVE('',#1906,(#795,#801),.PCURVE_S1.);
#1468=SURFACE_CURVE('',#1912,(#802,#892),.PCURVE_S1.);
#1469=SURFACE_CURVE('',#1915,(#804,#917),.PCURVE_S1.);
#1470=SURFACE_CURVE('',#1918,(#806,#904),.PCURVE_S1.);
#1471=SURFACE_CURVE('',#1921,(#808,#914),.PCURVE_S1.);
#1472=SURFACE_CURVE('',#640,(#809,#880),.PCURVE_S1.);
#1473=SURFACE_CURVE('',#1924,(#810,#883),.PCURVE_S1.);
#1474=SURFACE_CURVE('',#641,(#811,#950),.PCURVE_S1.);
#1475=SURFACE_CURVE('',#1927,(#812,#900),.PCURVE_S1.);
#1476=SURFACE_CURVE('',#1930,(#814,#902),.PCURVE_S1.);
#1477=SURFACE_CURVE('',#642,(#815,#940),.PCURVE_S1.);
#1478=SURFACE_CURVE('',#1933,(#816,#977),.PCURVE_S1.);
#1479=SURFACE_CURVE('',#1936,(#818,#897),.PCURVE_S1.);
#1480=SURFACE_CURVE('',#1939,(#820,#890),.PCURVE_S1.);
#1481=SURFACE_CURVE('',#1942,(#822,#912),.PCURVE_S1.);
#1482=SURFACE_CURVE('',#1945,(#824,#918),.PCURVE_S1.);
#1483=SURFACE_CURVE('',#643,(#825,#930),.PCURVE_S1.);
#1484=SURFACE_CURVE('',#1948,(#826,#873),.PCURVE_S1.);
#1485=SURFACE_CURVE('',#644,(#827,#876),.PCURVE_S1.);
#1486=SURFACE_CURVE('',#1951,(#828,#920),.PCURVE_S1.);
#1487=SURFACE_CURVE('',#1954,(#830,#894),.PCURVE_S1.);
#1488=SURFACE_CURVE('',#1957,(#832,#887),.PCURVE_S1.);
#1489=SURFACE_CURVE('',#645,(#833,#926),.PCURVE_S1.);
#1490=SURFACE_CURVE('',#1961,(#835,#840),.PCURVE_S1.);
#1491=SURFACE_CURVE('',#1963,(#836,#953),.PCURVE_S1.);
#1492=SURFACE_CURVE('',#1965,(#837,#863),.PCURVE_S1.);
#1493=SURFACE_CURVE('',#646,(#838,#979),.PCURVE_S1.);
#1494=SURFACE_CURVE('',#1967,(#839,#954),.PCURVE_S1.);
#1495=SURFACE_CURVE('',#1971,(#842,#986),.PCURVE_S1.);
#1496=SURFACE_CURVE('',#1973,(#843,#990),.PCURVE_S1.);
#1497=SURFACE_CURVE('',#1975,(#844,#982),.PCURVE_S1.);
#1498=SURFACE_CURVE('',#1977,(#845,#938),.PCURVE_S1.);
#1499=SURFACE_CURVE('',#1979,(#846,#852),.PCURVE_S1.);
#1500=SURFACE_CURVE('',#1981,(#847,#860),.PCURVE_S1.);
#1501=SURFACE_CURVE('',#1983,(#848,#856),.PCURVE_S1.);
#1502=SURFACE_CURVE('',#1985,(#849,#932),.PCURVE_S1.);
#1503=SURFACE_CURVE('',#1988,(#851,#861),.PCURVE_S1.);
#1504=SURFACE_CURVE('',#1991,(#853,#924),.PCURVE_S1.);
#1505=SURFACE_CURVE('',#1994,(#855,#933),.PCURVE_S1.);
#1506=SURFACE_CURVE('',#1997,(#857,#859),.PCURVE_S1.);
#1507=SURFACE_CURVE('',#2005,(#864,#952),.PCURVE_S1.);
#1508=SURFACE_CURVE('',#648,(#865,#885),.PCURVE_S1.);
#1509=SURFACE_CURVE('',#2007,(#866,#878),.PCURVE_S1.);
#1510=SURFACE_CURVE('',#650,(#867,#875),.PCURVE_S1.);
#1511=SURFACE_CURVE('',#2009,(#868,#928),.PCURVE_S1.);
#1512=SURFACE_CURVE('',#652,(#869,#889),.PCURVE_S1.);
#1513=SURFACE_CURVE('',#654,(#870,#1016),.PCURVE_S1.);
#1514=SURFACE_CURVE('',#656,(#871,#1012),.PCURVE_S1.);
#1515=SURFACE_CURVE('',#2011,(#872,#877),.PCURVE_S1.);
#1516=SURFACE_CURVE('',#2014,(#874,#929),.PCURVE_S1.);
#1517=SURFACE_CURVE('',#2019,(#879,#884),.PCURVE_S1.);
#1518=SURFACE_CURVE('',#2021,(#881,#913),.PCURVE_S1.);
#1519=SURFACE_CURVE('',#2023,(#882,#951),.PCURVE_S1.);
#1520=SURFACE_CURVE('',#2028,(#886,#927),.PCURVE_S1.);
#1521=SURFACE_CURVE('',#2048,(#905,#949),.PCURVE_S1.);
#1522=SURFACE_CURVE('',#2050,(#906,#961),.PCURVE_S1.);
#1523=SURFACE_CURVE('',#2052,(#907,#945),.PCURVE_S1.);
#1524=SURFACE_CURVE('',#2054,(#908,#998),.PCURVE_S1.);
#1525=SURFACE_CURVE('',#2056,(#909,#941),.PCURVE_S1.);
#1526=SURFACE_CURVE('',#2069,(#921,#939),.PCURVE_S1.);
#1527=SURFACE_CURVE('',#2071,(#922,#981),.PCURVE_S1.);
#1528=SURFACE_CURVE('',#2073,(#923,#935),.PCURVE_S1.);
#1529=SURFACE_CURVE('',#2076,(#925,#931),.PCURVE_S1.);
#1530=SURFACE_CURVE('',#2087,(#937,#987),.PCURVE_S1.);
#1531=SURFACE_CURVE('',#2092,(#942,#974),.PCURVE_S1.);
#1532=SURFACE_CURVE('',#2094,(#943,#1005),.PCURVE_S1.);
#1533=SURFACE_CURVE('',#2099,(#947,#967),.PCURVE_S1.);
#1534=SURFACE_CURVE('',#2101,(#948,#971),.PCURVE_S1.);
#1535=SURFACE_CURVE('',#2108,(#955,#978),.PCURVE_S1.);
#1536=SURFACE_CURVE('',#2111,(#957,#963),.PCURVE_S1.);
#1537=SURFACE_CURVE('',#2113,(#958,#969),.PCURVE_S1.);
#1538=SURFACE_CURVE('',#2115,(#959,#965),.PCURVE_S1.);
#1539=SURFACE_CURVE('',#2119,(#962,#970),.PCURVE_S1.);
#1540=SURFACE_CURVE('',#2124,(#966,#968),.PCURVE_S1.);
#1541=SURFACE_CURVE('',#2132,(#973,#1001),.PCURVE_S1.);
#1542=SURFACE_CURVE('',#2135,(#975,#997),.PCURVE_S1.);
#1543=SURFACE_CURVE('',#2144,(#983,#989),.PCURVE_S1.);
#1544=SURFACE_CURVE('',#2147,(#985,#991),.PCURVE_S1.);
#1545=SURFACE_CURVE('',#2156,(#993,#1000),.PCURVE_S1.);
#1546=SURFACE_CURVE('',#2159,(#995,#1003),.PCURVE_S1.);
#1547=SURFACE_CURVE('',#2176,(#1011,#1017),.PCURVE_S1.);
#1548=SURFACE_CURVE('',#2179,(#1013,#1015),.PCURVE_S1.);
#1549=EDGE_CURVE('',#2185,#2188,#1372,.T.);
#1550=EDGE_CURVE('',#2188,#2187,#1373,.T.);
#1551=EDGE_CURVE('',#2187,#2186,#1374,.T.);
#1552=EDGE_CURVE('',#2186,#2185,#1375,.T.);
#1553=EDGE_CURVE('',#2187,#2188,#1376,.T.);
#1554=EDGE_CURVE('',#2185,#2186,#1377,.T.);
#1555=EDGE_CURVE('',#2289,#2290,#1378,.T.);
#1556=EDGE_CURVE('',#2290,#2291,#1379,.T.);
#1557=EDGE_CURVE('',#2291,#2292,#1380,.T.);
#1558=EDGE_CURVE('',#2292,#2289,#1381,.T.);
#1559=EDGE_CURVE('',#2189,#2190,#1382,.T.);
#1560=EDGE_CURVE('',#2190,#2262,#1383,.T.);
#1561=EDGE_CURVE('',#2262,#2255,#1384,.T.);
#1562=EDGE_CURVE('',#2255,#2191,#1385,.T.);
#1563=EDGE_CURVE('',#2191,#2192,#1386,.T.);
#1564=EDGE_CURVE('',#2192,#2193,#1387,.T.);
#1565=EDGE_CURVE('',#2193,#2194,#1388,.T.);
#1566=EDGE_CURVE('',#2194,#2189,#1389,.T.);
#1567=EDGE_CURVE('',#2195,#2198,#1390,.T.);
#1568=EDGE_CURVE('',#2198,#2197,#1391,.T.);
#1569=EDGE_CURVE('',#2197,#2196,#1392,.T.);
#1570=EDGE_CURVE('',#2196,#2195,#1393,.T.);
#1571=EDGE_CURVE('',#2199,#2202,#1394,.T.);
#1572=EDGE_CURVE('',#2202,#2201,#1395,.T.);
#1573=EDGE_CURVE('',#2201,#2200,#1396,.T.);
#1574=EDGE_CURVE('',#2200,#2199,#1397,.T.);
#1575=EDGE_CURVE('',#2206,#2204,#1398,.T.);
#1576=EDGE_CURVE('',#2204,#2203,#1399,.T.);
#1577=EDGE_CURVE('',#2203,#2205,#1400,.T.);
#1578=EDGE_CURVE('',#2205,#2206,#1401,.T.);
#1579=EDGE_CURVE('',#2208,#2207,#1402,.T.);
#1580=EDGE_CURVE('',#2207,#2210,#1403,.T.);
#1581=EDGE_CURVE('',#2210,#2209,#1404,.T.);
#1582=EDGE_CURVE('',#2209,#2208,#1405,.T.);
#1583=EDGE_CURVE('',#2213,#2214,#1406,.T.);
#1584=EDGE_CURVE('',#2214,#2212,#1407,.T.);
#1585=EDGE_CURVE('',#2212,#2211,#1408,.T.);
#1586=EDGE_CURVE('',#2211,#2213,#1409,.T.);
#1587=EDGE_CURVE('',#2217,#2216,#1410,.T.);
#1588=EDGE_CURVE('',#2216,#2215,#1411,.T.);
#1589=EDGE_CURVE('',#2215,#2218,#1412,.T.);
#1590=EDGE_CURVE('',#2218,#2217,#1413,.T.);
#1591=EDGE_CURVE('',#2215,#2219,#1414,.T.);
#1592=EDGE_CURVE('',#2219,#2218,#1415,.T.);
#1593=EDGE_CURVE('',#2221,#2220,#1416,.T.);
#1594=EDGE_CURVE('',#2220,#2216,#1417,.T.);
#1595=EDGE_CURVE('',#2217,#2222,#1418,.T.);
#1596=EDGE_CURVE('',#2222,#2221,#1419,.T.);
#1597=EDGE_CURVE('',#2223,#2224,#1420,.T.);
#1598=EDGE_CURVE('',#2224,#2218,#1421,.T.);
#1599=EDGE_CURVE('',#2219,#2223,#1422,.T.);
#1600=EDGE_CURVE('',#2225,#2220,#1423,.T.);
#1601=EDGE_CURVE('',#2221,#2225,#1424,.T.);
#1602=EDGE_CURVE('',#2223,#2226,#1425,.T.);
#1603=EDGE_CURVE('',#2226,#2224,#1426,.T.);
#1604=EDGE_CURVE('',#2228,#2227,#1427,.T.);
#1605=EDGE_CURVE('',#2227,#2225,#1428,.T.);
#1606=EDGE_CURVE('',#2221,#2228,#1429,.T.);
#1607=EDGE_CURVE('',#2229,#2230,#1430,.T.);
#1608=EDGE_CURVE('',#2230,#2224,#1431,.T.);
#1609=EDGE_CURVE('',#2226,#2229,#1432,.T.);
#1610=EDGE_CURVE('',#2228,#2231,#1433,.T.);
#1611=EDGE_CURVE('',#2231,#2227,#1434,.T.);
#1612=EDGE_CURVE('',#2229,#2231,#1435,.T.);
#1613=EDGE_CURVE('',#2228,#2232,#1436,.T.);
#1614=EDGE_CURVE('',#2232,#2230,#1437,.T.);
#1615=EDGE_CURVE('',#2235,#2234,#1438,.T.);
#1616=EDGE_CURVE('',#2234,#2233,#1439,.T.);
#1617=EDGE_CURVE('',#2233,#2236,#1440,.T.);
#1618=EDGE_CURVE('',#2236,#2235,#1441,.T.);
#1619=EDGE_CURVE('',#2233,#2237,#1442,.T.);
#1620=EDGE_CURVE('',#2237,#2236,#1443,.T.);
#1621=EDGE_CURVE('',#2240,#2238,#1444,.T.);
#1622=EDGE_CURVE('',#2238,#2234,#1445,.T.);
#1623=EDGE_CURVE('',#2235,#2239,#1446,.T.);
#1624=EDGE_CURVE('',#2239,#2240,#1447,.T.);
#1625=EDGE_CURVE('',#2241,#2242,#1448,.T.);
#1626=EDGE_CURVE('',#2242,#2236,#1449,.T.);
#1627=EDGE_CURVE('',#2237,#2241,#1450,.T.);
#1628=EDGE_CURVE('',#2240,#2243,#1451,.T.);
#1629=EDGE_CURVE('',#2243,#2238,#1452,.T.);
#1630=EDGE_CURVE('',#2241,#2244,#1453,.T.);
#1631=EDGE_CURVE('',#2244,#2242,#1454,.T.);
#1632=EDGE_CURVE('',#2246,#2245,#1455,.T.);
#1633=EDGE_CURVE('',#2245,#2243,#1456,.T.);
#1634=EDGE_CURVE('',#2240,#2246,#1457,.T.);
#1635=EDGE_CURVE('',#2247,#2248,#1458,.T.);
#1636=EDGE_CURVE('',#2248,#2242,#1459,.T.);
#1637=EDGE_CURVE('',#2244,#2247,#1460,.T.);
#1638=EDGE_CURVE('',#2246,#2249,#1461,.T.);
#1639=EDGE_CURVE('',#2249,#2245,#1462,.T.);
#1640=EDGE_CURVE('',#2247,#2249,#1463,.T.);
#1641=EDGE_CURVE('',#2246,#2250,#1464,.T.);
#1642=EDGE_CURVE('',#2250,#2248,#1465,.T.);
#1643=EDGE_CURVE('',#2232,#2222,#1466,.T.);
#1644=EDGE_CURVE('',#2239,#2250,#1467,.T.);
#1645=EDGE_CURVE('',#2243,#2227,#1468,.T.);
#1646=EDGE_CURVE('',#2231,#2238,#1469,.T.);
#1647=EDGE_CURVE('',#2251,#2237,#1470,.T.);
#1648=EDGE_CURVE('',#2233,#2253,#1471,.T.);
#1649=EDGE_CURVE('',#2253,#2254,#1472,.T.);
#1650=EDGE_CURVE('',#2254,#2252,#1473,.T.);
#1651=EDGE_CURVE('',#2252,#2251,#1474,.T.);
#1652=EDGE_CURVE('',#2255,#2244,#1475,.T.);
#1653=EDGE_CURVE('',#2241,#2257,#1476,.T.);
#1654=EDGE_CURVE('',#2257,#2256,#1477,.T.);
#1655=EDGE_CURVE('',#2256,#2191,#1478,.T.);
#1656=EDGE_CURVE('',#2249,#2220,#1479,.T.);
#1657=EDGE_CURVE('',#2225,#2245,#1480,.T.);
#1658=EDGE_CURVE('',#2260,#2226,#1481,.T.);
#1659=EDGE_CURVE('',#2223,#2259,#1482,.T.);
#1660=EDGE_CURVE('',#2259,#2258,#1483,.T.);
#1661=EDGE_CURVE('',#2258,#2261,#1484,.T.);
#1662=EDGE_CURVE('',#2261,#2260,#1485,.T.);
#1663=EDGE_CURVE('',#2263,#2219,#1486,.T.);
#1664=EDGE_CURVE('',#2215,#2262,#1487,.T.);
#1665=EDGE_CURVE('',#2190,#2264,#1488,.T.);
#1666=EDGE_CURVE('',#2264,#2263,#1489,.T.);
#1667=EDGE_CURVE('',#2193,#2266,#1490,.T.);
#1668=EDGE_CURVE('',#2266,#2265,#1491,.T.);
#1669=EDGE_CURVE('',#2265,#2194,#1492,.T.);
#1670=EDGE_CURVE('',#2192,#2267,#1493,.T.);
#1671=EDGE_CURVE('',#2267,#2266,#1494,.T.);
#1672=EDGE_CURVE('',#2272,#2270,#1495,.T.);
#1673=EDGE_CURVE('',#2270,#2271,#1496,.T.);
#1674=EDGE_CURVE('',#2271,#2273,#1497,.T.);
#1675=EDGE_CURVE('',#2273,#2272,#1498,.T.);
#1676=EDGE_CURVE('',#2274,#2276,#1499,.T.);
#1677=EDGE_CURVE('',#2276,#2277,#1500,.T.);
#1678=EDGE_CURVE('',#2277,#2275,#1501,.T.);
#1679=EDGE_CURVE('',#2275,#2274,#1502,.T.);
#1680=EDGE_CURVE('',#2209,#2276,#1503,.T.);
#1681=EDGE_CURVE('',#2274,#2208,#1504,.T.);
#1682=EDGE_CURVE('',#2207,#2275,#1505,.T.);
#1683=EDGE_CURVE('',#2277,#2210,#1506,.T.);
#1684=EDGE_CURVE('',#2265,#2278,#1507,.T.);
#1685=EDGE_CURVE('',#2278,#2281,#1508,.T.);
#1686=EDGE_CURVE('',#2281,#2282,#1509,.T.);
#1687=EDGE_CURVE('',#2282,#2280,#1510,.T.);
#1688=EDGE_CURVE('',#2280,#2279,#1511,.T.);
#1689=EDGE_CURVE('',#2279,#2189,#1512,.T.);
#1690=EDGE_CURVE('',#2269,#2268,#1513,.T.);
#1691=EDGE_CURVE('',#2268,#2269,#1514,.T.);
#1692=EDGE_CURVE('',#2282,#2261,#1515,.T.);
#1693=EDGE_CURVE('',#2258,#2280,#1516,.T.);
#1694=EDGE_CURVE('',#2281,#2254,#1517,.T.);
#1695=EDGE_CURVE('',#2253,#2260,#1518,.T.);
#1696=EDGE_CURVE('',#2278,#2252,#1519,.T.);
#1697=EDGE_CURVE('',#2279,#2264,#1520,.T.);
#1698=EDGE_CURVE('',#2251,#2284,#1521,.T.);
#1699=EDGE_CURVE('',#2284,#2202,#1522,.T.);
#1700=EDGE_CURVE('',#2202,#2206,#1523,.T.);
#1701=EDGE_CURVE('',#2206,#2283,#1524,.T.);
#1702=EDGE_CURVE('',#2283,#2257,#1525,.T.);
#1703=EDGE_CURVE('',#2263,#2273,#1526,.T.);
#1704=EDGE_CURVE('',#2273,#2214,#1527,.T.);
#1705=EDGE_CURVE('',#2214,#2208,#1528,.T.);
#1706=EDGE_CURVE('',#2274,#2259,#1529,.T.);
#1707=EDGE_CURVE('',#2213,#2272,#1530,.T.);
#1708=EDGE_CURVE('',#2283,#2285,#1531,.T.);
#1709=EDGE_CURVE('',#2285,#2204,#1532,.T.);
#1710=EDGE_CURVE('',#2199,#2286,#1533,.T.);
#1711=EDGE_CURVE('',#2286,#2284,#1534,.T.);
#1712=EDGE_CURVE('',#2267,#2256,#1535,.T.);
#1713=EDGE_CURVE('',#2201,#2288,#1536,.T.);
#1714=EDGE_CURVE('',#2288,#2287,#1537,.T.);
#1715=EDGE_CURVE('',#2287,#2200,#1538,.T.);
#1716=EDGE_CURVE('',#2284,#2288,#1539,.T.);
#1717=EDGE_CURVE('',#2287,#2286,#1540,.T.);
#1718=EDGE_CURVE('',#2195,#2285,#1541,.T.);
#1719=EDGE_CURVE('',#2283,#2198,#1542,.T.);
#1720=EDGE_CURVE('',#2271,#2212,#1543,.T.);
#1721=EDGE_CURVE('',#2211,#2270,#1544,.T.);
#1722=EDGE_CURVE('',#2197,#2205,#1545,.T.);
#1723=EDGE_CURVE('',#2203,#2196,#1546,.T.);
#1724=EDGE_CURVE('',#2188,#2269,#1547,.T.);
#1725=EDGE_CURVE('',#2268,#2187,#1548,.T.);
#1726=B_SPLINE_CURVE_WITH_KNOTS('',1,(#3445,#3446),.UNSPECIFIED.,.F.,.F.,
(2,2),(0.,0.49693256659589),.UNSPECIFIED.);
#1727=B_SPLINE_CURVE_WITH_KNOTS('',1,(#3447,#3448),.UNSPECIFIED.,.F.,.F.,
(2,2),(0.,0.49693256659589),.UNSPECIFIED.);
#1728=B_SPLINE_CURVE_WITH_KNOTS('',1,(#3454,#3455),.UNSPECIFIED.,.F.,.F.,
(2,2),(0.,4.06723470537601),.UNSPECIFIED.);
#1729=B_SPLINE_CURVE_WITH_KNOTS('',1,(#3456,#3457),.UNSPECIFIED.,.F.,.F.,
(2,2),(-0.49693256659589,0.),.UNSPECIFIED.);
#1730=B_SPLINE_CURVE_WITH_KNOTS('',1,(#3458,#3459),.UNSPECIFIED.,.F.,.F.,
(2,2),(-0.49693256659589,0.),.UNSPECIFIED.);
#1731=B_SPLINE_CURVE_WITH_KNOTS('',1,(#3465,#3466),.UNSPECIFIED.,.F.,.F.,
(2,2),(-3.66317684242689,0.),.UNSPECIFIED.);
#1732=B_SPLINE_CURVE_WITH_KNOTS('',1,(#3472,#3473),.UNSPECIFIED.,.F.,.F.,
(2,2),(0.,4.06723470537601),.UNSPECIFIED.);
#1733=B_SPLINE_CURVE_WITH_KNOTS('',1,(#3474,#3475),.UNSPECIFIED.,.F.,.F.,
(2,2),(0.,0.49693256659589),.UNSPECIFIED.);
#1734=B_SPLINE_CURVE_WITH_KNOTS('',1,(#3481,#3482),.UNSPECIFIED.,.F.,.F.,
(2,2),(-3.66317684242689,0.),.UNSPECIFIED.);
#1735=B_SPLINE_CURVE_WITH_KNOTS('',1,(#3483,#3484),.UNSPECIFIED.,.F.,.F.,
(2,2),(-0.49693256659589,0.),.UNSPECIFIED.);
#1736=B_SPLINE_CURVE_WITH_KNOTS('',1,(#3495,#3496),.UNSPECIFIED.,.F.,.F.,
(2,2),(-0.453406193078,0.),.UNSPECIFIED.);
#1737=B_SPLINE_CURVE_WITH_KNOTS('',1,(#3497,#3498),.UNSPECIFIED.,.F.,.F.,
(2,2),(-0.453406193078,0.),.UNSPECIFIED.);
#1738=B_SPLINE_CURVE_WITH_KNOTS('',1,(#3499,#3500),.UNSPECIFIED.,.F.,.F.,
(2,2),(-0.449836065573,0.),.UNSPECIFIED.);
#1739=B_SPLINE_CURVE_WITH_KNOTS('',1,(#3501,#3502),.UNSPECIFIED.,.F.,.F.,
(2,2),(-0.449836065573,0.),.UNSPECIFIED.);
#1740=B_SPLINE_CURVE_WITH_KNOTS('',1,(#3503,#3504),.UNSPECIFIED.,.F.,.F.,
(2,2),(-0.453406193078,0.),.UNSPECIFIED.);
#1741=B_SPLINE_CURVE_WITH_KNOTS('',1,(#3505,#3506),.UNSPECIFIED.,.F.,.F.,
(2,2),(-0.453406193078,0.),.UNSPECIFIED.);
#1742=B_SPLINE_CURVE_WITH_KNOTS('',1,(#3507,#3508),.UNSPECIFIED.,.F.,.F.,
(2,2),(-0.449836065573,0.),.UNSPECIFIED.);
#1743=B_SPLINE_CURVE_WITH_KNOTS('',1,(#3509,#3510),.UNSPECIFIED.,.F.,.F.,
(2,2),(-0.449836065573,0.),.UNSPECIFIED.);
#1744=B_SPLINE_CURVE_WITH_KNOTS('',1,(#3511,#3512),.UNSPECIFIED.,.F.,.F.,
(2,2),(0.,0.802411954871),.UNSPECIFIED.);
#1745=B_SPLINE_CURVE_WITH_KNOTS('',1,(#3525,#3526),.UNSPECIFIED.,.F.,.F.,
(2,2),(0.,3.001095620926),.UNSPECIFIED.);
#1746=B_SPLINE_CURVE_WITH_KNOTS('',1,(#3539,#3540),.UNSPECIFIED.,.F.,.F.,
(2,2),(-0.552411954871,0.),.UNSPECIFIED.);
#1747=B_SPLINE_CURVE_WITH_KNOTS('',1,(#3545,#3546),.UNSPECIFIED.,.F.,.F.,
(2,2),(-0.55,0.),.UNSPECIFIED.);
#1748=B_SPLINE_CURVE_WITH_KNOTS('',1,(#3551,#3552),.UNSPECIFIED.,.F.,.F.,
(2,2),(0.,0.25),.UNSPECIFIED.);
#1749=B_SPLINE_CURVE_WITH_KNOTS('',1,(#3557,#3558),.UNSPECIFIED.,.F.,.F.,
(2,2),(-2.549999999999,0.),.UNSPECIFIED.);
#1750=B_SPLINE_CURVE_WITH_KNOTS('',1,(#3563,#3564),.UNSPECIFIED.,.F.,.F.,
(2,2),(-0.149999999999992,0.),.UNSPECIFIED.);
#1751=B_SPLINE_CURVE_WITH_KNOTS('',1,(#3565,#3566),.UNSPECIFIED.,.F.,.F.,
(2,2),(-0.149999999999992,0.),.UNSPECIFIED.);
#1752=B_SPLINE_CURVE_WITH_KNOTS('',1,(#3567,#3568),.UNSPECIFIED.,.F.,.F.,
(2,2),(-0.424264068712636,0.),.UNSPECIFIED.);
#1753=B_SPLINE_CURVE_WITH_KNOTS('',1,(#3569,#3570),.UNSPECIFIED.,.F.,.F.,
(2,2),(-0.424264068712636,0.),.UNSPECIFIED.);
#1754=B_SPLINE_CURVE_WITH_KNOTS('',1,(#3571,#3572),.UNSPECIFIED.,.F.,.F.,
(2,2),(-0.149999999999994,0.),.UNSPECIFIED.);
#1755=B_SPLINE_CURVE_WITH_KNOTS('',1,(#3573,#3574),.UNSPECIFIED.,.F.,.F.,
(2,2),(-0.149999999999994,0.),.UNSPECIFIED.);
#1756=B_SPLINE_CURVE_WITH_KNOTS('',1,(#3575,#3576),.UNSPECIFIED.,.F.,.F.,
(2,2),(-0.424264068712636,0.),.UNSPECIFIED.);
#1757=B_SPLINE_CURVE_WITH_KNOTS('',1,(#3577,#3578),.UNSPECIFIED.,.F.,.F.,
(2,2),(-0.424264068712636,0.),.UNSPECIFIED.);
#1758=B_SPLINE_CURVE_WITH_KNOTS('',1,(#3579,#3580),.UNSPECIFIED.,.F.,.F.,
(2,2),(-0.149999999999003,0.),.UNSPECIFIED.);
#1759=B_SPLINE_CURVE_WITH_KNOTS('',1,(#3581,#3582),.UNSPECIFIED.,.F.,.F.,
(2,2),(-0.149999999999003,0.),.UNSPECIFIED.);
#1760=B_SPLINE_CURVE_WITH_KNOTS('',1,(#3583,#3584),.UNSPECIFIED.,.F.,.F.,
(2,2),(-1.350000000001,0.),.UNSPECIFIED.);
#1761=B_SPLINE_CURVE_WITH_KNOTS('',1,(#3585,#3586),.UNSPECIFIED.,.F.,.F.,
(2,2),(-1.350000000001,0.),.UNSPECIFIED.);
#1762=B_SPLINE_CURVE_WITH_KNOTS('',1,(#3587,#3588),.UNSPECIFIED.,.F.,.F.,
(2,2),(-0.149999999999003,0.),.UNSPECIFIED.);
#1763=B_SPLINE_CURVE_WITH_KNOTS('',1,(#3589,#3590),.UNSPECIFIED.,.F.,.F.,
(2,2),(-0.149999999999003,0.),.UNSPECIFIED.);
#1764=B_SPLINE_CURVE_WITH_KNOTS('',1,(#3591,#3592),.UNSPECIFIED.,.F.,.F.,
(2,2),(0.,1.350000000001),.UNSPECIFIED.);
#1765=B_SPLINE_CURVE_WITH_KNOTS('',1,(#3593,#3594),.UNSPECIFIED.,.F.,.F.,
(2,2),(0.,1.350000000001),.UNSPECIFIED.);
#1766=B_SPLINE_CURVE_WITH_KNOTS('',1,(#3595,#3596),.UNSPECIFIED.,.F.,.F.,
(2,2),(0.,0.149999999999997),.UNSPECIFIED.);
#1767=B_SPLINE_CURVE_WITH_KNOTS('',1,(#3597,#3598),.UNSPECIFIED.,.F.,.F.,
(2,2),(0.,0.149999999999997),.UNSPECIFIED.);
#1768=B_SPLINE_CURVE_WITH_KNOTS('',1,(#3599,#3600),.UNSPECIFIED.,.F.,.F.,
(2,2),(0.,1.350000000001),.UNSPECIFIED.);
#1769=B_SPLINE_CURVE_WITH_KNOTS('',1,(#3601,#3602),.UNSPECIFIED.,.F.,.F.,
(2,2),(0.,1.350000000001),.UNSPECIFIED.);
#1770=B_SPLINE_CURVE_WITH_KNOTS('',1,(#3603,#3604),.UNSPECIFIED.,.F.,.F.,
(2,2),(-0.149999999999997,0.),.UNSPECIFIED.);
#1771=B_SPLINE_CURVE_WITH_KNOTS('',1,(#3605,#3606),.UNSPECIFIED.,.F.,.F.,
(2,2),(-0.149999999999997,0.),.UNSPECIFIED.);
#1772=B_SPLINE_CURVE_WITH_KNOTS('',1,(#3607,#3608),.UNSPECIFIED.,.F.,.F.,
(2,2),(-1.35,0.),.UNSPECIFIED.);
#1773=B_SPLINE_CURVE_WITH_KNOTS('',1,(#3609,#3610),.UNSPECIFIED.,.F.,.F.,
(2,2),(-1.35,0.),.UNSPECIFIED.);
#1774=B_SPLINE_CURVE_WITH_KNOTS('',1,(#3611,#3612),.UNSPECIFIED.,.F.,.F.,
(2,2),(0.,0.149999999999003),.UNSPECIFIED.);
#1775=B_SPLINE_CURVE_WITH_KNOTS('',1,(#3613,#3614),.UNSPECIFIED.,.F.,.F.,
(2,2),(0.,0.149999999999003),.UNSPECIFIED.);
#1776=B_SPLINE_CURVE_WITH_KNOTS('',1,(#3615,#3616),.UNSPECIFIED.,.F.,.F.,
(2,2),(0.,1.35),.UNSPECIFIED.);
#1777=B_SPLINE_CURVE_WITH_KNOTS('',1,(#3617,#3618),.UNSPECIFIED.,.F.,.F.,
(2,2),(0.,1.35),.UNSPECIFIED.);
#1778=B_SPLINE_CURVE_WITH_KNOTS('',1,(#3619,#3620),.UNSPECIFIED.,.F.,.F.,
(2,2),(-0.149999999999003,0.),.UNSPECIFIED.);
#1779=B_SPLINE_CURVE_WITH_KNOTS('',1,(#3621,#3622),.UNSPECIFIED.,.F.,.F.,
(2,2),(-0.149999999999003,0.),.UNSPECIFIED.);
#1780=B_SPLINE_CURVE_WITH_KNOTS('',1,(#3623,#3624),.UNSPECIFIED.,.F.,.F.,
(2,2),(-1.35,0.),.UNSPECIFIED.);
#1781=B_SPLINE_CURVE_WITH_KNOTS('',1,(#3625,#3626),.UNSPECIFIED.,.F.,.F.,
(2,2),(-1.35,0.),.UNSPECIFIED.);
#1782=B_SPLINE_CURVE_WITH_KNOTS('',1,(#3627,#3628),.UNSPECIFIED.,.F.,.F.,
(2,2),(-0.149999999999997,0.),.UNSPECIFIED.);
#1783=B_SPLINE_CURVE_WITH_KNOTS('',1,(#3629,#3630),.UNSPECIFIED.,.F.,.F.,
(2,2),(-0.149999999999997,0.),.UNSPECIFIED.);
#1784=B_SPLINE_CURVE_WITH_KNOTS('',1,(#3631,#3632),.UNSPECIFIED.,.F.,.F.,
(2,2),(-1.35,0.),.UNSPECIFIED.);
#1785=B_SPLINE_CURVE_WITH_KNOTS('',1,(#3633,#3634),.UNSPECIFIED.,.F.,.F.,
(2,2),(-1.35,0.),.UNSPECIFIED.);
#1786=B_SPLINE_CURVE_WITH_KNOTS('',1,(#3635,#3636),.UNSPECIFIED.,.F.,.F.,
(2,2),(-0.149999999999997,0.),.UNSPECIFIED.);
#1787=B_SPLINE_CURVE_WITH_KNOTS('',1,(#3637,#3638),.UNSPECIFIED.,.F.,.F.,
(2,2),(-0.149999999999997,0.),.UNSPECIFIED.);
#1788=B_SPLINE_CURVE_WITH_KNOTS('',1,(#3639,#3640),.UNSPECIFIED.,.F.,.F.,
(2,2),(0.,1.35),.UNSPECIFIED.);
#1789=B_SPLINE_CURVE_WITH_KNOTS('',1,(#3641,#3642),.UNSPECIFIED.,.F.,.F.,
(2,2),(0.,1.35),.UNSPECIFIED.);
#1790=B_SPLINE_CURVE_WITH_KNOTS('',3,(#3643,#3644,#3645,#3646,#3647,#3648,
#3649,#3650),.UNSPECIFIED.,.F.,.F.,(4,2,2,4),(3.246312408709,3.98124389832957,
4.34680230112183,4.712388980384),.UNSPECIFIED.);
#1791=B_SPLINE_CURVE_WITH_KNOTS('',3,(#3651,#3652,#3653,#3654),
 .UNSPECIFIED.,.F.,.F.,(4,4),(3.246312408709,4.712388980384),
 .UNSPECIFIED.);
#1792=B_SPLINE_CURVE_WITH_KNOTS('',1,(#3655,#3656),.UNSPECIFIED.,.F.,.F.,
(2,2),(-0.517963194413,0.),.UNSPECIFIED.);
#1793=B_SPLINE_CURVE_WITH_KNOTS('',1,(#3657,#3658),.UNSPECIFIED.,.F.,.F.,
(2,2),(-0.517963194413,0.),.UNSPECIFIED.);
#1794=B_SPLINE_CURVE_WITH_KNOTS('',1,(#3662,#3663),.UNSPECIFIED.,.F.,.F.,
(2,2),(0.,0.146607657167308),.UNSPECIFIED.);
#1795=B_SPLINE_CURVE_WITH_KNOTS('',1,(#3664,#3665),.UNSPECIFIED.,.F.,.F.,
(2,2),(-0.418511004877,0.),.UNSPECIFIED.);
#1796=B_SPLINE_CURVE_WITH_KNOTS('',1,(#3666,#3667),.UNSPECIFIED.,.F.,.F.,
(2,2),(-0.418511004877,0.),.UNSPECIFIED.);
#1797=B_SPLINE_CURVE_WITH_KNOTS('',3,(#3671,#3672,#3673,#3674),
 .UNSPECIFIED.,.F.,.F.,(4,4),(-0.155986990973577,0.),.UNSPECIFIED.);
#1798=B_SPLINE_CURVE_WITH_KNOTS('',1,(#3678,#3679),.UNSPECIFIED.,.F.,.F.,
(2,2),(0.,0.146607657165842),.UNSPECIFIED.);
#1799=B_SPLINE_CURVE_WITH_KNOTS('',1,(#3680,#3681),.UNSPECIFIED.,.F.,.F.,
(2,2),(0.,0.146607657167308),.UNSPECIFIED.);
#1800=B_SPLINE_CURVE_WITH_KNOTS('',1,(#3685,#3686),.UNSPECIFIED.,.F.,.F.,
(2,2),(0.,0.15707963267949),.UNSPECIFIED.);
#1801=B_SPLINE_CURVE_WITH_KNOTS('',1,(#3687,#3688),.UNSPECIFIED.,.F.,.F.,
(2,2),(-0.201101655912794,0.),.UNSPECIFIED.);
#1802=B_SPLINE_CURVE_WITH_KNOTS('',1,(#3689,#3690),.UNSPECIFIED.,.F.,.F.,
(2,2),(-0.201101655912794,0.),.UNSPECIFIED.);
#1803=B_SPLINE_CURVE_WITH_KNOTS('',3,(#3691,#3692,#3693,#3694),
 .UNSPECIFIED.,.F.,.F.,(4,4),(3.246312408709,4.712388980384),
 .UNSPECIFIED.);
#1804=B_SPLINE_CURVE_WITH_KNOTS('',3,(#3699,#3700,#3701,#3702),
 .UNSPECIFIED.,.F.,.F.,(4,4),(-1.675516081914,-1.570796326794),
 .UNSPECIFIED.);
#1805=B_SPLINE_CURVE_WITH_KNOTS('',1,(#3703,#3704),.UNSPECIFIED.,.F.,.F.,
(2,2),(-0.100550827956292,0.),.UNSPECIFIED.);
#1806=B_SPLINE_CURVE_WITH_KNOTS('',1,(#3705,#3706),.UNSPECIFIED.,.F.,.F.,
(2,2),(-0.100550827956292,0.),.UNSPECIFIED.);
#1807=B_SPLINE_CURVE_WITH_KNOTS('',1,(#3710,#3711),.UNSPECIFIED.,.F.,.F.,
(2,2),(0.,0.146607657168303),.UNSPECIFIED.);
#1808=B_SPLINE_CURVE_WITH_KNOTS('',1,(#3712,#3713),.UNSPECIFIED.,.F.,.F.,
(2,2),(-2.475926388826,0.),.UNSPECIFIED.);
#1809=B_SPLINE_CURVE_WITH_KNOTS('',1,(#3714,#3715),.UNSPECIFIED.,.F.,.F.,
(2,2),(-2.475926388826,0.),.UNSPECIFIED.);
#1810=B_SPLINE_CURVE_WITH_KNOTS('',1,(#3716,#3717),.UNSPECIFIED.,.F.,.F.,
(2,2),(0.,0.146607657165842),.UNSPECIFIED.);
#1811=B_SPLINE_CURVE_WITH_KNOTS('',1,(#3718,#3719),.UNSPECIFIED.,.F.,.F.,
(2,2),(-2.475926388826,0.),.UNSPECIFIED.);
#1812=B_SPLINE_CURVE_WITH_KNOTS('',1,(#3720,#3721),.UNSPECIFIED.,.F.,.F.,
(2,2),(-2.475926388826,0.),.UNSPECIFIED.);
#1813=B_SPLINE_CURVE_WITH_KNOTS('',1,(#3725,#3726),.UNSPECIFIED.,.F.,.F.,
(2,2),(-0.146607657167204,0.),.UNSPECIFIED.);
#1814=B_SPLINE_CURVE_WITH_KNOTS('',3,(#3727,#3728,#3729,#3730),
 .UNSPECIFIED.,.F.,.F.,(4,4),(0.,0.15707963267949),.UNSPECIFIED.);
#1815=B_SPLINE_CURVE_WITH_KNOTS('',1,(#3734,#3735),.UNSPECIFIED.,.F.,.F.,
(2,2),(0.,1.5707963267949),.UNSPECIFIED.);
#1816=B_SPLINE_CURVE_WITH_KNOTS('',3,(#3739,#3740,#3741,#3742),
 .UNSPECIFIED.,.F.,.F.,(4,4),(-0.155986990973784,0.),.UNSPECIFIED.);
#1817=B_SPLINE_CURVE_WITH_KNOTS('',1,(#3746,#3747),.UNSPECIFIED.,.F.,.F.,
(2,2),(0.,0.146607657168303),.UNSPECIFIED.);
#1818=B_SPLINE_CURVE_WITH_KNOTS('',1,(#3748,#3749),.UNSPECIFIED.,.F.,.F.,
(2,2),(0.,0.146607657168303),.UNSPECIFIED.);
#1819=B_SPLINE_CURVE_WITH_KNOTS('',1,(#3753,#3754),.UNSPECIFIED.,.F.,.F.,
(2,2),(0.,1.5707963267949),.UNSPECIFIED.);
#1820=B_SPLINE_CURVE_WITH_KNOTS('',1,(#3755,#3756),.UNSPECIFIED.,.F.,.F.,
(2,2),(-2.43388469472,0.),.UNSPECIFIED.);
#1821=B_SPLINE_CURVE_WITH_KNOTS('',1,(#3757,#3758),.UNSPECIFIED.,.F.,.F.,
(2,2),(-2.43388469472,0.),.UNSPECIFIED.);
#1822=B_SPLINE_CURVE_WITH_KNOTS('',1,(#3759,#3760),.UNSPECIFIED.,.F.,.F.,
(2,2),(0.,1.5707963267949),.UNSPECIFIED.);
#1823=B_SPLINE_CURVE_WITH_KNOTS('',1,(#3761,#3762),.UNSPECIFIED.,.F.,.F.,
(2,2),(-2.43388469472,0.),.UNSPECIFIED.);
#1824=B_SPLINE_CURVE_WITH_KNOTS('',1,(#3763,#3764),.UNSPECIFIED.,.F.,.F.,
(2,2),(-2.43388469472,0.),.UNSPECIFIED.);
#1825=B_SPLINE_CURVE_WITH_KNOTS('',3,(#3765,#3766,#3767,#3768,#3769,#3770,
#3771,#3772),.UNSPECIFIED.,.F.,.F.,(4,2,2,4),(4.712388980384,5.0779756596461,
5.44353406243828,6.178465552059),.UNSPECIFIED.);
#1826=B_SPLINE_CURVE_WITH_KNOTS('',3,(#3773,#3774,#3775,#3776),
 .UNSPECIFIED.,.F.,.F.,(4,4),(4.712388980384,6.178465552059),
 .UNSPECIFIED.);
#1827=B_SPLINE_CURVE_WITH_KNOTS('',1,(#3777,#3778),.UNSPECIFIED.,.F.,.F.,
(2,2),(-0.418511004877,0.),.UNSPECIFIED.);
#1828=B_SPLINE_CURVE_WITH_KNOTS('',1,(#3779,#3780),.UNSPECIFIED.,.F.,.F.,
(2,2),(-0.418511004877,0.),.UNSPECIFIED.);
#1829=B_SPLINE_CURVE_WITH_KNOTS('',1,(#3781,#3782),.UNSPECIFIED.,.F.,.F.,
(2,2),(0.,0.146607657168303),.UNSPECIFIED.);
#1830=B_SPLINE_CURVE_WITH_KNOTS('',1,(#3783,#3784),.UNSPECIFIED.,.F.,.F.,
(2,2),(-0.517963194413,0.),.UNSPECIFIED.);
#1831=B_SPLINE_CURVE_WITH_KNOTS('',1,(#3785,#3786),.UNSPECIFIED.,.F.,.F.,
(2,2),(-0.517963194413,0.),.UNSPECIFIED.);
#1832=B_SPLINE_CURVE_WITH_KNOTS('',3,(#3790,#3791,#3792,#3793),
 .UNSPECIFIED.,.F.,.F.,(4,4),(0.,0.15707963267949),.UNSPECIFIED.);
#1833=B_SPLINE_CURVE_WITH_KNOTS('',1,(#3797,#3798),.UNSPECIFIED.,.F.,.F.,
(2,2),(-0.146607657168198,0.),.UNSPECIFIED.);
#1834=B_SPLINE_CURVE_WITH_KNOTS('',1,(#3799,#3800),.UNSPECIFIED.,.F.,.F.,
(2,2),(0.,1.5707963267949),.UNSPECIFIED.);
#1835=B_SPLINE_CURVE_WITH_KNOTS('',3,(#3801,#3802,#3803,#3804),
 .UNSPECIFIED.,.F.,.F.,(4,4),(4.712388980384,6.178465552059),
 .UNSPECIFIED.);
#1836=B_SPLINE_CURVE_WITH_KNOTS('',1,(#3805,#3806),.UNSPECIFIED.,.F.,.F.,
(2,2),(-0.201101655912794,0.),.UNSPECIFIED.);
#1837=B_SPLINE_CURVE_WITH_KNOTS('',1,(#3807,#3808),.UNSPECIFIED.,.F.,.F.,
(2,2),(-0.201101655912794,0.),.UNSPECIFIED.);
#1838=B_SPLINE_CURVE_WITH_KNOTS('',1,(#3809,#3810),.UNSPECIFIED.,.F.,.F.,
(2,2),(0.,0.15707963267949),.UNSPECIFIED.);
#1839=B_SPLINE_CURVE_WITH_KNOTS('',1,(#3811,#3812),.UNSPECIFIED.,.F.,.F.,
(2,2),(-0.100550827956292,0.),.UNSPECIFIED.);
#1840=B_SPLINE_CURVE_WITH_KNOTS('',1,(#3813,#3814),.UNSPECIFIED.,.F.,.F.,
(2,2),(-0.100550827956292,0.),.UNSPECIFIED.);
#1841=B_SPLINE_CURVE_WITH_KNOTS('',3,(#3819,#3820,#3821,#3822),
 .UNSPECIFIED.,.F.,.F.,(4,4),(-1.570796326794,-1.466076571675),
 .UNSPECIFIED.);
#1842=B_SPLINE_CURVE_WITH_KNOTS('',3,(#3823,#3824,#3825,#3826,#3827,#3828,
#3829,#3830),.UNSPECIFIED.,.F.,.F.,(4,2,2,4),(3.246312408709,3.98124389832925,
4.34680230112167,4.712388980384),.UNSPECIFIED.);
#1843=B_SPLINE_CURVE_WITH_KNOTS('',3,(#3831,#3832,#3833,#3834),
 .UNSPECIFIED.,.F.,.F.,(4,4),(3.246312408709,4.712388980384),
 .UNSPECIFIED.);
#1844=B_SPLINE_CURVE_WITH_KNOTS('',1,(#3835,#3836),.UNSPECIFIED.,.F.,.F.,
(2,2),(-0.517963194413,0.),.UNSPECIFIED.);
#1845=B_SPLINE_CURVE_WITH_KNOTS('',1,(#3837,#3838),.UNSPECIFIED.,.F.,.F.,
(2,2),(-0.517963194413,0.),.UNSPECIFIED.);
#1846=B_SPLINE_CURVE_WITH_KNOTS('',1,(#3842,#3843),.UNSPECIFIED.,.F.,.F.,
(2,2),(0.,0.146607657168303),.UNSPECIFIED.);
#1847=B_SPLINE_CURVE_WITH_KNOTS('',1,(#3844,#3845),.UNSPECIFIED.,.F.,.F.,
(2,2),(-0.418511004877,0.),.UNSPECIFIED.);
#1848=B_SPLINE_CURVE_WITH_KNOTS('',1,(#3846,#3847),.UNSPECIFIED.,.F.,.F.,
(2,2),(-0.418511004877,0.),.UNSPECIFIED.);
#1849=B_SPLINE_CURVE_WITH_KNOTS('',3,(#3851,#3852,#3853,#3854),
 .UNSPECIFIED.,.F.,.F.,(4,4),(-0.155986990973784,0.),.UNSPECIFIED.);
#1850=B_SPLINE_CURVE_WITH_KNOTS('',1,(#3858,#3859),.UNSPECIFIED.,.F.,.F.,
(2,2),(0.,0.146607657168303),.UNSPECIFIED.);
#1851=B_SPLINE_CURVE_WITH_KNOTS('',1,(#3860,#3861),.UNSPECIFIED.,.F.,.F.,
(2,2),(0.,0.146607657168303),.UNSPECIFIED.);
#1852=B_SPLINE_CURVE_WITH_KNOTS('',1,(#3865,#3866),.UNSPECIFIED.,.F.,.F.,
(2,2),(0.,0.15707963267949),.UNSPECIFIED.);
#1853=B_SPLINE_CURVE_WITH_KNOTS('',1,(#3867,#3868),.UNSPECIFIED.,.F.,.F.,
(2,2),(-0.201101655912794,0.),.UNSPECIFIED.);
#1854=B_SPLINE_CURVE_WITH_KNOTS('',1,(#3869,#3870),.UNSPECIFIED.,.F.,.F.,
(2,2),(-0.201101655912794,0.),.UNSPECIFIED.);
#1855=B_SPLINE_CURVE_WITH_KNOTS('',3,(#3871,#3872,#3873,#3874),
 .UNSPECIFIED.,.F.,.F.,(4,4),(3.246312408709,4.712388980384),
 .UNSPECIFIED.);
#1856=B_SPLINE_CURVE_WITH_KNOTS('',3,(#3879,#3880,#3881,#3882),
 .UNSPECIFIED.,.F.,.F.,(4,4),(-1.675516081914,-1.570796326794),
 .UNSPECIFIED.);
#1857=B_SPLINE_CURVE_WITH_KNOTS('',1,(#3883,#3884),.UNSPECIFIED.,.F.,.F.,
(2,2),(-0.100550827956292,0.),.UNSPECIFIED.);
#1858=B_SPLINE_CURVE_WITH_KNOTS('',1,(#3885,#3886),.UNSPECIFIED.,.F.,.F.,
(2,2),(-0.100550827956292,0.),.UNSPECIFIED.);
#1859=B_SPLINE_CURVE_WITH_KNOTS('',1,(#3890,#3891),.UNSPECIFIED.,.F.,.F.,
(2,2),(0.,0.146607657167308),.UNSPECIFIED.);
#1860=B_SPLINE_CURVE_WITH_KNOTS('',1,(#3892,#3893),.UNSPECIFIED.,.F.,.F.,
(2,2),(-2.475926388826,0.),.UNSPECIFIED.);
#1861=B_SPLINE_CURVE_WITH_KNOTS('',1,(#3894,#3895),.UNSPECIFIED.,.F.,.F.,
(2,2),(-2.475926388826,0.),.UNSPECIFIED.);
#1862=B_SPLINE_CURVE_WITH_KNOTS('',1,(#3896,#3897),.UNSPECIFIED.,.F.,.F.,
(2,2),(0.,0.146607657168303),.UNSPECIFIED.);
#1863=B_SPLINE_CURVE_WITH_KNOTS('',1,(#3898,#3899),.UNSPECIFIED.,.F.,.F.,
(2,2),(-2.475926388826,0.),.UNSPECIFIED.);
#1864=B_SPLINE_CURVE_WITH_KNOTS('',1,(#3900,#3901),.UNSPECIFIED.,.F.,.F.,
(2,2),(-2.475926388826,0.),.UNSPECIFIED.);
#1865=B_SPLINE_CURVE_WITH_KNOTS('',1,(#3905,#3906),.UNSPECIFIED.,.F.,.F.,
(2,2),(0.,0.15707963267949),.UNSPECIFIED.);
#1866=B_SPLINE_CURVE_WITH_KNOTS('',1,(#3910,#3911),.UNSPECIFIED.,.F.,.F.,
(2,2),(-0.146607657168198,0.),.UNSPECIFIED.);
#1867=B_SPLINE_CURVE_WITH_KNOTS('',3,(#3912,#3913,#3914,#3915),
 .UNSPECIFIED.,.F.,.F.,(4,4),(0.,0.15707963267949),.UNSPECIFIED.);
#1868=B_SPLINE_CURVE_WITH_KNOTS('',3,(#3919,#3920,#3921,#3922),
 .UNSPECIFIED.,.F.,.F.,(4,4),(-0.155986990973577,0.),.UNSPECIFIED.);
#1869=B_SPLINE_CURVE_WITH_KNOTS('',1,(#3926,#3927),.UNSPECIFIED.,.F.,.F.,
(2,2),(0.,0.146607657165842),.UNSPECIFIED.);
#1870=B_SPLINE_CURVE_WITH_KNOTS('',1,(#3928,#3929),.UNSPECIFIED.,.F.,.F.,
(2,2),(0.,0.146607657167308),.UNSPECIFIED.);
#1871=B_SPLINE_CURVE_WITH_KNOTS('',1,(#3933,#3934),.UNSPECIFIED.,.F.,.F.,
(2,2),(0.,0.15707963267949),.UNSPECIFIED.);
#1872=B_SPLINE_CURVE_WITH_KNOTS('',1,(#3935,#3936),.UNSPECIFIED.,.F.,.F.,
(2,2),(-2.43388469472,0.),.UNSPECIFIED.);
#1873=B_SPLINE_CURVE_WITH_KNOTS('',1,(#3937,#3938),.UNSPECIFIED.,.F.,.F.,
(2,2),(-2.43388469472,0.),.UNSPECIFIED.);
#1874=B_SPLINE_CURVE_WITH_KNOTS('',1,(#3939,#3940),.UNSPECIFIED.,.F.,.F.,
(2,2),(0.,0.15707963267949),.UNSPECIFIED.);
#1875=B_SPLINE_CURVE_WITH_KNOTS('',1,(#3941,#3942),.UNSPECIFIED.,.F.,.F.,
(2,2),(-2.43388469472,0.),.UNSPECIFIED.);
#1876=B_SPLINE_CURVE_WITH_KNOTS('',1,(#3943,#3944),.UNSPECIFIED.,.F.,.F.,
(2,2),(-2.43388469472,0.),.UNSPECIFIED.);
#1877=B_SPLINE_CURVE_WITH_KNOTS('',3,(#3945,#3946,#3947,#3948,#3949,#3950,
#3951,#3952),.UNSPECIFIED.,.F.,.F.,(4,2,2,4),(4.712388980384,5.07797565964617,
5.44353406243843,6.178465552059),.UNSPECIFIED.);
#1878=B_SPLINE_CURVE_WITH_KNOTS('',3,(#3953,#3954,#3955,#3956),
 .UNSPECIFIED.,.F.,.F.,(4,4),(4.712388980384,6.178465552059),
 .UNSPECIFIED.);
#1879=B_SPLINE_CURVE_WITH_KNOTS('',1,(#3957,#3958),.UNSPECIFIED.,.F.,.F.,
(2,2),(-0.418511004877,0.),.UNSPECIFIED.);
#1880=B_SPLINE_CURVE_WITH_KNOTS('',1,(#3959,#3960),.UNSPECIFIED.,.F.,.F.,
(2,2),(-0.418511004877,0.),.UNSPECIFIED.);
#1881=B_SPLINE_CURVE_WITH_KNOTS('',1,(#3961,#3962),.UNSPECIFIED.,.F.,.F.,
(2,2),(0.,0.146607657165842),.UNSPECIFIED.);
#1882=B_SPLINE_CURVE_WITH_KNOTS('',1,(#3963,#3964),.UNSPECIFIED.,.F.,.F.,
(2,2),(-0.517963194413,0.),.UNSPECIFIED.);
#1883=B_SPLINE_CURVE_WITH_KNOTS('',1,(#3965,#3966),.UNSPECIFIED.,.F.,.F.,
(2,2),(-0.517963194413,0.),.UNSPECIFIED.);
#1884=B_SPLINE_CURVE_WITH_KNOTS('',1,(#3970,#3971),.UNSPECIFIED.,.F.,.F.,
(2,2),(0.,0.15707963267949),.UNSPECIFIED.);
#1885=B_SPLINE_CURVE_WITH_KNOTS('',1,(#3975,#3976),.UNSPECIFIED.,.F.,.F.,
(2,2),(-0.146607657167204,0.),.UNSPECIFIED.);
#1886=B_SPLINE_CURVE_WITH_KNOTS('',1,(#3977,#3978),.UNSPECIFIED.,.F.,.F.,
(2,2),(0.,0.15707963267949),.UNSPECIFIED.);
#1887=B_SPLINE_CURVE_WITH_KNOTS('',3,(#3979,#3980,#3981,#3982),
 .UNSPECIFIED.,.F.,.F.,(4,4),(4.712388980384,6.178465552059),
 .UNSPECIFIED.);
#1888=B_SPLINE_CURVE_WITH_KNOTS('',1,(#3983,#3984),.UNSPECIFIED.,.F.,.F.,
(2,2),(-0.201101655912794,0.),.UNSPECIFIED.);
#1889=B_SPLINE_CURVE_WITH_KNOTS('',1,(#3985,#3986),.UNSPECIFIED.,.F.,.F.,
(2,2),(-0.201101655912794,0.),.UNSPECIFIED.);
#1890=B_SPLINE_CURVE_WITH_KNOTS('',1,(#3987,#3988),.UNSPECIFIED.,.F.,.F.,
(2,2),(0.,0.15707963267949),.UNSPECIFIED.);
#1891=B_SPLINE_CURVE_WITH_KNOTS('',1,(#3989,#3990),.UNSPECIFIED.,.F.,.F.,
(2,2),(-0.100550827956292,0.),.UNSPECIFIED.);
#1892=B_SPLINE_CURVE_WITH_KNOTS('',1,(#3991,#3992),.UNSPECIFIED.,.F.,.F.,
(2,2),(-0.100550827956292,0.),.UNSPECIFIED.);
#1893=B_SPLINE_CURVE_WITH_KNOTS('',3,(#3997,#3998,#3999,#4000),
 .UNSPECIFIED.,.F.,.F.,(4,4),(-1.570796326794,-1.466076571675),
 .UNSPECIFIED.);
#1894=B_SPLINE_CURVE_WITH_KNOTS('',1,(#4005,#4006),.UNSPECIFIED.,.F.,.F.,
(2,2),(-0.418511004877,0.),.UNSPECIFIED.);
#1895=B_SPLINE_CURVE_WITH_KNOTS('',1,(#4007,#4008),.UNSPECIFIED.,.F.,.F.,
(2,2),(-2.475926388826,0.),.UNSPECIFIED.);
#1896=B_SPLINE_CURVE_WITH_KNOTS('',1,(#4009,#4010),.UNSPECIFIED.,.F.,.F.,
(2,2),(-0.418511004877,0.),.UNSPECIFIED.);
#1897=B_SPLINE_CURVE_WITH_KNOTS('',1,(#4015,#4016),.UNSPECIFIED.,.F.,.F.,
(2,2),(-2.454905541772,0.),.UNSPECIFIED.);
#1898=B_SPLINE_CURVE_WITH_KNOTS('',1,(#4017,#4018),.UNSPECIFIED.,.F.,.F.,
(2,2),(-2.454905541772,0.),.UNSPECIFIED.);
#1899=B_SPLINE_CURVE_WITH_KNOTS('',1,(#4019,#4020),.UNSPECIFIED.,.F.,.F.,
(2,2),(-0.100550827956292,0.),.UNSPECIFIED.);
#1900=B_SPLINE_CURVE_WITH_KNOTS('',1,(#4021,#4022),.UNSPECIFIED.,.F.,.F.,
(2,2),(-2.454905541772,0.),.UNSPECIFIED.);
#1901=B_SPLINE_CURVE_WITH_KNOTS('',1,(#4023,#4024),.UNSPECIFIED.,.F.,.F.,
(2,2),(-0.100550827956292,0.),.UNSPECIFIED.);
#1902=B_SPLINE_CURVE_WITH_KNOTS('',1,(#4025,#4026),.UNSPECIFIED.,.F.,.F.,
(2,2),(-2.43388469472,0.),.UNSPECIFIED.);
#1903=B_SPLINE_CURVE_WITH_KNOTS('',1,(#4027,#4028),.UNSPECIFIED.,.F.,.F.,
(2,2),(-0.100550827956292,0.),.UNSPECIFIED.);
#1904=B_SPLINE_CURVE_WITH_KNOTS('',1,(#4029,#4030),.UNSPECIFIED.,.F.,.F.,
(2,2),(-2.43388469472,0.),.UNSPECIFIED.);
#1905=B_SPLINE_CURVE_WITH_KNOTS('',1,(#4031,#4032),.UNSPECIFIED.,.F.,.F.,
(2,2),(-0.100550827956292,0.),.UNSPECIFIED.);
#1906=B_SPLINE_CURVE_WITH_KNOTS('',1,(#4033,#4034),.UNSPECIFIED.,.F.,.F.,
(2,2),(-2.454905541772,0.),.UNSPECIFIED.);
#1907=B_SPLINE_CURVE_WITH_KNOTS('',1,(#4035,#4036),.UNSPECIFIED.,.F.,.F.,
(2,2),(-2.454905541772,0.),.UNSPECIFIED.);
#1908=B_SPLINE_CURVE_WITH_KNOTS('',1,(#4041,#4042),.UNSPECIFIED.,.F.,.F.,
(2,2),(-0.418511004877,0.),.UNSPECIFIED.);
#1909=B_SPLINE_CURVE_WITH_KNOTS('',1,(#4043,#4044),.UNSPECIFIED.,.F.,.F.,
(2,2),(-2.475926388826,0.),.UNSPECIFIED.);
#1910=B_SPLINE_CURVE_WITH_KNOTS('',1,(#4045,#4046),.UNSPECIFIED.,.F.,.F.,
(2,2),(-0.418511004877,0.),.UNSPECIFIED.);
#1911=B_SPLINE_CURVE_WITH_KNOTS('',1,(#4051,#4052),.UNSPECIFIED.,.F.,.F.,
(2,2),(-2.454905541772,0.),.UNSPECIFIED.);
#1912=B_SPLINE_CURVE_WITH_KNOTS('',1,(#4053,#4054),.UNSPECIFIED.,.F.,.F.,
(2,2),(-1.84,0.),.UNSPECIFIED.);
#1913=B_SPLINE_CURVE_WITH_KNOTS('',1,(#4055,#4056),.UNSPECIFIED.,.F.,.F.,
(2,2),(-1.84,0.),.UNSPECIFIED.);
#1914=B_SPLINE_CURVE_WITH_KNOTS('',1,(#4057,#4058),.UNSPECIFIED.,.F.,.F.,
(2,2),(-0.146607657168198,0.),.UNSPECIFIED.);
#1915=B_SPLINE_CURVE_WITH_KNOTS('',1,(#4059,#4060),.UNSPECIFIED.,.F.,.F.,
(2,2),(-1.84,0.),.UNSPECIFIED.);
#1916=B_SPLINE_CURVE_WITH_KNOTS('',1,(#4061,#4062),.UNSPECIFIED.,.F.,.F.,
(2,2),(-1.84,0.),.UNSPECIFIED.);
#1917=B_SPLINE_CURVE_WITH_KNOTS('',1,(#4063,#4064),.UNSPECIFIED.,.F.,.F.,
(2,2),(-0.146607657168198,0.),.UNSPECIFIED.);
#1918=B_SPLINE_CURVE_WITH_KNOTS('',1,(#4065,#4066),.UNSPECIFIED.,.F.,.F.,
(2,2),(-0.601994817693621,0.),.UNSPECIFIED.);
#1919=B_SPLINE_CURVE_WITH_KNOTS('',1,(#4067,#4068),.UNSPECIFIED.,.F.,.F.,
(2,2),(-0.601994817693621,0.),.UNSPECIFIED.);
#1920=B_SPLINE_CURVE_WITH_KNOTS('',1,(#4069,#4070),.UNSPECIFIED.,.F.,.F.,
(2,2),(-0.155986990973784,0.),.UNSPECIFIED.);
#1921=B_SPLINE_CURVE_WITH_KNOTS('',1,(#4071,#4072),.UNSPECIFIED.,.F.,.F.,
(2,2),(-0.60199481769362,0.),.UNSPECIFIED.);
#1922=B_SPLINE_CURVE_WITH_KNOTS('',1,(#4073,#4074),.UNSPECIFIED.,.F.,.F.,
(2,2),(-0.60199481769362,0.),.UNSPECIFIED.);
#1923=B_SPLINE_CURVE_WITH_KNOTS('',3,(#4079,#4080,#4081,#4082),
 .UNSPECIFIED.,.F.,.F.,(4,4),(-3.130666236546,-2.712098405577),
 .UNSPECIFIED.);
#1924=B_SPLINE_CURVE_WITH_KNOTS('',3,(#4083,#4084,#4085,#4086,#4087,#4088,
#4089,#4090,#4091,#4092),.UNSPECIFIED.,.F.,.F.,(4,2,2,2,4),(-0.000139887993,
-0.000104925794517026,-6.99629564392702E-05,-3.49572997814219E-05,0.),
 .UNSPECIFIED.);
#1925=B_SPLINE_CURVE_WITH_KNOTS('',3,(#4093,#4094,#4095,#4096),
 .UNSPECIFIED.,.F.,.F.,(4,4),(-0.000139887993,0.),.UNSPECIFIED.);
#1926=B_SPLINE_CURVE_WITH_KNOTS('',3,(#4101,#4102,#4103,#4104),
 .UNSPECIFIED.,.F.,.F.,(4,4),(-3.571086901602,-3.152519070632),
 .UNSPECIFIED.);
#1927=B_SPLINE_CURVE_WITH_KNOTS('',1,(#4105,#4106),.UNSPECIFIED.,.F.,.F.,
(2,2),(-0.601994817693536,0.),.UNSPECIFIED.);
#1928=B_SPLINE_CURVE_WITH_KNOTS('',1,(#4107,#4108),.UNSPECIFIED.,.F.,.F.,
(2,2),(-0.601994817693536,0.),.UNSPECIFIED.);
#1929=B_SPLINE_CURVE_WITH_KNOTS('',1,(#4109,#4110),.UNSPECIFIED.,.F.,.F.,
(2,2),(-0.155986990973577,0.),.UNSPECIFIED.);
#1930=B_SPLINE_CURVE_WITH_KNOTS('',1,(#4111,#4112),.UNSPECIFIED.,.F.,.F.,
(2,2),(-0.601994817693639,0.),.UNSPECIFIED.);
#1931=B_SPLINE_CURVE_WITH_KNOTS('',1,(#4113,#4114),.UNSPECIFIED.,.F.,.F.,
(2,2),(-0.601994817693639,0.),.UNSPECIFIED.);
#1932=B_SPLINE_CURVE_WITH_KNOTS('',3,(#4119,#4120,#4121,#4122),
 .UNSPECIFIED.,.F.,.F.,(4,4),(-3.130666236546,-2.712098405577),
 .UNSPECIFIED.);
#1933=B_SPLINE_CURVE_WITH_KNOTS('',3,(#4123,#4124,#4125,#4126,#4127,#4128,
#4129,#4130,#4131,#4132),.UNSPECIFIED.,.F.,.F.,(4,2,2,2,4),(-0.000139887993,
-0.000104925794517029,-6.9962956439272E-05,-3.49572997814222E-05,0.),
 .UNSPECIFIED.);
#1934=B_SPLINE_CURVE_WITH_KNOTS('',3,(#4133,#4134,#4135,#4136),
 .UNSPECIFIED.,.F.,.F.,(4,4),(-0.000139887993,0.),.UNSPECIFIED.);
#1935=B_SPLINE_CURVE_WITH_KNOTS('',3,(#4137,#4138,#4139,#4140),
 .UNSPECIFIED.,.F.,.F.,(4,4),(-4.32097978584,-3.90241195487),
 .UNSPECIFIED.);
#1936=B_SPLINE_CURVE_WITH_KNOTS('',1,(#4141,#4142),.UNSPECIFIED.,.F.,.F.,
(2,2),(-1.84,0.),.UNSPECIFIED.);
#1937=B_SPLINE_CURVE_WITH_KNOTS('',1,(#4143,#4144),.UNSPECIFIED.,.F.,.F.,
(2,2),(-1.84,0.),.UNSPECIFIED.);
#1938=B_SPLINE_CURVE_WITH_KNOTS('',1,(#4145,#4146),.UNSPECIFIED.,.F.,.F.,
(2,2),(-0.146607657167204,0.),.UNSPECIFIED.);
#1939=B_SPLINE_CURVE_WITH_KNOTS('',1,(#4147,#4148),.UNSPECIFIED.,.F.,.F.,
(2,2),(-1.84,0.),.UNSPECIFIED.);
#1940=B_SPLINE_CURVE_WITH_KNOTS('',1,(#4149,#4150),.UNSPECIFIED.,.F.,.F.,
(2,2),(-1.84,0.),.UNSPECIFIED.);
#1941=B_SPLINE_CURVE_WITH_KNOTS('',1,(#4151,#4152),.UNSPECIFIED.,.F.,.F.,
(2,2),(-0.146607657167204,0.),.UNSPECIFIED.);
#1942=B_SPLINE_CURVE_WITH_KNOTS('',1,(#4153,#4154),.UNSPECIFIED.,.F.,.F.,
(2,2),(-0.60199481769362,0.),.UNSPECIFIED.);
#1943=B_SPLINE_CURVE_WITH_KNOTS('',1,(#4155,#4156),.UNSPECIFIED.,.F.,.F.,
(2,2),(-0.60199481769362,0.),.UNSPECIFIED.);
#1944=B_SPLINE_CURVE_WITH_KNOTS('',1,(#4157,#4158),.UNSPECIFIED.,.F.,.F.,
(2,2),(-0.155986990973784,0.),.UNSPECIFIED.);
#1945=B_SPLINE_CURVE_WITH_KNOTS('',1,(#4159,#4160),.UNSPECIFIED.,.F.,.F.,
(2,2),(-0.601994817693517,0.),.UNSPECIFIED.);
#1946=B_SPLINE_CURVE_WITH_KNOTS('',1,(#4161,#4162),.UNSPECIFIED.,.F.,.F.,
(2,2),(-0.601994817693517,0.),.UNSPECIFIED.);
#1947=B_SPLINE_CURVE_WITH_KNOTS('',3,(#4167,#4168,#4169,#4170),
 .UNSPECIFIED.,.F.,.F.,(4,4),(-3.130666236546,-2.712098405577),
 .UNSPECIFIED.);
#1948=B_SPLINE_CURVE_WITH_KNOTS('',3,(#4171,#4172,#4173,#4174,#4175,#4176,
#4177,#4178,#4179,#4180),.UNSPECIFIED.,.F.,.F.,(4,2,2,2,4),(-0.000139887993,
-0.000104925794517025,-6.99629564392697E-05,-3.4957299781419E-05,0.),
 .UNSPECIFIED.);
#1949=B_SPLINE_CURVE_WITH_KNOTS('',3,(#4181,#4182,#4183,#4184),
 .UNSPECIFIED.,.F.,.F.,(4,4),(-0.000139887993,0.),.UNSPECIFIED.);
#1950=B_SPLINE_CURVE_WITH_KNOTS('',3,(#4189,#4190,#4191,#4192),
 .UNSPECIFIED.,.F.,.F.,(4,4),(-3.571086901602,-3.152519070632),
 .UNSPECIFIED.);
#1951=B_SPLINE_CURVE_WITH_KNOTS('',1,(#4193,#4194),.UNSPECIFIED.,.F.,.F.,
(2,2),(-0.601994817693535,0.),.UNSPECIFIED.);
#1952=B_SPLINE_CURVE_WITH_KNOTS('',1,(#4195,#4196),.UNSPECIFIED.,.F.,.F.,
(2,2),(-0.601994817693535,0.),.UNSPECIFIED.);
#1953=B_SPLINE_CURVE_WITH_KNOTS('',1,(#4197,#4198),.UNSPECIFIED.,.F.,.F.,
(2,2),(-0.155986990973577,0.),.UNSPECIFIED.);
#1954=B_SPLINE_CURVE_WITH_KNOTS('',1,(#4199,#4200),.UNSPECIFIED.,.F.,.F.,
(2,2),(-0.601994817693536,0.),.UNSPECIFIED.);
#1955=B_SPLINE_CURVE_WITH_KNOTS('',1,(#4201,#4202),.UNSPECIFIED.,.F.,.F.,
(2,2),(-0.601994817693536,0.),.UNSPECIFIED.);
#1956=B_SPLINE_CURVE_WITH_KNOTS('',3,(#4203,#4204,#4205,#4206),
 .UNSPECIFIED.,.F.,.F.,(4,4),(-7.740643237735,-7.322075406766),
 .UNSPECIFIED.);
#1957=B_SPLINE_CURVE_WITH_KNOTS('',3,(#4207,#4208,#4209,#4210,#4211,#4212,
#4213,#4214,#4215,#4216),.UNSPECIFIED.,.F.,.F.,(4,2,2,2,4),(-0.000139887993,
-0.000104925794517029,-6.99629564392716E-05,-3.49572997814195E-05,0.),
 .UNSPECIFIED.);
#1958=B_SPLINE_CURVE_WITH_KNOTS('',3,(#4217,#4218,#4219,#4220),
 .UNSPECIFIED.,.F.,.F.,(4,4),(-0.000139887993,0.),.UNSPECIFIED.);
#1959=B_SPLINE_CURVE_WITH_KNOTS('',3,(#4225,#4226,#4227,#4228),
 .UNSPECIFIED.,.F.,.F.,(4,4),(-3.571086901602,-3.152519070632),
 .UNSPECIFIED.);
#1960=B_SPLINE_CURVE_WITH_KNOTS('',1,(#4229,#4230),.UNSPECIFIED.,.F.,.F.,
(2,2),(0.,0.25),.UNSPECIFIED.);
#1961=B_SPLINE_CURVE_WITH_KNOTS('',1,(#4231,#4232),.UNSPECIFIED.,.F.,.F.,
(2,2),(-0.848528137423857,0.),.UNSPECIFIED.);
#1962=B_SPLINE_CURVE_WITH_KNOTS('',1,(#4233,#4234),.UNSPECIFIED.,.F.,.F.,
(2,2),(-0.848528137423857,0.),.UNSPECIFIED.);
#1963=B_SPLINE_CURVE_WITH_KNOTS('',1,(#4235,#4236),.UNSPECIFIED.,.F.,.F.,
(2,2),(0.,0.25),.UNSPECIFIED.);
#1964=B_SPLINE_CURVE_WITH_KNOTS('',1,(#4237,#4238),.UNSPECIFIED.,.F.,.F.,
(2,2),(0.,0.25),.UNSPECIFIED.);
#1965=B_SPLINE_CURVE_WITH_KNOTS('',1,(#4239,#4240),.UNSPECIFIED.,.F.,.F.,
(2,2),(0.,0.848528137423857),.UNSPECIFIED.);
#1966=B_SPLINE_CURVE_WITH_KNOTS('',1,(#4241,#4242),.UNSPECIFIED.,.F.,.F.,
(2,2),(0.,0.848528137423857),.UNSPECIFIED.);
#1967=B_SPLINE_CURVE_WITH_KNOTS('',1,(#4249,#4250),.UNSPECIFIED.,.F.,.F.,
(2,2),(0.,0.55),.UNSPECIFIED.);
#1968=B_SPLINE_CURVE_WITH_KNOTS('',1,(#4251,#4252),.UNSPECIFIED.,.F.,.F.,
(2,2),(0.,0.55),.UNSPECIFIED.);
#1969=B_SPLINE_CURVE_WITH_KNOTS('',1,(#4253,#4254),.UNSPECIFIED.,.F.,.F.,
(2,2),(-0.848528137423857,0.),.UNSPECIFIED.);
#1970=B_SPLINE_CURVE_WITH_KNOTS('',1,(#4255,#4256),.UNSPECIFIED.,.F.,.F.,
(2,2),(-0.55,0.),.UNSPECIFIED.);
#1971=B_SPLINE_CURVE_WITH_KNOTS('',1,(#4257,#4258),.UNSPECIFIED.,.F.,.F.,
(2,2),(-1.35,0.),.UNSPECIFIED.);
#1972=B_SPLINE_CURVE_WITH_KNOTS('',1,(#4259,#4260),.UNSPECIFIED.,.F.,.F.,
(2,2),(-1.35,0.),.UNSPECIFIED.);
#1973=B_SPLINE_CURVE_WITH_KNOTS('',1,(#4261,#4262),.UNSPECIFIED.,.F.,.F.,
(2,2),(0.,0.149999999999992),.UNSPECIFIED.);
#1974=B_SPLINE_CURVE_WITH_KNOTS('',1,(#4263,#4264),.UNSPECIFIED.,.F.,.F.,
(2,2),(0.,0.149999999999992),.UNSPECIFIED.);
#1975=B_SPLINE_CURVE_WITH_KNOTS('',1,(#4265,#4266),.UNSPECIFIED.,.F.,.F.,
(2,2),(0.,1.35),.UNSPECIFIED.);
#1976=B_SPLINE_CURVE_WITH_KNOTS('',1,(#4267,#4268),.UNSPECIFIED.,.F.,.F.,
(2,2),(0.,1.35),.UNSPECIFIED.);
#1977=B_SPLINE_CURVE_WITH_KNOTS('',1,(#4269,#4270),.UNSPECIFIED.,.F.,.F.,
(2,2),(-0.149999999999992,0.),.UNSPECIFIED.);
#1978=B_SPLINE_CURVE_WITH_KNOTS('',1,(#4271,#4272),.UNSPECIFIED.,.F.,.F.,
(2,2),(-0.149999999999992,0.),.UNSPECIFIED.);
#1979=B_SPLINE_CURVE_WITH_KNOTS('',1,(#4273,#4274),.UNSPECIFIED.,.F.,.F.,
(2,2),(0.,1.35),.UNSPECIFIED.);
#1980=B_SPLINE_CURVE_WITH_KNOTS('',1,(#4275,#4276),.UNSPECIFIED.,.F.,.F.,
(2,2),(0.,1.35),.UNSPECIFIED.);
#1981=B_SPLINE_CURVE_WITH_KNOTS('',1,(#4277,#4278),.UNSPECIFIED.,.F.,.F.,
(2,2),(-0.149999999999008,0.),.UNSPECIFIED.);
#1982=B_SPLINE_CURVE_WITH_KNOTS('',1,(#4279,#4280),.UNSPECIFIED.,.F.,.F.,
(2,2),(-0.149999999999008,0.),.UNSPECIFIED.);
#1983=B_SPLINE_CURVE_WITH_KNOTS('',1,(#4281,#4282),.UNSPECIFIED.,.F.,.F.,
(2,2),(-1.35,0.),.UNSPECIFIED.);
#1984=B_SPLINE_CURVE_WITH_KNOTS('',1,(#4283,#4284),.UNSPECIFIED.,.F.,.F.,
(2,2),(-1.35,0.),.UNSPECIFIED.);
#1985=B_SPLINE_CURVE_WITH_KNOTS('',1,(#4285,#4286),.UNSPECIFIED.,.F.,.F.,
(2,2),(-0.149999999999008,0.),.UNSPECIFIED.);
#1986=B_SPLINE_CURVE_WITH_KNOTS('',1,(#4287,#4288),.UNSPECIFIED.,.F.,.F.,
(2,2),(-0.149999999999008,0.),.UNSPECIFIED.);
#1987=B_SPLINE_CURVE_WITH_KNOTS('',1,(#4289,#4290),.UNSPECIFIED.,.F.,.F.,
(2,2),(-1.35,0.),.UNSPECIFIED.);
#1988=B_SPLINE_CURVE_WITH_KNOTS('',1,(#4291,#4292),.UNSPECIFIED.,.F.,.F.,
(2,2),(-0.7,0.),.UNSPECIFIED.);
#1989=B_SPLINE_CURVE_WITH_KNOTS('',1,(#4293,#4294),.UNSPECIFIED.,.F.,.F.,
(2,2),(-0.7,0.),.UNSPECIFIED.);
#1990=B_SPLINE_CURVE_WITH_KNOTS('',1,(#4295,#4296),.UNSPECIFIED.,.F.,.F.,
(2,2),(0.,1.35),.UNSPECIFIED.);
#1991=B_SPLINE_CURVE_WITH_KNOTS('',1,(#4297,#4298),.UNSPECIFIED.,.F.,.F.,
(2,2),(-0.699999999999,0.),.UNSPECIFIED.);
#1992=B_SPLINE_CURVE_WITH_KNOTS('',1,(#4299,#4300),.UNSPECIFIED.,.F.,.F.,
(2,2),(-0.699999999999,0.),.UNSPECIFIED.);
#1993=B_SPLINE_CURVE_WITH_KNOTS('',1,(#4301,#4302),.UNSPECIFIED.,.F.,.F.,
(2,2),(0.,1.35),.UNSPECIFIED.);
#1994=B_SPLINE_CURVE_WITH_KNOTS('',1,(#4303,#4304),.UNSPECIFIED.,.F.,.F.,
(2,2),(0.,0.7),.UNSPECIFIED.);
#1995=B_SPLINE_CURVE_WITH_KNOTS('',1,(#4305,#4306),.UNSPECIFIED.,.F.,.F.,
(2,2),(0.,0.7),.UNSPECIFIED.);
#1996=B_SPLINE_CURVE_WITH_KNOTS('',1,(#4307,#4308),.UNSPECIFIED.,.F.,.F.,
(2,2),(-1.35,0.),.UNSPECIFIED.);
#1997=B_SPLINE_CURVE_WITH_KNOTS('',1,(#4309,#4310),.UNSPECIFIED.,.F.,.F.,
(2,2),(0.,0.7),.UNSPECIFIED.);
#1998=B_SPLINE_CURVE_WITH_KNOTS('',1,(#4311,#4312),.UNSPECIFIED.,.F.,.F.,
(2,2),(0.,0.7),.UNSPECIFIED.);
#1999=B_SPLINE_CURVE_WITH_KNOTS('',1,(#4313,#4314),.UNSPECIFIED.,.F.,.F.,
(2,2),(-0.149999999999003,0.),.UNSPECIFIED.);
#2000=B_SPLINE_CURVE_WITH_KNOTS('',1,(#4315,#4316),.UNSPECIFIED.,.F.,.F.,
(2,2),(0.,0.7),.UNSPECIFIED.);
#2001=B_SPLINE_CURVE_WITH_KNOTS('',1,(#4317,#4318),.UNSPECIFIED.,.F.,.F.,
(2,2),(-0.149999999999008,0.),.UNSPECIFIED.);
#2002=B_SPLINE_CURVE_WITH_KNOTS('',1,(#4319,#4320),.UNSPECIFIED.,.F.,.F.,
(2,2),(-0.7,0.),.UNSPECIFIED.);
#2003=B_SPLINE_CURVE_WITH_KNOTS('',1,(#4321,#4322),.UNSPECIFIED.,.F.,.F.,
(2,2),(-2.549999999999,0.),.UNSPECIFIED.);
#2004=B_SPLINE_CURVE_WITH_KNOTS('',1,(#4323,#4324),.UNSPECIFIED.,.F.,.F.,
(2,2),(0.,0.848528137423857),.UNSPECIFIED.);
#2005=B_SPLINE_CURVE_WITH_KNOTS('',1,(#4325,#4326),.UNSPECIFIED.,.F.,.F.,
(2,2),(0.,2.149999999999),.UNSPECIFIED.);
#2006=B_SPLINE_CURVE_WITH_KNOTS('',1,(#4327,#4328),.UNSPECIFIED.,.F.,.F.,
(2,2),(0.,2.149999999999),.UNSPECIFIED.);
#2007=B_SPLINE_CURVE_WITH_KNOTS('',1,(#4335,#4336),.UNSPECIFIED.,.F.,.F.,
(2,2),(0.,3.099999999999),.UNSPECIFIED.);
#2008=B_SPLINE_CURVE_WITH_KNOTS('',1,(#4337,#4338),.UNSPECIFIED.,.F.,.F.,
(2,2),(0.,3.099999999999),.UNSPECIFIED.);
#2009=B_SPLINE_CURVE_WITH_KNOTS('',1,(#4345,#4346),.UNSPECIFIED.,.F.,.F.,
(2,2),(0.,2.699999999999),.UNSPECIFIED.);
#2010=B_SPLINE_CURVE_WITH_KNOTS('',1,(#4347,#4348),.UNSPECIFIED.,.F.,.F.,
(2,2),(0.,2.699999999999),.UNSPECIFIED.);
#2011=B_SPLINE_CURVE_WITH_KNOTS('',1,(#4375,#4376),.UNSPECIFIED.,.F.,.F.,
(2,2),(0.,0.80241195487),.UNSPECIFIED.);
#2012=B_SPLINE_CURVE_WITH_KNOTS('',1,(#4377,#4378),.UNSPECIFIED.,.F.,.F.,
(2,2),(0.,0.80241195487),.UNSPECIFIED.);
#2013=B_SPLINE_CURVE_WITH_KNOTS('',3,(#4379,#4380,#4381,#4382),
 .UNSPECIFIED.,.F.,.F.,(4,4),(-0.000139887993,0.),.UNSPECIFIED.);
#2014=B_SPLINE_CURVE_WITH_KNOTS('',1,(#4383,#4384),.UNSPECIFIED.,.F.,.F.,
(2,2),(-0.80241195487,0.),.UNSPECIFIED.);
#2015=B_SPLINE_CURVE_WITH_KNOTS('',1,(#4385,#4386),.UNSPECIFIED.,.F.,.F.,
(2,2),(-0.80241195487,0.),.UNSPECIFIED.);
#2016=B_SPLINE_CURVE_WITH_KNOTS('',1,(#4387,#4388),.UNSPECIFIED.,.F.,.F.,
(2,2),(0.,0.078539816338174),.UNSPECIFIED.);
#2017=B_SPLINE_CURVE_WITH_KNOTS('',1,(#4393,#4394),.UNSPECIFIED.,.F.,.F.,
(2,2),(0.,0.80241195487),.UNSPECIFIED.);
#2018=B_SPLINE_CURVE_WITH_KNOTS('',1,(#4395,#4396),.UNSPECIFIED.,.F.,.F.,
(2,2),(0.,3.099999999999),.UNSPECIFIED.);
#2019=B_SPLINE_CURVE_WITH_KNOTS('',1,(#4397,#4398),.UNSPECIFIED.,.F.,.F.,
(2,2),(0.,0.80241195487),.UNSPECIFIED.);
#2020=B_SPLINE_CURVE_WITH_KNOTS('',1,(#4399,#4400),.UNSPECIFIED.,.F.,.F.,
(2,2),(0.,0.80241195487),.UNSPECIFIED.);
#2021=B_SPLINE_CURVE_WITH_KNOTS('',1,(#4405,#4406),.UNSPECIFIED.,.F.,.F.,
(2,2),(0.,3.001095620926),.UNSPECIFIED.);
#2022=B_SPLINE_CURVE_WITH_KNOTS('',1,(#4407,#4408),.UNSPECIFIED.,.F.,.F.,
(2,2),(0.,3.001095620926),.UNSPECIFIED.);
#2023=B_SPLINE_CURVE_WITH_KNOTS('',1,(#4409,#4410),.UNSPECIFIED.,.F.,.F.,
(2,2),(0.,0.80241195487),.UNSPECIFIED.);
#2024=B_SPLINE_CURVE_WITH_KNOTS('',1,(#4411,#4412),.UNSPECIFIED.,.F.,.F.,
(2,2),(0.,0.80241195487),.UNSPECIFIED.);
#2025=B_SPLINE_CURVE_WITH_KNOTS('',3,(#4413,#4414,#4415,#4416),
 .UNSPECIFIED.,.F.,.F.,(4,4),(-0.000139887993,0.),.UNSPECIFIED.);
#2026=B_SPLINE_CURVE_WITH_KNOTS('',1,(#4417,#4418),.UNSPECIFIED.,.F.,.F.,
(2,2),(0.,0.80241195487),.UNSPECIFIED.);
#2027=B_SPLINE_CURVE_WITH_KNOTS('',1,(#4419,#4420),.UNSPECIFIED.,.F.,.F.,
(2,2),(0.,0.078539816338174),.UNSPECIFIED.);
#2028=B_SPLINE_CURVE_WITH_KNOTS('',1,(#4421,#4422),.UNSPECIFIED.,.F.,.F.,
(2,2),(0.,0.802411954871),.UNSPECIFIED.);
#2029=B_SPLINE_CURVE_WITH_KNOTS('',1,(#4423,#4424),.UNSPECIFIED.,.F.,.F.,
(2,2),(0.,0.802411954871),.UNSPECIFIED.);
#2030=B_SPLINE_CURVE_WITH_KNOTS('',3,(#4425,#4426,#4427,#4428),
 .UNSPECIFIED.,.F.,.F.,(4,4),(-0.000139887993,0.),.UNSPECIFIED.);
#2031=B_SPLINE_CURVE_WITH_KNOTS('',1,(#4429,#4430),.UNSPECIFIED.,.F.,.F.,
(2,2),(0.,0.802411954871),.UNSPECIFIED.);
#2032=B_SPLINE_CURVE_WITH_KNOTS('',1,(#4431,#4432),.UNSPECIFIED.,.F.,.F.,
(2,2),(0.,0.078539816338174),.UNSPECIFIED.);
#2033=B_SPLINE_CURVE_WITH_KNOTS('',1,(#4433,#4434),.UNSPECIFIED.,.F.,.F.,
(2,2),(-1.84,0.),.UNSPECIFIED.);
#2034=B_SPLINE_CURVE_WITH_KNOTS('',1,(#4435,#4436),.UNSPECIFIED.,.F.,.F.,
(2,2),(-2.43388469472,0.),.UNSPECIFIED.);
#2035=B_SPLINE_CURVE_WITH_KNOTS('',1,(#4437,#4438),.UNSPECIFIED.,.F.,.F.,
(2,2),(-1.84,0.),.UNSPECIFIED.);
#2036=B_SPLINE_CURVE_WITH_KNOTS('',1,(#4439,#4440),.UNSPECIFIED.,.F.,.F.,
(2,2),(-2.43388469472,0.),.UNSPECIFIED.);
#2037=B_SPLINE_CURVE_WITH_KNOTS('',1,(#4441,#4442),.UNSPECIFIED.,.F.,.F.,
(2,2),(-0.601994817693536,0.),.UNSPECIFIED.);
#2038=B_SPLINE_CURVE_WITH_KNOTS('',1,(#4443,#4444),.UNSPECIFIED.,.F.,.F.,
(2,2),(-0.517963194413,0.),.UNSPECIFIED.);
#2039=B_SPLINE_CURVE_WITH_KNOTS('',1,(#4445,#4446),.UNSPECIFIED.,.F.,.F.,
(2,2),(-0.201101655912794,0.),.UNSPECIFIED.);
#2040=B_SPLINE_CURVE_WITH_KNOTS('',1,(#4447,#4448),.UNSPECIFIED.,.F.,.F.,
(2,2),(-1.84,0.),.UNSPECIFIED.);
#2041=B_SPLINE_CURVE_WITH_KNOTS('',1,(#4449,#4450),.UNSPECIFIED.,.F.,.F.,
(2,2),(-0.201101655912794,0.),.UNSPECIFIED.);
#2042=B_SPLINE_CURVE_WITH_KNOTS('',1,(#4451,#4452),.UNSPECIFIED.,.F.,.F.,
(2,2),(-0.517963194413,0.),.UNSPECIFIED.);
#2043=B_SPLINE_CURVE_WITH_KNOTS('',1,(#4453,#4454),.UNSPECIFIED.,.F.,.F.,
(2,2),(-0.601994817693536,0.),.UNSPECIFIED.);
#2044=B_SPLINE_CURVE_WITH_KNOTS('',1,(#4455,#4456),.UNSPECIFIED.,.F.,.F.,
(2,2),(0.,3.001095620926),.UNSPECIFIED.);
#2045=B_SPLINE_CURVE_WITH_KNOTS('',1,(#4457,#4458),.UNSPECIFIED.,.F.,.F.,
(2,2),(-0.601994817693639,0.),.UNSPECIFIED.);
#2046=B_SPLINE_CURVE_WITH_KNOTS('',1,(#4459,#4460),.UNSPECIFIED.,.F.,.F.,
(2,2),(-2.475926388826,0.),.UNSPECIFIED.);
#2047=B_SPLINE_CURVE_WITH_KNOTS('',1,(#4461,#4462),.UNSPECIFIED.,.F.,.F.,
(2,2),(-0.601994817693621,0.),.UNSPECIFIED.);
#2048=B_SPLINE_CURVE_WITH_KNOTS('',1,(#4463,#4464),.UNSPECIFIED.,.F.,.F.,
(2,2),(-0.150547810464,0.),.UNSPECIFIED.);
#2049=B_SPLINE_CURVE_WITH_KNOTS('',1,(#4465,#4466),.UNSPECIFIED.,.F.,.F.,
(2,2),(-0.150547810464,0.),.UNSPECIFIED.);
#2050=B_SPLINE_CURVE_WITH_KNOTS('',1,(#4467,#4468),.UNSPECIFIED.,.F.,.F.,
(2,2),(0.,0.699999999999),.UNSPECIFIED.);
#2051=B_SPLINE_CURVE_WITH_KNOTS('',1,(#4469,#4470),.UNSPECIFIED.,.F.,.F.,
(2,2),(0.,0.699999999999),.UNSPECIFIED.);
#2052=B_SPLINE_CURVE_WITH_KNOTS('',1,(#4471,#4472),.UNSPECIFIED.,.F.,.F.,
(2,2),(0.,0.9),.UNSPECIFIED.);
#2053=B_SPLINE_CURVE_WITH_KNOTS('',1,(#4473,#4474),.UNSPECIFIED.,.F.,.F.,
(2,2),(0.,0.9),.UNSPECIFIED.);
#2054=B_SPLINE_CURVE_WITH_KNOTS('',1,(#4475,#4476),.UNSPECIFIED.,.F.,.F.,
(2,2),(0.,0.699999999999),.UNSPECIFIED.);
#2055=B_SPLINE_CURVE_WITH_KNOTS('',1,(#4477,#4478),.UNSPECIFIED.,.F.,.F.,
(2,2),(0.,0.699999999999),.UNSPECIFIED.);
#2056=B_SPLINE_CURVE_WITH_KNOTS('',1,(#4479,#4480),.UNSPECIFIED.,.F.,.F.,
(2,2),(-0.150547810464,0.),.UNSPECIFIED.);
#2057=B_SPLINE_CURVE_WITH_KNOTS('',1,(#4481,#4482),.UNSPECIFIED.,.F.,.F.,
(2,2),(-0.150547810464,0.),.UNSPECIFIED.);
#2058=B_SPLINE_CURVE_WITH_KNOTS('',1,(#4483,#4484),.UNSPECIFIED.,.F.,.F.,
(2,2),(-0.201101655912794,0.),.UNSPECIFIED.);
#2059=B_SPLINE_CURVE_WITH_KNOTS('',1,(#4485,#4486),.UNSPECIFIED.,.F.,.F.,
(2,2),(-0.517963194413,0.),.UNSPECIFIED.);
#2060=B_SPLINE_CURVE_WITH_KNOTS('',1,(#4487,#4488),.UNSPECIFIED.,.F.,.F.,
(2,2),(-0.60199481769362,0.),.UNSPECIFIED.);
#2061=B_SPLINE_CURVE_WITH_KNOTS('',1,(#4489,#4490),.UNSPECIFIED.,.F.,.F.,
(2,2),(0.,3.001095620926),.UNSPECIFIED.);
#2062=B_SPLINE_CURVE_WITH_KNOTS('',1,(#4491,#4492),.UNSPECIFIED.,.F.,.F.,
(2,2),(-0.60199481769362,0.),.UNSPECIFIED.);
#2063=B_SPLINE_CURVE_WITH_KNOTS('',1,(#4493,#4494),.UNSPECIFIED.,.F.,.F.,
(2,2),(-0.517963194413,0.),.UNSPECIFIED.);
#2064=B_SPLINE_CURVE_WITH_KNOTS('',1,(#4495,#4496),.UNSPECIFIED.,.F.,.F.,
(2,2),(-0.201101655912794,0.),.UNSPECIFIED.);
#2065=B_SPLINE_CURVE_WITH_KNOTS('',1,(#4497,#4498),.UNSPECIFIED.,.F.,.F.,
(2,2),(-1.84,0.),.UNSPECIFIED.);
#2066=B_SPLINE_CURVE_WITH_KNOTS('',1,(#4499,#4500),.UNSPECIFIED.,.F.,.F.,
(2,2),(-0.601994817693517,0.),.UNSPECIFIED.);
#2067=B_SPLINE_CURVE_WITH_KNOTS('',1,(#4501,#4502),.UNSPECIFIED.,.F.,.F.,
(2,2),(-2.475926388826,0.),.UNSPECIFIED.);
#2068=B_SPLINE_CURVE_WITH_KNOTS('',1,(#4503,#4504),.UNSPECIFIED.,.F.,.F.,
(2,2),(-0.601994817693535,0.),.UNSPECIFIED.);
#2069=B_SPLINE_CURVE_WITH_KNOTS('',1,(#4505,#4506),.UNSPECIFIED.,.F.,.F.,
(2,2),(-0.150547810464,0.),.UNSPECIFIED.);
#2070=B_SPLINE_CURVE_WITH_KNOTS('',1,(#4507,#4508),.UNSPECIFIED.,.F.,.F.,
(2,2),(-0.150547810464,0.),.UNSPECIFIED.);
#2071=B_SPLINE_CURVE_WITH_KNOTS('',1,(#4509,#4510),.UNSPECIFIED.,.F.,.F.,
(2,2),(0.,0.699999999999),.UNSPECIFIED.);
#2072=B_SPLINE_CURVE_WITH_KNOTS('',1,(#4511,#4512),.UNSPECIFIED.,.F.,.F.,
(2,2),(0.,0.699999999999),.UNSPECIFIED.);
#2073=B_SPLINE_CURVE_WITH_KNOTS('',1,(#4513,#4514),.UNSPECIFIED.,.F.,.F.,
(2,2),(0.,0.9),.UNSPECIFIED.);
#2074=B_SPLINE_CURVE_WITH_KNOTS('',1,(#4515,#4516),.UNSPECIFIED.,.F.,.F.,
(2,2),(0.,0.9),.UNSPECIFIED.);
#2075=B_SPLINE_CURVE_WITH_KNOTS('',1,(#4517,#4518),.UNSPECIFIED.,.F.,.F.,
(2,2),(-0.699999999999,0.),.UNSPECIFIED.);
#2076=B_SPLINE_CURVE_WITH_KNOTS('',1,(#4519,#4520),.UNSPECIFIED.,.F.,.F.,
(2,2),(-0.150547810464,0.),.UNSPECIFIED.);
#2077=B_SPLINE_CURVE_WITH_KNOTS('',1,(#4521,#4522),.UNSPECIFIED.,.F.,.F.,
(2,2),(-0.150547810464,0.),.UNSPECIFIED.);
#2078=B_SPLINE_CURVE_WITH_KNOTS('',1,(#4527,#4528),.UNSPECIFIED.,.F.,.F.,
(2,2),(0.,0.802411954871),.UNSPECIFIED.);
#2079=B_SPLINE_CURVE_WITH_KNOTS('',1,(#4529,#4530),.UNSPECIFIED.,.F.,.F.,
(2,2),(0.,2.699999999999),.UNSPECIFIED.);
#2080=B_SPLINE_CURVE_WITH_KNOTS('',1,(#4531,#4532),.UNSPECIFIED.,.F.,.F.,
(2,2),(-0.80241195487,0.),.UNSPECIFIED.);
#2081=B_SPLINE_CURVE_WITH_KNOTS('',1,(#4537,#4538),.UNSPECIFIED.,.F.,.F.,
(2,2),(-0.150547810464,0.),.UNSPECIFIED.);
#2082=B_SPLINE_CURVE_WITH_KNOTS('',1,(#4539,#4540),.UNSPECIFIED.,.F.,.F.,
(2,2),(-0.149999999999008,0.),.UNSPECIFIED.);
#2083=B_SPLINE_CURVE_WITH_KNOTS('',1,(#4541,#4542),.UNSPECIFIED.,.F.,.F.,
(2,2),(0.,0.7),.UNSPECIFIED.);
#2084=B_SPLINE_CURVE_WITH_KNOTS('',1,(#4543,#4544),.UNSPECIFIED.,.F.,.F.,
(2,2),(0.,0.149999999999003),.UNSPECIFIED.);
#2085=B_SPLINE_CURVE_WITH_KNOTS('',1,(#4545,#4546),.UNSPECIFIED.,.F.,.F.,
(2,2),(0.,0.9),.UNSPECIFIED.);
#2086=B_SPLINE_CURVE_WITH_KNOTS('',1,(#4547,#4548),.UNSPECIFIED.,.F.,.F.,
(2,2),(-0.149999999999997,0.),.UNSPECIFIED.);
#2087=B_SPLINE_CURVE_WITH_KNOTS('',1,(#4549,#4550),.UNSPECIFIED.,.F.,.F.,
(2,2),(-0.7,0.),.UNSPECIFIED.);
#2088=B_SPLINE_CURVE_WITH_KNOTS('',1,(#4551,#4552),.UNSPECIFIED.,.F.,.F.,
(2,2),(-0.7,0.),.UNSPECIFIED.);
#2089=B_SPLINE_CURVE_WITH_KNOTS('',1,(#4553,#4554),.UNSPECIFIED.,.F.,.F.,
(2,2),(-0.149999999999992,0.),.UNSPECIFIED.);
#2090=B_SPLINE_CURVE_WITH_KNOTS('',1,(#4555,#4556),.UNSPECIFIED.,.F.,.F.,
(2,2),(-0.150547810464,0.),.UNSPECIFIED.);
#2091=B_SPLINE_CURVE_WITH_KNOTS('',1,(#4561,#4562),.UNSPECIFIED.,.F.,.F.,
(2,2),(-0.150547810464,0.),.UNSPECIFIED.);
#2092=B_SPLINE_CURVE_WITH_KNOTS('',1,(#4563,#4564),.UNSPECIFIED.,.F.,.F.,
(2,2),(0.,0.149999999999992),.UNSPECIFIED.);
#2093=B_SPLINE_CURVE_WITH_KNOTS('',1,(#4565,#4566),.UNSPECIFIED.,.F.,.F.,
(2,2),(0.,0.149999999999992),.UNSPECIFIED.);
#2094=B_SPLINE_CURVE_WITH_KNOTS('',1,(#4567,#4568),.UNSPECIFIED.,.F.,.F.,
(2,2),(-0.7,0.),.UNSPECIFIED.);
#2095=B_SPLINE_CURVE_WITH_KNOTS('',1,(#4569,#4570),.UNSPECIFIED.,.F.,.F.,
(2,2),(-0.7,0.),.UNSPECIFIED.);
#2096=B_SPLINE_CURVE_WITH_KNOTS('',1,(#4571,#4572),.UNSPECIFIED.,.F.,.F.,
(2,2),(0.,0.149999999999997),.UNSPECIFIED.);
#2097=B_SPLINE_CURVE_WITH_KNOTS('',1,(#4573,#4574),.UNSPECIFIED.,.F.,.F.,
(2,2),(0.,0.9),.UNSPECIFIED.);
#2098=B_SPLINE_CURVE_WITH_KNOTS('',1,(#4575,#4576),.UNSPECIFIED.,.F.,.F.,
(2,2),(-0.149999999999003,0.),.UNSPECIFIED.);
#2099=B_SPLINE_CURVE_WITH_KNOTS('',1,(#4577,#4578),.UNSPECIFIED.,.F.,.F.,
(2,2),(-0.7,0.),.UNSPECIFIED.);
#2100=B_SPLINE_CURVE_WITH_KNOTS('',1,(#4579,#4580),.UNSPECIFIED.,.F.,.F.,
(2,2),(-0.7,0.),.UNSPECIFIED.);
#2101=B_SPLINE_CURVE_WITH_KNOTS('',1,(#4581,#4582),.UNSPECIFIED.,.F.,.F.,
(2,2),(0.,0.149999999999008),.UNSPECIFIED.);
#2102=B_SPLINE_CURVE_WITH_KNOTS('',1,(#4583,#4584),.UNSPECIFIED.,.F.,.F.,
(2,2),(0.,0.149999999999008),.UNSPECIFIED.);
#2103=B_SPLINE_CURVE_WITH_KNOTS('',1,(#4585,#4586),.UNSPECIFIED.,.F.,.F.,
(2,2),(-0.150547810464,0.),.UNSPECIFIED.);
#2104=B_SPLINE_CURVE_WITH_KNOTS('',1,(#4591,#4592),.UNSPECIFIED.,.F.,.F.,
(2,2),(0.,0.80241195487),.UNSPECIFIED.);
#2105=B_SPLINE_CURVE_WITH_KNOTS('',1,(#4593,#4594),.UNSPECIFIED.,.F.,.F.,
(2,2),(0.,2.149999999999),.UNSPECIFIED.);
#2106=B_SPLINE_CURVE_WITH_KNOTS('',1,(#4595,#4596),.UNSPECIFIED.,.F.,.F.,
(2,2),(0.,0.25),.UNSPECIFIED.);
#2107=B_SPLINE_CURVE_WITH_KNOTS('',1,(#4597,#4598),.UNSPECIFIED.,.F.,.F.,
(2,2),(0.,0.55),.UNSPECIFIED.);
#2108=B_SPLINE_CURVE_WITH_KNOTS('',1,(#4599,#4600),.UNSPECIFIED.,.F.,.F.,
(2,2),(0.,0.552411954871),.UNSPECIFIED.);
#2109=B_SPLINE_CURVE_WITH_KNOTS('',1,(#4601,#4602),.UNSPECIFIED.,.F.,.F.,
(2,2),(0.,0.552411954871),.UNSPECIFIED.);
#2110=B_SPLINE_CURVE_WITH_KNOTS('',1,(#4603,#4604),.UNSPECIFIED.,.F.,.F.,
(2,2),(-0.149999999999003,0.),.UNSPECIFIED.);
#2111=B_SPLINE_CURVE_WITH_KNOTS('',1,(#4605,#4606),.UNSPECIFIED.,.F.,.F.,
(2,2),(0.,0.699999999999),.UNSPECIFIED.);
#2112=B_SPLINE_CURVE_WITH_KNOTS('',1,(#4607,#4608),.UNSPECIFIED.,.F.,.F.,
(2,2),(0.,0.699999999999),.UNSPECIFIED.);
#2113=B_SPLINE_CURVE_WITH_KNOTS('',1,(#4609,#4610),.UNSPECIFIED.,.F.,.F.,
(2,2),(-0.149999999999008,0.),.UNSPECIFIED.);
#2114=B_SPLINE_CURVE_WITH_KNOTS('',1,(#4611,#4612),.UNSPECIFIED.,.F.,.F.,
(2,2),(-0.149999999999008,0.),.UNSPECIFIED.);
#2115=B_SPLINE_CURVE_WITH_KNOTS('',1,(#4613,#4614),.UNSPECIFIED.,.F.,.F.,
(2,2),(-0.7,0.),.UNSPECIFIED.);
#2116=B_SPLINE_CURVE_WITH_KNOTS('',1,(#4615,#4616),.UNSPECIFIED.,.F.,.F.,
(2,2),(-0.7,0.),.UNSPECIFIED.);
#2117=B_SPLINE_CURVE_WITH_KNOTS('',1,(#4617,#4618),.UNSPECIFIED.,.F.,.F.,
(2,2),(-1.350000000001,0.),.UNSPECIFIED.);
#2118=B_SPLINE_CURVE_WITH_KNOTS('',1,(#4619,#4620),.UNSPECIFIED.,.F.,.F.,
(2,2),(0.,0.699999999999),.UNSPECIFIED.);
#2119=B_SPLINE_CURVE_WITH_KNOTS('',1,(#4621,#4622),.UNSPECIFIED.,.F.,.F.,
(2,2),(-1.35,0.),.UNSPECIFIED.);
#2120=B_SPLINE_CURVE_WITH_KNOTS('',1,(#4623,#4624),.UNSPECIFIED.,.F.,.F.,
(2,2),(-1.35,0.),.UNSPECIFIED.);
#2121=B_SPLINE_CURVE_WITH_KNOTS('',1,(#4625,#4626),.UNSPECIFIED.,.F.,.F.,
(2,2),(0.,0.699999999999),.UNSPECIFIED.);
#2122=B_SPLINE_CURVE_WITH_KNOTS('',1,(#4627,#4628),.UNSPECIFIED.,.F.,.F.,
(2,2),(0.,1.350000000001),.UNSPECIFIED.);
#2123=B_SPLINE_CURVE_WITH_KNOTS('',1,(#4629,#4630),.UNSPECIFIED.,.F.,.F.,
(2,2),(-0.7,0.),.UNSPECIFIED.);
#2124=B_SPLINE_CURVE_WITH_KNOTS('',1,(#4631,#4632),.UNSPECIFIED.,.F.,.F.,
(2,2),(0.,1.35),.UNSPECIFIED.);
#2125=B_SPLINE_CURVE_WITH_KNOTS('',1,(#4633,#4634),.UNSPECIFIED.,.F.,.F.,
(2,2),(0.,1.35),.UNSPECIFIED.);
#2126=B_SPLINE_CURVE_WITH_KNOTS('',1,(#4635,#4636),.UNSPECIFIED.,.F.,.F.,
(2,2),(-0.7,0.),.UNSPECIFIED.);
#2127=B_SPLINE_CURVE_WITH_KNOTS('',1,(#4637,#4638),.UNSPECIFIED.,.F.,.F.,
(2,2),(0.,1.35),.UNSPECIFIED.);
#2128=B_SPLINE_CURVE_WITH_KNOTS('',1,(#4639,#4640),.UNSPECIFIED.,.F.,.F.,
(2,2),(-0.149999999999008,0.),.UNSPECIFIED.);
#2129=B_SPLINE_CURVE_WITH_KNOTS('',1,(#4641,#4642),.UNSPECIFIED.,.F.,.F.,
(2,2),(-1.35,0.),.UNSPECIFIED.);
#2130=B_SPLINE_CURVE_WITH_KNOTS('',1,(#4643,#4644),.UNSPECIFIED.,.F.,.F.,
(2,2),(0.,0.149999999999008),.UNSPECIFIED.);
#2131=B_SPLINE_CURVE_WITH_KNOTS('',1,(#4645,#4646),.UNSPECIFIED.,.F.,.F.,
(2,2),(-0.149999999999992,0.),.UNSPECIFIED.);
#2132=B_SPLINE_CURVE_WITH_KNOTS('',1,(#4647,#4648),.UNSPECIFIED.,.F.,.F.,
(2,2),(-1.049999999999,0.),.UNSPECIFIED.);
#2133=B_SPLINE_CURVE_WITH_KNOTS('',1,(#4649,#4650),.UNSPECIFIED.,.F.,.F.,
(2,2),(-1.049999999999,0.),.UNSPECIFIED.);
#2134=B_SPLINE_CURVE_WITH_KNOTS('',1,(#4651,#4652),.UNSPECIFIED.,.F.,.F.,
(2,2),(0.,0.149999999999992),.UNSPECIFIED.);
#2135=B_SPLINE_CURVE_WITH_KNOTS('',1,(#4653,#4654),.UNSPECIFIED.,.F.,.F.,
(2,2),(0.,1.049999999999),.UNSPECIFIED.);
#2136=B_SPLINE_CURVE_WITH_KNOTS('',1,(#4655,#4656),.UNSPECIFIED.,.F.,.F.,
(2,2),(0.,1.049999999999),.UNSPECIFIED.);
#2137=B_SPLINE_CURVE_WITH_KNOTS('',1,(#4657,#4658),.UNSPECIFIED.,.F.,.F.,
(2,2),(-0.552411954871,0.),.UNSPECIFIED.);
#2138=B_SPLINE_CURVE_WITH_KNOTS('',3,(#4659,#4660,#4661,#4662),
 .UNSPECIFIED.,.F.,.F.,(4,4),(-0.000139887993,0.),.UNSPECIFIED.);
#2139=B_SPLINE_CURVE_WITH_KNOTS('',1,(#4663,#4664),.UNSPECIFIED.,.F.,.F.,
(2,2),(0.,0.552411954871),.UNSPECIFIED.);
#2140=B_SPLINE_CURVE_WITH_KNOTS('',1,(#4665,#4666),.UNSPECIFIED.,.F.,.F.,
(2,2),(0.,0.078539816338174),.UNSPECIFIED.);
#2141=B_SPLINE_CURVE_WITH_KNOTS('',1,(#4667,#4668),.UNSPECIFIED.,.F.,.F.,
(2,2),(-1.35,0.),.UNSPECIFIED.);
#2142=B_SPLINE_CURVE_WITH_KNOTS('',1,(#4669,#4670),.UNSPECIFIED.,.F.,.F.,
(2,2),(0.,0.699999999999),.UNSPECIFIED.);
#2143=B_SPLINE_CURVE_WITH_KNOTS('',1,(#4671,#4672),.UNSPECIFIED.,.F.,.F.,
(2,2),(0.,1.35),.UNSPECIFIED.);
#2144=B_SPLINE_CURVE_WITH_KNOTS('',1,(#4673,#4674),.UNSPECIFIED.,.F.,.F.,
(2,2),(-0.699999999999,0.),.UNSPECIFIED.);
#2145=B_SPLINE_CURVE_WITH_KNOTS('',1,(#4675,#4676),.UNSPECIFIED.,.F.,.F.,
(2,2),(-0.699999999999,0.),.UNSPECIFIED.);
#2146=B_SPLINE_CURVE_WITH_KNOTS('',1,(#4677,#4678),.UNSPECIFIED.,.F.,.F.,
(2,2),(0.,1.35),.UNSPECIFIED.);
#2147=B_SPLINE_CURVE_WITH_KNOTS('',1,(#4679,#4680),.UNSPECIFIED.,.F.,.F.,
(2,2),(0.,0.7),.UNSPECIFIED.);
#2148=B_SPLINE_CURVE_WITH_KNOTS('',1,(#4681,#4682),.UNSPECIFIED.,.F.,.F.,
(2,2),(0.,0.7),.UNSPECIFIED.);
#2149=B_SPLINE_CURVE_WITH_KNOTS('',1,(#4683,#4684),.UNSPECIFIED.,.F.,.F.,
(2,2),(-1.35,0.),.UNSPECIFIED.);
#2150=B_SPLINE_CURVE_WITH_KNOTS('',1,(#4685,#4686),.UNSPECIFIED.,.F.,.F.,
(2,2),(-0.7,0.),.UNSPECIFIED.);
#2151=B_SPLINE_CURVE_WITH_KNOTS('',1,(#4687,#4688),.UNSPECIFIED.,.F.,.F.,
(2,2),(-0.149999999999997,0.),.UNSPECIFIED.);
#2152=B_SPLINE_CURVE_WITH_KNOTS('',1,(#4689,#4690),.UNSPECIFIED.,.F.,.F.,
(2,2),(-0.699999999999,0.),.UNSPECIFIED.);
#2153=B_SPLINE_CURVE_WITH_KNOTS('',1,(#4691,#4692),.UNSPECIFIED.,.F.,.F.,
(2,2),(0.,0.149999999999992),.UNSPECIFIED.);
#2154=B_SPLINE_CURVE_WITH_KNOTS('',1,(#4693,#4694),.UNSPECIFIED.,.F.,.F.,
(2,2),(0.,0.7),.UNSPECIFIED.);
#2155=B_SPLINE_CURVE_WITH_KNOTS('',1,(#4695,#4696),.UNSPECIFIED.,.F.,.F.,
(2,2),(-0.149999999999994,0.),.UNSPECIFIED.);
#2156=B_SPLINE_CURVE_WITH_KNOTS('',1,(#4697,#4698),.UNSPECIFIED.,.F.,.F.,
(2,2),(0.,0.399999999999),.UNSPECIFIED.);
#2157=B_SPLINE_CURVE_WITH_KNOTS('',1,(#4699,#4700),.UNSPECIFIED.,.F.,.F.,
(2,2),(0.,0.399999999999),.UNSPECIFIED.);
#2158=B_SPLINE_CURVE_WITH_KNOTS('',1,(#4701,#4702),.UNSPECIFIED.,.F.,.F.,
(2,2),(-0.149999999999997,0.),.UNSPECIFIED.);
#2159=B_SPLINE_CURVE_WITH_KNOTS('',1,(#4703,#4704),.UNSPECIFIED.,.F.,.F.,
(2,2),(-0.4,0.),.UNSPECIFIED.);
#2160=B_SPLINE_CURVE_WITH_KNOTS('',1,(#4705,#4706),.UNSPECIFIED.,.F.,.F.,
(2,2),(-0.4,0.),.UNSPECIFIED.);
#2161=B_SPLINE_CURVE_WITH_KNOTS('',1,(#4707,#4708),.UNSPECIFIED.,.F.,.F.,
(2,2),(-0.424264068712636,0.),.UNSPECIFIED.);
#2162=B_SPLINE_CURVE_WITH_KNOTS('',1,(#4709,#4710),.UNSPECIFIED.,.F.,.F.,
(2,2),(0.,1.049999999999),.UNSPECIFIED.);
#2163=B_SPLINE_CURVE_WITH_KNOTS('',1,(#4711,#4712),.UNSPECIFIED.,.F.,.F.,
(2,2),(0.,0.699999999999),.UNSPECIFIED.);
#2164=B_SPLINE_CURVE_WITH_KNOTS('',1,(#4713,#4714),.UNSPECIFIED.,.F.,.F.,
(2,2),(-1.35,0.),.UNSPECIFIED.);
#2165=B_SPLINE_CURVE_WITH_KNOTS('',1,(#4715,#4716),.UNSPECIFIED.,.F.,.F.,
(2,2),(0.,0.399999999999),.UNSPECIFIED.);
#2166=B_SPLINE_CURVE_WITH_KNOTS('',1,(#4717,#4718),.UNSPECIFIED.,.F.,.F.,
(2,2),(-1.049999999999,0.),.UNSPECIFIED.);
#2167=B_SPLINE_CURVE_WITH_KNOTS('',1,(#4719,#4720),.UNSPECIFIED.,.F.,.F.,
(2,2),(-0.424264068712636,0.),.UNSPECIFIED.);
#2168=B_SPLINE_CURVE_WITH_KNOTS('',1,(#4721,#4722),.UNSPECIFIED.,.F.,.F.,
(2,2),(-0.4,0.),.UNSPECIFIED.);
#2169=B_SPLINE_CURVE_WITH_KNOTS('',1,(#4723,#4724),.UNSPECIFIED.,.F.,.F.,
(2,2),(0.,1.350000000001),.UNSPECIFIED.);
#2170=B_SPLINE_CURVE_WITH_KNOTS('',1,(#4725,#4726),.UNSPECIFIED.,.F.,.F.,
(2,2),(-0.7,0.),.UNSPECIFIED.);
#2171=B_SPLINE_CURVE_WITH_KNOTS('',1,(#4727,#4728),.UNSPECIFIED.,.F.,.F.,
(2,2),(-0.449836065573,0.),.UNSPECIFIED.);
#2172=B_SPLINE_CURVE_WITH_KNOTS('',1,(#4729,#4730),.UNSPECIFIED.,.F.,.F.,
(2,2),(-0.453406193078,0.),.UNSPECIFIED.);
#2173=B_SPLINE_CURVE_WITH_KNOTS('',1,(#4731,#4732),.UNSPECIFIED.,.F.,.F.,
(2,2),(-0.449836065573,0.),.UNSPECIFIED.);
#2174=B_SPLINE_CURVE_WITH_KNOTS('',1,(#4733,#4734),.UNSPECIFIED.,.F.,.F.,
(2,2),(-0.453406193078,0.),.UNSPECIFIED.);
#2175=B_SPLINE_CURVE_WITH_KNOTS('',1,(#4735,#4736),.UNSPECIFIED.,.F.,.F.,
(2,2),(0.,4.06723470537601),.UNSPECIFIED.);
#2176=B_SPLINE_CURVE_WITH_KNOTS('',1,(#4737,#4738),.UNSPECIFIED.,.F.,.F.,
(2,2),(0.496932566595896,0.517638090205155),.UNSPECIFIED.);
#2177=B_SPLINE_CURVE_WITH_KNOTS('',1,(#4739,#4740),.UNSPECIFIED.,.F.,.F.,
(2,2),(0.496932566595896,0.517638090205155),.UNSPECIFIED.);
#2178=B_SPLINE_CURVE_WITH_KNOTS('',1,(#4741,#4742),.UNSPECIFIED.,.F.,.F.,
(2,2),(-4.08407044966673,0.),.UNSPECIFIED.);
#2179=B_SPLINE_CURVE_WITH_KNOTS('',1,(#4743,#4744),.UNSPECIFIED.,.F.,.F.,
(2,2),(-0.517638090205155,-0.496932566595892),.UNSPECIFIED.);
#2180=B_SPLINE_CURVE_WITH_KNOTS('',1,(#4745,#4746),.UNSPECIFIED.,.F.,.F.,
(2,2),(-0.517638090205155,-0.496932566595892),.UNSPECIFIED.);
#2181=B_SPLINE_CURVE_WITH_KNOTS('',1,(#4747,#4748),.UNSPECIFIED.,.F.,.F.,
(2,2),(0.,4.06723470537601),.UNSPECIFIED.);
#2182=B_SPLINE_CURVE_WITH_KNOTS('',1,(#4749,#4750),.UNSPECIFIED.,.F.,.F.,
(2,2),(-0.517638090205155,-0.496932566595892),.UNSPECIFIED.);
#2183=B_SPLINE_CURVE_WITH_KNOTS('',1,(#4751,#4752),.UNSPECIFIED.,.F.,.F.,
(2,2),(-4.08407044966673,0.),.UNSPECIFIED.);
#2184=B_SPLINE_CURVE_WITH_KNOTS('',1,(#4753,#4754),.UNSPECIFIED.,.F.,.F.,
(2,2),(0.496932566595896,0.517638090205155),.UNSPECIFIED.);
#2185=VERTEX_POINT('',#3337);
#2186=VERTEX_POINT('',#3338);
#2187=VERTEX_POINT('',#3339);
#2188=VERTEX_POINT('',#3340);
#2189=VERTEX_POINT('',#3341);
#2190=VERTEX_POINT('',#3342);
#2191=VERTEX_POINT('',#3343);
#2192=VERTEX_POINT('',#3344);
#2193=VERTEX_POINT('',#3345);
#2194=VERTEX_POINT('',#3346);
#2195=VERTEX_POINT('',#3347);
#2196=VERTEX_POINT('',#3348);
#2197=VERTEX_POINT('',#3349);
#2198=VERTEX_POINT('',#3350);
#2199=VERTEX_POINT('',#3351);
#2200=VERTEX_POINT('',#3352);
#2201=VERTEX_POINT('',#3353);
#2202=VERTEX_POINT('',#3354);
#2203=VERTEX_POINT('',#3355);
#2204=VERTEX_POINT('',#3356);
#2205=VERTEX_POINT('',#3357);
#2206=VERTEX_POINT('',#3358);
#2207=VERTEX_POINT('',#3359);
#2208=VERTEX_POINT('',#3360);
#2209=VERTEX_POINT('',#3361);
#2210=VERTEX_POINT('',#3362);
#2211=VERTEX_POINT('',#3363);
#2212=VERTEX_POINT('',#3364);
#2213=VERTEX_POINT('',#3365);
#2214=VERTEX_POINT('',#3366);
#2215=VERTEX_POINT('',#3367);
#2216=VERTEX_POINT('',#3368);
#2217=VERTEX_POINT('',#3369);
#2218=VERTEX_POINT('',#3370);
#2219=VERTEX_POINT('',#3371);
#2220=VERTEX_POINT('',#3372);
#2221=VERTEX_POINT('',#3373);
#2222=VERTEX_POINT('',#3374);
#2223=VERTEX_POINT('',#3375);
#2224=VERTEX_POINT('',#3376);
#2225=VERTEX_POINT('',#3377);
#2226=VERTEX_POINT('',#3378);
#2227=VERTEX_POINT('',#3379);
#2228=VERTEX_POINT('',#3380);
#2229=VERTEX_POINT('',#3381);
#2230=VERTEX_POINT('',#3382);
#2231=VERTEX_POINT('',#3383);
#2232=VERTEX_POINT('',#3384);
#2233=VERTEX_POINT('',#3385);
#2234=VERTEX_POINT('',#3386);
#2235=VERTEX_POINT('',#3387);
#2236=VERTEX_POINT('',#3388);
#2237=VERTEX_POINT('',#3389);
#2238=VERTEX_POINT('',#3390);
#2239=VERTEX_POINT('',#3391);
#2240=VERTEX_POINT('',#3392);
#2241=VERTEX_POINT('',#3393);
#2242=VERTEX_POINT('',#3394);
#2243=VERTEX_POINT('',#3395);
#2244=VERTEX_POINT('',#3396);
#2245=VERTEX_POINT('',#3397);
#2246=VERTEX_POINT('',#3398);
#2247=VERTEX_POINT('',#3399);
#2248=VERTEX_POINT('',#3400);
#2249=VERTEX_POINT('',#3401);
#2250=VERTEX_POINT('',#3402);
#2251=VERTEX_POINT('',#3403);
#2252=VERTEX_POINT('',#3404);
#2253=VERTEX_POINT('',#3405);
#2254=VERTEX_POINT('',#3406);
#2255=VERTEX_POINT('',#3407);
#2256=VERTEX_POINT('',#3408);
#2257=VERTEX_POINT('',#3409);
#2258=VERTEX_POINT('',#3410);
#2259=VERTEX_POINT('',#3411);
#2260=VERTEX_POINT('',#3412);
#2261=VERTEX_POINT('',#3413);
#2262=VERTEX_POINT('',#3414);
#2263=VERTEX_POINT('',#3415);
#2264=VERTEX_POINT('',#3416);
#2265=VERTEX_POINT('',#3417);
#2266=VERTEX_POINT('',#3418);
#2267=VERTEX_POINT('',#3419);
#2268=VERTEX_POINT('',#3420);
#2269=VERTEX_POINT('',#3421);
#2270=VERTEX_POINT('',#3422);
#2271=VERTEX_POINT('',#3423);
#2272=VERTEX_POINT('',#3424);
#2273=VERTEX_POINT('',#3425);
#2274=VERTEX_POINT('',#3426);
#2275=VERTEX_POINT('',#3427);
#2276=VERTEX_POINT('',#3428);
#2277=VERTEX_POINT('',#3429);
#2278=VERTEX_POINT('',#3430);
#2279=VERTEX_POINT('',#3431);
#2280=VERTEX_POINT('',#3432);
#2281=VERTEX_POINT('',#3433);
#2282=VERTEX_POINT('',#3434);
#2283=VERTEX_POINT('',#3435);
#2284=VERTEX_POINT('',#3436);
#2285=VERTEX_POINT('',#3437);
#2286=VERTEX_POINT('',#3438);
#2287=VERTEX_POINT('',#3439);
#2288=VERTEX_POINT('',#3440);
#2289=VERTEX_POINT('',#3441);
#2290=VERTEX_POINT('',#3442);
#2291=VERTEX_POINT('',#3443);
#2292=VERTEX_POINT('',#3444);
#2293=PLANE('',#2386);
#2294=PLANE('',#2387);
#2295=PLANE('',#2388);
#2296=PLANE('',#2389);
#2297=PLANE('',#2390);
#2298=PLANE('',#2391);
#2299=PLANE('',#2392);
#2300=PLANE('',#2393);
#2301=PLANE('',#2394);
#2302=PLANE('',#2395);
#2303=PLANE('',#2396);
#2304=PLANE('',#2397);
#2305=PLANE('',#2398);
#2306=PLANE('',#2399);
#2307=PLANE('',#2400);
#2308=PLANE('',#2401);
#2309=PLANE('',#2402);
#2310=PLANE('',#2403);
#2311=PLANE('',#2404);
#2312=PLANE('',#2405);
#2313=PLANE('',#2406);
#2314=PLANE('',#2407);
#2315=PLANE('',#2408);
#2316=PLANE('',#2409);
#2317=PLANE('',#2410);
#2318=PLANE('',#2411);
#2319=PLANE('',#2412);
#2320=PLANE('',#2413);
#2321=PLANE('',#2414);
#2322=PLANE('',#2415);
#2323=PLANE('',#2416);
#2324=PLANE('',#2417);
#2325=PLANE('',#2418);
#2326=PLANE('',#2419);
#2327=PLANE('',#2420);
#2328=PLANE('',#2421);
#2329=PLANE('',#2422);
#2330=PLANE('',#2423);
#2331=PLANE('',#2424);
#2332=(
BOUNDED_SURFACE()
B_SPLINE_SURFACE(1,2,((#2470,#2471,#2472,#2473,#2474,#2475,#2476,#2477,
#2478),(#2479,#2480,#2481,#2482,#2483,#2484,#2485,#2486,#2487)),
 .UNSPECIFIED.,.F.,.F.,.F.)
B_SPLINE_SURFACE_WITH_KNOTS((2,2),(3,2,2,2,3),(0.,5.50356198182069),(0.,
1.5707963267949,3.14159265358979,4.71238898038469,6.28318530717959),
 .UNSPECIFIED.)
GEOMETRIC_REPRESENTATION_ITEM()
RATIONAL_B_SPLINE_SURFACE(((1.,0.707106781186548,1.,0.707106781186548,1.,
0.707106781186548,1.,0.707106781186548,1.),(1.,0.707106781186548,1.,0.707106781186548,
1.,0.707106781186548,1.,0.707106781186548,1.)))
REPRESENTATION_ITEM('')
SURFACE()
);
#2333=(
BOUNDED_SURFACE()
B_SPLINE_SURFACE(1,2,((#2488,#2489,#2490,#2491,#2492,#2493,#2494,#2495,
#2496),(#2497,#2498,#2499,#2500,#2501,#2502,#2503,#2504,#2505)),
 .UNSPECIFIED.,.F.,.F.,.F.)
B_SPLINE_SURFACE_WITH_KNOTS((2,2),(3,2,2,2,3),(0.,5.50356198182069),(0.,
1.5707963267949,3.14159265358979,4.71238898038469,6.28318530717959),
 .UNSPECIFIED.)
GEOMETRIC_REPRESENTATION_ITEM()
RATIONAL_B_SPLINE_SURFACE(((1.,0.707106781186548,1.,0.707106781186548,1.,
0.707106781186548,1.,0.707106781186548,1.),(1.,0.707106781186548,1.,0.707106781186548,
1.,0.707106781186548,1.,0.707106781186548,1.)))
REPRESENTATION_ITEM('')
SURFACE()
);
#2334=(
BOUNDED_SURFACE()
B_SPLINE_SURFACE(2,1,((#2513,#2514),(#2515,#2516),(#2517,#2518),(#2519,
#2520),(#2521,#2522),(#2523,#2524),(#2525,#2526),(#2527,#2528),(#2529,#2530)),
 .UNSPECIFIED.,.T.,.F.,.F.)
B_SPLINE_SURFACE_WITH_KNOTS((3,2,2,2,3),(2,2),(0.,1.5707963267949,3.14159265358979,
4.71238898038469,6.28318530717959),(0.,0.6239558332956),.UNSPECIFIED.)
GEOMETRIC_REPRESENTATION_ITEM()
RATIONAL_B_SPLINE_SURFACE(((1.,1.),(0.707106781186548,0.707106781186548),
(1.,1.),(0.707106781186548,0.707106781186548),(1.,1.),(0.707106781186548,
0.707106781186548),(1.,1.),(0.707106781186548,0.707106781186548),(1.,1.)))
REPRESENTATION_ITEM('')
SURFACE()
);
#2335=(
BOUNDED_SURFACE()
B_SPLINE_SURFACE(2,2,((#2531,#2532,#2533,#2534,#2535),(#2536,#2537,#2538,
#2539,#2540),(#2541,#2542,#2543,#2544,#2545),(#2546,#2547,#2548,#2549,#2550),
(#2551,#2552,#2553,#2554,#2555),(#2556,#2557,#2558,#2559,#2560),(#2561,
#2562,#2563,#2564,#2565),(#2566,#2567,#2568,#2569,#2570),(#2571,#2572,#2573,
#2574,#2575)),.UNSPECIFIED.,.T.,.F.,.F.)
B_SPLINE_SURFACE_WITH_KNOTS((3,2,2,2,3),(3,2,3),(0.,1.5707963267949,3.14159265358979,
4.71238898038469,6.28318530717959),(-1.5707963267949,0.,1.5707963267949),
 .UNSPECIFIED.)
GEOMETRIC_REPRESENTATION_ITEM()
RATIONAL_B_SPLINE_SURFACE(((1.,0.707106781186548,1.,0.707106781186548,1.),
(0.707106781186548,0.5,0.707106781186548,0.5,0.707106781186548),(1.,0.707106781186548,
1.,0.707106781186548,1.),(0.707106781186548,0.5,0.707106781186548,0.5,0.707106781186548),
(1.,0.707106781186548,1.,0.707106781186548,1.),(0.707106781186548,0.5,0.707106781186548,
0.5,0.707106781186548),(1.,0.707106781186548,1.,0.707106781186548,1.),(0.707106781186548,
0.5,0.707106781186548,0.5,0.707106781186548),(1.,0.707106781186548,1.,0.707106781186548,
1.)))
REPRESENTATION_ITEM('')
SURFACE()
);
#2336=(
BOUNDED_SURFACE()
B_SPLINE_SURFACE(2,1,((#2576,#2577),(#2578,#2579),(#2580,#2581),(#2582,
#2583),(#2584,#2585),(#2586,#2587),(#2588,#2589),(#2590,#2591),(#2592,#2593)),
 .UNSPECIFIED.,.T.,.F.,.F.)
B_SPLINE_SURFACE_WITH_KNOTS((3,2,2,2,3),(2,2),(0.,1.5707963267949,3.14159265358979,
4.71238898038469,6.28318530717959),(0.,0.256434409404965),.UNSPECIFIED.)
GEOMETRIC_REPRESENTATION_ITEM()
RATIONAL_B_SPLINE_SURFACE(((1.,1.),(0.707106781186548,0.707106781186548),
(1.,1.),(0.707106781186548,0.707106781186548),(1.,1.),(0.707106781186548,
0.707106781186548),(1.,1.),(0.707106781186548,0.707106781186548),(1.,1.)))
REPRESENTATION_ITEM('')
SURFACE()
);
#2337=(
BOUNDED_SURFACE()
B_SPLINE_SURFACE(2,1,((#2594,#2595),(#2596,#2597),(#2598,#2599),(#2600,
#2601),(#2602,#2603),(#2604,#2605),(#2606,#2607),(#2608,#2609),(#2610,#2611)),
 .UNSPECIFIED.,.T.,.F.,.F.)
B_SPLINE_SURFACE_WITH_KNOTS((3,2,2,2,3),(2,2),(0.,1.5707963267949,3.14159265358979,
4.71238898038469,6.28318530717959),(0.,2.9735116665912),.UNSPECIFIED.)
GEOMETRIC_REPRESENTATION_ITEM()
RATIONAL_B_SPLINE_SURFACE(((1.,1.),(0.707106781186548,0.707106781186548),
(1.,1.),(0.707106781186548,0.707106781186548),(1.,1.),(0.707106781186548,
0.707106781186548),(1.,1.),(0.707106781186548,0.707106781186548),(1.,1.)))
REPRESENTATION_ITEM('')
SURFACE()
);
#2338=(
BOUNDED_SURFACE()
B_SPLINE_SURFACE(2,2,((#2612,#2613,#2614,#2615,#2616),(#2617,#2618,#2619,
#2620,#2621),(#2622,#2623,#2624,#2625,#2626),(#2627,#2628,#2629,#2630,#2631),
(#2632,#2633,#2634,#2635,#2636),(#2637,#2638,#2639,#2640,#2641),(#2642,
#2643,#2644,#2645,#2646),(#2647,#2648,#2649,#2650,#2651),(#2652,#2653,#2654,
#2655,#2656)),.UNSPECIFIED.,.T.,.F.,.F.)
B_SPLINE_SURFACE_WITH_KNOTS((3,2,2,2,3),(3,2,3),(0.,1.5707963267949,3.14159265358979,
4.71238898038469,6.28318530717959),(-1.5707963267949,0.,1.5707963267949),
 .UNSPECIFIED.)
GEOMETRIC_REPRESENTATION_ITEM()
RATIONAL_B_SPLINE_SURFACE(((1.,0.707106781186548,1.,0.707106781186548,1.),
(0.707106781186548,0.5,0.707106781186548,0.5,0.707106781186548),(1.,0.707106781186548,
1.,0.707106781186548,1.),(0.707106781186548,0.5,0.707106781186548,0.5,0.707106781186548),
(1.,0.707106781186548,1.,0.707106781186548,1.),(0.707106781186548,0.5,0.707106781186548,
0.5,0.707106781186548),(1.,0.707106781186548,1.,0.707106781186548,1.),(0.707106781186548,
0.5,0.707106781186548,0.5,0.707106781186548),(1.,0.707106781186548,1.,0.707106781186548,
1.)))
REPRESENTATION_ITEM('')
SURFACE()
);
#2339=(
BOUNDED_SURFACE()
B_SPLINE_SURFACE(2,2,((#2657,#2658,#2659,#2660,#2661),(#2662,#2663,#2664,
#2665,#2666),(#2667,#2668,#2669,#2670,#2671),(#2672,#2673,#2674,#2675,#2676),
(#2677,#2678,#2679,#2680,#2681),(#2682,#2683,#2684,#2685,#2686),(#2687,
#2688,#2689,#2690,#2691),(#2692,#2693,#2694,#2695,#2696),(#2697,#2698,#2699,
#2700,#2701)),.UNSPECIFIED.,.T.,.F.,.F.)
B_SPLINE_SURFACE_WITH_KNOTS((3,2,2,2,3),(3,2,3),(0.,1.5707963267949,3.14159265358979,
4.71238898038469,6.28318530717959),(-1.5707963267949,0.,1.5707963267949),
 .UNSPECIFIED.)
GEOMETRIC_REPRESENTATION_ITEM()
RATIONAL_B_SPLINE_SURFACE(((1.,0.707106781186548,1.,0.707106781186548,1.),
(0.707106781186548,0.5,0.707106781186548,0.5,0.707106781186548),(1.,0.707106781186548,
1.,0.707106781186548,1.),(0.707106781186548,0.5,0.707106781186548,0.5,0.707106781186548),
(1.,0.707106781186548,1.,0.707106781186548,1.),(0.707106781186548,0.5,0.707106781186548,
0.5,0.707106781186548),(1.,0.707106781186548,1.,0.707106781186548,1.),(0.707106781186548,
0.5,0.707106781186548,0.5,0.707106781186548),(1.,0.707106781186548,1.,0.707106781186548,
1.)))
REPRESENTATION_ITEM('')
SURFACE()
);
#2340=(
BOUNDED_SURFACE()
B_SPLINE_SURFACE(2,1,((#2702,#2703),(#2704,#2705),(#2706,#2707),(#2708,
#2709),(#2710,#2711),(#2712,#2713),(#2714,#2715),(#2716,#2717),(#2718,#2719)),
 .UNSPECIFIED.,.T.,.F.,.F.)
B_SPLINE_SURFACE_WITH_KNOTS((3,2,2,2,3),(2,2),(0.,1.5707963267949,3.14159265358979,
4.71238898038469,6.28318530717959),(0.,2.923061633664),.UNSPECIFIED.)
GEOMETRIC_REPRESENTATION_ITEM()
RATIONAL_B_SPLINE_SURFACE(((1.,1.),(0.707106781186548,0.707106781186548),
(1.,1.),(0.707106781186548,0.707106781186548),(1.,1.),(0.707106781186548,
0.707106781186548),(1.,1.),(0.707106781186548,0.707106781186548),(1.,1.)))
REPRESENTATION_ITEM('')
SURFACE()
);
#2341=(
BOUNDED_SURFACE()
B_SPLINE_SURFACE(2,1,((#2720,#2721),(#2722,#2723),(#2724,#2725),(#2726,
#2727),(#2728,#2729),(#2730,#2731),(#2732,#2733),(#2734,#2735),(#2736,#2737)),
 .UNSPECIFIED.,.T.,.F.,.F.)
B_SPLINE_SURFACE_WITH_KNOTS((3,2,2,2,3),(2,2),(0.,1.5707963267949,3.14159265358979,
4.71238898038469,6.28318530717959),(0.,0.6239558332956),.UNSPECIFIED.)
GEOMETRIC_REPRESENTATION_ITEM()
RATIONAL_B_SPLINE_SURFACE(((1.,1.),(0.707106781186548,0.707106781186548),
(1.,1.),(0.707106781186548,0.707106781186548),(1.,1.),(0.707106781186548,
0.707106781186548),(1.,1.),(0.707106781186548,0.707106781186548),(1.,1.)))
REPRESENTATION_ITEM('')
SURFACE()
);
#2342=(
BOUNDED_SURFACE()
B_SPLINE_SURFACE(2,2,((#2738,#2739,#2740,#2741,#2742),(#2743,#2744,#2745,
#2746,#2747),(#2748,#2749,#2750,#2751,#2752),(#2753,#2754,#2755,#2756,#2757),
(#2758,#2759,#2760,#2761,#2762),(#2763,#2764,#2765,#2766,#2767),(#2768,
#2769,#2770,#2771,#2772),(#2773,#2774,#2775,#2776,#2777),(#2778,#2779,#2780,
#2781,#2782)),.UNSPECIFIED.,.T.,.F.,.F.)
B_SPLINE_SURFACE_WITH_KNOTS((3,2,2,2,3),(3,2,3),(0.,1.5707963267949,3.14159265358979,
4.71238898038469,6.28318530717959),(-1.5707963267949,0.,1.5707963267949),
 .UNSPECIFIED.)
GEOMETRIC_REPRESENTATION_ITEM()
RATIONAL_B_SPLINE_SURFACE(((1.,0.707106781186548,1.,0.707106781186548,1.),
(0.707106781186548,0.5,0.707106781186548,0.5,0.707106781186548),(1.,0.707106781186548,
1.,0.707106781186548,1.),(0.707106781186548,0.5,0.707106781186548,0.5,0.707106781186548),
(1.,0.707106781186548,1.,0.707106781186548,1.),(0.707106781186548,0.5,0.707106781186548,
0.5,0.707106781186548),(1.,0.707106781186548,1.,0.707106781186548,1.),(0.707106781186548,
0.5,0.707106781186548,0.5,0.707106781186548),(1.,0.707106781186548,1.,0.707106781186548,
1.)))
REPRESENTATION_ITEM('')
SURFACE()
);
#2343=(
BOUNDED_SURFACE()
B_SPLINE_SURFACE(2,1,((#2783,#2784),(#2785,#2786),(#2787,#2788),(#2789,
#2790),(#2791,#2792),(#2793,#2794),(#2795,#2796),(#2797,#2798),(#2799,#2800)),
 .UNSPECIFIED.,.T.,.F.,.F.)
B_SPLINE_SURFACE_WITH_KNOTS((3,2,2,2,3),(2,2),(0.,1.5707963267949,3.14159265358979,
4.71238898038469,6.28318530717959),(0.,0.256434409405805),.UNSPECIFIED.)
GEOMETRIC_REPRESENTATION_ITEM()
RATIONAL_B_SPLINE_SURFACE(((1.,1.),(0.707106781186548,0.707106781186548),
(1.,1.),(0.707106781186548,0.707106781186548),(1.,1.),(0.707106781186548,
0.707106781186548),(1.,1.),(0.707106781186548,0.707106781186548),(1.,1.)))
REPRESENTATION_ITEM('')
SURFACE()
);
#2344=(
BOUNDED_SURFACE()
B_SPLINE_SURFACE(2,1,((#2801,#2802),(#2803,#2804),(#2805,#2806),(#2807,
#2808),(#2809,#2810),(#2811,#2812),(#2813,#2814),(#2815,#2816),(#2817,#2818)),
 .UNSPECIFIED.,.T.,.F.,.F.)
B_SPLINE_SURFACE_WITH_KNOTS((3,2,2,2,3),(2,2),(0.,1.5707963267949,3.14159265358979,
4.71238898038469,6.28318530717959),(0.,0.6239558332956),.UNSPECIFIED.)
GEOMETRIC_REPRESENTATION_ITEM()
RATIONAL_B_SPLINE_SURFACE(((1.,1.),(0.707106781186548,0.707106781186548),
(1.,1.),(0.707106781186548,0.707106781186548),(1.,1.),(0.707106781186548,
0.707106781186548),(1.,1.),(0.707106781186548,0.707106781186548),(1.,1.)))
REPRESENTATION_ITEM('')
SURFACE()
);
#2345=(
BOUNDED_SURFACE()
B_SPLINE_SURFACE(2,2,((#2819,#2820,#2821,#2822,#2823),(#2824,#2825,#2826,
#2827,#2828),(#2829,#2830,#2831,#2832,#2833),(#2834,#2835,#2836,#2837,#2838),
(#2839,#2840,#2841,#2842,#2843),(#2844,#2845,#2846,#2847,#2848),(#2849,
#2850,#2851,#2852,#2853),(#2854,#2855,#2856,#2857,#2858),(#2859,#2860,#2861,
#2862,#2863)),.UNSPECIFIED.,.T.,.F.,.F.)
B_SPLINE_SURFACE_WITH_KNOTS((3,2,2,2,3),(3,2,3),(0.,1.5707963267949,3.14159265358979,
4.71238898038469,6.28318530717959),(-1.5707963267949,0.,1.5707963267949),
 .UNSPECIFIED.)
GEOMETRIC_REPRESENTATION_ITEM()
RATIONAL_B_SPLINE_SURFACE(((1.,0.707106781186548,1.,0.707106781186548,1.),
(0.707106781186548,0.5,0.707106781186548,0.5,0.707106781186548),(1.,0.707106781186548,
1.,0.707106781186548,1.),(0.707106781186548,0.5,0.707106781186548,0.5,0.707106781186548),
(1.,0.707106781186548,1.,0.707106781186548,1.),(0.707106781186548,0.5,0.707106781186548,
0.5,0.707106781186548),(1.,0.707106781186548,1.,0.707106781186548,1.),(0.707106781186548,
0.5,0.707106781186548,0.5,0.707106781186548),(1.,0.707106781186548,1.,0.707106781186548,
1.)))
REPRESENTATION_ITEM('')
SURFACE()
);
#2346=(
BOUNDED_SURFACE()
B_SPLINE_SURFACE(2,1,((#2864,#2865),(#2866,#2867),(#2868,#2869),(#2870,
#2871),(#2872,#2873),(#2874,#2875),(#2876,#2877),(#2878,#2879),(#2880,#2881)),
 .UNSPECIFIED.,.T.,.F.,.F.)
B_SPLINE_SURFACE_WITH_KNOTS((3,2,2,2,3),(2,2),(0.,1.5707963267949,3.14159265358979,
4.71238898038469,6.28318530717959),(0.,0.256434409405805),.UNSPECIFIED.)
GEOMETRIC_REPRESENTATION_ITEM()
RATIONAL_B_SPLINE_SURFACE(((1.,1.),(0.707106781186548,0.707106781186548),
(1.,1.),(0.707106781186548,0.707106781186548),(1.,1.),(0.707106781186548,
0.707106781186548),(1.,1.),(0.707106781186548,0.707106781186548),(1.,1.)))
REPRESENTATION_ITEM('')
SURFACE()
);
#2347=(
BOUNDED_SURFACE()
B_SPLINE_SURFACE(2,1,((#2882,#2883),(#2884,#2885),(#2886,#2887),(#2888,
#2889),(#2890,#2891),(#2892,#2893),(#2894,#2895),(#2896,#2897),(#2898,#2899)),
 .UNSPECIFIED.,.T.,.F.,.F.)
B_SPLINE_SURFACE_WITH_KNOTS((3,2,2,2,3),(2,2),(0.,1.5707963267949,3.14159265358979,
4.71238898038469,6.28318530717959),(0.,2.9735116665912),.UNSPECIFIED.)
GEOMETRIC_REPRESENTATION_ITEM()
RATIONAL_B_SPLINE_SURFACE(((1.,1.),(0.707106781186548,0.707106781186548),
(1.,1.),(0.707106781186548,0.707106781186548),(1.,1.),(0.707106781186548,
0.707106781186548),(1.,1.),(0.707106781186548,0.707106781186548),(1.,1.)))
REPRESENTATION_ITEM('')
SURFACE()
);
#2348=(
BOUNDED_SURFACE()
B_SPLINE_SURFACE(2,2,((#2900,#2901,#2902,#2903,#2904),(#2905,#2906,#2907,
#2908,#2909),(#2910,#2911,#2912,#2913,#2914),(#2915,#2916,#2917,#2918,#2919),
(#2920,#2921,#2922,#2923,#2924),(#2925,#2926,#2927,#2928,#2929),(#2930,
#2931,#2932,#2933,#2934),(#2935,#2936,#2937,#2938,#2939),(#2940,#2941,#2942,
#2943,#2944)),.UNSPECIFIED.,.T.,.F.,.F.)
B_SPLINE_SURFACE_WITH_KNOTS((3,2,2,2,3),(3,2,3),(0.,1.5707963267949,3.14159265358979,
4.71238898038469,6.28318530717959),(-1.5707963267949,0.,1.5707963267949),
 .UNSPECIFIED.)
GEOMETRIC_REPRESENTATION_ITEM()
RATIONAL_B_SPLINE_SURFACE(((1.,0.707106781186548,1.,0.707106781186548,1.),
(0.707106781186548,0.5,0.707106781186548,0.5,0.707106781186548),(1.,0.707106781186548,
1.,0.707106781186548,1.),(0.707106781186548,0.5,0.707106781186548,0.5,0.707106781186548),
(1.,0.707106781186548,1.,0.707106781186548,1.),(0.707106781186548,0.5,0.707106781186548,
0.5,0.707106781186548),(1.,0.707106781186548,1.,0.707106781186548,1.),(0.707106781186548,
0.5,0.707106781186548,0.5,0.707106781186548),(1.,0.707106781186548,1.,0.707106781186548,
1.)))
REPRESENTATION_ITEM('')
SURFACE()
);
#2349=(
BOUNDED_SURFACE()
B_SPLINE_SURFACE(2,2,((#2945,#2946,#2947,#2948,#2949),(#2950,#2951,#2952,
#2953,#2954),(#2955,#2956,#2957,#2958,#2959),(#2960,#2961,#2962,#2963,#2964),
(#2965,#2966,#2967,#2968,#2969),(#2970,#2971,#2972,#2973,#2974),(#2975,
#2976,#2977,#2978,#2979),(#2980,#2981,#2982,#2983,#2984),(#2985,#2986,#2987,
#2988,#2989)),.UNSPECIFIED.,.T.,.F.,.F.)
B_SPLINE_SURFACE_WITH_KNOTS((3,2,2,2,3),(3,2,3),(0.,1.5707963267949,3.14159265358979,
4.71238898038469,6.28318530717959),(-1.5707963267949,0.,1.5707963267949),
 .UNSPECIFIED.)
GEOMETRIC_REPRESENTATION_ITEM()
RATIONAL_B_SPLINE_SURFACE(((1.,0.707106781186548,1.,0.707106781186548,1.),
(0.707106781186548,0.5,0.707106781186548,0.5,0.707106781186548),(1.,0.707106781186548,
1.,0.707106781186548,1.),(0.707106781186548,0.5,0.707106781186548,0.5,0.707106781186548),
(1.,0.707106781186548,1.,0.707106781186548,1.),(0.707106781186548,0.5,0.707106781186548,
0.5,0.707106781186548),(1.,0.707106781186548,1.,0.707106781186548,1.),(0.707106781186548,
0.5,0.707106781186548,0.5,0.707106781186548),(1.,0.707106781186548,1.,0.707106781186548,
1.)))
REPRESENTATION_ITEM('')
SURFACE()
);
#2350=(
BOUNDED_SURFACE()
B_SPLINE_SURFACE(2,1,((#2990,#2991),(#2992,#2993),(#2994,#2995),(#2996,
#2997),(#2998,#2999),(#3000,#3001),(#3002,#3003),(#3004,#3005),(#3006,#3007)),
 .UNSPECIFIED.,.T.,.F.,.F.)
B_SPLINE_SURFACE_WITH_KNOTS((3,2,2,2,3),(2,2),(0.,1.5707963267949,3.14159265358979,
4.71238898038469,6.28318530717959),(0.,2.923061633664),.UNSPECIFIED.)
GEOMETRIC_REPRESENTATION_ITEM()
RATIONAL_B_SPLINE_SURFACE(((1.,1.),(0.707106781186548,0.707106781186548),
(1.,1.),(0.707106781186548,0.707106781186548),(1.,1.),(0.707106781186548,
0.707106781186548),(1.,1.),(0.707106781186548,0.707106781186548),(1.,1.)))
REPRESENTATION_ITEM('')
SURFACE()
);
#2351=(
BOUNDED_SURFACE()
B_SPLINE_SURFACE(2,1,((#3008,#3009),(#3010,#3011),(#3012,#3013),(#3014,
#3015),(#3016,#3017),(#3018,#3019),(#3020,#3021),(#3022,#3023),(#3024,#3025)),
 .UNSPECIFIED.,.T.,.F.,.F.)
B_SPLINE_SURFACE_WITH_KNOTS((3,2,2,2,3),(2,2),(0.,1.5707963267949,3.14159265358979,
4.71238898038469,6.28318530717959),(0.,0.6239558332956),.UNSPECIFIED.)
GEOMETRIC_REPRESENTATION_ITEM()
RATIONAL_B_SPLINE_SURFACE(((1.,1.),(0.707106781186548,0.707106781186548),
(1.,1.),(0.707106781186548,0.707106781186548),(1.,1.),(0.707106781186548,
0.707106781186548),(1.,1.),(0.707106781186548,0.707106781186548),(1.,1.)))
REPRESENTATION_ITEM('')
SURFACE()
);
#2352=(
BOUNDED_SURFACE()
B_SPLINE_SURFACE(2,2,((#3026,#3027,#3028,#3029,#3030),(#3031,#3032,#3033,
#3034,#3035),(#3036,#3037,#3038,#3039,#3040),(#3041,#3042,#3043,#3044,#3045),
(#3046,#3047,#3048,#3049,#3050),(#3051,#3052,#3053,#3054,#3055),(#3056,
#3057,#3058,#3059,#3060),(#3061,#3062,#3063,#3064,#3065),(#3066,#3067,#3068,
#3069,#3070)),.UNSPECIFIED.,.T.,.F.,.F.)
B_SPLINE_SURFACE_WITH_KNOTS((3,2,2,2,3),(3,2,3),(0.,1.5707963267949,3.14159265358979,
4.71238898038469,6.28318530717959),(-1.5707963267949,0.,1.5707963267949),
 .UNSPECIFIED.)
GEOMETRIC_REPRESENTATION_ITEM()
RATIONAL_B_SPLINE_SURFACE(((1.,0.707106781186548,1.,0.707106781186548,1.),
(0.707106781186548,0.5,0.707106781186548,0.5,0.707106781186548),(1.,0.707106781186548,
1.,0.707106781186548,1.),(0.707106781186548,0.5,0.707106781186548,0.5,0.707106781186548),
(1.,0.707106781186548,1.,0.707106781186548,1.),(0.707106781186548,0.5,0.707106781186548,
0.5,0.707106781186548),(1.,0.707106781186548,1.,0.707106781186548,1.),(0.707106781186548,
0.5,0.707106781186548,0.5,0.707106781186548),(1.,0.707106781186548,1.,0.707106781186548,
1.)))
REPRESENTATION_ITEM('')
SURFACE()
);
#2353=(
BOUNDED_SURFACE()
B_SPLINE_SURFACE(2,1,((#3071,#3072),(#3073,#3074),(#3075,#3076),(#3077,
#3078),(#3079,#3080),(#3081,#3082),(#3083,#3084),(#3085,#3086),(#3087,#3088)),
 .UNSPECIFIED.,.T.,.F.,.F.)
B_SPLINE_SURFACE_WITH_KNOTS((3,2,2,2,3),(2,2),(0.,1.5707963267949,3.14159265358979,
4.71238898038469,6.28318530717959),(0.,0.256434409404965),.UNSPECIFIED.)
GEOMETRIC_REPRESENTATION_ITEM()
RATIONAL_B_SPLINE_SURFACE(((1.,1.),(0.707106781186548,0.707106781186548),
(1.,1.),(0.707106781186548,0.707106781186548),(1.,1.),(0.707106781186548,
0.707106781186548),(1.,1.),(0.707106781186548,0.707106781186548),(1.,1.)))
REPRESENTATION_ITEM('')
SURFACE()
);
#2354=(
BOUNDED_SURFACE()
B_SPLINE_SURFACE(2,1,((#3093,#3094),(#3095,#3096),(#3097,#3098),(#3099,
#3100),(#3101,#3102),(#3103,#3104),(#3105,#3106),(#3107,#3108),(#3109,#3110)),
 .UNSPECIFIED.,.T.,.F.,.F.)
B_SPLINE_SURFACE_WITH_KNOTS((3,2,2,2,3),(2,2),(0.,1.5707963267949,3.14159265358979,
4.71238898038469,6.28318530717959),(0.,2.2104),.UNSPECIFIED.)
GEOMETRIC_REPRESENTATION_ITEM()
RATIONAL_B_SPLINE_SURFACE(((1.,1.),(0.707106781186548,0.707106781186548),
(1.,1.),(0.707106781186548,0.707106781186548),(1.,1.),(0.707106781186548,
0.707106781186548),(1.,1.),(0.707106781186548,0.707106781186548),(1.,1.)))
REPRESENTATION_ITEM('')
SURFACE()
);
#2355=(
BOUNDED_SURFACE()
B_SPLINE_SURFACE(2,1,((#3111,#3112),(#3113,#3114),(#3115,#3116),(#3117,
#3118),(#3119,#3120),(#3121,#3122),(#3123,#3124),(#3125,#3126),(#3127,#3128)),
 .UNSPECIFIED.,.T.,.F.,.F.)
B_SPLINE_SURFACE_WITH_KNOTS((3,2,2,2,3),(2,2),(0.,1.5707963267949,3.14159265358979,
4.71238898038469,6.28318530717959),(0.,0.925147685214344),.UNSPECIFIED.)
GEOMETRIC_REPRESENTATION_ITEM()
RATIONAL_B_SPLINE_SURFACE(((1.,1.),(0.707106781186548,0.707106781186548),
(1.,1.),(0.707106781186548,0.707106781186548),(1.,1.),(0.707106781186548,
0.707106781186548),(1.,1.),(0.707106781186548,0.707106781186548),(1.,1.)))
REPRESENTATION_ITEM('')
SURFACE()
);
#2356=(
BOUNDED_SURFACE()
B_SPLINE_SURFACE(2,1,((#3129,#3130),(#3131,#3132),(#3133,#3134),(#3135,
#3136),(#3137,#3138),(#3139,#3140),(#3141,#3142),(#3143,#3144),(#3145,#3146)),
 .UNSPECIFIED.,.T.,.F.,.F.)
B_SPLINE_SURFACE_WITH_KNOTS((3,2,2,2,3),(2,2),(0.,1.5707963267949,3.14159265358979,
4.71238898038469,6.28318530717959),(0.,0.925147685212988),.UNSPECIFIED.)
GEOMETRIC_REPRESENTATION_ITEM()
RATIONAL_B_SPLINE_SURFACE(((1.,1.),(0.707106781186548,0.707106781186548),
(1.,1.),(0.707106781186548,0.707106781186548),(1.,1.),(0.707106781186548,
0.707106781186548),(1.,1.),(0.707106781186548,0.707106781186548),(1.,1.)))
REPRESENTATION_ITEM('')
SURFACE()
);
#2357=(
BOUNDED_SURFACE()
B_SPLINE_SURFACE(2,1,((#3147,#3148),(#3149,#3150),(#3151,#3152),(#3153,
#3154),(#3155,#3156),(#3157,#3158),(#3159,#3160),(#3161,#3162),(#3163,#3164)),
 .UNSPECIFIED.,.T.,.F.,.F.)
B_SPLINE_SURFACE_WITH_KNOTS((3,2,2,2,3),(2,2),(0.,1.5707963267949,3.14159265358979,
4.71238898038469,6.28318530717959),(0.,2.2104),.UNSPECIFIED.)
GEOMETRIC_REPRESENTATION_ITEM()
RATIONAL_B_SPLINE_SURFACE(((1.,1.),(0.707106781186548,0.707106781186548),
(1.,1.),(0.707106781186548,0.707106781186548),(1.,1.),(0.707106781186548,
0.707106781186548),(1.,1.),(0.707106781186548,0.707106781186548),(1.,1.)))
REPRESENTATION_ITEM('')
SURFACE()
);
#2358=(
BOUNDED_SURFACE()
B_SPLINE_SURFACE(2,1,((#3165,#3166),(#3167,#3168),(#3169,#3170),(#3171,
#3172),(#3173,#3174),(#3175,#3176),(#3177,#3178),(#3179,#3180),(#3181,#3182)),
 .UNSPECIFIED.,.T.,.F.,.F.)
B_SPLINE_SURFACE_WITH_KNOTS((3,2,2,2,3),(2,2),(0.,1.5707963267949,3.14159265358979,
4.71238898038469,6.28318530717959),(0.,0.925147685214219),.UNSPECIFIED.)
GEOMETRIC_REPRESENTATION_ITEM()
RATIONAL_B_SPLINE_SURFACE(((1.,1.),(0.707106781186548,0.707106781186548),
(1.,1.),(0.707106781186548,0.707106781186548),(1.,1.),(0.707106781186548,
0.707106781186548),(1.,1.),(0.707106781186548,0.707106781186548),(1.,1.)))
REPRESENTATION_ITEM('')
SURFACE()
);
#2359=(
BOUNDED_SURFACE()
B_SPLINE_SURFACE(2,1,((#3183,#3184),(#3185,#3186),(#3187,#3188),(#3189,
#3190),(#3191,#3192),(#3193,#3194),(#3195,#3196),(#3197,#3198),(#3199,#3200)),
 .UNSPECIFIED.,.T.,.F.,.F.)
B_SPLINE_SURFACE_WITH_KNOTS((3,2,2,2,3),(2,2),(0.,1.5707963267949,3.14159265358979,
4.71238898038469,6.28318530717959),(0.,0.925147685212864),.UNSPECIFIED.)
GEOMETRIC_REPRESENTATION_ITEM()
RATIONAL_B_SPLINE_SURFACE(((1.,1.),(0.707106781186548,0.707106781186548),
(1.,1.),(0.707106781186548,0.707106781186548),(1.,1.),(0.707106781186548,
0.707106781186548),(1.,1.),(0.707106781186548,0.707106781186548),(1.,1.)))
REPRESENTATION_ITEM('')
SURFACE()
);
#2360=(
BOUNDED_SURFACE()
B_SPLINE_SURFACE(2,1,((#3209,#3210),(#3211,#3212),(#3213,#3214),(#3215,
#3216),(#3217,#3218),(#3219,#3220),(#3221,#3222),(#3223,#3224),(#3225,#3226)),
 .UNSPECIFIED.,.T.,.F.,.F.)
B_SPLINE_SURFACE_WITH_KNOTS((3,2,2,2,3),(2,2),(0.,1.5707963267949,3.14159265358979,
4.71238898038469,6.28318530717959),(0.,0.965294345844),.UNSPECIFIED.)
GEOMETRIC_REPRESENTATION_ITEM()
RATIONAL_B_SPLINE_SURFACE(((1.,1.),(0.707106781186548,0.707106781186548),
(1.,1.),(0.707106781186548,0.707106781186548),(1.,1.),(0.707106781186548,
0.707106781186548),(1.,1.),(0.707106781186548,0.707106781186548),(1.,1.)))
REPRESENTATION_ITEM('')
SURFACE()
);
#2361=(
BOUNDED_SURFACE()
B_SPLINE_SURFACE(2,1,((#3228,#3229),(#3230,#3231),(#3232,#3233),(#3234,
#3235),(#3236,#3237),(#3238,#3239),(#3240,#3241),(#3242,#3243),(#3244,#3245)),
 .UNSPECIFIED.,.T.,.F.,.F.)
B_SPLINE_SURFACE_WITH_KNOTS((3,2,2,2,3),(2,2),(0.,1.5707963267949,3.14159265358979,
4.71238898038469,6.28318530717959),(0.,0.965294345844001),.UNSPECIFIED.)
GEOMETRIC_REPRESENTATION_ITEM()
RATIONAL_B_SPLINE_SURFACE(((1.,1.),(0.707106781186548,0.707106781186548),
(1.,1.),(0.707106781186548,0.707106781186548),(1.,1.),(0.707106781186548,
0.707106781186548),(1.,1.),(0.707106781186548,0.707106781186548),(1.,1.)))
REPRESENTATION_ITEM('')
SURFACE()
);
#2362=(
BOUNDED_SURFACE()
B_SPLINE_SURFACE(2,1,((#3246,#3247),(#3248,#3249),(#3250,#3251),(#3252,
#3253),(#3254,#3255),(#3256,#3257),(#3258,#3259),(#3260,#3261),(#3262,#3263)),
 .UNSPECIFIED.,.T.,.F.,.F.)
B_SPLINE_SURFACE_WITH_KNOTS((3,2,2,2,3),(2,2),(0.,1.5707963267949,3.14159265358979,
4.71238898038469,6.28318530717959),(0.,0.965294345845201),.UNSPECIFIED.)
GEOMETRIC_REPRESENTATION_ITEM()
RATIONAL_B_SPLINE_SURFACE(((1.,1.),(0.707106781186548,0.707106781186548),
(1.,1.),(0.707106781186548,0.707106781186548),(1.,1.),(0.707106781186548,
0.707106781186548),(1.,1.),(0.707106781186548,0.707106781186548),(1.,1.)))
REPRESENTATION_ITEM('')
SURFACE()
);
#2363=(
BOUNDED_SURFACE()
B_SPLINE_SURFACE(2,1,((#3276,#3277),(#3278,#3279),(#3280,#3281),(#3282,
#3283),(#3284,#3285),(#3286,#3287),(#3288,#3289),(#3290,#3291),(#3292,#3293)),
 .UNSPECIFIED.,.T.,.F.,.F.)
B_SPLINE_SURFACE_WITH_KNOTS((3,2,2,2,3),(2,2),(0.,1.5707963267949,3.14159265358979,
4.71238898038469,6.28318530717959),(0.,0.665294345845201),.UNSPECIFIED.)
GEOMETRIC_REPRESENTATION_ITEM()
RATIONAL_B_SPLINE_SURFACE(((1.,1.),(0.707106781186548,0.707106781186548),
(1.,1.),(0.707106781186548,0.707106781186548),(1.,1.),(0.707106781186548,
0.707106781186548),(1.,1.),(0.707106781186548,0.707106781186548),(1.,1.)))
REPRESENTATION_ITEM('')
SURFACE()
);
#2364=(
BOUNDED_SURFACE()
B_SPLINE_SURFACE(1,2,((#3301,#3302,#3303,#3304,#3305,#3306,#3307,#3308,
#3309),(#3310,#3311,#3312,#3313,#3314,#3315,#3316,#3317,#3318)),
 .UNSPECIFIED.,.F.,.F.,.F.)
B_SPLINE_SURFACE_WITH_KNOTS((2,2),(3,2,2,2,3),(0.,5.52633805779306),(0.,
1.5707963267949,3.14159265358979,4.71238898038469,6.28318530717959),
 .UNSPECIFIED.)
GEOMETRIC_REPRESENTATION_ITEM()
RATIONAL_B_SPLINE_SURFACE(((1.,0.707106781186548,1.,0.707106781186548,1.,
0.707106781186548,1.,0.707106781186548,1.),(1.,0.707106781186548,1.,0.707106781186548,
1.,0.707106781186548,1.,0.707106781186548,1.)))
REPRESENTATION_ITEM('')
SURFACE()
);
#2365=(
BOUNDED_SURFACE()
B_SPLINE_SURFACE(1,2,((#3319,#3320,#3321,#3322,#3323,#3324,#3325,#3326,
#3327),(#3328,#3329,#3330,#3331,#3332,#3333,#3334,#3335,#3336)),
 .UNSPECIFIED.,.F.,.F.,.F.)
B_SPLINE_SURFACE_WITH_KNOTS((2,2),(3,2,2,2,3),(0.,5.52633805779305),(0.,
1.5707963267949,3.14159265358979,4.71238898038469,6.28318530717959),
 .UNSPECIFIED.)
GEOMETRIC_REPRESENTATION_ITEM()
RATIONAL_B_SPLINE_SURFACE(((1.,0.707106781186548,1.,0.707106781186548,1.,
0.707106781186548,1.,0.707106781186548,1.),(1.,0.707106781186548,1.,0.707106781186548,
1.,0.707106781186548,1.,0.707106781186548,1.)))
REPRESENTATION_ITEM('')
SURFACE()
);
#2366=SHAPE_DEFINITION_REPRESENTATION(#2367,#2384);
#2367=PRODUCT_DEFINITION_SHAPE('Document','',#2369);
#2368=PRODUCT_DEFINITION_CONTEXT('3D Mechanical Parts',#2373,'design');
#2369=PRODUCT_DEFINITION('A','First version',#2370,#2368);
#2370=PRODUCT_DEFINITION_FORMATION_WITH_SPECIFIED_SOURCE('A',
'First version',#2375,.MADE.);
#2371=PRODUCT_RELATED_PRODUCT_CATEGORY('tool','tool',(#2375));
#2372=APPLICATION_PROTOCOL_DEFINITION('Draft International Standard',
'automotive_design',1999,#2373);
#2373=APPLICATION_CONTEXT(
'data for automotive mechanical design processes');
#2374=PRODUCT_CONTEXT('3D Mechanical Parts',#2373,'mechanical');
#2375=PRODUCT('Document','Document','Rhino converted to STEP',(#2374));
#2376=(
LENGTH_UNIT()
NAMED_UNIT(*)
SI_UNIT(.MILLI.,.METRE.)
);
#2377=(
NAMED_UNIT(*)
PLANE_ANGLE_UNIT()
SI_UNIT($,.RADIAN.)
);
#2378=DIMENSIONAL_EXPONENTS(0.,0.,0.,0.,0.,0.,0.);
#2379=PLANE_ANGLE_MEASURE_WITH_UNIT(PLANE_ANGLE_MEASURE(0.01745329252),
#2377);
#2380=(
CONVERSION_BASED_UNIT('DEGREES',#2379)
NAMED_UNIT(#2378)
PLANE_ANGLE_UNIT()
);
#2381=(
NAMED_UNIT(*)
SI_UNIT($,.STERADIAN.)
SOLID_ANGLE_UNIT()
);
#2382=UNCERTAINTY_MEASURE_WITH_UNIT(LENGTH_MEASURE(0.0001),#2376,
'DISTANCE_ACCURACY_VALUE',
'Maximum model space distance between geometric entities at asserted c
onnectivities');
#2383=(
GEOMETRIC_REPRESENTATION_CONTEXT(3)
GLOBAL_UNCERTAINTY_ASSIGNED_CONTEXT((#2382))
GLOBAL_UNIT_ASSIGNED_CONTEXT((#2381,#2380,#2376))
REPRESENTATION_CONTEXT('ID1','3D')
);
#2384=SHAPE_REPRESENTATION('Document',(#2385,#2425),#2383);
#2385=AXIS2_PLACEMENT_3D('',#2469,#2426,#2427);
#2386=AXIS2_PLACEMENT_3D('',#2506,#2428,$);
#2387=AXIS2_PLACEMENT_3D('',#2507,#2429,$);
#2388=AXIS2_PLACEMENT_3D('',#2508,#2430,$);
#2389=AXIS2_PLACEMENT_3D('',#2509,#2431,$);
#2390=AXIS2_PLACEMENT_3D('',#2510,#2432,$);
#2391=AXIS2_PLACEMENT_3D('',#2511,#2433,$);
#2392=AXIS2_PLACEMENT_3D('',#2512,#2434,$);
#2393=AXIS2_PLACEMENT_3D('',#3089,#2435,$);
#2394=AXIS2_PLACEMENT_3D('',#3090,#2436,$);
#2395=AXIS2_PLACEMENT_3D('',#3091,#2437,$);
#2396=AXIS2_PLACEMENT_3D('',#3092,#2438,$);
#2397=AXIS2_PLACEMENT_3D('',#3201,#2439,$);
#2398=AXIS2_PLACEMENT_3D('',#3202,#2440,$);
#2399=AXIS2_PLACEMENT_3D('',#3203,#2441,$);
#2400=AXIS2_PLACEMENT_3D('',#3204,#2442,$);
#2401=AXIS2_PLACEMENT_3D('',#3205,#2443,$);
#2402=AXIS2_PLACEMENT_3D('',#3206,#2444,$);
#2403=AXIS2_PLACEMENT_3D('',#3207,#2445,$);
#2404=AXIS2_PLACEMENT_3D('',#3208,#2446,$);
#2405=AXIS2_PLACEMENT_3D('',#3227,#2447,$);
#2406=AXIS2_PLACEMENT_3D('',#3264,#2448,$);
#2407=AXIS2_PLACEMENT_3D('',#3265,#2449,$);
#2408=AXIS2_PLACEMENT_3D('',#3266,#2450,$);
#2409=AXIS2_PLACEMENT_3D('',#3267,#2451,$);
#2410=AXIS2_PLACEMENT_3D('',#3268,#2452,$);
#2411=AXIS2_PLACEMENT_3D('',#3269,#2453,$);
#2412=AXIS2_PLACEMENT_3D('',#3270,#2454,$);
#2413=AXIS2_PLACEMENT_3D('',#3271,#2455,$);
#2414=AXIS2_PLACEMENT_3D('',#3272,#2456,$);
#2415=AXIS2_PLACEMENT_3D('',#3273,#2457,$);
#2416=AXIS2_PLACEMENT_3D('',#3274,#2458,$);
#2417=AXIS2_PLACEMENT_3D('',#3275,#2459,$);
#2418=AXIS2_PLACEMENT_3D('',#3294,#2460,$);
#2419=AXIS2_PLACEMENT_3D('',#3295,#2461,$);
#2420=AXIS2_PLACEMENT_3D('',#3296,#2462,$);
#2421=AXIS2_PLACEMENT_3D('',#3297,#2463,$);
#2422=AXIS2_PLACEMENT_3D('',#3298,#2464,$);
#2423=AXIS2_PLACEMENT_3D('',#3299,#2465,$);
#2424=AXIS2_PLACEMENT_3D('',#3300,#2466,$);
#2425=AXIS2_PLACEMENT_3D('',#4755,#2467,#2468);
#2426=DIRECTION('',(0.,0.,1.));
#2427=DIRECTION('',(1.,0.,0.));
#2428=DIRECTION('',(0.,0.,1.));
#2429=DIRECTION('',(-1.,0.,0.));
#2430=DIRECTION('',(-0.707106781186548,-0.707106781186547,5.01448278992131E-15));
#2431=DIRECTION('',(-1.,0.,0.));
#2432=DIRECTION('',(1.,0.,0.));
#2433=DIRECTION('',(-1.,0.,0.));
#2434=DIRECTION('',(1.,0.,0.));
#2435=DIRECTION('',(0.,0.,-1.));
#2436=DIRECTION('',(0.,1.,0.));
#2437=DIRECTION('',(0.,-1.,0.));
#2438=DIRECTION('',(0.,0.,-1.));
#2439=DIRECTION('',(-0.707106781186547,-0.707106781186547,4.88997936448661E-15));
#2440=DIRECTION('',(0.,0.,1.));
#2441=DIRECTION('',(-1.,0.,0.));
#2442=DIRECTION('',(1.,0.,0.));
#2443=DIRECTION('',(0.,0.,-1.));
#2444=DIRECTION('',(0.,0.,1.));
#2445=DIRECTION('',(0.,1.,0.));
#2446=DIRECTION('',(0.,0.,1.));
#2447=DIRECTION('',(1.,0.,0.));
#2448=DIRECTION('',(0.,0.,-1.));
#2449=DIRECTION('',(-0.994521895368338,0.,-0.104528463267036));
#2450=DIRECTION('',(-6.20700301207634E-16,-0.994521895368338,-0.104528463267036));
#2451=DIRECTION('',(0.994521895368338,0.,-0.104528463267036));
#2452=DIRECTION('',(-7.34015659547007E-16,0.994521895368338,-0.104528463267036));
#2453=DIRECTION('',(0.,1.,0.));
#2454=DIRECTION('',(0.,-1.,0.));
#2455=DIRECTION('',(0.,-1.,0.));
#2456=DIRECTION('',(0.,0.,-1.));
#2457=DIRECTION('',(0.,0.,1.));
#2458=DIRECTION('',(1.,0.,0.));
#2459=DIRECTION('',(-1.,0.,0.));
#2460=DIRECTION('',(0.,0.,-1.));
#2461=DIRECTION('',(0.,0.,1.));
#2462=DIRECTION('',(0.,1.,0.));
#2463=DIRECTION('',(0.,-1.,0.));
#2464=DIRECTION('',(0.,0.,-1.));
#2465=DIRECTION('',(0.,0.,1.));
#2466=DIRECTION('',(0.,0.,1.));
#2467=DIRECTION('',(0.,0.,1.));
#2468=DIRECTION('',(1.,0.,0.));
#2469=CARTESIAN_POINT('',(0.,0.,0.));
#2470=CARTESIAN_POINT('',(1.87698373911797,2.875031750064,-3.0516660259985));
#2471=CARTESIAN_POINT('',(1.87698373911797,2.875031750064,-3.0516660259985));
#2472=CARTESIAN_POINT('',(1.87698373911797,2.875031750064,-3.0516660259985));
#2473=CARTESIAN_POINT('',(1.87698373911797,2.875031750064,-3.0516660259985));
#2474=CARTESIAN_POINT('',(1.87698373911797,2.875031750064,-3.0516660259985));
#2475=CARTESIAN_POINT('',(1.87698373911797,2.875031750064,-3.0516660259985));
#2476=CARTESIAN_POINT('',(1.87698373911797,2.875031750064,-3.0516660259985));
#2477=CARTESIAN_POINT('',(1.87698373911797,2.875031750064,-3.0516660259985));
#2478=CARTESIAN_POINT('',(1.87698373911797,2.875031750064,-3.0516660259985));
#2479=CARTESIAN_POINT('',(3.30141039591458,2.875031750064,2.26436662882495));
#2480=CARTESIAN_POINT('',(3.30141039591458,4.29945840686057,2.26436662882495));
#2481=CARTESIAN_POINT('',(1.87698373911801,4.29945840686057,2.26436662882496));
#2482=CARTESIAN_POINT('',(0.452557082321432,4.29945840686057,2.26436662882497));
#2483=CARTESIAN_POINT('',(0.452557082321432,2.875031750064,2.26436662882497));
#2484=CARTESIAN_POINT('',(0.452557082321432,1.45060509326743,2.26436662882497));
#2485=CARTESIAN_POINT('',(1.87698373911801,1.45060509326743,2.26436662882496));
#2486=CARTESIAN_POINT('',(3.30141039591458,1.45060509326743,2.26436662882495));
#2487=CARTESIAN_POINT('',(3.30141039591458,2.875031750064,2.26436662882495));
#2488=CARTESIAN_POINT('',(1.87698373911797,2.875031750064,-3.0516660259985));
#2489=CARTESIAN_POINT('',(1.87698373911797,2.875031750064,-3.0516660259985));
#2490=CARTESIAN_POINT('',(1.87698373911797,2.875031750064,-3.0516660259985));
#2491=CARTESIAN_POINT('',(1.87698373911797,2.875031750064,-3.0516660259985));
#2492=CARTESIAN_POINT('',(1.87698373911797,2.875031750064,-3.0516660259985));
#2493=CARTESIAN_POINT('',(1.87698373911797,2.875031750064,-3.0516660259985));
#2494=CARTESIAN_POINT('',(1.87698373911797,2.875031750064,-3.0516660259985));
#2495=CARTESIAN_POINT('',(1.87698373911797,2.875031750064,-3.0516660259985));
#2496=CARTESIAN_POINT('',(1.87698373911797,2.875031750064,-3.0516660259985));
#2497=CARTESIAN_POINT('',(0.452557082321432,2.875031750064,2.26436662882497));
#2498=CARTESIAN_POINT('',(0.452557082321432,1.45060509326743,2.26436662882497));
#2499=CARTESIAN_POINT('',(1.87698373911801,1.45060509326743,2.26436662882496));
#2500=CARTESIAN_POINT('',(3.30141039591458,1.45060509326743,2.26436662882495));
#2501=CARTESIAN_POINT('',(3.30141039591458,2.875031750064,2.26436662882495));
#2502=CARTESIAN_POINT('',(3.30141039591458,4.29945840686057,2.26436662882495));
#2503=CARTESIAN_POINT('',(1.87698373911801,4.29945840686057,2.26436662882496));
#2504=CARTESIAN_POINT('',(0.452557082321433,4.29945840686057,2.26436662882497));
#2505=CARTESIAN_POINT('',(0.452557082321432,2.875031750064,2.26436662882497));
#2506=CARTESIAN_POINT('',(3.2774142236588,1.4746012655232,1.30000002384199));
#2507=CARTESIAN_POINT('',(0.476983739119251,1.29403175006416,0.905000023842037));
#2508=CARTESIAN_POINT('',(1.48244780783098,-0.530432318647978,1.681200023842));
#2509=CARTESIAN_POINT('',(2.326983739118,-0.211168249936099,1.6812000238409));
#2510=CARTESIAN_POINT('',(1.42698373911799,-0.211168249936099,0.298800023842003));
#2511=CARTESIAN_POINT('',(2.326983739118,4.338831750063,1.6812000238409));
#2512=CARTESIAN_POINT('',(1.42698373911799,4.338831750063,0.298800023842003));
#2513=CARTESIAN_POINT('',(0.539020544705997,4.3659912639183,0.330000023843));
#2514=CARTESIAN_POINT('',(0.539020544705997,3.7420354306227,0.330000023843));
#2515=CARTESIAN_POINT('',(0.539020544705997,4.3659912639183,0.230000023844));
#2516=CARTESIAN_POINT('',(0.539020544705997,3.7420354306227,0.230000023844));
#2517=CARTESIAN_POINT('',(0.639020544704996,4.3659912639183,0.230000023844));
#2518=CARTESIAN_POINT('',(0.639020544704996,3.7420354306227,0.230000023844));
#2519=CARTESIAN_POINT('',(0.739020544703996,4.3659912639183,0.230000023844));
#2520=CARTESIAN_POINT('',(0.739020544703996,3.7420354306227,0.230000023844));
#2521=CARTESIAN_POINT('',(0.739020544703996,4.3659912639183,0.330000023843));
#2522=CARTESIAN_POINT('',(0.739020544703996,3.7420354306227,0.330000023843));
#2523=CARTESIAN_POINT('',(0.739020544703996,4.3659912639183,0.430000023842));
#2524=CARTESIAN_POINT('',(0.739020544703996,3.7420354306227,0.430000023842));
#2525=CARTESIAN_POINT('',(0.639020544704996,4.3659912639183,0.430000023842));
#2526=CARTESIAN_POINT('',(0.639020544704996,3.7420354306227,0.430000023842));
#2527=CARTESIAN_POINT('',(0.539020544705997,4.3659912639183,0.430000023842));
#2528=CARTESIAN_POINT('',(0.539020544705997,3.7420354306227,0.430000023842));
#2529=CARTESIAN_POINT('',(0.539020544705997,4.3659912639183,0.330000023843));
#2530=CARTESIAN_POINT('',(0.539020544705997,3.7420354306227,0.330000023843));
#2531=CARTESIAN_POINT('',(0.639020544704996,4.312994944477,0.430000023843));
#2532=CARTESIAN_POINT('',(0.639020544704996,4.412994944477,0.430000023843));
#2533=CARTESIAN_POINT('',(0.639020544704996,4.412994944477,0.330000023843));
#2534=CARTESIAN_POINT('',(0.639020544704996,4.412994944477,0.230000023843));
#2535=CARTESIAN_POINT('',(0.639020544704996,4.312994944477,0.230000023843));
#2536=CARTESIAN_POINT('',(0.639020544704996,4.312994944477,0.430000023843));
#2537=CARTESIAN_POINT('',(0.739020544704996,4.412994944477,0.430000023843));
#2538=CARTESIAN_POINT('',(0.739020544704996,4.412994944477,0.330000023843));
#2539=CARTESIAN_POINT('',(0.739020544704996,4.412994944477,0.230000023843));
#2540=CARTESIAN_POINT('',(0.639020544704996,4.312994944477,0.230000023843));
#2541=CARTESIAN_POINT('',(0.639020544704996,4.312994944477,0.430000023843));
#2542=CARTESIAN_POINT('',(0.739020544704996,4.312994944477,0.430000023843));
#2543=CARTESIAN_POINT('',(0.739020544704996,4.312994944477,0.330000023843));
#2544=CARTESIAN_POINT('',(0.739020544704996,4.312994944477,0.230000023843));
#2545=CARTESIAN_POINT('',(0.639020544704996,4.312994944477,0.230000023843));
#2546=CARTESIAN_POINT('',(0.639020544704996,4.312994944477,0.430000023843));
#2547=CARTESIAN_POINT('',(0.739020544704996,4.212994944477,0.430000023843));
#2548=CARTESIAN_POINT('',(0.739020544704996,4.212994944477,0.330000023843));
#2549=CARTESIAN_POINT('',(0.739020544704996,4.212994944477,0.230000023843));
#2550=CARTESIAN_POINT('',(0.639020544704996,4.312994944477,0.230000023843));
#2551=CARTESIAN_POINT('',(0.639020544704996,4.312994944477,0.430000023843));
#2552=CARTESIAN_POINT('',(0.639020544704996,4.212994944477,0.430000023843));
#2553=CARTESIAN_POINT('',(0.639020544704996,4.212994944477,0.330000023843));
#2554=CARTESIAN_POINT('',(0.639020544704996,4.212994944477,0.230000023843));
#2555=CARTESIAN_POINT('',(0.639020544704996,4.312994944477,0.230000023843));
#2556=CARTESIAN_POINT('',(0.639020544704996,4.312994944477,0.430000023843));
#2557=CARTESIAN_POINT('',(0.539020544704997,4.212994944477,0.430000023843));
#2558=CARTESIAN_POINT('',(0.539020544704997,4.212994944477,0.330000023843));
#2559=CARTESIAN_POINT('',(0.539020544704997,4.212994944477,0.230000023843));
#2560=CARTESIAN_POINT('',(0.639020544704996,4.312994944477,0.230000023843));
#2561=CARTESIAN_POINT('',(0.639020544704996,4.312994944477,0.430000023843));
#2562=CARTESIAN_POINT('',(0.539020544704997,4.312994944477,0.430000023843));
#2563=CARTESIAN_POINT('',(0.539020544704997,4.312994944477,0.330000023843));
#2564=CARTESIAN_POINT('',(0.539020544704997,4.312994944477,0.230000023843));
#2565=CARTESIAN_POINT('',(0.639020544704996,4.312994944477,0.230000023843));
#2566=CARTESIAN_POINT('',(0.639020544704996,4.312994944477,0.430000023843));
#2567=CARTESIAN_POINT('',(0.539020544704997,4.412994944477,0.430000023843));
#2568=CARTESIAN_POINT('',(0.539020544704997,4.412994944477,0.330000023843));
#2569=CARTESIAN_POINT('',(0.539020544704997,4.412994944477,0.230000023843));
#2570=CARTESIAN_POINT('',(0.639020544704996,4.312994944477,0.230000023843));
#2571=CARTESIAN_POINT('',(0.639020544704996,4.312994944477,0.430000023843));
#2572=CARTESIAN_POINT('',(0.639020544704996,4.412994944477,0.430000023843));
#2573=CARTESIAN_POINT('',(0.639020544704996,4.412994944477,0.330000023843));
#2574=CARTESIAN_POINT('',(0.639020544704996,4.412994944477,0.230000023843));
#2575=CARTESIAN_POINT('',(0.639020544704996,4.312994944477,0.230000023843));
#2576=CARTESIAN_POINT('',(0.736124127635108,3.795031750064,0.36279836938849));
#2577=CARTESIAN_POINT('',(0.762928822378999,3.795031750064,0.107768734509403));
#2578=CARTESIAN_POINT('',(0.736124127635108,3.695031750064,0.36279836938849));
#2579=CARTESIAN_POINT('',(0.762928822378999,3.695031750064,0.107768734509403));
#2580=CARTESIAN_POINT('',(0.636671938098274,3.695031750064,0.352345523061786));
#2581=CARTESIAN_POINT('',(0.663476632842165,3.695031750064,0.0973158881826997));
#2582=CARTESIAN_POINT('',(0.537219748561441,3.695031750064,0.341892676735083));
#2583=CARTESIAN_POINT('',(0.564024443305331,3.695031750064,0.0868630418559961));
#2584=CARTESIAN_POINT('',(0.537219748561441,3.795031750064,0.341892676735083));
#2585=CARTESIAN_POINT('',(0.564024443305331,3.795031750064,0.0868630418559961));
#2586=CARTESIAN_POINT('',(0.537219748561441,3.895031750064,0.341892676735083));
#2587=CARTESIAN_POINT('',(0.564024443305331,3.895031750064,0.0868630418559961));
#2588=CARTESIAN_POINT('',(0.636671938098274,3.895031750064,0.352345523061786));
#2589=CARTESIAN_POINT('',(0.663476632842165,3.895031750064,0.0973158881826997));
#2590=CARTESIAN_POINT('',(0.736124127635108,3.895031750064,0.36279836938849));
#2591=CARTESIAN_POINT('',(0.762928822378999,3.895031750064,0.107768734509403));
#2592=CARTESIAN_POINT('',(0.736124127635108,3.795031750064,0.36279836938849));
#2593=CARTESIAN_POINT('',(0.762928822378999,3.795031750064,0.107768734509403));
#2594=CARTESIAN_POINT('',(3.3637395724136,4.312994944477,0.430000023842959));
#2595=CARTESIAN_POINT('',(0.390227905822396,4.312994944477,0.43000002384298));
#2596=CARTESIAN_POINT('',(3.3637395724136,4.412994944477,0.430000023842959));
#2597=CARTESIAN_POINT('',(0.390227905822396,4.412994944477,0.43000002384298));
#2598=CARTESIAN_POINT('',(3.3637395724136,4.412994944477,0.330000023842959));
#2599=CARTESIAN_POINT('',(0.390227905822395,4.412994944477,0.33000002384298));
#2600=CARTESIAN_POINT('',(3.3637395724136,4.412994944477,0.230000023842959));
#2601=CARTESIAN_POINT('',(0.390227905822394,4.412994944477,0.23000002384298));
#2602=CARTESIAN_POINT('',(3.3637395724136,4.312994944477,0.230000023842959));
#2603=CARTESIAN_POINT('',(0.390227905822394,4.312994944477,0.23000002384298));
#2604=CARTESIAN_POINT('',(3.3637395724136,4.212994944477,0.230000023842959));
#2605=CARTESIAN_POINT('',(0.390227905822394,4.212994944477,0.23000002384298));
#2606=CARTESIAN_POINT('',(3.3637395724136,4.212994944477,0.330000023842959));
#2607=CARTESIAN_POINT('',(0.390227905822395,4.212994944477,0.33000002384298));
#2608=CARTESIAN_POINT('',(3.3637395724136,4.212994944477,0.430000023842959));
#2609=CARTESIAN_POINT('',(0.390227905822396,4.212994944477,0.43000002384298));
#2610=CARTESIAN_POINT('',(3.3637395724136,4.312994944477,0.430000023842959));
#2611=CARTESIAN_POINT('',(0.390227905822396,4.312994944477,0.43000002384298));
#2612=CARTESIAN_POINT('',(0.660041391757996,3.795031750064,0.230000023843));
#2613=CARTESIAN_POINT('',(0.660041391757996,3.895031750064,0.230000023843));
#2614=CARTESIAN_POINT('',(0.660041391757996,3.895031750064,0.130000023843));
#2615=CARTESIAN_POINT('',(0.660041391757996,3.895031750064,0.030000023843));
#2616=CARTESIAN_POINT('',(0.660041391757996,3.795031750064,0.030000023843));
#2617=CARTESIAN_POINT('',(0.660041391757996,3.795031750064,0.230000023843));
#2618=CARTESIAN_POINT('',(0.760041391757996,3.895031750064,0.230000023843));
#2619=CARTESIAN_POINT('',(0.760041391757996,3.895031750064,0.130000023843));
#2620=CARTESIAN_POINT('',(0.760041391757996,3.895031750064,0.030000023843));
#2621=CARTESIAN_POINT('',(0.660041391757996,3.795031750064,0.030000023843));
#2622=CARTESIAN_POINT('',(0.660041391757996,3.795031750064,0.230000023843));
#2623=CARTESIAN_POINT('',(0.760041391757996,3.795031750064,0.230000023843));
#2624=CARTESIAN_POINT('',(0.760041391757996,3.795031750064,0.130000023843));
#2625=CARTESIAN_POINT('',(0.760041391757996,3.795031750064,0.030000023843));
#2626=CARTESIAN_POINT('',(0.660041391757996,3.795031750064,0.030000023843));
#2627=CARTESIAN_POINT('',(0.660041391757996,3.795031750064,0.230000023843));
#2628=CARTESIAN_POINT('',(0.760041391757996,3.695031750064,0.230000023843));
#2629=CARTESIAN_POINT('',(0.760041391757996,3.695031750064,0.130000023843));
#2630=CARTESIAN_POINT('',(0.760041391757996,3.695031750064,0.030000023843));
#2631=CARTESIAN_POINT('',(0.660041391757996,3.795031750064,0.030000023843));
#2632=CARTESIAN_POINT('',(0.660041391757996,3.795031750064,0.230000023843));
#2633=CARTESIAN_POINT('',(0.660041391757996,3.695031750064,0.230000023843));
#2634=CARTESIAN_POINT('',(0.660041391757996,3.695031750064,0.130000023843));
#2635=CARTESIAN_POINT('',(0.660041391757996,3.695031750064,0.030000023843));
#2636=CARTESIAN_POINT('',(0.660041391757996,3.795031750064,0.030000023843));
#2637=CARTESIAN_POINT('',(0.660041391757996,3.795031750064,0.230000023843));
#2638=CARTESIAN_POINT('',(0.560041391757996,3.695031750064,0.230000023843));
#2639=CARTESIAN_POINT('',(0.560041391757996,3.695031750064,0.130000023843));
#2640=CARTESIAN_POINT('',(0.560041391757996,3.695031750064,0.030000023843));
#2641=CARTESIAN_POINT('',(0.660041391757996,3.795031750064,0.030000023843));
#2642=CARTESIAN_POINT('',(0.660041391757996,3.795031750064,0.230000023843));
#2643=CARTESIAN_POINT('',(0.560041391757996,3.795031750064,0.230000023843));
#2644=CARTESIAN_POINT('',(0.560041391757996,3.795031750064,0.130000023843));
#2645=CARTESIAN_POINT('',(0.560041391757996,3.795031750064,0.030000023843));
#2646=CARTESIAN_POINT('',(0.660041391757996,3.795031750064,0.030000023843));
#2647=CARTESIAN_POINT('',(0.660041391757996,3.795031750064,0.230000023843));
#2648=CARTESIAN_POINT('',(0.560041391757996,3.895031750064,0.230000023843));
#2649=CARTESIAN_POINT('',(0.560041391757996,3.895031750064,0.130000023843));
#2650=CARTESIAN_POINT('',(0.560041391757996,3.895031750064,0.030000023843));
#2651=CARTESIAN_POINT('',(0.660041391757996,3.795031750064,0.030000023843));
#2652=CARTESIAN_POINT('',(0.660041391757996,3.795031750064,0.230000023843));
#2653=CARTESIAN_POINT('',(0.660041391757996,3.895031750064,0.230000023843));
#2654=CARTESIAN_POINT('',(0.660041391757996,3.895031750064,0.130000023843));
#2655=CARTESIAN_POINT('',(0.660041391757996,3.895031750064,0.030000023843));
#2656=CARTESIAN_POINT('',(0.660041391757996,3.795031750064,0.030000023843));
#2657=CARTESIAN_POINT('',(3.114946933531,4.312994944477,0.430000023842));
#2658=CARTESIAN_POINT('',(3.114946933531,4.412994944477,0.430000023842));
#2659=CARTESIAN_POINT('',(3.114946933531,4.412994944477,0.330000023842));
#2660=CARTESIAN_POINT('',(3.114946933531,4.412994944477,0.230000023842));
#2661=CARTESIAN_POINT('',(3.114946933531,4.312994944477,0.230000023842));
#2662=CARTESIAN_POINT('',(3.114946933531,4.312994944477,0.430000023842));
#2663=CARTESIAN_POINT('',(3.214946933531,4.412994944477,0.430000023842));
#2664=CARTESIAN_POINT('',(3.214946933531,4.412994944477,0.330000023842));
#2665=CARTESIAN_POINT('',(3.214946933531,4.412994944477,0.230000023842));
#2666=CARTESIAN_POINT('',(3.114946933531,4.312994944477,0.230000023842));
#2667=CARTESIAN_POINT('',(3.114946933531,4.312994944477,0.430000023842));
#2668=CARTESIAN_POINT('',(3.214946933531,4.312994944477,0.430000023842));
#2669=CARTESIAN_POINT('',(3.214946933531,4.312994944477,0.330000023842));
#2670=CARTESIAN_POINT('',(3.214946933531,4.312994944477,0.230000023842));
#2671=CARTESIAN_POINT('',(3.114946933531,4.312994944477,0.230000023842));
#2672=CARTESIAN_POINT('',(3.114946933531,4.312994944477,0.430000023842));
#2673=CARTESIAN_POINT('',(3.214946933531,4.212994944477,0.430000023842));
#2674=CARTESIAN_POINT('',(3.214946933531,4.212994944477,0.330000023842));
#2675=CARTESIAN_POINT('',(3.214946933531,4.212994944477,0.230000023842));
#2676=CARTESIAN_POINT('',(3.114946933531,4.312994944477,0.230000023842));
#2677=CARTESIAN_POINT('',(3.114946933531,4.312994944477,0.430000023842));
#2678=CARTESIAN_POINT('',(3.114946933531,4.212994944477,0.430000023842));
#2679=CARTESIAN_POINT('',(3.114946933531,4.212994944477,0.330000023842));
#2680=CARTESIAN_POINT('',(3.114946933531,4.212994944477,0.230000023842));
#2681=CARTESIAN_POINT('',(3.114946933531,4.312994944477,0.230000023842));
#2682=CARTESIAN_POINT('',(3.114946933531,4.312994944477,0.430000023842));
#2683=CARTESIAN_POINT('',(3.014946933531,4.212994944477,0.430000023842));
#2684=CARTESIAN_POINT('',(3.014946933531,4.212994944477,0.330000023842));
#2685=CARTESIAN_POINT('',(3.014946933531,4.212994944477,0.230000023842));
#2686=CARTESIAN_POINT('',(3.114946933531,4.312994944477,0.230000023842));
#2687=CARTESIAN_POINT('',(3.114946933531,4.312994944477,0.430000023842));
#2688=CARTESIAN_POINT('',(3.014946933531,4.312994944477,0.430000023842));
#2689=CARTESIAN_POINT('',(3.014946933531,4.312994944477,0.330000023842));
#2690=CARTESIAN_POINT('',(3.014946933531,4.312994944477,0.230000023842));
#2691=CARTESIAN_POINT('',(3.114946933531,4.312994944477,0.230000023842));
#2692=CARTESIAN_POINT('',(3.114946933531,4.312994944477,0.430000023842));
#2693=CARTESIAN_POINT('',(3.014946933531,4.412994944477,0.430000023842));
#2694=CARTESIAN_POINT('',(3.014946933531,4.412994944477,0.330000023842));
#2695=CARTESIAN_POINT('',(3.014946933531,4.412994944477,0.230000023842));
#2696=CARTESIAN_POINT('',(3.114946933531,4.312994944477,0.230000023842));
#2697=CARTESIAN_POINT('',(3.114946933531,4.312994944477,0.430000023842));
#2698=CARTESIAN_POINT('',(3.114946933531,4.412994944477,0.430000023842));
#2699=CARTESIAN_POINT('',(3.114946933531,4.412994944477,0.330000023842));
#2700=CARTESIAN_POINT('',(3.114946933531,4.412994944477,0.230000023842));
#2701=CARTESIAN_POINT('',(3.114946933531,4.312994944477,0.230000023842));
#2702=CARTESIAN_POINT('',(3.33851455595,3.795031750064,0.23000002384298));
#2703=CARTESIAN_POINT('',(0.415452922285995,3.795031750064,0.230000023843001));
#2704=CARTESIAN_POINT('',(3.33851455595,3.895031750064,0.23000002384298));
#2705=CARTESIAN_POINT('',(0.415452922285995,3.895031750064,0.230000023843001));
#2706=CARTESIAN_POINT('',(3.33851455595,3.895031750064,0.13000002384298));
#2707=CARTESIAN_POINT('',(0.415452922285994,3.895031750064,0.130000023843001));
#2708=CARTESIAN_POINT('',(3.33851455595,3.895031750064,0.0300000238429802));
#2709=CARTESIAN_POINT('',(0.415452922285994,3.895031750064,0.0300000238430008));
#2710=CARTESIAN_POINT('',(3.33851455595,3.795031750064,0.0300000238429802));
#2711=CARTESIAN_POINT('',(0.415452922285994,3.795031750064,0.0300000238430008));
#2712=CARTESIAN_POINT('',(3.33851455595,3.695031750064,0.0300000238429802));
#2713=CARTESIAN_POINT('',(0.415452922285994,3.695031750064,0.0300000238430008));
#2714=CARTESIAN_POINT('',(3.33851455595,3.695031750064,0.13000002384298));
#2715=CARTESIAN_POINT('',(0.415452922285994,3.695031750064,0.130000023843001));
#2716=CARTESIAN_POINT('',(3.33851455595,3.695031750064,0.23000002384298));
#2717=CARTESIAN_POINT('',(0.415452922285995,3.695031750064,0.230000023843001));
#2718=CARTESIAN_POINT('',(3.33851455595,3.795031750064,0.23000002384298));
#2719=CARTESIAN_POINT('',(0.415452922285995,3.795031750064,0.230000023843001));
#2720=CARTESIAN_POINT('',(3.214946933531,3.7420354306227,0.330000023842));
#2721=CARTESIAN_POINT('',(3.214946933531,4.3659912639183,0.330000023842));
#2722=CARTESIAN_POINT('',(3.214946933531,3.7420354306227,0.230000023842));
#2723=CARTESIAN_POINT('',(3.214946933531,4.3659912639183,0.230000023842));
#2724=CARTESIAN_POINT('',(3.114946933531,3.7420354306227,0.230000023842));
#2725=CARTESIAN_POINT('',(3.114946933531,4.3659912639183,0.230000023842));
#2726=CARTESIAN_POINT('',(3.014946933531,3.7420354306227,0.230000023842));
#2727=CARTESIAN_POINT('',(3.014946933531,4.3659912639183,0.230000023842));
#2728=CARTESIAN_POINT('',(3.014946933531,3.7420354306227,0.330000023842));
#2729=CARTESIAN_POINT('',(3.014946933531,4.3659912639183,0.330000023842));
#2730=CARTESIAN_POINT('',(3.014946933531,3.7420354306227,0.430000023842));
#2731=CARTESIAN_POINT('',(3.014946933531,4.3659912639183,0.430000023842));
#2732=CARTESIAN_POINT('',(3.114946933531,3.7420354306227,0.430000023842));
#2733=CARTESIAN_POINT('',(3.114946933531,4.3659912639183,0.430000023842));
#2734=CARTESIAN_POINT('',(3.214946933531,3.7420354306227,0.430000023842));
#2735=CARTESIAN_POINT('',(3.214946933531,4.3659912639183,0.430000023842));
#2736=CARTESIAN_POINT('',(3.214946933531,3.7420354306227,0.330000023842));
#2737=CARTESIAN_POINT('',(3.214946933531,4.3659912639183,0.330000023842));
#2738=CARTESIAN_POINT('',(3.093926086478,3.795031750064,0.230000023842));
#2739=CARTESIAN_POINT('',(3.093926086478,3.895031750064,0.230000023842));
#2740=CARTESIAN_POINT('',(3.093926086478,3.895031750064,0.130000023842));
#2741=CARTESIAN_POINT('',(3.093926086478,3.895031750064,0.0300000238419999));
#2742=CARTESIAN_POINT('',(3.093926086478,3.795031750064,0.0300000238419999));
#2743=CARTESIAN_POINT('',(3.093926086478,3.795031750064,0.230000023842));
#2744=CARTESIAN_POINT('',(3.193926086478,3.895031750064,0.230000023842));
#2745=CARTESIAN_POINT('',(3.193926086478,3.895031750064,0.130000023842));
#2746=CARTESIAN_POINT('',(3.193926086478,3.895031750064,0.0300000238419999));
#2747=CARTESIAN_POINT('',(3.093926086478,3.795031750064,0.0300000238419999));
#2748=CARTESIAN_POINT('',(3.093926086478,3.795031750064,0.230000023842));
#2749=CARTESIAN_POINT('',(3.193926086478,3.795031750064,0.230000023842));
#2750=CARTESIAN_POINT('',(3.193926086478,3.795031750064,0.130000023842));
#2751=CARTESIAN_POINT('',(3.193926086478,3.795031750064,0.0300000238419999));
#2752=CARTESIAN_POINT('',(3.093926086478,3.795031750064,0.0300000238419999));
#2753=CARTESIAN_POINT('',(3.093926086478,3.795031750064,0.230000023842));
#2754=CARTESIAN_POINT('',(3.193926086478,3.695031750064,0.230000023842));
#2755=CARTESIAN_POINT('',(3.193926086478,3.695031750064,0.130000023842));
#2756=CARTESIAN_POINT('',(3.193926086478,3.695031750064,0.0300000238419999));
#2757=CARTESIAN_POINT('',(3.093926086478,3.795031750064,0.0300000238419999));
#2758=CARTESIAN_POINT('',(3.093926086478,3.795031750064,0.230000023842));
#2759=CARTESIAN_POINT('',(3.093926086478,3.695031750064,0.230000023842));
#2760=CARTESIAN_POINT('',(3.093926086478,3.695031750064,0.130000023842));
#2761=CARTESIAN_POINT('',(3.093926086478,3.695031750064,0.0300000238419999));
#2762=CARTESIAN_POINT('',(3.093926086478,3.795031750064,0.0300000238419999));
#2763=CARTESIAN_POINT('',(3.093926086478,3.795031750064,0.230000023842));
#2764=CARTESIAN_POINT('',(2.993926086478,3.695031750064,0.230000023842));
#2765=CARTESIAN_POINT('',(2.993926086478,3.695031750064,0.130000023842));
#2766=CARTESIAN_POINT('',(2.993926086478,3.695031750064,0.0300000238419999));
#2767=CARTESIAN_POINT('',(3.093926086478,3.795031750064,0.0300000238419999));
#2768=CARTESIAN_POINT('',(3.093926086478,3.795031750064,0.230000023842));
#2769=CARTESIAN_POINT('',(2.993926086478,3.795031750064,0.230000023842));
#2770=CARTESIAN_POINT('',(2.993926086478,3.795031750064,0.130000023842));
#2771=CARTESIAN_POINT('',(2.993926086478,3.795031750064,0.0300000238419999));
#2772=CARTESIAN_POINT('',(3.093926086478,3.795031750064,0.0300000238419999));
#2773=CARTESIAN_POINT('',(3.093926086478,3.795031750064,0.230000023842));
#2774=CARTESIAN_POINT('',(2.993926086478,3.895031750064,0.230000023842));
#2775=CARTESIAN_POINT('',(2.993926086478,3.895031750064,0.130000023842));
#2776=CARTESIAN_POINT('',(2.993926086478,3.895031750064,0.0300000238419999));
#2777=CARTESIAN_POINT('',(3.093926086478,3.795031750064,0.0300000238419999));
#2778=CARTESIAN_POINT('',(3.093926086478,3.795031750064,0.230000023842));
#2779=CARTESIAN_POINT('',(3.093926086478,3.895031750064,0.230000023842));
#2780=CARTESIAN_POINT('',(3.093926086478,3.895031750064,0.130000023842));
#2781=CARTESIAN_POINT('',(3.093926086478,3.895031750064,0.0300000238419999));
#2782=CARTESIAN_POINT('',(3.093926086478,3.795031750064,0.0300000238419999));
#2783=CARTESIAN_POINT('',(2.99103865585658,3.795031750064,0.107768734508672));
#2784=CARTESIAN_POINT('',(3.01784335060056,3.795031750064,0.362798369388594));
#2785=CARTESIAN_POINT('',(2.99103865585658,3.695031750064,0.107768734508672));
#2786=CARTESIAN_POINT('',(3.01784335060056,3.695031750064,0.362798369388594));
#2787=CARTESIAN_POINT('',(3.09049084539342,3.695031750064,0.0973158881819688));
#2788=CARTESIAN_POINT('',(3.11729554013739,3.695031750064,0.35234552306189));
#2789=CARTESIAN_POINT('',(3.18994303493025,3.695031750064,0.0868630418552652));
#2790=CARTESIAN_POINT('',(3.21674772967423,3.695031750064,0.341892676735187));
#2791=CARTESIAN_POINT('',(3.18994303493025,3.795031750064,0.0868630418552652));
#2792=CARTESIAN_POINT('',(3.21674772967423,3.795031750064,0.341892676735187));
#2793=CARTESIAN_POINT('',(3.18994303493025,3.895031750064,0.0868630418552652));
#2794=CARTESIAN_POINT('',(3.21674772967423,3.895031750064,0.341892676735187));
#2795=CARTESIAN_POINT('',(3.09049084539342,3.895031750064,0.0973158881819688));
#2796=CARTESIAN_POINT('',(3.11729554013739,3.895031750064,0.35234552306189));
#2797=CARTESIAN_POINT('',(2.99103865585658,3.895031750064,0.107768734508672));
#2798=CARTESIAN_POINT('',(3.01784335060056,3.895031750064,0.362798369388594));
#2799=CARTESIAN_POINT('',(2.99103865585658,3.795031750064,0.107768734508672));
#2800=CARTESIAN_POINT('',(3.01784335060056,3.795031750064,0.362798369388594));
#2801=CARTESIAN_POINT('',(3.214946933531,1.3840722362097,0.330000023842));
#2802=CARTESIAN_POINT('',(3.214946933531,2.0080280695053,0.330000023842));
#2803=CARTESIAN_POINT('',(3.214946933531,1.3840722362097,0.230000023842));
#2804=CARTESIAN_POINT('',(3.214946933531,2.0080280695053,0.230000023842));
#2805=CARTESIAN_POINT('',(3.114946933531,1.3840722362097,0.230000023842));
#2806=CARTESIAN_POINT('',(3.114946933531,2.0080280695053,0.230000023842));
#2807=CARTESIAN_POINT('',(3.014946933531,1.3840722362097,0.230000023842));
#2808=CARTESIAN_POINT('',(3.014946933531,2.0080280695053,0.230000023842));
#2809=CARTESIAN_POINT('',(3.014946933531,1.3840722362097,0.330000023842));
#2810=CARTESIAN_POINT('',(3.014946933531,2.0080280695053,0.330000023842));
#2811=CARTESIAN_POINT('',(3.014946933531,1.3840722362097,0.430000023842));
#2812=CARTESIAN_POINT('',(3.014946933531,2.0080280695053,0.430000023842));
#2813=CARTESIAN_POINT('',(3.114946933531,1.3840722362097,0.430000023842));
#2814=CARTESIAN_POINT('',(3.114946933531,2.0080280695053,0.430000023842));
#2815=CARTESIAN_POINT('',(3.214946933531,1.3840722362097,0.430000023842));
#2816=CARTESIAN_POINT('',(3.214946933531,2.0080280695053,0.430000023842));
#2817=CARTESIAN_POINT('',(3.214946933531,1.3840722362097,0.330000023842));
#2818=CARTESIAN_POINT('',(3.214946933531,2.0080280695053,0.330000023842));
#2819=CARTESIAN_POINT('',(3.114946933531,1.437068555651,0.430000023842));
#2820=CARTESIAN_POINT('',(3.114946933531,1.537068555651,0.430000023842));
#2821=CARTESIAN_POINT('',(3.114946933531,1.537068555651,0.330000023842));
#2822=CARTESIAN_POINT('',(3.114946933531,1.537068555651,0.230000023842));
#2823=CARTESIAN_POINT('',(3.114946933531,1.437068555651,0.230000023842));
#2824=CARTESIAN_POINT('',(3.114946933531,1.437068555651,0.430000023842));
#2825=CARTESIAN_POINT('',(3.214946933531,1.537068555651,0.430000023842));
#2826=CARTESIAN_POINT('',(3.214946933531,1.537068555651,0.330000023842));
#2827=CARTESIAN_POINT('',(3.214946933531,1.537068555651,0.230000023842));
#2828=CARTESIAN_POINT('',(3.114946933531,1.437068555651,0.230000023842));
#2829=CARTESIAN_POINT('',(3.114946933531,1.437068555651,0.430000023842));
#2830=CARTESIAN_POINT('',(3.214946933531,1.437068555651,0.430000023842));
#2831=CARTESIAN_POINT('',(3.214946933531,1.437068555651,0.330000023842));
#2832=CARTESIAN_POINT('',(3.214946933531,1.437068555651,0.230000023842));
#2833=CARTESIAN_POINT('',(3.114946933531,1.437068555651,0.230000023842));
#2834=CARTESIAN_POINT('',(3.114946933531,1.437068555651,0.430000023842));
#2835=CARTESIAN_POINT('',(3.214946933531,1.337068555651,0.430000023842));
#2836=CARTESIAN_POINT('',(3.214946933531,1.337068555651,0.330000023842));
#2837=CARTESIAN_POINT('',(3.214946933531,1.337068555651,0.230000023842));
#2838=CARTESIAN_POINT('',(3.114946933531,1.437068555651,0.230000023842));
#2839=CARTESIAN_POINT('',(3.114946933531,1.437068555651,0.430000023842));
#2840=CARTESIAN_POINT('',(3.114946933531,1.337068555651,0.430000023842));
#2841=CARTESIAN_POINT('',(3.114946933531,1.337068555651,0.330000023842));
#2842=CARTESIAN_POINT('',(3.114946933531,1.337068555651,0.230000023842));
#2843=CARTESIAN_POINT('',(3.114946933531,1.437068555651,0.230000023842));
#2844=CARTESIAN_POINT('',(3.114946933531,1.437068555651,0.430000023842));
#2845=CARTESIAN_POINT('',(3.014946933531,1.337068555651,0.430000023842));
#2846=CARTESIAN_POINT('',(3.014946933531,1.337068555651,0.330000023842));
#2847=CARTESIAN_POINT('',(3.014946933531,1.337068555651,0.230000023842));
#2848=CARTESIAN_POINT('',(3.114946933531,1.437068555651,0.230000023842));
#2849=CARTESIAN_POINT('',(3.114946933531,1.437068555651,0.430000023842));
#2850=CARTESIAN_POINT('',(3.014946933531,1.437068555651,0.430000023842));
#2851=CARTESIAN_POINT('',(3.014946933531,1.437068555651,0.330000023842));
#2852=CARTESIAN_POINT('',(3.014946933531,1.437068555651,0.230000023842));
#2853=CARTESIAN_POINT('',(3.114946933531,1.437068555651,0.230000023842));
#2854=CARTESIAN_POINT('',(3.114946933531,1.437068555651,0.430000023842));
#2855=CARTESIAN_POINT('',(3.014946933531,1.537068555651,0.430000023842));
#2856=CARTESIAN_POINT('',(3.014946933531,1.537068555651,0.330000023842));
#2857=CARTESIAN_POINT('',(3.014946933531,1.537068555651,0.230000023842));
#2858=CARTESIAN_POINT('',(3.114946933531,1.437068555651,0.230000023842));
#2859=CARTESIAN_POINT('',(3.114946933531,1.437068555651,0.430000023842));
#2860=CARTESIAN_POINT('',(3.114946933531,1.537068555651,0.430000023842));
#2861=CARTESIAN_POINT('',(3.114946933531,1.537068555651,0.330000023842));
#2862=CARTESIAN_POINT('',(3.114946933531,1.537068555651,0.230000023842));
#2863=CARTESIAN_POINT('',(3.114946933531,1.437068555651,0.230000023842));
#2864=CARTESIAN_POINT('',(3.01784335060056,1.955031750064,0.362798369388594));
#2865=CARTESIAN_POINT('',(2.99103865585658,1.955031750064,0.107768734508673));
#2866=CARTESIAN_POINT('',(3.01784335060056,2.055031750064,0.362798369388594));
#2867=CARTESIAN_POINT('',(2.99103865585658,2.055031750064,0.107768734508673));
#2868=CARTESIAN_POINT('',(3.11729554013739,2.055031750064,0.352345523061891));
#2869=CARTESIAN_POINT('',(3.09049084539342,2.055031750064,0.097315888181969));
#2870=CARTESIAN_POINT('',(3.21674772967423,2.055031750064,0.341892676735187));
#2871=CARTESIAN_POINT('',(3.18994303493025,2.055031750064,0.0868630418552654));
#2872=CARTESIAN_POINT('',(3.21674772967423,1.955031750064,0.341892676735187));
#2873=CARTESIAN_POINT('',(3.18994303493025,1.955031750064,0.0868630418552654));
#2874=CARTESIAN_POINT('',(3.21674772967423,1.855031750064,0.341892676735187));
#2875=CARTESIAN_POINT('',(3.18994303493025,1.855031750064,0.0868630418552654));
#2876=CARTESIAN_POINT('',(3.11729554013739,1.855031750064,0.352345523061891));
#2877=CARTESIAN_POINT('',(3.09049084539342,1.855031750064,0.097315888181969));
#2878=CARTESIAN_POINT('',(3.01784335060056,1.855031750064,0.362798369388594));
#2879=CARTESIAN_POINT('',(2.99103865585658,1.855031750064,0.107768734508673));
#2880=CARTESIAN_POINT('',(3.01784335060056,1.955031750064,0.362798369388594));
#2881=CARTESIAN_POINT('',(2.99103865585658,1.955031750064,0.107768734508673));
#2882=CARTESIAN_POINT('',(0.390227905822396,1.437068555651,0.43000002384298));
#2883=CARTESIAN_POINT('',(3.3637395724136,1.437068555651,0.430000023842959));
#2884=CARTESIAN_POINT('',(0.390227905822396,1.337068555651,0.43000002384298));
#2885=CARTESIAN_POINT('',(3.3637395724136,1.337068555651,0.430000023842959));
#2886=CARTESIAN_POINT('',(0.390227905822395,1.337068555651,0.33000002384298));
#2887=CARTESIAN_POINT('',(3.3637395724136,1.337068555651,0.330000023842959));
#2888=CARTESIAN_POINT('',(0.390227905822395,1.337068555651,0.23000002384298));
#2889=CARTESIAN_POINT('',(3.3637395724136,1.337068555651,0.230000023842959));
#2890=CARTESIAN_POINT('',(0.390227905822395,1.437068555651,0.23000002384298));
#2891=CARTESIAN_POINT('',(3.3637395724136,1.437068555651,0.230000023842959));
#2892=CARTESIAN_POINT('',(0.390227905822395,1.537068555651,0.23000002384298));
#2893=CARTESIAN_POINT('',(3.3637395724136,1.537068555651,0.230000023842959));
#2894=CARTESIAN_POINT('',(0.390227905822395,1.537068555651,0.33000002384298));
#2895=CARTESIAN_POINT('',(3.3637395724136,1.537068555651,0.330000023842959));
#2896=CARTESIAN_POINT('',(0.390227905822396,1.537068555651,0.43000002384298));
#2897=CARTESIAN_POINT('',(3.3637395724136,1.537068555651,0.430000023842959));
#2898=CARTESIAN_POINT('',(0.390227905822396,1.437068555651,0.43000002384298));
#2899=CARTESIAN_POINT('',(3.3637395724136,1.437068555651,0.430000023842959));
#2900=CARTESIAN_POINT('',(3.093926086478,1.955031750064,0.230000023842));
#2901=CARTESIAN_POINT('',(3.093926086478,2.055031750064,0.230000023842));
#2902=CARTESIAN_POINT('',(3.093926086478,2.055031750064,0.130000023842));
#2903=CARTESIAN_POINT('',(3.093926086478,2.055031750064,0.0300000238419999));
#2904=CARTESIAN_POINT('',(3.093926086478,1.955031750064,0.0300000238419999));
#2905=CARTESIAN_POINT('',(3.093926086478,1.955031750064,0.230000023842));
#2906=CARTESIAN_POINT('',(3.193926086478,2.055031750064,0.230000023842));
#2907=CARTESIAN_POINT('',(3.193926086478,2.055031750064,0.130000023842));
#2908=CARTESIAN_POINT('',(3.193926086478,2.055031750064,0.0300000238419999));
#2909=CARTESIAN_POINT('',(3.093926086478,1.955031750064,0.0300000238419999));
#2910=CARTESIAN_POINT('',(3.093926086478,1.955031750064,0.230000023842));
#2911=CARTESIAN_POINT('',(3.193926086478,1.955031750064,0.230000023842));
#2912=CARTESIAN_POINT('',(3.193926086478,1.955031750064,0.130000023842));
#2913=CARTESIAN_POINT('',(3.193926086478,1.955031750064,0.0300000238419999));
#2914=CARTESIAN_POINT('',(3.093926086478,1.955031750064,0.0300000238419999));
#2915=CARTESIAN_POINT('',(3.093926086478,1.955031750064,0.230000023842));
#2916=CARTESIAN_POINT('',(3.193926086478,1.855031750064,0.230000023842));
#2917=CARTESIAN_POINT('',(3.193926086478,1.855031750064,0.130000023842));
#2918=CARTESIAN_POINT('',(3.193926086478,1.855031750064,0.0300000238419999));
#2919=CARTESIAN_POINT('',(3.093926086478,1.955031750064,0.0300000238419999));
#2920=CARTESIAN_POINT('',(3.093926086478,1.955031750064,0.230000023842));
#2921=CARTESIAN_POINT('',(3.093926086478,1.855031750064,0.230000023842));
#2922=CARTESIAN_POINT('',(3.093926086478,1.855031750064,0.130000023842));
#2923=CARTESIAN_POINT('',(3.093926086478,1.855031750064,0.0300000238419999));
#2924=CARTESIAN_POINT('',(3.093926086478,1.955031750064,0.0300000238419999));
#2925=CARTESIAN_POINT('',(3.093926086478,1.955031750064,0.230000023842));
#2926=CARTESIAN_POINT('',(2.993926086478,1.855031750064,0.230000023842));
#2927=CARTESIAN_POINT('',(2.993926086478,1.855031750064,0.130000023842));
#2928=CARTESIAN_POINT('',(2.993926086478,1.855031750064,0.0300000238419999));
#2929=CARTESIAN_POINT('',(3.093926086478,1.955031750064,0.0300000238419999));
#2930=CARTESIAN_POINT('',(3.093926086478,1.955031750064,0.230000023842));
#2931=CARTESIAN_POINT('',(2.993926086478,1.955031750064,0.230000023842));
#2932=CARTESIAN_POINT('',(2.993926086478,1.955031750064,0.130000023842));
#2933=CARTESIAN_POINT('',(2.993926086478,1.955031750064,0.0300000238419999));
#2934=CARTESIAN_POINT('',(3.093926086478,1.955031750064,0.0300000238419999));
#2935=CARTESIAN_POINT('',(3.093926086478,1.955031750064,0.230000023842));
#2936=CARTESIAN_POINT('',(2.993926086478,2.055031750064,0.230000023842));
#2937=CARTESIAN_POINT('',(2.993926086478,2.055031750064,0.130000023842));
#2938=CARTESIAN_POINT('',(2.993926086478,2.055031750064,0.0300000238419999));
#2939=CARTESIAN_POINT('',(3.093926086478,1.955031750064,0.0300000238419999));
#2940=CARTESIAN_POINT('',(3.093926086478,1.955031750064,0.230000023842));
#2941=CARTESIAN_POINT('',(3.093926086478,2.055031750064,0.230000023842));
#2942=CARTESIAN_POINT('',(3.093926086478,2.055031750064,0.130000023842));
#2943=CARTESIAN_POINT('',(3.093926086478,2.055031750064,0.0300000238419999));
#2944=CARTESIAN_POINT('',(3.093926086478,1.955031750064,0.0300000238419999));
#2945=CARTESIAN_POINT('',(0.639020544704996,1.437068555651,0.430000023843));
#2946=CARTESIAN_POINT('',(0.639020544704996,1.537068555651,0.430000023843));
#2947=CARTESIAN_POINT('',(0.639020544704996,1.537068555651,0.330000023843));
#2948=CARTESIAN_POINT('',(0.639020544704996,1.537068555651,0.230000023843));
#2949=CARTESIAN_POINT('',(0.639020544704996,1.437068555651,0.230000023843));
#2950=CARTESIAN_POINT('',(0.639020544704996,1.437068555651,0.430000023843));
#2951=CARTESIAN_POINT('',(0.739020544704996,1.537068555651,0.430000023843));
#2952=CARTESIAN_POINT('',(0.739020544704996,1.537068555651,0.330000023843));
#2953=CARTESIAN_POINT('',(0.739020544704996,1.537068555651,0.230000023843));
#2954=CARTESIAN_POINT('',(0.639020544704996,1.437068555651,0.230000023843));
#2955=CARTESIAN_POINT('',(0.639020544704996,1.437068555651,0.430000023843));
#2956=CARTESIAN_POINT('',(0.739020544704996,1.437068555651,0.430000023843));
#2957=CARTESIAN_POINT('',(0.739020544704996,1.437068555651,0.330000023843));
#2958=CARTESIAN_POINT('',(0.739020544704996,1.437068555651,0.230000023843));
#2959=CARTESIAN_POINT('',(0.639020544704996,1.437068555651,0.230000023843));
#2960=CARTESIAN_POINT('',(0.639020544704996,1.437068555651,0.430000023843));
#2961=CARTESIAN_POINT('',(0.739020544704996,1.337068555651,0.430000023843));
#2962=CARTESIAN_POINT('',(0.739020544704996,1.337068555651,0.330000023843));
#2963=CARTESIAN_POINT('',(0.739020544704996,1.337068555651,0.230000023843));
#2964=CARTESIAN_POINT('',(0.639020544704996,1.437068555651,0.230000023843));
#2965=CARTESIAN_POINT('',(0.639020544704996,1.437068555651,0.430000023843));
#2966=CARTESIAN_POINT('',(0.639020544704996,1.337068555651,0.430000023843));
#2967=CARTESIAN_POINT('',(0.639020544704996,1.337068555651,0.330000023843));
#2968=CARTESIAN_POINT('',(0.639020544704996,1.337068555651,0.230000023843));
#2969=CARTESIAN_POINT('',(0.639020544704996,1.437068555651,0.230000023843));
#2970=CARTESIAN_POINT('',(0.639020544704996,1.437068555651,0.430000023843));
#2971=CARTESIAN_POINT('',(0.539020544704996,1.337068555651,0.430000023843));
#2972=CARTESIAN_POINT('',(0.539020544704996,1.337068555651,0.330000023843));
#2973=CARTESIAN_POINT('',(0.539020544704996,1.337068555651,0.230000023843));
#2974=CARTESIAN_POINT('',(0.639020544704996,1.437068555651,0.230000023843));
#2975=CARTESIAN_POINT('',(0.639020544704996,1.437068555651,0.430000023843));
#2976=CARTESIAN_POINT('',(0.539020544704996,1.437068555651,0.430000023843));
#2977=CARTESIAN_POINT('',(0.539020544704996,1.437068555651,0.330000023843));
#2978=CARTESIAN_POINT('',(0.539020544704996,1.437068555651,0.230000023843));
#2979=CARTESIAN_POINT('',(0.639020544704996,1.437068555651,0.230000023843));
#2980=CARTESIAN_POINT('',(0.639020544704996,1.437068555651,0.430000023843));
#2981=CARTESIAN_POINT('',(0.539020544704996,1.537068555651,0.430000023843));
#2982=CARTESIAN_POINT('',(0.539020544704996,1.537068555651,0.330000023843));
#2983=CARTESIAN_POINT('',(0.539020544704996,1.537068555651,0.230000023843));
#2984=CARTESIAN_POINT('',(0.639020544704996,1.437068555651,0.230000023843));
#2985=CARTESIAN_POINT('',(0.639020544704996,1.437068555651,0.430000023843));
#2986=CARTESIAN_POINT('',(0.639020544704996,1.537068555651,0.430000023843));
#2987=CARTESIAN_POINT('',(0.639020544704996,1.537068555651,0.330000023843));
#2988=CARTESIAN_POINT('',(0.639020544704996,1.537068555651,0.230000023843));
#2989=CARTESIAN_POINT('',(0.639020544704996,1.437068555651,0.230000023843));
#2990=CARTESIAN_POINT('',(3.33851455595,1.955031750064,0.230000023842959));
#2991=CARTESIAN_POINT('',(0.415452922285995,1.955031750064,0.230000023842979));
#2992=CARTESIAN_POINT('',(3.33851455595,2.055031750064,0.230000023842959));
#2993=CARTESIAN_POINT('',(0.415452922285995,2.055031750064,0.230000023842979));
#2994=CARTESIAN_POINT('',(3.33851455595,2.055031750064,0.130000023842959));
#2995=CARTESIAN_POINT('',(0.415452922285994,2.055031750064,0.130000023842979));
#2996=CARTESIAN_POINT('',(3.33851455595,2.055031750064,0.0300000238429589));
#2997=CARTESIAN_POINT('',(0.415452922285994,2.055031750064,0.0300000238429795));
#2998=CARTESIAN_POINT('',(3.33851455595,1.955031750064,0.0300000238429589));
#2999=CARTESIAN_POINT('',(0.415452922285994,1.955031750064,0.0300000238429795));
#3000=CARTESIAN_POINT('',(3.33851455595,1.855031750064,0.0300000238429589));
#3001=CARTESIAN_POINT('',(0.415452922285994,1.855031750064,0.0300000238429795));
#3002=CARTESIAN_POINT('',(3.33851455595,1.855031750064,0.130000023842959));
#3003=CARTESIAN_POINT('',(0.415452922285994,1.855031750064,0.130000023842979));
#3004=CARTESIAN_POINT('',(3.33851455595,1.855031750064,0.230000023842959));
#3005=CARTESIAN_POINT('',(0.415452922285995,1.855031750064,0.230000023842979));
#3006=CARTESIAN_POINT('',(3.33851455595,1.955031750064,0.230000023842959));
#3007=CARTESIAN_POINT('',(0.415452922285995,1.955031750064,0.230000023842979));
#3008=CARTESIAN_POINT('',(0.539020544705997,2.0080280695053,0.330000023843));
#3009=CARTESIAN_POINT('',(0.539020544705997,1.3840722362097,0.330000023843));
#3010=CARTESIAN_POINT('',(0.539020544705997,2.0080280695053,0.230000023844));
#3011=CARTESIAN_POINT('',(0.539020544705997,1.3840722362097,0.230000023844));
#3012=CARTESIAN_POINT('',(0.639020544704996,2.0080280695053,0.230000023844));
#3013=CARTESIAN_POINT('',(0.639020544704996,1.3840722362097,0.230000023844));
#3014=CARTESIAN_POINT('',(0.739020544703996,2.0080280695053,0.230000023844));
#3015=CARTESIAN_POINT('',(0.739020544703996,1.3840722362097,0.230000023844));
#3016=CARTESIAN_POINT('',(0.739020544703996,2.0080280695053,0.330000023843));
#3017=CARTESIAN_POINT('',(0.739020544703996,1.3840722362097,0.330000023843));
#3018=CARTESIAN_POINT('',(0.739020544703996,2.0080280695053,0.430000023842));
#3019=CARTESIAN_POINT('',(0.739020544703996,1.3840722362097,0.430000023842));
#3020=CARTESIAN_POINT('',(0.639020544704996,2.0080280695053,0.430000023842));
#3021=CARTESIAN_POINT('',(0.639020544704996,1.3840722362097,0.430000023842));
#3022=CARTESIAN_POINT('',(0.539020544705997,2.0080280695053,0.430000023842));
#3023=CARTESIAN_POINT('',(0.539020544705997,1.3840722362097,0.430000023842));
#3024=CARTESIAN_POINT('',(0.539020544705997,2.0080280695053,0.330000023843));
#3025=CARTESIAN_POINT('',(0.539020544705997,1.3840722362097,0.330000023843));
#3026=CARTESIAN_POINT('',(0.660041391757996,1.855031750064,0.130000023843));
#3027=CARTESIAN_POINT('',(0.760041391757996,1.855031750064,0.130000023843));
#3028=CARTESIAN_POINT('',(0.760041391757996,1.955031750064,0.130000023843));
#3029=CARTESIAN_POINT('',(0.760041391757996,2.055031750064,0.130000023843));
#3030=CARTESIAN_POINT('',(0.660041391757996,2.055031750064,0.130000023843));
#3031=CARTESIAN_POINT('',(0.660041391757996,1.855031750064,0.130000023843));
#3032=CARTESIAN_POINT('',(0.760041391757996,1.855031750064,0.030000023843));
#3033=CARTESIAN_POINT('',(0.760041391757996,1.955031750064,0.030000023843));
#3034=CARTESIAN_POINT('',(0.760041391757996,2.055031750064,0.030000023843));
#3035=CARTESIAN_POINT('',(0.660041391757996,2.055031750064,0.130000023843));
#3036=CARTESIAN_POINT('',(0.660041391757996,1.855031750064,0.130000023843));
#3037=CARTESIAN_POINT('',(0.660041391757996,1.855031750064,0.030000023843));
#3038=CARTESIAN_POINT('',(0.660041391757996,1.955031750064,0.030000023843));
#3039=CARTESIAN_POINT('',(0.660041391757996,2.055031750064,0.030000023843));
#3040=CARTESIAN_POINT('',(0.660041391757996,2.055031750064,0.130000023843));
#3041=CARTESIAN_POINT('',(0.660041391757996,1.855031750064,0.130000023843));
#3042=CARTESIAN_POINT('',(0.560041391757996,1.855031750064,0.030000023843));
#3043=CARTESIAN_POINT('',(0.560041391757996,1.955031750064,0.030000023843));
#3044=CARTESIAN_POINT('',(0.560041391757996,2.055031750064,0.030000023843));
#3045=CARTESIAN_POINT('',(0.660041391757996,2.055031750064,0.130000023843));
#3046=CARTESIAN_POINT('',(0.660041391757996,1.855031750064,0.130000023843));
#3047=CARTESIAN_POINT('',(0.560041391757996,1.855031750064,0.130000023843));
#3048=CARTESIAN_POINT('',(0.560041391757996,1.955031750064,0.130000023843));
#3049=CARTESIAN_POINT('',(0.560041391757996,2.055031750064,0.130000023843));
#3050=CARTESIAN_POINT('',(0.660041391757996,2.055031750064,0.130000023843));
#3051=CARTESIAN_POINT('',(0.660041391757996,1.855031750064,0.130000023843));
#3052=CARTESIAN_POINT('',(0.560041391757996,1.855031750064,0.230000023843));
#3053=CARTESIAN_POINT('',(0.560041391757996,1.955031750064,0.230000023843));
#3054=CARTESIAN_POINT('',(0.560041391757996,2.055031750064,0.230000023843));
#3055=CARTESIAN_POINT('',(0.660041391757996,2.055031750064,0.130000023843));
#3056=CARTESIAN_POINT('',(0.660041391757996,1.855031750064,0.130000023843));
#3057=CARTESIAN_POINT('',(0.660041391757996,1.855031750064,0.230000023843));
#3058=CARTESIAN_POINT('',(0.660041391757996,1.955031750064,0.230000023843));
#3059=CARTESIAN_POINT('',(0.660041391757996,2.055031750064,0.230000023843));
#3060=CARTESIAN_POINT('',(0.660041391757996,2.055031750064,0.130000023843));
#3061=CARTESIAN_POINT('',(0.660041391757996,1.855031750064,0.130000023843));
#3062=CARTESIAN_POINT('',(0.760041391757996,1.855031750064,0.230000023843));
#3063=CARTESIAN_POINT('',(0.760041391757996,1.955031750064,0.230000023843));
#3064=CARTESIAN_POINT('',(0.760041391757996,2.055031750064,0.230000023843));
#3065=CARTESIAN_POINT('',(0.660041391757996,2.055031750064,0.130000023843));
#3066=CARTESIAN_POINT('',(0.660041391757996,1.855031750064,0.130000023843));
#3067=CARTESIAN_POINT('',(0.760041391757996,1.855031750064,0.130000023843));
#3068=CARTESIAN_POINT('',(0.760041391757996,1.955031750064,0.130000023843));
#3069=CARTESIAN_POINT('',(0.760041391757996,2.055031750064,0.130000023843));
#3070=CARTESIAN_POINT('',(0.660041391757996,2.055031750064,0.130000023843));
#3071=CARTESIAN_POINT('',(0.762928822378999,1.955031750064,0.107768734509403));
#3072=CARTESIAN_POINT('',(0.736124127635108,1.955031750064,0.36279836938849));
#3073=CARTESIAN_POINT('',(0.762928822378999,2.055031750064,0.107768734509403));
#3074=CARTESIAN_POINT('',(0.736124127635108,2.055031750064,0.36279836938849));
#3075=CARTESIAN_POINT('',(0.663476632842166,2.055031750064,0.0973158881826999));
#3076=CARTESIAN_POINT('',(0.636671938098275,2.055031750064,0.352345523061786));
#3077=CARTESIAN_POINT('',(0.564024443305332,2.055031750064,0.0868630418559964));
#3078=CARTESIAN_POINT('',(0.537219748561441,2.055031750064,0.341892676735083));
#3079=CARTESIAN_POINT('',(0.564024443305332,1.955031750064,0.0868630418559964));
#3080=CARTESIAN_POINT('',(0.537219748561441,1.955031750064,0.341892676735083));
#3081=CARTESIAN_POINT('',(0.564024443305332,1.855031750064,0.0868630418559964));
#3082=CARTESIAN_POINT('',(0.537219748561441,1.855031750064,0.341892676735083));
#3083=CARTESIAN_POINT('',(0.663476632842166,1.855031750064,0.0973158881826999));
#3084=CARTESIAN_POINT('',(0.636671938098275,1.855031750064,0.352345523061786));
#3085=CARTESIAN_POINT('',(0.762928822378999,1.855031750064,0.107768734509403));
#3086=CARTESIAN_POINT('',(0.736124127635108,1.855031750064,0.36279836938849));
#3087=CARTESIAN_POINT('',(0.762928822378999,1.955031750064,0.107768734509403));
#3088=CARTESIAN_POINT('',(0.736124127635108,1.955031750064,0.36279836938849));
#3089=CARTESIAN_POINT('',(3.3637395724136,3.2514328391123,0.230000023842959));
#3090=CARTESIAN_POINT('',(3.35112706418119,3.895031750064,-0.481199976158121));
#3091=CARTESIAN_POINT('',(3.3511270641812,1.855031750064,0.8412000238431));
#3092=CARTESIAN_POINT('',(3.3637395724136,0.794017455163299,0.230000023842959));
#3093=CARTESIAN_POINT('',(3.193926086478,1.769831750064,0.130000023842));
#3094=CARTESIAN_POINT('',(3.193926086478,3.980231750064,0.130000023842));
#3095=CARTESIAN_POINT('',(3.193926086478,1.769831750064,0.0300000238419994));
#3096=CARTESIAN_POINT('',(3.193926086478,3.980231750064,0.0300000238419994));
#3097=CARTESIAN_POINT('',(3.093926086478,1.769831750064,0.0300000238419993));
#3098=CARTESIAN_POINT('',(3.093926086478,3.980231750064,0.0300000238419993));
#3099=CARTESIAN_POINT('',(2.993926086478,1.769831750064,0.0300000238419993));
#3100=CARTESIAN_POINT('',(2.993926086478,3.980231750064,0.0300000238419993));
#3101=CARTESIAN_POINT('',(2.993926086478,1.769831750064,0.130000023842));
#3102=CARTESIAN_POINT('',(2.993926086478,3.980231750064,0.130000023842));
#3103=CARTESIAN_POINT('',(2.993926086478,1.769831750064,0.230000023842));
#3104=CARTESIAN_POINT('',(2.993926086478,3.980231750064,0.230000023842));
#3105=CARTESIAN_POINT('',(3.093926086478,1.769831750064,0.230000023842));
#3106=CARTESIAN_POINT('',(3.093926086478,3.980231750064,0.230000023842));
#3107=CARTESIAN_POINT('',(3.193926086478,1.769831750064,0.230000023842));
#3108=CARTESIAN_POINT('',(3.193926086478,3.980231750064,0.230000023842));
#3109=CARTESIAN_POINT('',(3.193926086478,1.769831750064,0.130000023842));
#3110=CARTESIAN_POINT('',(3.193926086478,3.980231750064,0.130000023842));
#3111=CARTESIAN_POINT('',(3.10468091914553,1.54678675957231,0.242778267812688));
#3112=CARTESIAN_POINT('',(3.20086117014863,1.4506065085692,1.15787222915842));
#3113=CARTESIAN_POINT('',(3.0052227926855,1.54570006022748,0.253117521431583));
#3114=CARTESIAN_POINT('',(3.10140304368861,1.44951980922438,1.16821148277731));
#3115=CARTESIAN_POINT('',(3.0052227926855,1.44624787069164,0.242664675104963));
#3116=CARTESIAN_POINT('',(3.10140304368861,1.35006761968854,1.15775863645069));
#3117=CARTESIAN_POINT('',(3.0052227926855,1.34679568115581,0.232211828778343));
#3118=CARTESIAN_POINT('',(3.10140304368861,1.2506154301527,1.14730579012407));
#3119=CARTESIAN_POINT('',(3.10468091914553,1.34788238050063,0.221872575159447));
#3120=CARTESIAN_POINT('',(3.20086117014863,1.25170212949753,1.13696653650518));
#3121=CARTESIAN_POINT('',(3.20413904560555,1.34896907984546,0.211533321540552));
#3122=CARTESIAN_POINT('',(3.30031929660865,1.25278882884236,1.12662728288628));
#3123=CARTESIAN_POINT('',(3.20413904560555,1.4484212693813,0.221986167867172));
#3124=CARTESIAN_POINT('',(3.30031929660865,1.35224101837819,1.1370801292129));
#3125=CARTESIAN_POINT('',(3.20413904560555,1.54787345891714,0.232439014193792));
#3126=CARTESIAN_POINT('',(3.30031929660865,1.45169320791403,1.14753297553952));
#3127=CARTESIAN_POINT('',(3.10468091914553,1.54678675957231,0.242778267812688));
#3128=CARTESIAN_POINT('',(3.20086117014863,1.4506065085692,1.15787222915842));
#3129=CARTESIAN_POINT('',(0.649286559090559,1.5467867595724,0.242778267813858));
#3130=CARTESIAN_POINT('',(0.553106308087596,1.45060650856944,1.15787222915825));
#3131=CARTESIAN_POINT('',(0.549828432630535,1.54787345891723,0.232439014194963));
#3132=CARTESIAN_POINT('',(0.453648181627572,1.45169320791426,1.14753297553935));
#3133=CARTESIAN_POINT('',(0.549828432630535,1.44842126938139,0.221986167868343));
#3134=CARTESIAN_POINT('',(0.453648181627573,1.35224101837843,1.13708012921273));
#3135=CARTESIAN_POINT('',(0.549828432630535,1.34896907984555,0.211533321541723));
#3136=CARTESIAN_POINT('',(0.453648181627573,1.25278882884259,1.12662728288611));
#3137=CARTESIAN_POINT('',(0.649286559090559,1.34788238050072,0.221872575160618));
#3138=CARTESIAN_POINT('',(0.553106308087597,1.25170212949776,1.13696653650501));
#3139=CARTESIAN_POINT('',(0.748744685550583,1.3467956811559,0.232211828779513));
#3140=CARTESIAN_POINT('',(0.65256443454762,1.25061543015294,1.1473057901239));
#3141=CARTESIAN_POINT('',(0.748744685550583,1.44624787069173,0.242664675106133));
#3142=CARTESIAN_POINT('',(0.65256443454762,1.35006761968877,1.15775863645052));
#3143=CARTESIAN_POINT('',(0.748744685550583,1.54570006022757,0.253117521432754));
#3144=CARTESIAN_POINT('',(0.65256443454762,1.44951980922461,1.16821148277714));
#3145=CARTESIAN_POINT('',(0.649286559090559,1.5467867595724,0.242778267813858));
#3146=CARTESIAN_POINT('',(0.553106308087596,1.45060650856944,1.15787222915825));
#3147=CARTESIAN_POINT('',(0.560041391757997,3.980231750064,0.130000023843));
#3148=CARTESIAN_POINT('',(0.560041391757997,1.769831750064,0.130000023843));
#3149=CARTESIAN_POINT('',(0.560041391757997,3.980231750064,0.0300000238430004));
#3150=CARTESIAN_POINT('',(0.560041391757997,1.769831750064,0.0300000238430004));
#3151=CARTESIAN_POINT('',(0.660041391757996,3.980231750064,0.0300000238430004));
#3152=CARTESIAN_POINT('',(0.660041391757996,1.769831750064,0.0300000238430004));
#3153=CARTESIAN_POINT('',(0.760041391757996,3.980231750064,0.0300000238430003));
#3154=CARTESIAN_POINT('',(0.760041391757996,1.769831750064,0.0300000238430003));
#3155=CARTESIAN_POINT('',(0.760041391757996,3.980231750064,0.130000023843));
#3156=CARTESIAN_POINT('',(0.760041391757996,1.769831750064,0.130000023843));
#3157=CARTESIAN_POINT('',(0.760041391757996,3.980231750064,0.230000023843));
#3158=CARTESIAN_POINT('',(0.760041391757996,1.769831750064,0.230000023843));
#3159=CARTESIAN_POINT('',(0.660041391757996,3.980231750064,0.230000023843));
#3160=CARTESIAN_POINT('',(0.660041391757996,1.769831750064,0.230000023843));
#3161=CARTESIAN_POINT('',(0.560041391757997,3.980231750064,0.230000023843));
#3162=CARTESIAN_POINT('',(0.560041391757997,1.769831750064,0.230000023843));
#3163=CARTESIAN_POINT('',(0.560041391757997,3.980231750064,0.130000023843));
#3164=CARTESIAN_POINT('',(0.560041391757997,1.769831750064,0.130000023843));
#3165=CARTESIAN_POINT('',(3.1046809191452,4.20327674055536,0.242778267812767));
#3166=CARTESIAN_POINT('',(3.20086117014829,4.29945699155845,1.15787222915837));
#3167=CARTESIAN_POINT('',(3.20413904560522,4.20219004121054,0.232439014193872));
#3168=CARTESIAN_POINT('',(3.30031929660831,4.29837029221363,1.14753297553948));
#3169=CARTESIAN_POINT('',(3.20413904560522,4.30164223074638,0.221986167867251));
#3170=CARTESIAN_POINT('',(3.30031929660831,4.39782248174946,1.13708012921286));
#3171=CARTESIAN_POINT('',(3.20413904560522,4.40109442028221,0.211533321540631));
#3172=CARTESIAN_POINT('',(3.30031929660831,4.4972746712853,1.12662728288624));
#3173=CARTESIAN_POINT('',(3.1046809191452,4.40218111962704,0.221872575159527));
#3174=CARTESIAN_POINT('',(3.20086117014829,4.49836137063013,1.13696653650513));
#3175=CARTESIAN_POINT('',(3.00522279268517,4.40326781897187,0.232211828778422));
#3176=CARTESIAN_POINT('',(3.10140304368826,4.49944806997496,1.14730579012403));
#3177=CARTESIAN_POINT('',(3.00522279268517,4.30381562943603,0.242664675105043));
#3178=CARTESIAN_POINT('',(3.10140304368826,4.39999588043912,1.15775863645065));
#3179=CARTESIAN_POINT('',(3.00522279268517,4.20436343990019,0.253117521431663));
#3180=CARTESIAN_POINT('',(3.10140304368826,4.30054369090328,1.16821148277727));
#3181=CARTESIAN_POINT('',(3.1046809191452,4.20327674055536,0.242778267812767));
#3182=CARTESIAN_POINT('',(3.20086117014829,4.29945699155845,1.15787222915837));
#3183=CARTESIAN_POINT('',(0.649286559090559,4.2032767405556,0.242778267813869));
#3184=CARTESIAN_POINT('',(0.553106308087609,4.29945699155855,1.15787222915813));
#3185=CARTESIAN_POINT('',(0.748744685550584,4.20436343990043,0.253117521432765));
#3186=CARTESIAN_POINT('',(0.652564434547635,4.30054369090338,1.16821148277703));
#3187=CARTESIAN_POINT('',(0.748744685550584,4.30381562943627,0.242664675106144));
#3188=CARTESIAN_POINT('',(0.652564434547634,4.39999588043922,1.15775863645041));
#3189=CARTESIAN_POINT('',(0.748744685550584,4.40326781897211,0.232211828779524));
#3190=CARTESIAN_POINT('',(0.652564434547634,4.49944806997506,1.14730579012379));
#3191=CARTESIAN_POINT('',(0.649286559090559,4.40218111962728,0.221872575160628));
#3192=CARTESIAN_POINT('',(0.553106308087607,4.49836137063023,1.13696653650489));
#3193=CARTESIAN_POINT('',(0.549828432630533,4.40109442028245,0.211533321541732));
#3194=CARTESIAN_POINT('',(0.45364818162758,4.4972746712854,1.126627282886));
#3195=CARTESIAN_POINT('',(0.549828432630533,4.30164223074661,0.221986167868353));
#3196=CARTESIAN_POINT('',(0.453648181627581,4.39782248174956,1.13708012921262));
#3197=CARTESIAN_POINT('',(0.549828432630533,4.20219004121077,0.232439014194973));
#3198=CARTESIAN_POINT('',(0.453648181627582,4.29837029221372,1.14753297553924));
#3199=CARTESIAN_POINT('',(0.649286559090559,4.2032767405556,0.242778267813869));
#3200=CARTESIAN_POINT('',(0.553106308087609,4.29945699155855,1.15787222915813));
#3201=CARTESIAN_POINT('',(1.56244780783092,0.789567681352072,0.923800023841992));
#3202=CARTESIAN_POINT('',(1.738183739119,0.613831750064,1.550000023842));
#3203=CARTESIAN_POINT('',(0.726983739119,4.338831750063,1.681200023842));
#3204=CARTESIAN_POINT('',(3.02698373911799,4.338831750063,0.298800023842091));
#3205=CARTESIAN_POINT('',(3.698183739117,4.338831750063,0.915000023841987));
#3206=CARTESIAN_POINT('',(3.698183739118,4.338831750063,1.06500002384099));
#3207=CARTESIAN_POINT('',(3.69818373911809,5.825031750063,0.298800023842081));
#3208=CARTESIAN_POINT('',(3.5581837391179,4.7962317500629,1.80000002384198));
#3209=CARTESIAN_POINT('',(3.176983739119,4.425031750063,1.881441219328));
#3210=CARTESIAN_POINT('',(3.17698373911899,4.425031750063,0.916146873484));
#3211=CARTESIAN_POINT('',(3.176983739119,4.475031750062,1.881441219328));
#3212=CARTESIAN_POINT('',(3.17698373911899,4.475031750062,0.916146873484));
#3213=CARTESIAN_POINT('',(3.226983739118,4.475031750062,1.881441219328));
#3214=CARTESIAN_POINT('',(3.22698373911799,4.475031750062,0.916146873484));
#3215=CARTESIAN_POINT('',(3.276983739117,4.475031750062,1.881441219328));
#3216=CARTESIAN_POINT('',(3.27698373911699,4.475031750062,0.916146873484));
#3217=CARTESIAN_POINT('',(3.276983739117,4.425031750063,1.881441219328));
#3218=CARTESIAN_POINT('',(3.27698373911699,4.425031750063,0.916146873484));
#3219=CARTESIAN_POINT('',(3.276983739117,4.375031750064,1.881441219328));
#3220=CARTESIAN_POINT('',(3.27698373911699,4.375031750064,0.916146873484));
#3221=CARTESIAN_POINT('',(3.226983739118,4.375031750064,1.881441219328));
#3222=CARTESIAN_POINT('',(3.22698373911799,4.375031750064,0.916146873484));
#3223=CARTESIAN_POINT('',(3.176983739119,4.375031750064,1.881441219328));
#3224=CARTESIAN_POINT('',(3.17698373911899,4.375031750064,0.916146873484));
#3225=CARTESIAN_POINT('',(3.176983739119,4.425031750063,1.881441219328));
#3226=CARTESIAN_POINT('',(3.17698373911899,4.425031750063,0.916146873484));
#3227=CARTESIAN_POINT('',(3.27698373911799,1.0138317500641,0.225300023842088));
#3228=CARTESIAN_POINT('',(3.176983739119,1.325031750064,1.881441219328));
#3229=CARTESIAN_POINT('',(3.17698373911899,1.325031750064,0.916146873484));
#3230=CARTESIAN_POINT('',(3.176983739119,1.375031750063,1.881441219328));
#3231=CARTESIAN_POINT('',(3.17698373911899,1.375031750063,0.916146873484));
#3232=CARTESIAN_POINT('',(3.226983739118,1.375031750063,1.881441219328));
#3233=CARTESIAN_POINT('',(3.22698373911799,1.375031750063,0.916146873484));
#3234=CARTESIAN_POINT('',(3.276983739117,1.375031750063,1.881441219328));
#3235=CARTESIAN_POINT('',(3.27698373911699,1.375031750063,0.916146873484));
#3236=CARTESIAN_POINT('',(3.276983739117,1.325031750064,1.881441219328));
#3237=CARTESIAN_POINT('',(3.27698373911699,1.325031750064,0.916146873484));
#3238=CARTESIAN_POINT('',(3.276983739117,1.275031750065,1.881441219328));
#3239=CARTESIAN_POINT('',(3.27698373911699,1.275031750065,0.916146873484));
#3240=CARTESIAN_POINT('',(3.226983739118,1.275031750065,1.881441219328));
#3241=CARTESIAN_POINT('',(3.22698373911799,1.275031750065,0.916146873484));
#3242=CARTESIAN_POINT('',(3.176983739119,1.275031750065,1.881441219328));
#3243=CARTESIAN_POINT('',(3.17698373911899,1.275031750065,0.916146873484));
#3244=CARTESIAN_POINT('',(3.176983739119,1.325031750064,1.881441219328));
#3245=CARTESIAN_POINT('',(3.17698373911899,1.325031750064,0.916146873484));
#3246=CARTESIAN_POINT('',(0.576983739117997,4.425031750063,1.8814412193291));
#3247=CARTESIAN_POINT('',(0.57698373911799,4.425031750063,0.916146873483899));
#3248=CARTESIAN_POINT('',(0.576983739117997,4.375031750064,1.8814412193291));
#3249=CARTESIAN_POINT('',(0.57698373911799,4.375031750064,0.916146873483899));
#3250=CARTESIAN_POINT('',(0.526983739118997,4.375031750064,1.8814412193291));
#3251=CARTESIAN_POINT('',(0.52698373911899,4.375031750064,0.9161468734839));
#3252=CARTESIAN_POINT('',(0.476983739119996,4.375031750064,1.8814412193291));
#3253=CARTESIAN_POINT('',(0.476983739119989,4.375031750064,0.9161468734839));
#3254=CARTESIAN_POINT('',(0.476983739119996,4.425031750063,1.8814412193291));
#3255=CARTESIAN_POINT('',(0.476983739119989,4.425031750063,0.9161468734839));
#3256=CARTESIAN_POINT('',(0.476983739119996,4.475031750062,1.8814412193291));
#3257=CARTESIAN_POINT('',(0.476983739119989,4.475031750062,0.9161468734839));
#3258=CARTESIAN_POINT('',(0.526983739118997,4.475031750062,1.8814412193291));
#3259=CARTESIAN_POINT('',(0.52698373911899,4.475031750062,0.9161468734839));
#3260=CARTESIAN_POINT('',(0.576983739117997,4.475031750062,1.8814412193291));
#3261=CARTESIAN_POINT('',(0.57698373911799,4.475031750062,0.916146873483899));
#3262=CARTESIAN_POINT('',(0.576983739117997,4.425031750063,1.8814412193291));
#3263=CARTESIAN_POINT('',(0.57698373911799,4.425031750063,0.916146873483899));
#3264=CARTESIAN_POINT('',(3.33851455595,3.980231750064,0.0300000238429802));
#3265=CARTESIAN_POINT('',(0.631804684946024,1.0731743775084,-0.558022879912591));
#3266=CARTESIAN_POINT('',(3.43884111167359,1.40672976413272,-0.338022879912614));
#3267=CARTESIAN_POINT('',(3.34819922184252,1.0731743775084,1.59257008127054));
#3268=CARTESIAN_POINT('',(3.43884111167361,4.54414514808222,1.57257008127054));
#3269=CARTESIAN_POINT('',(0.255783739119085,4.475031750063,0.225300023841984));
#3270=CARTESIAN_POINT('',(3.49818373911789,1.275031750064,0.225300023841966));
#3271=CARTESIAN_POINT('',(3.698183739118,-0.0749682499359992,1.6812000238409));
#3272=CARTESIAN_POINT('',(3.6981837391169,-0.2111682499361,0.915000023841987));
#3273=CARTESIAN_POINT('',(3.698183739118,-0.2111682499361,1.06500002384099));
#3274=CARTESIAN_POINT('',(3.02698373911799,-0.211168249935999,0.298800023842091));
#3275=CARTESIAN_POINT('',(0.726983739119,0.118831750065101,1.681200023842));
#3276=CARTESIAN_POINT('',(0.576983739117996,1.325031750064,1.6064412193291));
#3277=CARTESIAN_POINT('',(0.57698373911799,1.325031750064,0.941146873483899));
#3278=CARTESIAN_POINT('',(0.576983739117996,1.275031750065,1.6064412193291));
#3279=CARTESIAN_POINT('',(0.57698373911799,1.275031750065,0.941146873483899));
#3280=CARTESIAN_POINT('',(0.526983739118995,1.275031750065,1.6064412193291));
#3281=CARTESIAN_POINT('',(0.52698373911899,1.275031750065,0.9411468734839));
#3282=CARTESIAN_POINT('',(0.476983739119994,1.275031750065,1.6064412193291));
#3283=CARTESIAN_POINT('',(0.47698373911999,1.275031750065,0.9411468734839));
#3284=CARTESIAN_POINT('',(0.476983739119994,1.325031750064,1.6064412193291));
#3285=CARTESIAN_POINT('',(0.47698373911999,1.325031750064,0.9411468734839));
#3286=CARTESIAN_POINT('',(0.476983739119994,1.375031750063,1.6064412193291));
#3287=CARTESIAN_POINT('',(0.47698373911999,1.375031750063,0.9411468734839));
#3288=CARTESIAN_POINT('',(0.526983739118995,1.375031750063,1.6064412193291));
#3289=CARTESIAN_POINT('',(0.52698373911899,1.375031750063,0.9411468734839));
#3290=CARTESIAN_POINT('',(0.576983739117996,1.375031750063,1.6064412193291));
#3291=CARTESIAN_POINT('',(0.57698373911799,1.375031750063,0.941146873483899));
#3292=CARTESIAN_POINT('',(0.576983739117996,1.325031750064,1.6064412193291));
#3293=CARTESIAN_POINT('',(0.57698373911799,1.325031750064,0.941146873483899));
#3294=CARTESIAN_POINT('',(2.0981837391179,4.338831750063,0.915000023841998));
#3295=CARTESIAN_POINT('',(2.098183739119,4.338831750063,1.065000023841));
#3296=CARTESIAN_POINT('',(2.09818373911899,5.825031750063,0.298800023841993));
#3297=CARTESIAN_POINT('',(2.068183739119,-0.0749682499359992,1.681200023842));
#3298=CARTESIAN_POINT('',(2.0981837391179,-0.211168249936,0.915000023841998));
#3299=CARTESIAN_POINT('',(2.098183739119,-0.2111682499361,1.065000023841));
#3300=CARTESIAN_POINT('',(3.2774142236588,1.4746012655232,1.30000002384199));
#3301=CARTESIAN_POINT('',(1.87698373911797,2.875031750064,-3.05166602600044));
#3302=CARTESIAN_POINT('',(1.87698373911797,2.875031750064,-3.05166602600044));
#3303=CARTESIAN_POINT('',(1.87698373911797,2.875031750064,-3.05166602600044));
#3304=CARTESIAN_POINT('',(1.87698373911797,2.875031750064,-3.05166602600044));
#3305=CARTESIAN_POINT('',(1.87698373911797,2.875031750064,-3.05166602600044));
#3306=CARTESIAN_POINT('',(1.87698373911797,2.875031750064,-3.05166602600044));
#3307=CARTESIAN_POINT('',(1.87698373911797,2.875031750064,-3.05166602600044));
#3308=CARTESIAN_POINT('',(1.87698373911797,2.875031750064,-3.05166602600044));
#3309=CARTESIAN_POINT('',(1.87698373911797,2.875031750064,-3.05166602600044));
#3310=CARTESIAN_POINT('',(3.30730527814893,2.875031750064,2.28636662882624));
#3311=CARTESIAN_POINT('',(3.30730527814893,4.30535328909492,2.28636662882624));
#3312=CARTESIAN_POINT('',(1.87698373911801,4.30535328909492,2.28636662882625));
#3313=CARTESIAN_POINT('',(0.446662200087085,4.30535328909492,2.28636662882626));
#3314=CARTESIAN_POINT('',(0.446662200087085,2.875031750064,2.28636662882626));
#3315=CARTESIAN_POINT('',(0.446662200087085,1.44471021103308,2.28636662882626));
#3316=CARTESIAN_POINT('',(1.87698373911801,1.44471021103308,2.28636662882625));
#3317=CARTESIAN_POINT('',(3.30730527814893,1.44471021103308,2.28636662882624));
#3318=CARTESIAN_POINT('',(3.30730527814893,2.875031750064,2.28636662882624));
#3319=CARTESIAN_POINT('',(1.87698373911797,2.875031750064,-3.05166602600044));
#3320=CARTESIAN_POINT('',(1.87698373911797,2.875031750064,-3.05166602600044));
#3321=CARTESIAN_POINT('',(1.87698373911797,2.875031750064,-3.05166602600044));
#3322=CARTESIAN_POINT('',(1.87698373911797,2.875031750064,-3.05166602600044));
#3323=CARTESIAN_POINT('',(1.87698373911797,2.875031750064,-3.05166602600044));
#3324=CARTESIAN_POINT('',(1.87698373911797,2.875031750064,-3.05166602600044));
#3325=CARTESIAN_POINT('',(1.87698373911797,2.875031750064,-3.05166602600044));
#3326=CARTESIAN_POINT('',(1.87698373911797,2.875031750064,-3.05166602600044));
#3327=CARTESIAN_POINT('',(1.87698373911797,2.875031750064,-3.05166602600044));
#3328=CARTESIAN_POINT('',(0.446662200087087,2.875031750064,2.28636662882626));
#3329=CARTESIAN_POINT('',(0.446662200087087,1.44471021103308,2.28636662882626));
#3330=CARTESIAN_POINT('',(1.87698373911801,1.44471021103308,2.28636662882625));
#3331=CARTESIAN_POINT('',(3.30730527814892,1.44471021103308,2.28636662882624));
#3332=CARTESIAN_POINT('',(3.30730527814892,2.875031750064,2.28636662882624));
#3333=CARTESIAN_POINT('',(3.30730527814892,4.30535328909492,2.28636662882624));
#3334=CARTESIAN_POINT('',(1.87698373911801,4.30535328909492,2.28636662882625));
#3335=CARTESIAN_POINT('',(0.446662200087087,4.30535328909492,2.28636662882626));
#3336=CARTESIAN_POINT('',(0.446662200087087,2.875031750064,2.28636662882626));
#3337=CARTESIAN_POINT('',(1.876983739118,4.041057153848,1.300000023842));
#3338=CARTESIAN_POINT('',(1.876983739118,1.70900634628,1.300000023842));
#3339=CARTESIAN_POINT('',(1.876983739118,1.58039073391325,1.78000002384107));
#3340=CARTESIAN_POINT('',(1.876983739118,4.16967276621475,1.78000002384107));
#3341=CARTESIAN_POINT('',(0.47698373911933,4.425031750063,1.800000023842));
#3342=CARTESIAN_POINT('',(0.476983739119532,4.42503175006291,0.997588068971032));
#3343=CARTESIAN_POINT('',(0.476983739119655,1.32503175006415,0.99758806897105));
#3344=CARTESIAN_POINT('',(0.476983739119328,1.32503175006416,1.550000023842));
#3345=CARTESIAN_POINT('',(0.476983739118996,1.875031750064,1.550000023842));
#3346=CARTESIAN_POINT('',(0.476983739118996,1.875031750064,1.800000023842));
#3347=CARTESIAN_POINT('',(0.726983739118829,0.225031750064833,1.06500002384167));
#3348=CARTESIAN_POINT('',(1.026983739119,-0.0749682499359992,1.06500002384167));
#3349=CARTESIAN_POINT('',(1.026983739119,-0.0749682499359992,0.915000023842006));
#3350=CARTESIAN_POINT('',(0.726983739118829,0.225031750064833,0.915000023842008));
#3351=CARTESIAN_POINT('',(2.326983739118,1.27503175006466,1.065000023841));
#3352=CARTESIAN_POINT('',(2.326983739118,-0.0749682499359992,1.065000023841));
#3353=CARTESIAN_POINT('',(2.326983739118,-0.0749682499359992,0.915000023841997));
#3354=CARTESIAN_POINT('',(2.326983739118,1.2750317500645,0.915000023841971));
#3355=CARTESIAN_POINT('',(1.42698373911866,-0.0749682499359992,1.06500002384167));
#3356=CARTESIAN_POINT('',(1.42698373911866,1.27503175006466,1.06500002384167));
#3357=CARTESIAN_POINT('',(1.426983739118,-0.0749682499359992,0.915000023842003));
#3358=CARTESIAN_POINT('',(1.426983739118,1.275031750064,0.915000023842003));
#3359=CARTESIAN_POINT('',(2.326983739118,4.475031750063,1.065000023841));
#3360=CARTESIAN_POINT('',(2.326983739118,4.475031750063,0.915000023841997));
#3361=CARTESIAN_POINT('',(2.32698373911733,5.825031750063,0.915000023841997));
#3362=CARTESIAN_POINT('',(2.326983739118,5.825031750063,1.065000023841));
#3363=CARTESIAN_POINT('',(1.42698373911866,5.825031750063,1.06500002384167));
#3364=CARTESIAN_POINT('',(1.426983739118,5.825031750063,0.915000023842003));
#3365=CARTESIAN_POINT('',(1.42698373911866,4.475031750063,1.06500002384167));
#3366=CARTESIAN_POINT('',(1.426983739118,4.475031750063,0.915000023842003));
#3367=CARTESIAN_POINT('',(0.539568355168786,4.31299494447703,0.319547177516144));
#3368=CARTESIAN_POINT('',(0.539568355168713,3.795031750064,0.319547177516075));
#3369=CARTESIAN_POINT('',(0.63902054470497,3.89448393960026,0.230000023843323));
#3370=CARTESIAN_POINT('',(0.639020544704996,4.312994944477,0.230000023843239));
#3371=CARTESIAN_POINT('',(0.63902054470503,4.41244713401347,0.319547177516157));
#3372=CARTESIAN_POINT('',(0.56058920222134,3.795031750064,0.119547177516027));
#3373=CARTESIAN_POINT('',(0.660041391758069,3.895031750064,0.130000023843007));
#3374=CARTESIAN_POINT('',(0.649530968231929,3.895031750064,0.230000023842985));
#3375=CARTESIAN_POINT('',(3.11494693353092,4.41244713401342,0.319547177515791));
#3376=CARTESIAN_POINT('',(3.114946933531,4.312994944477,0.23000002384248));
#3377=CARTESIAN_POINT('',(0.660041391757996,3.795031750064,0.0300000238429996));
#3378=CARTESIAN_POINT('',(3.2143991230677,4.31299494447702,0.319547177515845));
#3379=CARTESIAN_POINT('',(3.093926086478,3.795031750064,0.0300000238424909));
#3380=CARTESIAN_POINT('',(3.09392608647781,3.895031750064,0.130000023842264));
#3381=CARTESIAN_POINT('',(3.21439912306787,3.795031750064,0.319547177516014));
#3382=CARTESIAN_POINT('',(3.11494693353102,3.89448393960025,0.230000023842317));
#3383=CARTESIAN_POINT('',(3.19337827601484,3.795031750064,0.119547177515757));
#3384=CARTESIAN_POINT('',(3.10443651000392,3.895031750064,0.230000023842328));
#3385=CARTESIAN_POINT('',(3.21439912306778,1.43706855565099,0.319547177515836));
#3386=CARTESIAN_POINT('',(3.21439912306787,1.955031750064,0.319547177516014));
#3387=CARTESIAN_POINT('',(3.11494693353102,1.85557956052775,0.230000023842317));
#3388=CARTESIAN_POINT('',(3.114946933531,1.437068555651,0.23000002384248));
#3389=CARTESIAN_POINT('',(3.114946933531,1.33761636611424,0.319547177515838));
#3390=CARTESIAN_POINT('',(3.19337827601484,1.955031750064,0.119547177515757));
#3391=CARTESIAN_POINT('',(3.10443651000392,1.855031750064,0.230000023842328));
#3392=CARTESIAN_POINT('',(3.09392608647781,1.855031750064,0.130000023842259));
#3393=CARTESIAN_POINT('',(0.63902054470503,1.33761636611429,0.319547177516099));
#3394=CARTESIAN_POINT('',(0.639020544704996,1.437068555651,0.230000023843239));
#3395=CARTESIAN_POINT('',(3.093926086478,1.955031750064,0.0300000238424856));
#3396=CARTESIAN_POINT('',(0.539568355168786,1.43706855565097,0.319547177516144));
#3397=CARTESIAN_POINT('',(0.660041391757996,1.955031750064,0.0300000238429942));
#3398=CARTESIAN_POINT('',(0.660041391758069,1.855031750064,0.130000023843002));
#3399=CARTESIAN_POINT('',(0.539568355168713,1.955031750064,0.319547177516075));
#3400=CARTESIAN_POINT('',(0.63902054470497,1.85557956052773,0.230000023843323));
#3401=CARTESIAN_POINT('',(0.56058920222134,1.955031750064,0.119547177516027));
#3402=CARTESIAN_POINT('',(0.649530968231929,1.855031750064,0.230000023842985));
#3403=CARTESIAN_POINT('',(3.17753154958094,1.27503175006449,0.915000023842048));
#3404=CARTESIAN_POINT('',(3.22698373911776,1.27503175006485,0.997588068971078));
#3405=CARTESIAN_POINT('',(3.2769837391175,1.37448393960103,0.915000023842045));
#3406=CARTESIAN_POINT('',(3.27698373911714,1.32503175006423,0.997588068971078));
#3407=CARTESIAN_POINT('',(0.476983739119227,1.37448393960103,0.915000023842038));
#3408=CARTESIAN_POINT('',(0.52698373911921,1.27503175006481,0.997588068971073));
#3409=CARTESIAN_POINT('',(0.576435928655169,1.27503175006456,0.915000023842086));
#3410=CARTESIAN_POINT('',(3.22698373911783,4.47503175006229,0.997588068971057));
#3411=CARTESIAN_POINT('',(3.17753154958078,4.47503175006273,0.915000023842042));
#3412=CARTESIAN_POINT('',(3.27698373911739,4.37557956052697,0.915000023842057));
#3413=CARTESIAN_POINT('',(3.27698373911713,4.42503175006276,0.99758806897108));
#3414=CARTESIAN_POINT('',(0.476983739119227,4.37557956052697,0.915000023842038));
#3415=CARTESIAN_POINT('',(0.576435928655084,4.47503175006277,0.915000023842043));
#3416=CARTESIAN_POINT('',(0.526983739119089,4.47503175006246,0.997588068971032));
#3417=CARTESIAN_POINT('',(1.076983739119,1.275031750064,1.800000023842));
#3418=CARTESIAN_POINT('',(1.076983739119,1.275031750064,1.550000023842));
#3419=CARTESIAN_POINT('',(0.526983739118997,1.27503175006433,1.550000023842));
#3420=CARTESIAN_POINT('',(1.876983739118,1.575031750064,1.800000023842));
#3421=CARTESIAN_POINT('',(1.876983739118,4.175031750064,1.800000023842));
#3422=CARTESIAN_POINT('',(0.726983739118996,5.825031750063,1.06500002384167));
#3423=CARTESIAN_POINT('',(0.726983739118996,5.825031750063,0.915000023842008));
#3424=CARTESIAN_POINT('',(0.726983739118996,4.475031750063,1.06500002384167));
#3425=CARTESIAN_POINT('',(0.726983739118996,4.475031750063,0.915000023842008));
#3426=CARTESIAN_POINT('',(3.02698373911725,4.475031750063,0.915000023841992));
#3427=CARTESIAN_POINT('',(3.026983739118,4.475031750063,1.065000023841));
#3428=CARTESIAN_POINT('',(3.02698373911733,5.825031750063,0.915000023841992));
#3429=CARTESIAN_POINT('',(3.026983739118,5.825031750063,1.065000023841));
#3430=CARTESIAN_POINT('',(3.22698373911783,1.27503175006433,1.80000002384133));
#3431=CARTESIAN_POINT('',(0.526983739119164,4.47503175006266,1.800000023842));
#3432=CARTESIAN_POINT('',(3.226983739118,4.47503175006266,1.80000002384133));
#3433=CARTESIAN_POINT('',(3.27698373911766,1.325031750064,1.80000002384133));
#3434=CARTESIAN_POINT('',(3.27698373911766,4.42503175006283,1.80000002384133));
#3435=CARTESIAN_POINT('',(0.726983739118996,1.275031750064,0.915000023842008));
#3436=CARTESIAN_POINT('',(3.02698373911725,1.275031750064,0.915000023841992));
#3437=CARTESIAN_POINT('',(0.726983739118996,1.275031750064,1.06500002384167));
#3438=CARTESIAN_POINT('',(3.026983739118,1.275031750064,1.065000023841));
#3439=CARTESIAN_POINT('',(3.026983739118,-0.0749682499359992,1.065000023841));
#3440=CARTESIAN_POINT('',(3.02698373911733,-0.0749682499359992,0.915000023841992));
#3441=CARTESIAN_POINT('',(1.709187746404,3.098164719098,1.300000023842));
#3442=CARTESIAN_POINT('',(2.162593939482,3.098164719098,1.300000023842));
#3443=CARTESIAN_POINT('',(2.162593939482,2.648328653525,1.300000023842));
#3444=CARTESIAN_POINT('',(1.709187746404,2.648328653525,1.300000023842));
#3445=CARTESIAN_POINT('',(1.876983739118,4.041057153848,1.300000023842));
#3446=CARTESIAN_POINT('',(1.876983739118,4.16967276621475,1.78000002384107));
#3447=CARTESIAN_POINT('',(4.50517620649893,1.5707963267949));
#3448=CARTESIAN_POINT('',(5.00210877309482,1.5707963267949));
#3449=CARTESIAN_POINT('',(1.876983739118,4.16967276621475,1.78000002384107));
#3450=CARTESIAN_POINT('',(0.582342722967254,4.16967276621475,1.78000002384108));
#3451=CARTESIAN_POINT('',(0.582342722967254,2.875031750064,1.78000002384108));
#3452=CARTESIAN_POINT('',(0.582342722967254,1.58039073391325,1.78000002384108));
#3453=CARTESIAN_POINT('',(1.876983739118,1.58039073391325,1.78000002384107));
#3454=CARTESIAN_POINT('',(5.00210877309482,1.5707963267949));
#3455=CARTESIAN_POINT('',(5.00210877309482,4.71238898038469));
#3456=CARTESIAN_POINT('',(1.876983739118,1.58039073391325,1.78000002384107));
#3457=CARTESIAN_POINT('',(1.876983739118,1.70900634628,1.300000023842));
#3458=CARTESIAN_POINT('',(5.00210877309482,4.71238898038469));
#3459=CARTESIAN_POINT('',(4.50517620649893,4.71238898038469));
#3460=CARTESIAN_POINT('',(1.876983739118,1.70900634628,1.300000023842));
#3461=CARTESIAN_POINT('',(0.710958335333999,1.70900634628,1.30000002384201));
#3462=CARTESIAN_POINT('',(0.710958335333999,2.875031750064,1.30000002384201));
#3463=CARTESIAN_POINT('',(0.710958335333999,4.041057153848,1.30000002384201));
#3464=CARTESIAN_POINT('',(1.876983739118,4.041057153848,1.300000023842));
#3465=CARTESIAN_POINT('',(4.50517620649893,4.71238898038469));
#3466=CARTESIAN_POINT('',(4.50517620649893,1.5707963267949));
#3467=CARTESIAN_POINT('',(1.876983739118,1.58039073391325,1.78000002384107));
#3468=CARTESIAN_POINT('',(3.17162475526875,1.58039073391325,1.78000002384106));
#3469=CARTESIAN_POINT('',(3.17162475526875,2.875031750064,1.78000002384106));
#3470=CARTESIAN_POINT('',(3.17162475526875,4.16967276621475,1.78000002384106));
#3471=CARTESIAN_POINT('',(1.876983739118,4.16967276621475,1.78000002384107));
#3472=CARTESIAN_POINT('',(5.00210877309482,1.5707963267949));
#3473=CARTESIAN_POINT('',(5.00210877309482,4.71238898038469));
#3474=CARTESIAN_POINT('',(4.50517620649893,4.71238898038469));
#3475=CARTESIAN_POINT('',(5.00210877309482,4.71238898038469));
#3476=CARTESIAN_POINT('',(1.876983739118,4.041057153848,1.300000023842));
#3477=CARTESIAN_POINT('',(3.043009142902,4.041057153848,1.30000002384199));
#3478=CARTESIAN_POINT('',(3.043009142902,2.875031750064,1.30000002384199));
#3479=CARTESIAN_POINT('',(3.043009142902,1.70900634628,1.30000002384199));
#3480=CARTESIAN_POINT('',(1.876983739118,1.70900634628,1.300000023842));
#3481=CARTESIAN_POINT('',(4.50517620649893,4.71238898038469));
#3482=CARTESIAN_POINT('',(4.50517620649893,1.5707963267949));
#3483=CARTESIAN_POINT('',(5.00210877309482,1.5707963267949));
#3484=CARTESIAN_POINT('',(4.50517620649893,1.5707963267949));
#3485=CARTESIAN_POINT('',(-1.166025403784,-7.626193399485E-16));
#3486=CARTESIAN_POINT('',(-1.166025403784,1.166025403784));
#3487=CARTESIAN_POINT('',(-7.05330486423877E-16,1.166025403784));
#3488=CARTESIAN_POINT('',(1.16602501062967,1.166025403784));
#3489=CARTESIAN_POINT('',(1.166025403784,7.626193399485E-16));
#3490=CARTESIAN_POINT('',(1.166025403784,7.626193399485E-16));
#3491=CARTESIAN_POINT('',(1.16602501062967,-1.166025403784));
#3492=CARTESIAN_POINT('',(6.77111265626266E-16,-1.166025403784));
#3493=CARTESIAN_POINT('',(-1.166025403784,-1.166025403784));
#3494=CARTESIAN_POINT('',(-1.166025403784,-7.626193399485E-16));
#3495=CARTESIAN_POINT('',(1.709187746404,3.098164719098,1.300000023842));
#3496=CARTESIAN_POINT('',(2.162593939482,3.098164719098,1.300000023842));
#3497=CARTESIAN_POINT('',(0.223132969034001,0.167795992714003));
#3498=CARTESIAN_POINT('',(0.223132969034001,-0.285610200363996));
#3499=CARTESIAN_POINT('',(2.162593939482,3.098164719098,1.300000023842));
#3500=CARTESIAN_POINT('',(2.162593939482,2.648328653525,1.300000023842));
#3501=CARTESIAN_POINT('',(0.223132969034001,-0.285610200363996));
#3502=CARTESIAN_POINT('',(-0.226703096539,-0.285610200363996));
#3503=CARTESIAN_POINT('',(2.162593939482,2.648328653525,1.300000023842));
#3504=CARTESIAN_POINT('',(1.709187746404,2.648328653525,1.300000023842));
#3505=CARTESIAN_POINT('',(-0.226703096539,-0.285610200363996));
#3506=CARTESIAN_POINT('',(-0.226703096539,0.167795992714003));
#3507=CARTESIAN_POINT('',(1.709187746404,2.648328653525,1.300000023842));
#3508=CARTESIAN_POINT('',(1.709187746404,3.098164719098,1.300000023842));
#3509=CARTESIAN_POINT('',(-0.226703096539,0.167795992714003));
#3510=CARTESIAN_POINT('',(0.223132969034001,0.167795992714003));
#3511=CARTESIAN_POINT('',(0.47698373911933,4.425031750063,1.800000023842));
#3512=CARTESIAN_POINT('',(0.476983739119532,4.42503175006291,0.997588068971032));
#3513=CARTESIAN_POINT('',(0.,0.));
#3514=CARTESIAN_POINT('',(-0.267470651623656,-2.8421709430404E-14));
#3515=CARTESIAN_POINT('',(-0.534941303247312,-6.03961325396085E-14));
#3516=CARTESIAN_POINT('',(-0.802411954870969,-9.2370555648813E-14));
#3517=CARTESIAN_POINT('',(0.476983739119532,4.42503175006291,0.997588068971032));
#3518=CARTESIAN_POINT('',(0.476983739119354,4.40643861609194,0.942935744980029));
#3519=CARTESIAN_POINT('',(0.476983739119252,4.38971122443996,0.915000023842037));
#3520=CARTESIAN_POINT('',(0.476983739119227,4.37557956052697,0.915000023842038));
#3521=CARTESIAN_POINT('',(-0.802411954870969,-9.2370555648813E-14));
#3522=CARTESIAN_POINT('',(-0.857064278861971,-0.0185931339710542));
#3523=CARTESIAN_POINT('',(-0.884999999999963,-0.0353205256230338));
#3524=CARTESIAN_POINT('',(-0.884999999999963,-0.04945218953603));
#3525=CARTESIAN_POINT('',(0.476983739119227,4.37557956052697,0.915000023842038));
#3526=CARTESIAN_POINT('',(0.476983739119227,1.37448393960103,0.915000023842038));
#3527=CARTESIAN_POINT('',(-0.884999999999963,-0.04945218953603));
#3528=CARTESIAN_POINT('',(-0.884999999999963,-1.04981739651134));
#3529=CARTESIAN_POINT('',(-0.884999999999963,-2.05018260348666));
#3530=CARTESIAN_POINT('',(-0.884999999999963,-3.05054781046197));
#3531=CARTESIAN_POINT('',(0.476983739119227,1.37448393960103,0.915000023842038));
#3532=CARTESIAN_POINT('',(0.476983739119261,1.36035227568804,0.915000023842039));
#3533=CARTESIAN_POINT('',(0.476983739119405,1.34362488403608,0.942935744980037));
#3534=CARTESIAN_POINT('',(0.476983739119655,1.32503175006415,0.99758806897105));
#3535=CARTESIAN_POINT('',(-0.884999999999963,-3.05054781046197));
#3536=CARTESIAN_POINT('',(-0.884999999999962,-3.06467947437496));
#3537=CARTESIAN_POINT('',(-0.857064278861963,-3.08140686602692));
#3538=CARTESIAN_POINT('',(-0.80241195487095,-3.09999999999885));
#3539=CARTESIAN_POINT('',(0.476983739119655,1.32503175006415,0.99758806897105));
#3540=CARTESIAN_POINT('',(0.476983739119328,1.32503175006416,1.550000023842));
#3541=CARTESIAN_POINT('',(-0.80241195487095,-3.09999999999885));
#3542=CARTESIAN_POINT('',(-0.618274636580632,-3.09999999999885));
#3543=CARTESIAN_POINT('',(-0.434137318290315,-3.09999999999884));
#3544=CARTESIAN_POINT('',(-0.249999999999997,-3.09999999999883));
#3545=CARTESIAN_POINT('',(0.476983739119328,1.32503175006416,1.550000023842));
#3546=CARTESIAN_POINT('',(0.476983739118996,1.875031750064,1.550000023842));
#3547=CARTESIAN_POINT('',(-0.249999999999997,-3.09999999999883));
#3548=CARTESIAN_POINT('',(-0.249999999999997,-2.91666666666555));
#3549=CARTESIAN_POINT('',(-0.249999999999997,-2.73333333333228));
#3550=CARTESIAN_POINT('',(-0.249999999999997,-2.549999999999));
#3551=CARTESIAN_POINT('',(0.476983739118996,1.875031750064,1.550000023842));
#3552=CARTESIAN_POINT('',(0.476983739118996,1.875031750064,1.800000023842));
#3553=CARTESIAN_POINT('',(-0.249999999999997,-2.549999999999));
#3554=CARTESIAN_POINT('',(-0.166666666666665,-2.549999999999));
#3555=CARTESIAN_POINT('',(-0.0833333333333325,-2.549999999999));
#3556=CARTESIAN_POINT('',(-3.33066907387547E-16,-2.549999999999));
#3557=CARTESIAN_POINT('',(0.476983739118996,1.875031750064,1.800000023842));
#3558=CARTESIAN_POINT('',(0.47698373911933,4.425031750063,1.800000023842));
#3559=CARTESIAN_POINT('',(-3.33066907387547E-16,-2.549999999999));
#3560=CARTESIAN_POINT('',(-1.11022302462516E-16,-1.69999999999933));
#3561=CARTESIAN_POINT('',(0.,-0.849999999999667));
#3562=CARTESIAN_POINT('',(0.,0.));
#3563=CARTESIAN_POINT('',(0.726983739118829,0.225031750064833,1.06500002384167));
#3564=CARTESIAN_POINT('',(0.726983739118829,0.225031750064833,0.915000023842008));
#3565=CARTESIAN_POINT('',(0.424264068712636,2.09488880330929E-15));
#3566=CARTESIAN_POINT('',(0.424264068712635,0.149999999999994));
#3567=CARTESIAN_POINT('',(0.726983739118829,0.225031750064833,0.915000023842008));
#3568=CARTESIAN_POINT('',(1.026983739119,-0.0749682499359992,0.915000023842006));
#3569=CARTESIAN_POINT('',(0.424264068712635,0.149999999999994));
#3570=CARTESIAN_POINT('',(-7.40655039324622E-16,0.149999999999994));
#3571=CARTESIAN_POINT('',(1.026983739119,-0.0749682499359992,0.915000023842006));
#3572=CARTESIAN_POINT('',(1.026983739119,-0.0749682499359992,1.06500002384167));
#3573=CARTESIAN_POINT('',(-7.40655039324622E-16,0.149999999999994));
#3574=CARTESIAN_POINT('',(0.,0.));
#3575=CARTESIAN_POINT('',(1.026983739119,-0.0749682499359992,1.06500002384167));
#3576=CARTESIAN_POINT('',(0.726983739118829,0.225031750064833,1.06500002384167));
#3577=CARTESIAN_POINT('',(0.,0.));
#3578=CARTESIAN_POINT('',(0.424264068712636,2.09488880330929E-15));
#3579=CARTESIAN_POINT('',(2.326983739118,1.27503175006466,1.065000023841));
#3580=CARTESIAN_POINT('',(2.326983739118,1.2750317500645,0.915000023841971));
#3581=CARTESIAN_POINT('',(2.7,-0.149999999999003));
#3582=CARTESIAN_POINT('',(2.7,0.));
#3583=CARTESIAN_POINT('',(2.326983739118,1.2750317500645,0.915000023841971));
#3584=CARTESIAN_POINT('',(2.326983739118,-0.0749682499359992,0.915000023841997));
#3585=CARTESIAN_POINT('',(2.7,0.));
#3586=CARTESIAN_POINT('',(1.349999999999,0.));
#3587=CARTESIAN_POINT('',(2.326983739118,-0.0749682499359992,0.915000023841997));
#3588=CARTESIAN_POINT('',(2.326983739118,-0.0749682499359992,1.065000023841));
#3589=CARTESIAN_POINT('',(1.349999999999,0.));
#3590=CARTESIAN_POINT('',(1.349999999999,-0.149999999999003));
#3591=CARTESIAN_POINT('',(2.326983739118,-0.0749682499359992,1.065000023841));
#3592=CARTESIAN_POINT('',(2.326983739118,1.27503175006466,1.065000023841));
#3593=CARTESIAN_POINT('',(1.349999999999,-0.149999999999003));
#3594=CARTESIAN_POINT('',(2.7,-0.149999999999003));
#3595=CARTESIAN_POINT('',(1.426983739118,1.275031750064,0.915000023842003));
#3596=CARTESIAN_POINT('',(1.42698373911866,1.27503175006466,1.06500002384167));
#3597=CARTESIAN_POINT('',(2.699999999999,0.));
#3598=CARTESIAN_POINT('',(2.7,0.149999999999997));
#3599=CARTESIAN_POINT('',(1.42698373911866,1.27503175006466,1.06500002384167));
#3600=CARTESIAN_POINT('',(1.42698373911866,-0.0749682499359992,1.06500002384167));
#3601=CARTESIAN_POINT('',(2.7,0.149999999999997));
#3602=CARTESIAN_POINT('',(1.349999999999,0.149999999999997));
#3603=CARTESIAN_POINT('',(1.42698373911866,-0.0749682499359992,1.06500002384167));
#3604=CARTESIAN_POINT('',(1.426983739118,-0.0749682499359992,0.915000023842003));
#3605=CARTESIAN_POINT('',(1.349999999999,0.149999999999997));
#3606=CARTESIAN_POINT('',(1.349999999999,0.));
#3607=CARTESIAN_POINT('',(1.426983739118,-0.0749682499359992,0.915000023842003));
#3608=CARTESIAN_POINT('',(1.426983739118,1.275031750064,0.915000023842003));
#3609=CARTESIAN_POINT('',(1.349999999999,0.));
#3610=CARTESIAN_POINT('',(2.699999999999,0.));
#3611=CARTESIAN_POINT('',(2.326983739118,4.475031750063,0.915000023841997));
#3612=CARTESIAN_POINT('',(2.326983739118,4.475031750063,1.065000023841));
#3613=CARTESIAN_POINT('',(-2.7,0.));
#3614=CARTESIAN_POINT('',(-2.7,-0.149999999999003));
#3615=CARTESIAN_POINT('',(2.326983739118,4.475031750063,1.065000023841));
#3616=CARTESIAN_POINT('',(2.326983739118,5.825031750063,1.065000023841));
#3617=CARTESIAN_POINT('',(-2.7,-0.149999999999003));
#3618=CARTESIAN_POINT('',(-1.35,-0.149999999999003));
#3619=CARTESIAN_POINT('',(2.326983739118,5.825031750063,1.065000023841));
#3620=CARTESIAN_POINT('',(2.32698373911733,5.825031750063,0.915000023841997));
#3621=CARTESIAN_POINT('',(-1.35,-0.149999999999003));
#3622=CARTESIAN_POINT('',(-1.35,6.98339116346901E-27));
#3623=CARTESIAN_POINT('',(2.32698373911733,5.825031750063,0.915000023841997));
#3624=CARTESIAN_POINT('',(2.326983739118,4.475031750063,0.915000023841997));
#3625=CARTESIAN_POINT('',(-1.35,6.98339116346901E-27));
#3626=CARTESIAN_POINT('',(-2.7,0.));
#3627=CARTESIAN_POINT('',(1.42698373911866,4.475031750063,1.06500002384167));
#3628=CARTESIAN_POINT('',(1.426983739118,4.475031750063,0.915000023842003));
#3629=CARTESIAN_POINT('',(-2.7,0.149999999999997));
#3630=CARTESIAN_POINT('',(-2.7,0.));
#3631=CARTESIAN_POINT('',(1.426983739118,4.475031750063,0.915000023842003));
#3632=CARTESIAN_POINT('',(1.426983739118,5.825031750063,0.915000023842003));
#3633=CARTESIAN_POINT('',(-2.7,0.));
#3634=CARTESIAN_POINT('',(-1.35,0.));
#3635=CARTESIAN_POINT('',(1.426983739118,5.825031750063,0.915000023842003));
#3636=CARTESIAN_POINT('',(1.42698373911866,5.825031750063,1.06500002384167));
#3637=CARTESIAN_POINT('',(-1.35,0.));
#3638=CARTESIAN_POINT('',(-1.35,0.149999999999997));
#3639=CARTESIAN_POINT('',(1.42698373911866,5.825031750063,1.06500002384167));
#3640=CARTESIAN_POINT('',(1.42698373911866,4.475031750063,1.06500002384167));
#3641=CARTESIAN_POINT('',(-1.35,0.149999999999997));
#3642=CARTESIAN_POINT('',(-2.7,0.149999999999997));
#3643=CARTESIAN_POINT('',(0.63902054470497,3.89448393960026,0.230000023843323));
#3644=CARTESIAN_POINT('',(0.614382430190572,3.8919085553525,0.230000023843384));
#3645=CARTESIAN_POINT('',(0.590262429770302,3.88013655044862,0.239302222038639));
#3646=CARTESIAN_POINT('',(0.562953927478819,3.85277282807324,0.2639457358341));
#3647=CARTESIAN_POINT('',(0.555413734812056,3.84216047647924,0.273798309398996));
#3648=CARTESIAN_POINT('',(0.544356534088379,3.81938508754644,0.295540199830671));
#3649=CARTESIAN_POINT('',(0.540842575978248,3.80722193032336,0.307423776339578));
#3650=CARTESIAN_POINT('',(0.539568355168713,3.795031750064,0.319547177516075));
#3651=CARTESIAN_POINT('',(1.5707963267949,0.4715073243183));
#3652=CARTESIAN_POINT('',(1.01009323728077,0.476784027135501));
#3653=CARTESIAN_POINT('',(0.670666229834884,0.518780776803233));
#3654=CARTESIAN_POINT('',(0.113947245913801,0.5709595138543));
#3655=CARTESIAN_POINT('',(0.539568355168713,3.795031750064,0.319547177516075));
#3656=CARTESIAN_POINT('',(0.539568355168786,4.31299494447703,0.319547177516144));
#3657=CARTESIAN_POINT('',(0.113947245913801,0.5709595138543));
#3658=CARTESIAN_POINT('',(0.113947245913801,0.0529963194413001));
#3659=CARTESIAN_POINT('',(0.539568355168785,4.31299494447703,0.319547177516144));
#3660=CARTESIAN_POINT('',(0.548980140275353,4.312994944477,0.230000023843001));
#3661=CARTESIAN_POINT('',(0.639020544704996,4.312994944477,0.23000002384324));
#3662=CARTESIAN_POINT('',(0.113947245913801,0.0529963194413001));
#3663=CARTESIAN_POINT('',(1.5707963267949,0.0529963194413004));
#3664=CARTESIAN_POINT('',(0.639020544704996,4.312994944477,0.230000023843239));
#3665=CARTESIAN_POINT('',(0.63902054470497,3.89448393960026,0.230000023843323));
#3666=CARTESIAN_POINT('',(1.5707963267949,0.0529963194413004));
#3667=CARTESIAN_POINT('',(1.5707963267949,0.4715073243183));
#3668=CARTESIAN_POINT('',(0.539568355168786,4.31299494447703,0.319547177516144));
#3669=CARTESIAN_POINT('',(0.540643245183375,4.41137224399869,0.309320282175629));
#3670=CARTESIAN_POINT('',(0.63902054470503,4.41244713401346,0.319547177516157));
#3671=CARTESIAN_POINT('',(4.71238898038469,0.113947245912449));
#3672=CARTESIAN_POINT('',(5.31818332314707,0.174441164355656));
#3673=CARTESIAN_POINT('',(5.67739096441738,0.174441164354518));
#3674=CARTESIAN_POINT('',(6.28318530717959,0.113947245911099));
#3675=CARTESIAN_POINT('',(0.63902054470503,4.41244713401347,0.319547177516157));
#3676=CARTESIAN_POINT('',(0.639020544704996,4.4030353489067,0.23000002384298));
#3677=CARTESIAN_POINT('',(0.639020544704996,4.312994944477,0.230000023843239));
#3678=CARTESIAN_POINT('',(6.28318530717959,0.113947245911099));
#3679=CARTESIAN_POINT('',(6.28318530717959,1.5707963267949));
#3680=CARTESIAN_POINT('',(4.71238898038469,0.113947245912449));
#3681=CARTESIAN_POINT('',(4.71238898038469,1.5707963267949));
#3682=CARTESIAN_POINT('',(0.660041391758288,3.895031750064,0.130000023843031));
#3683=CARTESIAN_POINT('',(0.560589202221312,3.89503175006378,0.119547177516312));
#3684=CARTESIAN_POINT('',(0.560589202221342,3.79503175006386,0.119547177516027));
#3685=CARTESIAN_POINT('',(4.71238898038469,0.223570240388128));
#3686=CARTESIAN_POINT('',(3.14159265358979,0.223570240388318));
#3687=CARTESIAN_POINT('',(0.56058920222134,3.795031750064,0.119547177516027));
#3688=CARTESIAN_POINT('',(0.539568355168713,3.795031750064,0.319547177516075));
#3689=CARTESIAN_POINT('',(3.14159265358979,0.223570240388318));
#3690=CARTESIAN_POINT('',(3.14159265358979,0.0224685844757157));
#3691=CARTESIAN_POINT('',(4.59844173446991,0.121920774012272));
#3692=CARTESIAN_POINT('',(4.05231066307789,0.116570340350711));
#3693=CARTESIAN_POINT('',(3.68395893882764,0.0712987060692676));
#3694=CARTESIAN_POINT('',(3.14159265358979,0.0224685844757157));
#3695=CARTESIAN_POINT('',(0.63902054470497,3.89448393960026,0.230000023843323));
#3696=CARTESIAN_POINT('',(0.642512799129953,3.89484897958918,0.230000023843211));
#3697=CARTESIAN_POINT('',(0.646019477492941,3.89503175006409,0.230000023843098));
#3698=CARTESIAN_POINT('',(0.649530968231929,3.895031750064,0.230000023842985));
#3699=CARTESIAN_POINT('',(4.59844173446991,0.121920774012272));
#3700=CARTESIAN_POINT('',(4.6364240933522,0.122292886316826));
#3701=CARTESIAN_POINT('',(4.67440649894949,0.122659995384705));
#3702=CARTESIAN_POINT('',(4.71238898038469,0.123019412431835));
#3703=CARTESIAN_POINT('',(0.649530968231929,3.895031750064,0.230000023842985));
#3704=CARTESIAN_POINT('',(0.660041391758069,3.895031750064,0.130000023843007));
#3705=CARTESIAN_POINT('',(4.71238898038469,0.123019412431835));
#3706=CARTESIAN_POINT('',(4.71238898038469,0.223570240388128));
#3707=CARTESIAN_POINT('',(3.11494693353092,4.41244713401342,0.319547177515791));
#3708=CARTESIAN_POINT('',(3.114946933531,4.40303534890638,0.230000023842959));
#3709=CARTESIAN_POINT('',(3.114946933531,4.312994944477,0.23000002384248));
#3710=CARTESIAN_POINT('',(1.68474357270828,0.2487926388826));
#3711=CARTESIAN_POINT('',(3.14159265358979,0.2487926388826));
#3712=CARTESIAN_POINT('',(3.114946933531,4.312994944477,0.23000002384248));
#3713=CARTESIAN_POINT('',(0.639020544704996,4.312994944477,0.230000023843239));
#3714=CARTESIAN_POINT('',(3.14159265358979,0.2487926388826));
#3715=CARTESIAN_POINT('',(3.14159265358979,2.7247190277086));
#3716=CARTESIAN_POINT('',(1.68474357270847,2.7247190277086));
#3717=CARTESIAN_POINT('',(3.14159265358979,2.7247190277086));
#3718=CARTESIAN_POINT('',(0.63902054470503,4.41244713401347,0.319547177516157));
#3719=CARTESIAN_POINT('',(3.11494693353092,4.41244713401342,0.319547177515791));
#3720=CARTESIAN_POINT('',(1.68474357270847,2.7247190277086));
#3721=CARTESIAN_POINT('',(1.68474357270828,0.2487926388826));
#3722=CARTESIAN_POINT('',(0.660041391757996,3.795031750064,0.0300000238429997));
#3723=CARTESIAN_POINT('',(0.570000987328415,3.795031750064,0.0300000238429998));
#3724=CARTESIAN_POINT('',(0.56058920222134,3.795031750064,0.119547177516027));
#3725=CARTESIAN_POINT('',(4.71238898038469,1.5707963267949));
#3726=CARTESIAN_POINT('',(4.71238898038469,0.113947245912879));
#3727=CARTESIAN_POINT('',(6.28318530717959,0.));
#3728=CARTESIAN_POINT('',(5.67358563381608,0.064071507486696));
#3729=CARTESIAN_POINT('',(5.32791295758807,0.113947245911195));
#3730=CARTESIAN_POINT('',(4.71238898038469,0.113947245912879));
#3731=CARTESIAN_POINT('',(0.660041391758067,3.895031750064,0.130000023843002));
#3732=CARTESIAN_POINT('',(0.660041391757996,3.895031750064,0.0300000238430043));
#3733=CARTESIAN_POINT('',(0.660041391757996,3.795031750064,0.0300000238430008));
#3734=CARTESIAN_POINT('',(6.28318530717959,0.));
#3735=CARTESIAN_POINT('',(6.28318530717959,1.5707963267949));
#3736=CARTESIAN_POINT('',(3.11494693353092,4.41244713401342,0.319547177515791));
#3737=CARTESIAN_POINT('',(3.21332423305227,4.41137224399835,0.309320282174701));
#3738=CARTESIAN_POINT('',(3.2143991230677,4.31299494447701,0.319547177515845));
#3739=CARTESIAN_POINT('',(0.,0.113947245910983));
#3740=CARTESIAN_POINT('',(0.6057943427022,0.17444116435207));
#3741=CARTESIAN_POINT('',(0.965001984093224,0.174441164348767));
#3742=CARTESIAN_POINT('',(1.5707963267949,0.113947245907086));
#3743=CARTESIAN_POINT('',(3.2143991230677,4.31299494447702,0.319547177515845));
#3744=CARTESIAN_POINT('',(3.20498733796132,4.312994944477,0.230000023842002));
#3745=CARTESIAN_POINT('',(3.114946933531,4.312994944477,0.23000002384248));
#3746=CARTESIAN_POINT('',(1.5707963267949,0.113947245907086));
#3747=CARTESIAN_POINT('',(1.5707963267949,1.5707963267949));
#3748=CARTESIAN_POINT('',(0.,0.113947245910983));
#3749=CARTESIAN_POINT('',(0.,1.5707963267949));
#3750=CARTESIAN_POINT('',(3.09392608647781,3.895031750064,0.130000023842001));
#3751=CARTESIAN_POINT('',(3.093926086478,3.895031750064,0.0300000238420029));
#3752=CARTESIAN_POINT('',(3.093926086478,3.79503175006449,0.0300000238424896));
#3753=CARTESIAN_POINT('',(1.5707963267949,0.244588469472001));
#3754=CARTESIAN_POINT('',(3.14159265358979,0.244588469472));
#3755=CARTESIAN_POINT('',(3.093926086478,3.795031750064,0.0300000238424909));
#3756=CARTESIAN_POINT('',(0.660041391757996,3.795031750064,0.0300000238429996));
#3757=CARTESIAN_POINT('',(3.14159265358979,0.244588469472));
#3758=CARTESIAN_POINT('',(3.14159265358979,2.678473164192));
#3759=CARTESIAN_POINT('',(1.5707963267949,2.678473164192));
#3760=CARTESIAN_POINT('',(3.14159265358979,2.678473164192));
#3761=CARTESIAN_POINT('',(0.660041391758069,3.895031750064,0.130000023843007));
#3762=CARTESIAN_POINT('',(3.09392608647781,3.895031750064,0.130000023842264));
#3763=CARTESIAN_POINT('',(1.5707963267949,2.678473164192));
#3764=CARTESIAN_POINT('',(1.5707963267949,0.244588469472001));
#3765=CARTESIAN_POINT('',(3.21439912306787,3.795031750064,0.319547177516014));
#3766=CARTESIAN_POINT('',(3.2131249022583,3.80722193032342,0.307423776339233));
#3767=CARTESIAN_POINT('',(3.20961330946541,3.81940771599802,0.295562704320636));
#3768=CARTESIAN_POINT('',(3.1985564421193,3.84218629427866,0.273823985765034));
#3769=CARTESIAN_POINT('',(3.19101357491347,3.85277305916685,0.263945965660985));
#3770=CARTESIAN_POINT('',(3.16370500023085,3.8801360889939,0.239301763111055));
#3771=CARTESIAN_POINT('',(3.1395850480456,3.8919085553521,0.230000023842265));
#3772=CARTESIAN_POINT('',(3.11494693353102,3.89448393960025,0.230000023842317));
#3773=CARTESIAN_POINT('',(0.11394724590319,0.0529963194413));
#3774=CARTESIAN_POINT('',(0.67066612221024,0.105175046405301));
#3775=CARTESIAN_POINT('',(1.01009334566511,0.14717180717934));
#3776=CARTESIAN_POINT('',(1.5707963267949,0.1524485089773));
#3777=CARTESIAN_POINT('',(3.11494693353102,3.89448393960025,0.230000023842317));
#3778=CARTESIAN_POINT('',(3.114946933531,4.312994944477,0.23000002384248));
#3779=CARTESIAN_POINT('',(1.5707963267949,0.1524485089773));
#3780=CARTESIAN_POINT('',(1.5707963267949,0.5709595138543));
#3781=CARTESIAN_POINT('',(0.11394724590319,0.5709595138543));
#3782=CARTESIAN_POINT('',(1.5707963267949,0.5709595138543));
#3783=CARTESIAN_POINT('',(3.2143991230677,4.31299494447702,0.319547177515845));
#3784=CARTESIAN_POINT('',(3.21439912306787,3.795031750064,0.319547177516014));
#3785=CARTESIAN_POINT('',(0.11394724590319,0.5709595138543));
#3786=CARTESIAN_POINT('',(0.11394724590319,0.0529963194413));
#3787=CARTESIAN_POINT('',(3.09392608647729,3.895031750064,0.130000023842319));
#3788=CARTESIAN_POINT('',(3.1933782760141,3.895031750064,0.119547177515372));
#3789=CARTESIAN_POINT('',(3.19337827601484,3.7950317500633,0.119547177515757));
#3790=CARTESIAN_POINT('',(0.,4.44089209850063E-16));
#3791=CARTESIAN_POINT('',(0.609599673295484,0.0640715074810511));
#3792=CARTESIAN_POINT('',(0.955272349659946,0.113947245910275));
#3793=CARTESIAN_POINT('',(1.5707963267949,0.113947245907573));
#3794=CARTESIAN_POINT('',(3.19337827601484,3.795031750064,0.119547177515757));
#3795=CARTESIAN_POINT('',(3.18396649090825,3.795031750064,0.0300000238419994));
#3796=CARTESIAN_POINT('',(3.093926086478,3.795031750064,0.0300000238424904));
#3797=CARTESIAN_POINT('',(1.5707963267949,0.113947245907573));
#3798=CARTESIAN_POINT('',(1.5707963267949,1.5707963267949));
#3799=CARTESIAN_POINT('',(0.,4.44089209850063E-16));
#3800=CARTESIAN_POINT('',(0.,1.5707963267949));
#3801=CARTESIAN_POINT('',(3.14159265358979,0.233965824930019));
#3802=CARTESIAN_POINT('',(3.68395907415509,0.185135691151365));
#3803=CARTESIAN_POINT('',(4.05231052680627,0.139864070388798));
#3804=CARTESIAN_POINT('',(4.59844173446528,0.134513635392468));
#3805=CARTESIAN_POINT('',(3.21439912306787,3.795031750064,0.319547177516014));
#3806=CARTESIAN_POINT('',(3.19337827601484,3.795031750064,0.119547177515757));
#3807=CARTESIAN_POINT('',(3.14159265358979,0.233965824930019));
#3808=CARTESIAN_POINT('',(3.14159265358979,0.0328641690169191));
#3809=CARTESIAN_POINT('',(4.71238898038469,0.0328641690166128));
#3810=CARTESIAN_POINT('',(3.14159265358979,0.0328641690169191));
#3811=CARTESIAN_POINT('',(3.09392608647781,3.895031750064,0.130000023842264));
#3812=CARTESIAN_POINT('',(3.10443651000392,3.895031750064,0.230000023842328));
#3813=CARTESIAN_POINT('',(4.71238898038469,0.0328641690166128));
#3814=CARTESIAN_POINT('',(4.71238898038469,0.133414996972905));
#3815=CARTESIAN_POINT('',(3.10443651000392,3.895031750064,0.230000023842328));
#3816=CARTESIAN_POINT('',(3.10794800074295,3.89503175006409,0.230000023842325));
#3817=CARTESIAN_POINT('',(3.11145467910599,3.89484897958917,0.230000023842321));
#3818=CARTESIAN_POINT('',(3.11494693353102,3.89448393960025,0.230000023842317));
#3819=CARTESIAN_POINT('',(4.71238898038469,0.133414996972905));
#3820=CARTESIAN_POINT('',(4.67440649894795,0.133774414019936));
#3821=CARTESIAN_POINT('',(4.63642409334911,0.134141523088018));
#3822=CARTESIAN_POINT('',(4.59844173446528,0.134513635392468));
#3823=CARTESIAN_POINT('',(3.11494693353102,1.85557956052775,0.230000023842317));
#3824=CARTESIAN_POINT('',(3.13958504804576,1.85815494477553,0.230000023842287));
#3825=CARTESIAN_POINT('',(3.16370504846639,1.86992694967957,0.23930222203763));
#3826=CARTESIAN_POINT('',(3.19101355075805,1.89729067205487,0.263945735833367));
#3827=CARTESIAN_POINT('',(3.19855374342483,1.9079030236488,0.273798309398388));
#3828=CARTESIAN_POINT('',(3.20961094414843,1.93067841258151,0.295540199830331));
#3829=CARTESIAN_POINT('',(3.21312490225848,1.94284156980457,0.307423776339382));
#3830=CARTESIAN_POINT('',(3.21439912306787,1.955031750064,0.319547177516014));
#3831=CARTESIAN_POINT('',(1.5707963267949,0.4715073243183));
#3832=CARTESIAN_POINT('',(1.01009323728234,0.476784027135444));
#3833=CARTESIAN_POINT('',(0.670666229822764,0.518780776803513));
#3834=CARTESIAN_POINT('',(0.11394724590319,0.5709595138543));
#3835=CARTESIAN_POINT('',(3.21439912306787,1.955031750064,0.319547177516014));
#3836=CARTESIAN_POINT('',(3.21439912306778,1.43706855565099,0.319547177515836));
#3837=CARTESIAN_POINT('',(0.11394724590319,0.5709595138543));
#3838=CARTESIAN_POINT('',(0.11394724590319,0.0529963194413001));
#3839=CARTESIAN_POINT('',(3.21439912306778,1.43706855565099,0.319547177515836));
#3840=CARTESIAN_POINT('',(3.20498733796132,1.437068555651,0.230000023842));
#3841=CARTESIAN_POINT('',(3.114946933531,1.437068555651,0.23000002384248));
#3842=CARTESIAN_POINT('',(0.11394724590319,0.0529963194413001));
#3843=CARTESIAN_POINT('',(1.5707963267949,0.0529963194413004));
#3844=CARTESIAN_POINT('',(3.114946933531,1.437068555651,0.23000002384248));
#3845=CARTESIAN_POINT('',(3.11494693353102,1.85557956052775,0.230000023842317));
#3846=CARTESIAN_POINT('',(1.5707963267949,0.0529963194413004));
#3847=CARTESIAN_POINT('',(1.5707963267949,0.4715073243183));
#3848=CARTESIAN_POINT('',(3.21439912306778,1.43706855565099,0.319547177515836));
#3849=CARTESIAN_POINT('',(3.21332423305292,1.33869125612907,0.309320282174572));
#3850=CARTESIAN_POINT('',(3.114946933531,1.33761636611424,0.319547177515838));
#3851=CARTESIAN_POINT('',(1.5707963267949,0.113947245907087));
#3852=CARTESIAN_POINT('',(2.17659066951588,0.174441164350694));
#3853=CARTESIAN_POINT('',(2.53579831086881,0.174441164350687));
#3854=CARTESIAN_POINT('',(3.14159265358979,0.113947245907086));
#3855=CARTESIAN_POINT('',(3.114946933531,1.33761636611424,0.319547177515838));
#3856=CARTESIAN_POINT('',(3.11494693353099,1.34702815122155,0.230000023842962));
#3857=CARTESIAN_POINT('',(3.114946933531,1.437068555651,0.23000002384248));
#3858=CARTESIAN_POINT('',(3.14159265358979,0.113947245907086));
#3859=CARTESIAN_POINT('',(3.14159265358979,1.5707963267949));
#3860=CARTESIAN_POINT('',(1.5707963267949,0.113947245907087));
#3861=CARTESIAN_POINT('',(1.5707963267949,1.5707963267949));
#3862=CARTESIAN_POINT('',(3.0939260864773,1.855031750064,0.130000023842314));
#3863=CARTESIAN_POINT('',(3.19337827601479,1.85503175006452,0.1195471775153));
#3864=CARTESIAN_POINT('',(3.19337827601484,1.95503175006469,0.119547177515757));
#3865=CARTESIAN_POINT('',(4.71238898038469,0.223570240389192));
#3866=CARTESIAN_POINT('',(3.14159265358979,0.223570240388886));
#3867=CARTESIAN_POINT('',(3.19337827601484,1.955031750064,0.119547177515757));
#3868=CARTESIAN_POINT('',(3.21439912306787,1.955031750064,0.319547177516014));
#3869=CARTESIAN_POINT('',(3.14159265358979,0.223570240388886));
#3870=CARTESIAN_POINT('',(3.14159265358979,0.0224685844757859));
#3871=CARTESIAN_POINT('',(4.59844173446527,0.121920774013337));
#3872=CARTESIAN_POINT('',(4.05231066305306,0.116570340351758));
#3873=CARTESIAN_POINT('',(3.68395893884755,0.0712987060717754));
#3874=CARTESIAN_POINT('',(3.14159265358979,0.0224685844757859));
#3875=CARTESIAN_POINT('',(3.11494693353102,1.85557956052775,0.230000023842317));
#3876=CARTESIAN_POINT('',(3.11145467910599,1.85521452053883,0.230000023842321));
#3877=CARTESIAN_POINT('',(3.10794800074295,1.85503175006392,0.230000023842325));
#3878=CARTESIAN_POINT('',(3.10443651000392,1.855031750064,0.230000023842328));
#3879=CARTESIAN_POINT('',(4.59844173446527,0.121920774013337));
#3880=CARTESIAN_POINT('',(4.63642409334911,0.122292886317787));
#3881=CARTESIAN_POINT('',(4.67440649894794,0.122659995385869));
#3882=CARTESIAN_POINT('',(4.71238898038469,0.1230194124329));
#3883=CARTESIAN_POINT('',(3.10443651000392,1.855031750064,0.230000023842328));
#3884=CARTESIAN_POINT('',(3.09392608647781,1.855031750064,0.130000023842259));
#3885=CARTESIAN_POINT('',(4.71238898038469,0.1230194124329));
#3886=CARTESIAN_POINT('',(4.71238898038469,0.223570240389192));
#3887=CARTESIAN_POINT('',(0.639020544705028,1.33761636611429,0.319547177516099));
#3888=CARTESIAN_POINT('',(0.639020544704995,1.34702815122133,0.230000023842979));
#3889=CARTESIAN_POINT('',(0.639020544704996,1.437068555651,0.230000023843238));
#3890=CARTESIAN_POINT('',(1.68474357270846,0.248792638882601));
#3891=CARTESIAN_POINT('',(3.14159265358979,0.248792638882601));
#3892=CARTESIAN_POINT('',(0.639020544704996,1.437068555651,0.230000023843239));
#3893=CARTESIAN_POINT('',(3.114946933531,1.437068555651,0.23000002384248));
#3894=CARTESIAN_POINT('',(3.14159265358979,0.248792638882601));
#3895=CARTESIAN_POINT('',(3.14159265358979,2.7247190277086));
#3896=CARTESIAN_POINT('',(1.68474357270828,2.7247190277086));
#3897=CARTESIAN_POINT('',(3.14159265358979,2.7247190277086));
#3898=CARTESIAN_POINT('',(3.114946933531,1.33761636611424,0.319547177515838));
#3899=CARTESIAN_POINT('',(0.63902054470503,1.33761636611429,0.319547177516099));
#3900=CARTESIAN_POINT('',(1.68474357270828,2.7247190277086));
#3901=CARTESIAN_POINT('',(1.68474357270846,0.248792638882601));
#3902=CARTESIAN_POINT('',(3.09392608647781,1.855031750064,0.130000023842));
#3903=CARTESIAN_POINT('',(3.093926086478,1.855031750064,0.0300000238420002));
#3904=CARTESIAN_POINT('',(3.093926086478,1.95503175006352,0.0300000238424852));
#3905=CARTESIAN_POINT('',(3.14159265358979,-5.55111512312578E-16));
#3906=CARTESIAN_POINT('',(3.14159265358979,1.5707963267949));
#3907=CARTESIAN_POINT('',(3.093926086478,1.955031750064,0.0300000238424862));
#3908=CARTESIAN_POINT('',(3.18396649090825,1.955031750064,0.030000023842));
#3909=CARTESIAN_POINT('',(3.19337827601484,1.955031750064,0.119547177515757));
#3910=CARTESIAN_POINT('',(1.5707963267949,1.5707963267949));
#3911=CARTESIAN_POINT('',(1.5707963267949,0.113947245907573));
#3912=CARTESIAN_POINT('',(3.14159265358979,-5.55111512312578E-16));
#3913=CARTESIAN_POINT('',(2.53199298029368,0.0640715074810836));
#3914=CARTESIAN_POINT('',(2.18632030393048,0.113947245910275));
#3915=CARTESIAN_POINT('',(1.5707963267949,0.113947245907573));
#3916=CARTESIAN_POINT('',(0.63902054470503,1.33761636611429,0.319547177516099));
#3917=CARTESIAN_POINT('',(0.540643245183376,1.33869125612932,0.30932028217563));
#3918=CARTESIAN_POINT('',(0.539568355168785,1.43706855565097,0.319547177516144));
#3919=CARTESIAN_POINT('',(3.14159265358979,0.11394724591245));
#3920=CARTESIAN_POINT('',(3.74738699634543,0.174441164354988));
#3921=CARTESIAN_POINT('',(4.10659463762905,0.174441164354983));
#3922=CARTESIAN_POINT('',(4.71238898038469,0.11394724591245));
#3923=CARTESIAN_POINT('',(0.539568355168786,1.43706855565097,0.319547177516144));
#3924=CARTESIAN_POINT('',(0.548980140275353,1.437068555651,0.230000023843001));
#3925=CARTESIAN_POINT('',(0.639020544704996,1.437068555651,0.23000002384324));
#3926=CARTESIAN_POINT('',(4.71238898038469,0.11394724591245));
#3927=CARTESIAN_POINT('',(4.71238898038469,1.5707963267949));
#3928=CARTESIAN_POINT('',(3.14159265358979,0.11394724591245));
#3929=CARTESIAN_POINT('',(3.14159265358979,1.5707963267949));
#3930=CARTESIAN_POINT('',(0.660041391758069,1.855031750064,0.130000023842998));
#3931=CARTESIAN_POINT('',(0.660041391757996,1.855031750064,0.0300000238429935));
#3932=CARTESIAN_POINT('',(0.660041391757995,1.95503175006401,0.0300000238429935));
#3933=CARTESIAN_POINT('',(4.71238898038469,2.678473164192));
#3934=CARTESIAN_POINT('',(3.14159265358979,2.678473164192));
#3935=CARTESIAN_POINT('',(0.660041391757996,1.955031750064,0.0300000238429942));
#3936=CARTESIAN_POINT('',(3.093926086478,1.955031750064,0.0300000238424856));
#3937=CARTESIAN_POINT('',(3.14159265358979,2.678473164192));
#3938=CARTESIAN_POINT('',(3.14159265358979,0.244588469472));
#3939=CARTESIAN_POINT('',(4.71238898038469,0.244588469472001));
#3940=CARTESIAN_POINT('',(3.14159265358979,0.244588469472));
#3941=CARTESIAN_POINT('',(3.09392608647781,1.855031750064,0.130000023842259));
#3942=CARTESIAN_POINT('',(0.660041391758069,1.855031750064,0.130000023843002));
#3943=CARTESIAN_POINT('',(4.71238898038469,0.244588469472001));
#3944=CARTESIAN_POINT('',(4.71238898038469,2.678473164192));
#3945=CARTESIAN_POINT('',(0.539568355168713,1.955031750064,0.319547177516075));
#3946=CARTESIAN_POINT('',(0.540842575978198,1.94284156980455,0.307423776339291));
#3947=CARTESIAN_POINT('',(0.544354168771013,1.93065578412991,0.295562704320755));
#3948=CARTESIAN_POINT('',(0.555411036116972,1.90787720584922,0.273823985765337));
#3949=CARTESIAN_POINT('',(0.562953903322736,1.89729044096101,0.263945965661411));
#3950=CARTESIAN_POINT('',(0.59026247800519,1.86992741113395,0.239301763111856));
#3951=CARTESIAN_POINT('',(0.614382430190412,1.85815494477578,0.230000023843277));
#3952=CARTESIAN_POINT('',(0.63902054470497,1.85557956052773,0.230000023843323));
#3953=CARTESIAN_POINT('',(0.113947245913801,0.0529963194413));
#3954=CARTESIAN_POINT('',(0.670666122223994,0.105175046405692));
#3955=CARTESIAN_POINT('',(1.01009334566187,0.147171807179514));
#3956=CARTESIAN_POINT('',(1.5707963267949,0.1524485089773));
#3957=CARTESIAN_POINT('',(0.63902054470497,1.85557956052773,0.230000023843323));
#3958=CARTESIAN_POINT('',(0.639020544704996,1.437068555651,0.230000023843239));
#3959=CARTESIAN_POINT('',(1.5707963267949,0.1524485089773));
#3960=CARTESIAN_POINT('',(1.5707963267949,0.5709595138543));
#3961=CARTESIAN_POINT('',(0.113947245913801,0.5709595138543));
#3962=CARTESIAN_POINT('',(1.5707963267949,0.5709595138543));
#3963=CARTESIAN_POINT('',(0.539568355168786,1.43706855565097,0.319547177516144));
#3964=CARTESIAN_POINT('',(0.539568355168713,1.955031750064,0.319547177516075));
#3965=CARTESIAN_POINT('',(0.113947245913801,0.5709595138543));
#3966=CARTESIAN_POINT('',(0.113947245913801,0.0529963194413));
#3967=CARTESIAN_POINT('',(0.660041391757996,1.855031750064,0.130000023842995));
#3968=CARTESIAN_POINT('',(0.560589202221164,1.855031750064,0.119547177516297));
#3969=CARTESIAN_POINT('',(0.560589202221341,1.95503175006385,0.119547177516027));
#3970=CARTESIAN_POINT('',(3.02764540767895,-1.5707963267949));
#3971=CARTESIAN_POINT('',(3.02764540767692,-4.43434178265534E-12));
#3972=CARTESIAN_POINT('',(0.56058920222134,1.955031750064,0.119547177516027));
#3973=CARTESIAN_POINT('',(0.570000987328418,1.955031750064,0.0300000238430021));
#3974=CARTESIAN_POINT('',(0.660041391757996,1.955031750064,0.0300000238429957));
#3975=CARTESIAN_POINT('',(3.02764540767692,-4.43434178265534E-12));
#3976=CARTESIAN_POINT('',(1.5707963267949,4.44089209850063E-16));
#3977=CARTESIAN_POINT('',(1.5707963267949,-1.5707963267949));
#3978=CARTESIAN_POINT('',(1.5707963267949,4.44089209850063E-16));
#3979=CARTESIAN_POINT('',(3.14159265358979,0.233965824929249));
#3980=CARTESIAN_POINT('',(3.68395907415382,0.185135691151316));
#3981=CARTESIAN_POINT('',(4.05231052681229,0.139864070389015));
#3982=CARTESIAN_POINT('',(4.59844173446991,0.134513635392693));
#3983=CARTESIAN_POINT('',(0.539568355168713,1.955031750064,0.319547177516075));
#3984=CARTESIAN_POINT('',(0.56058920222134,1.955031750064,0.119547177516027));
#3985=CARTESIAN_POINT('',(3.14159265358979,0.233965824929249));
#3986=CARTESIAN_POINT('',(3.14159265358979,0.0328641690166465));
#3987=CARTESIAN_POINT('',(4.71238898038469,0.0328641690168376));
#3988=CARTESIAN_POINT('',(3.14159265358979,0.0328641690166465));
#3989=CARTESIAN_POINT('',(0.660041391758069,1.855031750064,0.130000023843002));
#3990=CARTESIAN_POINT('',(0.649530968231929,1.855031750064,0.230000023842985));
#3991=CARTESIAN_POINT('',(4.71238898038469,0.0328641690168376));
#3992=CARTESIAN_POINT('',(4.71238898038469,0.13341499697313));
#3993=CARTESIAN_POINT('',(0.649530968231929,1.855031750064,0.230000023842985));
#3994=CARTESIAN_POINT('',(0.64601947749294,1.85503175006391,0.230000023843098));
#3995=CARTESIAN_POINT('',(0.642512799129953,1.85521452053882,0.230000023843211));
#3996=CARTESIAN_POINT('',(0.63902054470497,1.85557956052773,0.230000023843323));
#3997=CARTESIAN_POINT('',(4.71238898038469,0.13341499697313));
#3998=CARTESIAN_POINT('',(4.67440649894949,0.13377441402026));
#3999=CARTESIAN_POINT('',(4.6364240933522,0.134141523088139));
#4000=CARTESIAN_POINT('',(4.59844173446991,0.134513635392693));
#4001=CARTESIAN_POINT('',(-3.162036805587,-0.600547810464));
#4002=CARTESIAN_POINT('',(-3.165529060012,-0.600182770475));
#4003=CARTESIAN_POINT('',(-3.169035738375,-0.6));
#4004=CARTESIAN_POINT('',(-3.172547229114,-0.6));
#4005=CARTESIAN_POINT('',(-3.162036805587,-0.182036805587));
#4006=CARTESIAN_POINT('',(-3.162036805587,-0.600547810464));
#4007=CARTESIAN_POINT('',(-5.637963194413,-0.182036805587));
#4008=CARTESIAN_POINT('',(-3.162036805587,-0.182036805587));
#4009=CARTESIAN_POINT('',(-5.637963194413,-0.600547810464));
#4010=CARTESIAN_POINT('',(-5.637963194413,-0.182036805587));
#4011=CARTESIAN_POINT('',(-5.627452770886,-0.6));
#4012=CARTESIAN_POINT('',(-5.630964261625,-0.6));
#4013=CARTESIAN_POINT('',(-5.634470939988,-0.600182770475));
#4014=CARTESIAN_POINT('',(-5.637963194413,-0.600547810464));
#4015=CARTESIAN_POINT('',(3.10443651000392,3.895031750064,0.230000023842328));
#4016=CARTESIAN_POINT('',(0.649530968231929,3.895031750064,0.230000023842985));
#4017=CARTESIAN_POINT('',(-5.627452770886,-0.6));
#4018=CARTESIAN_POINT('',(-3.172547229114,-0.6));
#4019=CARTESIAN_POINT('',(-3.172547229114,0.200000000000022));
#4020=CARTESIAN_POINT('',(-3.18305765264,0.100000000000022));
#4021=CARTESIAN_POINT('',(-5.627452770886,0.199999999999039));
#4022=CARTESIAN_POINT('',(-3.172547229114,0.200000000000022));
#4023=CARTESIAN_POINT('',(-5.61694234736,0.0999999999990392));
#4024=CARTESIAN_POINT('',(-5.627452770886,0.199999999999039));
#4025=CARTESIAN_POINT('',(-3.18305765264,0.100000000000022));
#4026=CARTESIAN_POINT('',(-5.61694234736,0.0999999999990392));
#4027=CARTESIAN_POINT('',(-3.18305765264,-0.100000000000022));
#4028=CARTESIAN_POINT('',(-3.172547229114,-0.200000000000022));
#4029=CARTESIAN_POINT('',(-5.61694234736,-0.0999999999990392));
#4030=CARTESIAN_POINT('',(-3.18305765264,-0.100000000000022));
#4031=CARTESIAN_POINT('',(-5.627452770886,-0.199999999999039));
#4032=CARTESIAN_POINT('',(-5.61694234736,-0.0999999999990392));
#4033=CARTESIAN_POINT('',(3.10443651000392,1.855031750064,0.230000023842328));
#4034=CARTESIAN_POINT('',(0.649530968231929,1.855031750064,0.230000023842985));
#4035=CARTESIAN_POINT('',(-5.627452770886,-0.199999999999039));
#4036=CARTESIAN_POINT('',(-3.172547229114,-0.200000000000022));
#4037=CARTESIAN_POINT('',(-5.637963194413,0.600547810464));
#4038=CARTESIAN_POINT('',(-5.634470939988,0.600182770475));
#4039=CARTESIAN_POINT('',(-5.630964261625,0.6));
#4040=CARTESIAN_POINT('',(-5.627452770886,0.6));
#4041=CARTESIAN_POINT('',(-5.637963194413,0.182036805587));
#4042=CARTESIAN_POINT('',(-5.637963194413,0.600547810464));
#4043=CARTESIAN_POINT('',(-3.162036805587,0.182036805587));
#4044=CARTESIAN_POINT('',(-5.637963194413,0.182036805587));
#4045=CARTESIAN_POINT('',(-3.162036805587,0.600547810464));
#4046=CARTESIAN_POINT('',(-3.162036805587,0.182036805587));
#4047=CARTESIAN_POINT('',(-3.172547229114,0.6));
#4048=CARTESIAN_POINT('',(-3.169035738375,0.6));
#4049=CARTESIAN_POINT('',(-3.165529060012,0.600182770475));
#4050=CARTESIAN_POINT('',(-3.162036805587,0.600547810464));
#4051=CARTESIAN_POINT('',(-5.627452770886,0.6));
#4052=CARTESIAN_POINT('',(-3.172547229114,0.6));
#4053=CARTESIAN_POINT('',(3.093926086478,1.955031750064,0.0300000238424856));
#4054=CARTESIAN_POINT('',(3.093926086478,3.795031750064,0.0300000238424909));
#4055=CARTESIAN_POINT('',(1.5707963267949,0.1852));
#4056=CARTESIAN_POINT('',(1.5707963267949,2.0252));
#4057=CARTESIAN_POINT('',(0.113947245904305,2.0252));
#4058=CARTESIAN_POINT('',(1.5707963267949,2.0252));
#4059=CARTESIAN_POINT('',(3.19337827601484,3.795031750064,0.119547177515757));
#4060=CARTESIAN_POINT('',(3.19337827601484,1.955031750064,0.119547177515757));
#4061=CARTESIAN_POINT('',(0.113947245904305,2.0252));
#4062=CARTESIAN_POINT('',(0.113947245904305,0.1852));
#4063=CARTESIAN_POINT('',(1.5707963267949,0.1852));
#4064=CARTESIAN_POINT('',(0.113947245904305,0.1852));
#4065=CARTESIAN_POINT('',(3.17753154958094,1.27503175006449,0.915000023842048));
#4066=CARTESIAN_POINT('',(3.114946933531,1.33761636611424,0.319547177515838));
#4067=CARTESIAN_POINT('',(3.14159265359323,0.700742526772161));
#4068=CARTESIAN_POINT('',(3.14159265358906,0.0987477090781724));
#4069=CARTESIAN_POINT('',(4.70028006364339,0.0987477090781722));
#4070=CARTESIAN_POINT('',(3.14159265358906,0.0987477090781724));
#4071=CARTESIAN_POINT('',(3.21439912306778,1.43706855565099,0.319547177515836));
#4072=CARTESIAN_POINT('',(3.2769837391175,1.37448393960103,0.915000023842045));
#4073=CARTESIAN_POINT('',(4.70028006364339,0.0987477090781722));
#4074=CARTESIAN_POINT('',(4.70028006363923,0.70074252677216));
#4075=CARTESIAN_POINT('',(3.2769837391175,1.37448393960103,0.915000023842045));
#4076=CARTESIAN_POINT('',(3.27698373911748,1.36035227568804,0.915000023842047));
#4077=CARTESIAN_POINT('',(3.27698373911736,1.34362488403611,0.942935744980065));
#4078=CARTESIAN_POINT('',(3.27698373911714,1.32503175006423,0.997588068971078));
#4079=CARTESIAN_POINT('',(4.70028006363923,0.70074252677216));
#4080=CARTESIAN_POINT('',(4.5481446597893,0.702180697268671));
#4081=CARTESIAN_POINT('',(4.40890891136725,0.730226723202709));
#4082=CARTESIAN_POINT('',(4.26801624871715,0.787574225822042));
#4083=CARTESIAN_POINT('',(3.27698373911714,1.32503175006423,0.997588068971078));
#4084=CARTESIAN_POINT('',(3.27698373911712,1.31853098057705,1.01669631402864));
#4085=CARTESIAN_POINT('',(3.27569823004871,1.31199982346608,1.03030159441948));
#4086=CARTESIAN_POINT('',(3.27069537310017,1.29988761828495,1.04791072233568));
#4087=CARTESIAN_POINT('',(3.26698434024103,1.29432167120336,1.05217362523864));
#4088=CARTESIAN_POINT('',(3.25768811289898,1.28502544759663,1.05219222241594));
#4089=CARTESIAN_POINT('',(3.2521281763211,1.28132038233001,1.04795020865618));
#4090=CARTESIAN_POINT('',(3.24002544113525,1.27632115691769,1.03020249247289));
#4091=CARTESIAN_POINT('',(3.23348353962178,1.27503175006487,1.0166934658147));
#4092=CARTESIAN_POINT('',(3.22698373911776,1.27503175006485,0.997588068971078));
#4093=CARTESIAN_POINT('',(4.26801624871715,0.787574225822042));
#4094=CARTESIAN_POINT('',(4.08387004873344,0.862527204149226));
#4095=CARTESIAN_POINT('',(3.75938075331796,0.862367092808506));
#4096=CARTESIAN_POINT('',(3.57526078209783,0.787574225822042));
#4097=CARTESIAN_POINT('',(3.22698373911776,1.27503175006485,0.997588068971078));
#4098=CARTESIAN_POINT('',(3.20839060514587,1.27503175006464,0.942935744980066));
#4099=CARTESIAN_POINT('',(3.19166321349393,1.27503175006452,0.915000023842049));
#4100=CARTESIAN_POINT('',(3.17753154958094,1.27503175006449,0.915000023842048));
#4101=CARTESIAN_POINT('',(3.57526078209783,0.787574225822042));
#4102=CARTESIAN_POINT('',(3.43389166306987,0.73014752929015));
#4103=CARTESIAN_POINT('',(3.29417158985216,0.702178427015862));
#4104=CARTESIAN_POINT('',(3.14159265359323,0.700742526772161));
#4105=CARTESIAN_POINT('',(0.476983739119227,1.37448393960103,0.915000023842038));
#4106=CARTESIAN_POINT('',(0.539568355168786,1.43706855565097,0.319547177516144));
#4107=CARTESIAN_POINT('',(1.58290524354279,0.700742526770936));
#4108=CARTESIAN_POINT('',(1.58290524353853,0.0987477090775284));
#4109=CARTESIAN_POINT('',(3.14159265358817,0.0987477090775283));
#4110=CARTESIAN_POINT('',(1.58290524353853,0.0987477090775284));
#4111=CARTESIAN_POINT('',(0.63902054470503,1.33761636611429,0.319547177516099));
#4112=CARTESIAN_POINT('',(0.576435928655169,1.27503175006456,0.915000023842086));
#4113=CARTESIAN_POINT('',(3.14159265358817,0.0987477090775283));
#4114=CARTESIAN_POINT('',(3.14159265358979,0.70074252677104));
#4115=CARTESIAN_POINT('',(0.576435928655169,1.27503175006456,0.915000023842086));
#4116=CARTESIAN_POINT('',(0.562304264742173,1.27503175006458,0.915000023842085));
#4117=CARTESIAN_POINT('',(0.545576873090188,1.27503175006467,0.942935744980075));
#4118=CARTESIAN_POINT('',(0.52698373911921,1.27503175006481,0.997588068971073));
#4119=CARTESIAN_POINT('',(3.14159265358979,0.70074252677104));
#4120=CARTESIAN_POINT('',(2.98901371733228,0.702178427014727));
#4121=CARTESIAN_POINT('',(2.84929364411596,0.730147529286306));
#4122=CARTESIAN_POINT('',(2.70792452508962,0.7875742258208));
#4123=CARTESIAN_POINT('',(0.52698373911921,1.27503175006481,0.997588068971073));
#4124=CARTESIAN_POINT('',(0.520482969631985,1.27503175006483,1.01669631402157));
#4125=CARTESIAN_POINT('',(0.513951812521018,1.27631725913324,1.03030159441775));
#4126=CARTESIAN_POINT('',(0.50183960733987,1.28132011608178,1.04791072233494));
#4127=CARTESIAN_POINT('',(0.496273660258259,1.28503114894091,1.05217362523832));
#4128=CARTESIAN_POINT('',(0.486977436651502,1.29432737628296,1.05219222241622));
#4129=CARTESIAN_POINT('',(0.483272371384867,1.29988731286083,1.04795020865671));
#4130=CARTESIAN_POINT('',(0.478273145972517,1.31199004804667,1.03020249247341));
#4131=CARTESIAN_POINT('',(0.476983739119691,1.31853194956014,1.01669346581467));
#4132=CARTESIAN_POINT('',(0.476983739119655,1.32503175006415,0.99758806897105));
#4133=CARTESIAN_POINT('',(2.70792452508962,0.7875742258208));
#4134=CARTESIAN_POINT('',(2.5238042430541,0.862367219043227));
#4135=CARTESIAN_POINT('',(2.19931556931308,0.862527330667509));
#4136=CARTESIAN_POINT('',(2.01516905846752,0.7875742258208));
#4137=CARTESIAN_POINT('',(1.58290524354279,0.700742526770936));
#4138=CARTESIAN_POINT('',(1.73504064739355,0.702180697267447));
#4139=CARTESIAN_POINT('',(1.87427639581651,0.730226723201535));
#4140=CARTESIAN_POINT('',(2.01516905846752,0.7875742258208));
#4141=CARTESIAN_POINT('',(0.56058920222134,1.955031750064,0.119547177516027));
#4142=CARTESIAN_POINT('',(0.56058920222134,3.795031750064,0.119547177516027));
#4143=CARTESIAN_POINT('',(0.113947245914915,2.0252));
#4144=CARTESIAN_POINT('',(0.113947245914916,0.1852));
#4145=CARTESIAN_POINT('',(1.5707963267949,0.1852));
#4146=CARTESIAN_POINT('',(0.113947245914916,0.1852));
#4147=CARTESIAN_POINT('',(0.660041391757996,3.795031750064,0.0300000238429996));
#4148=CARTESIAN_POINT('',(0.660041391757996,1.955031750064,0.0300000238429942));
#4149=CARTESIAN_POINT('',(1.5707963267949,0.1852));
#4150=CARTESIAN_POINT('',(1.5707963267949,2.0252));
#4151=CARTESIAN_POINT('',(0.113947245914915,2.0252));
#4152=CARTESIAN_POINT('',(1.5707963267949,2.0252));
#4153=CARTESIAN_POINT('',(3.27698373911739,4.37557956052697,0.915000023842057));
#4154=CARTESIAN_POINT('',(3.2143991230677,4.31299494447702,0.319547177515845));
#4155=CARTESIAN_POINT('',(1.58290524354402,0.70074252677215));
#4156=CARTESIAN_POINT('',(1.58290524353986,0.098747709078162));
#4157=CARTESIAN_POINT('',(3.14159265358832,0.0987477090781618));
#4158=CARTESIAN_POINT('',(1.58290524353986,0.098747709078162));
#4159=CARTESIAN_POINT('',(3.11494693353092,4.41244713401342,0.319547177515791));
#4160=CARTESIAN_POINT('',(3.17753154958078,4.47503175006273,0.915000023842042));
#4161=CARTESIAN_POINT('',(3.14159265358832,0.0987477090781618));
#4162=CARTESIAN_POINT('',(3.14159265358979,0.700742526772046));
#4163=CARTESIAN_POINT('',(3.17753154958078,4.47503175006273,0.915000023842042));
#4164=CARTESIAN_POINT('',(3.19166321349378,4.4750317500627,0.915000023842037));
#4165=CARTESIAN_POINT('',(3.2083906051458,4.47503175006255,0.942935744980054));
#4166=CARTESIAN_POINT('',(3.22698373911783,4.47503175006229,0.997588068971057));
#4167=CARTESIAN_POINT('',(3.14159265358979,0.700742526772046));
#4168=CARTESIAN_POINT('',(2.98901371732799,0.702178427015761));
#4169=CARTESIAN_POINT('',(2.84929364410712,0.730147529289479));
#4170=CARTESIAN_POINT('',(2.70792452507606,0.787574225821928));
#4171=CARTESIAN_POINT('',(3.22698373911783,4.47503175006229,0.997588068971057));
#4172=CARTESIAN_POINT('',(3.233484508605,4.47503175006226,1.01669631402861));
#4173=CARTESIAN_POINT('',(3.24001566571597,4.47374624099384,1.03030159441997));
#4174=CARTESIAN_POINT('',(3.25212787089708,4.46874338404527,1.04791072233614));
#4175=CARTESIAN_POINT('',(3.25769381797867,4.46503235118612,1.05217362523892));
#4176=CARTESIAN_POINT('',(3.26699004158538,4.45573612384404,1.05219222241564));
#4177=CARTESIAN_POINT('',(3.27069510685199,4.45017618726616,1.04795020865543));
#4178=CARTESIAN_POINT('',(3.2756943322643,4.43807345208028,1.03020249247116));
#4179=CARTESIAN_POINT('',(3.27698373911711,4.43153155056682,1.01669346581013));
#4180=CARTESIAN_POINT('',(3.27698373911713,4.42503175006276,0.99758806897108));
#4181=CARTESIAN_POINT('',(2.70792452507606,0.787574225821928));
#4182=CARTESIAN_POINT('',(2.5238042430501,0.86236721907341));
#4183=CARTESIAN_POINT('',(2.19931556928165,0.862527330639625));
#4184=CARTESIAN_POINT('',(2.01516905845517,0.787574225821928));
#4185=CARTESIAN_POINT('',(3.27698373911713,4.42503175006276,0.99758806897108));
#4186=CARTESIAN_POINT('',(3.27698373911729,4.40643861609188,0.942935744980072));
#4187=CARTESIAN_POINT('',(3.27698373911737,4.38971122443995,0.915000023842056));
#4188=CARTESIAN_POINT('',(3.27698373911739,4.37557956052697,0.915000023842057));
#4189=CARTESIAN_POINT('',(2.01516905845517,0.787574225821928));
#4190=CARTESIAN_POINT('',(1.87427639580889,0.730226723200518));
#4191=CARTESIAN_POINT('',(1.73504064739049,0.702180697268631));
#4192=CARTESIAN_POINT('',(1.58290524354402,0.70074252677215));
#4193=CARTESIAN_POINT('',(0.576435928655084,4.47503175006277,0.915000023842043));
#4194=CARTESIAN_POINT('',(0.63902054470503,4.41244713401347,0.319547177516157));
#4195=CARTESIAN_POINT('',(3.14159265359569,0.700742526770926));
#4196=CARTESIAN_POINT('',(3.14159265359142,0.0987477090775177));
#4197=CARTESIAN_POINT('',(4.70028006364104,0.0987477090775179));
#4198=CARTESIAN_POINT('',(3.14159265359142,0.0987477090775177));
#4199=CARTESIAN_POINT('',(0.539568355168786,4.31299494447703,0.319547177516144));
#4200=CARTESIAN_POINT('',(0.476983739119227,4.37557956052697,0.915000023842038));
#4201=CARTESIAN_POINT('',(4.70028006364104,0.0987477090775179));
#4202=CARTESIAN_POINT('',(4.70028006363679,0.700742526770926));
#4203=CARTESIAN_POINT('',(4.26801624872095,0.787574225820685));
#4204=CARTESIAN_POINT('',(4.40890891136884,0.730226723199328));
#4205=CARTESIAN_POINT('',(4.54814465978885,0.70218069726741));
#4206=CARTESIAN_POINT('',(4.70028006363679,0.700742526770926));
#4207=CARTESIAN_POINT('',(0.476983739119532,4.42503175006291,0.997588068971032));
#4208=CARTESIAN_POINT('',(0.47698373911957,4.43153251955013,1.01669631402152));
#4209=CARTESIAN_POINT('',(0.47826924818799,4.43806367666109,1.03030159441822));
#4210=CARTESIAN_POINT('',(0.483272105136567,4.45017588184224,1.04791072233539));
#4211=CARTESIAN_POINT('',(0.486983137995722,4.45574182892386,1.05217362523859));
#4212=CARTESIAN_POINT('',(0.496279365337808,4.46503805253061,1.0521922224159));
#4213=CARTESIAN_POINT('',(0.501839301915696,4.46874311779724,1.04795020865593));
#4214=CARTESIAN_POINT('',(0.51394203710157,4.47374234320959,1.03020249247166));
#4215=CARTESIAN_POINT('',(0.520483938615035,4.47503175006242,1.01669346581009));
#4216=CARTESIAN_POINT('',(0.526983739119089,4.47503175006246,0.997588068971032));
#4217=CARTESIAN_POINT('',(4.26801624872095,0.787574225820685));
#4218=CARTESIAN_POINT('',(4.0838700486697,0.862527204141675));
#4219=CARTESIAN_POINT('',(3.75938075338372,0.862367092813349));
#4220=CARTESIAN_POINT('',(3.57526078209402,0.787574225820685));
#4221=CARTESIAN_POINT('',(0.526983739119089,4.47503175006246,0.997588068971032));
#4222=CARTESIAN_POINT('',(0.545576873090087,4.47503175006264,0.942935744980033));
#4223=CARTESIAN_POINT('',(0.562304264742086,4.47503175006275,0.915000023842042));
#4224=CARTESIAN_POINT('',(0.576435928655084,4.47503175006277,0.915000023842043));
#4225=CARTESIAN_POINT('',(3.57526078209402,0.787574225820685));
#4226=CARTESIAN_POINT('',(3.43389166306828,0.730147529286869));
#4227=CARTESIAN_POINT('',(3.29417158985263,0.702178427014601));
#4228=CARTESIAN_POINT('',(3.14159265359569,0.700742526770926));
#4229=CARTESIAN_POINT('',(-4.18977760661455E-15,0.848528137423857));
#4230=CARTESIAN_POINT('',(0.249999999999996,0.848528137423858));
#4231=CARTESIAN_POINT('',(0.476983739118996,1.875031750064,1.550000023842));
#4232=CARTESIAN_POINT('',(1.076983739119,1.275031750064,1.550000023842));
#4233=CARTESIAN_POINT('',(-4.18977760661455E-15,0.848528137423857));
#4234=CARTESIAN_POINT('',(0.,0.));
#4235=CARTESIAN_POINT('',(1.076983739119,1.275031750064,1.550000023842));
#4236=CARTESIAN_POINT('',(1.076983739119,1.275031750064,1.800000023842));
#4237=CARTESIAN_POINT('',(0.,0.));
#4238=CARTESIAN_POINT('',(0.25,1.23442506554196E-15));
#4239=CARTESIAN_POINT('',(1.076983739119,1.275031750064,1.800000023842));
#4240=CARTESIAN_POINT('',(0.476983739118996,1.875031750064,1.800000023842));
#4241=CARTESIAN_POINT('',(0.25,1.23442506554196E-15));
#4242=CARTESIAN_POINT('',(0.249999999999996,0.848528137423858));
#4243=CARTESIAN_POINT('',(0.476983739119328,1.32503175006467,1.550000023842));
#4244=CARTESIAN_POINT('',(0.476983739119829,1.27503175006433,1.550000023842));
#4245=CARTESIAN_POINT('',(0.526983739119661,1.27503175006433,1.550000023842));
#4246=CARTESIAN_POINT('',(-1.5499999999995,1.399999999999));
#4247=CARTESIAN_POINT('',(-1.59999998314027,1.39999998314027));
#4248=CARTESIAN_POINT('',(-1.6,1.3499999999985));
#4249=CARTESIAN_POINT('',(0.526983739118997,1.27503175006433,1.550000023842));
#4250=CARTESIAN_POINT('',(1.076983739119,1.275031750064,1.550000023842));
#4251=CARTESIAN_POINT('',(-1.6,1.3499999999985));
#4252=CARTESIAN_POINT('',(-1.6,0.799999999999004));
#4253=CARTESIAN_POINT('',(-1.,1.399999999999));
#4254=CARTESIAN_POINT('',(-1.6,0.799999999999004));
#4255=CARTESIAN_POINT('',(-1.5499999999995,1.399999999999));
#4256=CARTESIAN_POINT('',(-1.,1.399999999999));
#4257=CARTESIAN_POINT('',(0.726983739118996,4.475031750063,1.06500002384167));
#4258=CARTESIAN_POINT('',(0.726983739118996,5.825031750063,1.06500002384167));
#4259=CARTESIAN_POINT('',(4.549999999999,0.));
#4260=CARTESIAN_POINT('',(5.899999999999,0.));
#4261=CARTESIAN_POINT('',(0.726983739118996,5.825031750063,1.06500002384167));
#4262=CARTESIAN_POINT('',(0.726983739118996,5.825031750063,0.915000023842008));
#4263=CARTESIAN_POINT('',(5.899999999999,0.));
#4264=CARTESIAN_POINT('',(5.899999999999,0.149999999999992));
#4265=CARTESIAN_POINT('',(0.726983739118996,5.825031750063,0.915000023842008));
#4266=CARTESIAN_POINT('',(0.726983739118996,4.475031750063,0.915000023842008));
#4267=CARTESIAN_POINT('',(5.899999999999,0.149999999999992));
#4268=CARTESIAN_POINT('',(4.549999999999,0.149999999999992));
#4269=CARTESIAN_POINT('',(0.726983739118996,4.475031750063,0.915000023842008));
#4270=CARTESIAN_POINT('',(0.726983739118996,4.475031750063,1.06500002384167));
#4271=CARTESIAN_POINT('',(4.549999999999,0.149999999999992));
#4272=CARTESIAN_POINT('',(4.549999999999,0.));
#4273=CARTESIAN_POINT('',(3.02698373911725,4.475031750063,0.915000023841992));
#4274=CARTESIAN_POINT('',(3.02698373911733,5.825031750063,0.915000023841992));
#4275=CARTESIAN_POINT('',(4.549999999999,-0.149999999999008));
#4276=CARTESIAN_POINT('',(5.899999999999,-0.149999999999008));
#4277=CARTESIAN_POINT('',(3.02698373911733,5.825031750063,0.915000023841992));
#4278=CARTESIAN_POINT('',(3.026983739118,5.825031750063,1.065000023841));
#4279=CARTESIAN_POINT('',(5.899999999999,-0.149999999999008));
#4280=CARTESIAN_POINT('',(5.899999999999,0.));
#4281=CARTESIAN_POINT('',(3.026983739118,5.825031750063,1.065000023841));
#4282=CARTESIAN_POINT('',(3.026983739118,4.475031750063,1.065000023841));
#4283=CARTESIAN_POINT('',(5.899999999999,0.));
#4284=CARTESIAN_POINT('',(4.549999999999,0.));
#4285=CARTESIAN_POINT('',(3.026983739118,4.475031750063,1.065000023841));
#4286=CARTESIAN_POINT('',(3.02698373911725,4.475031750063,0.915000023841992));
#4287=CARTESIAN_POINT('',(4.549999999999,0.));
#4288=CARTESIAN_POINT('',(4.549999999999,-0.149999999999008));
#4289=CARTESIAN_POINT('',(-0.449999999999,2.949999999999));
#4290=CARTESIAN_POINT('',(-0.45,1.599999999999));
#4291=CARTESIAN_POINT('',(2.32698373911733,5.825031750063,0.915000023841997));
#4292=CARTESIAN_POINT('',(3.02698373911733,5.825031750063,0.915000023841992));
#4293=CARTESIAN_POINT('',(-0.449999999999,2.949999999999));
#4294=CARTESIAN_POINT('',(-1.149999999999,2.949999999999));
#4295=CARTESIAN_POINT('',(-1.149999999999,1.599999999999));
#4296=CARTESIAN_POINT('',(-1.149999999999,2.949999999999));
#4297=CARTESIAN_POINT('',(3.02698373911725,4.475031750063,0.915000023841992));
#4298=CARTESIAN_POINT('',(2.326983739118,4.475031750063,0.915000023841997));
#4299=CARTESIAN_POINT('',(-1.149999999999,1.599999999999));
#4300=CARTESIAN_POINT('',(-0.45,1.599999999999));
#4301=CARTESIAN_POINT('',(1.599999999999,-0.449999999999999));
#4302=CARTESIAN_POINT('',(2.949999999999,-0.449999999999999));
#4303=CARTESIAN_POINT('',(2.326983739118,4.475031750063,1.065000023841));
#4304=CARTESIAN_POINT('',(3.026983739118,4.475031750063,1.065000023841));
#4305=CARTESIAN_POINT('',(1.599999999999,-0.449999999999999));
#4306=CARTESIAN_POINT('',(1.599999999999,-1.15));
#4307=CARTESIAN_POINT('',(2.949999999999,-1.15));
#4308=CARTESIAN_POINT('',(1.599999999999,-1.15));
#4309=CARTESIAN_POINT('',(3.026983739118,5.825031750063,1.065000023841));
#4310=CARTESIAN_POINT('',(2.326983739118,5.825031750063,1.065000023841));
#4311=CARTESIAN_POINT('',(2.949999999999,-1.15));
#4312=CARTESIAN_POINT('',(2.949999999999,-0.449999999999999));
#4313=CARTESIAN_POINT('',(-1.599999999999,-9.88832893571204E-13));
#4314=CARTESIAN_POINT('',(-1.599999999998,-0.149999999999992));
#4315=CARTESIAN_POINT('',(-2.299999999999,-9.83944819696823E-13));
#4316=CARTESIAN_POINT('',(-1.599999999999,-9.88832893571204E-13));
#4317=CARTESIAN_POINT('',(-2.299999999998,-0.149999999999992));
#4318=CARTESIAN_POINT('',(-2.299999999999,-9.83944819696823E-13));
#4319=CARTESIAN_POINT('',(-1.599999999998,-0.149999999999992));
#4320=CARTESIAN_POINT('',(-2.299999999998,-0.149999999999992));
#4321=CARTESIAN_POINT('',(0.05,2.549999999999));
#4322=CARTESIAN_POINT('',(0.05,5.00044450291171E-13));
#4323=CARTESIAN_POINT('',(-0.55,3.149999999999));
#4324=CARTESIAN_POINT('',(0.05,2.549999999999));
#4325=CARTESIAN_POINT('',(1.076983739119,1.275031750064,1.800000023842));
#4326=CARTESIAN_POINT('',(3.22698373911783,1.27503175006433,1.80000002384133));
#4327=CARTESIAN_POINT('',(-0.55,3.149999999999));
#4328=CARTESIAN_POINT('',(-2.6999999999985,3.149999999999));
#4329=CARTESIAN_POINT('',(3.22698373911733,1.27503175006433,1.80000002384133));
#4330=CARTESIAN_POINT('',(3.27698373911766,1.27503175006483,1.800000023841));
#4331=CARTESIAN_POINT('',(3.27698373911766,1.32503175006467,1.80000002384133));
#4332=CARTESIAN_POINT('',(-2.6999999999985,3.149999999999));
#4333=CARTESIAN_POINT('',(-2.74999998313927,3.14999998314027));
#4334=CARTESIAN_POINT('',(-2.749999999999,3.0999999999985));
#4335=CARTESIAN_POINT('',(3.27698373911766,1.325031750064,1.80000002384133));
#4336=CARTESIAN_POINT('',(3.27698373911766,4.42503175006283,1.80000002384133));
#4337=CARTESIAN_POINT('',(-2.749999999999,3.0999999999985));
#4338=CARTESIAN_POINT('',(-2.749999999999,4.99933427988708E-13));
#4339=CARTESIAN_POINT('',(3.27698373911766,4.42503175006233,1.80000002384133));
#4340=CARTESIAN_POINT('',(3.27698373911716,4.47503175006266,1.800000023841));
#4341=CARTESIAN_POINT('',(3.22698373911733,4.47503175006266,1.80000002384133));
#4342=CARTESIAN_POINT('',(-2.749999999999,4.99933427988708E-13));
#4343=CARTESIAN_POINT('',(-2.74999998314027,-0.0499999831402679));
#4344=CARTESIAN_POINT('',(-2.6999999999985,-0.05));
#4345=CARTESIAN_POINT('',(3.226983739118,4.47503175006266,1.80000002384133));
#4346=CARTESIAN_POINT('',(0.526983739119164,4.47503175006266,1.800000023842));
#4347=CARTESIAN_POINT('',(-2.6999999999985,-0.05));
#4348=CARTESIAN_POINT('',(-5.00155472593633E-13,-0.0500000000000002));
#4349=CARTESIAN_POINT('',(0.526983739119659,4.47503175006266,1.800000023842));
#4350=CARTESIAN_POINT('',(0.476983739119332,4.47503175006217,1.800000023842));
#4351=CARTESIAN_POINT('',(0.476983739119332,4.42503175006233,1.800000023842));
#4352=CARTESIAN_POINT('',(-5.00155472593633E-13,-0.0500000000000002));
#4353=CARTESIAN_POINT('',(0.0499999831402679,-0.0499999831412664));
#4354=CARTESIAN_POINT('',(0.05,5.00044450291171E-13));
#4355=CARTESIAN_POINT('',(1.876983739118,4.175031750064,1.800000023842));
#4356=CARTESIAN_POINT('',(3.176983739118,4.175031750064,1.80000002384199));
#4357=CARTESIAN_POINT('',(3.176983739118,2.875031750064,1.80000002384199));
#4358=CARTESIAN_POINT('',(3.176983739118,1.575031750064,1.80000002384199));
#4359=CARTESIAN_POINT('',(1.876983739118,1.575031750064,1.800000023842));
#4360=CARTESIAN_POINT('',(-1.34999999999901,0.249999999999));
#4361=CARTESIAN_POINT('',(-2.64999999999901,0.249999999999));
#4362=CARTESIAN_POINT('',(-2.64999999999901,1.549999999999));
#4363=CARTESIAN_POINT('',(-2.64999999999901,2.849999999999));
#4364=CARTESIAN_POINT('',(-1.34999999999901,2.849999999999));
#4365=CARTESIAN_POINT('',(1.876983739118,1.575031750064,1.800000023842));
#4366=CARTESIAN_POINT('',(0.576983739118,1.575031750064,1.80000002384201));
#4367=CARTESIAN_POINT('',(0.576983739118001,2.875031750064,1.80000002384201));
#4368=CARTESIAN_POINT('',(0.576983739118001,4.175031750064,1.80000002384201));
#4369=CARTESIAN_POINT('',(1.876983739118,4.175031750064,1.800000023842));
#4370=CARTESIAN_POINT('',(-1.34999999999901,2.849999999999));
#4371=CARTESIAN_POINT('',(-0.0499999999990063,2.849999999999));
#4372=CARTESIAN_POINT('',(-0.0499999999990062,1.549999999999));
#4373=CARTESIAN_POINT('',(-0.0499999999990065,0.249999999999));
#4374=CARTESIAN_POINT('',(-1.34999999999901,0.249999999999));
#4375=CARTESIAN_POINT('',(3.27698373911766,4.42503175006283,1.80000002384133));
#4376=CARTESIAN_POINT('',(3.27698373911713,4.42503175006276,0.99758806897108));
#4377=CARTESIAN_POINT('',(3.14159265358979,0.0814411954870001));
#4378=CARTESIAN_POINT('',(3.14159265358979,0.883853150357));
#4379=CARTESIAN_POINT('',(1.5707963267949,0.883853150357));
#4380=CARTESIAN_POINT('',(2.12093135425752,0.811060009499696));
#4381=CARTESIAN_POINT('',(2.5914576261304,0.811060009526735));
#4382=CARTESIAN_POINT('',(3.14159265358979,0.883853150357));
#4383=CARTESIAN_POINT('',(3.22698373911783,4.47503175006229,0.997588068971057));
#4384=CARTESIAN_POINT('',(3.226983739118,4.47503175006266,1.80000002384133));
#4385=CARTESIAN_POINT('',(1.5707963267949,0.883853150357));
#4386=CARTESIAN_POINT('',(1.5707963267949,0.0814411954870005));
#4387=CARTESIAN_POINT('',(3.14159265358979,0.0814411954870001));
#4388=CARTESIAN_POINT('',(1.5707963267949,0.0814411954870005));
#4389=CARTESIAN_POINT('',(3.099999999999,-0.80241195487));
#4390=CARTESIAN_POINT('',(3.081406866028,-0.857064278861));
#4391=CARTESIAN_POINT('',(3.064679474376,-0.884999999999011));
#4392=CARTESIAN_POINT('',(3.050547810463,-0.88499999999901));
#4393=CARTESIAN_POINT('',(3.099999999999,0.));
#4394=CARTESIAN_POINT('',(3.099999999999,-0.80241195487));
#4395=CARTESIAN_POINT('',(0.,0.));
#4396=CARTESIAN_POINT('',(3.099999999999,0.));
#4397=CARTESIAN_POINT('',(3.27698373911766,1.325031750064,1.80000002384133));
#4398=CARTESIAN_POINT('',(3.27698373911714,1.32503175006423,0.997588068971078));
#4399=CARTESIAN_POINT('',(0.,0.));
#4400=CARTESIAN_POINT('',(0.,-0.80241195487));
#4401=CARTESIAN_POINT('',(0.0494521895370001,-0.88499999999901));
#4402=CARTESIAN_POINT('',(0.035320525624,-0.884999999999009));
#4403=CARTESIAN_POINT('',(0.0185931339719999,-0.857064278861));
#4404=CARTESIAN_POINT('',(0.,-0.80241195487));
#4405=CARTESIAN_POINT('',(3.2769837391175,1.37448393960103,0.915000023842045));
#4406=CARTESIAN_POINT('',(3.27698373911739,4.37557956052697,0.915000023842057));
#4407=CARTESIAN_POINT('',(0.0494521895370001,-0.88499999999901));
#4408=CARTESIAN_POINT('',(3.050547810463,-0.88499999999901));
#4409=CARTESIAN_POINT('',(3.22698373911783,1.27503175006433,1.80000002384133));
#4410=CARTESIAN_POINT('',(3.22698373911776,1.27503175006485,0.997588068971078));
#4411=CARTESIAN_POINT('',(4.71238898038469,0.0814411954870006));
#4412=CARTESIAN_POINT('',(4.71238898038469,0.883853150357001));
#4413=CARTESIAN_POINT('',(3.14159265358979,0.883853150357));
#4414=CARTESIAN_POINT('',(3.69172768098483,0.811060009508879));
#4415=CARTESIAN_POINT('',(4.16225395299069,0.811060009517535));
#4416=CARTESIAN_POINT('',(4.71238898038469,0.883853150357001));
#4417=CARTESIAN_POINT('',(3.14159265358979,0.0814411954870004));
#4418=CARTESIAN_POINT('',(3.14159265358979,0.883853150357));
#4419=CARTESIAN_POINT('',(4.71238898038469,0.0814411954870006));
#4420=CARTESIAN_POINT('',(3.14159265358979,0.0814411954870004));
#4421=CARTESIAN_POINT('',(0.526983739119164,4.47503175006266,1.800000023842));
#4422=CARTESIAN_POINT('',(0.526983739119089,4.47503175006246,0.997588068971032));
#4423=CARTESIAN_POINT('',(4.71238898038469,0.0814411954871004));
#4424=CARTESIAN_POINT('',(4.71238898038469,0.8838531503581));
#4425=CARTESIAN_POINT('',(3.14159265358979,0.883853150358101));
#4426=CARTESIAN_POINT('',(3.69172768115169,0.811060009514935));
#4427=CARTESIAN_POINT('',(4.16225395282266,0.811060009513806));
#4428=CARTESIAN_POINT('',(4.71238898038469,0.8838531503581));
#4429=CARTESIAN_POINT('',(3.14159265358979,0.0814411954871007));
#4430=CARTESIAN_POINT('',(3.14159265358979,0.883853150358101));
#4431=CARTESIAN_POINT('',(4.71238898038469,0.0814411954871004));
#4432=CARTESIAN_POINT('',(3.14159265358979,0.0814411954871007));
#4433=CARTESIAN_POINT('',(0.629999999999,-0.13305765264));
#4434=CARTESIAN_POINT('',(2.469999999999,-0.13305765264));
#4435=CARTESIAN_POINT('',(0.629999999999,-2.56694234736));
#4436=CARTESIAN_POINT('',(0.629999999999,-0.13305765264));
#4437=CARTESIAN_POINT('',(2.469999999999,-2.56694234736));
#4438=CARTESIAN_POINT('',(0.629999999999,-2.56694234736));
#4439=CARTESIAN_POINT('',(2.469999999999,-0.13305765264));
#4440=CARTESIAN_POINT('',(2.469999999999,-2.56694234736));
#4441=CARTESIAN_POINT('',(-0.598732767070375,2.987963194413));
#4442=CARTESIAN_POINT('',(-6.15124925804497E-18,3.050547810463));
#4443=CARTESIAN_POINT('',(-0.598732767070375,2.47));
#4444=CARTESIAN_POINT('',(-0.598732767070375,2.987963194413));
#4445=CARTESIAN_POINT('',(-0.799834422983169,2.47));
#4446=CARTESIAN_POINT('',(-0.598732767070375,2.47));
#4447=CARTESIAN_POINT('',(-0.799834422983169,0.63));
#4448=CARTESIAN_POINT('',(-0.799834422983169,2.47));
#4449=CARTESIAN_POINT('',(-0.598732767070375,0.63));
#4450=CARTESIAN_POINT('',(-0.799834422983169,0.63));
#4451=CARTESIAN_POINT('',(-0.598732767070375,0.112036805587));
#4452=CARTESIAN_POINT('',(-0.598732767070375,0.63));
#4453=CARTESIAN_POINT('',(-6.15124925804497E-18,0.0494521895370001));
#4454=CARTESIAN_POINT('',(-0.598732767070375,0.112036805587));
#4455=CARTESIAN_POINT('',(-6.15124925804497E-18,3.050547810463));
#4456=CARTESIAN_POINT('',(-6.15124925804497E-18,0.0494521895370001));
#4457=CARTESIAN_POINT('',(-0.598732767070478,-0.112036805586004));
#4458=CARTESIAN_POINT('',(2.2030630040888E-17,-0.0494521895360001));
#4459=CARTESIAN_POINT('',(-0.598732767070461,-2.587963194412));
#4460=CARTESIAN_POINT('',(-0.598732767070478,-0.112036805586004));
#4461=CARTESIAN_POINT('',(9.96644395709777E-18,-2.650547810462));
#4462=CARTESIAN_POINT('',(-0.598732767070461,-2.587963194412));
#4463=CARTESIAN_POINT('',(3.17753154958094,1.27503175006449,0.915000023842048));
#4464=CARTESIAN_POINT('',(3.02698373911725,1.275031750064,0.915000023841992));
#4465=CARTESIAN_POINT('',(9.96644395709777E-18,-2.650547810462));
#4466=CARTESIAN_POINT('',(1.33897193155812E-17,-2.499999999998));
#4467=CARTESIAN_POINT('',(3.02698373911725,1.275031750064,0.915000023841992));
#4468=CARTESIAN_POINT('',(2.326983739118,1.2750317500645,0.915000023841971));
#4469=CARTESIAN_POINT('',(1.33897193155812E-17,-2.499999999998));
#4470=CARTESIAN_POINT('',(-1.04529789635887E-13,-1.799999999999));
#4471=CARTESIAN_POINT('',(2.326983739118,1.2750317500645,0.915000023841971));
#4472=CARTESIAN_POINT('',(1.426983739118,1.275031750064,0.915000023842003));
#4473=CARTESIAN_POINT('',(-1.04529789635887E-13,-1.799999999999));
#4474=CARTESIAN_POINT('',(2.16829793058807E-17,-0.899999999999));
#4475=CARTESIAN_POINT('',(1.426983739118,1.275031750064,0.915000023842003));
#4476=CARTESIAN_POINT('',(0.726983739118996,1.275031750064,0.915000023842008));
#4477=CARTESIAN_POINT('',(2.16829793058807E-17,-0.899999999999));
#4478=CARTESIAN_POINT('',(1.86073546824034E-17,-0.2));
#4479=CARTESIAN_POINT('',(0.726983739118996,1.275031750064,0.915000023842008));
#4480=CARTESIAN_POINT('',(0.576435928655169,1.27503175006456,0.915000023842086));
#4481=CARTESIAN_POINT('',(1.86073546824034E-17,-0.2));
#4482=CARTESIAN_POINT('',(2.2030630040888E-17,-0.0494521895360001));
#4483=CARTESIAN_POINT('',(0.59873276707046,2.47));
#4484=CARTESIAN_POINT('',(0.799834422983253,2.47));
#4485=CARTESIAN_POINT('',(0.59873276707046,2.987963194413));
#4486=CARTESIAN_POINT('',(0.59873276707046,2.47));
#4487=CARTESIAN_POINT('',(-6.15124925804497E-18,3.050547810463));
#4488=CARTESIAN_POINT('',(0.59873276707046,2.987963194413));
#4489=CARTESIAN_POINT('',(-6.15124925804497E-18,0.0494521895370001));
#4490=CARTESIAN_POINT('',(-6.15124925804497E-18,3.050547810463));
#4491=CARTESIAN_POINT('',(0.59873276707046,0.112036805587));
#4492=CARTESIAN_POINT('',(-6.15124925804497E-18,0.0494521895370001));
#4493=CARTESIAN_POINT('',(0.59873276707046,0.63));
#4494=CARTESIAN_POINT('',(0.59873276707046,0.112036805587));
#4495=CARTESIAN_POINT('',(0.799834422983253,0.63));
#4496=CARTESIAN_POINT('',(0.59873276707046,0.63));
#4497=CARTESIAN_POINT('',(0.799834422983253,2.47));
#4498=CARTESIAN_POINT('',(0.799834422983253,0.63));
#4499=CARTESIAN_POINT('',(0.598732767070356,-2.587963194412));
#4500=CARTESIAN_POINT('',(-1.17935127960562E-18,-2.650547810462));
#4501=CARTESIAN_POINT('',(0.598732767070373,-0.112036805586004));
#4502=CARTESIAN_POINT('',(0.598732767070356,-2.587963194412));
#4503=CARTESIAN_POINT('',(-2.2030630040888E-17,-0.0494521895360001));
#4504=CARTESIAN_POINT('',(0.598732767070373,-0.112036805586004));
#4505=CARTESIAN_POINT('',(0.576435928655084,4.47503175006277,0.915000023842043));
#4506=CARTESIAN_POINT('',(0.726983739118996,4.475031750063,0.915000023842008));
#4507=CARTESIAN_POINT('',(-2.2030630040888E-17,-0.0494521895360001));
#4508=CARTESIAN_POINT('',(-1.86073546824034E-17,-0.2));
#4509=CARTESIAN_POINT('',(0.726983739118996,4.475031750063,0.915000023842008));
#4510=CARTESIAN_POINT('',(1.426983739118,4.475031750063,0.915000023842003));
#4511=CARTESIAN_POINT('',(-1.86073546824034E-17,-0.2));
#4512=CARTESIAN_POINT('',(5.92054836241371E-18,-0.899999999999));
#4513=CARTESIAN_POINT('',(1.426983739118,4.475031750063,0.915000023842003));
#4514=CARTESIAN_POINT('',(2.326983739118,4.475031750063,0.915000023841997));
#4515=CARTESIAN_POINT('',(5.92054836241371E-18,-0.899999999999));
#4516=CARTESIAN_POINT('',(-2.9130529682906E-17,-1.799999999999));
#4517=CARTESIAN_POINT('',(-4.60262663808903E-18,-2.499999999998));
#4518=CARTESIAN_POINT('',(-2.9130529682906E-17,-1.799999999999));
#4519=CARTESIAN_POINT('',(3.02698373911725,4.475031750063,0.915000023841992));
#4520=CARTESIAN_POINT('',(3.17753154958078,4.47503175006273,0.915000023842042));
#4521=CARTESIAN_POINT('',(-4.60262663808903E-18,-2.499999999998));
#4522=CARTESIAN_POINT('',(-1.17935127960562E-18,-2.650547810462));
#4523=CARTESIAN_POINT('',(-0.802411954871,5.60321273299326E-15));
#4524=CARTESIAN_POINT('',(-0.857064278862,0.018593133971006));
#4525=CARTESIAN_POINT('',(-0.884999999999991,0.0353205256230063));
#4526=CARTESIAN_POINT('',(-0.884999999999991,0.0494521895360062));
#4527=CARTESIAN_POINT('',(0.,0.));
#4528=CARTESIAN_POINT('',(-0.802411954871,5.60321273299326E-15));
#4529=CARTESIAN_POINT('',(-9.81123879050133E-13,2.699999999999));
#4530=CARTESIAN_POINT('',(0.,0.));
#4531=CARTESIAN_POINT('',(-0.802411954870981,2.69999999999901));
#4532=CARTESIAN_POINT('',(-9.81123879050133E-13,2.699999999999));
#4533=CARTESIAN_POINT('',(-0.884999999999991,2.65054781046201));
#4534=CARTESIAN_POINT('',(-0.884999999999996,2.66467947437501));
#4535=CARTESIAN_POINT('',(-0.857064278861981,2.68140686602701));
#4536=CARTESIAN_POINT('',(-0.802411954870981,2.69999999999901));
#4537=CARTESIAN_POINT('',(-0.884999999999991,2.49999999999801));
#4538=CARTESIAN_POINT('',(-0.884999999999991,2.65054781046201));
#4539=CARTESIAN_POINT('',(-0.735000000000983,2.49999999999901));
#4540=CARTESIAN_POINT('',(-0.884999999999991,2.49999999999801));
#4541=CARTESIAN_POINT('',(-0.735000000000987,1.79999999999901));
#4542=CARTESIAN_POINT('',(-0.735000000000983,2.49999999999901));
#4543=CARTESIAN_POINT('',(-0.884999999999991,1.79999999999901));
#4544=CARTESIAN_POINT('',(-0.735000000000987,1.79999999999901));
#4545=CARTESIAN_POINT('',(-0.884999999999991,0.899999999999006));
#4546=CARTESIAN_POINT('',(-0.884999999999991,1.79999999999901));
#4547=CARTESIAN_POINT('',(-0.734999999999994,0.900000000000005));
#4548=CARTESIAN_POINT('',(-0.884999999999991,0.899999999999006));
#4549=CARTESIAN_POINT('',(1.42698373911866,4.475031750063,1.06500002384167));
#4550=CARTESIAN_POINT('',(0.726983739118996,4.475031750063,1.06500002384167));
#4551=CARTESIAN_POINT('',(-0.734999999999994,0.900000000000005));
#4552=CARTESIAN_POINT('',(-0.734999999999999,0.200000000000005));
#4553=CARTESIAN_POINT('',(-0.884999999999991,0.200000000000006));
#4554=CARTESIAN_POINT('',(-0.734999999999999,0.200000000000005));
#4555=CARTESIAN_POINT('',(-0.884999999999991,0.0494521895360062));
#4556=CARTESIAN_POINT('',(-0.884999999999991,0.200000000000006));
#4557=CARTESIAN_POINT('',(-0.884999999999991,-0.0494521895360062));
#4558=CARTESIAN_POINT('',(-0.884999999999991,-0.0353205256230063));
#4559=CARTESIAN_POINT('',(-0.857064278862,-0.018593133971006));
#4560=CARTESIAN_POINT('',(-0.802411954871,-5.60321273299326E-15));
#4561=CARTESIAN_POINT('',(-0.884999999999991,-0.200000000000006));
#4562=CARTESIAN_POINT('',(-0.884999999999991,-0.0494521895360062));
#4563=CARTESIAN_POINT('',(0.726983739118996,1.275031750064,0.915000023842008));
#4564=CARTESIAN_POINT('',(0.726983739118996,1.275031750064,1.06500002384167));
#4565=CARTESIAN_POINT('',(-0.884999999999991,-0.200000000000006));
#4566=CARTESIAN_POINT('',(-0.734999999999999,-0.200000000000005));
#4567=CARTESIAN_POINT('',(0.726983739118996,1.275031750064,1.06500002384167));
#4568=CARTESIAN_POINT('',(1.42698373911866,1.27503175006466,1.06500002384167));
#4569=CARTESIAN_POINT('',(-0.734999999999999,-0.200000000000005));
#4570=CARTESIAN_POINT('',(-0.734999999999994,-0.900000000000005));
#4571=CARTESIAN_POINT('',(-0.884999999999991,-0.899999999999006));
#4572=CARTESIAN_POINT('',(-0.734999999999994,-0.900000000000005));
#4573=CARTESIAN_POINT('',(-0.884999999999991,-1.79999999999901));
#4574=CARTESIAN_POINT('',(-0.884999999999991,-0.899999999999006));
#4575=CARTESIAN_POINT('',(-0.735000000000987,-1.79999999999901));
#4576=CARTESIAN_POINT('',(-0.884999999999991,-1.79999999999901));
#4577=CARTESIAN_POINT('',(2.326983739118,1.27503175006466,1.065000023841));
#4578=CARTESIAN_POINT('',(3.026983739118,1.275031750064,1.065000023841));
#4579=CARTESIAN_POINT('',(-0.735000000000987,-1.79999999999901));
#4580=CARTESIAN_POINT('',(-0.735000000000983,-2.49999999999901));
#4581=CARTESIAN_POINT('',(3.026983739118,1.275031750064,1.065000023841));
#4582=CARTESIAN_POINT('',(3.02698373911725,1.275031750064,0.915000023841992));
#4583=CARTESIAN_POINT('',(-0.735000000000983,-2.49999999999901));
#4584=CARTESIAN_POINT('',(-0.884999999999991,-2.49999999999801));
#4585=CARTESIAN_POINT('',(-0.884999999999991,-2.65054781046201));
#4586=CARTESIAN_POINT('',(-0.884999999999991,-2.49999999999801));
#4587=CARTESIAN_POINT('',(-0.802411954870981,-2.69999999999901));
#4588=CARTESIAN_POINT('',(-0.857064278861981,-2.68140686602701));
#4589=CARTESIAN_POINT('',(-0.884999999999991,-2.66467947437501));
#4590=CARTESIAN_POINT('',(-0.884999999999991,-2.65054781046201));
#4591=CARTESIAN_POINT('',(-9.81123879050133E-13,-2.699999999999));
#4592=CARTESIAN_POINT('',(-0.802411954870981,-2.69999999999901));
#4593=CARTESIAN_POINT('',(3.8406294727273E-15,-0.55));
#4594=CARTESIAN_POINT('',(-9.81123879050133E-13,-2.699999999999));
#4595=CARTESIAN_POINT('',(-0.249999999999996,-0.550000000000002));
#4596=CARTESIAN_POINT('',(3.8406294727273E-15,-0.55));
#4597=CARTESIAN_POINT('',(-0.25,-1.7457406694215E-15));
#4598=CARTESIAN_POINT('',(-0.249999999999996,-0.550000000000002));
#4599=CARTESIAN_POINT('',(0.526983739118997,1.27503175006433,1.550000023842));
#4600=CARTESIAN_POINT('',(0.52698373911921,1.27503175006481,0.997588068971073));
#4601=CARTESIAN_POINT('',(-0.25,-1.7457406694215E-15));
#4602=CARTESIAN_POINT('',(-0.802411954871,-5.60321273299326E-15));
#4603=CARTESIAN_POINT('',(-1.599999999999,0.149999999999992));
#4604=CARTESIAN_POINT('',(-1.599999999999,9.88832893571204E-13));
#4605=CARTESIAN_POINT('',(2.326983739118,-0.0749682499359992,0.915000023841997));
#4606=CARTESIAN_POINT('',(3.02698373911733,-0.0749682499359992,0.915000023841992));
#4607=CARTESIAN_POINT('',(-1.599999999999,0.149999999999992));
#4608=CARTESIAN_POINT('',(-2.299999999998,0.149999999999992));
#4609=CARTESIAN_POINT('',(3.02698373911733,-0.0749682499359992,0.915000023841992));
#4610=CARTESIAN_POINT('',(3.026983739118,-0.0749682499359992,1.065000023841));
#4611=CARTESIAN_POINT('',(-2.299999999998,0.149999999999992));
#4612=CARTESIAN_POINT('',(-2.299999999999,9.83944819696823E-13));
#4613=CARTESIAN_POINT('',(3.026983739118,-0.0749682499359992,1.065000023841));
#4614=CARTESIAN_POINT('',(2.326983739118,-0.0749682499359992,1.065000023841));
#4615=CARTESIAN_POINT('',(-2.299999999999,9.83944819696823E-13));
#4616=CARTESIAN_POINT('',(-1.599999999999,9.88832893571204E-13));
#4617=CARTESIAN_POINT('',(-0.45,-1.599999999999));
#4618=CARTESIAN_POINT('',(-0.45,-2.95));
#4619=CARTESIAN_POINT('',(-1.149999999999,-1.6));
#4620=CARTESIAN_POINT('',(-0.45,-1.599999999999));
#4621=CARTESIAN_POINT('',(3.02698373911725,1.275031750064,0.915000023841992));
#4622=CARTESIAN_POINT('',(3.02698373911733,-0.0749682499359992,0.915000023841992));
#4623=CARTESIAN_POINT('',(-1.149999999999,-1.6));
#4624=CARTESIAN_POINT('',(-1.149999999999,-2.95));
#4625=CARTESIAN_POINT('',(-0.45,-2.95));
#4626=CARTESIAN_POINT('',(-1.149999999999,-2.95));
#4627=CARTESIAN_POINT('',(-2.95,-0.449999999999999));
#4628=CARTESIAN_POINT('',(-1.599999999999,-0.449999999999999));
#4629=CARTESIAN_POINT('',(-2.95,-1.15));
#4630=CARTESIAN_POINT('',(-2.95,-0.449999999999999));
#4631=CARTESIAN_POINT('',(3.026983739118,-0.0749682499359992,1.065000023841));
#4632=CARTESIAN_POINT('',(3.026983739118,1.275031750064,1.065000023841));
#4633=CARTESIAN_POINT('',(-2.95,-1.15));
#4634=CARTESIAN_POINT('',(-1.6,-1.15));
#4635=CARTESIAN_POINT('',(-1.599999999999,-0.449999999999999));
#4636=CARTESIAN_POINT('',(-1.6,-1.15));
#4637=CARTESIAN_POINT('',(0.,0.));
#4638=CARTESIAN_POINT('',(1.35,0.));
#4639=CARTESIAN_POINT('',(0.,-0.149999999999008));
#4640=CARTESIAN_POINT('',(0.,0.));
#4641=CARTESIAN_POINT('',(1.35,-0.149999999999008));
#4642=CARTESIAN_POINT('',(0.,-0.149999999999008));
#4643=CARTESIAN_POINT('',(1.35,0.));
#4644=CARTESIAN_POINT('',(1.35,-0.149999999999008));
#4645=CARTESIAN_POINT('',(0.300000000001,0.));
#4646=CARTESIAN_POINT('',(0.300000000001,0.149999999999992));
#4647=CARTESIAN_POINT('',(0.726983739118829,0.225031750064833,1.06500002384167));
#4648=CARTESIAN_POINT('',(0.726983739118996,1.275031750064,1.06500002384167));
#4649=CARTESIAN_POINT('',(0.300000000001,0.));
#4650=CARTESIAN_POINT('',(1.35,0.));
#4651=CARTESIAN_POINT('',(1.35,0.149999999999992));
#4652=CARTESIAN_POINT('',(1.35,0.));
#4653=CARTESIAN_POINT('',(0.726983739118996,1.275031750064,0.915000023842008));
#4654=CARTESIAN_POINT('',(0.726983739118829,0.225031750064833,0.915000023842008));
#4655=CARTESIAN_POINT('',(1.35,0.149999999999992));
#4656=CARTESIAN_POINT('',(0.300000000001,0.149999999999992));
#4657=CARTESIAN_POINT('',(3.14159265358979,0.608853150358101));
#4658=CARTESIAN_POINT('',(3.14159265358979,0.0564411954871007));
#4659=CARTESIAN_POINT('',(1.5707963267949,0.608853150358101));
#4660=CARTESIAN_POINT('',(2.12093135429043,0.536060009524095));
#4661=CARTESIAN_POINT('',(2.59145762609194,0.536060009504573));
#4662=CARTESIAN_POINT('',(3.14159265358979,0.608853150358101));
#4663=CARTESIAN_POINT('',(1.5707963267949,0.0564411954871005));
#4664=CARTESIAN_POINT('',(1.5707963267949,0.608853150358101));
#4665=CARTESIAN_POINT('',(3.14159265358979,0.0564411954871007));
#4666=CARTESIAN_POINT('',(1.5707963267949,0.0564411954871005));
#4667=CARTESIAN_POINT('',(0.45,1.599999999999));
#4668=CARTESIAN_POINT('',(0.45,2.949999999999));
#4669=CARTESIAN_POINT('',(1.149999999999,1.599999999999));
#4670=CARTESIAN_POINT('',(0.45,1.599999999999));
#4671=CARTESIAN_POINT('',(1.149999999999,2.949999999999));
#4672=CARTESIAN_POINT('',(1.149999999999,1.599999999999));
#4673=CARTESIAN_POINT('',(0.726983739118996,5.825031750063,0.915000023842008));
#4674=CARTESIAN_POINT('',(1.426983739118,5.825031750063,0.915000023842003));
#4675=CARTESIAN_POINT('',(1.149999999999,2.949999999999));
#4676=CARTESIAN_POINT('',(0.45,2.949999999999));
#4677=CARTESIAN_POINT('',(2.949999999999,0.449999999999001));
#4678=CARTESIAN_POINT('',(1.599999999999,0.449999999999001));
#4679=CARTESIAN_POINT('',(1.42698373911866,5.825031750063,1.06500002384167));
#4680=CARTESIAN_POINT('',(0.726983739118996,5.825031750063,1.06500002384167));
#4681=CARTESIAN_POINT('',(2.949999999999,0.449999999999001));
#4682=CARTESIAN_POINT('',(2.949999999999,1.149999999999));
#4683=CARTESIAN_POINT('',(1.599999999999,1.149999999999));
#4684=CARTESIAN_POINT('',(2.949999999999,1.149999999999));
#4685=CARTESIAN_POINT('',(1.599999999999,0.449999999999001));
#4686=CARTESIAN_POINT('',(1.599999999999,1.149999999999));
#4687=CARTESIAN_POINT('',(-0.699999999999001,-0.149999999999992));
#4688=CARTESIAN_POINT('',(-0.7,4.8880738743802E-15));
#4689=CARTESIAN_POINT('',(-1.04744440165284E-15,-0.149999999999992));
#4690=CARTESIAN_POINT('',(-0.699999999999001,-0.149999999999992));
#4691=CARTESIAN_POINT('',(0.,0.));
#4692=CARTESIAN_POINT('',(-1.04744440165284E-15,-0.149999999999992));
#4693=CARTESIAN_POINT('',(-0.7,4.8880738743802E-15));
#4694=CARTESIAN_POINT('',(0.,0.));
#4695=CARTESIAN_POINT('',(-0.300000000000001,0.149999999999992));
#4696=CARTESIAN_POINT('',(-0.3,-2.0948888033058E-15));
#4697=CARTESIAN_POINT('',(1.026983739119,-0.0749682499359992,0.915000023842006));
#4698=CARTESIAN_POINT('',(1.426983739118,-0.0749682499359992,0.915000023842003));
#4699=CARTESIAN_POINT('',(-0.300000000000001,0.149999999999992));
#4700=CARTESIAN_POINT('',(-0.699999999999001,0.149999999999992));
#4701=CARTESIAN_POINT('',(-0.7,-4.8880738743802E-15));
#4702=CARTESIAN_POINT('',(-0.699999999999001,0.149999999999992));
#4703=CARTESIAN_POINT('',(1.42698373911866,-0.0749682499359992,1.06500002384167));
#4704=CARTESIAN_POINT('',(1.026983739119,-0.0749682499359992,1.06500002384167));
#4705=CARTESIAN_POINT('',(-0.7,-4.8880738743802E-15));
#4706=CARTESIAN_POINT('',(-0.3,-2.0948888033058E-15));
#4707=CARTESIAN_POINT('',(1.149999999999,-2.649999999999));
#4708=CARTESIAN_POINT('',(0.849999999999,-2.95));
#4709=CARTESIAN_POINT('',(1.149999999999,-1.6));
#4710=CARTESIAN_POINT('',(1.149999999999,-2.649999999999));
#4711=CARTESIAN_POINT('',(0.45,-1.6));
#4712=CARTESIAN_POINT('',(1.149999999999,-1.6));
#4713=CARTESIAN_POINT('',(0.45,-2.95));
#4714=CARTESIAN_POINT('',(0.45,-1.6));
#4715=CARTESIAN_POINT('',(0.849999999999,-2.95));
#4716=CARTESIAN_POINT('',(0.45,-2.95));
#4717=CARTESIAN_POINT('',(-2.649999999999,1.149999999999));
#4718=CARTESIAN_POINT('',(-1.6,1.149999999999));
#4719=CARTESIAN_POINT('',(-2.95,0.849999999999001));
#4720=CARTESIAN_POINT('',(-2.649999999999,1.149999999999));
#4721=CARTESIAN_POINT('',(-2.95,0.449999999999001));
#4722=CARTESIAN_POINT('',(-2.95,0.849999999999001));
#4723=CARTESIAN_POINT('',(-1.599999999999,0.449999999999001));
#4724=CARTESIAN_POINT('',(-2.95,0.449999999999001));
#4725=CARTESIAN_POINT('',(-1.6,1.149999999999));
#4726=CARTESIAN_POINT('',(-1.599999999999,0.449999999999001));
#4727=CARTESIAN_POINT('',(-0.226703096539,0.167795992714003));
#4728=CARTESIAN_POINT('',(0.223132969034001,0.167795992714003));
#4729=CARTESIAN_POINT('',(-0.226703096539,-0.285610200363996));
#4730=CARTESIAN_POINT('',(-0.226703096539,0.167795992714003));
#4731=CARTESIAN_POINT('',(0.223132969034001,-0.285610200363996));
#4732=CARTESIAN_POINT('',(-0.226703096539,-0.285610200363996));
#4733=CARTESIAN_POINT('',(0.223132969034001,0.167795992714003));
#4734=CARTESIAN_POINT('',(0.223132969034001,-0.285610200363996));
#4735=CARTESIAN_POINT('',(5.0021087730967,1.5707963267949));
#4736=CARTESIAN_POINT('',(5.0021087730967,4.71238898038469));
#4737=CARTESIAN_POINT('',(1.876983739118,4.16967276621475,1.78000002384107));
#4738=CARTESIAN_POINT('',(1.876983739118,4.175031750064,1.800000023842));
#4739=CARTESIAN_POINT('',(5.0021087730967,1.5707963267949));
#4740=CARTESIAN_POINT('',(5.02281429670596,1.5707963267949));
#4741=CARTESIAN_POINT('',(5.02281429670596,4.71238898038469));
#4742=CARTESIAN_POINT('',(5.02281429670596,1.5707963267949));
#4743=CARTESIAN_POINT('',(1.876983739118,1.575031750064,1.800000023842));
#4744=CARTESIAN_POINT('',(1.876983739118,1.58039073391325,1.78000002384107));
#4745=CARTESIAN_POINT('',(5.02281429670596,4.71238898038469));
#4746=CARTESIAN_POINT('',(5.0021087730967,4.71238898038469));
#4747=CARTESIAN_POINT('',(5.00210877309669,1.5707963267949));
#4748=CARTESIAN_POINT('',(5.00210877309669,4.71238898038469));
#4749=CARTESIAN_POINT('',(5.02281429670596,1.5707963267949));
#4750=CARTESIAN_POINT('',(5.00210877309669,1.5707963267949));
#4751=CARTESIAN_POINT('',(5.02281429670596,4.71238898038469));
#4752=CARTESIAN_POINT('',(5.02281429670596,1.5707963267949));
#4753=CARTESIAN_POINT('',(5.00210877309669,4.71238898038469));
#4754=CARTESIAN_POINT('',(5.02281429670596,4.71238898038469));
#4755=CARTESIAN_POINT('',(0.,0.,0.));
#4756=(
GEOMETRIC_REPRESENTATION_CONTEXT(2)
PARAMETRIC_REPRESENTATION_CONTEXT()
REPRESENTATION_CONTEXT('pspace','')
);
ENDSEC;
END-ISO-10303-21;
